javanese,ground_truth,generated,bertscore
"Cepak saka hotelku nginep, namung digawa mlaku, ing kene akeh tenan pilian panganane, panggonane sing amba, lan nyenengake","Dekat dengan hotel saya menginap, hanya ditempuh jalan kaki, di sini banyak sekali pilihan makanannya, tempat yang luas, dan menyenangkan","Dekat dari hotel tempat saya menginap, ada banyak pilihan makanan, tempat yang nyaman, dan pemandangan yang indah.",0.9257727265357971
"Iya bener, deknen lagi jaga warung.","Iya benar, dia sedang jaga warung.","Iya benar, adikku sedang menjaga warung.",0.9706961512565613
Kangkunge lumayan nanging yuyu saus padange nguciwakake dhewe dikei yuyu sing kopong akhir dhewe ora mangan yuyune lan dibalekake.,Kangkungnya lumayan tapi kepiting saus padangnya mengecewakan kami dikasih kepiting yang kopong akhir kami tidak makan keptingnya dan dikembalikan.,"Kangkungnya lumayan enak, tetapi sayangnya ikan masnya kosong, akhirnya dia tidak makan ikannya dan dikembalikan.",0.8998645544052124
"Manggon nang braga city walk sing sak gedung karo aston lan fave hotel, panggon iki nyaman banget dinggo nyangkruk-nyrangkruk. Kopi campur teh sing anyar lagek pisan iki aku njajal tibake enak banget, dipadu karo endog setengah mateng dadi kanca jagongan karo kanca-kanca. Panggon sing bebas rokokan tambah nyenengne karo nikmati pemandangan wira-wiri wong-wong sing mlebu metu mal iki.","Bertempat di braga city walk yang satu gedung dengan aston dan fave hotel, tempat ini sangat nyaman buat kongkow-kongkow. Kopi campur teh yang baru pertama kali saya nikmati ternyata sangat enak, dipadu dengan telur setengah matang menjadi pendamping mengobrol bersama teman-teman. Area yang bebas merokok semakin mengasyikkan sambil menikmati pemandangan lalu lalang orang-orang yang keluar masuk mal ini.","Saya sangat merekomendasikan tempat ini untuk bersantai. Kopi dan teh yang segar sekali ini saya coba rasanya sangat enak, apalagi dipadukan dengan telur setengah matang menjadi teman ngobrol yang asyik bersama teman-teman. Tempat yang bebas rokok ini tambah menyenangkan dengan menikmati pemandangan orang-orang yang masuk dan keluar dari mal ini.",0.9059566855430603
"Gianyar nompo bantuan sosial 2018 gedene rp 44, 9 milyat","Gianyar terima bantuan sosial 2018 sebesar rp 44, 9 miliar","Gianyar menerima bantuan sosial sebesar Rp 44,9 miliar pada tahun 2018.",0.9068285226821899
Iki salah siji conto generasi sing ora kangge. Ora malah migunani dinggo bangsa nanging malah dadi sesuatu sing mbahayani dinggo bangsa! Mantep jeraten ae nggawe uu ite,Ini salah satu contoh generasi yang tidak berguna. Bukan malah bermanfaat untuk bangsa tapi malah jadi sesuatu yang berbahaya bagi bangsa! Mantap jerat saja pakai uu ite,"Ini salah satu contoh generasi yang tidak berguna. Tidak hanya tidak bermanfaat bagi bangsa, tetapi malah menjadi sesuatu yang membahayakan bagi bangsa! Benar-benar menjerumuskan saja membuat undang-undang itu.",0.9273874759674072
"Sore konco, wektu iki lagi dilakokne pemeliharaan dadi aplikasi ora isa diakses.","Sore sahabat, saat ini sedang dilakukan pemeliharaan sehingga aplikasi tidak dapat diakses.","Selamat sore, teman-teman. Saat ini, aplikasi sedang dalam pemeliharaan, sehingga tidak dapat diakses.",0.9398528337478638
Tenan ringkih dhewe iki aku uga jiden saktenane,Memang lemah kita ini aku juga penakut sebenarnya,"Benar, benda rapuh ini juga aku pegang dengan hati-hati.",0.8630180358886719
"Terakhir nyang hanamasa regane 120 ewu / wong. Nanging puase luwih saka iku. Isa njupuk panganan sakpuase, nanging rasa ora nggelakne, pinter-pintere awakdewe ae ngeracik dewe. Lak penggemar daging sapi mesti seneng mrene","Terakhir ke hanamasa harganya 120 ribu / orang. Tapi puasnya lebih dari itu. Bisa ambil makanan sepuasnya, tapi rasa tidak mengecewakan, pintar-pintar kita saja meracik sendiri. Kalau penggemar daging sapi pasti suka ke sini","Terakhir yang hemat harganya 120 ribu / orang. Tapi puasanya lebih dari itu. Bisa mengambil makanan sepuasnya, tapi rasa tidak mengecewakan, pintar-pintarnya sendiri meracik sendiri. Kalau penggemar daging sapi pasti senang di sini.",0.9702959060668945
"Kanggo menyang ing the peak mesthi wae karasa adoh banget saka pusat kutha bandung, lan aksese sing lumayan mbingungake lan dalan cilike mbelak-mbelok. Nanging kowe bisa ora bakal kesasar amarga meh ing saben enggokan ana tanda marang ing the peak. Panggonane apik banget kanggo kowe sing nggolek suasana mbengi romantis, kanthi pemandangan mbengi kutha sing apik tenan.","Untuk menuju ke the peak memang terasa sangat jauh dari pusat kota bandung, dan aksesnya yang agak membingungkan dan jalan kecil berkelok-kelok. Namun anda mungkin tidak akan tersesat karena hampir di tiap belokan ada signage menuju ke the peak. Tempatnya sangat bagus untuk anda yang mencari suasana malam romantis, dengan pemandangan malam kota yang menakjubkan.","Untuk mencapai puncaknya memang terasa jauh dari pusat kota Bandung, dan aksesnya cukup membingungkan dengan jalan-jalan sempit yang berkelok-kelok. Namun, Anda tidak akan tersesat karena di setiap sudut ada petunjuk arah ke puncak. Tempat ini sangat cocok untuk Anda yang mencari suasana malam yang romantis, dengan pemandangan malam kota yang sangat indah.",0.950198233127594
Kebon raya bogor isa didadekne salah siji tujuan destinasi wisata,Kebun raya bogor bisa dijadikan salah satu tujuan destinasi wisata,Kebun Raya Bogor dapat dijadikan salah satu tujuan destinasi wisata.,0.9609383344650269
"The peak panggone ning cedeke lembang, waratan duwur ning bandung sing adem lan panggone sing apik banget nanging dalan ngge moro panggonan iki kelok-kelok banget lan tikungan landep lan curam, ora disarane dingge motoran pas udan-udan lan wengi. Ning the peak ana nggen mangan sing pemandangane kutha bandung sing indah saka nggunung, rega panganane sing larang banget lan ora sumbut.","The peak berlokasi di dekat lembang, dataran tinggi di bandung yang sejuk dan lokasi yang sangat baik namun jalan untuk mencapai tempat ini sangat berkelok disertai tikungan tajam nan curam, tidak disarankan untuk berkendara saat hujan dan malam hari. Di the peak terdapat restoran dengan pemandangan kota bandung yang indah dari perbukitan, harga makanan yang sangat mahal dan sangat tidak sesuai.","Puncak ini terletak di dekat Lembang, merupakan tempat yang sejuk dan memiliki pemandangan yang sangat indah, tetapi jalan menuju lokasi ini sangat berkelok-kelok dan memiliki tikungan yang landai dan curam, sehingga tidak disarankan untuk berkendara motor saat hujan dan malam hari. Di Puncak ini ada beberapa tempat makan yang menawarkan pemandangan kota Bandung yang indah dari atas gunung, tetapi harganya sangat mahal dan tidak ramah di kantong.",0.930825412273407
Aku kapok nganggo jasa lion air,Saya kapok menggunakan jasa lion air,Aku kapok menggunakan jasa Lion Air.,0.9234257340431213
Akeh bab sing isa dhewe tindakake kanggo ngisi wektu luwang.,Banyak hal yang dapat kita lakukan untuk mengisi waktu luang.,Banyak bab yang bisa dilakukan sendiri untuk mengisi waktu luang.,0.9561059474945068
Saya apatis ngelaporake bab-bab kaya iki. Amarga nganti minggu wingi isih tetep hurung digarap. Mung janji-janji terus.,Semakin apatis melaporkan hal-hal seperti ini. Karena sampai minggu lalu masih tetap belum dikerjakan. Hanya janji-janji terus.,Saya apatis melaporkan masalah seperti ini. Karena sampai minggu lalu masih belum ditangani. Hanya janji-janji terus.,0.9534080028533936
Rega dhuwur banget porsi sithik banget ora janji maneh aku teko kanggo kepindho. Panganane ora beda adoh karo emakku dong!,Harga selangit porsi seiprit tidak janji lagi saya datang untuk yang kedua kali. Masakannya tidak beda jauh sama ema saya dong!,Harganya sangat mahal porsinya sangat sedikit tidak akan kembali aku dari sini untuk makan. Makanannya tidak berbeda jauh dengan ibuku!,0.878808319568634
"Anyar lan kashediya, 5 sekat mangan awan kotak kotak mangan yooyee kotak bekal anti bocor 590","Baru dan tersedia, 5 sekat makan siang kotak kotak makan yooyee kotak bekal anti bocor 590","Baru dan berkualitas, 5 sekat makan piring kotak makan yoyee kotak bekal anti bocor 590",0.9749757051467896
"Ora ngerti ya kenangapa resto iki manggoni ranking 12 saka 1800an resto sing ana ing jakarta. Regane larang! Panggonane ndhelik, lan rasa panganane biasa bae. Aja percaya banget karo review sing nyesatake.","Tidak mengerti ya kenapa resto ini menduduki peringkat 12 dari 1800an resto yang ada di jakarta. Harga mahal! Lokasi tersembunyi, dan rasa makanan biasa saja. Jangan terlalu percaya sama review yang menyesatkanlah.","Tidak paham ya kenapa restoran ini mendapat peringkat 12 dari 1800 restoran di Jakarta. Harga mahal! Tempatnya sempit, dan rasa makanannya biasa saja. Jangan percaya sepenuhnya dengan ulasan yang menyesatkan.",0.9480345845222473
Bledosan ning aksi protes ning afghanistan mateni wong 68,Ledakan dalam aksi protes di afghanistan tewaskan 68 orang,Ledakan selama protes di Afghanistan menewaskan 68 orang.,0.938857913017273
"Aku teka marang restoran kuwi bareng karo kancaku. Kancaku kakehan kaget ndhelok pemandangane sing apik tenan ing mbengi. Aku ndhuweni kasempatan njajal stik impore, enak tenan apa maneh sause. Mmm yummi. Yen ana kasempatan aku pengen teka maneh marang kana.","Saya berkunjung ke restoran itu bersama dengan teman saya. Teman saya kebanyakan terkejut melihat pemandangannya yang sangat indah di malam hari. Saya berkesempatan mencoba steak impornya, sangat enak apalagi sausnya. Mmm yummi. Kalau ada kesempatan saya ingin berkunjung lagi ke sana.","Saya pergi ke restoran itu bersama teman saya. Teman saya sangat terkejut melihat pemandangan yang sangat indah di malam hari. Saya berkesempatan untuk mencoba steak impor, rasanya sangat enak, apalagi sausnya. Mmm lezat. Jika ada kesempatan, saya ingin pergi ke sana lagi.",0.9764112234115601
Akses menyang dusun bambu isa ditekani kira-kira ing wektu 1 - 2 jam nganggo mobil pribadi. Mara menyang dusun bambu diusahakake pas wektu wengi amarga awake dhewe isa ndelok cetha pemandangan sing ana lan wektu sing pas kanggo mangan wengi.,Akses menuju dusun bambu bisa ditempuh kira-kira dalam waktu 1 - 2 jam menggunakan mobil pribadi. Berkunjung ke dusun bambu diusahakan saat petang hari karena kita dapat melihat jelas pemandangan yang ada dan waktu yang pas untuk makan malam.,Akses menuju desa bambu dapat ditempuh sekitar 1-2 jam menggunakan mobil pribadi. Datanglah ke desa bambu pada waktu malam karena Anda sendiri dapat melihat pemandangan indah yang ada dan waktu yang tepat untuk makan malam.,0.9417822957038879
"Panganane oke padha karo xo suki liyane. Nanging sanajan dina prei gedhe kaya badha iki udhu artine meseme prei lan pesenan ombe, lan liya-liyane kudu mesen ping akeh. Tulung dijaga kepuasan pelanggane. Matur suwun,","Makanan oke sama seperti xo suki lainnya. Tetapi walaupun hari libur besar seperti lebaran ini bukan berarti senyumnya libur dan order minum, dan lain-lain harus order berkali-kali. Tolong di jaga kepuasan pelanggannya. Terima kasih.","Makanan Anda oke sama dengan yang saya sukai. Meskipun pada hari libur besar seperti ini ada arti tersendiri untuk libur dan pesanan khusus, dan yang lainnya harus memesan banyak. Tolong jaga kepuasan pelanggan. Terima kasih,",0.9113558530807495
"Restoran iki yaiku panggon kuliner sing wajib diparani umpama nyang bandung. Ora mung panganane sing manjakne ilat panganan sunda banget, restoran iki uga dibangun nganggo konsep mangan santai ning jero kali dadi nawarne pengalaman kuliner sing berkesan banget. Kudu dijajal dinggo sopo ae sing nyang bandung.","Restoran ini adalah sebuah destinasi kuliner yang wajib dikunjungi bila ke bandung. Selain makanan yang sangat memanjakan lidah makanan sunda, restoran ini juga dibangun dengan konsep makan santai di dalam saung yang dikelilingi alam hutan dan pegunungan yang dihias pepohonan rindang dan dihibur oleh gemericik air sungai sehingga menawarkan pengalaman kuliner yang teramat mengesankan. Harus dicoba bagi siapapun yang ke bandung.","Restoran ini adalah tempat makan yang wajib dikunjungi jika Anda berada di Bandung. Tidak hanya menyajikan makanan khas Sunda yang lezat, restoran ini juga dibangun dengan konsep makan santai di atas sungai sehingga menawarkan pengalaman kuliner yang tak terlupakan. Wajib dicoba untuk siapa saja yang berada di Bandung.",0.9097603559494019
Mbalik ngaktifne paket data indosat merga isa akses youtube unlimited.,Kembali mengaktifkan paket data indosat karena dapat akses youtube unlimited.,Mengaktifkan paket data Indosat agar bisa mengakses YouTube tanpa batas.,0.9477887749671936
Aku nembe ngerti ketemu kancaku sek makarya nang trans tv,Saya baru saja bertemu teman saya yang bekerja di trans tv,Baru saja saya bertemu teman saya yang bekerja di Trans TV.,0.9644121527671814
"Omah mangan ning dalan anggrek iki nduwe keistimewaan jenis seafood sing rena-rena lan ana sing isih urip dinggo dipilih lan dimasak pas kuwi uga. Rena-rena jenis panganan isa dipilih lan wektu ngenteni sing sediluk nggarai adewe ora tek kesuwen keluwen ngenteni. Menu kerapu kukuse enak banget lan gurih, apa meneh lak dimasak karo iwak sing isih seger. Lokasine lumayan adem, regane mirah.","Rumah makan di jalan anggrek ini memiliki keistimewaan jenis seafood yang beragam dan ada yang masih hidup untuk dipilih dan dimasak saat itu juga. Berbagai jenis masakan dapat dipilih dan waktu tunggu yang singkat membuat kita tidak terlalu lama kelaparan menunggu. Menu kerapu kukusnya sangat enak dan gurih, apalagi bila dimasak dengan ikan yang masih segar. Lokasi cukup sejuk, harga murah.","Restoran ini memiliki keistimewaan jenis makanan laut yang segar-segar dan masih hidup untuk dipilih dan dimasak saat itu juga. Berbagai jenis makanan dapat dipilih dan saat menunggu yang menyajikan tidak akan membuat Anda bosan menunggu. Menu ikan kerapu kukusnya sangat enak dan gurih, apalagi saat dimasak dengan ikan yang masih segar. Lokasinya cukup sejuk, harganya terjangkau.",0.9505913853645325
"Kaya biasane awakdewe mesti golek kuliner sing liya timbangane sing liyane, awakdewe entuk ning panggen iki yaiku the restaurant padma hotel. Awakdewe pesen menu sing ana. Ana saka indonesia, eropa lan cina, tibake kabeh masakane enak kabeh.","Seperti biasa kami selalu mencari kuliner yang lain daripada yang lain, dapatlah kami di tempat ini yaitu the restaurant padma hotel. Kami memesan menu yang ada. Ada dari indonesia, eropa dan chinese, ternyata semua masakannya enak semuanya.","Seperti biasanya saya harus mencari kuliner yang lain daripada yang lain, saya menemukan restoran ini yaitu restoran hotel Padma. Saya memesan menu yang ada. Ada dari Indonesia, Eropa dan Cina, ternyata semua masakannya enak.",0.9603120684623718
Iya kuwi sing nggawe aku kesel. Iki udu salahe sing ngelamar nanging jelas 100% salahe pihak sing ana ing ndhuwur sing embuh piye carane dheweke koordinasi. Nyesek aku kuwi sanajan iki kasus kancaku sing ing lampung.,Iya itu yang bikin saya kesal. Ini bukan kesalahan sang pelamar tapi jelas 100% kesalahan pihak yang di atas yang entah bagaimana cara mereka berkordinasi. Nyesek saya itu walaupun ini kasus teman saya yang di lampung.,"Ya, itu yang membuatku kesal. Ini bukan salah yang melamar tetapi jelas 100% salah pihak yang ada di atas yang tidak tahu bagaimana caranya mereka berkoordinasi. Nyesek aku ini, walau ini kasus teman saya yang di Lampung.",0.9532476663589478
"Pelayanane cukup suwi, nanging suwasanane sing diwenehi apik lan unik, dadi karo ngenteni panganan isa nikmati suwasana ing restoran iki, menu sing disajikake aneka werna lan enak,","Pelayanannya agak lama, tetapi suasana yang diberikan keren dan unik, jadi sambil menunggu makanan bisa menikmati suasana di resto ini, menu yang disajikan beragam dan enak,","Pelayanannya cukup lama, tetapi suasana yang diberikan bagus dan unik, jadi meskipun menunggu makanan bisa menikmati suasana di restoran ini, menu yang disajikan beraneka warna dan enak,",0.9764060974121094
"Panganan ing kene enak-enak kanthi akeh variasine. Kabehane enak kanthi pemandangan apik. Pelayanane sing maksimal saka mbak diah lan gina saka ngewiwiti teka nganti rampung, dilayani kanthi apik tenan.","Makanan di sini enak-enak dengan banyak variasi. Semuanya enak dengan pemandangan bagus. Pelayanan yang maksimal dari mbak diah dan gina dari awal datang sampai selesai, dilayani dengan sangat baik.","Makanan di sini enak-enak dengan banyak variasi. Semuanya enak dengan pemandangan yang indah. Pelayanannya yang maksimal dari Mbak Diah dan Gina dari mulai datang sampai selesai, dilayani dengan sangat baik.",0.9730048179626465
"Ana ing ajang piala dunia 2018 sesuk, telkomsel njupuk bagian minangka pandukung penyiaran resmi ing perhelatan sepak bola donya kasebut.","Dalam ajang piala dunia 2018 nanti, telkomsel mengambil bagian sebagai pendukung penyiaran resmi dalam perhelatan sepak bola dunia tersebut.","Pada ajang Piala Dunia 2018 nanti, Telkomsel mengambil bagian sebagai pendukung penyiaran resmi dalam perhelatan sepak bola dunia tersebut.",0.9856349229812622
De'e biasane tuku tisu paseo,Dia biasanya membeli tisu paseo,Dia biasanya membeli tisu basah.,0.9042484164237976
"Buse ora nyaman, mbak, ora sumbut karo sing diomongne bosmu, urung maneh panganane kurang enak banget, terus panggon wisata tujuane sing nggelakne:","Busnya tidak nyaman, mbak, tidak sesuai dengan yang diomongin atasan Anda, belum lagi makanannya kurang enak banget, lalu tempat wisata tujuannya yang mengecewakan:","Busnya tidak nyaman, Kak, tidak sesuai dengan yang dibicarakan bosmu, makanannya kurang enak lagi, dan pemandu wisatanya membuat kita tertawa:",0.9270851016044617
"Cukup gampang golek lokasi iki, mung ngikuti wae arah menyang tengah kota. Mengko ning kiwa dalan ketok parkiran mobil sing cukup akeh, nengkono panggonan kafe iki. Rasane kafe iki pancen arang sepi, pengunjunge akeh banget.","Cukup mudah mencari lokasi ini, tinggal mengikuti saja arah ke tengah kota. Nanti di kiri jalan terlihat parkiran mobil yang cukup banyak, disitulah tempat kafe ini. Rasanya kafe ini memang jarang sepi, banyak sekali pengunjung.","Cukup mudah menemukan lokasi ini, ikuti saja arah ke pusat kota. Nanti di sebelah kiri jalan ada area parkir mobil yang cukup luas, di sinilah letak kafe ini. Rasanya kafe ini memang agak sepi, pengunjungnya sangat banyak.",0.9688820242881775
"Gela aku karo provider iki, nganti sebel, nesu, emosi, aku metu, gara gara, sinyal sing ora bener.","Kecewa saya dengan provider ini, sampai kesal, marah, emosi, saya keluar, gara gara, sinyal yang tidak benar.","Saya marah dengan penyedia layanan ini, sampai-sampai saya kesal, marah, emosi, saya meledak, karena, sinyal yang tidak baik.",0.946742594242096
"Sarung bantal, seprei lan slimute uwis ora putih...terus temboke wes akeh lumut..","Sarung bantal, seprai dan selimutnya tidak lagi putih...trus dindingnya sudah banyak lumut..","Sarung bantal, seprai, dan selimut sudah tidak putih lagi... lalu bau bantal sudah banyak lumutnya..",0.9716005921363831
"Lan pas dheweke teka, saya rusak wae iki acara. Gilo banget aku karo dheweke, asli! Ngapuro yoo aku ora seneng banget karo dheweke","Dan ketika dia tiba, makin rusak saja ini acara. Jijik banget gue sama dia, asli! Maaf yaah gue enggak suka banget sama dia","Dan pas dia datang, saya merusak acara ini. Saya sangat benci dia, sungguh! Maafkan saya, saya tidak terlalu menyukainya.",0.9135127663612366
"Dhewe ana acara mangan mbengi wektu kuwi, es krime ora dipisah karo espresso dadi ora isa nyampur sing cocok karo selerane awakedhewe. Salmon steake uga kurang seger, kulit salmone atos, ketoke suwi ing kulkas utawa freezer. Sanajan iku menu utama sing kudune enak.","Kami ada acara makan malam waktu itu, ice krimnya tidak dipisahkan dengan espresso jadi tidak bisa mencampur sesuai selera masing-masing. Salmon steaknya juga kurang segar, kulit salmonnya keras, keliatannya lama di kulkas atau freezer. Padahal itu menu utama yang seharusnya enak.","Di acara makan malam saat itu, es krim tidak dipisahkan dengan espresso sehingga tidak bisa tercampur dengan baik sesuai selera masing-masing. Steak salmon-nya juga kurang segar, kulit salmonnya terasa keras, sepertinya sudah lama berada di dalam kulkas atau freezer. Padahal itu adalah menu utama yang seharusnya enak.",0.9598842263221741
"Panggonane gampang ditemukake. Resik lan higienis, pelayanane apik, dhewe bisa diskusi babagan panganan kang kasadia. Asik.","Tempatnya mudah ditemukan. Bersih dan higienis, pelayanannya bagus, kita bisa diskusi tentang masakan yang tersedia. Asik.","Tempatnya mudah ditemukan. Bersih dan higienis, pelayanannya baik, kita bisa berdiskusi tentang makanan yang disediakan. Seru.",0.9770745038986206
Buffet mangan mbengi paling top. Regane pas karo sing dientukake. Rasane enak piliane akeh. Regane kadang didiskon yen teko rombongan. Sukses terus ya.,Buffet makan malam paling top. Harga sesuai yang didapat. Rasanya enak pilihannya banyak. Harga kadang didiskon jika datang rombongan. Sukses selalu ya.,Buffet makan malam paling top. Harga sesuai dengan yang disajikan. Rasanya enak dan pilihan banyak. Harga kadang didiskon jika datang dalam kelompok. Sukses terus ya.,0.9786345362663269
Panggon sing apik yen dinikmati wengi. Cukup nyaman. Ragane lumayan murah. Senenganku stik tenderloine. Cukup enak.,Tempat yang bagus kalau dinikmati malam hari. Cukup nyaman. Harga cukup terjangkau. Favorit saya steak tenderloinnya. Cukup enak.,Pemandangan yang indah jika dinikmati malam hari. Cukup nyaman. Harga cukup terjangkau. Favoritku adalah stik tenderloin. Cukup enak.,0.9603413343429565
"Njajal kanggo buka puasa ing kene. Kanggo rega sing kagolong larang ana ing antara hotel berbintang sakelasae, rasa sing ditawakake tenan nguciwakake. Pastane ora ana rasane, panganan liyane uga ora ana rasane. Beda tenan karo apa sing biasa ditawakake. Lan pelayanane uga kurang profesional pas ngelakoni pembayaran nganggo kartu kredit.","Mencoba untuk buka puasa di sini. Dengan harga yang tergolong mahal di antara hotel berbintang sekelasnya, rasa yang ditawarkan sangat mengecewakan. Pastanya hambar, makanan lain juga hambar. Sangat berbeda dengan apa yang biasa ditawarkan. Dan pelayanan juga kurang profesional pada saat melakukan pembayaran dengan mengunakan kartu kredit.","Saya mencoba berbuka puasa di sini. Untuk harga yang tergolong mahal di antara hotel-hotel berbintang sekelasnya, rasa yang ditawarkan benar-benar mengecewakan. Pastanya tidak berasa, makanan lainnya juga tidak berasa. Sangat berbeda dengan apa yang biasanya ditawarkan. Layanan mereka juga kurang profesional saat melakukan pembayaran menggunakan kartu kredit.",0.9623774290084839
"Aku uga bingung loh, sing ndukung tokoh kuwi meh kabeh setipe bisane mung ngenyek-ngenyek, fitnah, tembung-tembung kasar, nyebarna isu ngapusi, ngutamakake emosi, akal sehate ora pernah dinggo.","Gue juga bingung loh, pendukung tokoh itu hampir semuanya setipe bisanya cuma maki-maki, fitnah, kata-kata kasar, menyebar isu bohong, mengutamakan emosi, akal sehat tidak pernah dipakai.","Saya juga bingung, yang mendukung tokoh itu semua sepertinya hanya mampu menghina, memfitnah, menggunakan kata-kata kasar, menyebarkan isu bohong, memprioritaskan emosi, dan tidak pernah menggunakan akal sehat.",0.9272205233573914
"Omah mangan nusa indah saiki gelakne ah. Reget, uwong ditokne wae ngrokok ning ruangan nggo ac, pangganan suwe tekane.","Rumah makan nusa indah sekarang mengecewakan ah. Kotor, orang didiamkan saja merokok di ruangan ber ac, makanan lama datangnya.","Rumah makan Nusa Indah sekarang sudah tidak seperti dulu. Asap rokok di mana-mana, orang-orang merokok di ruangan ber-AC, dan pelayanan sangat lambat.",0.8890491127967834
Nadia nggoleki hem kanggo adike ning uniqlo,Nadia mencari kemeja untuk adiknya di uniqlo,Nadia mencari kemeja untuk adiknya di Uniqlo.,0.9521216154098511
"101 dalmatians: The series yaiku seri kartun tipi sing digawe karo disney television animation, kerjo bareng karo jumbo pictures.","101 dalmatians: The series adalah sebuah seri animasi televisi yang diproduksi oleh disney television animation, bekerja sama dengan jumbo pictures.","101 Dalmatians: The Series adalah serial kartun televisi yang diproduksi oleh Disney Television Animation, bekerja sama dengan Jumbo Pictures.",0.9367520213127136
Kantor kang nyambungake korsel - korut dibuka pekan iki,Kantor penghubung korsel - korut dibuka pekan ini,Kantor yang menghubungkan Korsel dan Korut dibuka minggu ini,0.9061455726623535
Menehi berkah bareng sinde! Etukna 50 paket umroh saben tuku minimal rp 15.000 ning alfamart.,Berbagi berkah bersama sinde! Dapatkan 50 paket umroh setiap pembelian minimal rp 15.000 di alfamart.,Memberikan berkah bersama teman-teman! Dapatkan 50 paket umroh setiap pembelian minimal Rp 15.000 di Alfamart.,0.944223940372467
"Tuku kaos, topi utawa jam tangan ning lapak monoton roomstore busa ditawa khusus nganggo aplikasi ning hape bosku.","Beli kaos, topi atau jam tangan di lapak monoton roomstore bisa diego khusus pakai aplikasi di hape boskuh.","Beli kaos, topi, atau jam tangan di toko monoton roomstore bisa diskon khusus dengan menggunakan aplikasi di ponselku.",0.9436830282211304
"Aplikasi google maps akeh paedahe, aku puas nganggone!","Aplikasi google maps sangat bermanfaat, saya puas menggunakannya!","Aplikasi Google Maps sangat membantu dalam perjalanan, saya puas menggunakannya!",0.963432788848877
"Kanggo malem minggu ing kene pasangan diwenehi panggonan sing ora kapenak, amarga pas uwong lewat ing kana panggonane dhewe obah-obah, luwih pase mirip kaya warung pinggir dalan. Ora sesuai karo rega panganane sing disajikake, kudune pasangan uga diwenehi panggonan sing apik uduk sembarang nerima tamu lan dideleh ing panggonan kaya kuwi.","Untuk malam minggu di sana pasangan diberi tempat yang tidak nyaman, karena saat orang lewat di sana tempat kami goyang-goyang, lebih tepatnya mirip seperti warung pinggir jalan. Tidak sesuai dengan harga makanan yang disajikan, seharusnya pasangan juga diberi tempat yang bagus bukan sembarang terima tamu dan taruh di tempat seperti itu.","Untuk malam minggu di tempat ini, pasangan-pasangan diberikan tempat duduk yang tidak nyaman, karena saat orang lewat di dekat tempat duduk tersebut, tubuh mereka bergoyang-goyang, lebih mirip seperti warung pinggir jalan. Tidak sesuai dengan harga makanan yang disajikan, seharusnya pasangan-pasangan juga diberikan tempat duduk yang baik, tidak sembarangan menerima tamu dan tidak dideletakkan di tempat seperti itu.",0.9400253295898438
Menu panganan cukup rena-rena lan nggarai sir mesen kabeh. Mirah? Jelas ae!,Menu makanan cukup bervariasi dan bikin mau dipesan semuanya. Murah? Pastinya!,Menu makanan cukup bervariasi dan membuat saya ingin memesan semuanya. Enak? Tentu saja!,0.9390643835067749
Bagikno sak akeh-akehe. Ben wong iki diproses. Kangen ndelok video njaluk sepiro karo nangis-nangis terus wadul nyang mbok e terus omong lak perlakuane kuwi ora sengaja.,Bagikan sebanyak-banyaknya. Biar ini orang diproses. Kangen melihat video minta maaf sambil nangis-nangis lalu ngadu ke emak lalu bilang kalau perlakuan itu tidak sengaja.,Bagaimana kalau kita bagikan semuanya? Biarkan orang ini diproses. Saya merindukan menonton video meminta maaf dan menangis terus-menerus lalu mengadu kepada ibunya dan terus mengatakan bahwa perlakuan itu tidak disengaja.,0.9093579053878784
"Soto kudus iki anane ning pinggir dalan, kaping pisan arep mangan rada ora mantep uga sih. Amarga pengen ngerti rasa kudus yo dijajal sek. Ee saktenane uga enak lho, lan ana uga pilihan kanggo nyampurake, pokoke enak tenan. Regane murah pol deh. ","Soto kudus ini adanya di kaki lima, pertama kali mau makan agak ragu juga sih. Karena ingin tahu rasa kudus ya dicoba dulu. Ee ternyata enak juga lho, dan ada juga pilhan untuk mencampurnya, pokoknya enak sekali deh. Harganya murah meriah deh.","Soto kudus ini lokasinya di pinggir jalan, jadi kalau mau makan agak tidak nyaman sih. Karena ingin tahu rasanya ya dicoba saja. E, ternyata enak juga, dan ada juga pilihan untuk dicampur, pokonya enak sekali. Harga murah banget deh.",0.9386743307113647
Olahraga wengi isa dadi pilihan kanggo ngisi wektu lowong.,Olahraga di malam hari dapat menjadi pilihan untuk mengisi waktu luang.,Olahraga malam bisa menjadi pilihan untuk mengisi waktu luang.,0.9821487069129944
Restoran seafood. Menu spesiale yuyu sing dipangan karo kulite. Kanggo aku kurang enak. Kulite isih rada atos. Pelayanane biasa-biasa bae.,Restoran seafood. Menu spesialnyanya kepiting yang dimakan dengan kulitnya. Untuk saya kurang enak. Kulitnya masih agak keras. Pelayanannya biasa-biasa saja.,Restoran seafood. Menu spesial ikan yang dimakan dengan kulit. Bagi saya kurang enak. Kulitnya masih agak lembek. Pelayanannya biasa saja.,0.9614652395248413
"Enak lumayan, nanging regane larang amarga porsine luwih sithik. Ana pilihan infused kangen water sek cukup kanggo 4 uwong","Enak lumayan, tapi harganya mahal karena porsinya sedikit kecil. Ada pilihan infused kangen water yang cukup untuk 4 orang","Rasa cukup enak, tetapi harganya mahal karena porsinya kecil. Ada pilihan air kangen infused yang cukup untuk 4 orang.",0.966517448425293
"Dinggo daerah banda aceh lan sekitare sik lancar, ora ana gangguan blas.","Untuk daerah banda aceh dan sekitarnya masih lancar, tidak ada gangguan sama sekali.","Kondisi di wilayah Banda Aceh dan sekitarnya tetap lancar, tidak ada gangguan sama sekali.",0.9488113522529602
Emosi karo gojek sing kerep nyasar yen arep menyang omahku.,Emosi dengan gojek yang selalu nyasar kalau mau ke rumah saya.,Emosi dan frustrasi dengan pengemudi Gojek yang sering salah arah saat menuju ke rumahku.,0.9280638694763184
"Kafe sing nyaman, enak lan murah kanthi desain kafe sing unik lan marakna krasan. Panganan enak lan kopi enak lan fasilitas wifi sing cepet lan tv kabel","Kafe yang nyaman, enak dan murah dengan desain kafe yang unik dan bikin betah. Makanan enak dan kopi enak serta fasilitas wifi yang cepat dan tv kabel","Kafe yang nyaman, enak, dan murah dengan desain kafe yang unik dan ramai membuat betah. Makanan enak dan kopi enak serta fasilitas wifi yang cepat dan tv kabel.",0.9848142862319946
"Uwis sewulan luwih ora mangan indomie, sakpisane mangan langsung nggawe rong porsi indomie goreng jumbo.","Sudah sebulan lebih tidak makan indomie, sekalinya makan langsung bikin dua porsi indomie goreng jumbo.","Sudah sebulan lebih tidak makan Indomie, sekalinya makan langsung membuat dua porsi Indomie goreng jumbo.",0.9932574033737183
"Mangan sikil wedus bagian pupu sing empuk lan lumayan gedhi dinggo ukuran medium, pas dingge wong siji, mangan tanpa sega, karo es lemon tea. Seger kurange mung panggone kebul-kebul, wajar kan jenenge uga wedus bakar hehehe","Makan kaki kambing paha yang empuk dan lumayam besar untuk ukuran medium, pas untuk satu orang, makan tanpa nasi, dengan es lemon tea. Segar kekurangannya hanya tempatnya berasap, wajar kan namanyan jg kambing bakar hehehe","Makan kaki kambing bagian pantat yang empuk dan lumayan besar digunakan untuk ukuran medium, pas untuk satu orang, makan tanpa nasi, dengan es lemon tea. Segar kurang lebih hanya meniup-niup, wajarlah ya namanya juga kambing bakar hehehe",0.9326529502868652
"Panggone lumayan unik, rasa panganane biasa, menu sing ditawakne uga biasa, mung panggone karo keunikane sing menarik, cara nyeluk pelayane nganggo nutuk kentongan,. Aku pas mrana wengi, diambah udan, udarane lumayan adem nyrusuk belung, sempet ngenteni kira-kira limolas menit ben iso entuk panggon, merga bek blok wektu iku. Disaranke lak sir mrana sore-sore.","Tempatnya cukup unik, rasa makanan standar, menu yang ditawarkan juga biasa, hanya saja yang menarik tempat dan keunikannya, cara memanggil pelayannya dengan memukul kentongan,. Aku pas ke sana pada malam hari, ditambah hujan, udaranya cukup dingin menusuk tulang, sempat menunggu kira-kira 15 menit untuk bisa dapat tempat, karena penuh blok pada saat itu. Disarankan kalau mau ke sana sore-sore.","Tempatnya lumayan unik, rasa makanannya biasa, menu yang ditawarkan juga biasa, hanya tempatnya dan keunikannya yang menarik, cara memanggil pelayannya dengan meniup kentongan. Aku pas kesana malam hari, ditambah hujan, udaranya cukup dingin menusuk tulang, sempat menunggu sekitar lima belas menit agar bisa mendapatkan tempat, karena tempatnya sangat ramai saat itu. Disarankan untuk datang sore-sore.",0.9684175848960876
"Ning pilkada 2018, polri dijaluk ningkatne pengamanan ning sekitar tps.","Dalam pilkada 2018, polri diminta meningkatkan pengamanan di sekitar tps.","Pada pilkada 2018, Polri diminta meningkatkan pengamanan di sekitar TPS.",0.9683396816253662
"Ora bosen apa film indonesia sing main deknen terus, udu ngomong deknen ora apik, nanging yen pemaine kuwi kuwi bae uga bosen ndheloke.","Tidak bosan apa film indonesia yang main dia terus, bukan bilang dia tidak bagus, tetapi kalau pemain itu itu melulu jenuh juga melihatnya.","Sudah bosan dengan film Indonesia yang selalu menampilkan pemain-pemain yang itu-itu saja, tidak ada variasi, dan kualitas aktingnya juga kurang memuaskan.",0.8749492764472961
Wingi Dian tuku kathok anyar liwat aplikasi Lazada,Kemarin Dian membeli celana baru lewat aplikasi Lazada,Kemarin Dian membeli sepatu baru lewat aplikasi Lazada.,0.9699236154556274
"Dhewe arep menyang lembang kanthi kahanan luwe. Pas ndhelok saung pengkolan iki dhewe langsung mandhek kanggo mangan. Dhewe milih lesehan ing tingkat 2 dadi entuk pemandangan sek apik. Pesenane dhewe yaiku cumi goreng glepung, gurame goreng krispi, oseng genjer lan rong menu tahu sek aku lali jenenge. Umume ora ana sek istimewa saka hidangan kuwi. Mbok menawa pilihanku. Lanjutane","Kami dalam perjalanan ke lembang dalam keadaan lapar. Saat melihat saung pengkolan ini kami langsung berhenti untuk makan. Kami memilih lesehan di lantai 2 sehingga mendapatkan pemandangan yang indah. Pesanan kami adalah cumi goreng tepung, gurame goreng crispy, tumis genjer dan dua menu tahu yang saya lupa namanya. Secara keseluruhan tidak ada yang istimewa dari hidangan tersebut. Mungkin pilihan saya. Lanjutan","Kami akan menuju ke Lembang dengan perjalanan yang cukup jauh. Saat melihat tempat makan ini, kami langsung berhenti untuk makan. Kami memilih duduk lesehan di lantai dua sehingga mendapatkan pemandangan yang cukup bagus. Pesanan kami adalah cumi goreng tepung, gurame goreng krispi, oseng genjer, dan beberapa menu tahu yang aku lupa namanya. Secara umum, tidak ada yang istimewa dari hidangan tersebut. Mungkin pilihanku yang kurang tepat. Lanjutannya...",0.9560843110084534
Entuk bonus tcahs 12.500 nanging ora isa dienggo kanggo tuku pulsa sing regane 10 ewu h aneh,Dapat bonus tcash 12.500 tapi tidak bisa dipakai buat beli pulsa yang seharga 10 ribu h aneh,"Mendapatkan bonus uang tunai 12.500 tetapi tidak bisa digunakan untuk membeli pulsa senilai 10 ribu, aneh.",0.9245290756225586
"Kaping kapisan aku marang rana, meja-meja mulai tuwa lan uga menu panganan sing ora patio variatif. Nanging regane ora bisa diomong murah, amarga kudune kanthi rega-rega sakmono bisa entuk sing luwih apik. Utamane pas aku marang kamar mandi, reged tenan lan mambu ora enak:","Saat pertama ke sana, meja-meja mulai usang dan juga menu makanan yang tidak begitu bervariatif. Namun harganya tidak bisa dibilang murah, karena seharusnya dengan harga-harga segitu bisa dapat yang lebih baik. Terutama saat saya ke toilet, sangat kotor dan berbau tidak sedap:","Seringkali saya kecewa dengan restoran ini, meja-meja sudah tua dan pilihan menunya tidak terlalu bervariasi. Namun, harganya tidak bisa dikatakan murah, seharusnya dengan harga segitu saya bisa mendapatkan yang lebih baik. Terutama saat saya ke kamar mandi, sangat kotor dan tidak nyaman:",0.9467630982398987
"Ombean apa sih kok cara nggombene aneh, rasane uga aneh maneh","Minuman apa sih kok cara minumnya aneh, rasanya aneh juga lagi","Permintaannya apa sih, kok caranya berbicara aneh, rasanya juga aneh lagi.",0.932802140712738
"Tanggal 12 february iku ulang taune pacarku, lan aku ngajak dee dinggo mangan nyang sawiji restoran sing terkenal ning surabaya. Aku pengen menehi kado ulang taun karo mangan sing enak ning kana. Nanging. Pas iku aku teka kira kira jam setengah 3. Panggon kebeg dadi awakdewe kudu ngenteni. Daftar tunggu pas kuwi sekitar 4 meja.","Tanggal 12 february adalah ulang tahun pacar saya, dan saya mengajak dia untuk makan di sebuah restaurant yang terkenal di surabaya. Saya ingin memberi kado ulang tahun dengan makan yang enak di sana. Tapi. Saat itu saya datang kira kira jam setengah 3. Tempat penuh sehingga kami harus menunggu. Daftar tunggu pada saat itu sekitar 4 meja.","Tanggal 12 Februari itu ulang tahun pacarku, dan aku mengajak dia untuk makan berdua di sebuah restoran terkenal di Surabaya. Aku ingin memberikan kado ulang tahun dan makan yang enak di sana. Namun, ketika aku tiba sekitar pukul setengah tiga, tempat itu sangat ramai dan aku harus menunggu. Daftar tunggu saat itu sekitar 4 meja.",0.9557731747627258
"Ora seneng ndelok bocah sma saiki, yen nganggo jilbab rambute pada disengajakake metu, maksude apa?","Tidak suka melihat anak sma sekarang, kalau pakai jilbab rambutnya pada disengajakan keluar, maksudnya apa?","Saya tidak suka melihat anak SMA sekarang, jika memakai jilbab rambut mereka disengaja untuk ditata keluar, apa maksudnya?",0.9593575596809387
Calon-calon pemimpin negeri iki cukup kuwat nyiapake strategi kanggo kemenangane.,Calon-calon pemimpin negeri ini cukup kuat mempersiapkan strategi untuk kemenangannya.,Calon-calon pemimpin negara ini cukup kuat menyiapkan strategi untuk kemenangannya.,0.9932382702827454
Adikku lagi ndhelok harry potter ing trans tv,Adik saya sedang menonton harry potter di trans tv,Adikku sedang menonton Harry Potter di Trans TV.,0.8904579877853394
"Salah siji restoran paling tak senengi ning bandung. Panggonane nylepit, nanging isih kenek dijangkau. Menu panganane enak, sunda banget. Pemadangane ya apik, kahanane pancen nggarai mripat lan ilat kabeh puas. Bar mangan sampek wareg. maleh sir turu ning saunge.","Salah satu restoran favorit saya di bandung. Lokasinya terpencil, tetapi masih terjangkau. Menu makanannya enak, sunda sekali. Pemandangannya indah, suasananya memang membuat mata dan lidah semua terpuaskan. Selesai makan sampai kenyang, jadi ingin tidur di saungnya.","Salah satu restoran paling favoritku di Bandung. Tempatnya nyaman, walau masih terjangkau. Menu makanannya enak, khas Sunda. Pemandangannya juga indah, lokasinya memang membuat mata dan hati puas. Makan sampai kenyang. Lalu tidur di belakangnya.",0.9444655179977417
Endi taring kpk? Kasus ecek-ecek puluan yuta kowe cekel senajan nganti ing bolongan semut! Waras kowe kpk?,Mana taring kpk? Kasus ecek-ecek puluhan juta kamu tangkap sampai ke lubang semut sekalipun! Waraskah anda kpk?,Di mana taringmu? Kasus-kasus kecil puluhan juta kamu genggam meskipun sampai di lubang semut! Waras kamu?,0.9238975048065186
"Menu ning panggen iki asline sederhana banget nanging sing nduwe kreatif. Sajian mie, roti lan panganan penutupe di campur karo rena-rena pilihan. Panggone asik dingge nglumpuk karo kanca-kanca. Dingge regane ora tek larang sumbut karo rasane.","Menu di tempat ini sebetulnya sederhana banget tapi pemiliknya kreatif. Sajian mie, roti dan makanan penutupnya di mix sama berbagai pilihan. Tempatnya asik buat berkumpul dengan teman-teman. Untuk harganya tidak terlalu mahal sesuai sama rasanya.","Menu di tempat makan ini sebenarnya sangat sederhana tetapi yang memiliki kreativitas. Hidangan mi, roti, dan makanan penutup dicampur dengan berbagai pilihan. Tempatnya asik didatangi untuk berkumpul dengan teman-teman. Harganya tidak terlalu mahal untuk dinikmati dengan rasanya.",0.9482198357582092
"Restoran kanthi metode penyajian bedha. Piring panggonan mangan diganti karo godhong gedhang. Menu panganan khas sunda kanthi citarasa sing enak. Saka segi rega cukup kakancan, panggonan mangan amba lan akeh pilian meja, parkir cukup amba.","Restoran dengan metode penyajian berbeda. Piring tempat makan diganti dengan lembaran daun pisang. Menu makanan khas sunda dengan citarasa yang enak. Dari segi harga cukup bersahabat, tempat makan luas dan banyak pilihan meja, parkir cukup luas.","Restoran dengan metode penyajian yang berbeda. Piring makan diganti dengan daun pisang. Menu makanan khas Sunda dengan cita rasa yang enak. Dari segi harga cukup terjangkau, tempat makan luas dan banyak pilihan meja, parkir cukup luas.",0.9789727330207825
"Restoran alas daun nyajikake menu khas sunda sek ora beda adoh karo restoran khas sunda liyane, nanging sek nggawe beda yaiku ora nganggo piring lan mung diwenehi godhong gedhang sek diselehake ing meja sek ngganteni piring. Dadi kaya uwong ing India sek mangan didhasarkae godhong gedhang.","Restoran alas daun menyajikan menu khas sunda yang tidak jauh berbeda dengan restoran khas sunda lainnya, tapi yang membuatnya berbeda adalah tanpa piring, dan hanya diberi daun pisang yang diletakkan di meja sebagai pengganti piring. Jadi mirip orang di india yang makan beralaskan daun pisang.","Restoran alas daun menyajikan menu khas Sunda tidak jauh berbeda dengan restoran khas Sunda lainnya, tetapi yang membedakannya adalah tidak menggunakan piring dan hanya diberikan sehelai daun pisang yang diletakkan di atas meja sebagai pengganti piring. Jadi seperti orang India yang makan di atas daun pisang.",0.9583958387374878
Rasa sotone miturutku pedes nanging gurih. Ngombe sirup markisa sing seger karo es liline sing enak.,Rasa sotonya menurut saya pedas tapi gurih. Minum sirup markisa yang segar sama es lilinnya yang enak.,Rasa sotonya menurutku pedas tetapi gurih. Minum sirup markisa yang segar dengan es lilinya yang enak.,0.9783093929290771
"Aku mara ning restoran iki kanggo mangan wengi bareng rencang. Aku mesen stik pithik sing sebenere aku lali jenenge. Rasane biasa banget wae, anyep. Pithike kandhel lan krasa atos lan garing banget. Ora ana sing istimewa.","Saya mengunjungi restoran ini untuk makan malam bersama teman. Saya memesan steak ayam yang sebenarnya saya lupa namanaya. Rasanya sangat biasa saja, hambar. Ayamnya tebal dan terasa keras dan kering sekali. Tidak ada yang istimewa.","Saya pergi ke restoran ini untuk makan malam bersama teman. Saya memesan stik ayam yang sebenarnya saya lupa namanya. Rasanya biasa saja, hambar. Ayamnya kering dan terasa keras. Tidak ada yang istimewa.",0.9680992364883423
Dhewe kan saling sengit siji liyane kawit 4 taun kepungkur.,Kita kan saling membenci satu sama lain sejak 4 tahun yang lalu.,Mereka telah saling bermusuhan selama empat tahun.,0.8903647661209106
Bapak biasane nganggo semir sepatu kiwi,Ayah biasanya memakai semir sepatu kiwi,Ayah biasanya menggunakan semir sepatu Kiwi.,0.9436904191970825
Richeese factory yaiku restoran waralaba sing nyajikake pithik kanthi rasa pedes kanthi macem-macem level. Cocok tenan kanggo kowe sing tresna rasa pedes.,Richeese factory adalah restaurat waralaba yang menyajikan ayam dengan rasa pedas dengan berbagai level. Sangat cocok untuk anda pecinta rasa pedas.,Richeese Factory adalah restoran waralaba yang menyajikan ayam goreng dengan berbagai tingkat kepedasan. Sangat cocok untuk Anda yang menyukai makanan pedas.,0.9487075805664062
"Pas rapat ning hotel sensa, aku pesen batagor riri nganggo aplikasi gofood / gojek. Pesenan teka ora suwe merga tibake paket batagor lan siomay wes di-pak ning plastik vakum. Rega sing enek ning aplikasi gojek / gojek urung termasuk pajek segedhe 10%.","Saat rapat di hotel sensa, saya memesan batagor riri menggunakan aplikasi gofood / gojek. Pesanan tiba dalam waktu tidak lama karena ternyata paket batagor dan siomay sudah di-pack dalam plastik vakum. Harga yang tertera dalam aplikasi gojek / gojek belum termasuk pajak sebesar 10%.","Saat rapat di hotel Sensa, saya memesan batagor riri melalui aplikasi GoFood/Gojek. Pesanan datang tidak terlalu lama karena paket batagor dan siomay sudah dikemas dalam plastik vakum. Harga yang tertera di aplikasi Gojek/Gojek belum termasuk pajak sebesar 10%.",0.9691265225410461
Aku moro ing restoran iki ora pas jam mangan awan. Nanging restorane lumayan rame lan untunge awakdewe isa ndang entuk panggonan lungguh. Lebar lungguh panganan lan ombenane langsung disajikake. Sambel ijone kurang karasa pedes kanggo awakdewe. Panganane enak cukup puas mangan ing kene.,Saya mengunjungi restoran ini bukan saat jam makan siang. Tapi restorannya cukup ramai dan untungnya kami bisa cepat dapat duduk. Begitu duduk makanan dan minuman langsung dihidangkan. Sambal hijaunya kurang terasa pedas buat kami. Makanan enak cukup puas makan di sini.,"Saya mampir di restoran ini tidak pada jam makan siang. Namun, restorannya cukup ramai dan untungnya saya langsung mendapatkan tempat duduk. Tempat duduk untuk makan dan menunya langsung disajikan. Sambal ijonya kurang terasa pedas untuk saya. Makanannya enak, cukup memuaskan makan di sini.",0.9531546235084534
"Gampang cemburu ndelok dee guyonan karo wedokan, nanging awakdewe uduk sopo-sopone","Suka cemburu melihat doi bercanda sama cewek, tetapi kita bukan siapa-siapanya","Mudah cemburu melihat dia bergurau dengan wanita lain, tetapi dia sendiri tidak menyadari hal itu.",0.9057368636131287
Pungkasane aku mangan pesen lewat pesen kirim. Anakku seneng tenan gedel isi iwake. Restoran jaman mbien sing terkenal tenan. Regane sing cukup kajangkau kantong sak lan rasa panganane sing cukup enak.,Terakhir saya makan pesan via delivery order. Anak saya sangat suka perkedel isi daging -nya. Restoran zaman dahulu yang sangat terkenal. Harga yang cukup terjangkau kantong dan rasa masakan yang cukup enak.,Akhirnya saya memesan makanan melalui layanan pesan antar. Anak saya sangat senang dengan isi pesanan. Restoran ini sudah terkenal sejak dulu. Harganya cukup terjangkau dan rasa makanannya cukup enak.,0.9236977696418762
Parkiran angel bnaget sampek muter ping 3. Saran: Parkir ning cedek hotel ae terus mlaku. Restoran ning area perumahan.,Parkiran susah bener sampai berputar 3x. Saran: Parkir di dekat hotel saja terus jalan kaki. Restoran di area perumahan.,Parkirannya sangat sulit sampai harus memutar 3 kali. Saran: Parkir di dekat hotel saja lalu jalan kaki. Restoran di area perumahan.,0.9626526832580566
"Aku gumun karo telkomsel, kuotane akeh kok nanging cepet banget enteke, padahal ora akeh mbukak aplikasi abot. Nyurigakake","Suka heran sama telkomsel, kuotanya banyak kok tapi cepat banget abisnya, padahal tidak banyak buka aplikasi berat. Mencurigakan","Saya kecewa dengan Telkomsel, kuotanya banyak tapi cepat sekali habisnya, padahal tidak banyak membuka aplikasi berat. Mencurigakan.",0.9619157314300537
Bocah saiki lagek gerang wis wani nyolong,Anak sekarang baru gede sudah berani mencuri,Anak-anak sekarang sudah berani mencuri.,0.9038010835647583
"Nduwe kesempatan nikmati santap isuk merga lagi nginep ning hotel iki. Minangka pengunjung anyar kaya aku lan paling sing liyane isa ae bakal antusias merga suwasana santap isuk sing diwernani karo pemandangan saka sisih wetan, merga saka sisih kuwi ana kaendahan bangunan hotel sepisan kolam renange. Liyane kuwi uga ana barisan bukit lan nggunung bakal nambah pengenan dingge foto-foto.","Berkesempatan menikmati santap pagi karena sedang menginap di hotel ini. Sebagai pengunjung baru seperti saya dan mungkin yang lainnya barangkali akan antusias terhadap suasana santap pagi yang diwarnai dengan pemandangan dari sisi timur, karena dari sisi tersebut terdapat keindahan bangunan hotel berikut kolam renangnya. Selain itu juga terdapat barisan bukit dan pegunungan akan menambah keinginan untuk berfoto ria.","Memiliki kesempatan menikmati sarapan pagi karena masih menginap di hotel ini. Sebagai tamu baru seperti saya dan yang lainnya tentu saja antusias karena suasana sarapan pagi yang dipadukan dengan pemandangan dari sisi timur, karena dari sisi itu terlihat keindahan bangunan hotel beserta kolam renangnya. Selain itu juga terlihat barisan bukit dan pegunungan yang menambah kenangan saat melihat foto-foto.",0.952290952205658
"Telekomunikasi ora mung kanggo kutha gedhe, nanging uga nganthi marang daerah pelosok lan perbatasan negara cc: Telkomsel","Telekomunikasi bukan hanya untuk kota besar, tapi juga sampai ke daerah pelosok dan perbatasan negara cc: Telkomsel","Telekomunikasi tidak hanya untuk kota besar, tetapi juga sampai ke daerah terpencil dan perbatasan negara: Telkomsel",0.9703629612922668
Apike wektu turu paling sithik iku limang jam.,Sebaiknya jam tidur minimal lima jam.,Waktu tidur paling sedikitnya lima jam.,0.926511824131012
"Aku bareng kanca kerja sengaja nyoba mangan awan ning kene, kanggo panggonan kagolong cukup kapenak yen ning lantai dhuwur. Rasa pithik bakar ning kene tenan dak rekomendasikake karo sambel pelem.","Saya bersama rekan kerja sengaja mencoba makan siang di sini, untuk tempat terbilang cukup nyaman jika di lantai atas. Rasa ayam bakar di sini sangat saya rekomendasikan bersama sambal mangga.","Saya bersama teman-teman sengaja mencoba makan di sini, karena untuk tempat berkumpul yang cukup nyaman jika di lantai atas. Rasa ayam bakar di sini sangat direkomendasikan untuk dicoba bersama sambal pecel.",0.9550338387489319
Aku gela karo pelayanane. Siktasan aku pesen grabfood pesenen ora diterna nanging wis dimarekne. Tulung gae selektif milih tukang nyambut gawe.,Saya kecewa dengan pelayanannya. Barusan saya pesan grabfood pesanan tidak diantar tapi sudah diselesaikan. Mohon untuk selektif memilih pekerja.,Saya kecewa dengan layanan Anda. Saya memesan GrabFood dan pesanan saya tidak diterima tetapi sudah ditandai sebagai selesai. Tolong lebih selektif dalam memilih pekerja Anda.,0.9345421195030212
"Wis ilang handphone xiaomi redmi note 5 werna gold 64 / 4 ning daerah duri kidul, jembatan lima, tambora, jakarta barat.","Telah hilang handphone xiaomi redmi note 5 warna gold 64 / 4 di daerah duri selatan, jembatan lima, tambora, jakarta barat.","Hilang handphone Xiaomi Redmi Note 5 warna gold 64/4 di daerah Duri Kidul, Jembatan Lima, Tambora, Jakarta Barat.",0.92031329870224
Aku ora kuciwa karo produke apple,Saya tidak kecewa dengan produk apple,Saya tidak kecewa dengan produk Apple.,0.9641539454460144
"Youtube saben dina saya akeh iklane, njengelake!","Youtube semakin hari semakin banyak iklannya, menyebalkan!","Setiap hari di YouTube saya melihat banyak iklan, menjengkelkan!",0.9082139730453491
"Iku indomie karo mangkoke wis wira-wiri, kepisah sisan isi lan adahe.","Itu indomie sama mangkoknya sudah berkeliaran, terpisah pula isi sama wadahnya.","Itu Indomie dengan mangkuknya sudah berantakan, terpisah antara isinya dan bumbunya.",0.9110192656517029
Dhewe marang kafe iki kanggo mangan serabi. Serabine kanggo dhewe kandel banget ing bagian tengah. Akeh tenan piliah topping serabine nganti mumet milihe. Ternyata regane luwih larang saka warung setiabudi. Kuciwa.,Kami ke kafe ini untuk makan serabi. Serabinya bagi kami terlalu tebal di bagian tengah. Banyak sekali pilihan topping serabi sampai pusing memilihnya. Ternyata harganya lebih mahal dari warung setiabudi. Kecewa.,"Saya pergi ke kafe ini untuk makan serabi. Serabinya sangat enak, terutama di bagian tengahnya. Ada banyak pilihan topping untuk serabi tersebut hingga membuat saya bingung memilih. Ternyata harganya lebih mahal daripada di warung Setiabudi. Saya kecewa.",0.9483858346939087
"Bistik murah, cocok kanggo sing anggarane cilik nanging pingin mangan murah lan wareg, kajaba bistik uga panganan liyane enak lan murah. Susanane lumayan rame, umume akeh kaluwarga utawa bocah sekolahan.","Steak murah, cocok untuk yang budgetnya kecil tapi ingin makanan murah dan kenyang, selain steak juga makanan lainnya enak dan murah. Suasananya lumayan ramai, biasanya banyak keluarga atau anak sekolahan.","Bistik murah, cocok untuk yang berbudget kecil tetapi ingin makan yang murah dan mengenyangkan, selain bistik juga ada makanan lain yang enak dan murah. Suasannya lumayan ramai, umumnya banyak keluarga atau anak-anak sekolah.",0.9478787183761597
"Pertemuan antarane pihak bank bri, bpbat sungai gelam - jambi, lan pokdakan sek ana ing desa pudak. Kanggo ngrembug bentuk panyaluran dana csr saka bank bri","Pertemuan antara pihak bank bri, bpbat sungai gelam - jambi, dan pokdakan yang ada di desa pudak. Untuk mendiskusikan bentuk penyaluran dana csr dari bank bri","Pertemuan antara pihak Bank BRI, BPP Sungai Gelam - Jambi, dan Pokdakan yang ada di Desa Pudak. Untuk membahas bentuk penyaluran dana CSR dari Bank BRI.",0.9497450590133667
"Panggonan iki menarik tenan, pemandangan apik, ana arena dolanan ing njaba kanggo sakulawarga. Tenan disaranake kanggo kaluwarga sing ndhuwe bocah cilik. Panganan halal lan menu rena-rena.","Tempat ini sangat menarik, pemandangan bagus, ada arena bermain di luar untuk sekeluarga. Sangat disarankan untuk keluarga dengan anak kecil. Makanan halal dan menu bervariasi.","Tempat ini sangat menarik, pemandangannya indah, ada arena bermain di luar ruangan untuk seluruh keluarga. Sangat disarankan untuk keluarga dengan anak-anak kecil. Makanannya halal dan menu bervariasi.",0.9727512001991272
"Hotel arep check-in wae ruwet. Nunggu amarga ngresiki kamar suwe banget, gela lah. Iki pisanane aku mrana. Terus langsung diwenehi kesan pisanan sing ora apik.","Hotel mau  check-in aja ribet. Menunggu karena membersihkan kamar lama banget, kecewa dah. Ini pertama kalinya gue ke sana. Terus langsung dikasih first impression yang tidak bagus.","Hotel tempatku akan check-in tadi ribet banget. Nunggu sampai berjam-jam untuk bisa masuk kamar, sungguh melelahkan. Ini baru permulaan. Lalu langsung diberi kesan pertama yang tidak baik.",0.9058011770248413
"Amarga kartu oktrip wektu iki yaiku saka bni, mulakna isi ulang isa dilakokake ing mitra-mitra sing kerja sama karo bni.","Karena kartu oktrip saat ini adalah dari bni, maka isi ulang bisa dilakukan di mitra-mitra yang bekerjasama dengan bni.","Karena kartu Oktrip saat ini dikeluarkan oleh BNI, pengisian ulang dapat dilakukan di mitra-mitra yang bekerja sama dengan BNI.",0.9556410908699036
Ngge kabeh seh apik. Karyawane yo grapyak grapyak. Lan pemandangane apik. Nanging panganane kelarangen. Larang banget malah. Dompet kudu kandel.,Secara keseluruhannya sih bagus. Karyawanya juga ramah ramah. Dan pemandangannya bagus. Tapi makanannya terlalu mahal. Mahal banget malah. Dompet harus tebal.,Tidak semuanya bagus. Karyawannya juga agak-agak. Dan pemandangannya bagus. Tapi makanannya mahal. Sangat mahal bahkan. Dompet harus tebal.,0.9460049867630005
"Mangan karo kaluwarga bakal luwih nyenengake kanthi kabeh fasilitas sing ana. Lokasine sing apik, panganane sing cukup enak kanthi aneka werna pilian. Lan pemandangan lan suwasana dadi andalan","Makan bersama keluarga akan lebih menyenangkan dengan semua fasilitas yang ada. Lokasi yang bagus, makanan yang cukup enak dengan beragam pilihan. Dan pemandangan serta suasana jadi andalan","Makan bersama keluarga akan lebih menyenangkan dengan segala fasilitas yang ada. Lokasinya yang bagus, makanannya yang cukup enak dengan berbagai pilihan. Pemandangan dan suasana menjadi andalan.",0.9699594378471375
"Sega goreng mafia sing manggon ning dalan setiabudi awakdewe pilih merga pingin golek panganan sing cepet. Ditambah yaiku salah siji kuliner sing wajib diparani ning bandung. Aku milih sega goreng sing favorit ning kene yaiku sega goreng bandit sing tingkat pedese ning level 3. Panganan sing disajikne cukup cepet, nanging sayange sega goreng sing tak pesen segane atos, bumbon rempahe ketutupan.","Nasi goreng mafia yang terletak di jalan setiabudi kami pilih karena ingin mencari makanan yang cepat. Ditambah merupakan salah satu kuliner yang wajib dikunjungi di bandung. Saya memilih nasi goreng yang favorit di sini yaitu nasi goreng bandit hingga tingkat kepedasan di level 3. Makanan yang disajikan cukup cepat, namun sayangnya nasi goreng yang saya pesan nasinya keras, bumbu rempahnya tertutupi.","Saya memilih mie goreng yang favorit di sini, yaitu mie goreng bandit dengan tingkat pedas di level 3. Makanan yang disajikan cukup cepat, tetapi sayangnya mie goreng yang saya pesan rasanya asin, bumbu dan rempahnya terasa tertutup.",0.9151216745376587
Iki yaiku sop stengkel paling enak ning aceh tamiang.,Ini adalah sop stengkel terenak di aceh tamiang.,Ini adalah sup stengkel paling enak di Aceh Tamiang.,0.9427279233932495
Kanggo kakang admin tulung doooooonk bales pesen langsungku,Untuk kakak admin tolong doooooonk balas pesan langsung saya,Untuk admin tolong dong balas pesan langsung saya.,0.9166284799575806
"Pemandangan sing utama ing sky lounge grandia iki memang isa ngeculake keselmu. Malah isa dadi, para pelancong nggolek area iki ndhisik, dibandingake ngaso ing kamar.","Pemandangan yang utama di sky lounge grandia ini memang dapat melepas penat anda. Bahkan bisa jadi, para pelancong mencari area ini terlebih dahulu, dibandingkan beristirahat di kamar.","Pemandangan utama di sky lounge Grandia ini memang bisa membuatmu terkesima. Bahkan bisa menjadi, para pelancong mencari area ini daripada bersantai di kamar.",0.9370954036712646
"Dhewe teka panggonan iki amarga lokasine sing cedhak karo panggonan dhewe nginep. Dhewe mesen sega bakar lan pasta. Sega bakare enak, akeh pilian, lan ora pedes, isa kanggo bocah-bocah. Dene pasta mung ana sak macem, nanging rasane uga enak. Rega panganan uga ora larang lan kajangkau kanggo panganan ing ngisor 30 ewu. Ing panggonan iki uga gratis wifi.","Kami mengunjungi tempat ini karena lokasinya yang berdekatan dengan tempat kami menginap. Kami memesan nasi bakar dan pasta. Nasi bakarnya enak, banyak pilihan, dan tidak pedas, bisa untuk anak-anak. Sedang pasta hanya ada satu macam, namun rasanya pun enak. Harga makanan pun tidak mahal dan terjangkau untuk makanan di bawah 30 ribu. Di tempat ini juga gratis wifi.","Tempat ini dipilih karena lokasinya yang dekat dengan tempat menginap. Saya memesan steak dan pasta. Steak-nya enak, dengan banyak pilihan, dan tidak pedas, cocok untuk anak-anak. Pasta hanya tersedia satu jenis, tetapi rasanya juga enak. Harga makanan juga terjangkau dan cocok untuk makanan di bawah 30 ribu. Tempat ini juga menyediakan wifi gratis.",0.9623252749443054
"Kanggo ngenthukne pemandangan sing apik kanthi cahyo lampu warna-warni, apike teka ing wayah wengi. Amarga nduweni latar mburi pemandangan jembatan Pasupati sing dadi simbol kota.","Untuk mendapatkan pemandangan yang bagus dengan cahaya lampu warna-warni, sebaiknya berkunjung pada malam hari. Karena memiliki latar belakang pemandangan jembatan Pasupati yang merupakan simbol kota.","Untuk menikmati pemandangan yang indah dengan cahaya lampu berwarna-warni, lebih baik datang pada malam hari. Karena memiliki latar belakang pemandangan jembatan Pasupati yang menjadi simbol kota.",0.9827015995979309
"Aku teka ning resto sapulidi iki merga ana rekomendasi saka internet sing tau tak waca lak pemandangan sing apik banget lan panggon mangan pas ning sawah sing nggarai aku sir teka nyang panggon iki. Nanging pas aku teka kabeh ganti dadi elek, mulai panggon parkir sing isa diarani enek, dalan akses amoh lan panggon akses sing cilik.","Saya datang ke resto sapulidi ini karena rekomendasi dari internet yang pernah saya baca bahwa pemandangan yang sangat bagus dan tempat makan tepat di sawah yang membuat saya tertarik untuk datang ke tempat ini. Namun ketika saya sampai semua hal berubah menjadi buruk, mulai dari tempat parkir yang bisa dikatakan tersedia, jalan akses rusak dan kecilnya tempat akses.","Saya memilih restoran satu ini karena ada rekomendasi di internet yang saya baca mengenai pemandangan yang sangat indah dan tempat makan yang nyaman di tengah sawah yang membuat saya sangat tertarik untuk datang ke tempat ini. Namun, saat saya sampai, semuanya berubah menjadi buruk, mulai dari tempat parkir yang bisa dikatakan sempit, jalan akses yang buruk, dan tempat akses yang kecil.",0.9591502547264099
"Amarga ngelih, aku pesen indomie.","Karena lapar, saya pesan indomie.","Karena lapar, aku pesan indomie.",0.9936244487762451
"Sate wedhus lan gule wedhuse maknyus, penyajian panganane uga cepet tenan. Panggonane cukup resik","Sate kambing dan gulai kambingnya maknyus, penyajian makanannya juga sangat cepat. Tempatnya cukup bersih","Sate kambing dan gule kambing sangat enak, penyajian makanannya juga sangat cepat. Tempatnya cukup bersih.",0.9707741141319275
"Sup guramene enak, pelayanane cepet, grapyak. Restoran resik. Amarga porsi sega sithik tenan, kanggo sing doyan mangan mesthi nambah.","Sup guramenya enak, pelayanan cepat, ramah. Restoran bersih. Karena porsi nasi sangat sedikit, buat yang doyan makan pasti menambah.","Supnya enak, pelayanannya cepat, puas. Restorannya bersih. Karena porsi makanannya sangat sedikit, bagi yang doyan makan pasti nambah.",0.9651991724967957
"Restorane ana pemandangan curuge, panggonan mangan kaya saung. Saunge ana akeh saka ngisor munggah nganthi ing ndhuwur, saya munggah saya katon pemandangan curuge.","Restorannya ada pemandangan air terjunnya, tempat makan berupa saung. Saungnya ada banyak dari bawah naik hingga ke atas, semakin ke atas semakin terlihat pemandangan air terjunnya.","Restorannya memiliki pemandangan air terjun, tempat makan seperti saung. Saungnya banyak dari bawah naik ke atas, saat saya naik saya melihat pemandangan air terjun.",0.9592294096946716
"Pelayane grapyak. Nggarai terus pingin teka maneh. Kebeneran uga kerep nginep ning kene, hotele resik lan pemandangane saka kamar hotel apik.","Pelayannya ramah. Bikin selalu ingin datang kembali. Kebetulan juga sering menginap di sini, hotelnya bersih dan pemandangan dari kamar hotel bagus.","Pelayanannya memuaskan. Membuat saya ingin datang lagi. Kebetulan sering menginap di sini, hotelnya bersih dan pemandangan dari kamar hotelnya bagus.",0.9667116403579712
"Mangan mbengi karo kabeh kaluwarga ing dina ulang taun bojo ndhuweni kesan tenan kanthi suasana sing narik ati ing hotel. Pelayanan sing grapyak tenan saka mas tian. Ora kudu ngenteni suwi, panganan lan ombean sing dipesen.","Makan malam bersama seluruh keluarga di hari ulang tahun suami menjadi sangat berkesan dengan suasana yang menawan di hotel. Pelayanan yang sangat ramah dari mas tian. Tidak perlu menunggu lama, makanan dan minuman yang dipesan.","Makan malam bersama seluruh keluarga pada hari ulang tahun pasangan memberikan kesan yang sangat mendalam dengan suasana yang menarik di hotel. Pelayanan yang sangat cepat dari para staf. Tidak perlu menunggu lama, makanan dan minuman yang dipesan segera datang.",0.9596201777458191
"Obong terus pak, suwek-suwek wae persatuan lan kesatuan Indonesia nganggo retorika mu.","Bakar terus pak, cabik-cabik saja persatuan dan kesatuan Indonesia dengan retorika mu.","Teruslah pak, hanya dengan retorika Anda, membela persatuan dan kesatuan Indonesia.",0.9266113638877869
"Manggon ana ing pinggiran bukit, panggonane amba, nyenengake lan nyaman. Nduwe pemandangan sek nyenengake mripat, kaya gunung, kebon, lan kutha bandung nalika didhelok saka ndhuwur. Pegawaine cekatan lan grapyak. Menu panganane akehe menu steak sanajan uga ana menu sega goreng, gurame, lan liya-liyane. Restoran sing direkomendasikake kanggo diparani nalika teka ing bandung.","Terletak di tepi bukit, tempatnya luas, menyenangkan dan nyaman. Memiliki pemandangan yang memanjakan mata, seperti gunung, perkebunan, dan kota bandung jika dilihat dari atas. Pegawainya cekatan dan ramah. Menu makanan di dominasi oleh menu steak walaupun ada juga menu nasi goreng, gurame, dll. Restoran yang direkomendasikan untuk dikunjungi ketika datang ke bandung.","Terletak di pinggiran bukit, tempatnya luas, menyenangkan dan nyaman. Memiliki pemandangan yang sangat menyenangkan untuk mata, seperti gunung, kebun, dan kota Bandung saat dilihat dari atas. Pelayanannya cepat dan ramah. Menu makanannya banyak, terutama menu steak, tetapi juga ada menu nasi goreng, gurame, dan lainnya. Restoran yang direkomendasikan untuk dikunjungi saat berada di Bandung.",0.963142991065979
Bca lagi ngadakake acara ulang tahun lan ngundang kabeh karyawane kanggo melu acara kuwi.,Bca sedang mengadakan acara ulang tahun dan mengundang seluruh karyawannya untuk mengikuti acara tersebut.,Perusahaan sedang merencanakan perayaan ulang tahun dan mengundang semua karyawan untuk berpartisipasi dalam acara tersebut.,0.9342638254165649
"Kawit mbukak cendana bistro aku wis njajal panganan, dinggo aku kurang cocok, panganane biasa-biasa ora ana sing spesial.","Sejak buka cendana bistro saya sudah coba makanan, untuk saya kurang cocok, makanannya biasa-biasa tidak ada yang spesial.","Saya membuka bistro cendana dan sudah mencoba makanannya, menurut saya kurang cocok, makanannya biasa-biasa saja tidak ada yang spesial.",0.9690749645233154
Minimal biaya transaksi wulan 11 sing kudune dibalekake wulan 12 wingi ora mlebu ing rekeningku kie.,Minimal biaya transaksi bulan 11 yang harusnya direfund bulan 12 kemarin tidak masuk ke rekening saya nih.,Biaya transaksi minimum bulanan 11 yang seharusnya dikembalikan bulan 12 kemarin tidak masuk ke akun saya ini.,0.940691351890564
"Sakwise kalap blanja, dhewe mutusake kanggo mangan ing warung tenda pinggir dalan. Ana ing lelungan marang hotel, dhewe lewat dalan cilik kanggo nyingkir saka macet, lan ketemu warteg iki. Pas teka rame banget! Dhewe kudu antri sediluk. Dhewe pesen sega uduk, pithik bakar madu, usus, kubis goreng. Rasane enak! Pithik bakar madune parah nggawe kemaningan banget!","Setelah kalap belanja, kami memutuskan untuk makan di warung tenda pinggir jalan. Dalam perjalanan pulang ke hotel, kita lewat jalan kecil untuk menghindari macet, dan bertemu warteg ini. Pas datang ramai banget! Kita mesti antre sebentar. Kami pesan nasi uduk, ayam bakar madu, usus, kol goreng. Rasanya enak! Ayam bakar madunya parah bikin ketagihan banget!","Saat itu sedang gila-gilanya berbelanja, dia memutuskan untuk makan di warung tenda pinggir jalan. Ada di lorong menuju hotel, dia melewati jalan kecil untuk menghindari kemacetan, dan menemukan warteg ini. Saat itu sangat ramai! Dia harus mengantri sebentar. Dia memesan nasi uduk, ayam bakar madu, usus, dan kol goreng. Rasanya enak! Ayam bakar madunya sangat manis!",0.9348750114440918
Beritane sing ora berkualitas lan ora ndidik pol. Kebeg kepentingan lan golek rai.,Pemberitaanya yang tidak berkualitas dan sangat tidak mendidik. Penuh kepentingan dan pencitraan,Beritanya tidak berkualitas dan tidak mendidik sama sekali. Hanya mencari sensasi dan popularitas.,0.8975736498832703
Bakul alon nanggepi. Ana masalah suwe diurus. Nganti saiki barang urung diganti,Penjual lambat menanggapi. Ada kendala lama diurus. Sampai sekarang barang belum diganti,Pelan-pelan tapi pasti. Ada masalah membutuhkan waktu lama untuk diselesaikan. Sampai sekarang barang tersebut belum diganti.,0.8984155654907227
Aja lewatke diskon langsung nganti Rp 10 yuta ning kene!,Jangan lewatkan diskon langsung hingga Rp 10 juta di sini!,Jangan lewatkan diskon langsung hingga Rp 10 juta di sini!,1.0
Pt kami lan 12 bank wis tapak asma pembiayaan lrt jabodetabek,Pt kami dan 12 bank sudah menandatangani pembiayaan lrt jabodebek,PT kami dan 12 bank telah menandatangani perjanjian pembiayaan LRT Jabodebek.,0.938377320766449
"Nembe ngerti babagan panggonan iki saka kanca, wektu dhewe teka pengunjunge ora patia akeh, dadi dhewe milih kanggo lungguh ing lantai loro karo nikmati pemandangan ing njaba. Mbengi kuwi lagi ana pagelaran musik, aku kurang ngerti apa pagelaran musik iki ana saben dina apa ora.","Baru tahu tentang tempat ini dari teman, waktu kami datang pengunjungnya tidak terlalu banyak, jadi kami memilih untuk duduk di lantai dua sambil menikmati pemandangan di luar. Malam itu sedang ada pertunjukan musik, saya kurang tahu apakah pertunjukan musik ini ada tiap hari atau tidak.","Baru tahu tentang tempat ini dari teman, ketika saya datang pengunjung tidak terlalu banyak, jadi saya memilih duduk di lantai dua sambil menikmati pemandangan di bawah. Sore itu ada pertunjukan musik, saya kurang tahu apakah pertunjukan musik ini ada setiap hari atau tidak.",0.9837092161178589
Aku pingin tuku 20 tiket dinggo laga persebaya vs arema sesok.,Saya ingin beli 20 tiket untuk laga persebaya vs arema besok.,Saya ingin membeli 20 tiket untuk pertandingan Persebaya melawan Arema besok.,0.9583187699317932
"Panganan uwis oke, nanging kanggo nata panggonan lungguh kurang, katon rame banget dadi ora nyaman, rega lumayan kanthi kualitas sing kurang.","Makanan sudah oke, namun untuk penataan tempat duduk kurang, terlihat terlalu ramai sehingga tidak nyaman, harga lumayan dengan kualitas yang kurang.","Makanannya sudah oke, tetapi untuk mengatur tempat duduk kurang, terlihat ramai sekali sehingga tidak nyaman, harga lumayan dengan kualitas yang kurang.",0.9807912707328796
"Aku seneng suwi-suwi ning kene, merga kahanane enak, pencahayaane apik, ana plihan isa ning jaba nggen utawa ning jero. Panganane lumayan.","Saya senang berlama-lama di sini, karena suasananya enak, pencahayaannya bagus, ada pilihan bisa di luar ruangan atau di dalam. Makanannya lumayan.","Saya senang tinggal di sini, karena lokasinya bagus, pencahayaannya baik, dan ada pilihan untuk tinggal di luar atau di dalam. Makanannya lumayan.",0.9630216956138611
Kabeh sing diomongne pak rocky iku ora ana dasare. Nggumun yo kok isa dadi profesor.,Semua yang diomongin sama pak rocky itu tidak berdasar. Heran ya kok bisa jadi professor.,Semua yang dikatakan Pak Rocky tidak ada dasarnya. Heran saya kok bisa jadi profesor.,0.9347960352897644
"Restoran iki nduweni lokasi sing prima ing bukit-bukit sing nduweni hawa sejuk lan pemandangan ijo nyegerake. Mesthi wae tujuan utamane yaiku masakan khas nusantara sing nikmat. Cekake, ngunjungi mrene dhewe entuk ngelakokake sisan wisata ilat, mripat, lan jiwa.","Restoran ini memiliki lokasi yang prima di perbukitan yang memiliki udara sejuk dan pemandangan hijau menyegarkan. Tentu saja tujuan utamanya adalah masakan khas nusantara yang nikmat. Singkatnya, berkunjung ke sini kita dapat melakukan sekaligus wisata lidah, mata, dan jiwa.","Restoran ini memiliki lokasi yang prima di atas bukit-bukit yang memiliki udara sejuk dan pemandangan hijau yang menyegarkan. Tentu saja tujuan utamanya adalah masakan khas Nusantara yang nikmat. Selain itu, mengunjungi tempat ini juga bisa menjadi pengalaman wisata kuliner, pemandangan, dan jiwa.",0.9480693340301514
"Bojoku sek ora terlalu seneng karo ramen, kanggo siki deknen ngomong nek enak lan gurih. Deknen malah mesen maneh kanggo deknen sakwise nyicipi pesenanku.","Istri saya yang tidak terlalu suka ramen, untuk kali ini dia bilang enak dan gurih. Dia malah memesan lagi untuk dirinya setelah mencicipi pesanan saya.","Suamiku memang tidak terlalu menyukai ramen, tetapi untuk kali ini dia bilang bahwa ramen ini enak dan gurih. Dia bahkan memesan lagi setelah mencicipi pesanan saya.",0.9635368585586548
Panggone nyaman. Rasane enak. Regane uga saat. Weduse ora prengus. Pokoke cocok kanggo wong sing seneng njajan wedus.,Tempatnya nyaman. Rasanya enak. Harganya juga saat. Kambingnya tidak bau. Pokoknya recomend buat pecinta kuliner kambing.,Tempatnya nyaman. Rasanya enak. Harga terjangkau. Suasana tidak berdebu. Pokoknya cocok untuk orang yang suka makan daging panggang.,0.9309219121932983
"Salah siji restoran panganan laut paling apik ing kota iki. Apike teka pas preinan dina setu, yuyu isih apik lagi teka. Rega kompetitif, ora murah pancen nanging ora kelarangen kok.","Salah satu restoran seafood terbaik di kota ini. Sebaiknya datang pas liburan hari sabtu, kepiting masih bagus baru datang. Harga bersaing, tidak murah memang tapi tidak kemahalan kok.","Salah satu restoran makanan laut terbaik di kota ini. Keindahannya datang saat matahari terbenam di atas danau, ikan masih segar lagi datang. Harga kompetitif, memang tidak murah tetapi tidak terlalu mahal.",0.9154676198959351
"Kanggo nggolek batagor sing asli, kowe ora perlu adoh-adoh nggoleke marang pelosok, cukup arahke kendaraan marang dalan saka djunjunan, dhewe isa nikmati batagor asli sing enak kanthi panggonan sing kapenak. Rasa batagor sing ditawakake ngugah salira tenan amarga batagor disajikake garing-garinge lan diguyang kuwah kacang sing seger","Untuk menemukan batagor yang otentik, anda tak perlu jauh-jauh mencarinya ke pelosok, cukup arahkan kendaraan ke jalan dari djunjunan, kita dapat menikmati batagor asli yang enak dengan tempat yang nyaman. Rasa batagor yang ditawarkan sangat menggugah selera karena batagor disajikan garing-garingnya serta disiram kuah kacang yang segar","Untuk mencari batagor asli, Anda tidak perlu berkeliling jauh-jauh ke pelosok, cukup arahkan kendaraan Anda ke jalan Junaedi, Anda bisa menikmati batagor asli yang enak dengan tempat yang nyaman. Rasa batagor yang disajikan sangat menggugah selera karena batagor disajikan dengan tekstur renyah dan dicelup ke dalam kuah kacang yang segar.",0.9476528167724609
"Citarasane biasa wae, ora ana sek spesial. Kudune ngenteni cukup suwi nganti teka panganane, pelayane uga kurang grapyak.","Citarasa biasa saja, tidak ada yang spesial. Harus menunggu cukup lama datangnya makanan, pelayan juga kurang ramah.","Citarasanya biasa saja, tidak ada yang spesial. Harus menunggu cukup lama sampai makanan datang, pelayanannya juga kurang cepat.",0.9665340781211853
Roti ulang tahune spesial nganggo ndhog sakpiring ditambah mozzarella kanggo kowe,Kue ulang tahun spesial pakai telur sepiring plus mozzarella buat kamu,Roti ulang tahun spesial dengan telur di atasnya ditambah mozzarella untukmu.,0.9118335843086243
Arep nesu marang indosat! Kok sinyale ilang terus si,Mau marah ke indosat! Kok sinyalnya hilang melulu si,Akan marah kepada Indosat! Kenapa sinyalnya hilang terus sih,0.9113767147064209
"Omah mangan sing ngusung konsep tradisional alias jadul iki pantes kowe coba. Kejaba rasane sing pas, warung iki duweni sawetara perkara unik kaya piring sing dienggo yaiku piring seng jaman mbiyen karo gelas ombeane. Jenis menune aneka werna banget. Lan sakkabehe enak enak!","Rumah makan yang mengusung konsep tradisional alias jadul ini patut anda coba. Selain rasanya yang pas, warung ini memiliki beberapa hal unik seperti piring yang digunakan adalah piring seng zaman dahulu berikut gelas minumnya. Jenis menunya sangat beragam. Dan semuanya enak enak!","Restoran yang membawa konsep tradisional alias jadul ini patut kamu coba. Selain rasanya yang pas, restoran ini memiliki beberapa hal unik seperti piring yang digunakan adalah piring zaman dulu dan gelasnya adalah gelas tembus pandang. Jenis menunya beragam warna-warni. Dan semuanya enak!",0.9626221656799316
Kfc Palembang Square kerep dadi peyelamat pas luwe pas aku nginep ning sekitar hotel ning lokasi iku. Kabeh wong seneng kfc. Dadi. Kfc ning lokasi iki nyepetne sampeyan dinggo pesen pas sampeyan keluwen ning jero hotel.,Kfc Palembang Square seringkali menjadi penyelamat di saat lapar saat saya menginap di sekitaran hotel di lokasi itu. Semua orang suka kfc. So. Kfc di lokasi ini menyegerakan anda untuk memesan saat anda kelaparan di dalam hotel.,"KFC Palembang Square sering menjadi penyelamat saat saya kehabisan pilihan makanan saat menginap di sekitar hotel di lokasi tersebut. Semua orang menyukai KFC. Jadi, KFC di lokasi ini bisa Anda manfaatkan untuk memesan makanan saat Anda bosan berada di dalam hotel.",0.9479491114616394
Aneka werna ombean seger kasadia awit saka jus buah nganti rena-rena teh.,Berbagai macam minuman segar tersedia mulai dari jus buah sampai aneka teh.,Berbagai warna minuman segar disediakan dari jus buah hingga teh.,0.9557206034660339
"Dekwingi 10 Maret 2015, aku dijak anakku mangan awan ning kene. Aku pesen urang kremes lan jangan asem. Bener-bener enak. Lan sing spesial ning kene yaiku sambele, pedes nanging pancet gelem nambah. Jus blackberryne uga enak.","Kemarin 10 Maret 2015, saya diajak anak saya makan siang di sini. Saya pesan udang kremes dan sayur asam. Betul-betul enak. Dan yang spesial di sini adalah sambalnya, pedas tapi tetap mau menambah. Jus blackberrynya juga enak.","Pada tanggal 10 Maret 2015, aku diajak anakku makan di sini. Aku memesan krecek dan jangan terlalu asam. Rasanya benar-benar enak. Yang spesial di sini adalah sambalnya, pedas tetapi membuat ketagihan. Jus blackberry-nya juga enak.",0.9438894391059875
Ndhuwe restoran kudu mewah rapi mosok iki lumuten jamuren pelayane kurang muasake mosok aku ditumpahi banyu sek ombeyane ana madune aku iki alergi madu,Punya restoran harus mewah rapi masa ini berlumut berjamur pelayan kurang memuaskan masa saya ditumpahkan air mana minumnya ada madu saya itu alergi madu,"Memiliki restoran harusnya mewah dan rapi, bagaimana ini masih jamuran, pelayanannya kurang memuaskan, bagaimana aku ditumpahi air seketika di hadapan banyak orang, apalagi aku alergi terhadap madu.",0.8842560648918152
"Aku nembe bae ganti kartu sing rusak, nanging tetep ora ana sinyal.","Saya baru saja ganti kartu yang rusak, tapi tetap tidak ada sinyal.","Aku baru saja mengganti kartu yang rusak, tetapi tetap tidak ada sinyal.",0.9917516112327576
Adohi narkoba yaiku salah siji cara sing isa digunakake kanggo ningkatake kualitas anak bangsa.,Jauhi narkoba adalah salah satu cara yang bisa digunakan untuk meningkatkan kualitas anak bangsa.,Menggunakan narkoba adalah salah satu cara yang dapat digunakan untuk meningkatkan kualitas generasi muda.,0.9672633409500122
"Kafe iki ndhuweni arsitektur bangunan kang apik banget. Amarga penasaran, aku njupuk wektu muteri karo ngenteni panganan teka. Ana galeri sing kebak karo koleksi-koleksi kayu lan ing njaba galeri, katon pemandangan bandung saka ndhuwur. Ing sakitare uga akeh kursi kang digawe saka kayu lan uga watu-watu. Saka panganane, regane kalebu lumayan standar cocok karo kafe-kafe. Aku seneng suasanane.","Kafe ini memiliki arsitektur bangunan yang sangat bagus. Karena penasaran, saya meluangkan waktu berkeliling sembari menunggu makanan datang. Ada galeri yang penuh dengan koleksi-koleksi kayu dan di luar galeri, tampak pemandangan bandung dari ketinggian. Di sekitar banyak juga kursi terbuat dari kayu dan juga bebatuan. Dari sisi makanan, harganya termasuk relatif standar sesuai dengan cafe-cafe. Saya suka suasananya.","Kafe ini memiliki arsitektur bangunan yang sangat indah. Karena penasaran, saya menyisihkan waktu untuk memutarnya sambil menunggu makanan datang. Ada galeri yang dipenuhi dengan koleksi-koleksi kayu dan di sebelah galeri, terlihat pemandangan Bandung dari atas. Di sekelilingnya juga banyak kursi yang terbuat dari kayu dan juga batu. Dari segi makanan, harganya cukup standar sesuai dengan kafe-kafe lainnya. Saya suka suasananya.",0.9654965996742249
"Nganggoa kunci duplikat, bank bri ing tengah kutha dibobol maling, dhuwit rp 1 miliar muspra.","Gunakan kunci duplikat, bank bri di pusat kota dibobol maling, uang rp 1 miliar lenyap.","Menggunakan kunci duplikat, bank BRI di tengah kota dibobol maling, uang Rp 1 miliar raib.",0.9636234641075134
"Mbengi sekitar jam pituan dijak pelanggan marang panggonan mangan iki, umume sih panganane luwih akeh sek di goreng-goreng ngono kaya pithik, babat, usus, ati ampela, nanging miturutku sih rasane biasa wae, lan minyake ing panganan akeh banget. Nanging variane cukup akeh:","Malam sekitar jam tujuan diajak klien ke tempat makan ini, over all sih makanannya lebih banyak yang di goreng-goreng begitu kayak ayam, babat, usus, ati ampela, tapi menurut saya sih rasanya biasa saja, dan minyaknya di makanan terlalu banyak. Tapi variannya cukup banyak:","Malam sekitar jam sembilan saya diajak pelanggan ke warung makan ini, umumnya sih makanannya lebih banyak digoreng-goreng seperti paha, babat, usus, hati ampela, tetapi menurutku sih rasanya biasa saja, dan minyaknya dalam makanan sangat banyak. Tetapi varian makanannya cukup banyak:",0.9560034275054932
"Hai angga, dingge penerbitan tiket owahan jadwal kudu nglakokne pembayaran disik ya.","Hai angga, untuk penerbitan tiket perubahan jadwal diharuskan melakukan pembayaran dulu ya.","Halo Angga, dengarkan penerbitan tiket owahan jadwal harus melakukan pembayaran dulu ya.",0.9390981793403625
Masku dodol iphone 8 kanggo tuku ps5,Kakak lelaki saya menjual iphone 8 untuk membeli ps5,Suamiku ingin menjual iPhone 8 kami untuk membeli PS5.,0.9092957973480225
Aku mbela-mbelani saka bogor 7 jam kanggo mangan sup buntute nanging aku enteni saka jam 8.30 hurung buka uga. Akhire aku teka jam 10.00. Pesen sup buntute hurung ana kanthi alesan mau mbengi rame dadi kokine isih kesel. Wow alesan macem apa kaya kuwi? Beda tenan wektu aku mangan 1 taun kepungkur ya. Panggonane reged tenan kaya ora niat ndhuwe usaha.,Saya bela-belain dari bogor 7 jam demi makan sup buntutnya tetapi saya tunggu dari jam 8.30 belum buka juga. Akhirnya saya datang jam 10.00. Pesan sup buntut belum ada dengan alasan tadi malam ramai jadi chefnya masih tepar. Wow alasan macam apa seperti itu? Beda sekali waktu saya makan 1 tahun yang lalu ya. Tempat sangat kotor seperti tidak niat punya usaha.,"Aku menunggu selama 7 jam dari jam 8.30 pagi hanya untuk makan sup buntut, tetapi mereka belum buka juga. Akhirnya aku sampai di sana jam 10.00. Saat memesan sup buntut, mereka mengatakan alasan yang sangat mengganggu, yaitu malam hari ramai. Apa alasan macam apa itu? Berbeda sekali saat aku makan setahun yang lalu, tempatnya sangat ramai seolah-olah mereka tidak berniat memiliki usaha.",0.9224371910095215
"Kanggo ngecek layanan mandiri verified by visa vbv ora isa lewat layanan mandiri call 14000, nanging mung isa lewat email lan kantor cabang bank mandiri.","Untuk pengecekan layanan mandiri verified by visa vbv tidak dapat melalui layanan mandiri call 14000, namun hanya bisa melalui email dan kantor cabang bank mandiri.","Untuk memeriksa layanan mandiri verified by visa vbv tidak bisa melalui layanan mandiri call 14000, tetapi hanya bisa melalui email dan kantor cabang bank mandiri.",0.9844581484794617
"Kudu njajal nggo nyantai utawa mangan mbengi nang 18th iki, pemandangan sek katon ki apik lan sek dadi daya tarik nang 18th yaiku ndue mester kaca. Regane lumayan larang amarga panggonane ana ing trans hotel, namung unda-undi karo rasa kepenake.","Harus coba untuk bersantai atau makan malam di the 18th ini, pemandangan yang didapat baik dan yang menjadi daya tarik di the 18th terdapat lantai kaca. Untuk harga cukup tergolong mahal karena terletak di trans hotel, tetapi sebanding dengan rasa kenyamanannya.","Harus mencoba untuk bersantai atau makan malam di sini pada usia 18 tahun ini, pemandangan yang begitu indah dan menjadi daya tarik di usia 18 tahun ini adalah memiliki master kaca. Harga cukup mahal karena lokasinya ada di trans hotel, tapi sebanding dengan rasa kepuasan.",0.945437490940094
Salah siji mal nganggo konsep sing lumayan unik. Akeh pilihan restoran dadi cocok dingge ngentekne wektu bareng kanca-kanca.,Salah satu mal dengan konsep yang cukup unik. Banyak pilihan restoran sehingga cocok untuk menghabiskan waktu bersama teman-teman.,Salah satu mal menggunakan konsep yang cukup unik. Banyak pilihan restoran sehingga cocok untuk menghabiskan waktu bersama teman-teman.,0.9906628727912903
"Lokasine ana ing dalam utama dadi gampang dhewe kanggo tekan panggonane, yen ora nduwe kendaraan dhewe iki bisa ditekani kanggo kendaraan umum. Menu panganane akeh tenan lan ana pirang-pirang menu sing anyar pisanan aku nemu ing kedai iki, rasane enak kanggo rega sing standar, panggonane kapenak tenan.","Lokasinya berada di jalan utama sehingga memudahkan kami untuk mencapai tempatnya, jika tidak memiliki kendaraan pribadi tempat ini dapat dijangkau dengan kendaraan umum. Menu makanannya sangat banyak dan ada beberapa menu yang baru pertama kali saya temukan di kedai ini, rasanya pun enak dengan harga yang standar, tempatnya sangat nyaman.","Lokasinya ada di pusat kota sehingga mudah dijangkau sendiri, jika tidak memiliki kendaraan pribadi ini bisa dijangkau dengan transportasi umum. Menu makanannya sangat banyak dan ada beberapa menu yang baru, menurutku. Rasanya enak dengan harga yang standar, tempatnya nyaman sekali.",0.9513338208198547
Panggonan iki ora cocok kanggo kaluwarga sing nggawa bayi. Dalanane curam tenan. Kanggo anjungan foto ing njaba mung entuk diisi  paling akeh 10 uwong nanging isih akeh sing meksa munggah kanggo foto.,Tempat ini tidak cocok untuk keluarga yang membawa anak balita. Jalanan sangat curam. Untuk anjungan foto di luar hanya boleh diisi max 10 orang tetapi masih banyak yang memaksa naik untuk berfoto.,"Tempat ini tidak cocok untuk keluarga yang membawa bayi. Jalannya sangat curam. Untuk sesi foto di atas, hanya bisa diisi maksimal 10 orang tetapi masih banyak yang memaksakan diri untuk naik demi foto.",0.9563601016998291
"Panggonan iki salah sawijine panggonan favoritku kanggo ndhelok bogor ing dina mbengi, kanthi suwasanane sing kapenak dikancani karo panganan lan ombeane lan pelayanane sing grapyak. Cahya kutha sing tenan-tenan ayu isa kethok saka kene. Panggonan sing direkomendasikake kanggo ngentekake wektu bareng pasangan, kaluwarga utawa kanca raket.","Tempat ini salah satu tempat favourite saya untuk melihat bogor di malam hari, dengan suasananya yang nyaman ditemani dengan makanan dan minumannya serta pelayanannya yang ramah. Cahaya kota yang benar-benar indah bisa terlihat dari sini. Tempat yang rekomendasi untuk menghabiskan waktu bersama pasangan, keluarga atau sahabat.","Restoran ini adalah salah satu favoritku untuk menikmati malam di kota, dengan suasana yang nyaman dan dilengkapi dengan makanan dan minuman yang lezat serta pelayanan yang ramah. Cahaya kota yang indah bisa terlihat dari sini. Restoran yang direkomendasikan untuk menghabiskan waktu bersama pasangan, keluarga, atau teman-teman.",0.94759601354599
"Gela karo proses mbatalne tiket, wis 43 dina nanging ora ndang ditransfer. loket ora gelem ngelayani","Kecewa dengan proses pembatalan tiket, sudah 43 hari tapi tak kunjung ditransfer. loket tidak mau melayani","Kami telah membatalkan tiket 43 hari yang lalu, tetapi uang belum dikembalikan. Loket tidak mau melayani.",0.9136947393417358
"Pilian mangan lan ngombene akeh kanggo dipilih. Lan panggone gede, dibagi dadi pirang-pirang bagian lan konsep. Lak rega cukupan pas kanggo ning sak.","Pilihan makan dan minuman banyak untuk dipilih. Dan tempatnya besar, dibagi menjadi beberapa bagian dan konsep. Untuk harga cukup pas buat di kantong.","Pilihan makanan dan minuman banyak yang bisa dipilih. Dan tempatnya luas, dibagi menjadi beberapa bagian dan konsep. Harga yang ditawarkan juga cukup terjangkau.",0.9529188871383667
"Restoran gaya jaman bityen. Ana display kue-kue, es krim uga. Suwasanane nyaman. Panganan khas omahan. Isa dinggo rombongan utawa karo kaluwarga. Panganane enak. Sega ulame enak. Sega tutug oncome uga oke. Masakan eropa, asia, nusantara kasadia ning kene. Karek milih. Bocah-bocah seneng mangan es krime ning kene.","Restoran bergaya zaman dahulu. Ada display kue-kue, es krim juga. Suasana nyaman. Makanan khas rumahan. Bisa untuk rombongan maupun dengan keluarga. Makannya enak. Nasi ulamnya enak. Nasi tutug oncomnya juga oke. Masakan eropa, asia, nusantara tersedia di sini. Tinggal pilih. Anak-anak suka makan es krimnya di sini.","Restoran bergaya zaman kolonial. Ada display kue-kue, es krim juga. Suasana nyaman. Makanan khas rumah. Bisa digunakan untuk acara kelompok atau bersama keluarga. Makanannya enak. Segala ulamannya enak. Segala tutug oncomnya juga oke. Masakan Eropa, Asia, Nusantara tersedia di sini. Banyak pilihan. Anak-anak suka makan es krim di sini.",0.961358368396759
"Salah sijine jeneng batagor sing kondhang ing bandung. Rasane nikmat, kanggo rega per buwahe rp. 10 ewu. Pesen 3 buwah kanggo aku cukup maregi amarga ukuran per buwahe cukup gedhe.","Salah satu nama batagor yang terkenal di bandung. Rasanya nikmat, untuk harga per buahnya rp. 10 ribu. Order 3 buah untuk saya cukup mengenyangkan karena ukurannya per buahnya cukup besar.","Salah satu nama batagor yang terkenal di Bandung. Rasanya enak, dengan harga per bungkus Rp. 10.000. Pesan 3 bungkus untuk saya cukup mengenyangkan karena ukurannya per bungkus cukup besar.",0.9630470275878906
Tau percaya karo body lotion citra nggarai wulu tambah akeh,Pernah percaya kalau body lotion citra bikin bulu tambah banyak,Tahu percaya dengan body lotion Citra membuat bulu semakin banyak.,0.9317373633384705
Macet nang ngendi-ngendi yen lagi preinan.,Macet di mana-mana kalau lagi liburan,Macet di mana-mana saat jam pulang kerja.,0.9347816705703735
"Tulung dikabarne kronologi lengkape, pulsa awit karo keri karo nyebutne tim ya mas/mbak, tim bakale ngecek transaksi penggaweane pulsane","Mohon informasikan detail kronologi, pulsa awal dan akhir dengan mention tim ya kak, tim akan cek transaksi pemakaian pulsanya","Tolong beritahu kronologi lengkapnya, mulai dari awal hingga menyebutkan tim ya mas/mbak, tim akan memeriksa transaksi pekerjaan pulsa tersebut.",0.9004563689231873
"Area mangan ing njabane nyenengake. Igane oke, rasane enak. Jus jeruke ditambah stroberine nikmat. Regane uga oke.","Area makan di luarnya menyenangkan. Iganya oke, rasanya enak. Jus orange plus stroberinya nikmat. Harganya pun oke.","Makan di restoran ini menyenangkan. Makanannya enak, terutama jus jeruk dengan stroberi yang lezat. Harganya juga terjangkau.",0.9230595231056213
Kanggo kowe sek nggolek resto kanthi suwasana sek romantis ora salah maneh uga moro mrene. Lan yen kurang kowe pas-pasan pesen wae menu sek entheng-entheng. Aja diapusi karo gambar ana ing buku menu yen ora pengen nyesel. Menu sukine luwih oke namung kayane ngapae ya adoh-adoh macet-macetan mara mrene mung nggolek kuwi. Ing kutha luwih afdol kayane. Pemandangane jogja mbengine nyekel.,Buat anda yang mencari resto dengan suasana yang romantis tidak salah lagi ke sini saja. Dan kalau rendah anda pas-pasan pesan saja menu yang ringan-ringan. Jangan terkecoh dengan picture di buku menu kalau tidak mau menyesal. Menu sukinya lebih oke tapi kayaknya ngapain ya jauh-jauh bermacet ria ke sini cuma mencari itu. Di kota lebih afdol kayaknya. Pemandangan jogja malamnya memegang.,"Untuk kalian yang sedang mencari restoran dengan suasana yang cukup romantis tidak akan salah lagi datang ke sini. Dan jika kalian pas-pasan bisa memesan menu yang ringan-ringan saja. Jangan sampai kalian salah pilih menu karena gambar di buku menu terkadang menipu. Menu favoritku sih oke tapi rasanya nggak sebanding dengan macet yang jauh-jauh hanya untuk mencari tempat ini. Di kota lebih afdol kayaknya. Pemandangannya sih oke, jogja banget.",0.9214317798614502
Rasane meh pada karo resto sing liyane sing dodolan iwak laut. Aman resik lan pelayanane cepet,Rasanya hampir sama dengan resto yang lain yang jualan seafood. Aman bersih dan pelayanannya cepat.,"Rasanya ingin kembali ke restoran lain yang menjual makanan laut. Aman, bersih, dan pelayanannya cepat.",0.9446073174476624
Hasil itung cepet dinyatakne seje karo hasil survei nggarai aku nggumun.,Hasil quick count dinyatakan berbeda dengan hasil survei membuat saya bertanya-tanya.,Hasil hitung cepat yang diumumkan sesuai dengan hasil survei membuatku terkejut.,0.9108636975288391
"Kapisan marang mrene kuwi ngerayakake kelulusan adikku, panggonane kuwi loh, apik tenan. Desaine uga unik, apik, kapenak, kapenak, cocok tenan kanggo mangan mbengi bareng kaluwarga, pasangan, sedulur, lan kanca-kanca, pemandangane uga apik, panganane uga enak-enak. Regane sebanding karo pelayanane, ora gela marang mrene. Bener-bener direkomendasikake.","Pertama ke sini itu merayakan kelulusan adikku, tempatnya itu loh, keren banget. Desainnya juga unik, keren, nyaman, nyaman, cocok betul untuk makan malam bareng keluarga, pasangan, saudara, dan teman-teman, pemandangannya juga keren, makanannya juga enak-enak. Harga sebanding dengan pelayanannya, tidak menyesal ke sini. Sangat-sangat direkomendasikan.","Suatu hari ke sini itu untuk merayakan kelulusan adikku, tempatnya ini lho, sangat bagus. Desainnya juga unik, bagus, nyaman, nyaman, sangat cocok untuk makan malam bersama keluarga, pasangan, saudara, dan teman-teman, pemandangannya juga bagus, makanannya juga enak-enak. Harga sesuai dengan layanannya, tidak kecewa ke sini. Sangat direkomendasikan.",0.9714946150779724
"Kabisan ngerteni woconan mben uwong kuwi seje-seje, ana sing pisan moco langsung ngerti, ana uga sing butuh ping bolak-balik moco disik lagek ngerti.","Kemampuan memahami bacaan tiap orang itu beda-beda, ada yang sekali baca sudah paham, ada juga yang butuh berkali-kali baca dulu baru paham.","Setiap orang memahami tulisan dengan cara yang berbeda-beda, ada yang bisa langsung mengerti setelah membaca sekali, ada juga yang perlu membaca berulang kali untuk mengerti.",0.9330609440803528
Wow tenan kaget karo layanan satuan pengamanane bkpn bromo malang. Tenan diskriminasi banget. Yen aku mung pengen informasi babagan produke deknen. Dhewe diremehake. Cenderung ngusir. Kuciwa tenan!,Wow benar-benar terkejut sama layanan satuan pengamanannya bkpn bromo malang. Benar diskriminasi banget. Kalau kita hanya mau informasi tentang produk mereka. Kita disepelekan. Cenderung mengusir. Kecewa sekali!,"Wow benar-benar kecewa dengan layanan keamanan BKPN Bromo Malang. Benar-benar diskriminatif. Saat saya hanya ingin informasi tentang produk mereka, saya diremehkan. Mereka cenderung mengusir. Sangat kecewa!",0.9093565344810486
"Bandung terkenal dadi panggon produksi tahu lokal karo kuwalitas apik, salah siji sing paling apik isa digoleki ning warung talaga. Deweke nduwe pabrik dewe ning dalan Jendral sudirman, nanging ngembangne bisnise dadi sajian kuliner uga. Ana rena-rena pilihan sajian tahu. Direkomendasikne banget dinggo pecinta kuliner.","Bandung terkenal sebagai tempat produksi tahu lokal dengan kualitas prima, salah satu yang terbaik bisa dicari di warung talaga. Mereka punya pabrik sendiri di jalan Jendral sudirman, tapi mengembangkan bisnisnya menjadi sajian kuliner juga. Ada berbagai pilihan sajian tahu. Sangat direkomendasikan bagi pecinta kuliner.","Bandung terkenal sebagai tempat produksi tahu lokal dengan kualitas baik, salah satu yang terbaik bisa ditemukan di warung talaga. Mereka memiliki pabrik sendiri di Jalan Jenderal Sudirman, tetapi mengembangkan bisnisnya menjadi sajian kuliner juga. Ada berbagai pilihan sajian tahu. Sangat direkomendasikan untuk para pencinta kuliner.",0.9818593859672546
Tulung dikirimke meneh tagihanku sasi wingi,Mohon dikirimkan kembali tagihan saya bulan lalu,Tolong kirimkan kembali tagihan saya bulan lalu.,0.9547936320304871
"Salah siji menu paling tak senengi iku mcflurry rena-rena rasa liyane paket karo iwak pitik loro. Rumangsaku, pitike mcd nduwe citarasa dewe ning bagian dodone yo teksture alus lan bumbune gurih.","Salah satu menu favorit saya adalah mcflurry aneka rasa selain menu paket dengan dua ayam. Menurut saya, ayam mcd memiliki citarasa tersendiri di bagian dadanya pun memiliki tekstur yang lembut dan bumbunya gurih.","Salah satu menu favoritku adalah McFlurry dengan berbagai rasa, biasanya dikemas bersama dua potong ayam goreng. Menurutku, ayam goreng McDonald's memiliki cita rasa khas pada bagian kulitnya, dengan tekstur yang renyah dan bumbu yang gurih.",0.9246444702148438
Aku ngrasa kaganggu ndelok parkiran mobil uwong nutupi dalan umum.,Saya merasa terganggu melihat parkiran mobil orang menutupi jalan umum.,Saya merasa terganggu melihat parkiran mobil orang yang menutupi jalan umum.,0.9921556711196899
"Satene gedi-gedi. Bumbune dipisah. Diwehi rajangan brambang lan lombok riwit didang, porsi lontong karo segane uga pas. Pokoke aku seneng.","Satenya besar-besar. Bumbunya dipisah. Dikasih irisan bawang merah dan cabe rawit dikukus, porsi lontong sama nasinya juga pas. Pokoknya saya suka.","Dagingnya empuk-empuk. Bumbu terpisah. Diberi irisan bawang merah dan cabai rawit, porsi lontong dan sayurannya juga pas. Pokoknya saya senang.",0.944732666015625
"Yen didelok-delok, sandiaga uno karo nadiem makarim mirip yo","Kalau dilihat-lihat, sandiaga uno sama nadiem makarim mirip ya","Jika dilihat-lihat, Sandiaga Uno dan Nadiem Makarim mirip ya.",0.9186431169509888
Sugeng enjang. Wah kuciwa tenan mosok indihome internet ora kocek maneh. Aku kuwi mbayar larang. Aja nguciwakake dhewe sing dadi pelanggan,Selamat pagi. Wah kecewa berat masa indihome internet tidak kocek lagi. Saya itu bayar mahal. Jangan kecewakan kami sebagai pelanggan,Selamat pagi. Wah kecewa sekali ternyata indihome internet tidak ada sinyal lagi. Aku ini bayar mahal. Jangan kecewakan sendiri yang jadi pelanggan.,0.9494325518608093
"Sopir ora teka ing panggonan kang dituju, nanging ing aplikasi wis picu munggah, lan gopay wis kapotong, kapok aku nganggi gojek","Driver tidak datang ke tempat tujuan, tetapi di aplikasi sudah picu naik, dan gopay sudah terpotong, kapok saya pakai gojek","Sopir tidak sampai ke lokasi tujuan, tetapi di aplikasi sudah tercatet sebagai selesai, dan pembayaran sudah terpotong, kapok aku pakai gojek.",0.9511803388595581
"Panganan ning kene menurutku kurang enak ya, merga aku wong minang, aku ora tek seneng pangana  jawa sing legi hehe","Makanan di sini menurut saya kurang enak ya, karena saya orang minang, saya tidak terlalu suka makanan jawa yang manis hehe","Makanan di sini menurutku kurang enak, karena aku orang Minangkabau, aku tidak terlalu suka makanan Jawa yang pedas hehe",0.9659062623977661
"Pajak, kak, arep njaluk nomor efin, sakdurunge wis aktifasi, namung lali password akun djponline,","Pajak, kak, mau minta nomor efin, sebelumnya sudah aktifasi, tapi lupa password akun djponline,","""Kak, saya ingin meminta nomor e-FIN, sebelumya sudah diaktifkan, tetapi saya lupa password akun DJP Online.""",0.9186566472053528
Musim udan kaya iki saban udan mesthi ora tenang wedi kabanjiran.,Musim hujan begini setiap hujan pasti tidak tenang takut kebanjiran.,Musim hujan seperti ini setiap tahun pasti tidak tenang karena takut banjir.,0.9336968660354614
Sate wedus H. Ihsan iki cukop terkenal ning tegal. Lak ora iso marani panggon ning pusate. Sampeyan isa uga nemokne sate wedus H Ihsan ning pirang-pirang panggon mangan ning kutha tegal.,Sate kambing H. Ihsan ini cukup terkenal di tegal. Apabila tidak bisa mengunjungi lokasi di pusatnya. Anda bisa juga menemukan sate kambing H Ihsan di beberapa tempat makan di kota tegal.,Sate kambing H. Ihsan ini cukup terkenal di Tegal. Jika tidak bisa berkunjung ke tempat utamanya. Anda juga bisa menemukan sate kambing H. Ihsan di berbagai tempat makan di kota Tegal.,0.9830498099327087
"Saka okehe restoran sunda ing Bandung, miturutku Ciganea salah siji favoritku. Aku seneng amarga pithike khas, digorenge ora patio garing. Terus sambele uga ora kalah enak. Menu sing liya uga enak. Panggonane kaya omah, ora patio gedhe nanging cukuplah, lan uga resik.","Dari banyaknya restoran sunda di Bandung, menurut saya Ciganea salah satu favorit saya. Saya suka karena ayamnya khas, digorengnya tidak terlalu kering. Lalu sambalnya pun tidak kalah enak. Menu yang lain pun enak. Tempatnya seperti rumah, tidak terlalu besar tapi cukuplah, dan juga bersih.","Dari berbagai restoran Sunda di Bandung, menurutku Ciganea adalah salah satu favoritku. Aku suka karena ikan pithiknya khas, digoreng tidak terlalu garing. Lalu sambalnya juga tidak kalah enak. Menu lainnya juga enak. Tempatnya seperti rumah, tidak terlalu besar tetapi cukuplah, dan juga bersih.",0.9723256230354309
"Hotel iki uwes ngadeg saka telung puluh tahun sing kapungkur, sakdurunge aku lair. Panginepan kapisan ning kota iki. Saiki uwis akeh ngadeg hotel ning kene.","Hotel ini sudah berdiri sejak tiga puluh tahun yang lalu, sebelum saya lahir. Penginapan pertama di kota ini. Sekarang sudah banyak berdiri hotel di sini.","Hotel ini sudah berdiri sejak tiga puluh tahun yang lalu, sebelum aku lahir. Tempat menginap yang langka di kota ini. Sekarang sudah banyak hotel berdiri di sini.",0.977339506149292
"Panganan ning kene pada kaya kfc liyane. Pithik gorenge krispi, gurih, lan enak.","Makanan di sini sama seperti kfc lainnya. Ayam gorengnya crispy, gurih dan enak","Makanan di sini mirip dengan KFC. Ayam gorengnya renyah, gurih, dan enak.",0.9600620269775391
"Piye ora nesu ora, kena php indosat terus kie. Pulsane kepotong ludes ora ana turahe.","Bagaimana tidak marah coba, kena php indosat terus nih. Pulsa selalu terpotong ludes tak tersisa.","Bagaimana tidak marah, kena tipu terus oleh Indosat. Pulsanya dipotong habis tanpa sisa.",0.9181895852088928
"Pelayanane batik air bisnis class ing halim nguciwakake, gelas reged / mambu, tv ora ana nganggo alesan pesawat anyar, aling methuk saka medhuk pesawat diilangake","Pelayanan batik air bisnis class di halim mengecewakan, gelas kotor / bau, tv tidak ada dengan alasan pesawat baru, penjemputan dari turun pesawat dihilangkan","Pelayanan batik air bisnis class di Halim menyajikan, gelas plastik/kertas, tv tidak ada dengan alasan pesawat baru, paling menyedihkan dari sekian banyak maskapai penerbangan yang pernah saya naiki.",0.9012234210968018
Ngganggo laurier dobel pas arep turu pas menstruasi ben ora bocor,Pakai laurier double pas mau tidur saat menstruasi biar tidak bocor,Menggunakan pembalut ganda saat tidur saat menstruasi agar tidak bocor.,0.9284799098968506
"Panggon mangane sederhana banget, nanging rasane juara. Komposisi bumbu kacange pas lan porsine ora tek akeh. Pengunjung sing teka rame banget.","Tempat makannya sangat sederhana, namun rasanya juara. Komposisi bumbu kacangnya pas dan porsinya tidak terlalu besar. Pengunjung yang datang sangat ramai.","Makanannya sederhana sekali, tetapi rasanya juara. Komposisi bumbu kacangnya pas dan porsinya tidak terlalu banyak. Pengunjung yang datang sangat ramai.",0.9871130585670471
"Panggonan lan arsitektur panggonan iki oke banget, mung yen panganane lan ombeane ing kene ora patia maer. Enak kanggo mateni bareng kanca-kanca.","Lokasi dan arsitektur tempat ini oke banget, cuma kalau makanan dan minuman di sini tidak terlalu istimewa. Enak buat bunuh bareng teman-teman.","Desain dan arsitektur restoran ini sangat bagus, hanya saja makanan dan minuman di sini tidak terlalu istimewa. Bagus untuk berkumpul bersama teman-teman.",0.9457424283027649
Rasa panganan biasa ae lan suasanane ora istimewa dadi pisan ketekan wis cukup.,Rasa makanan biasa saja dan suasana tidak istimewa sehingga sekali kedatangan sudah cukup.,"Makanan dan suasananya biasa-biasa saja, jadi meskipun sudah cukup, masih terasa kurang.",0.9080518484115601
Sing nglarang GBK didadekake panggonan konser pada songong-songong banget dah. Suket ning lapangan sapa sing pengin ngopeni yen ora ana duwit konser. Urung meneh kursi sing seneng dirusak supporter bal. Aduh.,Yang melarang GBK dijadikan venue konser pada songong-songong amat dah. Rumput di lapangan siapa yang mau pelihara kalau tidak ada duit konser. Belum lagi kursi yang suka dirusak supporter bola. Aduh.,"Yang melarang GBK dijadikan tempat konser pada dasarnya sangat konyol. Rumput di lapangan, siapa yang mau merawatnya jika tidak ada uang konser. Belum lagi kursi yang sering dirusak oleh para supporter bola. Aduh.",0.9353424906730652
Gendeng ya. Pesen mix platter ae sampek luwih saka 30 menit. Takon nyang pelayane malah minggat. Ora responsif. Suwi.,Gila ya. Pesan mix platter saja sampai lebih dari 30 menit. Bertanya ke pelayannya malah kabur. Tidak responsif. Lama.,Gila ya. Pesan mix platter saja sampai lebih dari 30 menit. Tanya yang pelayan malah menghilang. Tidak responsif. Lama.,0.9708525538444519
"Pas jenuh karo oleh oleh khas bandung sing wis ana, dadi roti bakar tunggal isa dadi pilihan. Aku kerep tuku roti marie sing dibakar karo rasa sing enaakk, uga roti bakar karo rasa keju utawa coklate. Biasane aku tuku ning konter roti bakar tunggal ning paskal hyper square. Regane ancen rodok larang, nanging rumangsaku meh podo karo panganan oleh-oleh. Dadi ya ora isa uga diomongne larang. Lan toh rasane enak.","Saat jenuh dengan oleh oleh khas bandung yang sudah ada, maka roti bakar tunggal bisa menjadi pilihan. Saya sering beli roti marie yang dibakar dengan rasa yang yuummy, juga roti bakar dengan rasa keju atau coklatnya. Biasanya saya beli di counter roti bakar tunggal di paskal hyper square. Harganya memang agak mahal, tapi saya rasa hampir sama dengan makanan oleh-oleh. Jadi ya tidak bisa juga dibilang mahal. Dan toh rasanya enak.","Saat bosan dengan oleh-oleh khas Bandung yang sudah ada, jadi roti bakar tunggal bisa jadi pilihan. Aku sering beli roti marie yang dibakar dengan rasa yang enak, juga roti bakar dengan rasa keju atau cokelat. Biasanya aku beli di konter roti bakar tunggal di Paskal Hyper Square. Harga memang agak mahal, tapi menurutku sebanding dengan makanan oleh-oleh. Jadi ya tidak bisa juga disebut mahal. Lagipula rasanya enak.",0.9605386853218079
"Lunga bareng kaluwarga mangan mbengi, regane larang kanthi rasa sing biasa bae.","Pergi bersama keluarga makan malam, harganya mahal dengan rasa yang biasa saja.","Makan malam bersama keluarga, harganya mahal tetapi rasanya biasa saja.",0.9491047859191895
"Sugeng siang, biaya administrasi rek simpedes tp 5.500, - / sasi. Maturnuwun era","Selamat siang, biaya administrasi rek simpedes rp 5.500, - / bulan. Terima kasih era","Selamat siang, biaya administrasi rekening Simpedes adalah Rp 5.500, - per bulan. Terima kasih.",0.9427481293678284
"Panggonan kapenak lan enak, kala-kala didadekake panggonan foto pre-wedding","Tempat nyaman dan enak, kadang dijadikan tempat foto pre-wedding","Tempat yang nyaman dan indah, terkadang digunakan sebagai tempat foto pre-wedding.",0.9664497375488281
"Pelayanane apik banget, lan muasne saka segi panggon, apik banget isa ndelok pemandangan kutha pas wengi saka segi panganan, apik pol! Panganane enak banget ora nyesel ngge mara rene.","Pelayanannya sangat bagus, sangat memuaskan dari segi tempat, indah sekali bisa melihat pemandangan kota di malam hari dari segi makanan, terbaik! Makanannya enak sekali tidak menyesal untuk datang ke sini.","Pelayanannya sangat baik, dan puas dari segi pengunjung, sangat bagus bisa melihat pemandangan kota saat malam dari restoran, sangat puas! Makanannya enak sekali tidak menyesal datang ke sini.",0.9637431502342224
Arif tuku jaket billabong sek paling anyar,Arif membeli jaket billabong yang terbaru,Arif membeli jaket Billabong yang paling baru.,0.930536687374115
"Warung mangan sing uwis teka wiwit suwi lan uwis dadi kaya legenda kayane saiki uwis buka cabang. Terkenal amarga konsisteni rasa -ne uwis pirang-pirang tahun, sanadyan bangunan asli uwis dibongkar nanging kaasliane tetep dijaga lan tetep engel parkir. Sawetara wektu kepungkur ana setithik pangowahan nalika ibu chef utama uwis ora ketok maneh.","Warung makan yang telah hadir sejak lama dan telah menjadi semacam legenda, mungkin sekarang sudah buka cabang. Terkenal karena konsistensi rasa -nya selama bertahun-tahun, meskipun bangunan asli telah dipugar tetapi keaslian masih tetap dijaga dan tetap susah parkir. Beberapa waktu terakhir ada sedikit perubahan ketika ibu chef utama sudah tidak terlihat lagi.","Restoran yang sudah ada sejak lama dan telah menjadi legenda sepertinya sudah membuka cabang. Terkenal karena konsistensi rasa yang telah bertahan selama bertahun-tahun, meskipun bangunan aslinya sudah dibongkar, keasliannya tetap dijaga dan tetap menyediakan tempat parkir. Beberapa waktu lalu ada sedikit kekhawatiran ketika koki utama tidak lagi muncul.",0.9426736831665039
Menehi bantuan nyang korban bencana dinggo pencitraan percuma. Apameneh dinggo publikasi. Sepurane banget. Muak aku.,Memberikan bantuan ke korban bencana untuk pencitraan percuma. Apalagi untuk publikasi. Maaf banget. Muak saya.,Memberikan bantuan kepada korban bencana hanya untuk pencitraan dan publikasi. Sangat tidak pantas. Aku muak.,0.9371569156646729
Rasa panganane biasa bae lan regane larang. Panggonane uga biasa. Lokasine ora patia adoh saka tengah kutha.,Rasa makanannya biasa saja dan harganya mahal. Tempatnya juga biasa. Lokasinya juga terlalu jauh dari pusat kota.,Makanannya biasa saja dan harganya mahal. Pelayanannya juga biasa. Lokasinya tidak terlalu jauh dari pusat kota.,0.9762796759605408
Dingge mara nyang panggon iki dalane macet banget lan adoh saka pusat kutha. Saktekane ning kana ora ana bab sing spesial sing nggarai perjalanan adoh kebayar. Menune biasa ae.,Untuk menuju ke tempat ini jalannya sangat macet dan jauh dari pusat kota. Sesampainya di sana tidak ada hal yang spesial yang membuat perjalanan jauh terbayarkan. Menunya biasa saja.,Jangan pergi ke daerah ini karena jalannya sangat macet dan jauh dari pusat kota. Tidak ada hal khusus yang membuat perjalanan jauh itu terbayar. Hanya makanan biasa saja.,0.9515517354011536
Rasa rotine enak. Variasi roti lan pacetane sing didol akeh. Rega standar. Paling seneng karo roti taware. Seneng.,Rasa rotinya enak. Variasi roti dan cemilan yang dijual banyak. Harga standar. Paling suka sama roti tawarnya. Suka.,Rasa roti ini enak. Ada banyak variasi roti dan harganya terjangkau. Harga standar. Yang paling saya suka adalah roti tawar. Saya senang.,0.9436323046684265
"Deknen kuwi sapa sih? Kok isi beritane deknen kabeh, mbokane deknen mantan narapidana kae","Dia ini siapa sih? Kok isi berita dia semua, bukannya dia mantan narapidana itu","""Orang itu siapa sih? Kok isinya berita tentang orang itu semua, mungkin orang itu mantan narapidana.""",0.9289135932922363
"Pengin mangan karo nikmati suwasana paris? Ora usah adoh-adoh menyang prancis, cukup menyang paris van java alias bandung. Braga permai iki rekomendasi banget kanggo mangan karo santai-santai. Panganane enak, regane mlebu akal lan suwasanane kapenak banget apamaneh meja sing ning jaba. Mangan karo nikmati suwasana bandung jaman mbiyen.","Ingin makan sembari menikmati suasana paris? Enggak usah jauh-jauh ke prancis, cukup ke paris van java alias bandung. Braga permai ini rekomendasi banget buat makan sambil santai-santai. Makanannya enak, harganya masuk akal dan suasananya nyaman banget apalagi meja yang di luar. Makan sambil menikmati suasana bandung tempo dulu.","Ingin makan dan menikmati suasana Paris? Tidak perlu jauh-jauh ke Prancis, cukup ke Paris van Java alias Bandung. Braga Permai sangat direkomendasikan untuk makan dan bersantai. Masakannya enak, harganya terjangkau, dan suasananya sangat nyaman, apalagi meja yang ada di luar ruangan. Nikmati suasana Bandung zaman dulu saat makan.",0.9240961074829102
Yogyakarta iki ing saben pojokan dalan akeh hotel. Nanging eman. Kanggo kelas bintang 3 bae rega luwih larang kanthi pelayanan sing ora sepadan.,Yogyakarta ini di tiap sudut jalan banyak hotel. Tapi sayang. Untuk kelas bintang 3 saja harga lebih mahal dengan pelayanan tidak setara.,"Di Yogyakarta, di setiap sudut jalan banyak hotel. Namun, sayangnya, untuk kelas bintang 3 harga yang ditawarkan lebih mahal dibandingkan dengan layanan yang diberikan.",0.9440842866897583
Bakmine enak. Ditambah daging rica2ne mantep banget. Rasane si pedes-pedes nanging nikmat. Mangan siji krasa kurang tah.,Bakminya enak. Ditambah daging rica2nya super mantap. Rasanya sih pedas-pedas tapi nikmat. Makan satu berasa kurang deh.,Bakminya enak. Ditambah daging dan sambalnya sangat pas. Rasanya pedas-pedas tetapi nikmat. Makan satu porsi terasa kurang.,0.9472246766090393
Aplikasi bni mobile banking tulung didandani soale arep aktivasi akun ora isa.,Aplikasi bni mobile banking mohon diperbaiki soalnya mau aktivasi akun tidak bisa.,Tolong perbaiki aplikasi BNI mobile banking karena saya tidak bisa mengaktifkan akun.,0.9311876893043518
Anti nganggo power bank wiwit handphone samsungku bocor bateraine sakbanjure dingokake kuwi.,Anti pakai power bank semenjak handphone samsung gue bocor baterenya setelah dipakaikan gituan.,Aku menggunakan power bank sebelum baterai handphone Samsung-ku bocor.,0.9090101718902588
"Botol uc1000 angel banget dibukake tah, marakna tangan lara","Botol uc1000 susah banget dibukanya dah, bikin tangan sakit","Botol itu sangat sulit dibuka, sehingga tanganku sakit.",0.896189272403717
"Nggolek suwasana nostalgia ing jogja, panggonan iki yaiku pilian sing pas! Menu panganane didominasi panganan-panganan sing kena pengaruh gaya panganan landa. Kasenenganku stik sirloin. Restoran iki uga ndhuweni toko roti kanthi pilian roti gaya jaman mbiyen.","Mencari suasana nostalgia di jogja, tempat ini adalah pilhan yang tepat! Menu makanan didominasi makanan-makanan yang dipengaruhi gaya makanan belanda. Favorit saya steak sirloin. Restoran ini juga memiliki toko roti dengan pilihan roti bergaya zaman dahulu.","Mencari suasana nostalgia di Yogyakarta, tempat ini adalah pilihan yang pas! Menu makanannya didominasi makanan-makanan yang dipengaruhi gaya makanan eropa. Kesukaanku adalah stik sirloin. Restoran ini juga memiliki toko roti dengan pilihan roti bergaya zaman dulu.",0.96890789270401
Ketua dpr ngapresiasi pilkada barengan sing mlaku damai.,Ketua dpr mengapresiasi pilkada serentak yang berlangsung damai.,Ketua DPR mengapresiasi Pilkada serentak yang berjalan damai.,0.9665981531143188
Ngurus gaji karyawan dhewe wae ora isa jare arep ngurus bumn. Mikir nganggo utek,Mengurus gaji karyawan sendiri saja tidak becus konon mau mengurus bumn. Mikir pake otak,"Mengelola gaji karyawan sendiri saja tidak bisa, apalagi mengelola BUMN. Pikir menggunakan otak.",0.9171665906906128
Ning indonesia pilihan merek telepon seluler kan melimpah. Lak ora seneng cara xiaomi nglakokne bisnise ya kari milih merek liya. Digawa santai wae.,Di indonesia pilihan merek telepon seluler kan melimpah. Kalau tidak suka cara xiaomi menjalankan bisnisnya ya tinggal pilih merek lain. Dibawa santai saja.,Di Indonesia pilihan merek telepon seluler memang melimpah. Kalau tidak suka cara Xiaomi menjalankan bisnisnya ya pilih merek lain saja. Ambil yang santai saja.,0.9598491787910461
"Nate mangan ning poolside hotel hilton? Jan ora rekomendasi kanggo rasa lan rega. Panganane kurang rasane, aku nggawa 20 uwong, kabeh gela.","Pernah makan di poolside hotel hilton? Sangat tidak rekomendasi untuk rasa dan harga. Makanan kurang rasa, gue bawa 20 orang, semua kecewa.","Nate makan di poolside hotel Hilton? Jangan, tidak direkomendasikan untuk rasa dan harga. Makanannya kurang rasanya, saya bawa 20 orang, semua kecewa.",0.9502705931663513
Panggonane unik. Karo mangan uga dimanjakake kaliyan panggonan sing sarwa unik. Akeh kayu kayu lan galerine. Kanggo bocah uga aja kuatir. Ana dolanan bocahe. Dadi mangan dadi luwih santai.,Tempatnya unik. Sambil makan juga dimanjakan dengan tempat yang serba unik. Banyak kayu kayu dan galerinya. Buat anak juga jangan kuatir. Ada mainan anaknya. Jadi makan jadi lebih santai,Restorannya unik. Dengan makan juga dimanjakan dengan pemandangan yang sangat unik. Banyak pohon dan galeri. Untuk anak-anak juga jangan khawatir. Ada permainan anak-anak. Jadi makan menjadi lebih santai.,0.9544766545295715
"Yen marang rene aku mesthi pesen budin sambel roa. Budine digoreng dipasake karo sambel roa, enak. Panganan sing liyane uga enak nanging kanggo aku lan kaluwarga sing paling enak ing kene ya mangan budin karo ngombe kopi.","Kalau ke sini saya selalu pesan singkong sambal roa. Singkongnya digoreng dipadankan dengan sambal roa, enak. Makanan yang lainnya juga enak tetapi buat saya dan keluarga yang paling enak di sini ya makan singkong sambil minum kopi.","Jika ke sana, saya harus pesan budin sambel roa. Budinya digoreng dan disajikan dengan sambal roa, enak. Makanan lainnya juga enak tetapi untuk saya dan keluarga yang paling enak di sana adalah makan budin sambil minum kopi.",0.958781361579895
Telepone genggam eror pas kaping pisan diurupne,Telepon genggamnya eror pas pertama dinyalakan,Telepon genggam eror saat dinyalakan.,0.9487696886062622
Turu sing cukup saben dinane isa gawe awak ora kekeselen lan seger sawektu tangi ing dina esuk.,Tidur yang cukup tiap harinya bisa bikin badan tidak kecapekan dan segar ketika bangun di pagi hari.,Tidur yang cukup setiap hari dapat membuat tubuh tidak mudah lelah dan segar saat pagi tiba.,0.9390904307365417
Restoran iki romantis tenan kanthi pemandangane sing apik tenan ing dina mbengi,Restoran ini sangat romantis dengan pemandangannya yang sangat indah di malam hari,Restoran ini sangat romantis dengan pemandangan yang sangat indah di malam hari.,0.9771096706390381
"Sugeng sonten ibu, bab produk perbankan mandiri apa sing entuk dhewe rewangi? Yogi","Selamat sore ibu, perihal produk perbankan bank mandiri apa yang dapat kami bantu? Yogi","Selamat pagi Ibu, untuk produk perbankan mandiri apa yang mendapatkan penghargaan? Yogi",0.9413231015205383
"Suwasanane ing panggonan iki luwar biasa tenan. Pas kuwi dhewe teka ing sore ameh wengi, lan etuk panggonan sing ngadep ning air terjun. Gemricik banyu grojogan lan suwasana desa nambah nikmat suwasana mangan wengi dhewe pas kuwi. Panganan disajekake kanthi gaya tradisional lan rasane cukup apik kanggo ilate dhewe.","Suasananya di tempat ini sungguh luar biasa. Ketika itu kami datang pada senja menjelang malam, dan mendapatkan ruang yang menghadap ke air terjun. Gemericik air terjun dan suasana pedesaan menambah nikmat suasana makan malam kami ketika itu. Makanan disajikan dengan gaya tradisional dan rasanya cukup menarik untuk lidah kami.","Pemandangannya di tempat ini luar biasa. Saat datang di sore hari menjelang malam, dan mendapatkan tempat duduk yang menghadap ke air terjun. Gemericik air terjun dan suasana pedesaan menambah nikmat suasana makan malam itu sendiri. Makanan disajikan dengan gaya tradisional dan rasanya cukup baik untuk dinikmati.",0.9617404341697693
"Regane larang banget, padahal panganan sing didol panganan indonesia umume. Padahal kanggo nikmati panganan kaya ngene iki ing panggonan liyane adoh luwih murah. Sega goreng wae ing kene larang banget banget! Jengkel.","Harganya terlalu mahal, padahal makanan yang dijualkan makan indonesia umumnya. Padahal untuk menikmati makanan sejenis di tempat lain jauh lebih murah. Nasi goreng saja di sini mahal banget banget! Kesal.","Harganya sangat mahal, padahal makanan yang dijual di sini adalah makanan Indonesia pada umumnya. Padahal untuk menikmati makanan seperti ini di tempat lain jauh lebih murah. Nasi goreng saja di sini sangat mahal! Kesal.",0.964949369430542
Ana ing akun mycare ku sek keblokir kuwi wis aku tambahake nomer im3 ku sek anyar,Dalam akun mycare saya yang terblokir tersebut sudah saya tambahkan nomer im3 saya yang baru,Akun MyCare saya yang sebelumnya diblokir sudah saya tambahkan dengan nomor IM3 saya yang baru.,0.9305866956710815
120 peserta sing lulus iki bakale dibagi dadi 4 kelas karo jumlah masing masing 30 murid,120 peserta yang lulus ini akan dibagi menjadi 4 kelas dengan jumlah masing masing 30 siswa.,120 peserta yang lulus nanti akan dibagi menjadi 4 kelas dengan jumlah masing-masing 30 murid.,0.9767894148826599
"Apa iki, regane larang, pelayanane jan mines!","Apa ini, harga mahal, pelayanan minus!","Ini mahal harganya, pelayanannya sangat buruk!",0.9208338260650635
Aku ketemu karo deknen ing asrama panggonan dhewe manggon nalika isih mahasiswa,Saya bertemu dengannya di asrama tempat kami tinggal semasa mahasiswa dulu,Aku bertemu dengan kekasih di asrama saat masih menjadi mahasiswa.,0.9046638011932373
"Endi ki suwe banget konfirmasine? Iki uwis dibayar, uwis ngirimne bukti transfer, nanging e - tiket pancet ora metu? Aku gela, wegah digantung ngene.","Mana nih lama sekali konfirmasinya? Ini sudah dibayar, sudah mengirimkan bukti transfer, tetapi e - tiket tetap tidak keluar? Saya kecewa, tidak mau digantung begini.","Kenapa ini sangat lama konfirmasinya? Ini sudah dibayar, sudah kirim bukti transfer, tapi e-tiketnya macet tidak keluar? Saya gelisah, capek menunggu seperti ini.",0.9311641454696655
"Ndelok film indonesia ning tv iki, kadang nggarai pegel. Merga kayak-kayake indonesia ora ana masalah, merga kabeh lagi mlaku-mlaku ning luar negeri.","Menonton film indonesia di tv ini, kadang bikin jengkel. Karena seakan-seakan indonesia tidak ada masalah, karena semuanya lagi jalan-jalan di luar negeri.","Menonton film Indonesia di televisi ini, kadang membuat pusing. Karena sepertinya Indonesia tidak memiliki masalah, karena semua orang sepertinya sedang berjalan-jalan ke luar negeri.",0.9546459317207336
"Dasare ora ngerti kahanan kowe! Sinau beladiri udu nggo disombongke! Nanging kanggo nglindhungi awake dhewe! Gurumu dantemi apa maneh uwong tuwamu! Dasar iblis kowe, nyawa dibayar nyawa! Kowe ndhuwe utang siji nyawa! Lan nyawamu sing dadi bayarane!?","Dasar tak tau diri kau! Belajar beladiri bukan untuk di sombongkan! Tapi untuk melindungi diri sendiri! Guru lu aja lu pukulin apalagi orang tua lo! Dasar iblis kau, nyawa di bayar nyawa! Lu punya hutang satu nyawa! Dan nyawa lo yang jadi bayarannya!?","Dasar dia tidak mengerti batasanmu! Belajar seni bela diri bukan untuk dipamerkan! Tetapi untuk melindungi diri sendiri! Gurumu dipukuli apa lagi orang tuamu! Dasar iblis kau, nyawa dibayar dengan nyawa! Kau memiliki hutang satu nyawa! Dan nyawamu yang akan menjadi pembayarannya!?",0.942837119102478
"Lak nyang mangkok iwak pitik mesti tuku kwetiaew sirame, lak didelok kayake sing sitik, nangis pas dipangan beh, akeh banget lak kanggo porsiku, kwetiaw sirame sik juara ning kene timbang nggon liya, tenan. Sambele uga sekeca banget karo seleraku.","Kalau ke mangkok ayam pasti beli kwetiaw siramnya, kalau dilihat seperti yang sedikit, tetapi pas dimakan beuh, banyak sekali kalau buat porsi saya, kwetiaw siramnya masih juara di sini dari pada di tempat lain, sungguh. Sambelnya juga sesuai banget sama selera saya.","Kalau yang mangkuk ikan pitek pasti harus beli kwetiaw siram, kalau dilihat-lihat yang sedikit, nangis pas dimakan beh, banyak banget untuk porsi saya, kwetiaw siram yang juara di sini dibandingkan yang lain, benar. Sambalnya juga sangat cocok dengan selera saya.",0.9421411752700806
Atlet enom tanah air melu serpong run 2018 dinggo ajang nguji coba,Atlet muda tanah air ikuti serpong run 2018 untuk ajang uji coba,Atlet renang Indonesia berlaga di Asian Games 2018 sebagai ajang uji coba.,0.8997321128845215
"Penting lan sebarno negriku sing wis lara, pas oknum aparat dadi keparat, sing pener disalahne lan sing salah dipenerne","Penting dan sebarkan negeriku yang sudah sakit, kala oknum aparat jadi keparat, yang benar disalahkan dan yang salah dibenarkan","Penting dan sebenarnya negaraku yang sudah sakit, saat oknum aparat menjadi jahat, yang benar disalahartikan dan yang salah dibenarkan.",0.9442340731620789
Bis harapan jawa adoh luwih kapenak dibanding sing liyane,Bus harapan jaya jauh lebih nyaman dibandingkan yang lainnya,Bis harapan Jawa jauh lebih nyaman dibandingkan yang lain.,0.93421870470047
Tinggalen ae lak awakmu pancene wis waleh karo pacarmu lan pacaran ora ana gunane kanggo awakmu.,Tinggalkanlah kalau kamu memang sudah bosan sama pacar mu dan pacaran tidak ada gunanya buat kamu.,Tinggalin saja dia jika memang sudah tidak cocok dengan pacarmu dan pacaran tidak ada gunanya bagimu.,0.9516061544418335
"Isih percoyo karo omongane? Dee sing nutup rapet-rapet bobroke sifate, dee uga sing mbukak tabir aibe.","Masih percaya sama omongannya? Dia yang menutup rapat-rapat kebobrokan sifatnya, dia juga yang membuka tabir aibnya.","Masih percaya dengan omongannya? Dia yang menutup rapat-rapat borok sifatnya, dia juga yang membuka tirai aibnya.",0.9678281545639038
"Kafe iki, nduwe pirang-pirang cemilan sing top banget, tahu ning lumboenk karo vulkano risols jenenge. Sensasine unik saka wujude karo rasane nggarai sir maneh si maneh, dinggo sing penasaran oleh njajal wis.","Kafe ini, punya beberapa cemilan yang top banget, tahu di lumboenk sama vulkano risols namanya. Sensasi unik dari tampilan sama rasanya bikin mau lagi mau lagi, bagi yang penasaran boleh dicoba deh.","Kafe ini, memiliki berbagai camilan yang sangat populer, terutama lunpia dan vulkano risols. Sensasinya unik baik dari bentuk maupun rasanya yang membuat Anda ingin terus menerus mencobanya.",0.9001299738883972
2018 kpk nduweni tekad kanggo nuntaskae kasus e-ktp lan lbi.,2018 kpk bertekad menuntaskan kasus e-ktp dan blbi.,"Pada tahun 2018, KPK memiliki tekad untuk menyelesaikan kasus e-KTP dan lainnya.",0.8967306613922119
Namung penerbangan ing indonesia sing ora tahu ngeregani wektu. Uwis mbayar larang pelayanane tetep nguciwakake,Cuma penerbangan di indonesia yang tidak pernah ngehargai waktu. Sudah bayar mahal tetap pelayanannya mengecewakan,"Hanya penerbangan di Indonesia yang tidak menghargai waktu. Sudah membayar mahal, pelayanannya tetap mengecewakan.",0.9636378884315491
"Kanggo layanan bank ing akhir pekan sing lokasine ing bekasi, bapak isa teka marang kantor cab bank mandiri bekasi juanda","Untuk layanan bank di akhir pekan yang berlokasi di bekasi, bapak dapat datang ke kantor cab bank mandiri bekasi juanda.","Untuk layanan bank di akhir pekan yang lokasinya di Bekasi, Bapak bisa menuju ke kantor cabang Bank Mandiri Bekasi Juanda.",0.9503467082977295
susah banget ndelok segara sing saiki reget didadekake panggonan guwak sampah sembarangan,Sedih banget melihat laut yang sekarang kotor dijadikan tempat buang sampah sembarangan,Sangat menyedihkan melihat laut yang sekarang dipenuhi dengan sampah yang dibuang secara sembarangan.,0.9180783033370972
"Salah siji panggon mangan lan panggon nangkring sing direkomendasikne kanca sing oke banget. Panggone pancene lumayan munggah lak saka kutha, lan rodok mlebu-mlebu sampek ora ketok lak saka dalan utama. Nanging panganane enak, panggone asik, regane uga standar. Sik sumbut karo regane lah. Oleh lak nyang Malang dolan mrene maneh.","Salah satu tempat makan dan tempat nongkrong yang direkomendasikan teman yang oke sekali. Tempatnya memang lumayan naik kalau dari kota, dan agak masuk-masuk sampai tidak terlihat kalau dari jalan utama. Tapi makanannya enak, tempatnya asik, harganya juga standar. Masih sepadan dengan harga lah. Bolehlah kalau ke Malang datang ke sini lagi.","Salah satu tempat makan dan nongkrong yang direkomendasikan teman yang sangat bagus. Tempatnya memang agak masuk dari kota, dan agak tersembunyi sampai tidak terlihat dari jalan utama. Tetapi makanannya enak, tempatnya nyaman, harganya juga standar. Sesuai dengan harganya. Bagi yang berada di Malang silakan coba ke sini lagi.",0.9507592916488647
On the spot lagi tayang ing trans7,On the spot sedang tayang di trans7,On the spot lagi tayang di Trans7,0.9402421712875366
"Bener-bener iwak pitik goreng sing gurih lan nggarai aku ketagihan, sambel sing pedes nggarai sensasi mangan luwih mantep karo sega anget lan es teh manis","Benar benar ayam goreng yang gurih dan membuat saya ketagihan, sambal yang pedas membuat sensasi makan lebih mantap dengan nasi hangat dan es teh manis","Ikan lele goreng yang sangat renyah dan gurih membuat saya ketagihan, sambalnya yang pedas membuat sensasi makan lebih mantap bersama nasi panas dan es teh manis.",0.9538977146148682
Aku wis ndaftar namung ora entuk sms seka 5111.,Saya sudah registrasi tapi tidak dapat sms dari 5111.,Saya sudah mendaftar tetapi tidak menerima SMS dari 5111.,0.9676240086555481
"Mumpung lagi mlaku-mlaku marang bandunh sekaliyan nyempatake nyoba batagor sek paling enak ing kota kembang iki nganti ora sadar dhewe mesen luwih akeh seka kapasitas mangan dhewe wong loro: Bakso tahu goreng, siomay goreng lan batagor kuah, ayam kremes, lan es cendol lan dhewe uga kudu mbungkus mulih tahu yun yin pesenan dhewe akhire.","Mumpung sedang berjalan-jalan ke bandunh sekalian menyempatkan mencoba batagor yang terenak di kota kembang ini sampai tidak sadar kami memesan lebih banyak dari kapasitas makan kami berdua: Bakso tahu goreng, siomay goreng dan batagor kuah, ayam kremes, dan es cendol dan kami masih harus membungkus pulang tahu yun yin pesanan kami akhirnya.","Sambil berjalan-jalan ke Bandung, saya tidak sengaja mencoba batagor paling enak di kota ini hingga tanpa sadar saya memesan lebih banyak dari kapasitas makan saya berdua: Bakso tahu goreng, siomay goreng dan batagor kuah, ayam kremes, dan es cendol. Saya juga harus membungkus tahu yun yin pesanan saya akhirnya.",0.9504920840263367
"Njajal pesen shabu-shabu, menu anyar ning gading resto. Kuwalitas rasane cukup enak, regane kejangkau uga. Rekomendasi lak nggawa tamu utawa mung mangan wengi karo kaluwarga.","Mencoba memesan shabu-shabu, menu baru di gading resto. Kualitas rasa cukup enak, harga terjangkau pula. Rekomendasi bilamana membawa tamu atau sekadar makan malam bersama keluarga.","Coba pesan shabu-shabu, menu baru di restoran Gading. Kualitas rasanya cukup enak, harganya terjangkau juga. Rekomendasi untuk membawa tamu atau makan malam bersama keluarga.",0.9650648236274719
Oke. Wis tak kirim lewat pesen langsung,Oke. Sudah saya kirim via pesan langsung,Oke. Saya kirim melalui pesan langsung.,0.9597854018211365
"Kasamrawutan sing kadadean akhir debat loro pilgub jabar ing 14 mei 2018 sing kepungkur, marakke silang pendapat saka para kontestan debat.","Kericuhan yang terjadi pengujung debat kedua pilgub jabar pada 14 mei 2018 yang lalu, menimbulkan silang pendapat dari para kontestan debat.","Kegaduhan yang terjadi pada akhir debat pilgub Jawa Barat pada 14 Mei 2018 yang lalu, memicu perdebatan di antara para peserta debat.",0.9357028603553772
Isuk iki lali nyepot helm mas gojek bar mudun saka motor gara-gara nguber bis,Pagi ini lupa lepas helm abang gojek setelah turun dari motor gara-gara mengejar bus,Pagi ini lupa memakai helm pak Gojek baru turun dari motor karena mengejar bis.,0.944503128528595
"Restoran iki tansah top. Suasanane nyaman banget kanggo ngobrol karo kanca, sedulur utawa pasangan. Panganane uga enak. Sanajan aku biasane ora mangan abot. Soale paling seneng marang mrene sore nyedhak mbengi","Restoran ini selalu top. Suasananya nyaman banget buat ngobrol dengan teman, saudara atau pasangan. Makanannya juga enak. Walaupun saya biasanya tidak makan berat. Soalnya paling suka ke sini sore menjelang malam","Restoran ini selalu ramai. Suasana sangat nyaman untuk mengobrol dengan teman, saudara, atau pasangan. Makanannya juga enak. Meskipun biasanya saya tidak makan banyak, saya sangat menyukai tempat ini, terutama saat sore menjelang malam.",0.9532698392868042
"Menu sing dhewe pesen urang, sapi, sapo kabehane enak, sampurna dimasake, rasane pas, kuwalitase dhuwur. Panggonane amba, pelayanane oke tenan. Kabehane grapyak lan grapyak karo bocah-bocah","Menu yang kita pesan udang, sapi, sapo semuanya enak, sempurna dimasaknya, rasanya pas, berkualitas tinggi.  Tempat luas, pelayanan oke banget. Semuanya ramah dan ramah sama anak-anak","Menu yang kami pesan, yaitu sapi, semuanya enak, dimasak dengan sempurna, rasanya pas, kualitasnya tinggi. Pelayanannya ramah, pelayannya sangat baik. Semuanya menyenangkan dan menyenangkan bagi anak-anak.",0.9396782517433167
"Kesel ngantri, kesel golek panggon lungguh, kesel lungguh. Dinggo sing ora nduwe wektu suwe lan wis keluwen, mending ora mrene. Aku mrene pas liburan bodo panganan ning ruko-ruko kene uga rodok larang lan rasane standar.","Capek mengantre, capek mencari tempat duduk, cape duduk. Buat yang tidak punya waktu lama dan sudah kelaperan, mendingan tidak ke sini. Saya ke sini pas liburan lebaran makanan di ruko-ruko sekitar sini juga rada mahal dan rasanya standar.","Kesal mengantri, kesal mencari tempat duduk, kesal duduk. Digunakan untuk mereka yang tidak punya waktu lama dan sudah terburu-buru, mendingan tidak usah ke sini. Aku ke sini pas liburan, makan makanan di foodcourt sini juga agak mahal dan rasanya standar.",0.9332123398780823
"Warung mangan nduwe suasana sing nyaman karo gaya kampung lawas. Luwih sekeco diparani wektu sore sampek dina wengi ning kahanan sing luwih romantis karo cahyaning remeng-remeng saka obor lan geni unggun. Panganan sing disajikne rena-rena, mulai panganan indonesia sampek panganan eropa serba ana. Cocok sanget kanggo ngentekne wektu karo kanca lak keluarga.",Resto ini memiliki suasana yang nyaman dengan gaya kampung tradisional. Lebih cocok dikunjungi saat sore hingga malam hari di suasana lebih romantis dengan cahaya temaram dari obor dan api unggun. Makanan yang disajikan bervariasi mulai makanan indonesia sampai european makanan serba ada. Sangat cocok untuk menhabiskan waktu bersama teman atau keluarga.,"Kafe ini memiliki suasana yang nyaman dengan gaya pedesaan tradisional. Lebih seru jika dikunjungi pada sore hingga malam hari, menciptakan suasana yang lebih romantis dengan cahaya redup dari obor dan api unggun. Hidangan yang disajikan beragam, mulai dari makanan Indonesia hingga Eropa. Sangat cocok untuk menghabiskan waktu bersama teman atau keluarga.",0.9528031945228577
"Menu masakan sing disajekne lumayan rena-rena karo rasa sing lumayan enak, kabehe pelayan lan wektu pelayanane ya cukup apik dadi awakdewe wareg mangan awan ning kana, mung nata panggene restoran sing mestere rena-rena munggah - mudun dadi kudu luwih ngati-ati dinggo wong tua lan bocah cilik, muga-muga isa luwih ditingkatne pelayanane lan rena-rena menune. Sukses terus kanggo boemi mitoha.","Menu masakan yang disajikan lumayan bervariasi dengan rasa yang lumayan enak, jumlah pelayan dan waktu pelayanannya pun cukup baik sehingga kami puas makan siang di sana, hanya tata letak restoran yang lantainya bervariasi naik - turun sehingga harus ekstra hati-hati untuk orang tua dan anak kecil, semoga bisa semakin ditingkatkan pelayanan dan variasi menunya. Sukses selalu untuk boemi mitoha.","Menu makanan yang disajikan cukup bervariasi dengan rasa yang cukup enak, jumlah pelayan dan waktu pelayanan juga cukup baik sehingga saya sendiri puas makan di sana, hanya saja perlu diperhatikan untuk restoran yang masih baru seperti ini perlu lebih berhati-hati untuk pengunjung lansia dan anak-anak kecil, semoga saja pelayanan dan variasi menu bisa lebih ditingkatkan. Sukses terus untuk Bumi Mitoha.",0.9458537697792053
"Tagihan mencolot loro kali lipat amarga promo entek tanpo kabar, ora bener iki.","Tagihan melonjak dua kali lipat gara-gara promo habis tanpa pemberitahuan, tidak benar ini.","Tagihan melonjak dua kali lipat karena promosi yang tidak diumumkan, ini tidak benar.",0.9554839730262756
Njaluk informasine babagan daftar rega klambi kang didhol.,Minta informasi tentang daftar harga baju yang sedang dijual,Meminta informasi tentang daftar harga baju yang dijual.,0.9458305239677429
Aku tansaya sengit karo jne amarga pangirimane mesthi telat,Saya semakin membenci jne karena pengirimannya selalu telat,Aku sangat marah karena pengirimannya pasti terlambat.,0.8968603014945984
"Ora koyo warung mangan lan kafe biasane, konsep panggonane digawe unik. Akeh lampu-lampu, gambaran, semiantik. Panganan lan ombenane lumayan pas enak, sing garai kaget pas ndelok daftar menune. Ragene wuooow pas banget ning sak. Lan sing mesti rega mirah ora nggarai rasane maleh seje, pancet enak lan berkualitas.","Tidak seperti kebanyakan restoran dan kafe lain, konsep tempatnya dibuat unik. Banyak lampu-lampu, lukisan, semi antik. Makanan dan minuman lumayan cukup enak, yang buat kaget pas melihat daftar menunya. Harganya wuooow pas banget di kantong. Dan yang pasti harga murah tidak buat rasa jadi beda, tetap enak dan berkualitas.","Tidak seperti restoran dan kafe biasanya, konsep tempatnya dibuat unik. Banyak lampu-lampu, lukisan, antik. Makanan dan minumannya cukup enak, yang membuat saya terkejut saat melihat daftar menunya. Rasanya wuooow pas sekali di lidah. Dan yang pasti harganya merah tidak membuat rasa menjadi buruk, tetap enak dan berkualitas.",0.9642446637153625
"Ana ing lantai 1 hotel yaiku lantai paling dhuwur, nyajikake pemandangan luar biasa ing arah bukit sing dithukuli wit-witan. Seger, resik, penak, luar biasa!","Terletak di lantai 1 hotel yang merupakan lantai tertinggi, menyajikan pemandangan luar biasa ke arah bukit yang ditumbuhi pepohonan. Segar, bersih, nyaman, luar biasa!","Ada di lantai 1 hotel yang merupakan lantai paling atas, menawarkan pemandangan luar biasa ke arah bukit yang dihiasi cahaya kota. Segar, bersih, nyaman, luar biasa!",0.9589511156082153
Sakdurunge aku lan pasangan mulih marang jakarta. Aku mampir ndhisik ing restoran iki. Pemandangane apik lan panganane uga murah meriah. Rekomendasi tenan,Sebelum saya dan pasangan pulang ke jakarta. Saya mampir dahulu ke restoran ini. Pemandangannya keren dan makanannya pun murah meriah. Rekomendasi sekali,Sebentar lagi aku dan pasangan akan kembali ke Jakarta. Aku mampir dulu di restoran ini. Pemandangannya bagus dan makanannya juga murah meriah. Rekomendasi banget.,0.9576343894004822
Ngerasa bosen loh karo sakabehane. Bosen tenan ngelakokake rutinitas sing ngono-ngono wae.,Merasa jenuh loh sama semuanya. Bosen sekali melakukan rutinitas yang gitu-gitu saja.,Rasanya bosan nih dengan semuanya. Bosen banget melakukan rutinitas yang gitu-gitu aja.,0.9616722464561462
Eman kothake sing tekan lumayan penyok,Sayang kotaknya yang sampai agak penyok,Empuk bagian tengahnya yang terkena benturan cukup penyok.,0.8953132629394531
Kapisan njajal uwis disuguhi karo lalaine pelayan sing marakake dhewe ngenteni suwi wae 4 lagu marcell. Banjur uwis suwi ya ora sida pesenlah. Ora peduli arep enak kaya ngapa yen pelayanane elek karepe sing jenenge rasa.,Pertama mencoba sudah disuguhi dengan kelalaian pelayan yang bikin kita menunggu lama aja 4 lagu marcell. Terus sudah lama ya tidak jadi pesanlah. Tidak peduli mau enak kayak apa kalau pelayanannya buruk terserahlah yang namanya rasa.,"Kadang-kadang saya mencoba selesai disajikan dengan jenis layanan yang membuat saya menunggu terlalu lama hanya untuk 4 lagu Marcel. Lalu setelah menunggu lama, tentu saja tidak ada pesanan. Tidak peduli seberapa enaknya makanan, jika layanan buruk, itu akan mempengaruhi rasa.",0.8896258473396301
"Sego rawone enak banget, regane murah. Cedak universitas parahyangan. Panggonane unik nganggo kayu-kayu.","Nasi rawonnya sangat enak, harga terjangkau. Dekat universitas parahyangan. Tempatnya unik dengan kayu-kayu.",Nasi gorengnya sangat enak dan harganya murah. Dekat dengan Universitas Parahyangan. Tempatnya unik dengan menggunakan kayu-kayu.,0.9680339097976685
"Pesen soto karo iga bakar, ditambah suwasana sing adem. Rasane enak lan dilayani kanthi grapyak karo mbak diah, tisna, echa. Uwis ping pindo teka mrene lan mesthi marem karo kualitas panganan lan pelayanan:","Order soto sama iga bakar, ditambah suasana yang dingin. Rasanya enak dan dilayani dengan ramah sama mbak diah, tisna, echa. Sudah dua kali datang ke sini dan selalu puas dengan kualitas makanan dan pelayanan:","Pesanan soto dan iga bakar, ditambah suasana yang adem. Rasanya enak dan dilayani dengan ramah oleh Mbak Diah, Tisna, Echa. Harus segera datang ke sini dan merasakan kualitas makanan dan pelayanannya:",0.9501723051071167
"Youtube akeh banget manfaate. Isa nonton film, ngrungokake lagu, kala-kala kanggo sinau.","Youtube banyak sekali manfaatnya. Bisa nonton film, dengar lagu, kadang untuk belajar.","YouTube memiliki banyak manfaat. Kita bisa menonton film, mendengarkan musik, dan kadang-kadang untuk belajar.",0.9437395334243774
"Udan ing dina isuk tenan marakna kesel, macet lan rega ojol dadi tenan ora isa dikendalikake marakna eneg","Hujan di pagi hari sungguh sangat kesal, macet dan harga ojol jadi super tak terkendali bikin eneg","Hujan di pagi hari yang sangat lebat berarti menyebakan kemacetan, dan tarif ojek online menjadi sangat mahal sehingga tidak dapat dikendalikan dan membuat mual.",0.8932320475578308
"Panganane lumayan enak-enak ing hawa anyes lan akeh variasine mulai saka restoran burangrang, saung purbasari lan area foodcourte.","Makanannya lumayan enak-enak di udara dingin dan banyak variasinya dari mulai restoran burangrang, saung purbasari dan area foodcourtnya.","Makanannya cukup enak dalam suasana sejuk dan banyak variasi mulai dari restoran lesehan, saung, dan area foodcourt.",0.9336150288581848
Tulung golekake alamat uwong iki. Bakal aku jak duel kaya uwong lanang nganggo samurai. Deknen uwis ngece ibuku sing paling aku tresnani lan hormati.,Tolong carikan alamat orang ini. Akan saya ajak duel secara jantan pakai samurai. Dia telah menghina ibuku yang paling aku cinta dan hormati.,Tolong carikan alamat orang ini. Aku akan mengajak dia berduel seperti pria dengan samurai. Dia telah menghina ibu saya yang paling saya cintai dan hormati.,0.9494510889053345
"Panggon ngombe kopi cedek kampus UI, vietnamese kopi -ne enak, regane relatif sedeng, cocok dinggo ngontemplasi karo nggarap tesis","Tempat minum kopi dekat kampus UI, vietnamese kopi -nya enak, harganya relatif sedang, cocok untuk berkontemplasi sembari mengerjakan tesis","Ada kedai kopi dekat kampus UI, kopi Vietnam-nya enak, harganya relatif terjangkau, cocok untuk mengontemplasi dan mengerjakan tesis.",0.9446027874946594
"Panganane enak, lan pemandangane apik tenan,. Mung sing menyang lawangwangine kurang dadi ora kabeh uwong bisa ngerti yen lawangwangi ana nang kono kajaba wong sek lewat.","Makanannya enak, dan viewnya amazing,. Hanya sing menuju lawangwanginya kurang jadi tidak semua orang bisa tahu ada lawangwangi di situ kecuali orang yang lewat.","Makanannya enak, dan pemandangannya sangat indah. Hanya saja, penanda jalan kurang sehingga tidak semua orang bisa memahami jika di sana ada pemandian air panas selain mereka yang sekadar lewat.",0.9213725328445435
Aku mulai usaha lan ora tau wedi gagal.,Saya memulai usaha dan tidak pernah takut gagal.,Saya memulai usaha dan tidak takut gagal.,0.9885582327842712
Panggonan mangan kanthi nuansa doraemon. Rega panganane murah lan akeh pilihan. Panggonane ora patia amba nanging nyaman. Nang lantai 2 digawe kaya kamare nobita lkp kanthi meja sinau mesin waktu lan lawang nang ndi wae. Akeh golekan doraemon lan komik-komik sek isa diwaca sawetara ngenteni panganan. Kajaba iku sinambi ngrasakake panganane dhewe isa nonton film doraemon. Anakku seneng mangan. Lanjutan,Tempat makan dengan nuansa doraemon. Harga makanannya murah dan banyak pilihan. Tempatnya tidak terlalu luas tapi nyaman. Di lantai 2 di buat menyerupai kamar nobita lkp dengan meja belajar mesin waktu dan pintu ke mana saja. Banyak boneka doraemon dan komik-komik yang bisa dibaca saat menunggu makanan. Selain itu sambil menikmati hidangan kita bisa menonton film doraemon. Anak saya senang makan. Lanjutan,"Restoran ini bertema Doraemon. Harga makanannya terjangkau dan ada banyak pilihan. Tempatnya tidak terlalu sempit tetapi nyaman. Lantai dua dibuat seperti kamar Nobita dengan meja belajar, mesin waktu, dan jendela ke mana saja. Banyak mainan Doraemon dan komik-komik yang bisa dibaca sambil menunggu makanan. Selain itu, sambil menikmati makanan sendiri bisa menonton film Doraemon. Anak-anak saya senang makan. Lanjutan...",0.9508882761001587
"Aku nyang kafe dipakar bareng keluarga, pemandangane pancene keren banget. Panganane uga eco-eco. Dinggo nyantai nikmati sing disajikne lan pemandangane ning dipakar nyenengna banget. Awakdewe mrana dina minggu, lan rame banget sing dolan. Nanging ora ngenteni suwe, awakdewe langsung entuk meja. Dinggo panganan, bar awakdewe pesen ora kudu ngenteni suwe, panganan wis teka. Dinggo foto-foto uga apik banget.","Saya ke kafe dipakar bersama keluarga, pemandangannya memang keren banget. Makanannya juga enak-enak. Untuk bersantai menikmati sajian dan pemandangan di dipakar sangat menyenangkan. Kami ke sana hari minggu, dan sangat ramai pengunjung. Tapi tidak menunggu lama, kami langsung dapat meja. Untuk makanan, setelah kita order tidak perlu menunggu lama, makanan sudah datang. Untuk foto-foto juga sangat bagus.","Saya ke kafe itu bersama keluarga, pemandangannya memang sangat indah. Makanannya juga enak. Tempatnya sangat menyenangkan untuk bersantai menikmati hidangan dan pemandangan di kafe tersebut. Saya pergi pada hari Minggu, dan sangat ramai sekali. Namun tidak perlu menunggu lama, kami langsung mendapatkan meja. Untuk makanan, setelah memesan tidak perlu menunggu lama, makanan sudah datang. Tempatnya juga sangat bagus untuk berfoto.",0.9621856808662415
"Ora salah maneh iki kafe modern salah siji senengane wong depok kanggo mangan, nglumpuk tenanan panggone nyaman soale.","Tidak salah lagi ini kafe modern salah satu favorit warga depok buat makan, berkumpul seriusan tempatnya nyaman soalnya.","Ini lagi kafe modern salah satu favorit orang Depok untuk makan, ngumpul nyaman banget soalnya.",0.9437271952629089
Kesel wae karo kelakuan nyinyir terus kelompok sebelah.,Kesal saja dengan kelakuan nyinyir terus kelompok sebelah.,Saya sudah muak dengan perilaku kelompok sebelah yang selalu bergosip.,0.8809103965759277
"Aku seneng mangan ning kene merga menu iwak pitike enak lan empuk, sambele pas ning ilat lan kahanane restorane uga nyaman. Liyane iku pelayanane uga apik lan regane mirah.","Saya suka makan di sini karena menu ayamnya enak dan empuk, sambal pas di lidah dan suasana restorannya juga nyaman. Selain itu pelayanan juga bagus dengan harga terjangkau.","Saya senang makan di sini karena menu ikan kecilnya enak dan empuk, bumbunya pas di lidah dan suasana restorannya juga nyaman. Selain itu, pelayanannya juga baik dan harganya terjangkau.",0.9783942103385925
Aku ki wis kesel arep nesu-nesu. Ben aku dewe ae wis sing njupuk maneh pakete lan tak kirim lewat ekspedisi liya ae. Gela pol embuh ping pira.,Gue itu sudah capek mau marah-marah. Biar gue sendiri aja deh yang ambil lagi paketnya dan gue kirim via ekspedisi lain saja. Kecewa berat entah keberapa kalinya.,Saya sudah kesal ingin marah. Biarlah saya sendiri yang mengambil paketnya dan mengirimkannya melalui ekspedisi lain. Sungguh tidak tahu berapa biayanya.,0.9064157009124756
"Reunion house iki wis tenan direkomendasikake kanggo mangan awan nang bandung. Panggonane kepenak, asyik kanggo nyantai guyonan karo sapa bae. Menune uga oke tenan.","Reunion house ini direkomendasikan banget buat makan siang di bandung. Tempatnya nyaman, asyik buat santai mengobrol bareng siapa saja. Menunya juga oke banget.","Rumah makan ini sudah terkenal direkomendasikan untuk makan malam di Bandung. Suasananya nyaman, asyik untuk bersantai bercanda dengan siapa saja. Menunya juga oke punya.",0.9446654319763184
Dingge meruhi promo-promo sing lagi ana ning tokopedia awakmu isa marani halaman iki.,Untuk mengetahui promo-promo yang sedang berlangsung di tokopedia kamu dapat mengunjungi halaman berikut.,"Lihat promo-promo yang sedang ada di Tokopedia, kamu bisa mengunjungi halaman ini.",0.9556460380554199
"Jarene jam iki anti banyu, nanging dienggo renang tok uwis mati","Katanya jam ini water resist, tapi dipakai berenang doang sudah mati","Dia mengklaim bahwa jam ini tahan air, tetapi setelah dipakai berenang, sudah mati.",0.9095622301101685
Suasane asri. Akeh sing dodolan panganan. Panggonan sing nggo nongkrong lan kafene cocok kanggo kunjungan. Dhewe ndhuwe wektu belanja ing supermarket. Regane uga ora larang. Suasanane ing njero malle penak. Acne anyeslah. Lan barang-barang merekane mantap tenan lan akeh potongan rega,Suasananya asri. Banyak jualan makanan. Tempat nongkrong dan cafenya cocok untuk berkunjung. Kami sempat belanja disupermarket. Harganya juga tidak mahal. Suasana di dalam mallnya nyaman. Acnya dinginlah. Dan barang-barang brandednya mantap sekali dan banyak diskon,Lingkungan yang asri. Banyak yang menjual makanan. Tempat duduk yang nyaman dan kafe yang cocok untuk dikunjungi. Ada waktu untuk berbelanja di supermarket. Harganya juga tidak mahal. Suasana di dalam mal nyaman. AC-nya menyegarkan. Dan barang-barang bermereknya sangat banyak dan ada banyak diskon harga.,0.9381099343299866
Pemikirane sempit nanging ngrumangsa paling bener mangkel banget aku,Pemikiran sempit tapi sok benar kesal banget aku,"Pikirannya sempit tetapi yakin bahwa dia yang paling benar, itu sangat menggangguku.",0.8699796795845032
Sek foto karo uwong kuwi udu adike bang doni. Jijik ah foto karo uwong kuwi.,Yang foto sama orang itu bukan adik bang doni. Jijik ah foto sama orang itu.,Foto dengan orang itu tidak ada di dalam ponsel Bang Doni. Jijik ah foto dengan orang itu.,0.9367888569831848
"Sakwijining musibah lagi wae kena kampung adat ning bajawa, flores. Kebakaran gedhe sing kadadean ing senin 13 / 8 sore ameh ngobongake kabeh kampung. Total 27 saka 33 omah adat sing ana entek dipangan geni bareng kabeh crita lan sejarahe.","Sebuah musibah baru saja menimpa kampung adat di bajawa, flores. Kebakaran hebat yang terjadi pada senin 13 / 8 sore hampir menghanguskan seluruh kampung. Total 27 dari 33 rumah adat yang ada habis dilalap api bersama semua cerita dan sejarahnya.","Sebuah musibah lagi terjadi di kampung adat di Bajawa, Flores. Kebakaran besar yang terjadi pada Senin (13/8) sore menghanguskan seluruh kampung. Total 27 dari 33 rumah adat yang ada ludes dilalap si jago merah bersama seluruh cerita dan sejarahnya.",0.9526574015617371
Marang rene wektu acara kantor. Ana musik langsung. Menu aneka werna. Cocok yen lunga rame-rame nanging selerane beda-beda. Ramene enak.,Ke sini waktu acara kantor. Ada live musik. Menu beragam. Cocok kalau pergi ramai-ramai tapi seleranya beda-beda. Ramennya enak.,Di sana waktu acara kantor. Ada musik langsung. Menu beraneka warna. Cocok jika datang ramai-ramai tetapi selera berbeda-beda. Makanannya enak.,0.9651090502738953
"Aku karo keluarga mangan mbengi nang panggonan iki amarga kajaba iku menu utamane batagor uga ana menu liyane. Aku mung mesen 2 menu sek akhire teka sakwise 45 menit, kuwi sakwise  kaping pirang-pirang aku takon. Seko rasane sawetara seko menu sek sakwise aku jajal lumayan enak. Sarane sakdhurunge pesen luwih apik takon ndhisik regane piro suwi orane nggawe menu kang dipesen.","Saya bersama keluarga makan malam di tempat ini karena selain menu utama batagor terdapat menu lain. Saya hanya memesan 2 menu yang akhirnya datang setelah 45 menit, itu pun setelah beberapa kali saya tanyakan. Dari segi rasa beberapa menu yang sebelumnya pernah saya coba lumayan enak. Saran sebelum memesan lebih baik tanyakan berapa lama pembuatan menu yang dipesan","Saya dan keluarga makan malam di restoran ini karena selain menu utama batagor, ada juga menu lainnya. Saya hanya memesan 2 menu, tetapi akhirnya menunggu selama 45 menit, itu sudah beberapa kali saya bertanya. Dari rasa beberapa menu yang saya coba lumayan enak. Sarannya, sebelum memesan lebih baik tanyakan dulu harganya dan berapa lama waktu yang dibutuhkan untuk membuat menu yang dipesan.",0.9532727599143982
Paket wis ditampa. Rodok gela merga pesen werna ireng dikirim werna kuning.,Paket sudah diterima. Sedikit kecewa karena order warna hitam dikirim warna kuning.,"Paket sudah diterima. Namun, karena pesanan warna hitam, dikirim dengan warna kuning.",0.9421239495277405
"Aku saka bali, dilalah pas dolan menyang kutho bandung, pas ning sanding kantor gubernur jawa barat alias cedeke gedung sate, awakdewe disarane mangan ning bancakan merga cedek. Bar mlebu awakdewe dikeki piring saka komplong sing wis ora apik eneh, kayake karaten. Akhire awakdewe milih panganan sing awakdewe sir, lan atusan laler miber teka ngendi-ngendi merga wis kadung awakdewe ya pancet mangan. Nggilani pol.","Saya dari bali, kebetulan sedang liburan ke kota bandung, ketika sedang di dekat kantor gubernur jawa barat alias dekat gedung sate, kami di-suggest makan di bancakan karena dekat. Setelah masuk kami pun diberi piring dari kaleng yang sudah tidak bagus lagi, sepertinya berkarat. Akhirnya kami memilih makanan yang kami suka, dan ratusan lalat beterbangan ke mana mana karena sudah terlanjur kami pun tetap makan. Sangat jijik","Saya dari Bali, saat itu sedang berkunjung ke Bandung, saat berada di samping kantor gubernur Jawa Barat alias dekat gedung Sate, saya diajak makan di warung karena dekat. Saat masuk, saya langsung disajikan piring dari kompor yang sudah tidak bagus lagi, kayaknya karatan. Akhirnya saya memilih makanan yang saya suka, dan ratusan lalat datang dari mana-mana karena sudah keburu lapar. Sangat mengerikan.",0.9282412528991699
Ndelok sinetron ae anyak waleh opomeneh nonton isu apus-apus sing diramalke.,Nonton sinetron saja mulai bosan apalagi menonton isu bohong yang diramalkan.,Hanya menonton sinetron saja membuat orang-orang lupa untuk menonton isu-isu penting yang diprediksi akan terjadi.,0.9039339423179626
Aku tuku werna-werna roti. Piliane akeh nanging rasane biasa wae. Rotine garing kaya uwis pirang-pirang dina. Ora seger. Pelayanane uga suwi. Nguciwakake.,Saya beli berbagai macam roti. Pilihannya banyak tapi rasanya biasa saja. Rotinya kering seperti sudah berhari-hari. Tidak segar. Pelayanannya juga lama. Mengecewakan.,Saya membeli berbagai macam roti. Pilihannya banyak tetapi rasanya biasa saja. Rotinya kering seolah sudah beberapa hari. Tidak segar. Pelayanannya juga lambat. Menyesalkan.,0.96401447057724
Aja lali ngombe banyu mineral 8 -- 10 gelas saben dinane.,Jangan lupa minum air mineral 8 -- 10 gelas per harinya.,Jangan lupa minum air mineral 8-10 gelas setiap hari.,0.9481142163276672
"Panggonane sing apik ing cedak ndhuwur bukit, bisa ndhelok pemandangan kutha saka ndhuwur.","Tempatnya yang indah di dekat atas bukit, bisa lihat pemandangan kota dari atas.","Tempat yang bagus di dekat puncak bukit, bisa melihat pemandangan kota dari atas.",0.9751265645027161
"Numpak grab, mase crita sing wingi kena balangan watu ing dalan.Juanda pas badha jebule anake kancane","Naik grab, abangnya cerita yang kemarin kena lemparan batu di jalan.Juanda saat lebaran ternyata anak temannya","Naik Grab, mas cerita yang kemarin kena tabrakan batu di jalan. Juanda pas baca berita ternyata anaknya teman dekatnya.",0.9316083192825317
Sakkelompok mahasiswa sing bodo. Syukur aku udu mahasiswa daerah kono. Isin woy.,Sekelompok mahasiswa yang bodoh. Syukur deh gue bukan mahasiswa daerah situ. Malu woy.,Sejumlah mahasiswa yang bodoh. Syukur aku bukan mahasiswa dari daerah sana. Malu ah.,0.9615373015403748
"Restone apik lan gede. Wektu marang rene pas mangan siang lan dina minggu rame tenan pengunjung. Panganane enak enak, gurame goreng lan sambele mantep.","Restonya bagus dan besar. Waktu ke sini saat makan siang dan hari minggu ramai sekali pengunjung. Makanannya enak enak, gurame goreng dan sambalnya mantap.","Restorannya bagus dan besar. Saat makan siang dan hari Minggu, tempat ini sangat ramai. Makanannya enak, gurame goreng dan sambalnya mantap.",0.9685201644897461
"Aku klebu salah siji wong sing cukup setia karo kampung daun kat awal bukak tahun 2003 lak ora salah, kualitas panganan awite eco, ket tambah rame lan tambah mrene, panganan sing dirumantekne ora koyo biasane lan arang kading sing ngelayani kesane cuek banget, awakdewe pesen rena-rena macem panganan nanging sing teko kondisine wis anyep lan ora sekeca blas, mung panggone sing apik.","Saya termasuk salah satu orang yang cukup setia dengan kampung daun dari awal buka di tahun 2003 kalau tidak salah, kualitas makanan awalnya oke, tapi semenjak makin ramai dan makin ke sini, makanan yang disajikan tidak seperti biasanya dan terkadang pelayan terkesan cuek sekali, kita mesan beberapa jenis makanan tapi yang datang sudah dengan kondisi dingin dan tidak menarik, tempat menarik.","Saya adalah salah satu orang yang cukup setia dengan restoran ini sejak awal dibuka pada tahun 2003, jika tidak salah. Kualitas makanan awalnya oke, ekologis, semakin ramai dan semakin berkembang. Makanan yang disajikan tidak seperti biasanya dan pelayanannya sangat kurang, saya memesan berbagai macam makanan tetapi yang datang kondisinya sudah tidak segar dan tidak menarik sama sekali, hanya pelayanannya yang baik.",0.9321155548095703
Blanja ing Giant diskon 20% kanggo kartu kredit bca.,Belanja di Giant diskon 20% dengan kartu kredit bca.,Belanja di Giant diskon 20% untuk kartu kredit BCA.,0.9754871129989624
"Mas, dalan ning muara bulian anyar, lagek sesasian dibenakne, uwis rusak maneh. Sing nggarap kaya ora tenanan","Kang, jalan di muara bulian baru, baru sebulanan dibenarkan, sudah rusak lagi. Yang mengerjakan seperti tidak serius","Mas, jalan di muara bulian baru, lagi sesak di benaknya, sudah rusak lagi. Yang mengerjakan seperti tidak serius.",0.952331006526947
"Pancen ora enak kejebak macet, nanging luwih ora enak meneh yen kejebak masa lalu","Memang enggak enak terjebak macet, tapi lebih tidak enak lagi kalau terjebak masa lalu","Memang tidak enak terjebak macet, tetapi lebih tidak enak lagi jika terjebak masa lalu.",0.9873000979423523
"Sumpah, nyesel tenan nggawe orderan via aplikasi iki. Bisa-bisane tiket ekektronike ora ditokake. Lan proses konfirmasine suwi. Sakdurunge uwis ngalami babagan sing meh pada ing aplikasi sebelah, nanging layanane cepet tenan langsung wenehi solusi. Ora kudu nganti telepon layanan pelanggan ping 4.","Sumpah, menyesal sekali bikin orderan via aplikasi ini. Bisa-bisanya e - ticket tidak issued. Dan proses konfirmnya lama. Sebelumnya pernah mengalami hal yang hampir sama di aplikasi sebelah, tetapi pelayanannya cepat sekali langsung kasih solusi. Tidak harus sampai telpon layanan pelanggan 4 kali.","Sumpah, nyesel banget membuat pesanan via aplikasi ini. Bisa-bisanya tiket elektronikku tidak terverifikasi. Dan proses konfirmasinya lama. Sebelumya pernah mengalami hal yang sama di aplikasi lain, tapi layanannya cepat sekali langsung memberikan solusi. Tidak perlu menunggu telepon layanan pelanggan sampai 4 kali.",0.9557548761367798
"Uwis aku kirim pesen langsunge, tulung ndang dicek","Sudah saya kirim pesan langsungnya, tolong segera dicek","Saya sudah kirim pesan langsung, tolong segera dicek.",0.9646389484405518
"Aku nglakoni 5 transaksi ning tanggal 22 juni, kabeh ditolak nyatane kesuda saka rekening sampek 7 yuta, saka 5 transaksi lagek 3 transaksi sing dibalekne.","Saya melakukan 5 transaksi pada tanggal 22 juni, smuanya decline nyatanya terdebit dari rekening hampir 7 juta, dari 5 transaksi baru 3 transaksi yang dikembalikan.","Saya melakukan 5 transaksi pada tanggal 22 Juni, semuanya ditolak, dan ternyata saldo rekening saya kurang dari 7 juta. Dari 5 transaksi tersebut, 3 transaksi dikembalikan.",0.9349601864814758
Mayoritas sing nganggo hak pilih ing pemilihan gubernur uwis nentukake pilian.,Mayoritas pengguna hak pilih di pemilihan gubernur telah menentukan pilihan.,Mayoritas yang menggunakan hak pilih dalam pemilihan gubernur telah menentukan pilihan mereka.,0.9699263572692871
Wis ngenteni jne tibake dee tekane sesuk. Aku pengen nesu,Sudah menunggu jne ternyata dia datangnya besok. Ingin aku marah,"Sudah menunggu lama, tapi belum datang juga. Aku ingin marah.",0.8976728320121765
"Spotify rumit, kudu nganggo administrasi wulanan mbarang","Spotify ribet, pakai ada administrasi bulanan segala","Spotify rumit, harus menggunakan langganan bulanan.",0.9166125655174255
"Pengen mangan oreo wae ribet tenan, mesti diputer - dijilat - dicelupake","Mau makan oreo aja ribet banget sih, mesti diputer - dijilat - dicelupkan","Ingin makan oreo saja ribet sekali, harus diputar - dijilat - dicelupkan.",0.9569957256317139
"Ngapuro, udu mung nomerku sing kaya ngono, aku takon kabeh sing nganggo ing daerah kono, ngomongake babagan sing pada, isih uga ora gelem ngaku uga yen tenan sinyale sing elek","Maaf, bukan nomer saya saja yang begitu, saya tanya semua yang pakai di daerah situ, mengatakan hal yang sama, masih tidak mau ngaku juga kalau memang sinyalnya yang jelek","Maaf, bukan hanya nomorku yang seperti itu, aku tanyakan kepada semua orang di daerah sana, berbicara tentang hal-hal yang ada, masih tidak mau mengakui juga kalau sinyal memang buruk.",0.9258232712745667
"Kisaran siare tulung diambakake, amarga akeh daerah sing hurung isa nikmati siaran net. Matur suwun.","Jangkauan siarnya tolong diperluas, karena banyak daerah yang belum bisa menikmati siaran net. Terima kasih.","Mohon pertimbangkan untuk menyiarkan secara nasional, karena banyak daerah yang belum bisa menikmati siaran Anda. Terima kasih.",0.936163067817688
"Kok isa ditokne bangunan ing dhuwur kali, ing dalan saka rumah sakit menyang pasar Ciroyom, aneh.","Kok bisa dibiarkan bangunan di atas sungai, di jalan dari rumah sakit menuju pasar Ciroyom, aneh.","Bagaimana mungkin ada bangunan setinggi itu di tengah jalan dari rumah sakit menuju pasar Ciroyom, aneh.",0.9544427990913391
"Krungu lambe saka lambe soal restoran iki, saking penasaran, aku jajal marani. Nanging sayange, lak menurutku biasa ae, ora kaya sing diceritakne wong-wong. Rasane ya biasa-biasa ae, ora sumbut karo regane. Kaya masakan sing tas sinau.","Dengar dari mulut ke mulut tentang restoran ini, saking penasaran, saya coba untuk berkunjung. Tapi sayang, kalau menurut saya, tidak seperti apa yang banyak diceritakan orang. Rasanya biasa-biasanya saja, tidak sesuai saja dengan harganya. Seperti masakan yang baru belajar.","Setelah mendengar banyak tentang restoran ini, karena penasaran, saya mencoba datang. Sayangnya, menurut saya, itu biasa saja, tidak seperti yang diceritakan orang-orang. Rasanya biasa saja, tidak sebanding dengan harganya. Seperti masakan yang biasa saya makan.",0.9461483955383301
Iphone iki. Kamerane peteng wassalam elek banget ora isa diandalake banget yen males nggawa kamera.,Iphone ini. Kamera gelapnya wassalam jelek banget tidak bisa diandalkan banget kalau malas bawa kamera.,"Iphone ini. Kameranya jelek sekali, tidak bisa diandalkan jika malas membawa kamera.",0.9593641757965088
"Yen ora nduwe dhuwit kanggo tuku komik nanging uga pengen jagongan, teka bae marang rene. Koleksi komike komplit. Panganan ombenae sabenere mung fasilitas tambahan, nanging cukup lumayan. Regane uga murah khas mahasiswa.","Kalau tidak punya uang buat beli komik tapi juga ingin nongkrong, datang saja ke sini. Koleksi komiknya lengkap. Makanan minumannya sebenrnya hanya fasilitas tambahan, tapi cukup lumayan. Harganya juga murah khas mahasiswa.","Jika tidak punya uang untuk membeli komik tetapi tetap ingin mengobrol, datanglah ke sini. Koleksi komiknya lengkap. Makanannya sebenarnya hanya fasilitas tambahan, tetapi cukup lumayan. Harganya juga murah, khas mahasiswa.",0.9589583873748779
"Aduh pak kok seolah-olah manas-manasi kubu sisih seh? Ojo to pak, iku mengko deweke kabeh tambah cemburu, iren, pegel, nyinyir, mutung kayak bocah cilik, nesu-nesu ora jelas jluntrunge lan tambah bosok ae utek lan atine.","Aduh pak kok seolah-olah memanas - manasi kubu sebelah sih? Jangan dong pak, itu nanti mereka tambah cemburu, iri, dengki, nyinyir, ngambek kayak anak kecil, marah-marah tidak jelas juntrungannya dan makin busuk saja otak dan hatinya.","Aduh, Pak, kok seolah-olah memanas-manasi kubu sisi seh? Jangan, Pak, nanti mereka semua tambah iri, dengki, pegal, banyak bicara, murka seperti anak kecil, marah-marah tanpa alasan jelas, dan tambah busuk saja otak dan hatinya.",0.9390148520469666
"Rekomendasi bangetlah. Cappucinone ketagihan, rega miring, lan valet parkir mbayar sakikhlase. Teka pas arep maghrib mesti luwih seru suwasanane.","Rekomendasi bangetlah. Cappuccinonya ketagihan, harga miring, dan valet parkir bayar seikhlasnya. Datang pas menjelang maghrib pasti lebih seru suasananya.","Sangat direkomendasikan. Cappuccinonya adiktif, harganya terjangkau, dan ada valet parkir yang membayar sesuai keinginan. Datang saat akan maghrib pasti suasananya lebih seru.",0.9405774474143982
Oke bos masiyo hape ujug-ujug ngehank dewe sedina,"Oke bos, walau handphone tiba-tiba ngehank sendiri selama sehari","Oke bos, masih hangat handphone tiba-tiba mati sendiri semalaman.",0.932396411895752
Panggonan mangan kanthi suasana alam iki paling pas kanggo acara karo pasangan utawa karo kaluwarga. Panganane enak lan regane uga cukup kajangkau,Tempat makan dengan suasana alam ini paling tepat untuk acara dengan pasangan atau dengan keluarga. Makanannya enak dan harga juga cukup terjangkau,Restoran dengan suasana alam ini paling cocok untuk acara bersama pasangan atau keluarga. Makanannya enak dan harganya juga terjangkau.,0.9729037880897522
Yakin kuwi ikhlas? Tulus? Kuwi udu pencintraan tok ya?,Yakin itu ikhlas? Tulus? Bukannya itu hanya pencitraan saja ya?,"Kamu yakin itu ikhlas? Tulus? Bukan hanya pencitraan saja, bukan?",0.940533459186554
"Aku melu lomba blog cinta rupiah bank indonesia - net media lan uwis nyubmit artikel nang 22 desember 2017 kepungkur, nanging sampek saiki status artikelku isih unpublished. Nyuwun tulung dijelasne.","Saya mengikuuti lomba blog cinta rupiah bank indoneisa - net media dan sudah men - submit artikle pada 22 desember 2017 lalu, tapi sampai sekarang status artikel saya masih unpublished. Mohon penjelasannya.","Saya mengikuti lomba blog cinta rupiah Bank Indonesia - Net Media dan sudah mengirimkan artikel pada 22 Desember 2017 lalu, tetapi hingga saat ini status artikel saya masih unpublished. Mohon penjelasannya.",0.9460700750350952
"Kafe iki nyediakne panganan tradisional bergaya kafe cah nom. Liyane panggon sing nyaman, rega kelebu mirah lan kejangkau","Kafe ini menyediakan makanan tradisional bergaya kafe anak muda. Selain tempat yang nyaman, harga terbilang murah dan terjangkau","Kafe ini menyediakan makanan tradisional dengan gaya kafe anak muda. Selain tempat yang nyaman, harganya juga merah dan terjangkau.",0.960088312625885
"Stasiun tv owol, ora konsisten, nguciwokake panyengkuyunge persib - persiba, ora ndhuwe welas asih marang manungsa! Owol, lan cupu!","Stasiun tv payah, tidak konsisten, mengecewakan pendukung persib - persiba, tidak berprikemanusiaan! Payah, dan cupu!","Stasiun tv owol, tidak konsisten, mengacaukan pertandingn Persib - Persiba, tidak memiliki welas asih terhadap manusia! Owol, dan cupu!",0.9124097228050232
"Panggone nyaman lan kesane adem. Satene uga enak lan ana menu liyane maneh ning panggon iki, ora mung sate","Tempatnya nyaman dan berkesan adem. Satenya juga enak dan ada menu lainnya lagi di tempat ini, tidak hanya sate",Tempatnya nyaman dan suhunya sejuk. Makanannya juga enak dan ada menu lain selain sate di tempat ini.,0.9552266001701355
"Pemandangane apik kanggo foto-foto, hawane sejuk, panganane rasane enak. Rega uga kajangkau. Mantep.","Pemandangannya bagus untuk foto-foto, udaranya sejuk, makanannya rasanya enak. Harga juga terjangkau. Mantap.","Pemandangannya bagus untuk berfoto-foto, udaranya sejuk, makanannya enak. Harganya juga terjangkau. Mantap.",0.9905811548233032
Adikku seneng banget brownis primarasa,Adikku sangat suka brownis primarasa,Adikku senang sekali dengan brownis primarasa.,0.9305289387702942
Akeh klambi lan celono sing didol ning matahari mal,Banyak baju dan celana yang dijual di matahari mal,Banyak pakaian dan selimut yang dikeringkan di bawah sinar matahari pagi.,0.8667334318161011
"Minimal internetku pedhot dumadakan, 1 omah nganggo simpati kabeh semono uga ora isa nyambung internet","Minimal internet saya putus tiba-tiba, 1 rumah pakai simpati semua begitu juga tidak bisa connect internet","Minimal internetku putus nyambung, 1 rumah menggunakan simpati semua sama juga tidak bisa terhubung ke internet.",0.9362646341323853
Kaskus pancen kerep menehi informasi sing menarik lan paling anyar,Kaskus memang sering memberikan informasi yang menarik dan terbaru,Kaskus memang sering memberikan informasi yang menarik dan paling terbaru.,0.9699644446372986
"Aku paling ora seneng kuwi, yen nyepaki pemilu, suasane tansah panas.","Saya paling tidak suka itu, kalau mendekati pemilu, suasananya selalu memanas.",Saya tidak suka dengan suasana panas saat pemilihan umum.,0.9162938594818115
"Lumayan nyesel karo kaputusan mlebu jurusan film, pengen mlebu seni rupa sakasline. Nanging ragu karo bakar sing didhuweni.","Agak menyesal dengan keputusan masuk jurusan film, ingin masuk seni rupa sebenarnya. Tapi ragu dengan bakat yang dimiliki.","Saya cukup menyesal dengan keputusan untuk masuk ke jurusan film, sebenarnya ingin masuk ke jurusan seni rupa. Namun, ragu dengan bakat yang saya miliki.",0.962846577167511
"Rasa bumbu sega gorenge ora seenak mbiyen maneh, cemplang lan luwih asin. Kudu ana sing ngontrol kualitas rasa ben kualitas tetep siyaga.","Rasa bumbu nasi gorengnya tidak seenak dulu lagi, terkesan hambar dan lebih asin. Perlu ada pengontrol kualitas rasa agar kualitas tetap terjaga.","Rasa bumbu segar gorengnya tidak seenak dulu lagi, cemplang dan lebih asin. Harus ada yang mengontrol kualitas rasa agar kualitas tetap terjaga.",0.9662008881568909
"Sesuai rekomendasi, aku njajal mie goreng spesial lan rasane menurutku biasa banget ae lan kurang cocok ning ilat","Sesuai rekomendasi, saya mencoba mie goreng special dan rasanya menurut saya sangat biasa saja dan kurang cocok di lidah","Sesuai rekomendasi, saya coba mie goreng spesial dan rasanya menurutku biasa saja dan kurang cocok di lidah.",0.97995525598526
"Baksone enak kanggo dipangan, panggonane resik penyajiane panganan bakso sek caraku beda. Enak banget deh","Baksonya enak buat di makan, tempat bersih penyajian makanan bakso yang menurut saya beda. Enak banget deh","Baksonya enak untuk dimakan, tempatnya bersih, penyajian makanan bakso sesuai dengan caraku. Enak sekali deh.",0.9519183039665222
Pelakune aja diserahake karo pak polisi. Kubur urip-urip bae.,Pelakunya jangan diserahkan sama pak polisi. Kubur hidup-hidup saja.,Pelakunya saja diserahkan kepada pak polisi. Kubur hidup-hidup saja.,0.9753336906433105
"Nggelakne banget, aku pesen tiket lan uwis tak bayar, padahal wektu iku urung kadaluwarsa pas aku transfer, nanging nganti saiki urung dikeki kode bookinge, malah dikeki notifikasi uwis kadaluwarsa, banjur duwite mlayune neng ngendi, pas aku hubungi liwat email gur ditanggepi pisan wae.","Sangat mengecewakan, saya pesan tiket dan sudah saya bayar, padahal waktu itu belum kadaluarsa pas saya transfer, tapi sampai sekarang belum dikasih kode bookingnya, malah dikasih notifikasi sudah kadaluarsa, lalu uangnya larinya ke mana, pas saya hubungi lewat email hanya ditanggapi sekali saja.","Sangat mengecewakan, saya memesan tiket dan sudah membayar, padahal saat itu belum kadaluwarsa saat saya transfer, tetapi sampai sekarang belum diterima kode bookingenya, malah diterima notifikasi sudah kadaluwarsa, lalu uangnya kemana, saat saya hubungi lewat email hanya ditanggapi secara otomatis.",0.9670507311820984
"Lho nemene jne! Aku nelpon ora diangkat, tweet ora dibales, email ora dibales, pesen ora dibales!","Loh parahnya jne! Saya nelepon tidak diangkat, tweet tidak dibalas, email tidak dibalas, pesan tidak dibalas!","Hei, kemana sih? Aku telepon tidak diangkat, tweet tidak dibalas, email tidak dibalas, pesan tidak dibalas!",0.9493514895439148
"Gela rasane karo pelayanan sing diwenehi hotel bintang papat iki. Pas aku nginep ning hotel iku, aku entuk perlakuan kurang ngenakne saka pelayan sing ana. Ditambah maneh karo jeding e sing ora ana tisune. Padahal regane lumayan larang. Nanging ora sesuai karo pelayanan sing diwenehne.","Kecewa rasanya dengan pelayanan yang diberikan hotel bintang empat ini. Saat saya menginap di hotel itu, saya mendapat perlakuan kurang mengenakkan dari pelayan yang ada. Ditambah lagi dengan kamar mandi yang tidak ada tisunya. Padahal harganya lumayan mahal. Tapi tidak sesuai dengan pelayanan yang diberikan.","Saya kecewa dengan layanan yang diberikan oleh hotel berbintang empat ini. Saat saya menginap di sana, saya menerima perlakuan yang tidak menyenangkan dari stafnya. Apalagi dengan fasilitas yang tidak memadai. Padahal harganya cukup mahal. Tetapi tidak sebanding dengan layanan yang ditawarkan.",0.938051700592041
"Saka mambengi kok ora iso dienggo, layanan indosat kok kaya ngene. Ndaftar extra 2 gb 10 ewu ora isa-isa, eman-eman pulsaku malah entek ora isa dienggo apa-apa.","Dari semalam kok tidak bisa dipakai, layanan indosat kok kayak gini. Daftar extra 2 gb 10 ribu tidak bisa-bisa, sia-sia pulsa saya malah habis tidak dipakai apa-apa.","Dari pagi sampai sekarang tidak bisa digunakan, layanan Indosat seperti ini. Mendaftar paket tambahan 2 GB seharga 10 ribu tidak bisa-bisa, sayang pulsa saya habis tidak bisa digunakan untuk apa-apa.",0.9392524361610413
"Panggonane lumayan asik, parkiran kasusun rapi. Gabungan sing aneh nanging enak, steak dikancani mi tak tak pedes banget. Hm.","Tempatnya lumayan asik, parkiran di susun rapi. Perpaduan yang aneh tapi enak, steak ditemani mi tak tak super pedas. Hm.","Pelayanannya lumayan bagus, parkirannya luas dan rapi. Kombinasi yang aneh tapi enak, steak yang disajikan dengan mi yang pedas sekali. Hm.",0.9358152151107788
"Koyoke isuk iki macet banget yo, wis tur ning bis luwih saka sejam, nanging ora sampek-sapek yok an.","Kayaknya pagi ini macet banget ya, sudah tur di bus lebih dari sejam, tetapi tidak sampai-sampai juga.","Lalu lintas pagi ini sangat macet, saya sudah lebih dari satu jam di dalam bis, tetapi tidak bergerak juga.",0.9240215420722961
"Aku pegel kat februari ditelpon mben dina ditelpon saka mnc tv. Aku ora tau langganan, aku ping bolak-balik nglarifikasi.","Saya kesal sejak februari ditelpon tiap hari di telpon dari mnc tv. Saya tidak pernah langganan, saya puluhan kali klarifikasi.","Aku capek sejak Februari ditelpon terus, kemarin ditelpon dari MNC TV. Aku tidak bisa berlangganan, aku ingin bolak-balik mengklarifikasi.",0.9305839538574219
Kemeruh banget to kowe mat. Ora usah sok-sokan ngekeki ceramah barang. Ceramahmu iku sesat.,Sok tahu banget sih lu mat. Tidak usah sok-sokan beri ceramah segala. Ceramah kamu sesat.,Kamu sangat memuakkan. Jangan berpura-pura menjadi orang yang bijaksana. Khotbahmu itu sesat.,0.8767353296279907
Bakso nganggo ceker utawa sikil pithik yaiku sensasi sing enak tenan. Enak banget pokoke kajaba bakso isih akeh menu liyane. Pokoke dianjurake tenan,Bakso dengan ceker atau kaki ayam merupakan sensasi yang menakjubkan. Enak banget deh pokoknya selain bakso masih banyak menu yang lain. Pokoknya direkomendasikan banget deh,"Bakso yang menggunakan ceker atau sayap ayam adalah sensasi yang sangat enak. Pokoknya enak banget, selain bakso masih banyak menu lainnya. Pokoknya sangat direkomendasikan.",0.9535723924636841
"Xiaomi, samsung, gumantung si kowe pengin tipe apa lan jumbuh biaya sing kowe duwe, takok-takok wae menyang panggonan sing dodol hpne","Xiaomi, samsung, tergantung sih kamu mau tipe apa dan sesuai biaya yang kamu punya, tanya-tanya aja ke tempat yang jual hpnya","Xiaomi, Samsung, tergantung kamu mau tipe apa dan berapa anggaran yang kamu miliki, tanya saja ke penjual handphonenya.",0.9538023471832275
"Panggon parkir kesempiten, sampek mobil kudu dititipne nyang lahan parkir sing ana ning sebrang hotel.","Tempat parkir terlalu sempit, sampai mobil harus dititipkan ke lahan parkir yang ada di sebrang hotel.","Tempat parkir sangat sempit, sehingga mobil harus diparkir di lahan parkir seberang hotel.",0.9484828114509583
"Merga skate park iki diubengi panggon klumpukan sing asyik, aku rasane ora bakal isa krasa waleh.","Karena skate park ini dikelilingi tempat berkumpul yang asik, saya merasa tidak akan pernah merasa bosan.","Meskipun skate park ini dipenuhi dengan kumpulan orang-orang keren, aku merasa tidak akan bisa menikmatinya.",0.9211558699607849
Aku uwis lapor marang email mandiricare.co.id,Saya sudah lapor ke email mandiricare.co.id,Saya sudah melaporkan melalui email mandiricare.co.id.,0.9414588809013367
Aku uwis ndhuwe kode akses lan pin.,Saya sudah punya kode akses dan pin.,Saya sudah memiliki kode akses dan PIN.,0.9832489490509033
"Asli tenan indihome nemen tenan saiki, apa gunane mbayar larang larang edan emosi tenan","Asli dah indihome parah banget dah sekarang, apa gunanya bayar mahal mahal gila emosi nih benar-benar","Benar-benar asli indihome ini, apa gunanya membayar mahal-mahal membuat emosi benar-benar.",0.9109059572219849
"Dhewe sakaluwarga nyempetake kanggo njajal panganan ing panggonan mangane iki kaya susuh sing kabeh kaca-kacane ditutupi karo ranting-ranting sing ngerambat. Eksotik, unik, apik tenan lan panganane uga enak.","Kami sekeluarga menyempatkan diri mencoba makan di tempat makannya ini seperti sarang yang semua kaca-kacanya ditutupi oleh ranting-ranting yang merambat. Eksotik, unik, keren banget dan makanannya pun enak.","Tempat ini sangat ramai, semua jendela tertutup dengan tanaman merambat. Eksotis, unik, sangat indah, dan makanannya juga enak.",0.9002801179885864
Aku cemburu nanging ora isa apa-apa,Saya cemburu tapi tidak bisa apa-apa,Saya cemburu tetapi tidak bisa melakukan apa-apa.,0.9607121348381042
"Rega ora patia larang, rasane uga enak, akeh pilian panganan khas Banjar liyane.","Harga tidak terlalu mahal, rasanya juga enak, banyak pilihan makanan khas Banjar lainnya. ","Harga yang ditawarkan tidak terlalu mahal, rasanya juga enak, masih banyak pilihan makanan khas Banjar lainnya.",0.9813143014907837
Segel rapi sanajan kotak setithik peyot,Segel rapi walau kotak sedikit penyok,"Meskipun kotak kecil, segelnya rapi.",0.8720628023147583
Sopir gocar teka saka luwar kutha nyang jakarta dinggo golek penumpang ben entuk poin.,Supir gocar datang dari luar kota ke jakarta untuk mencari penumpang demi dapatkan poin.,Sopir gocar datang dari luar kota di Jakarta untuk mencari penumpang agar mendapatkan poin.,0.965431272983551
Ning kene isa metik stroberi dewe lan langsung dibayar lak pas gedhi-gedhi buahe lumayan uga legi stroberine lan ada kulinere pisan isa mangan sing liyane ning kene,Di sini bisa petik stroberi sendiri dan langsung dibayar kalau lagi besar besar buahnya lumayan juga manis stroberinya dan ada kuliner juga bisa makan yang lain di sini,"Di sini kita bisa memetik stroberi sendiri dan langsung dibayar saat buah tersebut cukup besar. Selain itu, suasana stroberi di sini juga enak dan ada kulinernya juga sehingga bisa makan yang lainnya di sini.",0.9394856691360474
"Lagek wae mau teka barange, apik kok","Baru saja tadi sampai barangnya, bagus kok","Bawa saja itu ke sini, bagus kok.",0.8808941841125488
Bosen banget ndhelok sampah ing dalan kutha palangkaraya,Bosan banget melihat sampah di ruas jalan kota palangkaraya,Sangat bosan melihat sampah di jalan kota Palangkaraya.,0.9556155204772949
Lokasi restoran ing Kemang. Larang lan ora enak. Aja mara mrana deh.,Lokasi restoran di Kemang. Mahal dan tidak enak. Jangan ke situ deh.,Restoran itu berlokasi di Kemang. Mahal dan tidak enak. Jangan pergi ke sana.,0.9574580192565918
Rasa nikmat dipadu karo sambele. Daginge empuk. Rega jumbuh karo sing disajikne. Lokasi gampang ditemokne. Sip pokoke.,Rasa nikmat dipadu dengan sambelnya. Daging empuk. Harga sesuai dengan yang disajikan. Lokasi mudah ditemukan. Sip pokoknya.,Rasa nikmat dipadu dengan sambalnya. Dagingnya empuk. Porsi jumbo dengan yang disajikan. Lokasi mudah ditemukan. Sip pokoknya.,0.9724816083908081
Bubur Ahong iki enak dipangan pas mangan wengi. Akeh menu liane sing isa dinikmati liyane bubur. Omah mangan iki rame diparani lan lumayan amba. Bubure uga enak.,Bubur Ahong ini enak dimakan saat makan malam. Banyak menu lainnya yang dapat dinikmati selain bubur. Rumah makan ini ramai dikunjungi dan cukup luas. Buburnya juga enak.,Bubur Ahong ini enak dimakan saat makan malam. Banyak menu lain yang bisa dinikmati selain bubur. Tempat makan ini ramai dikunjungi dan lumayan murah. Buburnya juga enak.,0.9894572496414185
"Aku marang kene karo pacar, panggonane lumayan amba lan ana area indoor karo ing njabane. Aku njagong ing panggonan indoor sing ana pemandangan marang arah njaba, dadi ana jendela kace. kanggo panganane aku cukup puas. Saka sisi rega tenan padha karo apa sing ditawakake","Saya ke sini sama pacar, tempatnya cukup luas dan ada area indoor sama di luarnya. Saya duduk di tempat indoor yang ada pemandangan ke arah luar, jadi ada jendela kaca. untuk makanan saya cukup puas. Dari sisi harga memang sebanding dengan apa yang ditawarkan","Aku ke sini bersama pacar, tempatnya lumayan luas dan ada area indoor dan outdoor. Aku duduk di area indoor yang menghadap ke arah luar, jadi ada jendela kaca. Untuk makanan aku cukup puas. Dari sisi harga memang sesuai dengan apa yang ditawarkan.",0.97032630443573
Milih gubernur utawa ora yaiku pilian saban uwong.,Memilih gubernur atau tidak adalah pilihan setiap orang.,Memilih gubernur atau tidak memilih sama sekali adalah pilihan setiap orang.,0.9729264378547668
Rasa uwis malih ora kaya mbiyen. Kesane anyep. Kudu ditingkatake cita rasane. Kanggo menu ombean minim banget mung ana soft drink,Rasa sudah berubah tidak seperti dulu. Terkesan hambar. Harus di tingkatkan cita rasanya. Untuk menu minuman sangat minim hanya ada soft drink,Rasa udang masih kurang seperti dulu. Terasa hambar. Harus ditingkatkan cita rasanya. Untuk menu makanan laut yang minim hanya ada soft drink.,0.9489056468009949
Sanadyan saiki regane uwes mlonjak munggah nanging percayao yen pesen sega padang bungkus ing singgalang jaya porsine badai tenaaan. Nganti saiki panggonan iki isih dadi salah siji panggonan nikmati masakan padang favoritku.,Meskipun sekarang harganya sudah melonjak naik tapi percayalah kalau pesan nasi padang bungkus di singgalang jaya porsinya badai abiiis. Sampai sekarang tempat ini masih menjadi salah satu tempat menikmati masakan padang favorit saya.,"Meskipun sekarang harganya sudah melompat naik, percaya deh kalau pesan nasi padang bungkus di Singgalang Jaya porsinya tetap banyak. Sampai sekarang tempat ini masih menjadi salah satu tempat menikmati masakan Padang favoritku.",0.956860363483429
"Bebeke enak, alus, sambele enak. Panggone resik lan lumayan oke.","Bebeknya enak, lembut, sambelnya enak. Tempat bersih dan lumayan oke.","Ayamnya enak, empuk, sambalnya juga enak. Tempatnya bersih dan cukup nyaman.",0.9574180841445923
"Manggon ana ing festival city link mal, resto iki nyajikake panganan cina panganan a la carte lan dimsum. Rasa panganane oke, panggonan uga cukup amba lan akeh keluwarga mangan ana ing kene. Favorite dhewe urang mayonaise.","Terletak di festival city link mal, resto ini menyajikan makanan cina makanan a la carte dan dimsum. Rasa makanan cukup oke, tempat cukup luas juga dan banyak keluarga bersantap di sini. Favorit kami udang mayonaise.","Ada di festival city link mall, restoran ini menyajikan makanan Cina a la carte dan dimsum. Rasa makanannya oke, porsinya juga cukup besar dan cocok untuk makan keluarga di sini. Favorit kami adalah mayonesnya.",0.9437450766563416
Panganan ing rumah sakit tansah ora enak,Makanan di rumah sakit selalu tidak enak,Makanan di rumah sakit selalu tidak enak.,0.972458004951477
"Lak mrene wajib banget tuku terong gorenge, panggone uga enak ana sing lesehan, ngindari jam mangan awan lak sir mrene merga kebeg banget","Kalau ke sini wajib banget beli terong gorengnya, tempatnya juga enak ada yang lesehan, hindari jam makan siang kalau mau ke sini karena penuh banget","Saya harus beli terong goreng, enak dimakan sambil duduk lesehan, menghindari jam makan agar tidak terlalu ramai di sini karena sangat populer.",0.9069852828979492
"Panggone cukup nyaman, ana ning dalan sudirman sing cedek karo pilihan panggen belonjo, lan restone cukup cedek karo panggen iku. Panganane enak, pilihane akeh dadi ora tek malehi. Panggone uga nyaman","Letaknya cukup nyaman, ada di jalan sudirman yang dekat dengan pilihan tempat belanja, dari resto pun cukup dekat ke tempat tersebut. Makanannya enak, pilihannya banyak jadi tidak terlalu membosankan. Tempatnya juga nyaman","Lokasinya cukup nyaman, ada di jalan Sudirman yang dekat dengan pilihan penginapan lainnya, dan restorannya cukup dekat dengan penginapan tersebut. Makanannya enak, pilihannya banyak jadi tidak membosankan. Pelayanannya juga nyaman.",0.9664206504821777
Resto iki duwe menu sing aneka werna nanging kakean menu China lan halal. Mi ayam jamur lan sega hainane sedep lan direkomendasikake. Bebeke uga enak. Resto iki saiki duwe cabang ing Istana Plaza.,Resto ini punya menu yang beragam tetapi kebanyakan menu China dan halal. Mi ayam jamur dan nasi hainannya sedap dan direkomendasikan. Bebeknya juga enak. Resto ini sekarang punya cabang di Istana Plaza.,Restoran ini memiliki menu dengan berbagai warna tetapi banyak menu Cina dan halal. Mi ayam jamur dan nasi hainannya enak dan direkomendasikan. Bebeknya juga enak. Restoran ini sekarang memiliki cabang di Istana Plaza.,0.9777947664260864
Mampir marang bandung. Nggolek ramen. Sing jarene saiki kekinian. Regane setimpal padha karo rasane. Yen marang bandung maneh mesti mampir maneh.,Mampir ke bandung. Mencari ramen. Yang katanya lagi kekinian. Harganya setimpal sesuai dengan rasanya. Kalau ke bandung lagi pasti mampir lagi.,Mampir ke Bandung. Mencari ramen. Yang katanya sedang kekinian. Harganya sebanding dengan rasanya. Kalau ke Bandung lagi pasti mampir lagi.,0.97480708360672
"Yen ana sing salah karo tindak tanduke aku entuk kok ngomong langsung karo aku, aja ngomong ing mburi. Ora asik kaya ngono. Pengecut!","Kalau ada yang salah dengan tingkah laku aku boleh kok bicara langsung ke aku, jangan bicara di belakang. Tidak asik kayak begitu. Pengecut!","Jika ada yang salah dengan tindakan dan sikapku, bicarakan langsung padaku, jangan dari belakang. Tidak enak seperti itu. Pengecut!",0.9376817941665649
Tolong konfirmasi kanggo pangiriman ing alamat panampa sing dileksanakake dina iki utawa dina ngesok mas suwun,Mohon konfirmasi untuk pengiriman ke alamat penerima akan dilakukan hari ini atau esok hari kak terima kasih,"Tolong konfirmasi pengiriman ke alamat yang ditentukan hari ini atau besok, terima kasih.",0.9121242761611938
Panggen parkire kurang amba. Lan nganyelne banget lak pas awakdewe mangan terus dikongkon ngge mindahne mobil merga ana wong liya sing bar mangan lan arepe metu kendaraane. Iku ngganggu banget.,Tempat parkirnya kurang luas. Dan menyebalkan banget kalau pada saat kita makan kemudian disuruh untuk memindahkan mobil karena ada orang lain yang selesai makan dan akan keluar kendaraannya. Itu sangat mengganggu.,Tempat parkirnya kurang luas. Dan sangat sempit saat kita sendiri makan lalu ada orang lain yang baru makan dan ingin mengeluarkan kendaraannya. Itu sangat mengganggu.,0.9403859376907349
"Ya ngono sih, kesadharan tanggung jawab mahasiswa saiki kuwi kurang tenan. Akeh-akehe ora tanggung jawab kanthi apa sing uwis dadi tugase.","Ya gitu sih, kesadaran akan tanggung jawab mahasiswa sekarang itu kurang sekali. Kebanyakan tidak bertanggung jawab dengan apa yang sudah jadi tugasnya.","Ya begitulah, kesadaran tanggung jawab mahasiswa saat ini sangat kurang. Banyak di antara mereka yang tidak bertanggung jawab atas apa yang telah menjadi tugas mereka.",0.9494086503982544
"Sega uduk iki ana ing dalan rajiman lan bukake saka sore nganti mbengi. Menune si cukup sederhana, mung sega uduk lan aneka warna pelengkape. Biasane aku mangan sega udu karo pithik goreng lan sambel, sambele ora patia pedes.","Nasi uduk ini ada di jalan rajiman dan bukanya dari sore sampai malam. Menunya sih cukup sederhana, hanya nasi uduk dan berbagai pelengkapnya. Biasanya saya makan nasi uduk sama ayam goreng dan sambal, sambalnya tidak terlalu pedas.","Saya sering makan mie instan ini di jalan Rajiman dan membukanya dari sore hingga malam. Isinya cukup sederhana, hanya mie instan dan berbagai pelengkap. Biasanya saya makan mie instan dengan telur goreng dan sambal, sambalnya tidak terlalu pedas.",0.9532598257064819
Ngomong-ngomong indomie pisanan ning 2018 ku mambengi tibake enak,Anw indomie pertama di 2018 ku semalam ternyata nikmat,"Oh iya, indomie yang saya beli tahun 2018 rasanya enak.",0.8616944551467896
"Saksitike kertu internetku ora kenek digawe padahal kuota lokal e isik, aku manggon ning panggonan sing aktivasi lan kertune uga wis didaftarne.","Minimal kartu internet saya tidak dapat digunakan padahal kuota lokal masih, saya berada di lokasi aktivasi dan kartu juga sudah registrasi","Kartu internetku tidak bisa digunakan meskipun kuota lokalnya masih ada, aku berada di lokasi yang aktif dan kartunya juga sudah terdaftar.",0.9471628665924072
Hypermart saiki ngenehi diskon 20% kanggo produk seger saben dina senen - kemis kanthi mandiri kartu hypermart,Hypermart sedang memberikan diskon 20% untuk produk segar setiap hari senin - kamis dengan mandiri kartu hypermart,Hypermart saat ini memberikan diskon 20% untuk produk segar setiap hari Senin - Kamis dengan menggunakan kartu Hypermart mandiri.,0.9472272992134094
Pengen nesu wae aku karo indosat,Mau marah saja aku sama indosat,Saya hanya ingin marah dengan Indosat.,0.8386672735214233
Karo ngenteni wektu ganti tahun dhewe njajal marang rene. Dhewe wong loro pesen pirang-pirang sushi. Ombeane milktea karo es krim vanilla nganggo batok krambil. Kanggo sushine lumayan nanging kakehan segane kayane. Nanging rasane enak. Regane kajangkau.,Sambil menunggu waktu pergantian tahun kita coba ke sini. Kita berdua pesan beberapa sushi. Minumannya milktea sama eskrim vanilla dengan batok kelapa. Untuk sushinya lumayan tapi kebanyakan nasinya sepertinya. Tetapi rasanya enak. Harganya terjangkau.,"Menunggu waktu pergantian tahun, dia mencoba ke sana. Dia dan temannya memesan beberapa sushi. Minuman milktea dengan es krim vanilla di atasnya menggunakan cangkir jagung. Untuk sushi, rasanya cukup lumayan, tetapi sepertinya terlalu banyak saus. Namun, rasanya enak. Harganya terjangkau.",0.9384416937828064
"Endi laporanku ora diproses-proses. Magu duitku ora bakal dibalikne, padahal pulsa lan kuotaku ilang.","Mana laporan aku tidak diproses-proses. Ragu duit aku akan dikembalikan, padahal pulsa dan kuota aku hilang.","Laporanku tidak diproses. Uangku tidak akan dikembalikan, padahal pulsa dan kuotaku hilang.",0.9527066349983215
"Dhewe kuciwa tenan karo pelayanan karyawan lion ing gate a6 bandar udara cengkareng. Aku diapusi, barang rusak lan reged satibane ing tujuan.","Kami sangat kecewa dengan pelayanan karyawan lion di gate a6 bandar udara cengkareng. Saya dibohongi, barang rusak dan kotor tiba tujuan.",Saya sangat kecewa dengan pelayanan karyawan Lion di gate A6 Bandara Cengkareng. Barang saya rusak dan tergores saat sampai di tujuan.,0.9436870813369751
Sing paling nguciwakake yaiku nalika pimpinan ora isa mbedakake lan ora gelem ngerti endi negarawan lan endi politisi kotor,Yang paling mengecewakan adalah ketika pemimpin tak bisa bedakan dan tak mau tahu mana negarawan dan mana politisi kotor,Yang paling memalukan adalah ketika pemimpin tidak bisa membedakan dan tidak mau memahami mana negarawan dan mana politisi kotor.,0.9520912170410156
"Bubur iwak pitik sing lumayan rekomendasi ning sekitaran bandung, panggone strategis gampang digoleki, regane ora ngrogoh sak, panggone mesti rame diparani pengunjung mben dina nyambut gawe lan akhir minggu merga rasane sing enak.","Bubur ayam yang lumayan rekomendasi di sekitaran bandung, tempatnya strategis mudah dicari, harganya tidak merogoh kantong, tempatnya selalu ramai didatangi pengunjung setiap hari kerja maupun akhir pekan karena rasanya yang enak.","Bubur ikan pindang yang lumayan direkomendasikan di sekitar Bandung, lokasinya strategis mudah ditemukan, harganya tidak mahal, lokasinya pasti ramai dikunjungi pengunjung pada hari kerja dan akhir pekan karena rasanya yang enak.",0.9445330500602722
"Teka ing panggonan iki kanggo ngaso sakbanjure sayah macet ing lelungan, panganane oke, nanging jajan-jajane mantep, dadi kabayarake.","Mengunjungi tempat ini untuk istirahat setelah cape macet di perjalanan, makanan oke, tapi kue-kuenya mantap, jadi terbayarkan.","Tempat ini cocok untuk bersantai setelah seharian macet di jalan, makanannya enak, tetapi camilannya luar biasa, jadi pantas dibayar.",0.9199140667915344
"Terus aku sia-sia no nganyari nomer hape paling anyar nyang pelayanan pelanggan cabang bni lak data ning bni isik nomer hape lawas, piye seh pelayanane!","Lalu saya percuma dong update nomor telepon genggam terbaru ke pelayanan pelanggan cab bni kalau data di bni masih nomor handphone lama, bagaimana sih pelayanannya!","Lalu saya berusaha mencari nomor telepon terbaru layanan pelanggan cabang BNI Lak data di BNI Isik, tetapi masih menggunakan nomor telepon lama, bagaimana sih pelayanannya!",0.9166139960289001
"Aku wis kerep mara nikmati panganan ning roemah nenek. Aku seneng karo kahanane sing nyaman dinggo mangan bareng keluarga. Ning dina-dina tertentu ana tontonan musik langsung. Panganane uga nduwe pilian sing rena-rena saka tradisional, asia, sampek panganan kidulan","Saya sudah sering kali datang menikmati makanan di roemah nenek. Saya suka dengan suasananya yang nyaman untuk makan bersama keluarga. Di hari-hari tertentu ada hiburan live musik. Makanannya pun punya pilihan yang beragam dari yang tradisional, asia, sampai makanan barat","Saya sering menikmati makanan di rumah nenek. Saya suka dengan suasananya yang nyaman untuk makan bersama keluarga. Pada hari-hari tertentu, ada pertunjukan musik langsung. Masakannya juga memiliki pilihan yang beragam, mulai dari makanan tradisional, Asia, hingga makanan barat.",0.9551013708114624
"Akeh wong sing ora seneng nggo berobat nyang dokter. Ora mung kerna mbayare sing relatif lumayan larang dingge separone wong, nyang dokter ora selawase isa marekne. Akeh dokter sing salah diagnosis. Apa penting utawa wis lumrah, toh dokter uga manungsa.","Banyak orang yang kurang suka untuk berobat ke dokter. Selain biaya yang relatif cukup mahal bagi sebagian orang, ke dokter tak selamanya bisa menyembuhkan. Banyak dokter yang salah diagnosa. Pentingkah ataukah sudah lumrah, toh dokter juga manusia.","Banyak orang yang tidak suka pergi berobat ke dokter. Tidak hanya karena biayanya yang relatif mahal bagi sebagian orang, tetapi juga karena tidak selalu dokter bisa menyembuhkannya. Banyak dokter yang salah diagnosis. Penting atau sudah biasa, toh dokter juga manusia.",0.9514097571372986
"Pelayanane apik, panggen parkir lumayan amba, kebon stroberi amba lan akeh stroberi sing wis cukup abang nggo dipethil. Panganan ning restoran rena-rena banget, rasane enak, sambel stroberine unik lan enak. Sega liwet stroberi kudu dijajal. Sejauh iki kabeh menu sing tak pangan ora ana sing nggarai gela rekomendasi banget dinggo dolane keluarga","Pelayanan baik, tempat parkir cukup luas, kebun stroberi luas dan banyak stroberi yang sudah cukup merah untuk dipetik. Makanan direstoran sangat beragam, rasanya enak, sambal stroberinya unik dan enak. Nasi liwet stroberi harus dicoba. Sejauh ini semua menu yang saya makan tidak ada yang mengecewakan sangat rekomendasi untuk wisata keluarga","Pelayanannya baik, area parkir cukup luas, kebun stroberi luas dan banyak stroberi yang sudah matang untuk dipetik. Makanan di restoran bervariasi, rasanya enak, sambal stroberinya unik dan enak. Sega liwet stroberi wajib dicoba. Sampai saat ini semua menu yang saya coba tidak ada yang membuat kecewa, sangat direkomendasikan untuk berkunjung bersama keluarga.",0.9579680562019348
"Demi apa wae tes cpns marakna macet, sialannnnnnn","Demi apa pun tes cpns bikin macet, sialannnnnnn","Bener-bener, kenapa tes CPNS ini membuat jalanan macet, sialan!",0.8205684423446655
"Ngenteni panganan suwi banget, pelayane galak, pas mangan pas kuwi aku pesen pizza tekone eh gosong nganti kasire pas aku mbayar ora ngguyu, pelayanane payah.","Menunggu makanannya lama banget, waitressnya galak, pas makanannya saat itu saya pesan pizza datang eh gosong sampai kasirnya pun pas saya bayar tidak senyum, pelayanannya payah.","Menunggu makanan terlalu lama, pelayannya galak, saat makan itu saya pesan pizza tekeni eh gosong sampai kasir saat saya membayar tidak tersenyum, pelayanannya buruk.",0.9458929896354675
