javanese,ground_truth,generated,bertscore
"Cepak saka hotelku nginep, namung digawa mlaku, ing kene akeh tenan pilian panganane, panggonane sing amba, lan nyenengake","Dekat dengan hotel saya menginap, hanya ditempuh jalan kaki, di sini banyak sekali pilihan makanannya, tempat yang luas, dan menyenangkan","Saya tinggal di hotel ini, tapi saya dibawa jalan-jalan, di sini banyak sekali pilihan makanan, tempatnya yang luas, dan menyenangkan",0.9447553753852844
"Iya bener, deknen lagi jaga warung.","Iya benar, dia sedang jaga warung.","Iya benar, adik sedang menjaga warung.",0.9804602265357971
Kangkunge lumayan nanging yuyu saus padange nguciwakake dhewe dikei yuyu sing kopong akhir dhewe ora mangan yuyune lan dibalekake.,Kangkungnya lumayan tapi kepiting saus padangnya mengecewakan kami dikasih kepiting yang kopong akhir kami tidak makan keptingnya dan dikembalikan.,"Kangkungnya cukup banyak, tapi sayang saus padanya membuat kangkung itu menjadi pahit, akhirnya kangkungnya tidak dimakan dan dibuang.",0.8902370929718018
"Manggon nang braga city walk sing sak gedung karo aston lan fave hotel, panggon iki nyaman banget dinggo nyangkruk-nyrangkruk. Kopi campur teh sing anyar lagek pisan iki aku njajal tibake enak banget, dipadu karo endog setengah mateng dadi kanca jagongan karo kanca-kanca. Panggon sing bebas rokokan tambah nyenengne karo nikmati pemandangan wira-wiri wong-wong sing mlebu metu mal iki.","Bertempat di braga city walk yang satu gedung dengan aston dan fave hotel, tempat ini sangat nyaman buat kongkow-kongkow. Kopi campur teh yang baru pertama kali saya nikmati ternyata sangat enak, dipadu dengan telur setengah matang menjadi pendamping mengobrol bersama teman-teman. Area yang bebas merokok semakin mengasyikkan sambil menikmati pemandangan lalu lalang orang-orang yang keluar masuk mal ini.","Berada di Braga City Walk yang satu gedung dengan Aston dan Fave Hotel, tempat ini sangat nyaman untuk nongkrong. Kopi campur teh yang baru dan lezat ini aku coba dan ternyata sangat enak, dipasangkan dengan telur setengah matang menjadi teman ngobrol dengan teman-teman. Tempat yang bebas asap rokok membuat lebih menyenangkan menikmati pemandangan lalu-lalang orang-orang yang masuk-keluar mall ini.",0.9418319463729858
"Gianyar nompo bantuan sosial 2018 gedene rp 44, 9 milyat","Gianyar terima bantuan sosial 2018 sebesar rp 44, 9 miliar","Gianyar menerima bantuan sosial 2018 sebesar Rp 44,9 miliar",0.9251630902290344
Iki salah siji conto generasi sing ora kangge. Ora malah migunani dinggo bangsa nanging malah dadi sesuatu sing mbahayani dinggo bangsa! Mantep jeraten ae nggawe uu ite,Ini salah satu contoh generasi yang tidak berguna. Bukan malah bermanfaat untuk bangsa tapi malah jadi sesuatu yang berbahaya bagi bangsa! Mantap jerat saja pakai uu ite,"Ini salah satu contoh generasi yang tidak berguna. Tidak hanya tidak berguna bagi bangsa, tapi malah menjadi sesuatu yang membahayakan bagi bangsa! Sudah pasti jeratan hukum itu akan membuat mereka tidak berani lagi melakukan tindakan yang membahayakan.",0.9273518919944763
"Sore konco, wektu iki lagi dilakokne pemeliharaan dadi aplikasi ora isa diakses.","Sore sahabat, saat ini sedang dilakukan pemeliharaan sehingga aplikasi tidak dapat diakses.","Sore kawan, saat ini sedang dilakukan pemeliharaan sehingga aplikasi tidak bisa diakses.",0.9908697605133057
Tenan ringkih dhewe iki aku uga jiden saktenane,Memang lemah kita ini aku juga penakut sebenarnya,Orang yang sombong ini aku juga tidak terlalu peduli,0.8822462558746338
"Terakhir nyang hanamasa regane 120 ewu / wong. Nanging puase luwih saka iku. Isa njupuk panganan sakpuase, nanging rasa ora nggelakne, pinter-pintere awakdewe ae ngeracik dewe. Lak penggemar daging sapi mesti seneng mrene","Terakhir ke hanamasa harganya 120 ribu / orang. Tapi puasnya lebih dari itu. Bisa ambil makanan sepuasnya, tapi rasa tidak mengecewakan, pintar-pintar kita saja meracik sendiri. Kalau penggemar daging sapi pasti suka ke sini","Terakhir harga yang ditawarkan 120 ribu per orang. Tapi puasnya lebih dari itu. Saya ambil makanan sepuasnya, tapi rasanya tidak membuat bosan, karena pintar-pintar kita sendiri yang mengolahnya. Jadi penggemar daging sapi pasti senang makan di sini",0.9446162581443787
"Kanggo menyang ing the peak mesthi wae karasa adoh banget saka pusat kutha bandung, lan aksese sing lumayan mbingungake lan dalan cilike mbelak-mbelok. Nanging kowe bisa ora bakal kesasar amarga meh ing saben enggokan ana tanda marang ing the peak. Panggonane apik banget kanggo kowe sing nggolek suasana mbengi romantis, kanthi pemandangan mbengi kutha sing apik tenan.","Untuk menuju ke the peak memang terasa sangat jauh dari pusat kota bandung, dan aksesnya yang agak membingungkan dan jalan kecil berkelok-kelok. Namun anda mungkin tidak akan tersesat karena hampir di tiap belokan ada signage menuju ke the peak. Tempatnya sangat bagus untuk anda yang mencari suasana malam romantis, dengan pemandangan malam kota yang menakjubkan.","Untuk menuju ke the peak memang terasa jauh dari pusat kota bandung, dan akses yang cukup membingungkan serta jalan yang kecil berkelok-kelok. Namun kamu tidak akan kesasar karena hampir di setiap belokan ada tanda menuju the peak. Tempatnya sangat cocok untuk kamu yang mencari suasana malam romantis, dengan pemandangan malam kota yang sangat indah.",0.9773287177085876
Kebon raya bogor isa didadekne salah siji tujuan destinasi wisata,Kebun raya bogor bisa dijadikan salah satu tujuan destinasi wisata,Kebun raya bogor bisa dijadikan salah satu tujuan destinasi wisata,1.0
"The peak panggone ning cedeke lembang, waratan duwur ning bandung sing adem lan panggone sing apik banget nanging dalan ngge moro panggonan iki kelok-kelok banget lan tikungan landep lan curam, ora disarane dingge motoran pas udan-udan lan wengi. Ning the peak ana nggen mangan sing pemandangane kutha bandung sing indah saka nggunung, rega panganane sing larang banget lan ora sumbut.","The peak berlokasi di dekat lembang, dataran tinggi di bandung yang sejuk dan lokasi yang sangat baik namun jalan untuk mencapai tempat ini sangat berkelok disertai tikungan tajam nan curam, tidak disarankan untuk berkendara saat hujan dan malam hari. Di the peak terdapat restoran dengan pemandangan kota bandung yang indah dari perbukitan, harga makanan yang sangat mahal dan sangat tidak sesuai.","Puncaknya letaknya di tengah lembah, suhu udara di Bandung yang sejuk dan tempat yang sangat bagus namun jalan menuju tempat ini berkelok-kelok dan tikungan yang curam, tidak disarankan untuk berkendara saat hujan dan malam. Di puncaknya ada tempat makan dengan pemandangan kota Bandung yang indah dari atas gunung, harga makanannya yang mahal dan tidak sebanding.",0.9357443451881409
Aku kapok nganggo jasa lion air,Saya kapok menggunakan jasa lion air,Aku kapok menggunakan jasa Lion Air,0.9324359893798828
Akeh bab sing isa dhewe tindakake kanggo ngisi wektu luwang.,Banyak hal yang dapat kita lakukan untuk mengisi waktu luang.,Banyak hal yang bisa kita lakukan untuk mengisi waktu luang.,0.9965143203735352
Saya apatis ngelaporake bab-bab kaya iki. Amarga nganti minggu wingi isih tetep hurung digarap. Mung janji-janji terus.,Semakin apatis melaporkan hal-hal seperti ini. Karena sampai minggu lalu masih tetap belum dikerjakan. Hanya janji-janji terus.,Saya apatis melaporkan kasus-kasus seperti ini. Karena sampai minggu ini masih belum juga ditangani. Hanya janji-janji terus.,0.9442673921585083
Rega dhuwur banget porsi sithik banget ora janji maneh aku teko kanggo kepindho. Panganane ora beda adoh karo emakku dong!,Harga selangit porsi seiprit tidak janji lagi saya datang untuk yang kedua kali. Masakannya tidak beda jauh sama ema saya dong!,"Harganya sangat mahal, porsinya sangat sedikit, tidak sesuai dengan yang dijanjikan, aku tidak akan datang lagi. Makanannya tidak jauh beda dengan masakan ibuku!",0.8782925605773926
"Anyar lan kashediya, 5 sekat mangan awan kotak kotak mangan yooyee kotak bekal anti bocor 590","Baru dan tersedia, 5 sekat makan siang kotak kotak makan yooyee kotak bekal anti bocor 590","Baru dan keren, 5 set makanan kotak makanan anak yoyee kotak bekal anti bocor 590",0.9548558592796326
"Ora ngerti ya kenangapa resto iki manggoni ranking 12 saka 1800an resto sing ana ing jakarta. Regane larang! Panggonane ndhelik, lan rasa panganane biasa bae. Aja percaya banget karo review sing nyesatake.","Tidak mengerti ya kenapa resto ini menduduki peringkat 12 dari 1800an resto yang ada di jakarta. Harga mahal! Lokasi tersembunyi, dan rasa makanan biasa saja. Jangan terlalu percaya sama review yang menyesatkanlah.","Aku tidak mengerti mengapa restoran ini menduduki ranking 12 dari 1800an restoran yang ada di Jakarta. Harganya mahal! Tempatnya tidak istimewa, dan rasa makanannya biasa saja. Jangan terlalu percaya dengan review yang memuji berlebihan.",0.9527027606964111
Bledosan ning aksi protes ning afghanistan mateni wong 68,Ledakan dalam aksi protes di afghanistan tewaskan 68 orang,"Dalam aksi protes di Afganistan, 68 orang tewas",0.9330449104309082
"Aku teka marang restoran kuwi bareng karo kancaku. Kancaku kakehan kaget ndhelok pemandangane sing apik tenan ing mbengi. Aku ndhuweni kasempatan njajal stik impore, enak tenan apa maneh sause. Mmm yummi. Yen ana kasempatan aku pengen teka maneh marang kana.","Saya berkunjung ke restoran itu bersama dengan teman saya. Teman saya kebanyakan terkejut melihat pemandangannya yang sangat indah di malam hari. Saya berkesempatan mencoba steak impornya, sangat enak apalagi sausnya. Mmm yummi. Kalau ada kesempatan saya ingin berkunjung lagi ke sana.","Aku pergi ke restoran itu bersama temanku. Temanku sangat terkejut melihat pemandangan yang sangat indah di malam hari. Aku memiliki kesempatan untuk mencoba stik impor, rasanya sangat enak dengan sausnya. Mmm, yummi. Jika ada kesempatan, aku ingin pergi ke sana lagi.",0.9542731642723083
Akses menyang dusun bambu isa ditekani kira-kira ing wektu 1 - 2 jam nganggo mobil pribadi. Mara menyang dusun bambu diusahakake pas wektu wengi amarga awake dhewe isa ndelok cetha pemandangan sing ana lan wektu sing pas kanggo mangan wengi.,Akses menuju dusun bambu bisa ditempuh kira-kira dalam waktu 1 - 2 jam menggunakan mobil pribadi. Berkunjung ke dusun bambu diusahakan saat petang hari karena kita dapat melihat jelas pemandangan yang ada dan waktu yang pas untuk makan malam.,Akses ke dusun bambu bisa ditempuh sekitar 1 - 2 jam dengan menggunakan mobil pribadi. Datang ke dusun bambu diusahakan pada waktu malam karena kita bisa melihat dengan jelas pemandangan yang ada dan waktu yang tepat untuk makan malam.,0.9678539037704468
"Panganane oke padha karo xo suki liyane. Nanging sanajan dina prei gedhe kaya badha iki udhu artine meseme prei lan pesenan ombe, lan liya-liyane kudu mesen ping akeh. Tulung dijaga kepuasan pelanggane. Matur suwun,","Makanan oke sama seperti xo suki lainnya. Tetapi walaupun hari libur besar seperti lebaran ini bukan berarti senyumnya libur dan order minum, dan lain-lain harus order berkali-kali. Tolong di jaga kepuasan pelanggannya. Terima kasih.","Makanannya enak seperti sushi lainnya. Namun sayangnya di hari sibuk seperti ini, pelayanannya kurang memuaskan karena pelayan terlalu sibuk mengambil pesanan dan yang lainnya harus memesan berulang kali. Tolong dijaga kepuasan pelanggan. Terima kasih,",0.9033295512199402
"Restoran iki yaiku panggon kuliner sing wajib diparani umpama nyang bandung. Ora mung panganane sing manjakne ilat panganan sunda banget, restoran iki uga dibangun nganggo konsep mangan santai ning jero kali dadi nawarne pengalaman kuliner sing berkesan banget. Kudu dijajal dinggo sopo ae sing nyang bandung.","Restoran ini adalah sebuah destinasi kuliner yang wajib dikunjungi bila ke bandung. Selain makanan yang sangat memanjakan lidah makanan sunda, restoran ini juga dibangun dengan konsep makan santai di dalam saung yang dikelilingi alam hutan dan pegunungan yang dihias pepohonan rindang dan dihibur oleh gemericik air sungai sehingga menawarkan pengalaman kuliner yang teramat mengesankan. Harus dicoba bagi siapapun yang ke bandung.","Restoran ini merupakan tempat kuliner yang wajib dikunjungi jika ke Bandung. Tidak hanya makanannya yang lezat dengan cita rasa Sunda yang khas, restoran ini juga dibangun dengan konsep makan santai di pinggir kali sehingga menawarkan pengalaman kuliner yang sangat berkesan. Harus dicoba untuk siapa saja yang ke Bandung.",0.920109748840332
Mbalik ngaktifne paket data indosat merga isa akses youtube unlimited.,Kembali mengaktifkan paket data indosat karena dapat akses youtube unlimited.,Saya membalikkan aktivasi paket data Indosat karena saya bisa mengakses youtube secara unlimited.,0.9362210035324097
Aku nembe ngerti ketemu kancaku sek makarya nang trans tv,Saya baru saja bertemu teman saya yang bekerja di trans tv,Aku baru mengerti ketemu teman sekolahku yang bekerja di Trans TV,0.9389528036117554
"Omah mangan ning dalan anggrek iki nduwe keistimewaan jenis seafood sing rena-rena lan ana sing isih urip dinggo dipilih lan dimasak pas kuwi uga. Rena-rena jenis panganan isa dipilih lan wektu ngenteni sing sediluk nggarai adewe ora tek kesuwen keluwen ngenteni. Menu kerapu kukuse enak banget lan gurih, apa meneh lak dimasak karo iwak sing isih seger. Lokasine lumayan adem, regane mirah.","Rumah makan di jalan anggrek ini memiliki keistimewaan jenis seafood yang beragam dan ada yang masih hidup untuk dipilih dan dimasak saat itu juga. Berbagai jenis masakan dapat dipilih dan waktu tunggu yang singkat membuat kita tidak terlalu lama kelaparan menunggu. Menu kerapu kukusnya sangat enak dan gurih, apalagi bila dimasak dengan ikan yang masih segar. Lokasi cukup sejuk, harga murah.","Rumah makan di jalanan anggrek ini memiliki keistimewaan jenis seafood yang beragam dan ada yang masih hidup untuk dipilih dan dimasak saat itu juga. Banyak jenis makanan yang bisa dipilih dan waktu menunggu yang tidak terlalu lama membuat kita tidak bosan menunggu. Menu kerapu kukus enak sekali dan gurih, apalagi lagi dimasak dengan ikan yang masih segar. Lokasinya cukup nyaman, harganya murah.",0.9811848402023315
"Kaya biasane awakdewe mesti golek kuliner sing liya timbangane sing liyane, awakdewe entuk ning panggen iki yaiku the restaurant padma hotel. Awakdewe pesen menu sing ana. Ana saka indonesia, eropa lan cina, tibake kabeh masakane enak kabeh.","Seperti biasa kami selalu mencari kuliner yang lain daripada yang lain, dapatlah kami di tempat ini yaitu the restaurant padma hotel. Kami memesan menu yang ada. Ada dari indonesia, eropa dan chinese, ternyata semua masakannya enak semuanya.","Seperti biasanya saya harus mencari kuliner yang lain dari yang lain, dan saya menemukannya di tempat ini yaitu the restaurant padma hotel. Saya memesan menu yang ada. Ada dari Indonesia, Eropa dan Cina, dan hasilnya semua masakannya enak.",0.9652281403541565
Iya kuwi sing nggawe aku kesel. Iki udu salahe sing ngelamar nanging jelas 100% salahe pihak sing ana ing ndhuwur sing embuh piye carane dheweke koordinasi. Nyesek aku kuwi sanajan iki kasus kancaku sing ing lampung.,Iya itu yang bikin saya kesal. Ini bukan kesalahan sang pelamar tapi jelas 100% kesalahan pihak yang di atas yang entah bagaimana cara mereka berkordinasi. Nyesek saya itu walaupun ini kasus teman saya yang di lampung.,Iya itu yang membuat aku kesal. Ini sudah salah dari awal yang melamar tapi jelas 100% salah pihak yang ada di atas yang salah dalam koordinasi. Aku merasa sakit itu meskipun ini kasus teman aku yang di lampung.,0.9405303597450256
"Pelayanane cukup suwi, nanging suwasanane sing diwenehi apik lan unik, dadi karo ngenteni panganan isa nikmati suwasana ing restoran iki, menu sing disajikake aneka werna lan enak,","Pelayanannya agak lama, tetapi suasana yang diberikan keren dan unik, jadi sambil menunggu makanan bisa menikmati suasana di resto ini, menu yang disajikan beragam dan enak,","Pelayanannya cukup lambat, namun suasana yang diberikan baik dan unik, jadi dengan menunggu makanan bisa menikmati suasana di restoran ini, menu yang disajikan beragam dan enak.",0.9791857004165649
"Panganan ing kene enak-enak kanthi akeh variasine. Kabehane enak kanthi pemandangan apik. Pelayanane sing maksimal saka mbak diah lan gina saka ngewiwiti teka nganti rampung, dilayani kanthi apik tenan.","Makanan di sini enak-enak dengan banyak variasi. Semuanya enak dengan pemandangan bagus. Pelayanan yang maksimal dari mbak diah dan gina dari awal datang sampai selesai, dilayani dengan sangat baik.","Makanan di sini enak-enak dengan banyak variasinya. Semuanya enak dengan pemandangan yang bagus. Pelayanan yang maksimal dari mbak diah dan gina dari awal datang hingga selesai, dilayani dengan sangat baik.",0.9921502470970154
"Ana ing ajang piala dunia 2018 sesuk, telkomsel njupuk bagian minangka pandukung penyiaran resmi ing perhelatan sepak bola donya kasebut.","Dalam ajang piala dunia 2018 nanti, telkomsel mengambil bagian sebagai pendukung penyiaran resmi dalam perhelatan sepak bola dunia tersebut.","Pada ajang piala dunia 2018 lalu, telkomsel menjemput bagian sebagai pendukung penyiaran resmi dalam perhelatan sepak bola dunia tersebut.",0.9847351908683777
De'e biasane tuku tisu paseo,Dia biasanya membeli tisu paseo,Dia biasanya membeli tisu paseo,1.0
"Buse ora nyaman, mbak, ora sumbut karo sing diomongne bosmu, urung maneh panganane kurang enak banget, terus panggon wisata tujuane sing nggelakne:","Busnya tidak nyaman, mbak, tidak sesuai dengan yang diomongin atasan Anda, belum lagi makanannya kurang enak banget, lalu tempat wisata tujuannya yang mengecewakan:","Busnya tidak nyaman, mbak, tidak sesuai dengan yang dikatakan bosnya, belum lagi makanannya kurang enak sekali, terus tempat wisatanya tidak sesuai dengan yang diharapkan:",0.9512788653373718
"Cukup gampang golek lokasi iki, mung ngikuti wae arah menyang tengah kota. Mengko ning kiwa dalan ketok parkiran mobil sing cukup akeh, nengkono panggonan kafe iki. Rasane kafe iki pancen arang sepi, pengunjunge akeh banget.","Cukup mudah mencari lokasi ini, tinggal mengikuti saja arah ke tengah kota. Nanti di kiri jalan terlihat parkiran mobil yang cukup banyak, disitulah tempat kafe ini. Rasanya kafe ini memang jarang sepi, banyak sekali pengunjung.","Cukup mudah menemukan lokasi ini, hanya mengikuti arah ke tengah kota. Lalu di sebelah kiri jalan ada tempat parkir mobil yang cukup luas, di situlah letak kafe ini. Rasanya kafe ini memang jarang sepi, pengunjungnya banyak sekali.",0.9767499566078186
"Gela aku karo provider iki, nganti sebel, nesu, emosi, aku metu, gara gara, sinyal sing ora bener.","Kecewa saya dengan provider ini, sampai kesal, marah, emosi, saya keluar, gara gara, sinyal yang tidak benar.","Aku kesal dengan provider ini, sampai aku marah, jengkel, emosi, aku putus, karena sinyal yang tidak stabil.",0.9526738524436951
"Sarung bantal, seprei lan slimute uwis ora putih...terus temboke wes akeh lumut..","Sarung bantal, seprai dan selimutnya tidak lagi putih...trus dindingnya sudah banyak lumut..","Sarung bantal, seprai dan selimut sudah tidak putih lagi...terus dinding sudah banyak lumut.",0.9763293266296387
"Lan pas dheweke teka, saya rusak wae iki acara. Gilo banget aku karo dheweke, asli! Ngapuro yoo aku ora seneng banget karo dheweke","Dan ketika dia tiba, makin rusak saja ini acara. Jijik banget gue sama dia, asli! Maaf yaah gue enggak suka banget sama dia","Ketika dia datang, saya akan merusak acara ini. Aku sangat marah padanya, benar! Meskipun begitu, aku tidak suka padanya sama sekali",0.9004603624343872
"Dhewe ana acara mangan mbengi wektu kuwi, es krime ora dipisah karo espresso dadi ora isa nyampur sing cocok karo selerane awakedhewe. Salmon steake uga kurang seger, kulit salmone atos, ketoke suwi ing kulkas utawa freezer. Sanajan iku menu utama sing kudune enak.","Kami ada acara makan malam waktu itu, ice krimnya tidak dipisahkan dengan espresso jadi tidak bisa mencampur sesuai selera masing-masing. Salmon steaknya juga kurang segar, kulit salmonnya keras, keliatannya lama di kulkas atau freezer. Padahal itu menu utama yang seharusnya enak.","Saat itu ada acara makan malam, es krim tidak dipisahkan dengan espresso sehingga saya tidak bisa mencampur sesuai dengan selera saya. Steak salmon juga kurang segar, kulit salmon keras, mungkin sudah lama disimpan di kulkas atau freezer. Padahal itu menu utama yang seharusnya enak.",0.9539241790771484
"Panggonane gampang ditemukake. Resik lan higienis, pelayanane apik, dhewe bisa diskusi babagan panganan kang kasadia. Asik.","Tempatnya mudah ditemukan. Bersih dan higienis, pelayanannya bagus, kita bisa diskusi tentang masakan yang tersedia. Asik.","Lokasinya mudah ditemukan. Bersih dan higienis, pelayanannya baik, kita bisa diskusi tentang makanan yang tersedia. Asyik.",0.9848777055740356
Buffet mangan mbengi paling top. Regane pas karo sing dientukake. Rasane enak piliane akeh. Regane kadang didiskon yen teko rombongan. Sukses terus ya.,Buffet makan malam paling top. Harga sesuai yang didapat. Rasanya enak pilihannya banyak. Harga kadang didiskon jika datang rombongan. Sukses selalu ya.,Buffet makan malam yang sangat top. Harganya sesuai dengan yang ditawarkan. Rasanya enak dan pilihan banyak. Harganya kadang didiskon jika datang rombongan. Sukses terus ya.,0.9739165306091309
Panggon sing apik yen dinikmati wengi. Cukup nyaman. Ragane lumayan murah. Senenganku stik tenderloine. Cukup enak.,Tempat yang bagus kalau dinikmati malam hari. Cukup nyaman. Harga cukup terjangkau. Favorit saya steak tenderloinnya. Cukup enak.,Tempat yang bagus jika dinikmati malam hari. Cukup nyaman. Harganya lumayan murah. Saya suka stik tenderloin. Cukup enak.,0.9705671668052673
"Njajal kanggo buka puasa ing kene. Kanggo rega sing kagolong larang ana ing antara hotel berbintang sakelasae, rasa sing ditawakake tenan nguciwakake. Pastane ora ana rasane, panganan liyane uga ora ana rasane. Beda tenan karo apa sing biasa ditawakake. Lan pelayanane uga kurang profesional pas ngelakoni pembayaran nganggo kartu kredit.","Mencoba untuk buka puasa di sini. Dengan harga yang tergolong mahal di antara hotel berbintang sekelasnya, rasa yang ditawarkan sangat mengecewakan. Pastanya hambar, makanan lain juga hambar. Sangat berbeda dengan apa yang biasa ditawarkan. Dan pelayanan juga kurang profesional pada saat melakukan pembayaran dengan mengunakan kartu kredit.","Cobalah untuk berbuka puasa di sini. Untuk harga yang tergolong mahal seperti hotel berbintang sekelasnya, rasa yang ditawarkan sangat mengecewakan. Pastinya tidak ada rasanya, makanan lainnya juga tidak ada rasanya. Berbeda sekali dengan apa yang biasa ditawarkan. Dan pelayanannya juga kurang profesional saat melakukan pembayaran menggunakan kartu kredit.",0.9598267674446106
"Aku uga bingung loh, sing ndukung tokoh kuwi meh kabeh setipe bisane mung ngenyek-ngenyek, fitnah, tembung-tembung kasar, nyebarna isu ngapusi, ngutamakake emosi, akal sehate ora pernah dinggo.","Gue juga bingung loh, pendukung tokoh itu hampir semuanya setipe bisanya cuma maki-maki, fitnah, kata-kata kasar, menyebar isu bohong, mengutamakan emosi, akal sehat tidak pernah dipakai.","Aku juga bingung, orang yang mendukung tokoh itu hampir semuanya bertipe sama, hanya menghujat, fitnah, menggunakan kata-kata kasar, menyebarkan isu bohong, mengutamakan emosi, akal sehat tidak pernah digunakan.",0.9499539732933044
"Omah mangan nusa indah saiki gelakne ah. Reget, uwong ditokne wae ngrokok ning ruangan nggo ac, pangganan suwe tekane.","Rumah makan nusa indah sekarang mengecewakan ah. Kotor, orang didiamkan saja merokok di ruangan ber ac, makanan lama datangnya.","Rumah makan di pulau indah sekarang rusak. Sayang, orang yang datang ke sini hanya merokok di ruangan ber-AC, tempat duduknya juga tidak nyaman.",0.8975762128829956
Nadia nggoleki hem kanggo adike ning uniqlo,Nadia mencari kemeja untuk adiknya di uniqlo,Nadia mencari hem untuk adiknya di Uniqlo,0.946317195892334
"101 dalmatians: The series yaiku seri kartun tipi sing digawe karo disney television animation, kerjo bareng karo jumbo pictures.","101 dalmatians: The series adalah sebuah seri animasi televisi yang diproduksi oleh disney television animation, bekerja sama dengan jumbo pictures.","101 dalmatians: The series adalah seri kartun televisi yang dibuat oleh Disney Television Animation, bekerja sama dengan Jumbo Pictures.",0.9486104249954224
Kantor kang nyambungake korsel - korut dibuka pekan iki,Kantor penghubung korsel - korut dibuka pekan ini,Kantor yang menghubungkan Korea Selatan - Korea Utara dibuka pekan ini,0.9016560316085815
Menehi berkah bareng sinde! Etukna 50 paket umroh saben tuku minimal rp 15.000 ning alfamart.,Berbagi berkah bersama sinde! Dapatkan 50 paket umroh setiap pembelian minimal rp 15.000 di alfamart.,Mendapatkan berkah bersama sindo! Dengan 50 paket umroh setiap pembelian minimal Rp 15.000 di Alfamart.,0.957956850528717
"Tuku kaos, topi utawa jam tangan ning lapak monoton roomstore busa ditawa khusus nganggo aplikasi ning hape bosku.","Beli kaos, topi atau jam tangan di lapak monoton roomstore bisa diego khusus pakai aplikasi di hape boskuh.","Membeli kaos, topi atau jam tangan di toko monoton bisa dilakukan dengan tertawa khusus menggunakan aplikasi di ponsel baru.",0.918823778629303
"Aplikasi google maps akeh paedahe, aku puas nganggone!","Aplikasi google maps sangat bermanfaat, saya puas menggunakannya!","Aplikasi google maps sangat membantu, aku puas menggunakannya!",0.988679051399231
"Kanggo malem minggu ing kene pasangan diwenehi panggonan sing ora kapenak, amarga pas uwong lewat ing kana panggonane dhewe obah-obah, luwih pase mirip kaya warung pinggir dalan. Ora sesuai karo rega panganane sing disajikake, kudune pasangan uga diwenehi panggonan sing apik uduk sembarang nerima tamu lan dideleh ing panggonan kaya kuwi.","Untuk malam minggu di sana pasangan diberi tempat yang tidak nyaman, karena saat orang lewat di sana tempat kami goyang-goyang, lebih tepatnya mirip seperti warung pinggir jalan. Tidak sesuai dengan harga makanan yang disajikan, seharusnya pasangan juga diberi tempat yang bagus bukan sembarang terima tamu dan taruh di tempat seperti itu.","Untuk malam minggu di sini pasangan diberi tempat yang tidak nyaman, karena setiap orang lewat di sana tempatnya berubah-ubah, lebih mirip seperti warung pinggir jalan. Tidak sesuai dengan harga makanan yang disajikan, seharusnya pasangan juga diberi tempat yang baik untuk duduk sembarangan menerima tamu dan ditempatkan di tempat seperti itu.",0.9572129249572754
Menu panganan cukup rena-rena lan nggarai sir mesen kabeh. Mirah? Jelas ae!,Menu makanan cukup bervariasi dan bikin mau dipesan semuanya. Murah? Pastinya!,Makanan di sini cukup bervariasi dan harganya murah semua. Murah? Jelas saja!,0.9299089312553406
Bagikno sak akeh-akehe. Ben wong iki diproses. Kangen ndelok video njaluk sepiro karo nangis-nangis terus wadul nyang mbok e terus omong lak perlakuane kuwi ora sengaja.,Bagikan sebanyak-banyaknya. Biar ini orang diproses. Kangen melihat video minta maaf sambil nangis-nangis lalu ngadu ke emak lalu bilang kalau perlakuan itu tidak sengaja.,Saya tidak tahu apa-apa. Orang ini sedang diproses. Rindu melihat video meminta maaf sambil menangis terus dan mengatakan bahwa perlakuannya itu tidak sengaja.,0.9082397222518921
"Soto kudus iki anane ning pinggir dalan, kaping pisan arep mangan rada ora mantep uga sih. Amarga pengen ngerti rasa kudus yo dijajal sek. Ee saktenane uga enak lho, lan ana uga pilihan kanggo nyampurake, pokoke enak tenan. Regane murah pol deh. ","Soto kudus ini adanya di kaki lima, pertama kali mau makan agak ragu juga sih. Karena ingin tahu rasa kudus ya dicoba dulu. Ee ternyata enak juga lho, dan ada juga pilhan untuk mencampurnya, pokoknya enak sekali deh. Harganya murah meriah deh.","Soto kudus ini berada di pinggir jalan, awalnya ingin mencobanya agak tidak yakin juga. Karena penasaran dengan rasa kudus, aku mencobanya. Eh, ternyata juga enak, dan ada pilihan untuk menambahkan, intinya enak sekali. Harganya murah saja.",0.9268484115600586
Olahraga wengi isa dadi pilihan kanggo ngisi wektu lowong.,Olahraga di malam hari dapat menjadi pilihan untuk mengisi waktu luang.,Olahraga malam bisa menjadi pilihan untuk mengisi waktu luang.,0.9821487069129944
Restoran seafood. Menu spesiale yuyu sing dipangan karo kulite. Kanggo aku kurang enak. Kulite isih rada atos. Pelayanane biasa-biasa bae.,Restoran seafood. Menu spesialnyanya kepiting yang dimakan dengan kulitnya. Untuk saya kurang enak. Kulitnya masih agak keras. Pelayanannya biasa-biasa saja.,Restoran seafood. Menu spesialnya adalah yuyu yang dimakan dengan kulitnya. Bagi aku kurang enak. Kulitnya masih terasa keras. Pelayanannya biasa-biasa saja.,0.9719067215919495
"Enak lumayan, nanging regane larang amarga porsine luwih sithik. Ana pilihan infused kangen water sek cukup kanggo 4 uwong","Enak lumayan, tapi harganya mahal karena porsinya sedikit kecil. Ada pilihan infused kangen water yang cukup untuk 4 orang","Rasanya enak lumayan, namun harganya mahal karena porsinya lebih sedikit. Ada pilihan infused kangen water sek yang cukup untuk 4 orang",0.9673119187355042
"Dinggo daerah banda aceh lan sekitare sik lancar, ora ana gangguan blas.","Untuk daerah banda aceh dan sekitarnya masih lancar, tidak ada gangguan sama sekali.","Di daerah Banda Aceh dan sekitarnya situasinya lancar, tidak ada gangguan berarti.",0.9332413673400879
Emosi karo gojek sing kerep nyasar yen arep menyang omahku.,Emosi dengan gojek yang selalu nyasar kalau mau ke rumah saya.,Emosi dengan gojek yang sering nyasar jika ingin ke rumahku.,0.9804643392562866
"Kafe sing nyaman, enak lan murah kanthi desain kafe sing unik lan marakna krasan. Panganan enak lan kopi enak lan fasilitas wifi sing cepet lan tv kabel","Kafe yang nyaman, enak dan murah dengan desain kafe yang unik dan bikin betah. Makanan enak dan kopi enak serta fasilitas wifi yang cepat dan tv kabel","Kafe yang nyaman, enak dan murah dengan desain kafe yang unik dan menyenangkan. Makanan enak dan kopi enak serta fasilitas wifi yang cepat dan tv kabel",0.985774576663971
"Uwis sewulan luwih ora mangan indomie, sakpisane mangan langsung nggawe rong porsi indomie goreng jumbo.","Sudah sebulan lebih tidak makan indomie, sekalinya makan langsung bikin dua porsi indomie goreng jumbo.","Sudah lebih dari sebulan tidak makan indomie, sehingga saat makan langsung membuat dua porsi indomie goreng jumbo.",0.9637572169303894
"Mangan sikil wedus bagian pupu sing empuk lan lumayan gedhi dinggo ukuran medium, pas dingge wong siji, mangan tanpa sega, karo es lemon tea. Seger kurange mung panggone kebul-kebul, wajar kan jenenge uga wedus bakar hehehe","Makan kaki kambing paha yang empuk dan lumayam besar untuk ukuran medium, pas untuk satu orang, makan tanpa nasi, dengan es lemon tea. Segar kekurangannya hanya tempatnya berasap, wajar kan namanyan jg kambing bakar hehehe","Makan kaki kambing bagian paha yang empuk dan lumayan besar untuk ukuran medium, pas untuk dimakan satu orang, dimakan tanpa nasi, dengan es lemon tea. Segar kurang hanya karena penggunaan kebul-kebul, wajar kan namanya juga kambing bakar hehehe",0.9373156428337097
"Panggone lumayan unik, rasa panganane biasa, menu sing ditawakne uga biasa, mung panggone karo keunikane sing menarik, cara nyeluk pelayane nganggo nutuk kentongan,. Aku pas mrana wengi, diambah udan, udarane lumayan adem nyrusuk belung, sempet ngenteni kira-kira limolas menit ben iso entuk panggon, merga bek blok wektu iku. Disaranke lak sir mrana sore-sore.","Tempatnya cukup unik, rasa makanan standar, menu yang ditawarkan juga biasa, hanya saja yang menarik tempat dan keunikannya, cara memanggil pelayannya dengan memukul kentongan,. Aku pas ke sana pada malam hari, ditambah hujan, udaranya cukup dingin menusuk tulang, sempat menunggu kira-kira 15 menit untuk bisa dapat tempat, karena penuh blok pada saat itu. Disarankan kalau mau ke sana sore-sore.","Tempatnya cukup unik, rasanya biasa, menu yang ditawarkan juga biasa, hanya tempat dan keunikan yang menarik, cara memanggil pelayan menggunakan kentongan. Aku datang malam hari, ditambah hujan, udaranya cukup sejuk menusuk tulang, sempat menunggu sekitar lima belas menit baru bisa dapat tempat, karena banyak orang pada waktu itu. Disarankan datang sore-sore.",0.9482218623161316
"Ning pilkada 2018, polri dijaluk ningkatne pengamanan ning sekitar tps.","Dalam pilkada 2018, polri diminta meningkatkan pengamanan di sekitar tps.","Pada pilkada 2018, polri diminta meningkatkan pengamanan di sekitar TPS.",0.9719927310943604
"Ora bosen apa film indonesia sing main deknen terus, udu ngomong deknen ora apik, nanging yen pemaine kuwi kuwi bae uga bosen ndheloke.","Tidak bosan apa film indonesia yang main dia terus, bukan bilang dia tidak bagus, tetapi kalau pemain itu itu melulu jenuh juga melihatnya.","Tidak bosan dengan film Indonesia yang terus-menerus, karena kalau pemainnya bagus juga tidak bosan untuk ditonton.",0.9038622975349426
Wingi Dian tuku kathok anyar liwat aplikasi Lazada,Kemarin Dian membeli celana baru lewat aplikasi Lazada,Wingi Dian membeli sepatu baru melalui aplikasi Lazada,0.9328500032424927
"Dhewe arep menyang lembang kanthi kahanan luwe. Pas ndhelok saung pengkolan iki dhewe langsung mandhek kanggo mangan. Dhewe milih lesehan ing tingkat 2 dadi entuk pemandangan sek apik. Pesenane dhewe yaiku cumi goreng glepung, gurame goreng krispi, oseng genjer lan rong menu tahu sek aku lali jenenge. Umume ora ana sek istimewa saka hidangan kuwi. Mbok menawa pilihanku. Lanjutane","Kami dalam perjalanan ke lembang dalam keadaan lapar. Saat melihat saung pengkolan ini kami langsung berhenti untuk makan. Kami memilih lesehan di lantai 2 sehingga mendapatkan pemandangan yang indah. Pesanan kami adalah cumi goreng tepung, gurame goreng crispy, tumis genjer dan dua menu tahu yang saya lupa namanya. Secara keseluruhan tidak ada yang istimewa dari hidangan tersebut. Mungkin pilihan saya. Lanjutan","Saya ingin pergi ke lembah dengan perasaan lapar. Ketika melihat saung pengkolan ini, saya langsung berhenti untuk makan. Saya memilih lesehan di tingkat 2 sehingga bisa menikmati pemandangan yang sangat bagus. Pesanan saya adalah cumi goreng tepung, gurame goreng krispi, oseng genjer dan dua menu tahu yang saya lupa namanya. Secara umum tidak ada yang istimewa dari hidangan tersebut. Mungkin memang pilihan saya. Lanjutannya",0.9696435332298279
Entuk bonus tcahs 12.500 nanging ora isa dienggo kanggo tuku pulsa sing regane 10 ewu h aneh,Dapat bonus tcash 12.500 tapi tidak bisa dipakai buat beli pulsa yang seharga 10 ribu h aneh,"Mendapatkan bonus sebesar 12.500 tapi tidak bisa digunakan untuk membeli pulsa yang harganya 10 ribu, aneh",0.937085747718811
"Kaping kapisan aku marang rana, meja-meja mulai tuwa lan uga menu panganan sing ora patio variatif. Nanging regane ora bisa diomong murah, amarga kudune kanthi rega-rega sakmono bisa entuk sing luwih apik. Utamane pas aku marang kamar mandi, reged tenan lan mambu ora enak:","Saat pertama ke sana, meja-meja mulai usang dan juga menu makanan yang tidak begitu bervariatif. Namun harganya tidak bisa dibilang murah, karena seharusnya dengan harga-harga segitu bisa dapat yang lebih baik. Terutama saat saya ke toilet, sangat kotor dan berbau tidak sedap:","Pertama kali aku ke sana, meja-meja mulai tua dan juga menu makanan yang tidak terlalu variatif. Namun harganya tidak bisa dibilang murah, karena dengan harga yang sama bisa dapat yang lebih baik. Apalagi saat aku ke kamar mandi, kotor sekali dan bau tidak enak:",0.9571107029914856
"Ombean apa sih kok cara nggombene aneh, rasane uga aneh maneh","Minuman apa sih kok cara minumnya aneh, rasanya aneh juga lagi","Apa sih kok cara mengobatinya aneh, rasanya juga aneh saja",0.9431155323982239
"Tanggal 12 february iku ulang taune pacarku, lan aku ngajak dee dinggo mangan nyang sawiji restoran sing terkenal ning surabaya. Aku pengen menehi kado ulang taun karo mangan sing enak ning kana. Nanging. Pas iku aku teka kira kira jam setengah 3. Panggon kebeg dadi awakdewe kudu ngenteni. Daftar tunggu pas kuwi sekitar 4 meja.","Tanggal 12 february adalah ulang tahun pacar saya, dan saya mengajak dia untuk makan di sebuah restaurant yang terkenal di surabaya. Saya ingin memberi kado ulang tahun dengan makan yang enak di sana. Tapi. Saat itu saya datang kira kira jam setengah 3. Tempat penuh sehingga kami harus menunggu. Daftar tunggu pada saat itu sekitar 4 meja.","Tanggal 12 februari adalah ulang tahun pacarku, dan aku mengajak dia untuk makan di sebuah restoran yang terkenal di Surabaya. Aku ingin memberikan kado ulang tahun dengan makanan yang enak di sana. Namun, saat itu aku tiba sekitar jam setengah 3. Tempatnya sangat ramai sehingga kami harus menunggu. Daftar tunggu saat itu sekitar 4 meja.",0.9697794318199158
"Ora seneng ndelok bocah sma saiki, yen nganggo jilbab rambute pada disengajakake metu, maksude apa?","Tidak suka melihat anak sma sekarang, kalau pakai jilbab rambutnya pada disengajakan keluar, maksudnya apa?","Tidak senang melihat anak sekolah sekarang, jika mengenakan jilbab, rambutnya sengaja dikeluarkan, apa maksudnya?",0.949637234210968
Calon-calon pemimpin negeri iki cukup kuwat nyiapake strategi kanggo kemenangane.,Calon-calon pemimpin negeri ini cukup kuat mempersiapkan strategi untuk kemenangannya.,Calon-calon pemimpin negara ini cukup kuat untuk menyusun strategi guna kemenangannya.,0.97027987241745
Adikku lagi ndhelok harry potter ing trans tv,Adik saya sedang menonton harry potter di trans tv,Adikku lagi nonton Harry Potter di Trans TV,0.8543329834938049
"Salah siji restoran paling tak senengi ning bandung. Panggonane nylepit, nanging isih kenek dijangkau. Menu panganane enak, sunda banget. Pemadangane ya apik, kahanane pancen nggarai mripat lan ilat kabeh puas. Bar mangan sampek wareg. maleh sir turu ning saunge.","Salah satu restoran favorit saya di bandung. Lokasinya terpencil, tetapi masih terjangkau. Menu makanannya enak, sunda sekali. Pemandangannya indah, suasananya memang membuat mata dan lidah semua terpuaskan. Selesai makan sampai kenyang, jadi ingin tidur di saungnya.","Salah satu restoran paling tidak menyenangkan di Bandung. Lokasinya terpencil, namun masih bisa dijangkau. Menu makanannya enak, khas Sunda. Pelayanannya juga baik, lokasinya sangat memuaskan mata dan lidah. Banyak orang makan sampai kenyang. Bahkan masih ingin tidur di sana.",0.9337674379348755
Endi taring kpk? Kasus ecek-ecek puluan yuta kowe cekel senajan nganti ing bolongan semut! Waras kowe kpk?,Mana taring kpk? Kasus ecek-ecek puluhan juta kamu tangkap sampai ke lubang semut sekalipun! Waraskah anda kpk?,Di mana gigimu KPK? Kasus puluhan juta kamu tangani sampai masuk ke lobang semut! Sadarlah kamu KPK!,0.8902910947799683
"Menu ning panggen iki asline sederhana banget nanging sing nduwe kreatif. Sajian mie, roti lan panganan penutupe di campur karo rena-rena pilihan. Panggone asik dingge nglumpuk karo kanca-kanca. Dingge regane ora tek larang sumbut karo rasane.","Menu di tempat ini sebetulnya sederhana banget tapi pemiliknya kreatif. Sajian mie, roti dan makanan penutupnya di mix sama berbagai pilihan. Tempatnya asik buat berkumpul dengan teman-teman. Untuk harganya tidak terlalu mahal sesuai sama rasanya.","Menu di tempat ini awalnya sangat sederhana namun memiliki sentuhan kreatif. Hidangan mie, roti, dan makanan penutup dicampur dengan berbagai pilihan. Tempatnya asyik untuk dikunjungi bersama teman-teman. Harganya tidak terlalu mahal dan sebanding dengan rasanya.",0.9483287334442139
"Restoran kanthi metode penyajian bedha. Piring panggonan mangan diganti karo godhong gedhang. Menu panganan khas sunda kanthi citarasa sing enak. Saka segi rega cukup kakancan, panggonan mangan amba lan akeh pilian meja, parkir cukup amba.","Restoran dengan metode penyajian berbeda. Piring tempat makan diganti dengan lembaran daun pisang. Menu makanan khas sunda dengan citarasa yang enak. Dari segi harga cukup bersahabat, tempat makan luas dan banyak pilihan meja, parkir cukup luas.","Restoran dengan metode penyajian yang berbeda. Piring tempat makan diganti dengan daun pisang. Menu makanan khas Sunda dengan rasa yang lezat. Dari segi harga cukup terjangkau, tempat makan luas dan banyak pilihan meja, parkir cukup luas.",0.9784144759178162
"Restoran alas daun nyajikake menu khas sunda sek ora beda adoh karo restoran khas sunda liyane, nanging sek nggawe beda yaiku ora nganggo piring lan mung diwenehi godhong gedhang sek diselehake ing meja sek ngganteni piring. Dadi kaya uwong ing India sek mangan didhasarkae godhong gedhang.","Restoran alas daun menyajikan menu khas sunda yang tidak jauh berbeda dengan restoran khas sunda lainnya, tapi yang membuatnya berbeda adalah tanpa piring, dan hanya diberi daun pisang yang diletakkan di meja sebagai pengganti piring. Jadi mirip orang di india yang makan beralaskan daun pisang.","Restoran alam terbuka ini menyajikan menu khas Sunda yang tidak jauh berbeda dengan restoran khas Sunda lainnya, namun yang membuatnya berbeda adalah tidak menggunakan piring dan hanya diberi daun pisang yang diletakkan di meja sebagai pengganti piring. Jadi, seperti orang India yang makan di atas daun pisang.",0.9633145928382874
Rasa sotone miturutku pedes nanging gurih. Ngombe sirup markisa sing seger karo es liline sing enak.,Rasa sotonya menurut saya pedas tapi gurih. Minum sirup markisa yang segar sama es lilinnya yang enak.,Rasa sotonya menurutku pedas tapi gurih. Minum sirup markisa yang segar dengan es yang enak.,0.9818539023399353
"Aku mara ning restoran iki kanggo mangan wengi bareng rencang. Aku mesen stik pithik sing sebenere aku lali jenenge. Rasane biasa banget wae, anyep. Pithike kandhel lan krasa atos lan garing banget. Ora ana sing istimewa.","Saya mengunjungi restoran ini untuk makan malam bersama teman. Saya memesan steak ayam yang sebenarnya saya lupa namanaya. Rasanya sangat biasa saja, hambar. Ayamnya tebal dan terasa keras dan kering sekali. Tidak ada yang istimewa.","Aku pergi ke restoran ini untuk makan malam bersama teman. Aku memesan steak ayam yang sebenarnya aku lupa namanya. Rasanya biasa saja, tidak istimewa. Ayamnya keras dan terasa kering sekali. Tidak ada yang istimewa.",0.967914342880249
Dhewe kan saling sengit siji liyane kawit 4 taun kepungkur.,Kita kan saling membenci satu sama lain sejak 4 tahun yang lalu.,Mereka saling bermusuhan sejak 4 tahun yang lalu.,0.9288082122802734
Bapak biasane nganggo semir sepatu kiwi,Ayah biasanya memakai semir sepatu kiwi,Bapak biasanya menggunakan semir sepatu kiwi,0.9640955924987793
Richeese factory yaiku restoran waralaba sing nyajikake pithik kanthi rasa pedes kanthi macem-macem level. Cocok tenan kanggo kowe sing tresna rasa pedes.,Richeese factory adalah restaurat waralaba yang menyajikan ayam dengan rasa pedas dengan berbagai level. Sangat cocok untuk anda pecinta rasa pedas.,Richeese factory adalah restoran waralaba yang menyajikan ayam dengan rasa pedas dengan berbagai level. Cocok sekali untuk kamu yang suka rasa pedas.,0.9696620106697083
"Pas rapat ning hotel sensa, aku pesen batagor riri nganggo aplikasi gofood / gojek. Pesenan teka ora suwe merga tibake paket batagor lan siomay wes di-pak ning plastik vakum. Rega sing enek ning aplikasi gojek / gojek urung termasuk pajek segedhe 10%.","Saat rapat di hotel sensa, saya memesan batagor riri menggunakan aplikasi gofood / gojek. Pesanan tiba dalam waktu tidak lama karena ternyata paket batagor dan siomay sudah di-pack dalam plastik vakum. Harga yang tertera dalam aplikasi gojek / gojek belum termasuk pajak sebesar 10%.","Setelah rapat di hotel sensa, aku memesan batagor riri menggunakan aplikasi gofood/gojek. Pesanan datang tidak lama karena paket batagor dan siomay sudah dikemas dalam plastik vakum. Harga yang tercantum di aplikasi gojek/gofood belum termasuk pajak sebesar 10%.",0.967618465423584
Aku moro ing restoran iki ora pas jam mangan awan. Nanging restorane lumayan rame lan untunge awakdewe isa ndang entuk panggonan lungguh. Lebar lungguh panganan lan ombenane langsung disajikake. Sambel ijone kurang karasa pedes kanggo awakdewe. Panganane enak cukup puas mangan ing kene.,Saya mengunjungi restoran ini bukan saat jam makan siang. Tapi restorannya cukup ramai dan untungnya kami bisa cepat dapat duduk. Begitu duduk makanan dan minuman langsung dihidangkan. Sambal hijaunya kurang terasa pedas buat kami. Makanan enak cukup puas makan di sini.,"Aku datang ke restoran ini tidak pada jam makan siang. Namun restorannya cukup ramai dan untungnya aku bisa mendapatkan tempat duduk. Setelah duduk, makanan dan minumannya langsung disajikan. Sambalnya kurang terasa pedas bagi aku. Makanannya enak dan cukup puas makan di sini.",0.9706700444221497
"Gampang cemburu ndelok dee guyonan karo wedokan, nanging awakdewe uduk sopo-sopone","Suka cemburu melihat doi bercanda sama cewek, tetapi kita bukan siapa-siapanya","Mudah cemburu melihat kamu bergurau dengan perempuan, tapi kamu sendiri tidak mau memperhatikan saya",0.9121341705322266
Pungkasane aku mangan pesen lewat pesen kirim. Anakku seneng tenan gedel isi iwake. Restoran jaman mbien sing terkenal tenan. Regane sing cukup kajangkau kantong sak lan rasa panganane sing cukup enak.,Terakhir saya makan pesan via delivery order. Anak saya sangat suka perkedel isi daging -nya. Restoran zaman dahulu yang sangat terkenal. Harga yang cukup terjangkau kantong dan rasa masakan yang cukup enak.,Akhirnya aku makan pesanan lewat pesan antar. Anakku sangat senang dengan isi dagingnya. Restoran jaman dulu yang sangat terkenal. Harganya cukup terjangkau dan rasanya cukup enak.,0.9406643509864807
Parkiran angel bnaget sampek muter ping 3. Saran: Parkir ning cedek hotel ae terus mlaku. Restoran ning area perumahan.,Parkiran susah bener sampai berputar 3x. Saran: Parkir di dekat hotel saja terus jalan kaki. Restoran di area perumahan.,Parkirnya susah banget sampai mutar sebanyak 3 kali. Saran: Parkir di dekat hotel saja terus jalan kaki. Restorannya berada di area perumahan.,0.9587600827217102
"Aku gumun karo telkomsel, kuotane akeh kok nanging cepet banget enteke, padahal ora akeh mbukak aplikasi abot. Nyurigakake","Suka heran sama telkomsel, kuotanya banyak kok tapi cepat banget abisnya, padahal tidak banyak buka aplikasi berat. Mencurigakan","Aku heran dengan telkomsel, kuotanya banyak tapi cepat habis, padahal tidak banyak membuka aplikasi berat. Menyedihkan",0.9473369717597961
Bocah saiki lagek gerang wis wani nyolong,Anak sekarang baru gede sudah berani mencuri,Anak sekarang sudah berani mencuri,0.9633588194847107
"Nduwe kesempatan nikmati santap isuk merga lagi nginep ning hotel iki. Minangka pengunjung anyar kaya aku lan paling sing liyane isa ae bakal antusias merga suwasana santap isuk sing diwernani karo pemandangan saka sisih wetan, merga saka sisih kuwi ana kaendahan bangunan hotel sepisan kolam renange. Liyane kuwi uga ana barisan bukit lan nggunung bakal nambah pengenan dingge foto-foto.","Berkesempatan menikmati santap pagi karena sedang menginap di hotel ini. Sebagai pengunjung baru seperti saya dan mungkin yang lainnya barangkali akan antusias terhadap suasana santap pagi yang diwarnai dengan pemandangan dari sisi timur, karena dari sisi tersebut terdapat keindahan bangunan hotel berikut kolam renangnya. Selain itu juga terdapat barisan bukit dan pegunungan akan menambah keinginan untuk berfoto ria.","Saya memiliki kesempatan menikmati sarapan pagi di hotel ini. Sebagai pengunjung baru seperti saya dan mungkin yang lain pasti akan antusias karena suasana sarapan pagi yang dihiasi dengan pemandangan dari sisi timur, karena dari sisi itu terdapat keindahan bangunan hotel serta satu kolam renang. Selain itu, juga terdapat deretan bukit dan pegunungan yang akan menambah keinginan untuk mengambil foto-foto.",0.9546431303024292
"Telekomunikasi ora mung kanggo kutha gedhe, nanging uga nganthi marang daerah pelosok lan perbatasan negara cc: Telkomsel","Telekomunikasi bukan hanya untuk kota besar, tapi juga sampai ke daerah pelosok dan perbatasan negara cc: Telkomsel","Telekomunikasi tidak hanya untuk kota besar, tetapi juga hingga ke daerah pelosok dan perbatasan negara cc: Telkomsel",0.9950323104858398
Apike wektu turu paling sithik iku limang jam.,Sebaiknya jam tidur minimal lima jam.,Waktu tidur paling sedikit adalah lima jam.,0.9176015853881836
"Aku bareng kanca kerja sengaja nyoba mangan awan ning kene, kanggo panggonan kagolong cukup kapenak yen ning lantai dhuwur. Rasa pithik bakar ning kene tenan dak rekomendasikake karo sambel pelem.","Saya bersama rekan kerja sengaja mencoba makan siang di sini, untuk tempat terbilang cukup nyaman jika di lantai atas. Rasa ayam bakar di sini sangat saya rekomendasikan bersama sambal mangga.","Aku bersama teman kerja sengaja mencoba makan di sini, karena tempatnya cukup nyaman di lantai atas. Rasa pitik bakar di sini sangat aku rekomendasikan dengan sambal pelem.",0.951928973197937
Aku gela karo pelayanane. Siktasan aku pesen grabfood pesenen ora diterna nanging wis dimarekne. Tulung gae selektif milih tukang nyambut gawe.,Saya kecewa dengan pelayanannya. Barusan saya pesan grabfood pesanan tidak diantar tapi sudah diselesaikan. Mohon untuk selektif memilih pekerja.,"Aku kecewa dengan pelayanannya. Saya pesan grabfood, pesanan saya tidak diterima namun sudah dibayar. Tolong lebih selektif memilih kurir.",0.9522439241409302
"Wis ilang handphone xiaomi redmi note 5 werna gold 64 / 4 ning daerah duri kidul, jembatan lima, tambora, jakarta barat.","Telah hilang handphone xiaomi redmi note 5 warna gold 64 / 4 di daerah duri selatan, jembatan lima, tambora, jakarta barat.","Hilang handphone xiaomi redmi note 5 warna gold 64/4 di daerah Duri Kidul, Jembatan Lima, Tambora, Jakarta Barat.",0.9454023838043213
Aku ora kuciwa karo produke apple,Saya tidak kecewa dengan produk apple,Aku tidak kecewa dengan produk apple,0.9908134937286377
"Youtube saben dina saya akeh iklane, njengelake!","Youtube semakin hari semakin banyak iklannya, menyebalkan!","Youtube setiap hari saya banyak iklannya, mengganggu!",0.9168659448623657
"Iku indomie karo mangkoke wis wira-wiri, kepisah sisan isi lan adahe.","Itu indomie sama mangkoknya sudah berkeliaran, terpisah pula isi sama wadahnya.","Itu indomie dan mangkuk sudah terbalik, terpisah lagi isi dan wadahnya.",0.931960940361023
Dhewe marang kafe iki kanggo mangan serabi. Serabine kanggo dhewe kandel banget ing bagian tengah. Akeh tenan piliah topping serabine nganti mumet milihe. Ternyata regane luwih larang saka warung setiabudi. Kuciwa.,Kami ke kafe ini untuk makan serabi. Serabinya bagi kami terlalu tebal di bagian tengah. Banyak sekali pilihan topping serabi sampai pusing memilihnya. Ternyata harganya lebih mahal dari warung setiabudi. Kecewa.,Saya pergi ke kafe ini untuk makan serabi. Serabinya terlalu tebal di bagian tengah. Banyak sekali pilihan topping serabi sampai bingung memilih. Ternyata harganya lebih mahal daripada warung setiabudi. Kecewa.,0.9834128618240356
"Bistik murah, cocok kanggo sing anggarane cilik nanging pingin mangan murah lan wareg, kajaba bistik uga panganan liyane enak lan murah. Susanane lumayan rame, umume akeh kaluwarga utawa bocah sekolahan.","Steak murah, cocok untuk yang budgetnya kecil tapi ingin makanan murah dan kenyang, selain steak juga makanan lainnya enak dan murah. Suasananya lumayan ramai, biasanya banyak keluarga atau anak sekolahan.","Bistik murah, cocok untuk yang budgetnya kecil tapi ingin makan enak dan murah, selain bistik juga makanan lainnya enak dan murah. Tempatnya cukup ramai, kebanyakan banyak keluarga atau anak sekolah.",0.964245080947876
"Pertemuan antarane pihak bank bri, bpbat sungai gelam - jambi, lan pokdakan sek ana ing desa pudak. Kanggo ngrembug bentuk panyaluran dana csr saka bank bri","Pertemuan antara pihak bank bri, bpbat sungai gelam - jambi, dan pokdakan yang ada di desa pudak. Untuk mendiskusikan bentuk penyaluran dana csr dari bank bri","Pertemuan antara pihak Bank BRI, BPPAT Sungai Gelam - Jambi, dan Pokdakan Sek berlangsung di Desa Pudak. Untuk membahas bentuk penyaluran dana CSR dari Bank BRI",0.9401535391807556
"Panggonan iki menarik tenan, pemandangan apik, ana arena dolanan ing njaba kanggo sakulawarga. Tenan disaranake kanggo kaluwarga sing ndhuwe bocah cilik. Panganan halal lan menu rena-rena.","Tempat ini sangat menarik, pemandangan bagus, ada arena bermain di luar untuk sekeluarga. Sangat disarankan untuk keluarga dengan anak kecil. Makanan halal dan menu bervariasi.","Tempat ini sangat menarik, pemandangan indah, ada arena bermain di luar untuk keluarga. Sangat disarankan untuk keluarga yang memiliki anak kecil. Makanan halal dan menu yang bervariasi.",0.9771052598953247
"Hotel arep check-in wae ruwet. Nunggu amarga ngresiki kamar suwe banget, gela lah. Iki pisanane aku mrana. Terus langsung diwenehi kesan pisanan sing ora apik.","Hotel mau  check-in aja ribet. Menunggu karena membersihkan kamar lama banget, kecewa dah. Ini pertama kalinya gue ke sana. Terus langsung dikasih first impression yang tidak bagus.","Hotel ini check-in nya ribet. Kita harus menunggu lama karena proses pembersihan kamar yang lama, membuat kesal. Ini pertama kalinya aku merasa seperti ini. Lalu langsung diberi kesan pertama yang tidak baik.",0.9231191277503967
"Amarga kartu oktrip wektu iki yaiku saka bni, mulakna isi ulang isa dilakokake ing mitra-mitra sing kerja sama karo bni.","Karena kartu oktrip saat ini adalah dari bni, maka isi ulang bisa dilakukan di mitra-mitra yang bekerjasama dengan bni.","Karena kartu oktrip saat ini adalah dari BNI, maka isi ulang bisa dilakukan di mitra-mitra yang bekerja sama dengan BNI.",0.9807340502738953
Ngge kabeh seh apik. Karyawane yo grapyak grapyak. Lan pemandangane apik. Nanging panganane kelarangen. Larang banget malah. Dompet kudu kandel.,Secara keseluruhannya sih bagus. Karyawanya juga ramah ramah. Dan pemandangannya bagus. Tapi makanannya terlalu mahal. Mahal banget malah. Dompet harus tebal.,Semua fasilitasnya bagus. Pegawainya ramah-ramah. Dan pemandangannya bagus. Tapi makanannya mahal. Mahal sekali malah. Dompet harus tebal.,0.9591907858848572
"Mangan karo kaluwarga bakal luwih nyenengake kanthi kabeh fasilitas sing ana. Lokasine sing apik, panganane sing cukup enak kanthi aneka werna pilian. Lan pemandangan lan suwasana dadi andalan","Makan bersama keluarga akan lebih menyenangkan dengan semua fasilitas yang ada. Lokasi yang bagus, makanan yang cukup enak dengan beragam pilihan. Dan pemandangan serta suasana jadi andalan","Makan bersama keluarga akan lebih menyenangkan dengan semua fasilitas yang ada. Lokasinya yang strategis, makanannya yang cukup enak dengan berbagai pilihan. Dan pemandangan serta suasana menjadi andalan",0.978369951248169
"Sega goreng mafia sing manggon ning dalan setiabudi awakdewe pilih merga pingin golek panganan sing cepet. Ditambah yaiku salah siji kuliner sing wajib diparani ning bandung. Aku milih sega goreng sing favorit ning kene yaiku sega goreng bandit sing tingkat pedese ning level 3. Panganan sing disajikne cukup cepet, nanging sayange sega goreng sing tak pesen segane atos, bumbon rempahe ketutupan.","Nasi goreng mafia yang terletak di jalan setiabudi kami pilih karena ingin mencari makanan yang cepat. Ditambah merupakan salah satu kuliner yang wajib dikunjungi di bandung. Saya memilih nasi goreng yang favorit di sini yaitu nasi goreng bandit hingga tingkat kepedasan di level 3. Makanan yang disajikan cukup cepat, namun sayangnya nasi goreng yang saya pesan nasinya keras, bumbu rempahnya tertutupi.","Nasi goreng mafia yang berlokasi di jalan setiabudi saya pilih karena ingin mencari makanan yang cepat. Ditambah lagi salah satu kuliner yang wajib dicoba di bandung. Saya memilih nasi goreng yang favorit di sini yaitu nasi goreng bandit yang tingkat pedasnya di level 3. Makanan yang disajikan cukup cepat, namun sayangnya nasi goreng yang saya pesan nasinya keras, bumbu dan rempah-rempahnya tertutup.",0.9769667983055115
Iki yaiku sop stengkel paling enak ning aceh tamiang.,Ini adalah sop stengkel terenak di aceh tamiang.,Ini adalah sop stengkel paling enak di Aceh Tamiang.,0.9469859004020691
Kanggo kakang admin tulung doooooonk bales pesen langsungku,Untuk kakak admin tolong doooooonk balas pesan langsung saya,Untuk kakak admin tolong dong balas pesan langsungku,0.9202724695205688
"Pemandangan sing utama ing sky lounge grandia iki memang isa ngeculake keselmu. Malah isa dadi, para pelancong nggolek area iki ndhisik, dibandingake ngaso ing kamar.","Pemandangan yang utama di sky lounge grandia ini memang dapat melepas penat anda. Bahkan bisa jadi, para pelancong mencari area ini terlebih dahulu, dibandingkan beristirahat di kamar.","Pemandangan utama di sky lounge grandia ini memang bisa menghilangkan kesel. Bahkan bisa jadi, para pelancong mencari area ini lebih dulu, dibandingkan beristirahat di kamar.",0.9728488922119141
"Dhewe teka panggonan iki amarga lokasine sing cedhak karo panggonan dhewe nginep. Dhewe mesen sega bakar lan pasta. Sega bakare enak, akeh pilian, lan ora pedes, isa kanggo bocah-bocah. Dene pasta mung ana sak macem, nanging rasane uga enak. Rega panganan uga ora larang lan kajangkau kanggo panganan ing ngisor 30 ewu. Ing panggonan iki uga gratis wifi.","Kami mengunjungi tempat ini karena lokasinya yang berdekatan dengan tempat kami menginap. Kami memesan nasi bakar dan pasta. Nasi bakarnya enak, banyak pilihan, dan tidak pedas, bisa untuk anak-anak. Sedang pasta hanya ada satu macam, namun rasanya pun enak. Harga makanan pun tidak mahal dan terjangkau untuk makanan di bawah 30 ribu. Di tempat ini juga gratis wifi.","Saya datang ke tempat ini karena lokasinya dekat dengan tempat saya menginap. Saya memesan nasi bakar dan pasta. Nasi bakarnya enak, banyak pilihan, dan tidak pedas, cocok untuk anak-anak. Sementara pasta hanya ada satu jenis, tapi rasanya juga enak. Harga makanan juga tidak mahal dan terjangkau untuk makanan di bawah 30 ribu. Di tempat ini juga tersedia wifi gratis.",0.983521044254303
"Kanggo ngenthukne pemandangan sing apik kanthi cahyo lampu warna-warni, apike teka ing wayah wengi. Amarga nduweni latar mburi pemandangan jembatan Pasupati sing dadi simbol kota.","Untuk mendapatkan pemandangan yang bagus dengan cahaya lampu warna-warni, sebaiknya berkunjung pada malam hari. Karena memiliki latar belakang pemandangan jembatan Pasupati yang merupakan simbol kota.","Untuk menikmati pemandangan yang indah dengan cahaya lampu warna-warni, sebaiknya datang pada malam hari. Karena memiliki latar belakang pemandangan jembatan Pasupati yang menjadi simbol kota.",0.9907054901123047
"Aku teka ning resto sapulidi iki merga ana rekomendasi saka internet sing tau tak waca lak pemandangan sing apik banget lan panggon mangan pas ning sawah sing nggarai aku sir teka nyang panggon iki. Nanging pas aku teka kabeh ganti dadi elek, mulai panggon parkir sing isa diarani enek, dalan akses amoh lan panggon akses sing cilik.","Saya datang ke resto sapulidi ini karena rekomendasi dari internet yang pernah saya baca bahwa pemandangan yang sangat bagus dan tempat makan tepat di sawah yang membuat saya tertarik untuk datang ke tempat ini. Namun ketika saya sampai semua hal berubah menjadi buruk, mulai dari tempat parkir yang bisa dikatakan tersedia, jalan akses rusak dan kecilnya tempat akses.","Aku datang ke restoran ini karena ada rekomendasi dari internet yang pernah aku baca bahwa pemandangannya sangat bagus dan tempat makan yang pas di sawah membuat aku sangat ingin datang ke tempat ini. Namun ketika aku datang, semuanya berubah menjadi jelek, mulai dari tempat parkir yang bisa dibilang sempit, akses jalan yang sulit dan tempat akses yang kecil.",0.9586248397827148
"Amarga ngelih, aku pesen indomie.","Karena lapar, saya pesan indomie.","Karena lapar, aku pesan indomie.",0.9936244487762451
"Sate wedhus lan gule wedhuse maknyus, penyajian panganane uga cepet tenan. Panggonane cukup resik","Sate kambing dan gulai kambingnya maknyus, penyajian makanannya juga sangat cepat. Tempatnya cukup bersih","Sate kambing dan gulai kambingnya lezat, penyajian makanannya juga cepat sekali. Tempatnya cukup bersih",0.9831762313842773
"Sup guramene enak, pelayanane cepet, grapyak. Restoran resik. Amarga porsi sega sithik tenan, kanggo sing doyan mangan mesthi nambah.","Sup guramenya enak, pelayanan cepat, ramah. Restoran bersih. Karena porsi nasi sangat sedikit, buat yang doyan makan pasti menambah.","Sup guramanya enak, pelayanannya cepat, murah. Restorannya bersih. Karena porsi nasi sedikit, bagi yang suka makan pasti akan menambah.",0.971019446849823
"Restorane ana pemandangan curuge, panggonan mangan kaya saung. Saunge ana akeh saka ngisor munggah nganthi ing ndhuwur, saya munggah saya katon pemandangan curuge.","Restorannya ada pemandangan air terjunnya, tempat makan berupa saung. Saungnya ada banyak dari bawah naik hingga ke atas, semakin ke atas semakin terlihat pemandangan air terjunnya.","Restoran ini memiliki pemandangan air terjun, tempat makan seperti saung. Saungnya banyak dari bawah hingga atas, semakin saya naik semakin terlihat pemandangan air terjun.",0.9621484875679016
"Pelayane grapyak. Nggarai terus pingin teka maneh. Kebeneran uga kerep nginep ning kene, hotele resik lan pemandangane saka kamar hotel apik.","Pelayannya ramah. Bikin selalu ingin datang kembali. Kebetulan juga sering menginap di sini, hotelnya bersih dan pemandangan dari kamar hotel bagus.","Pelayanannya bagus. Selalu ingin kembali lagi. Keberuntungan juga sering menginap disini, hotelnya bersih dan pemandangan dari kamar hotel bagus.",0.947452962398529
"Mangan mbengi karo kabeh kaluwarga ing dina ulang taun bojo ndhuweni kesan tenan kanthi suasana sing narik ati ing hotel. Pelayanan sing grapyak tenan saka mas tian. Ora kudu ngenteni suwi, panganan lan ombean sing dipesen.","Makan malam bersama seluruh keluarga di hari ulang tahun suami menjadi sangat berkesan dengan suasana yang menawan di hotel. Pelayanan yang sangat ramah dari mas tian. Tidak perlu menunggu lama, makanan dan minuman yang dipesan.","Makan malam bersama keluarga di hari ulang tahun pernikahan memiliki kesan yang mendalam dengan suasana yang menyentuh hati di hotel. Pelayanan yang sangat ramah dari mas tian. Tidak perlu menunggu lama, makanan dan minuman yang dipesan.",0.9783412218093872
"Obong terus pak, suwek-suwek wae persatuan lan kesatuan Indonesia nganggo retorika mu.","Bakar terus pak, cabik-cabik saja persatuan dan kesatuan Indonesia dengan retorika mu.","Teruslah pak, teruslah memperjuangkan persatuan dan kesatuan Indonesia dengan retorika mu.",0.9300978779792786
"Manggon ana ing pinggiran bukit, panggonane amba, nyenengake lan nyaman. Nduwe pemandangan sek nyenengake mripat, kaya gunung, kebon, lan kutha bandung nalika didhelok saka ndhuwur. Pegawaine cekatan lan grapyak. Menu panganane akehe menu steak sanajan uga ana menu sega goreng, gurame, lan liya-liyane. Restoran sing direkomendasikake kanggo diparani nalika teka ing bandung.","Terletak di tepi bukit, tempatnya luas, menyenangkan dan nyaman. Memiliki pemandangan yang memanjakan mata, seperti gunung, perkebunan, dan kota bandung jika dilihat dari atas. Pegawainya cekatan dan ramah. Menu makanan di dominasi oleh menu steak walaupun ada juga menu nasi goreng, gurame, dll. Restoran yang direkomendasikan untuk dikunjungi ketika datang ke bandung.","Terletak di pinggiran bukit, tempatnya luas, menyenangkan dan nyaman. Memiliki pemandangan yang sangat menyenangkan bagi mata, seperti gunung, kebun, dan kota Bandung saat dilihat dari atas. Pegawainya cekatan dan ramah. Menu makanannya banyak menu steak meskipun juga ada menu nasi goreng, gurame, dan lain-lain. Restoran yang direkomendasikan untuk dikunjungi saat datang ke Bandung.",0.9701238870620728
Bca lagi ngadakake acara ulang tahun lan ngundang kabeh karyawane kanggo melu acara kuwi.,Bca sedang mengadakan acara ulang tahun dan mengundang seluruh karyawannya untuk mengikuti acara tersebut.,Bca lagi mengadakan acara ulang tahun dan mengundang semua karyawan untuk mengikuti acara tersebut.,0.9760665893554688
"Kawit mbukak cendana bistro aku wis njajal panganan, dinggo aku kurang cocok, panganane biasa-biasa ora ana sing spesial.","Sejak buka cendana bistro saya sudah coba makanan, untuk saya kurang cocok, makanannya biasa-biasa tidak ada yang spesial.","Sejak membuka cendana bistro saya sudah mencoba makanannya, menurut saya kurang cocok, makanannya biasa-biasa saja tidak ada yang spesial.",0.9805867075920105
Minimal biaya transaksi wulan 11 sing kudune dibalekake wulan 12 wingi ora mlebu ing rekeningku kie.,Minimal biaya transaksi bulan 11 yang harusnya direfund bulan 12 kemarin tidak masuk ke rekening saya nih.,Minimal biaya transaksi bulan 11 yang seharusnya dibayarkan bulan 12 tidak masuk ke rekeningku.,0.9525454640388489
"Sakwise kalap blanja, dhewe mutusake kanggo mangan ing warung tenda pinggir dalan. Ana ing lelungan marang hotel, dhewe lewat dalan cilik kanggo nyingkir saka macet, lan ketemu warteg iki. Pas teka rame banget! Dhewe kudu antri sediluk. Dhewe pesen sega uduk, pithik bakar madu, usus, kubis goreng. Rasane enak! Pithik bakar madune parah nggawe kemaningan banget!","Setelah kalap belanja, kami memutuskan untuk makan di warung tenda pinggir jalan. Dalam perjalanan pulang ke hotel, kita lewat jalan kecil untuk menghindari macet, dan bertemu warteg ini. Pas datang ramai banget! Kita mesti antre sebentar. Kami pesan nasi uduk, ayam bakar madu, usus, kol goreng. Rasanya enak! Ayam bakar madunya parah bikin ketagihan banget!","Setelah lelah berbelanja, dia memutuskan untuk makan di warung tenda di pinggir jalan. Ketika dalam perjalanan ke hotel, dia melewati jalan kecil untuk menghindari kemacetan, dan menemukan warung tenda ini. Saat tiba, tempatnya sangat ramai! Dia harus mengantri. Dia memesan nasi uduk, ayam bakar madu, usus, dan kubis goreng. Rasanya enak! Ayam bakar madunya sangat membuat kangen!",0.942446768283844
Beritane sing ora berkualitas lan ora ndidik pol. Kebeg kepentingan lan golek rai.,Pemberitaanya yang tidak berkualitas dan sangat tidak mendidik. Penuh kepentingan dan pencitraan,Berita yang tidak berkualitas dan tidak mendidik. Hanya kepentingan dan mencari sensasi.,0.9098347425460815
Bakul alon nanggepi. Ana masalah suwe diurus. Nganti saiki barang urung diganti,Penjual lambat menanggapi. Ada kendala lama diurus. Sampai sekarang barang belum diganti,Penjualnya tidak menggubris. Ada masalah yang lama belum ditangani. Sampai sekarang barangnya belum diganti,0.9413579702377319
Aja lewatke diskon langsung nganti Rp 10 yuta ning kene!,Jangan lewatkan diskon langsung hingga Rp 10 juta di sini!,Jangan lewatkan diskon langsung hingga Rp 10 juta di sini!,1.0
Pt kami lan 12 bank wis tapak asma pembiayaan lrt jabodetabek,Pt kami dan 12 bank sudah menandatangani pembiayaan lrt jabodebek,PT kami dan 12 bank telah menandatangani perjanjian pembiayaan LRT Jabodetabek,0.9273791909217834
"Nembe ngerti babagan panggonan iki saka kanca, wektu dhewe teka pengunjunge ora patia akeh, dadi dhewe milih kanggo lungguh ing lantai loro karo nikmati pemandangan ing njaba. Mbengi kuwi lagi ana pagelaran musik, aku kurang ngerti apa pagelaran musik iki ana saben dina apa ora.","Baru tahu tentang tempat ini dari teman, waktu kami datang pengunjungnya tidak terlalu banyak, jadi kami memilih untuk duduk di lantai dua sambil menikmati pemandangan di luar. Malam itu sedang ada pertunjukan musik, saya kurang tahu apakah pertunjukan musik ini ada tiap hari atau tidak.","Baru saja mengerti tentang tempat ini dari teman, saat itu pengunjung tidak terlalu banyak, jadi saya memilih duduk di lantai dua dan menikmati pemandangan di luar. Malam itu ada pertunjukan musik, saya kurang mengerti apakah pertunjukan musik seperti ini ada setiap hari atau tidak.",0.976368248462677
Aku pingin tuku 20 tiket dinggo laga persebaya vs arema sesok.,Saya ingin beli 20 tiket untuk laga persebaya vs arema besok.,Aku ingin membeli 20 tiket untuk pertandingan Persebaya melawan Arema besok.,0.9527314305305481
"Panganan uwis oke, nanging kanggo nata panggonan lungguh kurang, katon rame banget dadi ora nyaman, rega lumayan kanthi kualitas sing kurang.","Makanan sudah oke, namun untuk penataan tempat duduk kurang, terlihat terlalu ramai sehingga tidak nyaman, harga lumayan dengan kualitas yang kurang.","Makanannya sudah cukup, namun untuk tempat duduk kurang, terlihat ramai sekali sehingga tidak nyaman, harga lumayan dengan kualitas yang kurang.",0.9718273878097534
"Aku seneng suwi-suwi ning kene, merga kahanane enak, pencahayaane apik, ana plihan isa ning jaba nggen utawa ning jero. Panganane lumayan.","Saya senang berlama-lama di sini, karena suasananya enak, pencahayaannya bagus, ada pilihan bisa di luar ruangan atau di dalam. Makanannya lumayan.","Aku senang sekali di sini, karena suasananya nyaman, pencahayaannya bagus, ada pilihan duduk di luar atau di dalam. Makanannya cukup enak.",0.9631860852241516
Kabeh sing diomongne pak rocky iku ora ana dasare. Nggumun yo kok isa dadi profesor.,Semua yang diomongin sama pak rocky itu tidak berdasar. Heran ya kok bisa jadi professor.,"Semua yang dikatakan pak Rocky itu tidak ada dasarnya. Heran ya, kok bisa jadi profesor.",0.9523417353630066
"Restoran iki nduweni lokasi sing prima ing bukit-bukit sing nduweni hawa sejuk lan pemandangan ijo nyegerake. Mesthi wae tujuan utamane yaiku masakan khas nusantara sing nikmat. Cekake, ngunjungi mrene dhewe entuk ngelakokake sisan wisata ilat, mripat, lan jiwa.","Restoran ini memiliki lokasi yang prima di perbukitan yang memiliki udara sejuk dan pemandangan hijau menyegarkan. Tentu saja tujuan utamanya adalah masakan khas nusantara yang nikmat. Singkatnya, berkunjung ke sini kita dapat melakukan sekaligus wisata lidah, mata, dan jiwa.","Restoran ini memiliki lokasi yang prima di bukit-bukit yang memiliki hawa sejuk dan pemandangan hijau yang menyegarkan. Meskipun tujuan utamanya adalah menikmati masakan khas nusantara yang lezat. Tapi, mengunjungi tempat ini juga bisa membuat Anda menikmati wisata lidah, mata, dan jiwa.",0.9570080637931824
"Bojoku sek ora terlalu seneng karo ramen, kanggo siki deknen ngomong nek enak lan gurih. Deknen malah mesen maneh kanggo deknen sakwise nyicipi pesenanku.","Istri saya yang tidak terlalu suka ramen, untuk kali ini dia bilang enak dan gurih. Dia malah memesan lagi untuk dirinya setelah mencicipi pesanan saya.","Teman-temanku tidak terlalu suka ramen, tapi setelah mencobanya mereka bilang bahwa rasanya enak dan gurih. Mereka bahkan memesan lagi setelah mencicipi pesanan saya.",0.9375253915786743
Panggone nyaman. Rasane enak. Regane uga saat. Weduse ora prengus. Pokoke cocok kanggo wong sing seneng njajan wedus.,Tempatnya nyaman. Rasanya enak. Harganya juga saat. Kambingnya tidak bau. Pokoknya recomend buat pecinta kuliner kambing.,Tempatnya nyaman. Rasanya enak. Harganya juga pas. Wedusnya tidak bau. Pokoknya cocok untuk orang yang suka makan wedus.,0.944506824016571
"Salah siji restoran panganan laut paling apik ing kota iki. Apike teka pas preinan dina setu, yuyu isih apik lagi teka. Rega kompetitif, ora murah pancen nanging ora kelarangen kok.","Salah satu restoran seafood terbaik di kota ini. Sebaiknya datang pas liburan hari sabtu, kepiting masih bagus baru datang. Harga bersaing, tidak murah memang tapi tidak kemahalan kok.","Salah satu restoran makanan laut terbaik di kota ini. Saya datang pas hari libur, cumi masih segar. Harga kompetitif, tidak murah memang tapi tidak terlalu mahal juga.",0.9315071702003479
"Kanggo nggolek batagor sing asli, kowe ora perlu adoh-adoh nggoleke marang pelosok, cukup arahke kendaraan marang dalan saka djunjunan, dhewe isa nikmati batagor asli sing enak kanthi panggonan sing kapenak. Rasa batagor sing ditawakake ngugah salira tenan amarga batagor disajikake garing-garinge lan diguyang kuwah kacang sing seger","Untuk menemukan batagor yang otentik, anda tak perlu jauh-jauh mencarinya ke pelosok, cukup arahkan kendaraan ke jalan dari djunjunan, kita dapat menikmati batagor asli yang enak dengan tempat yang nyaman. Rasa batagor yang ditawarkan sangat menggugah selera karena batagor disajikan garing-garingnya serta disiram kuah kacang yang segar","Untuk mencari batagor yang asli, kamu tidak perlu jauh-jauh mencarinya ke pelosok, cukup arahkan kendaraan ke jalan saka djunjunan, kamu bisa menikmati batagor asli yang enak dengan tempat yang nyaman. Rasa batagor yang ditawarkan sangat menggugah selera karena batagor disajikan dalam keadaan hangat dan disiram dengan kuah kacang yang segar",0.9716137647628784
"Citarasane biasa wae, ora ana sek spesial. Kudune ngenteni cukup suwi nganti teka panganane, pelayane uga kurang grapyak.","Citarasa biasa saja, tidak ada yang spesial. Harus menunggu cukup lama datangnya makanan, pelayan juga kurang ramah.","Rasanya biasa saja, tidak ada yang spesial. Harus menunggu cukup lama sampai makanannya datang, pelayanannya juga kurang cepat.",0.9589177370071411
Roti ulang tahune spesial nganggo ndhog sakpiring ditambah mozzarella kanggo kowe,Kue ulang tahun spesial pakai telur sepiring plus mozzarella buat kamu,Roti ulang tahun spesial dengan telur setengah matang ditambah mozzarella untuk kamu,0.9212612509727478
Arep nesu marang indosat! Kok sinyale ilang terus si,Mau marah ke indosat! Kok sinyalnya hilang melulu si,Aku ingin marah kepada Indosat! Kok sinyalnya hilang terus sih,0.9155270457267761
"Omah mangan sing ngusung konsep tradisional alias jadul iki pantes kowe coba. Kejaba rasane sing pas, warung iki duweni sawetara perkara unik kaya piring sing dienggo yaiku piring seng jaman mbiyen karo gelas ombeane. Jenis menune aneka werna banget. Lan sakkabehe enak enak!","Rumah makan yang mengusung konsep tradisional alias jadul ini patut anda coba. Selain rasanya yang pas, warung ini memiliki beberapa hal unik seperti piring yang digunakan adalah piring seng zaman dahulu berikut gelas minumnya. Jenis menunya sangat beragam. Dan semuanya enak enak!","Rumah makan yang mengusung konsep tradisional ini patut kamu coba. Selain rasanya yang pas, warung ini memiliki beberapa hal unik seperti piring yang digunakan yaitu piring seng jadul dan gelas minumnya. Jenis menunya sangat beragam. Dan semuanya enak!",0.9807012677192688
Kfc Palembang Square kerep dadi peyelamat pas luwe pas aku nginep ning sekitar hotel ning lokasi iku. Kabeh wong seneng kfc. Dadi. Kfc ning lokasi iki nyepetne sampeyan dinggo pesen pas sampeyan keluwen ning jero hotel.,Kfc Palembang Square seringkali menjadi penyelamat di saat lapar saat saya menginap di sekitaran hotel di lokasi itu. Semua orang suka kfc. So. Kfc di lokasi ini menyegerakan anda untuk memesan saat anda kelaparan di dalam hotel.,"KFC Palembang Square sering menjadi penyelamat ketika aku sedang lapar saat menginap di sekitar hotel di lokasi tersebut. Semua orang suka KFC. Jadi, KFC di lokasi ini sangat memudahkan Anda untuk memesan makanan saat Anda berada di dalam hotel.",0.9590396285057068
Aneka werna ombean seger kasadia awit saka jus buah nganti rena-rena teh.,Berbagai macam minuman segar tersedia mulai dari jus buah sampai aneka teh.,Berbagai warna minuman segar tersedia mulai dari jus buah hingga berbagai teh.,0.9659780859947205
"Dekwingi 10 Maret 2015, aku dijak anakku mangan awan ning kene. Aku pesen urang kremes lan jangan asem. Bener-bener enak. Lan sing spesial ning kene yaiku sambele, pedes nanging pancet gelem nambah. Jus blackberryne uga enak.","Kemarin 10 Maret 2015, saya diajak anak saya makan siang di sini. Saya pesan udang kremes dan sayur asam. Betul-betul enak. Dan yang spesial di sini adalah sambalnya, pedas tapi tetap mau menambah. Jus blackberrynya juga enak.","Pada tanggal 10 Maret 2015, aku diajak anakku untuk makan di sini. Aku memesan urang kremes dan jangan asem. Rasanya sangat enak. Dan yang spesial di sini adalah sambalnya, pedas tapi membuatku ingin menambah lagi. Jus blackberrynya juga enak.",0.9522699117660522
Ndhuwe restoran kudu mewah rapi mosok iki lumuten jamuren pelayane kurang muasake mosok aku ditumpahi banyu sek ombeyane ana madune aku iki alergi madu,Punya restoran harus mewah rapi masa ini berlumut berjamur pelayan kurang memuaskan masa saya ditumpahkan air mana minumnya ada madu saya itu alergi madu,"Saya ingin restoran yang mewah dan rapi, tapi ini malah kacau, pelayannya kurang memuaskan, saya malah ditumpahi air secangkir kopi, dan ada madu di dalamnya, saya tidak suka madu karena saya alergi.",0.8819766640663147
"Aku nembe bae ganti kartu sing rusak, nanging tetep ora ana sinyal.","Saya baru saja ganti kartu yang rusak, tapi tetap tidak ada sinyal.","Aku baru saja mengganti kartu yang rusak, namun tetap tidak ada sinyal.",0.9915866255760193
Adohi narkoba yaiku salah siji cara sing isa digunakake kanggo ningkatake kualitas anak bangsa.,Jauhi narkoba adalah salah satu cara yang bisa digunakan untuk meningkatkan kualitas anak bangsa.,Menghindari narkoba adalah salah satu cara yang bisa digunakan untuk meningkatkan kualitas anak bangsa.,0.9828140735626221
"Kafe iki ndhuweni arsitektur bangunan kang apik banget. Amarga penasaran, aku njupuk wektu muteri karo ngenteni panganan teka. Ana galeri sing kebak karo koleksi-koleksi kayu lan ing njaba galeri, katon pemandangan bandung saka ndhuwur. Ing sakitare uga akeh kursi kang digawe saka kayu lan uga watu-watu. Saka panganane, regane kalebu lumayan standar cocok karo kafe-kafe. Aku seneng suasanane.","Kafe ini memiliki arsitektur bangunan yang sangat bagus. Karena penasaran, saya meluangkan waktu berkeliling sembari menunggu makanan datang. Ada galeri yang penuh dengan koleksi-koleksi kayu dan di luar galeri, tampak pemandangan bandung dari ketinggian. Di sekitar banyak juga kursi terbuat dari kayu dan juga bebatuan. Dari sisi makanan, harganya termasuk relatif standar sesuai dengan cafe-cafe. Saya suka suasananya.","Kafe ini memiliki arsitektur bangunan yang sangat bagus. Karena penasaran, aku mengambil waktu untuk berkeliling dan menunggu makanan datang. Ada galeri yang dipenuhi dengan koleksi-koleksi kayu dan di luar galeri, terlihat pemandangan bandung dari atas. Di sekitarnya juga banyak kursi yang terbuat dari kayu dan juga batu-batu. Dari makanannya, harganya termasuk cukup standar sesuai dengan kafe-kafe. Aku menyukai suasannya.",0.9734958410263062
"Nganggoa kunci duplikat, bank bri ing tengah kutha dibobol maling, dhuwit rp 1 miliar muspra.","Gunakan kunci duplikat, bank bri di pusat kota dibobol maling, uang rp 1 miliar lenyap.","Menggunakan kunci duplikat, bank BRI di tengah kota dibobol maling, uang Rp 1 miliar musnah.",0.9659193754196167
"Mbengi sekitar jam pituan dijak pelanggan marang panggonan mangan iki, umume sih panganane luwih akeh sek di goreng-goreng ngono kaya pithik, babat, usus, ati ampela, nanging miturutku sih rasane biasa wae, lan minyake ing panganan akeh banget. Nanging variane cukup akeh:","Malam sekitar jam tujuan diajak klien ke tempat makan ini, over all sih makanannya lebih banyak yang di goreng-goreng begitu kayak ayam, babat, usus, ati ampela, tapi menurut saya sih rasanya biasa saja, dan minyaknya di makanan terlalu banyak. Tapi variannya cukup banyak:","Malam hari sekitar jam tujuh saya diajak pelanggan ke tempat makan ini, umumnya memang makanannya lebih banyak digoreng seperti ayam, babat, usus, ati ampela, tapi menurutku rasanya biasa saja, dan minyak di makanan terlalu banyak. Namun variannya cukup banyak:",0.9572818279266357
"Hai angga, dingge penerbitan tiket owahan jadwal kudu nglakokne pembayaran disik ya.","Hai angga, untuk penerbitan tiket perubahan jadwal diharuskan melakukan pembayaran dulu ya.","Hai Angga, perubahan jadwal penerbitan tiket harus melakukan pembayaran sekarang juga.",0.9435685873031616
Masku dodol iphone 8 kanggo tuku ps5,Kakak lelaki saya menjual iphone 8 untuk membeli ps5,Aku ingin menjual iphone 8 untuk membeli ps5,0.9412460923194885
Aku mbela-mbelani saka bogor 7 jam kanggo mangan sup buntute nanging aku enteni saka jam 8.30 hurung buka uga. Akhire aku teka jam 10.00. Pesen sup buntute hurung ana kanthi alesan mau mbengi rame dadi kokine isih kesel. Wow alesan macem apa kaya kuwi? Beda tenan wektu aku mangan 1 taun kepungkur ya. Panggonane reged tenan kaya ora niat ndhuwe usaha.,Saya bela-belain dari bogor 7 jam demi makan sup buntutnya tetapi saya tunggu dari jam 8.30 belum buka juga. Akhirnya saya datang jam 10.00. Pesan sup buntut belum ada dengan alasan tadi malam ramai jadi chefnya masih tepar. Wow alasan macam apa seperti itu? Beda sekali waktu saya makan 1 tahun yang lalu ya. Tempat sangat kotor seperti tidak niat punya usaha.,"Aku berangkat dari Bogor 7 jam untuk makan sup buntut, tapi aku datang sejak jam 8.30 pagi tapi belum buka juga. Akhirnya aku datang jam 10.00. Pesan sup buntut tidak ada dengan alasan karena malam sebelumnya ramai jadi kokinya masih kesal. Wow, alasan apa itu? Berbeda sekali dengan waktu aku makan 1 tahun yang lalu. Tempatnya sekarang sangat sepi seperti tidak berniat untuk berusaha.",0.9419076442718506
"Kanggo ngecek layanan mandiri verified by visa vbv ora isa lewat layanan mandiri call 14000, nanging mung isa lewat email lan kantor cabang bank mandiri.","Untuk pengecekan layanan mandiri verified by visa vbv tidak dapat melalui layanan mandiri call 14000, namun hanya bisa melalui email dan kantor cabang bank mandiri.","Untuk mengecek layanan mandiri verified by visa vbv tidak bisa melalui layanan mandiri call 14000, tapi hanya bisa melalui email dan kantor cabang bank mandiri.",0.9868884086608887
"Kudu njajal nggo nyantai utawa mangan mbengi nang 18th iki, pemandangan sek katon ki apik lan sek dadi daya tarik nang 18th yaiku ndue mester kaca. Regane lumayan larang amarga panggonane ana ing trans hotel, namung unda-undi karo rasa kepenake.","Harus coba untuk bersantai atau makan malam di the 18th ini, pemandangan yang didapat baik dan yang menjadi daya tarik di the 18th terdapat lantai kaca. Untuk harga cukup tergolong mahal karena terletak di trans hotel, tetapi sebanding dengan rasa kenyamanannya.","Harus mencoba untuk bersantai atau makan malam di 18th ini, pemandangannya sangat bagus dan daya tarik 18th ini adalah memiliki view yang luar biasa. Harganya cukup mahal karena letaknya berada di atas hotel, tapi semua terbayar dengan rasa kepuasan.",0.9403880834579468
Salah siji mal nganggo konsep sing lumayan unik. Akeh pilihan restoran dadi cocok dingge ngentekne wektu bareng kanca-kanca.,Salah satu mal dengan konsep yang cukup unik. Banyak pilihan restoran sehingga cocok untuk menghabiskan waktu bersama teman-teman.,Salah satu mall tersebut menggunakan konsep yang cukup unik. Banyak pilihan restoran membuatnya cocok untuk menghabiskan waktu bersama teman-teman.,0.9712832570075989
"Lokasine ana ing dalam utama dadi gampang dhewe kanggo tekan panggonane, yen ora nduwe kendaraan dhewe iki bisa ditekani kanggo kendaraan umum. Menu panganane akeh tenan lan ana pirang-pirang menu sing anyar pisanan aku nemu ing kedai iki, rasane enak kanggo rega sing standar, panggonane kapenak tenan.","Lokasinya berada di jalan utama sehingga memudahkan kami untuk mencapai tempatnya, jika tidak memiliki kendaraan pribadi tempat ini dapat dijangkau dengan kendaraan umum. Menu makanannya sangat banyak dan ada beberapa menu yang baru pertama kali saya temukan di kedai ini, rasanya pun enak dengan harga yang standar, tempatnya sangat nyaman.","Lokasinya berada di tempat yang strategis sehingga mudah untuk mengunjungi tempat ini, jika tidak memiliki kendaraan pribadi tempat ini juga bisa dijangkau dengan kendaraan umum. Menu makanannya sangat banyak dan ada beberapa menu yang baru pertama kali aku temukan di kedai ini, rasanya enak dengan harga yang standar, tempatnya sangat nyaman.",0.9803082942962646
Panggonan iki ora cocok kanggo kaluwarga sing nggawa bayi. Dalanane curam tenan. Kanggo anjungan foto ing njaba mung entuk diisi  paling akeh 10 uwong nanging isih akeh sing meksa munggah kanggo foto.,Tempat ini tidak cocok untuk keluarga yang membawa anak balita. Jalanan sangat curam. Untuk anjungan foto di luar hanya boleh diisi max 10 orang tetapi masih banyak yang memaksa naik untuk berfoto.,Tempat ini tidak cocok untuk keluarga yang membawa bayi. Jalannya sangat curam. Untuk anjungan foto di luar hanya bisa diisi maksimal 10 orang tetapi masih banyak yang memaksakan diri untuk naik berfoto.,0.9773053526878357
"Panggonan iki salah sawijine panggonan favoritku kanggo ndhelok bogor ing dina mbengi, kanthi suwasanane sing kapenak dikancani karo panganan lan ombeane lan pelayanane sing grapyak. Cahya kutha sing tenan-tenan ayu isa kethok saka kene. Panggonan sing direkomendasikake kanggo ngentekake wektu bareng pasangan, kaluwarga utawa kanca raket.","Tempat ini salah satu tempat favourite saya untuk melihat bogor di malam hari, dengan suasananya yang nyaman ditemani dengan makanan dan minumannya serta pelayanannya yang ramah. Cahaya kota yang benar-benar indah bisa terlihat dari sini. Tempat yang rekomendasi untuk menghabiskan waktu bersama pasangan, keluarga atau sahabat.","Tempat ini adalah salah satu tempat favoritku untuk menikmati pemandangan Bogor di malam hari, dengan suasana yang nyaman ditemani oleh makanan dan minuman serta pelayanan yang cepat. Cahaya kota yang indah bisa terlihat dari sini. Tempat yang direkomendasikan untuk menghabiskan waktu bersama pasangan, keluarga atau teman dekat.",0.9578530788421631
"Gela karo proses mbatalne tiket, wis 43 dina nanging ora ndang ditransfer. loket ora gelem ngelayani","Kecewa dengan proses pembatalan tiket, sudah 43 hari tapi tak kunjung ditransfer. loket tidak mau melayani","Saya mengalami kendala dengan proses pembatalan tiket, sudah 43 hari tapi uang belum ditransfer. Loket tidak mau melayani",0.9554597735404968
"Pilian mangan lan ngombene akeh kanggo dipilih. Lan panggone gede, dibagi dadi pirang-pirang bagian lan konsep. Lak rega cukupan pas kanggo ning sak.","Pilihan makan dan minuman banyak untuk dipilih. Dan tempatnya besar, dibagi menjadi beberapa bagian dan konsep. Untuk harga cukup pas buat di kantong.","Pilihan makanan dan minuman banyak untuk dipilih. Dan tempatnya luas, dibagi menjadi beberapa bagian dan konsep. Harga cukup pas untuk kantong.",0.9831146597862244
"Restoran gaya jaman bityen. Ana display kue-kue, es krim uga. Suwasanane nyaman. Panganan khas omahan. Isa dinggo rombongan utawa karo kaluwarga. Panganane enak. Sega ulame enak. Sega tutug oncome uga oke. Masakan eropa, asia, nusantara kasadia ning kene. Karek milih. Bocah-bocah seneng mangan es krime ning kene.","Restoran bergaya zaman dahulu. Ada display kue-kue, es krim juga. Suasana nyaman. Makanan khas rumahan. Bisa untuk rombongan maupun dengan keluarga. Makannya enak. Nasi ulamnya enak. Nasi tutug oncomnya juga oke. Masakan eropa, asia, nusantara tersedia di sini. Tinggal pilih. Anak-anak suka makan es krimnya di sini.","Restoran bergaya jaman dulu. Ada display kue-kue, es krim juga. Suasana nyaman. Makanan khas rumahan. Cocok untuk rombongan atau dengan keluarga. Makanannya enak. Nasi ulam enak. Nasi tutug oncom juga oke. Masakan eropa, asia, nusantara tersedia di sini. Banyak pilihan. Anak-anak senang makan es krim di sini.",0.9858444929122925
"Salah sijine jeneng batagor sing kondhang ing bandung. Rasane nikmat, kanggo rega per buwahe rp. 10 ewu. Pesen 3 buwah kanggo aku cukup maregi amarga ukuran per buwahe cukup gedhe.","Salah satu nama batagor yang terkenal di bandung. Rasanya nikmat, untuk harga per buahnya rp. 10 ribu. Order 3 buah untuk saya cukup mengenyangkan karena ukurannya per buahnya cukup besar.","Salah satu nama batagor yang terkenal di Bandung. Rasanya nikmat, untuk harga per buahnya sekitar Rp. 10 ribu. Pesan 3 buah untuk aku sudah cukup mengenyangkan karena ukuran per buahnya cukup besar.",0.9820098280906677
Tau percaya karo body lotion citra nggarai wulu tambah akeh,Pernah percaya kalau body lotion citra bikin bulu tambah banyak,Tahu percaya dengan body lotion citra membuat rambut tambah lebat,0.9296045899391174
Macet nang ngendi-ngendi yen lagi preinan.,Macet di mana-mana kalau lagi liburan,Macet di mana-mana kalau lagi liburan.,0.9819566607475281
"Tulung dikabarne kronologi lengkape, pulsa awit karo keri karo nyebutne tim ya mas/mbak, tim bakale ngecek transaksi penggaweane pulsane","Mohon informasikan detail kronologi, pulsa awal dan akhir dengan mention tim ya kak, tim akan cek transaksi pemakaian pulsanya","Tolong beritahukan kronologi lengkapnya, mulai dari awal hingga akhir dan sebutkan tim yang bersangkutan, tim akan memeriksa transaksi pembelian pulsa tersebut",0.9093246459960938
"Area mangan ing njabane nyenengake. Igane oke, rasane enak. Jus jeruke ditambah stroberine nikmat. Regane uga oke.","Area makan di luarnya menyenangkan. Iganya oke, rasanya enak. Jus orange plus stroberinya nikmat. Harganya pun oke.","Suasana makan di luar ruangan menyenangkan. Pelayanannya baik, rasanya enak. Jus jeruk dengan stroberi sangat nikmat. Harganya juga terjangkau.",0.9460750222206116
Kanggo kowe sek nggolek resto kanthi suwasana sek romantis ora salah maneh uga moro mrene. Lan yen kurang kowe pas-pasan pesen wae menu sek entheng-entheng. Aja diapusi karo gambar ana ing buku menu yen ora pengen nyesel. Menu sukine luwih oke namung kayane ngapae ya adoh-adoh macet-macetan mara mrene mung nggolek kuwi. Ing kutha luwih afdol kayane. Pemandangane jogja mbengine nyekel.,Buat anda yang mencari resto dengan suasana yang romantis tidak salah lagi ke sini saja. Dan kalau rendah anda pas-pasan pesan saja menu yang ringan-ringan. Jangan terkecoh dengan picture di buku menu kalau tidak mau menyesal. Menu sukinya lebih oke tapi kayaknya ngapain ya jauh-jauh bermacet ria ke sini cuma mencari itu. Di kota lebih afdol kayaknya. Pemandangan jogja malamnya memegang.,Untuk kamu yang mencari restoran dengan suasana yang sangat romantis tidak salah juga untuk mencobanya. Dan jika kurang kamu bisa pesan menu yang ringan-ringan saja. Jangan terkecoh dengan gambar di buku menu jika tidak ingin menyesal. Menu favorit lebih baik hanya saja sepertinya tidak ada yang salah jika jauh-jauh datang untuk mencarinya. Di kota lebih baik sepertinya. Pemandangannya Yogyakarta lainnya tidak ada yang menandingi.,0.9116086959838867
Rasane meh pada karo resto sing liyane sing dodolan iwak laut. Aman resik lan pelayanane cepet,Rasanya hampir sama dengan resto yang lain yang jualan seafood. Aman bersih dan pelayanannya cepat.,Rasanya sama seperti restoran lain yang menjual ikan laut. Tempatnya nyaman bersih dan pelayanannya cepat,0.9567356705665588
Hasil itung cepet dinyatakne seje karo hasil survei nggarai aku nggumun.,Hasil quick count dinyatakan berbeda dengan hasil survei membuat saya bertanya-tanya.,Hasil hitung cepat dinyatakan sama dengan hasil survei yang membuat aku terkejut.,0.930377721786499
"Kapisan marang mrene kuwi ngerayakake kelulusan adikku, panggonane kuwi loh, apik tenan. Desaine uga unik, apik, kapenak, kapenak, cocok tenan kanggo mangan mbengi bareng kaluwarga, pasangan, sedulur, lan kanca-kanca, pemandangane uga apik, panganane uga enak-enak. Regane sebanding karo pelayanane, ora gela marang mrene. Bener-bener direkomendasikake.","Pertama ke sini itu merayakan kelulusan adikku, tempatnya itu loh, keren banget. Desainnya juga unik, keren, nyaman, nyaman, cocok betul untuk makan malam bareng keluarga, pasangan, saudara, dan teman-teman, pemandangannya juga keren, makanannya juga enak-enak. Harga sebanding dengan pelayanannya, tidak menyesal ke sini. Sangat-sangat direkomendasikan.","Pertama kali ke tempat makan ini untuk merayakan kelulusan adikku, tempatnya sangat bagus. Desainnya juga unik, bagus, nyaman, sangat cocok untuk makan malam bersama keluarga, pasangan, saudara, dan teman-teman, pemandangannya juga bagus, makanannya juga lezat-lezat. Harganya sebanding dengan pelayanannya, tidak kecewa sama sekali. Sangat direkomendasikan.",0.9625788331031799
"Kabisan ngerteni woconan mben uwong kuwi seje-seje, ana sing pisan moco langsung ngerti, ana uga sing butuh ping bolak-balik moco disik lagek ngerti.","Kemampuan memahami bacaan tiap orang itu beda-beda, ada yang sekali baca sudah paham, ada juga yang butuh berkali-kali baca dulu baru paham.","Mereka yang bisa memahami hal-hal yang disembunyikan oleh seseorang, ada yang langsung mengerti, ada juga yang membutuhkan beberapa kali mencoba untuk memahaminya.",0.898010790348053
Wow tenan kaget karo layanan satuan pengamanane bkpn bromo malang. Tenan diskriminasi banget. Yen aku mung pengen informasi babagan produke deknen. Dhewe diremehake. Cenderung ngusir. Kuciwa tenan!,Wow benar-benar terkejut sama layanan satuan pengamanannya bkpn bromo malang. Benar diskriminasi banget. Kalau kita hanya mau informasi tentang produk mereka. Kita disepelekan. Cenderung mengusir. Kecewa sekali!,"Saya sangat kecewa dengan layanan satuan pengamanan BKNP Bromo Malang. Sangat diskriminatif. Saya hanya ingin informasi tentang produk, tapi malah diremehkan. Cenderung diusir. Saya sangat kecewa!",0.9042089581489563
"Bandung terkenal dadi panggon produksi tahu lokal karo kuwalitas apik, salah siji sing paling apik isa digoleki ning warung talaga. Deweke nduwe pabrik dewe ning dalan Jendral sudirman, nanging ngembangne bisnise dadi sajian kuliner uga. Ana rena-rena pilihan sajian tahu. Direkomendasikne banget dinggo pecinta kuliner.","Bandung terkenal sebagai tempat produksi tahu lokal dengan kualitas prima, salah satu yang terbaik bisa dicari di warung talaga. Mereka punya pabrik sendiri di jalan Jendral sudirman, tapi mengembangkan bisnisnya menjadi sajian kuliner juga. Ada berbagai pilihan sajian tahu. Sangat direkomendasikan bagi pecinta kuliner.","Bandung terkenal sebagai tempat produksi tahu lokal dengan kualitas baik, salah satu yang paling baik bisa ditemukan di warung talaga. Mereka memiliki pabrik di jalan Jendral Sudirman, namun perkembangan bisnis mereka juga menjadi sajian kuliner. Terdapat berbagai pilihan sajian tahu. Sangat direkomendasikan bagi pecinta kuliner.",0.9822677969932556
Tulung dikirimke meneh tagihanku sasi wingi,Mohon dikirimkan kembali tagihan saya bulan lalu,Tolong kirimkan lagi tagihanku bulan depan,0.9256754517555237
"Salah siji menu paling tak senengi iku mcflurry rena-rena rasa liyane paket karo iwak pitik loro. Rumangsaku, pitike mcd nduwe citarasa dewe ning bagian dodone yo teksture alus lan bumbune gurih.","Salah satu menu favorit saya adalah mcflurry aneka rasa selain menu paket dengan dua ayam. Menurut saya, ayam mcd memiliki citarasa tersendiri di bagian dadanya pun memiliki tekstur yang lembut dan bumbunya gurih.","Salah satu menu yang paling tidak enak adalah mcflurry dengan rasa-rasa lain yang dipaketkan dengan ayam dan ikan. Menurutku, ayam McD memiliki citarasa khas dengan bagian daging yang lembut dan teksturnya yang halus serta bumbunya yang gurih.",0.9333337545394897
Aku ngrasa kaganggu ndelok parkiran mobil uwong nutupi dalan umum.,Saya merasa terganggu melihat parkiran mobil orang menutupi jalan umum.,Aku merasa terganggu melihat parkiran mobil orang yang menutupi jalan umum.,0.9865028262138367
"Satene gedi-gedi. Bumbune dipisah. Diwehi rajangan brambang lan lombok riwit didang, porsi lontong karo segane uga pas. Pokoke aku seneng.","Satenya besar-besar. Bumbunya dipisah. Dikasih irisan bawang merah dan cabe rawit dikukus, porsi lontong sama nasinya juga pas. Pokoknya saya suka.","Rasanya enak-enak. Bumbunya pas. Ditambah irisan bawang merah dan cabe rawit yang baru digoreng, porsi lontong dengan sayurnya juga pas. Pokoknya aku senang.",0.9378335475921631
"Yen didelok-delok, sandiaga uno karo nadiem makarim mirip yo","Kalau dilihat-lihat, sandiaga uno sama nadiem makarim mirip ya","Jika dilihat-lihat, Sandiaga Uno dan Nadiem Makarim mirip juga",0.9095751047134399
Sugeng enjang. Wah kuciwa tenan mosok indihome internet ora kocek maneh. Aku kuwi mbayar larang. Aja nguciwakake dhewe sing dadi pelanggan,Selamat pagi. Wah kecewa berat masa indihome internet tidak kocek lagi. Saya itu bayar mahal. Jangan kecewakan kami sebagai pelanggan,"Selamat siang. Wah saya kecewa sekali, ternyata indihome internet tidak gratis lagi. Saya sudah membayar mahal. Jangan menipu diri sendiri yang menjadi pelanggan",0.9346875548362732
"Sopir ora teka ing panggonan kang dituju, nanging ing aplikasi wis picu munggah, lan gopay wis kapotong, kapok aku nganggi gojek","Driver tidak datang ke tempat tujuan, tetapi di aplikasi sudah picu naik, dan gopay sudah terpotong, kapok saya pakai gojek","Sopir tidak sampai di tempat tujuan, tapi di aplikasi sudah tercatat selesai dan gopay sudah terpotong, aku kapok menggunakan gojek",0.9623164534568787
"Panganan ning kene menurutku kurang enak ya, merga aku wong minang, aku ora tek seneng pangana  jawa sing legi hehe","Makanan di sini menurut saya kurang enak ya, karena saya orang minang, saya tidak terlalu suka makanan jawa yang manis hehe","Makanan di sini menurutku kurang enak, karena aku orang Minang, aku tidak terlalu suka makanan Jawa yang manis hehe",0.9796110987663269
"Pajak, kak, arep njaluk nomor efin, sakdurunge wis aktifasi, namung lali password akun djponline,","Pajak, kak, mau minta nomor efin, sebelumnya sudah aktifasi, tapi lupa password akun djponline,","Pajak, kak, ingin meminta nomor efin, sebelumnya sudah aktifasi, hanya lupa password akun djponline,",0.9815773963928223
Musim udan kaya iki saban udan mesthi ora tenang wedi kabanjiran.,Musim hujan begini setiap hujan pasti tidak tenang takut kebanjiran.,Musim hujan seperti ini setiap hujan pasti tidak tenang takut banjir.,0.9539374113082886
Sate wedus H. Ihsan iki cukop terkenal ning tegal. Lak ora iso marani panggon ning pusate. Sampeyan isa uga nemokne sate wedus H Ihsan ning pirang-pirang panggon mangan ning kutha tegal.,Sate kambing H. Ihsan ini cukup terkenal di tegal. Apabila tidak bisa mengunjungi lokasi di pusatnya. Anda bisa juga menemukan sate kambing H Ihsan di beberapa tempat makan di kota tegal.,Sate kambing H. Ihsan ini cukup terkenal di Tegal. Letaknya tidak di pusat kota. Anda juga bisa menemukan sate kambing H. Ihsan di beberapa tempat makan di kota Tegal.,0.973182737827301
"Saka okehe restoran sunda ing Bandung, miturutku Ciganea salah siji favoritku. Aku seneng amarga pithike khas, digorenge ora patio garing. Terus sambele uga ora kalah enak. Menu sing liya uga enak. Panggonane kaya omah, ora patio gedhe nanging cukuplah, lan uga resik.","Dari banyaknya restoran sunda di Bandung, menurut saya Ciganea salah satu favorit saya. Saya suka karena ayamnya khas, digorengnya tidak terlalu kering. Lalu sambalnya pun tidak kalah enak. Menu yang lain pun enak. Tempatnya seperti rumah, tidak terlalu besar tapi cukuplah, dan juga bersih.","Salah satu restoran Sunda di Bandung, menurutku Ciganea adalah salah satu favoritku. Aku senang karena pilihan khas, digoreng tidak terlalu garing. Terus sambalnya juga tidak kalah enak. Menu lainnya juga enak. Tempatnya seperti rumah, tidak terlalu besar tapi cukup, dan juga bersih.",0.9650014638900757
"Hotel iki uwes ngadeg saka telung puluh tahun sing kapungkur, sakdurunge aku lair. Panginepan kapisan ning kota iki. Saiki uwis akeh ngadeg hotel ning kene.","Hotel ini sudah berdiri sejak tiga puluh tahun yang lalu, sebelum saya lahir. Penginapan pertama di kota ini. Sekarang sudah banyak berdiri hotel di sini.","Hotel ini sudah berdiri sejak tiga puluh tahun yang lalu, sebelum aku lahir. Penginapan pertama di kota ini. Sekarang sudah banyak berdiri hotel di sini.",0.9982540607452393
"Panganan ning kene pada kaya kfc liyane. Pithik gorenge krispi, gurih, lan enak.","Makanan di sini sama seperti kfc lainnya. Ayam gorengnya crispy, gurih dan enak","Makanan di sini seperti KFC lainnya. Ayam gorengnya krispi, gurih, dan enak.",0.9713373184204102
"Piye ora nesu ora, kena php indosat terus kie. Pulsane kepotong ludes ora ana turahe.","Bagaimana tidak marah coba, kena php indosat terus nih. Pulsa selalu terpotong ludes tak tersisa.","Bagaimana tidak marah, kan terkena potongan php indosat terus saja. Pulsa habis tidak ada sisa.",0.9322022795677185
"Pelayanane batik air bisnis class ing halim nguciwakake, gelas reged / mambu, tv ora ana nganggo alesan pesawat anyar, aling methuk saka medhuk pesawat diilangake","Pelayanan batik air bisnis class di halim mengecewakan, gelas kotor / bau, tv tidak ada dengan alasan pesawat baru, penjemputan dari turun pesawat dihilangkan","Pelayanan batik air bisnis kelas di Halim sangat mengecewakan, gelas kotor, TV tidak ada dengan alasan pesawat baru, yang aneh adalah tempat menyimpan handphone dihilangkan",0.943053126335144
Ngganggo laurier dobel pas arep turu pas menstruasi ben ora bocor,Pakai laurier double pas mau tidur saat menstruasi biar tidak bocor,Menggunakan pembalut ganda saat akan tidur saat menstruasi agar tidak bocor,0.9348226189613342
"Panggon mangane sederhana banget, nanging rasane juara. Komposisi bumbu kacange pas lan porsine ora tek akeh. Pengunjung sing teka rame banget.","Tempat makannya sangat sederhana, namun rasanya juara. Komposisi bumbu kacangnya pas dan porsinya tidak terlalu besar. Pengunjung yang datang sangat ramai.","Tempatnya sederhana banget, tapi rasanya juara. Komposisi bumbu kacangnya pas dan porsinya tidak terlalu banyak. Pengunjung yang datang sangat ramai.",0.9878281354904175
"Panggonan lan arsitektur panggonan iki oke banget, mung yen panganane lan ombeane ing kene ora patia maer. Enak kanggo mateni bareng kanca-kanca.","Lokasi dan arsitektur tempat ini oke banget, cuma kalau makanan dan minuman di sini tidak terlalu istimewa. Enak buat bunuh bareng teman-teman.","Tempat dan arsitektur tempat ini oke banget, sayangnya makanan dan minuman di sini tidak terlalu enak. Enak untuk nongkrong bareng teman-teman.",0.9627089500427246
Rasa panganan biasa ae lan suasanane ora istimewa dadi pisan ketekan wis cukup.,Rasa makanan biasa saja dan suasana tidak istimewa sehingga sekali kedatangan sudah cukup.,Rasa makanannya biasa saja dan suasana tidak istimewa jadi sudah cukup.,0.9649350643157959
Sing nglarang GBK didadekake panggonan konser pada songong-songong banget dah. Suket ning lapangan sapa sing pengin ngopeni yen ora ana duwit konser. Urung meneh kursi sing seneng dirusak supporter bal. Aduh.,Yang melarang GBK dijadikan venue konser pada songong-songong amat dah. Rumput di lapangan siapa yang mau pelihara kalau tidak ada duit konser. Belum lagi kursi yang suka dirusak supporter bola. Aduh.,Saya melarang GBK dijadikan tempat konser pada hari-hari besar seperti ini. Sayang di lapangan ada yang ingin menghasilkan uang dari konser. Belum lagi kursi yang senang dirusak oleh supporter bola. Aduh.,0.9085038900375366
Gendeng ya. Pesen mix platter ae sampek luwih saka 30 menit. Takon nyang pelayane malah minggat. Ora responsif. Suwi.,Gila ya. Pesan mix platter saja sampai lebih dari 30 menit. Bertanya ke pelayannya malah kabur. Tidak responsif. Lama.,Memang benar. Pesanan mix platter kami belum datang juga setelah lebih dari 30 menit. Tanya kepada pelayan malah menghindar. Tidak responsif. Sayang.,0.9318591356277466
"Pas jenuh karo oleh oleh khas bandung sing wis ana, dadi roti bakar tunggal isa dadi pilihan. Aku kerep tuku roti marie sing dibakar karo rasa sing enaakk, uga roti bakar karo rasa keju utawa coklate. Biasane aku tuku ning konter roti bakar tunggal ning paskal hyper square. Regane ancen rodok larang, nanging rumangsaku meh podo karo panganan oleh-oleh. Dadi ya ora isa uga diomongne larang. Lan toh rasane enak.","Saat jenuh dengan oleh oleh khas bandung yang sudah ada, maka roti bakar tunggal bisa menjadi pilihan. Saya sering beli roti marie yang dibakar dengan rasa yang yuummy, juga roti bakar dengan rasa keju atau coklatnya. Biasanya saya beli di counter roti bakar tunggal di paskal hyper square. Harganya memang agak mahal, tapi saya rasa hampir sama dengan makanan oleh-oleh. Jadi ya tidak bisa juga dibilang mahal. Dan toh rasanya enak.","Kalau sudah bosan dengan oleh-oleh khas Bandung yang sudah ada, maka roti bakar Tunggal bisa menjadi pilihan. Saya sering membeli roti marie yang dibakar dengan rasa yang enak, juga roti bakar dengan rasa keju atau cokelat. Biasanya saya membeli di konter roti bakar Tunggal di Paskal Hyper Square. Harganya cukup murah, dan harganya hampir sama dengan makanan oleh-oleh lainnya. Jadi, tidak bisa dikatakan mahal. Dan rasanya enak.",0.9602063298225403
"Lunga bareng kaluwarga mangan mbengi, regane larang kanthi rasa sing biasa bae.","Pergi bersama keluarga makan malam, harganya mahal dengan rasa yang biasa saja.","Makan malam bersama keluarga, harganya murah dengan rasa yang biasa saja.",0.972445011138916
"Sugeng siang, biaya administrasi rek simpedes tp 5.500, - / sasi. Maturnuwun era","Selamat siang, biaya administrasi rek simpedes rp 5.500, - / bulan. Terima kasih era","Selamat siang, biaya administrasi rekening simpedes hanya Rp 5.500,- per bulan. Terima kasih",0.9548892974853516
"Panggonan kapenak lan enak, kala-kala didadekake panggonan foto pre-wedding","Tempat nyaman dan enak, kadang dijadikan tempat foto pre-wedding","Tempat yang indah dan nyaman, seringkali dijadikan lokasi foto pre-wedding",0.9724776744842529
"Pelayanane apik banget, lan muasne saka segi panggon, apik banget isa ndelok pemandangan kutha pas wengi saka segi panganan, apik pol! Panganane enak banget ora nyesel ngge mara rene.","Pelayanannya sangat bagus, sangat memuaskan dari segi tempat, indah sekali bisa melihat pemandangan kota di malam hari dari segi makanan, terbaik! Makanannya enak sekali tidak menyesal untuk datang ke sini.","Pelayanannya sangat baik, dan suasana dari segi tempat, sangat baik bisa melihat pemandangan kota saat malam, dari segi makanan, sangat baik juga! Makanannya sangat enak tidak menyesal mengeluarkan uang.",0.9490355253219604
Arif tuku jaket billabong sek paling anyar,Arif membeli jaket billabong yang terbaru,Arif membeli jaket Billabong yang paling baru,0.948663592338562
"Warung mangan sing uwis teka wiwit suwi lan uwis dadi kaya legenda kayane saiki uwis buka cabang. Terkenal amarga konsisteni rasa -ne uwis pirang-pirang tahun, sanadyan bangunan asli uwis dibongkar nanging kaasliane tetep dijaga lan tetep engel parkir. Sawetara wektu kepungkur ana setithik pangowahan nalika ibu chef utama uwis ora ketok maneh.","Warung makan yang telah hadir sejak lama dan telah menjadi semacam legenda, mungkin sekarang sudah buka cabang. Terkenal karena konsistensi rasa -nya selama bertahun-tahun, meskipun bangunan asli telah dipugar tetapi keaslian masih tetap dijaga dan tetap susah parkir. Beberapa waktu terakhir ada sedikit perubahan ketika ibu chef utama sudah tidak terlihat lagi.","Warung makan yang sudah ada sejak lama dan sudah seperti legenda sekarang sudah buka cabang. Terkenal karena konsistensi rasanya selama bertahun-tahun, meskipun bangunan aslinya sudah dibongkar namun keasliannya tetap dijaga dan tetap enak. Beberapa waktu lalu ada sedikit perubahan ketika ibu chef utama sudah tidak mengurus lagi.",0.9540342092514038
Menehi bantuan nyang korban bencana dinggo pencitraan percuma. Apameneh dinggo publikasi. Sepurane banget. Muak aku.,Memberikan bantuan ke korban bencana untuk pencitraan percuma. Apalagi untuk publikasi. Maaf banget. Muak saya.,Memberikan bantuan kepada korban bencana hanya untuk pencitraan gratis. Apa lagi untuk publikasi. Terlalu berlebihan. Aku muak.,0.9468672275543213
Rasa panganane biasa bae lan regane larang. Panggonane uga biasa. Lokasine ora patia adoh saka tengah kutha.,Rasa makanannya biasa saja dan harganya mahal. Tempatnya juga biasa. Lokasinya juga terlalu jauh dari pusat kota.,Rasa makanannya biasa saja dan harganya mahal. Tempatnya juga biasa. Lokasinya tidak terlalu jauh dari pusat kota.,0.990558922290802
Dingge mara nyang panggon iki dalane macet banget lan adoh saka pusat kutha. Saktekane ning kana ora ana bab sing spesial sing nggarai perjalanan adoh kebayar. Menune biasa ae.,Untuk menuju ke tempat ini jalannya sangat macet dan jauh dari pusat kota. Sesampainya di sana tidak ada hal yang spesial yang membuat perjalanan jauh terbayarkan. Menunya biasa saja.,Kalau ke tempat ini jalannya macet banget dan jauh dari pusat kota. Sebenarnya di sana tidak ada sesuatu yang spesial yang membuat perjalanan jauh terbayar. Menunya biasa saja.,0.9679803848266602
Rasa rotine enak. Variasi roti lan pacetane sing didol akeh. Rega standar. Paling seneng karo roti taware. Seneng.,Rasa rotinya enak. Variasi roti dan cemilan yang dijual banyak. Harga standar. Paling suka sama roti tawarnya. Suka.,Rasa roti enak. Variasi roti dan isian yang dijual banyak. Harga standar. Paling suka roti tawar. Senang.,0.966376006603241
"Deknen kuwi sapa sih? Kok isi beritane deknen kabeh, mbokane deknen mantan narapidana kae","Dia ini siapa sih? Kok isi berita dia semua, bukannya dia mantan narapidana itu","Siapa sih orang itu? Kok isinya berita tentang dia saja, katanya dia mantan narapidana",0.9331144094467163
"Pengin mangan karo nikmati suwasana paris? Ora usah adoh-adoh menyang prancis, cukup menyang paris van java alias bandung. Braga permai iki rekomendasi banget kanggo mangan karo santai-santai. Panganane enak, regane mlebu akal lan suwasanane kapenak banget apamaneh meja sing ning jaba. Mangan karo nikmati suwasana bandung jaman mbiyen.","Ingin makan sembari menikmati suasana paris? Enggak usah jauh-jauh ke prancis, cukup ke paris van java alias bandung. Braga permai ini rekomendasi banget buat makan sambil santai-santai. Makanannya enak, harganya masuk akal dan suasananya nyaman banget apalagi meja yang di luar. Makan sambil menikmati suasana bandung tempo dulu.","Ingin makan sambil menikmati suasana Paris? Tidak perlu jauh-jauh ke Perancis, cukup ke Paris van Java alias Bandung. Braga Permai ini sangat direkomendasikan untuk makan sambil bersantai-santai. Makanannya enak, harganya masuk akal dan suasana sangat menyenangkan apalagi meja yang di luar. Makan sambil menikmati suasana Bandung jaman dulu.",0.9471191763877869
Yogyakarta iki ing saben pojokan dalan akeh hotel. Nanging eman. Kanggo kelas bintang 3 bae rega luwih larang kanthi pelayanan sing ora sepadan.,Yogyakarta ini di tiap sudut jalan banyak hotel. Tapi sayang. Untuk kelas bintang 3 saja harga lebih mahal dengan pelayanan tidak setara.,Yogyakarta ini di setiap pojok jalan banyak hotel. Namun sayang. Untuk kelas bintang 3 ke atas harganya lebih mahal dengan pelayanan yang tidak sepadan.,0.9594956040382385
Bakmine enak. Ditambah daging rica2ne mantep banget. Rasane si pedes-pedes nanging nikmat. Mangan siji krasa kurang tah.,Bakminya enak. Ditambah daging rica2nya super mantap. Rasanya sih pedas-pedas tapi nikmat. Makan satu berasa kurang deh.,Bakminya enak. Ditambah daging rica-ricanya mantap banget. Rasanya itu pedas-pedas tapi nikmat. Makan satu saja rasanya kurang.,0.9557355642318726
Aplikasi bni mobile banking tulung didandani soale arep aktivasi akun ora isa.,Aplikasi bni mobile banking mohon diperbaiki soalnya mau aktivasi akun tidak bisa.,Aplikasi BNI mobile banking tidak bisa diaktifkan karena akan mengaktifkan akun tidak bisa.,0.9362394213676453
Anti nganggo power bank wiwit handphone samsungku bocor bateraine sakbanjure dingokake kuwi.,Anti pakai power bank semenjak handphone samsung gue bocor baterenya setelah dipakaikan gituan.,"Saya tidak menggunakan power bank sejak baterai handphone samsung saya bocor, sekarang saya simpan saja.",0.9103195667266846
"Botol uc1000 angel banget dibukake tah, marakna tangan lara","Botol uc1000 susah banget dibukanya dah, bikin tangan sakit","Botol uc1000 itu benar-benar sulit dibuka, sakit tangan",0.9094750881195068
"Nggolek suwasana nostalgia ing jogja, panggonan iki yaiku pilian sing pas! Menu panganane didominasi panganan-panganan sing kena pengaruh gaya panganan landa. Kasenenganku stik sirloin. Restoran iki uga ndhuweni toko roti kanthi pilian roti gaya jaman mbiyen.","Mencari suasana nostalgia di jogja, tempat ini adalah pilhan yang tepat! Menu makanan didominasi makanan-makanan yang dipengaruhi gaya makanan belanda. Favorit saya steak sirloin. Restoran ini juga memiliki toko roti dengan pilihan roti bergaya zaman dahulu.","Mencari suasana nostalgia di Jogja, tempat ini merupakan pilihan yang pas! Menu makanannya didominasi makanan-makanan yang terkena pengaruh gaya makanan lama. Kesukaanku adalah stik sirloin. Restoran ini juga memiliki toko roti dengan pilihan roti gaya jaman dulu.",0.9551400542259216
Ketua dpr ngapresiasi pilkada barengan sing mlaku damai.,Ketua dpr mengapresiasi pilkada serentak yang berlangsung damai.,Ketua DPR mengapresiasi pelaksanaan pemilukada serentak yang berlangsung damai.,0.9601783752441406
Ngurus gaji karyawan dhewe wae ora isa jare arep ngurus bumn. Mikir nganggo utek,Mengurus gaji karyawan sendiri saja tidak becus konon mau mengurus bumn. Mikir pake otak,"Mengurus gaji karyawan saja tidak bisa, apalagi mengurus BUMN. Memikirkan dengan menggunakan akal sehat",0.8998857736587524
Ning indonesia pilihan merek telepon seluler kan melimpah. Lak ora seneng cara xiaomi nglakokne bisnise ya kari milih merek liya. Digawa santai wae.,Di indonesia pilihan merek telepon seluler kan melimpah. Kalau tidak suka cara xiaomi menjalankan bisnisnya ya tinggal pilih merek lain. Dibawa santai saja.,Di Indonesia pilihan merek telepon seluler sangat melimpah. Saya tidak suka cara Xiaomi menjalankan bisnisnya sehingga saya memilih merek lain. Saya ambil dengan santai saja.,0.9467284679412842
"Nate mangan ning poolside hotel hilton? Jan ora rekomendasi kanggo rasa lan rega. Panganane kurang rasane, aku nggawa 20 uwong, kabeh gela.","Pernah makan di poolside hotel hilton? Sangat tidak rekomendasi untuk rasa dan harga. Makanan kurang rasa, gue bawa 20 orang, semua kecewa.","Kamu makan di poolside hotel Hilton? Saya tidak merekomendasikan untuk rasa dan harga. Makanannya kurang enak, saya membawa 20 orang, semua kecewa.",0.9549497961997986
Panggonane unik. Karo mangan uga dimanjakake kaliyan panggonan sing sarwa unik. Akeh kayu kayu lan galerine. Kanggo bocah uga aja kuatir. Ana dolanan bocahe. Dadi mangan dadi luwih santai.,Tempatnya unik. Sambil makan juga dimanjakan dengan tempat yang serba unik. Banyak kayu kayu dan galerinya. Buat anak juga jangan kuatir. Ada mainan anaknya. Jadi makan jadi lebih santai,Tempatnya unik. Selain makanan juga dimanjakan dengan tempat yang sangat unik. Banyak kayu-kayu dan galeri. Untuk anak juga tidak perlu khawatir. Ada tempat bermain anak. Jadi makan menjadi lebih santai.,0.9613619446754456
"Yen marang rene aku mesthi pesen budin sambel roa. Budine digoreng dipasake karo sambel roa, enak. Panganan sing liyane uga enak nanging kanggo aku lan kaluwarga sing paling enak ing kene ya mangan budin karo ngombe kopi.","Kalau ke sini saya selalu pesan singkong sambal roa. Singkongnya digoreng dipadankan dengan sambal roa, enak. Makanan yang lainnya juga enak tetapi buat saya dan keluarga yang paling enak di sini ya makan singkong sambil minum kopi.","Jika aku sedang berada di sini, aku pasti memesan budin sambal roa. Budin yang digoreng dan dipasangkan dengan sambal roa, lezat. Makanan lain juga lezat, tapi bagi aku dan keluarga, yang paling lezat di sini adalah makan budin dengan menyeruput kopi.",0.9277629852294922
Telepone genggam eror pas kaping pisan diurupne,Telepon genggamnya eror pas pertama dinyalakan,Handphone rusak saat pertama kali dihidupkan,0.8814297914505005
Turu sing cukup saben dinane isa gawe awak ora kekeselen lan seger sawektu tangi ing dina esuk.,Tidur yang cukup tiap harinya bisa bikin badan tidak kecapekan dan segar ketika bangun di pagi hari.,Tidur yang cukup setiap malamnya dapat membuat tubuh tidak lelah dan segar saat bangun di pagi hari.,0.9577050805091858
Restoran iki romantis tenan kanthi pemandangane sing apik tenan ing dina mbengi,Restoran ini sangat romantis dengan pemandangannya yang sangat indah di malam hari,Restoran ini sangat romantis dengan pemandangannya yang sangat indah di malam hari,1.0
"Sugeng sonten ibu, bab produk perbankan mandiri apa sing entuk dhewe rewangi? Yogi","Selamat sore ibu, perihal produk perbankan bank mandiri apa yang dapat kami bantu? Yogi","Selamat pagi ibu, berikut produk perbankan mandiri apa yang bisa saya bantu? Yogi",0.9604474902153015
"Suwasanane ing panggonan iki luwar biasa tenan. Pas kuwi dhewe teka ing sore ameh wengi, lan etuk panggonan sing ngadep ning air terjun. Gemricik banyu grojogan lan suwasana desa nambah nikmat suwasana mangan wengi dhewe pas kuwi. Panganan disajekake kanthi gaya tradisional lan rasane cukup apik kanggo ilate dhewe.","Suasananya di tempat ini sungguh luar biasa. Ketika itu kami datang pada senja menjelang malam, dan mendapatkan ruang yang menghadap ke air terjun. Gemericik air terjun dan suasana pedesaan menambah nikmat suasana makan malam kami ketika itu. Makanan disajikan dengan gaya tradisional dan rasanya cukup menarik untuk lidah kami.","Suasana di tempat ini luar biasa. Saat itu saya datang pada sore hari menjelang malam, dan mendapati tempat yang menghadap ke air terjun. Gemericik air terjun dan suasana desa menambah kenikmatan makan malam saya saat itu. Makanan disajikan dengan gaya tradisional dan rasanya cukup enak untuk lidah saya.",0.973130464553833
"Regane larang banget, padahal panganan sing didol panganan indonesia umume. Padahal kanggo nikmati panganan kaya ngene iki ing panggonan liyane adoh luwih murah. Sega goreng wae ing kene larang banget banget! Jengkel.","Harganya terlalu mahal, padahal makanan yang dijualkan makan indonesia umumnya. Padahal untuk menikmati makanan sejenis di tempat lain jauh lebih murah. Nasi goreng saja di sini mahal banget banget! Kesal.","Harganya sangat mahal, padahal makanan yang dijual adalah makanan Indonesia biasa. Padahal untuk menikmati makanan seperti ini di tempat lain jauh lebih murah. Nasi goreng saja di sini sangat mahal! Jengkel.",0.9637578129768372
Ana ing akun mycare ku sek keblokir kuwi wis aku tambahake nomer im3 ku sek anyar,Dalam akun mycare saya yang terblokir tersebut sudah saya tambahkan nomer im3 saya yang baru,"Di akun mycare saya, nomor yang diblokir sudah saya tambahkan dengan nomor IM3 saya yang baru",0.9531810283660889
120 peserta sing lulus iki bakale dibagi dadi 4 kelas karo jumlah masing masing 30 murid,120 peserta yang lulus ini akan dibagi menjadi 4 kelas dengan jumlah masing masing 30 siswa.,120 peserta yang lulus ini akan dibagi menjadi 4 kelas dengan jumlah masing-masing 30 murid,0.9784095883369446
"Apa iki, regane larang, pelayanane jan mines!","Apa ini, harga mahal, pelayanan minus!","Apa ini, harganya mahal, pelayanannya tidak memuaskan!",0.9529024958610535
Aku ketemu karo deknen ing asrama panggonan dhewe manggon nalika isih mahasiswa,Saya bertemu dengannya di asrama tempat kami tinggal semasa mahasiswa dulu,Aku bertemu dengannya di asrama tempatnya tinggal saat masih mahasiswa,0.9418609142303467
"Endi ki suwe banget konfirmasine? Iki uwis dibayar, uwis ngirimne bukti transfer, nanging e - tiket pancet ora metu? Aku gela, wegah digantung ngene.","Mana nih lama sekali konfirmasinya? Ini sudah dibayar, sudah mengirimkan bukti transfer, tetapi e - tiket tetap tidak keluar? Saya kecewa, tidak mau digantung begini.","Berapa lama konfirmasinya? Ini sudah dibayar, sudah mengirim bukti transfer, tapi e-tiketnya tidak keluar? Aku jengah, tidak enak ditunggu seperti ini.",0.9424073100090027
"Ndelok film indonesia ning tv iki, kadang nggarai pegel. Merga kayak-kayake indonesia ora ana masalah, merga kabeh lagi mlaku-mlaku ning luar negeri.","Menonton film indonesia di tv ini, kadang bikin jengkel. Karena seakan-seakan indonesia tidak ada masalah, karena semuanya lagi jalan-jalan di luar negeri.","Menonton film Indonesia di TV ini, terkadang membuat bosan. Karena semuanya seperti Indonesia tidak memiliki masalah, karena semua sedang berjalan-jalan di luar negeri.",0.9579461812973022
"Dasare ora ngerti kahanan kowe! Sinau beladiri udu nggo disombongke! Nanging kanggo nglindhungi awake dhewe! Gurumu dantemi apa maneh uwong tuwamu! Dasar iblis kowe, nyawa dibayar nyawa! Kowe ndhuwe utang siji nyawa! Lan nyawamu sing dadi bayarane!?","Dasar tak tau diri kau! Belajar beladiri bukan untuk di sombongkan! Tapi untuk melindungi diri sendiri! Guru lu aja lu pukulin apalagi orang tua lo! Dasar iblis kau, nyawa di bayar nyawa! Lu punya hutang satu nyawa! Dan nyawa lo yang jadi bayarannya!?","Dasar kamu tidak mengerti keadaanmu! Belajar bela diri itu bukan untuk disombongkan! Tapi untuk melindungi diri sendiri! Gurumu ajar apa lagi kamu ini orang tua! Dasar iblis kamu, nyawa dibayar nyawa! Kamu memiliki utang satu nyawa! Dan nyawamu yang menjadi bayarannya!?",0.9413676857948303
"Lak nyang mangkok iwak pitik mesti tuku kwetiaew sirame, lak didelok kayake sing sitik, nangis pas dipangan beh, akeh banget lak kanggo porsiku, kwetiaw sirame sik juara ning kene timbang nggon liya, tenan. Sambele uga sekeca banget karo seleraku.","Kalau ke mangkok ayam pasti beli kwetiaw siramnya, kalau dilihat seperti yang sedikit, tetapi pas dimakan beuh, banyak sekali kalau buat porsi saya, kwetiaw siramnya masih juara di sini dari pada di tempat lain, sungguh. Sambelnya juga sesuai banget sama selera saya.","Harganya yang murah membuat saya harus membeli kwetiau siram, saat dilihat sepertinya sedikit, tapi saat dimakan banyak juga untuk porsiku, kwetiau siram di sini memang juara dibandingkan dengan tempat lain, benar. Rasanya juga sangat sesuai dengan selera saya.",0.930102527141571
Atlet enom tanah air melu serpong run 2018 dinggo ajang nguji coba,Atlet muda tanah air ikuti serpong run 2018 untuk ajang uji coba,Atlet muda tanah air mengikuti Serpong Run 2018 sebagai ajang uji coba,0.9594941735267639
"Penting lan sebarno negriku sing wis lara, pas oknum aparat dadi keparat, sing pener disalahne lan sing salah dipenerne","Penting dan sebarkan negeriku yang sudah sakit, kala oknum aparat jadi keparat, yang benar disalahkan dan yang salah dibenarkan","Penting dan sangat menyakitkan negaraku yang sudah sakit, saat oknum aparat menjadi keparat, yang benar disalahkan dan yang salah dibenarkan",0.9726964831352234
Bis harapan jawa adoh luwih kapenak dibanding sing liyane,Bus harapan jaya jauh lebih nyaman dibandingkan yang lainnya,Bis harapan Jawa jauh lebih nyaman dibanding yang lain,0.9444524049758911
Tinggalen ae lak awakmu pancene wis waleh karo pacarmu lan pacaran ora ana gunane kanggo awakmu.,Tinggalkanlah kalau kamu memang sudah bosan sama pacar mu dan pacaran tidak ada gunanya buat kamu.,Sebaiknya kamu putus saja dengan pacarmu karena pacaran tidak ada gunanya bagi kamu.,0.9352075457572937
"Isih percoyo karo omongane? Dee sing nutup rapet-rapet bobroke sifate, dee uga sing mbukak tabir aibe.","Masih percaya sama omongannya? Dia yang menutup rapat-rapat kebobrokan sifatnya, dia juga yang membuka tabir aibnya.","Masih percaya dengan omongannya? Dia tidak hanya menutup rapat-rapat sifat buruknya, dia juga yang membuka tabir aibnya.",0.9633359313011169
"Kafe iki, nduwe pirang-pirang cemilan sing top banget, tahu ning lumboenk karo vulkano risols jenenge. Sensasine unik saka wujude karo rasane nggarai sir maneh si maneh, dinggo sing penasaran oleh njajal wis.","Kafe ini, punya beberapa cemilan yang top banget, tahu di lumboenk sama vulkano risols namanya. Sensasi unik dari tampilan sama rasanya bikin mau lagi mau lagi, bagi yang penasaran boleh dicoba deh.","Kafe ini, memiliki berbagai camilan yang top banget, tapi yang paling mencolok adalah vulkano risol. Sensasinya unik dari bentuk dan rasanya membuat saya penasaran untuk mencobanya.",0.9075287580490112
2018 kpk nduweni tekad kanggo nuntaskae kasus e-ktp lan lbi.,2018 kpk bertekad menuntaskan kasus e-ktp dan blbi.,Pada 2018 KPK memiliki tekad untuk menuntaskan kasus e-KTP dan lain-lain.,0.9089407920837402
Namung penerbangan ing indonesia sing ora tahu ngeregani wektu. Uwis mbayar larang pelayanane tetep nguciwakake,Cuma penerbangan di indonesia yang tidak pernah ngehargai waktu. Sudah bayar mahal tetap pelayanannya mengecewakan,Hanya penerbangan di Indonesia yang tidak tahu menghargai waktu. Sudah membayar mahal untuk pelayanannya tetap mengecewakan,0.961874783039093
"Kanggo layanan bank ing akhir pekan sing lokasine ing bekasi, bapak isa teka marang kantor cab bank mandiri bekasi juanda","Untuk layanan bank di akhir pekan yang berlokasi di bekasi, bapak dapat datang ke kantor cab bank mandiri bekasi juanda.","Untuk layanan bank di akhir pekan yang lokasinya di Bekasi, Bapak bisa datang ke kantor cabang Bank Mandiri Bekasi Juanda",0.9499956369400024
susah banget ndelok segara sing saiki reget didadekake panggonan guwak sampah sembarangan,Sedih banget melihat laut yang sekarang kotor dijadikan tempat buang sampah sembarangan,sangat sulit melihat laut yang sekarang dipenuhi dengan tempat pembuangan sampah sembarangan,0.9324815273284912
"Salah siji panggon mangan lan panggon nangkring sing direkomendasikne kanca sing oke banget. Panggone pancene lumayan munggah lak saka kutha, lan rodok mlebu-mlebu sampek ora ketok lak saka dalan utama. Nanging panganane enak, panggone asik, regane uga standar. Sik sumbut karo regane lah. Oleh lak nyang Malang dolan mrene maneh.","Salah satu tempat makan dan tempat nongkrong yang direkomendasikan teman yang oke sekali. Tempatnya memang lumayan naik kalau dari kota, dan agak masuk-masuk sampai tidak terlihat kalau dari jalan utama. Tapi makanannya enak, tempatnya asik, harganya juga standar. Masih sepadan dengan harga lah. Bolehlah kalau ke Malang datang ke sini lagi.","Salah satu tempat makan dan nongkrong yang direkomendasikan teman yang cukup oke. Tempatnya memang cukup jauh dari kota, dan jalannya berliku-liku sampai tidak terlihat dari jalan utama. Namun, makanannya enak, tempatnya nyaman, dan harganya juga standar. Sesuai dengan harganya. Harus coba lagi kalau main ke Malang.",0.9558413028717041
On the spot lagi tayang ing trans7,On the spot sedang tayang di trans7,Saat ini On the Spot masih tayang di Trans7,0.9482629895210266
"Bener-bener iwak pitik goreng sing gurih lan nggarai aku ketagihan, sambel sing pedes nggarai sensasi mangan luwih mantep karo sega anget lan es teh manis","Benar benar ayam goreng yang gurih dan membuat saya ketagihan, sambal yang pedas membuat sensasi makan lebih mantap dengan nasi hangat dan es teh manis","Benar-benar ayam goreng yang gurih dan membuat aku ketagihan, sambal yang pedas membuat sensasi makan lebih mantap dengan nasi hangat dan es teh manis",0.9908102750778198
Aku wis ndaftar namung ora entuk sms seka 5111.,Saya sudah registrasi tapi tidak dapat sms dari 5111.,Aku sudah mendaftar namun tidak mendapatkan sms dari 5111.,0.9684916138648987
"Mumpung lagi mlaku-mlaku marang bandunh sekaliyan nyempatake nyoba batagor sek paling enak ing kota kembang iki nganti ora sadar dhewe mesen luwih akeh seka kapasitas mangan dhewe wong loro: Bakso tahu goreng, siomay goreng lan batagor kuah, ayam kremes, lan es cendol lan dhewe uga kudu mbungkus mulih tahu yun yin pesenan dhewe akhire.","Mumpung sedang berjalan-jalan ke bandunh sekalian menyempatkan mencoba batagor yang terenak di kota kembang ini sampai tidak sadar kami memesan lebih banyak dari kapasitas makan kami berdua: Bakso tahu goreng, siomay goreng dan batagor kuah, ayam kremes, dan es cendol dan kami masih harus membungkus pulang tahu yun yin pesanan kami akhirnya.","Saya dan istri saya sedang jalan-jalan di Bandung dan mencoba batagor paling enak di kota ini, sampai-sampai tidak sadar saya memesan lebih banyak dari kapasitas makan kami berdua: Bakso tahu goreng, siomay goreng dan batagor kuah, ayam kremes, dan es cendol, dan saya juga harus membungkus tahu yun yin pesanan saya untuk dibawa pulang.",0.9464393258094788
"Njajal pesen shabu-shabu, menu anyar ning gading resto. Kuwalitas rasane cukup enak, regane kejangkau uga. Rekomendasi lak nggawa tamu utawa mung mangan wengi karo kaluwarga.","Mencoba memesan shabu-shabu, menu baru di gading resto. Kualitas rasa cukup enak, harga terjangkau pula. Rekomendasi bilamana membawa tamu atau sekadar makan malam bersama keluarga.","Cobalah pesan shabu-shabu, menu baru di restoran Gading. Kualitas rasanya cukup enak, harganya juga terjangkau. Rekomendasi untuk mengajak tamu atau hanya makan malam bersama keluarga.",0.9623962044715881
Oke. Wis tak kirim lewat pesen langsung,Oke. Sudah saya kirim via pesan langsung,Oke. Sudah saya kirim lewat pesan langsung,0.9874306917190552
"Kasamrawutan sing kadadean akhir debat loro pilgub jabar ing 14 mei 2018 sing kepungkur, marakke silang pendapat saka para kontestan debat.","Kericuhan yang terjadi pengujung debat kedua pilgub jabar pada 14 mei 2018 yang lalu, menimbulkan silang pendapat dari para kontestan debat.","Kasus rawan yang terjadi setelah debat kedua pilgub Jawa Barat pada 14 Mei 2018 lalu, menimbulkan silang pendapat dari para kontestan debat.",0.9550034403800964
Isuk iki lali nyepot helm mas gojek bar mudun saka motor gara-gara nguber bis,Pagi ini lupa lepas helm abang gojek setelah turun dari motor gara-gara mengejar bus,Pagi ini lupa memakai helm saat menjadi pengemudi ojek online dan terjatuh dari motor karena menghindari bus,0.9114775061607361
"Restoran iki tansah top. Suasanane nyaman banget kanggo ngobrol karo kanca, sedulur utawa pasangan. Panganane uga enak. Sanajan aku biasane ora mangan abot. Soale paling seneng marang mrene sore nyedhak mbengi","Restoran ini selalu top. Suasananya nyaman banget buat ngobrol dengan teman, saudara atau pasangan. Makanannya juga enak. Walaupun saya biasanya tidak makan berat. Soalnya paling suka ke sini sore menjelang malam","Restoran ini selalu top. Suasana nya sangat nyaman untuk ngobrol dengan teman, keluarga atau pasangan. Makanannya juga enak. Meskipun aku biasanya tidak makan malam. Karena yang paling senang adalah makan sore hari sampai malam",0.9652177095413208
"Menu sing dhewe pesen urang, sapi, sapo kabehane enak, sampurna dimasake, rasane pas, kuwalitase dhuwur. Panggonane amba, pelayanane oke tenan. Kabehane grapyak lan grapyak karo bocah-bocah","Menu yang kita pesan udang, sapi, sapo semuanya enak, sempurna dimasaknya, rasanya pas, berkualitas tinggi.  Tempat luas, pelayanan oke banget. Semuanya ramah dan ramah sama anak-anak","Menu yang disajikan sangat lezat, mulai dari urang, sapi, sapo semuanya enak, dimasak dengan sempurna, rasanya pas, kualitasnya tinggi. Tempatnya luas, pelayanannya oke sekali. Semuanya rapi dan nyaman bersama anak-anak",0.9395830035209656
"Kesel ngantri, kesel golek panggon lungguh, kesel lungguh. Dinggo sing ora nduwe wektu suwe lan wis keluwen, mending ora mrene. Aku mrene pas liburan bodo panganan ning ruko-ruko kene uga rodok larang lan rasane standar.","Capek mengantre, capek mencari tempat duduk, cape duduk. Buat yang tidak punya waktu lama dan sudah kelaperan, mendingan tidak ke sini. Saya ke sini pas liburan lebaran makanan di ruko-ruko sekitar sini juga rada mahal dan rasanya standar.","Bosan mengantri, bosan mencari tempat duduk, bosan duduk. Bagi yang tidak memiliki waktu lama dan sudah bosan, lebih baik tidak usah. Aku mencobanya saat liburan dan tidak suka makanan di ruko-ruko ini, juga harganya mahal dan rasanya standar.",0.9243847727775574
"Warung mangan nduwe suasana sing nyaman karo gaya kampung lawas. Luwih sekeco diparani wektu sore sampek dina wengi ning kahanan sing luwih romantis karo cahyaning remeng-remeng saka obor lan geni unggun. Panganan sing disajikne rena-rena, mulai panganan indonesia sampek panganan eropa serba ana. Cocok sanget kanggo ngentekne wektu karo kanca lak keluarga.",Resto ini memiliki suasana yang nyaman dengan gaya kampung tradisional. Lebih cocok dikunjungi saat sore hingga malam hari di suasana lebih romantis dengan cahaya temaram dari obor dan api unggun. Makanan yang disajikan bervariasi mulai makanan indonesia sampai european makanan serba ada. Sangat cocok untuk menhabiskan waktu bersama teman atau keluarga.,"Warung makan ini memiliki suasana yang nyaman dengan gaya kampung lawas. Lebih romantis lagi jika dikunjungi saat sore hingga malam hari dengan suasana yang lebih romantis dan cahaya remang-remang dari obor dan api unggun. Makanan yang disajikan juga beragam, mulai dari makanan Indonesia hingga makanan Eropa semua ada. Sangat cocok untuk menghabiskan waktu dengan teman atau keluarga.",0.9461166858673096
"Menu masakan sing disajekne lumayan rena-rena karo rasa sing lumayan enak, kabehe pelayan lan wektu pelayanane ya cukup apik dadi awakdewe wareg mangan awan ning kana, mung nata panggene restoran sing mestere rena-rena munggah - mudun dadi kudu luwih ngati-ati dinggo wong tua lan bocah cilik, muga-muga isa luwih ditingkatne pelayanane lan rena-rena menune. Sukses terus kanggo boemi mitoha.","Menu masakan yang disajikan lumayan bervariasi dengan rasa yang lumayan enak, jumlah pelayan dan waktu pelayanannya pun cukup baik sehingga kami puas makan siang di sana, hanya tata letak restoran yang lantainya bervariasi naik - turun sehingga harus ekstra hati-hati untuk orang tua dan anak kecil, semoga bisa semakin ditingkatkan pelayanan dan variasi menunya. Sukses selalu untuk boemi mitoha.","Menu makanan yang disajikan cukup bervariasi dengan rasa yang cukup enak, semua pelayan dan waktu pelayanannya juga cukup baik sehingga membuat kami nyaman makan di sana, hanya saja letak restoran yang kurang strategis karena banyak tangga sehingga harus lebih berhati-hati untuk orang tua dan anak kecil, semoga bisa lebih ditingkatkan pelayanan dan variasi menunya. Sukses terus untuk pemilik restoran.",0.9610782861709595
"Tagihan mencolot loro kali lipat amarga promo entek tanpo kabar, ora bener iki.","Tagihan melonjak dua kali lipat gara-gara promo habis tanpa pemberitahuan, tidak benar ini.","Tagihan membengkak tiga kali lipat karena promonya habis tanpa pemberitahuan, ini tidak benar.",0.9641889333724976
Njaluk informasine babagan daftar rega klambi kang didhol.,Minta informasi tentang daftar harga baju yang sedang dijual,Mohon informasinya tentang daftar harga pakaian yang dijual.,0.9271785020828247
Aku tansaya sengit karo jne amarga pangirimane mesthi telat,Saya semakin membenci jne karena pengirimannya selalu telat,Aku semakin kesal dengan mereka karena pengiriman selalu tertunda,0.9051052927970886
"Ora koyo warung mangan lan kafe biasane, konsep panggonane digawe unik. Akeh lampu-lampu, gambaran, semiantik. Panganan lan ombenane lumayan pas enak, sing garai kaget pas ndelok daftar menune. Ragene wuooow pas banget ning sak. Lan sing mesti rega mirah ora nggarai rasane maleh seje, pancet enak lan berkualitas.","Tidak seperti kebanyakan restoran dan kafe lain, konsep tempatnya dibuat unik. Banyak lampu-lampu, lukisan, semi antik. Makanan dan minuman lumayan cukup enak, yang buat kaget pas melihat daftar menunya. Harganya wuooow pas banget di kantong. Dan yang pasti harga murah tidak buat rasa jadi beda, tetap enak dan berkualitas.","Tidak seperti warung makan dan kafe biasanya, konsep tempatnya dibuat unik. Banyak lampu-lampu, gambar-gambar, dan semuanya antik. Makanan dan minumannya cukup enak, yang membuat kaget saat melihat daftar menu. Harganya wow sangat pas dan worth it. Dan yang pasti harga yang mahal tidak membuat rasa menjadi kurang enak, malah sebaliknya, sangat enak dan berkualitas.",0.9470651745796204
"Ana ing lantai 1 hotel yaiku lantai paling dhuwur, nyajikake pemandangan luar biasa ing arah bukit sing dithukuli wit-witan. Seger, resik, penak, luar biasa!","Terletak di lantai 1 hotel yang merupakan lantai tertinggi, menyajikan pemandangan luar biasa ke arah bukit yang ditumbuhi pepohonan. Segar, bersih, nyaman, luar biasa!","Di lantai 1 hotel yang merupakan lantai paling tinggi, menawarkan pemandangan luar biasa ke arah bukit yang ditumbuhi pohon-pohon. Sejuk, bersih, tenang, luar biasa!",0.9676051735877991
Sakdurunge aku lan pasangan mulih marang jakarta. Aku mampir ndhisik ing restoran iki. Pemandangane apik lan panganane uga murah meriah. Rekomendasi tenan,Sebelum saya dan pasangan pulang ke jakarta. Saya mampir dahulu ke restoran ini. Pemandangannya keren dan makanannya pun murah meriah. Rekomendasi sekali,Sebelum aku dan pasangan kembali ke Jakarta. Aku mampir dahulu di restoran ini. Pemandangannya bagus dan makanannya juga murah meriah. Rekomendasi banget,0.9776216745376587
Ngerasa bosen loh karo sakabehane. Bosen tenan ngelakokake rutinitas sing ngono-ngono wae.,Merasa jenuh loh sama semuanya. Bosen sekali melakukan rutinitas yang gitu-gitu saja.,Merasa bosan saja dengan semuanya. Bosan sekali melakukan rutinitas yang gitu-gitu saja.,0.9608785510063171
Eman kothake sing tekan lumayan penyok,Sayang kotaknya yang sampai agak penyok,"Sudahlah, aku yang sudah terluka parah seperti ini",0.851080060005188
Kapisan njajal uwis disuguhi karo lalaine pelayan sing marakake dhewe ngenteni suwi wae 4 lagu marcell. Banjur uwis suwi ya ora sida pesenlah. Ora peduli arep enak kaya ngapa yen pelayanane elek karepe sing jenenge rasa.,Pertama mencoba sudah disuguhi dengan kelalaian pelayan yang bikin kita menunggu lama aja 4 lagu marcell. Terus sudah lama ya tidak jadi pesanlah. Tidak peduli mau enak kayak apa kalau pelayanannya buruk terserahlah yang namanya rasa.,"Pertama kali mencoba sudah disuguhi oleh kelakuan pelayan yang membuat saya menunggu lama, 4 lagu Marcell sudah selesai. Setelah lama baru bisa pesan. Tidak peduli mau enak atau tidak, jika pelayanannya jelek maka yang namanya rasa tidak akan ada.",0.9278082251548767
"Sego rawone enak banget, regane murah. Cedak universitas parahyangan. Panggonane unik nganggo kayu-kayu.","Nasi rawonnya sangat enak, harga terjangkau. Dekat universitas parahyangan. Tempatnya unik dengan kayu-kayu.","Nasi rawonnya enak sekali, harganya murah. Letaknya di dekat universitas Parahyangan. Tempatnya unik karena menggunakan kayu-kayu.",0.9642179608345032
"Pesen soto karo iga bakar, ditambah suwasana sing adem. Rasane enak lan dilayani kanthi grapyak karo mbak diah, tisna, echa. Uwis ping pindo teka mrene lan mesthi marem karo kualitas panganan lan pelayanan:","Order soto sama iga bakar, ditambah suasana yang dingin. Rasanya enak dan dilayani dengan ramah sama mbak diah, tisna, echa. Sudah dua kali datang ke sini dan selalu puas dengan kualitas makanan dan pelayanan:","Pesan soto dengan iga bakar, ditambah suasana yang adem. Rasanya enak dan dilayani dengan cepat oleh mbak Dia, Tisna, Echa. Sudah kedua kali kesini dan pasti akan kembali karena kualitas makanan dan pelayanan:",0.9513897895812988
"Youtube akeh banget manfaate. Isa nonton film, ngrungokake lagu, kala-kala kanggo sinau.","Youtube banyak sekali manfaatnya. Bisa nonton film, dengar lagu, kadang untuk belajar.","Youtube memiliki banyak manfaat. Bisa menonton film, mendengarkan lagu, dan terkadang untuk belajar.",0.9656543135643005
"Udan ing dina isuk tenan marakna kesel, macet lan rega ojol dadi tenan ora isa dikendalikake marakna eneg","Hujan di pagi hari sungguh sangat kesal, macet dan harga ojol jadi super tak terkendali bikin eneg","Hujan di pagi hari benar-benar membuat kesal, macet dan harga ojek menjadi tidak terkendali sehingga membuat bosan",0.9378488659858704
"Panganane lumayan enak-enak ing hawa anyes lan akeh variasine mulai saka restoran burangrang, saung purbasari lan area foodcourte.","Makanannya lumayan enak-enak di udara dingin dan banyak variasinya dari mulai restoran burangrang, saung purbasari dan area foodcourtnya.","Makanannya lumayan enak-enak di hawa yang sejuk dan banyak variasinya mulai dari restoran burangrang, saung purbasari dan area foodcourt.",0.9829877018928528
Tulung golekake alamat uwong iki. Bakal aku jak duel kaya uwong lanang nganggo samurai. Deknen uwis ngece ibuku sing paling aku tresnani lan hormati.,Tolong carikan alamat orang ini. Akan saya ajak duel secara jantan pakai samurai. Dia telah menghina ibuku yang paling aku cinta dan hormati.,Tolong carikan alamat orang ini. Aku akan menjadikannya lawan duel seperti laki-laki yang menggunakan samurai. Karena dia telah menantang ibuku yang paling aku cintai dan hormati.,0.9424855709075928
"Panggon ngombe kopi cedek kampus UI, vietnamese kopi -ne enak, regane relatif sedeng, cocok dinggo ngontemplasi karo nggarap tesis","Tempat minum kopi dekat kampus UI, vietnamese kopi -nya enak, harganya relatif sedang, cocok untuk berkontemplasi sembari mengerjakan tesis","Tempat ngopi di dekat kampus UI, kopi vietnam-nya enak, harganya relatif terjangkau, cocok untuk kontemplasi dan mengerjakan tesis",0.9559902548789978
"Panganane enak, lan pemandangane apik tenan,. Mung sing menyang lawangwangine kurang dadi ora kabeh uwong bisa ngerti yen lawangwangi ana nang kono kajaba wong sek lewat.","Makanannya enak, dan viewnya amazing,. Hanya sing menuju lawangwanginya kurang jadi tidak semua orang bisa tahu ada lawangwangi di situ kecuali orang yang lewat.","Makanannya enak, dan pemandangannya sangat bagus. Hanya sayang akses jalannya kurang, sehingga tidak semua orang bisa tahu bahwa ada lawangwangi di sana kecuali orang yang lewat.",0.955927312374115
Aku mulai usaha lan ora tau wedi gagal.,Saya memulai usaha dan tidak pernah takut gagal.,Aku memulai usaha dan tidak takut gagal.,0.9795350432395935
Panggonan mangan kanthi nuansa doraemon. Rega panganane murah lan akeh pilihan. Panggonane ora patia amba nanging nyaman. Nang lantai 2 digawe kaya kamare nobita lkp kanthi meja sinau mesin waktu lan lawang nang ndi wae. Akeh golekan doraemon lan komik-komik sek isa diwaca sawetara ngenteni panganan. Kajaba iku sinambi ngrasakake panganane dhewe isa nonton film doraemon. Anakku seneng mangan. Lanjutan,Tempat makan dengan nuansa doraemon. Harga makanannya murah dan banyak pilihan. Tempatnya tidak terlalu luas tapi nyaman. Di lantai 2 di buat menyerupai kamar nobita lkp dengan meja belajar mesin waktu dan pintu ke mana saja. Banyak boneka doraemon dan komik-komik yang bisa dibaca saat menunggu makanan. Selain itu sambil menikmati hidangan kita bisa menonton film doraemon. Anak saya senang makan. Lanjutan,"Tempat makan dengan nuansa Doraemon. Harga makanannya murah dan banyak pilihan. Tempatnya tidak terlalu luas tapi nyaman. Di lantai 2 dibuat seperti kamar Nobita dengan meja belajar, mesin waktu, dan pintu yang unik. Banyak boneka Doraemon dan komik-komik yang bisa dibaca sambil menunggu makanan. Selain itu, sambil menikmati makanan bisa menonton film Doraemon. Anakku senang makan. Lanjutan",0.9632784128189087
"Aku nyang kafe dipakar bareng keluarga, pemandangane pancene keren banget. Panganane uga eco-eco. Dinggo nyantai nikmati sing disajikne lan pemandangane ning dipakar nyenengna banget. Awakdewe mrana dina minggu, lan rame banget sing dolan. Nanging ora ngenteni suwe, awakdewe langsung entuk meja. Dinggo panganan, bar awakdewe pesen ora kudu ngenteni suwe, panganan wis teka. Dinggo foto-foto uga apik banget.","Saya ke kafe dipakar bersama keluarga, pemandangannya memang keren banget. Makanannya juga enak-enak. Untuk bersantai menikmati sajian dan pemandangan di dipakar sangat menyenangkan. Kami ke sana hari minggu, dan sangat ramai pengunjung. Tapi tidak menunggu lama, kami langsung dapat meja. Untuk makanan, setelah kita order tidak perlu menunggu lama, makanan sudah datang. Untuk foto-foto juga sangat bagus.","Aku pergi ke kafe bersama keluarga, pemandangannya sangat keren. Makanannya juga enak. Enaknya bersantai menikmati yang disajikan dan pemandangannya di kafe sangat menyenangkan. Kami datang pada hari minggu, dan sangat ramai orang yang berkunjung. Namun tidak perlu menunggu lama, kami langsung mendapatkan meja. Untuk makanan, setelah kami pesan tidak perlu menunggu lama, makanan sudah datang. Untuk foto-foto juga sangat bagus.",0.9665396213531494
"Ora salah maneh iki kafe modern salah siji senengane wong depok kanggo mangan, nglumpuk tenanan panggone nyaman soale.","Tidak salah lagi ini kafe modern salah satu favorit warga depok buat makan, berkumpul seriusan tempatnya nyaman soalnya.","Tidak salah lagi, kafe modern ini salah satu tempat favorit warga Depok untuk makan, karena tempatnya yang nyaman.",0.9542940258979797
Kesel wae karo kelakuan nyinyir terus kelompok sebelah.,Kesal saja dengan kelakuan nyinyir terus kelompok sebelah.,Capek saja dengan kelakuan nyinyir terus dari kelompok sebelah.,0.9642481207847595
"Aku seneng mangan ning kene merga menu iwak pitike enak lan empuk, sambele pas ning ilat lan kahanane restorane uga nyaman. Liyane iku pelayanane uga apik lan regane mirah.","Saya suka makan di sini karena menu ayamnya enak dan empuk, sambal pas di lidah dan suasana restorannya juga nyaman. Selain itu pelayanan juga bagus dengan harga terjangkau.","Aku senang makan di sini karena menu ikan patinnya enak dan empuk, rasanya pas di lidah dan keadaan restorannya juga nyaman. Yang lain adalah pelayanannya juga baik dan harganya murah.",0.9616895914077759
Aku ki wis kesel arep nesu-nesu. Ben aku dewe ae wis sing njupuk maneh pakete lan tak kirim lewat ekspedisi liya ae. Gela pol embuh ping pira.,Gue itu sudah capek mau marah-marah. Biar gue sendiri aja deh yang ambil lagi paketnya dan gue kirim via ekspedisi lain saja. Kecewa berat entah keberapa kalinya.,Aku sudah kesal ingin marah-marah. Tapi aku sendiri sudah tidak mau lagi mengambil paket dan mengirimnya lewat ekspedisi lain. Saking lelahnya sudah tidak tahu berapa kali.,0.9128375053405762
"Reunion house iki wis tenan direkomendasikake kanggo mangan awan nang bandung. Panggonane kepenak, asyik kanggo nyantai guyonan karo sapa bae. Menune uga oke tenan.","Reunion house ini direkomendasikan banget buat makan siang di bandung. Tempatnya nyaman, asyik buat santai mengobrol bareng siapa saja. Menunya juga oke banget.","Rumah pertemuan ini sangat direkomendasikan untuk makan malam di Bandung. Tempatnya nyaman, asyik untuk bersantai dan bercanda dengan siapa saja. Menunya juga oke sekali.",0.9524988532066345
Dingge meruhi promo-promo sing lagi ana ning tokopedia awakmu isa marani halaman iki.,Untuk mengetahui promo-promo yang sedang berlangsung di tokopedia kamu dapat mengunjungi halaman berikut.,"Cek promo-promo yang sedang berlangsung di Tokopedia, kamu bisa mengunjungi halaman ini.",0.9600690007209778
"Jarene jam iki anti banyu, nanging dienggo renang tok uwis mati","Katanya jam ini water resist, tapi dipakai berenang doang sudah mati","Hari ini hujan, tapi saya tetap berenang, malam ini saya sudah mati",0.9027910828590393
Suasane asri. Akeh sing dodolan panganan. Panggonan sing nggo nongkrong lan kafene cocok kanggo kunjungan. Dhewe ndhuwe wektu belanja ing supermarket. Regane uga ora larang. Suasanane ing njero malle penak. Acne anyeslah. Lan barang-barang merekane mantap tenan lan akeh potongan rega,Suasananya asri. Banyak jualan makanan. Tempat nongkrong dan cafenya cocok untuk berkunjung. Kami sempat belanja disupermarket. Harganya juga tidak mahal. Suasana di dalam mallnya nyaman. Acnya dinginlah. Dan barang-barang brandednya mantap sekali dan banyak diskon,Suasana asri. Banyak yang menjual makanan. Tempat yang nyaman untuk nongkrong dan kafe sangat cocok untuk dikunjungi. Anda juga memiliki waktu berbelanja di supermarket. Harganya juga tidak mahal. Suasana di dalam mall sangat menyenangkan. Tidak membosankan. Dan barang-barang mereknya sangat bagus dan banyak diskon harga,0.9439881443977356
Pemikirane sempit nanging ngrumangsa paling bener mangkel banget aku,Pemikiran sempit tapi sok benar kesal banget aku,Pemikirannya sempit tapi sangat menyakitkan dan membuat aku sangat kesal,0.9243179559707642
Sek foto karo uwong kuwi udu adike bang doni. Jijik ah foto karo uwong kuwi.,Yang foto sama orang itu bukan adik bang doni. Jijik ah foto sama orang itu.,"Saya tidak suka berfoto dengan orang itu, saya merasa jijik dengan orang itu.",0.8835400342941284
"Sakwijining musibah lagi wae kena kampung adat ning bajawa, flores. Kebakaran gedhe sing kadadean ing senin 13 / 8 sore ameh ngobongake kabeh kampung. Total 27 saka 33 omah adat sing ana entek dipangan geni bareng kabeh crita lan sejarahe.","Sebuah musibah baru saja menimpa kampung adat di bajawa, flores. Kebakaran hebat yang terjadi pada senin 13 / 8 sore hampir menghanguskan seluruh kampung. Total 27 dari 33 rumah adat yang ada habis dilalap api bersama semua cerita dan sejarahnya.","Musibah lainnya kembali menimpa kampung adat di Bajawa, Flores. Kebakaran besar yang terjadi pada Senin 13/8 sore membakar habis seluruh kampung. Total 27 dari 33 rumah adat yang ada habis terbakar bersama semua cerita dan sejarahnya.",0.9490044116973877
Marang rene wektu acara kantor. Ana musik langsung. Menu aneka werna. Cocok yen lunga rame-rame nanging selerane beda-beda. Ramene enak.,Ke sini waktu acara kantor. Ada live musik. Menu beragam. Cocok kalau pergi ramai-ramai tapi seleranya beda-beda. Ramennya enak.,Saya pergi ke acara kantor. Ada musik langsung. Menu beraneka ragam. Cocok jika pergi ramai-ramai namun selera masing-masing berbeda-beda. Ramenya enak.,0.956466555595398
"Aku karo keluarga mangan mbengi nang panggonan iki amarga kajaba iku menu utamane batagor uga ana menu liyane. Aku mung mesen 2 menu sek akhire teka sakwise 45 menit, kuwi sakwise  kaping pirang-pirang aku takon. Seko rasane sawetara seko menu sek sakwise aku jajal lumayan enak. Sarane sakdhurunge pesen luwih apik takon ndhisik regane piro suwi orane nggawe menu kang dipesen.","Saya bersama keluarga makan malam di tempat ini karena selain menu utama batagor terdapat menu lain. Saya hanya memesan 2 menu yang akhirnya datang setelah 45 menit, itu pun setelah beberapa kali saya tanyakan. Dari segi rasa beberapa menu yang sebelumnya pernah saya coba lumayan enak. Saran sebelum memesan lebih baik tanyakan berapa lama pembuatan menu yang dipesan","Aku dengan keluarga makan malam di tempat ini karena selain menu utamanya batagor, juga ada menu lain. Aku hanya memesan 2 menu, tapi akhirnya datang setelah 45 menit, setelah beberapa kali aku tanyakan. Sayangnya, rasa beberapa menu tidak sesuai dengan yang aku harapkan, tapi setelah aku mencobanya, lumayan enak. Saranku sebelum memesan lebih baik bertanya dulu tentang harganya, jangan sampai seperti aku yang tidak mengetahui harga dan waktu pembuatan menu yang dipesan.",0.9365940093994141
Paket wis ditampa. Rodok gela merga pesen werna ireng dikirim werna kuning.,Paket sudah diterima. Sedikit kecewa karena order warna hitam dikirim warna kuning.,Paket sudah diterima. Tapi saya kecewa karena yang dipesan warna hitam dikirim warna kuning.,0.9518957138061523
"Aku saka bali, dilalah pas dolan menyang kutho bandung, pas ning sanding kantor gubernur jawa barat alias cedeke gedung sate, awakdewe disarane mangan ning bancakan merga cedek. Bar mlebu awakdewe dikeki piring saka komplong sing wis ora apik eneh, kayake karaten. Akhire awakdewe milih panganan sing awakdewe sir, lan atusan laler miber teka ngendi-ngendi merga wis kadung awakdewe ya pancet mangan. Nggilani pol.","Saya dari bali, kebetulan sedang liburan ke kota bandung, ketika sedang di dekat kantor gubernur jawa barat alias dekat gedung sate, kami di-suggest makan di bancakan karena dekat. Setelah masuk kami pun diberi piring dari kaleng yang sudah tidak bagus lagi, sepertinya berkarat. Akhirnya kami memilih makanan yang kami suka, dan ratusan lalat beterbangan ke mana mana karena sudah terlanjur kami pun tetap makan. Sangat jijik","Aku dari Bali, kebetulan sedang bermain ke kota Bandung, saat itu berada di depan kantor gubernur Jawa Barat atau yang disebut gedung sate, kami disarankan untuk makan di bancakan karena murah. Saat kami masuk, kami diberi piring dari kompor yang sudah tidak baik, seperti keratan. Akhirnya kami memilih makanan yang kami suka, dan setelah beberapa lama, kami merasa tidak enak karena sudah kenyang makan. Sakit perut.",0.9242976903915405
Ndelok sinetron ae anyak waleh opomeneh nonton isu apus-apus sing diramalke.,Nonton sinetron saja mulai bosan apalagi menonton isu bohong yang diramalkan.,Saya suka menonton sinetron yang banyak adegan komedinya sehingga membuat saya tertawa terus.,0.8882861137390137
Aku tuku werna-werna roti. Piliane akeh nanging rasane biasa wae. Rotine garing kaya uwis pirang-pirang dina. Ora seger. Pelayanane uga suwi. Nguciwakake.,Saya beli berbagai macam roti. Pilihannya banyak tapi rasanya biasa saja. Rotinya kering seperti sudah berhari-hari. Tidak segar. Pelayanannya juga lama. Mengecewakan.,Aku membeli berbagai roti. Pilihannya banyak tapi rasanya biasa saja. Rotinya kering seperti sudah berhari-hari. Tidak segar. Pelayanannya juga lambat. Mengesalkan.,0.9788297414779663
Aja lali ngombe banyu mineral 8 -- 10 gelas saben dinane.,Jangan lupa minum air mineral 8 -- 10 gelas per harinya.,Jangan lupa minum air mineral 8 - 10 gelas setiap harinya.,0.9858589172363281
"Panggonane sing apik ing cedak ndhuwur bukit, bisa ndhelok pemandangan kutha saka ndhuwur.","Tempatnya yang indah di dekat atas bukit, bisa lihat pemandangan kota dari atas.","Lokasinya yang strategis di atas bukit, bisa melihat pemandangan kota dari atas.",0.9738660454750061
"Numpak grab, mase crita sing wingi kena balangan watu ing dalan.Juanda pas badha jebule anake kancane","Naik grab, abangnya cerita yang kemarin kena lemparan batu di jalan.Juanda saat lebaran ternyata anak temannya","Naik grab, tadi ada kecelakaan tabrakan batu di jalan. Juanda pas itu baru saja jadi korban temannya",0.9036461114883423
Sakkelompok mahasiswa sing bodo. Syukur aku udu mahasiswa daerah kono. Isin woy.,Sekelompok mahasiswa yang bodoh. Syukur deh gue bukan mahasiswa daerah situ. Malu woy.,Sebuah kelompok mahasiswa yang bodoh. Syukur aku bukan mahasiswa daerah itu. Aku malu.,0.949987530708313
"Restone apik lan gede. Wektu marang rene pas mangan siang lan dina minggu rame tenan pengunjung. Panganane enak enak, gurame goreng lan sambele mantep.","Restonya bagus dan besar. Waktu ke sini saat makan siang dan hari minggu ramai sekali pengunjung. Makanannya enak enak, gurame goreng dan sambalnya mantap.","Restorannya bagus dan besar. Waktunya pas makan siang dan hari minggu ramai pengunjung. Makanannya enak, gurame goreng dan sambalnya mantap.",0.974227249622345
"Aku klebu salah siji wong sing cukup setia karo kampung daun kat awal bukak tahun 2003 lak ora salah, kualitas panganan awite eco, ket tambah rame lan tambah mrene, panganan sing dirumantekne ora koyo biasane lan arang kading sing ngelayani kesane cuek banget, awakdewe pesen rena-rena macem panganan nanging sing teko kondisine wis anyep lan ora sekeca blas, mung panggone sing apik.","Saya termasuk salah satu orang yang cukup setia dengan kampung daun dari awal buka di tahun 2003 kalau tidak salah, kualitas makanan awalnya oke, tapi semenjak makin ramai dan makin ke sini, makanan yang disajikan tidak seperti biasanya dan terkadang pelayan terkesan cuek sekali, kita mesan beberapa jenis makanan tapi yang datang sudah dengan kondisi dingin dan tidak menarik, tempat menarik.","Aku termasuk salah satu orang yang cukup setia dengan kampung daun sejak awal buka tahun 2003, tidak salah, kualitas makanannya awalnya cukup enak, tetapi semakin lama semakin ramai dan semakin menurun, makanan yang disajikan tidak seperti biasanya dan jarang ada yang melayani dengan baik, kami memesan beberapa jenis makanan tapi yang datang kondisinya sudah tidak enak dan tidak segar, hanya tempatnya yang bagus.",0.9385738968849182
Blanja ing Giant diskon 20% kanggo kartu kredit bca.,Belanja di Giant diskon 20% dengan kartu kredit bca.,Berbelanja di Giant diskon 20% untuk kartu kredit BCA.,0.9561255574226379
"Mas, dalan ning muara bulian anyar, lagek sesasian dibenakne, uwis rusak maneh. Sing nggarap kaya ora tenanan","Kang, jalan di muara bulian baru, baru sebulanan dibenarkan, sudah rusak lagi. Yang mengerjakan seperti tidak serius","Mas, jalan di muara bulian baru, yang tadinya indah di benaknya, sudah rusak. Yang mengelolanya seperti tidak bertanggung jawab",0.9239436984062195
"Pancen ora enak kejebak macet, nanging luwih ora enak meneh yen kejebak masa lalu","Memang enggak enak terjebak macet, tapi lebih tidak enak lagi kalau terjebak masa lalu","Memang tidak enak terjebak macet, tapi lebih tidak enak lagi jika terjebak di masa lalu",0.9856194853782654
"Sumpah, nyesel tenan nggawe orderan via aplikasi iki. Bisa-bisane tiket ekektronike ora ditokake. Lan proses konfirmasine suwi. Sakdurunge uwis ngalami babagan sing meh pada ing aplikasi sebelah, nanging layanane cepet tenan langsung wenehi solusi. Ora kudu nganti telepon layanan pelanggan ping 4.","Sumpah, menyesal sekali bikin orderan via aplikasi ini. Bisa-bisanya e - ticket tidak issued. Dan proses konfirmnya lama. Sebelumnya pernah mengalami hal yang hampir sama di aplikasi sebelah, tetapi pelayanannya cepat sekali langsung kasih solusi. Tidak harus sampai telpon layanan pelanggan 4 kali.","Saya bersumpah, sangat menyesal membuat pemesanan melalui aplikasi ini. Bisa-bisa tiket elektronik tidak diterbitkan. Dan proses konfirmasinya lama. Sebelumnya sudah pernah mengalami hal yang hampir sama di aplikasi lain, namun layanannya cepat dan langsung memberikan solusi. Tidak perlu menunggu sampai 4 kali menelepon layanan pelanggan.",0.9528137445449829
"Uwis aku kirim pesen langsunge, tulung ndang dicek","Sudah saya kirim pesan langsungnya, tolong segera dicek","Sudah aku kirim pesan langsung, tolong dicek",0.9670478105545044
"Aku nglakoni 5 transaksi ning tanggal 22 juni, kabeh ditolak nyatane kesuda saka rekening sampek 7 yuta, saka 5 transaksi lagek 3 transaksi sing dibalekne.","Saya melakukan 5 transaksi pada tanggal 22 juni, smuanya decline nyatanya terdebit dari rekening hampir 7 juta, dari 5 transaksi baru 3 transaksi yang dikembalikan.","Aku melakukan 5 transaksi pada tanggal 22 juni, semuanya ditolak, ternyata uangnya ditarik dari rekening sampai 7 juta, dari 5 transaksi hanya 3 transaksi yang dikembalikan.",0.9494296908378601
Mayoritas sing nganggo hak pilih ing pemilihan gubernur uwis nentukake pilian.,Mayoritas pengguna hak pilih di pemilihan gubernur telah menentukan pilihan.,Mayoritas yang menggunakan hak pilih dalam pemilihan gubernur telah menentukan pilihan.,0.9767125844955444
Wis ngenteni jne tibake dee tekane sesuk. Aku pengen nesu,Sudah menunggu jne ternyata dia datangnya besok. Ingin aku marah,"Sudah lama aku menunggu, kamu datang terlambat. Aku ingin marah",0.9008120894432068
"Spotify rumit, kudu nganggo administrasi wulanan mbarang","Spotify ribet, pakai ada administrasi bulanan segala","Spotify rumit, harus menggunakan administrasi bulanan yang merepotkan",0.9252985119819641
"Pengen mangan oreo wae ribet tenan, mesti diputer - dijilat - dicelupake","Mau makan oreo aja ribet banget sih, mesti diputer - dijilat - dicelupkan","Pengen makan oreo aja ribet banget, harus diputar - dijilat - dicelupkan",0.9686252474784851
"Ngapuro, udu mung nomerku sing kaya ngono, aku takon kabeh sing nganggo ing daerah kono, ngomongake babagan sing pada, isih uga ora gelem ngaku uga yen tenan sinyale sing elek","Maaf, bukan nomer saya saja yang begitu, saya tanya semua yang pakai di daerah situ, mengatakan hal yang sama, masih tidak mau ngaku juga kalau memang sinyalnya yang jelek","Tapi, hanya nomorku yang seperti itu, aku tanya semua yang menggunakannya di daerah sana, membicarakan tentang hal yang sama, masih juga tidak mau mengakui jika memang sinyalnya jelek",0.9404024481773376
"Kisaran siare tulung diambakake, amarga akeh daerah sing hurung isa nikmati siaran net. Matur suwun.","Jangkauan siarnya tolong diperluas, karena banyak daerah yang belum bisa menikmati siaran net. Terima kasih.","Banyak stasiun radio yang disiarkan, karena banyak daerah yang terpencil dapat menikmati siaran internet. Terima kasih.",0.9264285564422607
"Kok isa ditokne bangunan ing dhuwur kali, ing dalan saka rumah sakit menyang pasar Ciroyom, aneh.","Kok bisa dibiarkan bangunan di atas sungai, di jalan dari rumah sakit menuju pasar Ciroyom, aneh.","Bisa dibangun bangunan tinggi di atas kali, di jalan dari rumah sakit ke pasar Ciroyom, aneh.",0.975165843963623
"Krungu lambe saka lambe soal restoran iki, saking penasaran, aku jajal marani. Nanging sayange, lak menurutku biasa ae, ora kaya sing diceritakne wong-wong. Rasane ya biasa-biasa ae, ora sumbut karo regane. Kaya masakan sing tas sinau.","Dengar dari mulut ke mulut tentang restoran ini, saking penasaran, saya coba untuk berkunjung. Tapi sayang, kalau menurut saya, tidak seperti apa yang banyak diceritakan orang. Rasanya biasa-biasanya saja, tidak sesuai saja dengan harganya. Seperti masakan yang baru belajar.","Saya dengar dari mulut ke mulut soal restoran ini, karena penasaran, saya mencobanya. Namun sayangnya, menurut saya itu biasa saja, tidak seperti yang diceritakan orang-orang. Rasanya juga biasa-biasa saja, tidak sebanding dengan harganya. Mirip dengan masakan yang sudah pernah saya coba.",0.9501034617424011
Iphone iki. Kamerane peteng wassalam elek banget ora isa diandalake banget yen males nggawa kamera.,Iphone ini. Kamera gelapnya wassalam jelek banget tidak bisa diandalkan banget kalau malas bawa kamera.,"Hp ini. Kameranya gelap, parah, tidak bisa diandalkan sama sekali kalau malas bawa kamera.",0.9394921660423279
"Yen ora nduwe dhuwit kanggo tuku komik nanging uga pengen jagongan, teka bae marang rene. Koleksi komike komplit. Panganan ombenae sabenere mung fasilitas tambahan, nanging cukup lumayan. Regane uga murah khas mahasiswa.","Kalau tidak punya uang buat beli komik tapi juga ingin nongkrong, datang saja ke sini. Koleksi komiknya lengkap. Makanan minumannya sebenrnya hanya fasilitas tambahan, tapi cukup lumayan. Harganya juga murah khas mahasiswa.","Jika kamu tidak memiliki uang untuk membeli komik tapi juga ingin nongkrong, datang saja ke rene. Koleksi komiknya lengkap. Makanan dan minumannya sebenarnya hanya fasilitas tambahan, tapi cukup lumayan. Harganya juga murah khas mahasiswa.",0.9709356427192688
"Aduh pak kok seolah-olah manas-manasi kubu sisih seh? Ojo to pak, iku mengko deweke kabeh tambah cemburu, iren, pegel, nyinyir, mutung kayak bocah cilik, nesu-nesu ora jelas jluntrunge lan tambah bosok ae utek lan atine.","Aduh pak kok seolah-olah memanas - manasi kubu sebelah sih? Jangan dong pak, itu nanti mereka tambah cemburu, iri, dengki, nyinyir, ngambek kayak anak kecil, marah-marah tidak jelas juntrungannya dan makin busuk saja otak dan hatinya.","Aduh pak, kok seolah-olah memihak salah satu pihak saja? Jangan seperti itu pak, nanti mereka akan semakin cemburu, marah, lelah, mengeluh, berlaku seperti anak kecil, marah-marah tanpa jelas penyebabnya dan membuat pikiran dan hati semakin kusam.",0.9139131903648376
"Rekomendasi bangetlah. Cappucinone ketagihan, rega miring, lan valet parkir mbayar sakikhlase. Teka pas arep maghrib mesti luwih seru suwasanane.","Rekomendasi bangetlah. Cappuccinonya ketagihan, harga miring, dan valet parkir bayar seikhlasnya. Datang pas menjelang maghrib pasti lebih seru suasananya.","Sangat rekomended. Cappucinonya enak, harganya murah, dan valet parkirnya gratis. Datang saat sore hari menjelang maghrib pasti akan lebih seru suasannya.",0.9281800389289856
Oke bos masiyo hape ujug-ujug ngehank dewe sedina,"Oke bos, walau handphone tiba-tiba ngehank sendiri selama sehari",Baik bos masih ada handphone yang tiba-tiba mati sendiri sehari-hari,0.9048240780830383
Panggonan mangan kanthi suasana alam iki paling pas kanggo acara karo pasangan utawa karo kaluwarga. Panganane enak lan regane uga cukup kajangkau,Tempat makan dengan suasana alam ini paling tepat untuk acara dengan pasangan atau dengan keluarga. Makanannya enak dan harga juga cukup terjangkau,Tempat makan dengan suasana alam ini sangat cocok untuk acara dengan pasangan atau dengan keluarga. Makanannya enak dan harganya juga cukup terjangkau,0.9916394948959351
Yakin kuwi ikhlas? Tulus? Kuwi udu pencintraan tok ya?,Yakin itu ikhlas? Tulus? Bukannya itu hanya pencitraan saja ya?,Yakin itu tulus? Ikhlas? Itu hanya pencitraan bukan?,0.9430837631225586
"Aku melu lomba blog cinta rupiah bank indonesia - net media lan uwis nyubmit artikel nang 22 desember 2017 kepungkur, nanging sampek saiki status artikelku isih unpublished. Nyuwun tulung dijelasne.","Saya mengikuuti lomba blog cinta rupiah bank indoneisa - net media dan sudah men - submit artikle pada 22 desember 2017 lalu, tapi sampai sekarang status artikel saya masih unpublished. Mohon penjelasannya.","Saya mengikuti lomba blog cinta rupiah Bank Indonesia - Net Media dan sudah mengirimkan artikel pada tanggal 22 Desember 2017 yang lalu, namun sampai sekarang status artikel saya masih belum dipublikasikan. Mohon bantuan untuk menjelaskannya.",0.9305046200752258
"Kafe iki nyediakne panganan tradisional bergaya kafe cah nom. Liyane panggon sing nyaman, rega kelebu mirah lan kejangkau","Kafe ini menyediakan makanan tradisional bergaya kafe anak muda. Selain tempat yang nyaman, harga terbilang murah dan terjangkau","Kafe ini menyediakan makanan tradisional dengan gaya kafe modern. Selain tempat yang nyaman, harganya juga terjangkau dan murah.",0.9600614905357361
"Stasiun tv owol, ora konsisten, nguciwokake panyengkuyunge persib - persiba, ora ndhuwe welas asih marang manungsa! Owol, lan cupu!","Stasiun tv payah, tidak konsisten, mengecewakan pendukung persib - persiba, tidak berprikemanusiaan! Payah, dan cupu!","Stasiun tv goblok, tidak konsisten, menghina pertandingan Persib - Persiba, tidak memiliki belas kasih terhadap manusia! Goblok, dan bodoh!",0.9155007004737854
"Panggone nyaman lan kesane adem. Satene uga enak lan ana menu liyane maneh ning panggon iki, ora mung sate","Tempatnya nyaman dan berkesan adem. Satenya juga enak dan ada menu lainnya lagi di tempat ini, tidak hanya sate","Tempatnya nyaman dan suasananya adem. Satenya juga enak dan ada menu lain lagi di tempat ini, tidak hanya sate",0.9886014461517334
"Pemandangane apik kanggo foto-foto, hawane sejuk, panganane rasane enak. Rega uga kajangkau. Mantep.","Pemandangannya bagus untuk foto-foto, udaranya sejuk, makanannya rasanya enak. Harga juga terjangkau. Mantap.","Pemandangannya bagus untuk foto-foto, udaranya sejuk, makanannya rasanya enak. Harganya juga terjangkau. Mantap.",0.9982768297195435
Adikku seneng banget brownis primarasa,Adikku sangat suka brownis primarasa,Adikku sangat senang brownis Primarasa,0.9570452570915222
Akeh klambi lan celono sing didol ning matahari mal,Banyak baju dan celana yang dijual di matahari mal,Banyak baju dan celana yang dijual di bawah sinar matahari,0.9318098425865173
"Minimal internetku pedhot dumadakan, 1 omah nganggo simpati kabeh semono uga ora isa nyambung internet","Minimal internet saya putus tiba-tiba, 1 rumah pakai simpati semua begitu juga tidak bisa connect internet","Internetku tiba-tiba putus, 1 rumah menggunakan simpati semuanya juga tidak bisa terhubung internet",0.949607253074646
Kaskus pancen kerep menehi informasi sing menarik lan paling anyar,Kaskus memang sering memberikan informasi yang menarik dan terbaru,Kaskus memang sering memberikan informasi yang menarik dan paling baru,0.9830064177513123
"Aku paling ora seneng kuwi, yen nyepaki pemilu, suasane tansah panas.","Saya paling tidak suka itu, kalau mendekati pemilu, suasananya selalu memanas.","Aku tidak suka hal itu, jika membicarakan pemilu, suasana selalu panas.",0.9464665055274963
"Lumayan nyesel karo kaputusan mlebu jurusan film, pengen mlebu seni rupa sakasline. Nanging ragu karo bakar sing didhuweni.","Agak menyesal dengan keputusan masuk jurusan film, ingin masuk seni rupa sebenarnya. Tapi ragu dengan bakat yang dimiliki.","Cukup menyesal dengan keputusan memilih jurusan film, ingin memilih seni rupa saja. Namun ragu dengan biaya yang dikeluarkan.",0.9516143798828125
"Rasa bumbu sega gorenge ora seenak mbiyen maneh, cemplang lan luwih asin. Kudu ana sing ngontrol kualitas rasa ben kualitas tetep siyaga.","Rasa bumbu nasi gorengnya tidak seenak dulu lagi, terkesan hambar dan lebih asin. Perlu ada pengontrol kualitas rasa agar kualitas tetap terjaga.","Rasa bumbu nasi goreng tidak seenak dulu lagi, hambar dan terlalu asin. Harus ada yang mengontrol kualitas rasa agar kualitas tetap terjaga.",0.9713190793991089
"Sesuai rekomendasi, aku njajal mie goreng spesial lan rasane menurutku biasa banget ae lan kurang cocok ning ilat","Sesuai rekomendasi, saya mencoba mie goreng special dan rasanya menurut saya sangat biasa saja dan kurang cocok di lidah","Sesuai rekomendasi, aku mencoba mie goreng spesial dan rasanya menurutku biasa saja dan kurang cocok di lidah",0.9827800989151001
"Baksone enak kanggo dipangan, panggonane resik penyajiane panganan bakso sek caraku beda. Enak banget deh","Baksonya enak buat di makan, tempat bersih penyajian makanan bakso yang menurut saya beda. Enak banget deh","Baksonya enak untuk dimakan, tempatnya bersih penyajian makanan bakso sangat berbeda. Enak banget deh",0.9688993692398071
Pelakune aja diserahake karo pak polisi. Kubur urip-urip bae.,Pelakunya jangan diserahkan sama pak polisi. Kubur hidup-hidup saja.,Pelakunya diserahkan kepada polisi. Kubur hidup-hidup saja.,0.9652299880981445
"Nggelakne banget, aku pesen tiket lan uwis tak bayar, padahal wektu iku urung kadaluwarsa pas aku transfer, nanging nganti saiki urung dikeki kode bookinge, malah dikeki notifikasi uwis kadaluwarsa, banjur duwite mlayune neng ngendi, pas aku hubungi liwat email gur ditanggepi pisan wae.","Sangat mengecewakan, saya pesan tiket dan sudah saya bayar, padahal waktu itu belum kadaluarsa pas saya transfer, tapi sampai sekarang belum dikasih kode bookingnya, malah dikasih notifikasi sudah kadaluarsa, lalu uangnya larinya ke mana, pas saya hubungi lewat email hanya ditanggapi sekali saja.","Sangat tidak profesional, saya sudah memesan tiket dan membayar, padahal waktu itu belum kadaluarsa saat saya melakukan transfer, tapi sampai sekarang belum dikirim kode booking, malah dikirim notifikasi bahwa sudah kadaluarsa, uangnya menghilang entah kemana, saat saya hubungi lewat email tidak ditanggapi sama sekali.",0.9488024115562439
"Lho nemene jne! Aku nelpon ora diangkat, tweet ora dibales, email ora dibales, pesen ora dibales!","Loh parahnya jne! Saya nelepon tidak diangkat, tweet tidak dibalas, email tidak dibalas, pesan tidak dibalas!","Hai, kenapa begitu! Aku menelepon tidak diangkat, tweet tidak dibalas, email tidak dibalas, pesan tidak dibalas!",0.9612396359443665
"Gela rasane karo pelayanan sing diwenehi hotel bintang papat iki. Pas aku nginep ning hotel iku, aku entuk perlakuan kurang ngenakne saka pelayan sing ana. Ditambah maneh karo jeding e sing ora ana tisune. Padahal regane lumayan larang. Nanging ora sesuai karo pelayanan sing diwenehne.","Kecewa rasanya dengan pelayanan yang diberikan hotel bintang empat ini. Saat saya menginap di hotel itu, saya mendapat perlakuan kurang mengenakkan dari pelayan yang ada. Ditambah lagi dengan kamar mandi yang tidak ada tisunya. Padahal harganya lumayan mahal. Tapi tidak sesuai dengan pelayanan yang diberikan.","Saya kecewa dengan pelayanan yang diberikan hotel bintang empat ini. Ketika saya menginap di hotel itu, saya mendapatkan perlakuan yang kurang menyenangkan dari pelayan yang ada. Ditambah lagi dengan fasilitas yang tidak memadai. Padahal harga yang mereka tawarkan cukup mahal. Namun tidak sesuai dengan pelayanan yang mereka berikan.",0.960065484046936
"Saka mambengi kok ora iso dienggo, layanan indosat kok kaya ngene. Ndaftar extra 2 gb 10 ewu ora isa-isa, eman-eman pulsaku malah entek ora isa dienggo apa-apa.","Dari semalam kok tidak bisa dipakai, layanan indosat kok kayak gini. Daftar extra 2 gb 10 ribu tidak bisa-bisa, sia-sia pulsa saya malah habis tidak dipakai apa-apa.","Saya membeli paket tidak bisa digunakan, layanan Indosat kok seperti ini. Daftar extra 2 GB 10 ribu tidak bisa dipakai, uang saya habis percuma tidak bisa digunakan untuk apa-apa.",0.9402602910995483
"Panggonane lumayan asik, parkiran kasusun rapi. Gabungan sing aneh nanging enak, steak dikancani mi tak tak pedes banget. Hm.","Tempatnya lumayan asik, parkiran di susun rapi. Perpaduan yang aneh tapi enak, steak ditemani mi tak tak super pedas. Hm.","Tempatnya lumayan asyik, parkirannya rapi. Perpaduan yang aneh tapi enak, steak disajikan dengan mi yang tidak terlalu pedas. Hm.",0.9537225961685181
"Koyoke isuk iki macet banget yo, wis tur ning bis luwih saka sejam, nanging ora sampek-sapek yok an.","Kayaknya pagi ini macet banget ya, sudah tur di bus lebih dari sejam, tetapi tidak sampai-sampai juga.","Hari ini pagi sangat macet, sudah lebih satu jam naik bis, tapi belum sampai juga.",0.9267618060112
"Aku pegel kat februari ditelpon mben dina ditelpon saka mnc tv. Aku ora tau langganan, aku ping bolak-balik nglarifikasi.","Saya kesal sejak februari ditelpon tiap hari di telpon dari mnc tv. Saya tidak pernah langganan, saya puluhan kali klarifikasi.","Aku lelah pada Februari aku ditelepon oleh MNC TV. Aku tidak tahu langganannya, aku terus meminta klarifikasi.",0.9108070731163025
Kemeruh banget to kowe mat. Ora usah sok-sokan ngekeki ceramah barang. Ceramahmu iku sesat.,Sok tahu banget sih lu mat. Tidak usah sok-sokan beri ceramah segala. Ceramah kamu sesat.,Kamu sangat kasar. Jangan sok tahu dengan seenaknya mengkritik orang lain. Ceramahmu itu menyimpang.,0.8857133984565735
Bakso nganggo ceker utawa sikil pithik yaiku sensasi sing enak tenan. Enak banget pokoke kajaba bakso isih akeh menu liyane. Pokoke dianjurake tenan,Bakso dengan ceker atau kaki ayam merupakan sensasi yang menakjubkan. Enak banget deh pokoknya selain bakso masih banyak menu yang lain. Pokoknya direkomendasikan banget deh,Bakso dengan ceker atau kaki ayam itu sensasi yang enak sekali. Enak banget pokoknya karena bakso masih banyak menu lainnya. Pokoknya sangat direkomendasikan,0.962533175945282
"Xiaomi, samsung, gumantung si kowe pengin tipe apa lan jumbuh biaya sing kowe duwe, takok-takok wae menyang panggonan sing dodol hpne","Xiaomi, samsung, tergantung sih kamu mau tipe apa dan sesuai biaya yang kamu punya, tanya-tanya aja ke tempat yang jual hpnya","Xiaomi, Samsung, tergantung kamu mau tipe apa dan sesuai dengan biaya yang kamu miliki, langsung saja ke tempat yang menjual hpnya",0.9637245535850525
"Panggon parkir kesempiten, sampek mobil kudu dititipne nyang lahan parkir sing ana ning sebrang hotel.","Tempat parkir terlalu sempit, sampai mobil harus dititipkan ke lahan parkir yang ada di sebrang hotel.","Tempat parkir sangat terbatas, sehingga mobil harus dititipkan di lahan parkir yang ada di seberang hotel.",0.9693336486816406
"Merga skate park iki diubengi panggon klumpukan sing asyik, aku rasane ora bakal isa krasa waleh.","Karena skate park ini dikelilingi tempat berkumpul yang asik, saya merasa tidak akan pernah merasa bosan.","Tempat skate park ini dikelilingi tempat nongkrong yang asyik, aku rasanya tidak akan bisa merasa bosan.",0.9529462456703186
Aku uwis lapor marang email mandiricare.co.id,Saya sudah lapor ke email mandiricare.co.id,Aku sudah melaporkan ke email mandiricare.co.id,0.9591721296310425
Aku uwis ndhuwe kode akses lan pin.,Saya sudah punya kode akses dan pin.,Aku sudah memiliki kode akses dan pin.,0.9788802862167358
"Asli tenan indihome nemen tenan saiki, apa gunane mbayar larang larang edan emosi tenan","Asli dah indihome parah banget dah sekarang, apa gunanya bayar mahal mahal gila emosi nih benar-benar","Asli ini indihome memang saat ini, apa gunanya membayar mahal-mahal tapi emosi saja",0.9066665768623352
"Dhewe sakaluwarga nyempetake kanggo njajal panganan ing panggonan mangane iki kaya susuh sing kabeh kaca-kacane ditutupi karo ranting-ranting sing ngerambat. Eksotik, unik, apik tenan lan panganane uga enak.","Kami sekeluarga menyempatkan diri mencoba makan di tempat makannya ini seperti sarang yang semua kaca-kacanya ditutupi oleh ranting-ranting yang merambat. Eksotik, unik, keren banget dan makanannya pun enak.","Keluarga saya secara khusus datang untuk mencoba makanan di tempat makan ini yang seperti rumah pohon dengan semua kaca-kacanya ditutupi dengan ranting-ranting yang merambat. Eksotik, unik, sangat bagus dan makanannya juga enak.",0.9530059695243835
Aku cemburu nanging ora isa apa-apa,Saya cemburu tapi tidak bisa apa-apa,Aku cemburu tapi tidak bisa berbuat apa-apa,0.9687350988388062
"Rega ora patia larang, rasane uga enak, akeh pilian panganan khas Banjar liyane.","Harga tidak terlalu mahal, rasanya juga enak, banyak pilihan makanan khas Banjar lainnya. ","Harganya tidak terlalu mahal, rasanya juga enak, banyak pilihan makanan khas Banjar lainnya.",0.9936378002166748
Segel rapi sanajan kotak setithik peyot,Segel rapi walau kotak sedikit penyok,Segel rapi meskipun kotak sedikit pecah,0.9282979965209961
Sopir gocar teka saka luwar kutha nyang jakarta dinggo golek penumpang ben entuk poin.,Supir gocar datang dari luar kota ke jakarta untuk mencari penumpang demi dapatkan poin.,Sopir taksi datang dari luar kota ke Jakarta untuk mencari penumpang dan mendapatkan poin.,0.9522832036018372
Ning kene isa metik stroberi dewe lan langsung dibayar lak pas gedhi-gedhi buahe lumayan uga legi stroberine lan ada kulinere pisan isa mangan sing liyane ning kene,Di sini bisa petik stroberi sendiri dan langsung dibayar kalau lagi besar besar buahnya lumayan juga manis stroberinya dan ada kuliner juga bisa makan yang lain di sini,"Di sini kita bisa memetik stroberi sendiri dan langsung dibayar, lumayan juga karena harganya murah dan stroberinya manis, serta ada kuliner lain yang bisa dimakan di sini",0.9452006816864014
"Lagek wae mau teka barange, apik kok","Baru saja tadi sampai barangnya, bagus kok","Sudah tidak mau makan nasi, sudah baik saja",0.8503748178482056
Bosen banget ndhelok sampah ing dalan kutha palangkaraya,Bosan banget melihat sampah di ruas jalan kota palangkaraya,Bosan sekali melihat sampah di jalan kota Palangkaraya,0.9759480953216553
Lokasi restoran ing Kemang. Larang lan ora enak. Aja mara mrana deh.,Lokasi restoran di Kemang. Mahal dan tidak enak. Jangan ke situ deh.,Lokasi restoran di Kemang. Mahal dan tidak enak. Jangan pergi ke sana deh.,0.9881162643432617
Rasa nikmat dipadu karo sambele. Daginge empuk. Rega jumbuh karo sing disajikne. Lokasi gampang ditemokne. Sip pokoke.,Rasa nikmat dipadu dengan sambelnya. Daging empuk. Harga sesuai dengan yang disajikan. Lokasi mudah ditemukan. Sip pokoknya.,Rasa enak dipadukan dengan sambal. Dagingnya empuk. Harga sesuai dengan yang disajikan. Lokasi mudah ditemukan. Sangat puas.,0.9700676202774048
Bubur Ahong iki enak dipangan pas mangan wengi. Akeh menu liane sing isa dinikmati liyane bubur. Omah mangan iki rame diparani lan lumayan amba. Bubure uga enak.,Bubur Ahong ini enak dimakan saat makan malam. Banyak menu lainnya yang dapat dinikmati selain bubur. Rumah makan ini ramai dikunjungi dan cukup luas. Buburnya juga enak.,Bubur Ahong ini enak dimakan saat makan malam. Banyak menu lain yang bisa dinikmati selain bubur. Rumah makan ini ramai dikunjungi dan lumayan luas. Buburnya juga enak.,0.9960533380508423
"Aku marang kene karo pacar, panggonane lumayan amba lan ana area indoor karo ing njabane. Aku njagong ing panggonan indoor sing ana pemandangan marang arah njaba, dadi ana jendela kace. kanggo panganane aku cukup puas. Saka sisi rega tenan padha karo apa sing ditawakake","Saya ke sini sama pacar, tempatnya cukup luas dan ada area indoor sama di luarnya. Saya duduk di tempat indoor yang ada pemandangan ke arah luar, jadi ada jendela kaca. untuk makanan saya cukup puas. Dari sisi harga memang sebanding dengan apa yang ditawarkan","Aku pergi ke sini dengan pacar, tempatnya cukup luas dan ada area indoor serta outdoor. Aku suka tempat indoor yang memiliki pemandangan ke arah luar, jadi ada jendela kaca. Untuk makanannya aku cukup puas. Dari sisi harga sebanding dengan apa yang ditawarkan",0.9712151885032654
Milih gubernur utawa ora yaiku pilian saban uwong.,Memilih gubernur atau tidak adalah pilihan setiap orang.,Memilih gubernur atau tidak adalah pilihan setiap orang.,0.9999999403953552
Rasa uwis malih ora kaya mbiyen. Kesane anyep. Kudu ditingkatake cita rasane. Kanggo menu ombean minim banget mung ana soft drink,Rasa sudah berubah tidak seperti dulu. Terkesan hambar. Harus di tingkatkan cita rasanya. Untuk menu minuman sangat minim hanya ada soft drink,"Rasanya sudah tidak seperti dulu. Rasanya kurang. Harus ditingkatkan lagi cita rasanya. Untuk menu minuman sangat minim, hanya ada soft drink",0.9559835195541382
Sanadyan saiki regane uwes mlonjak munggah nanging percayao yen pesen sega padang bungkus ing singgalang jaya porsine badai tenaaan. Nganti saiki panggonan iki isih dadi salah siji panggonan nikmati masakan padang favoritku.,Meskipun sekarang harganya sudah melonjak naik tapi percayalah kalau pesan nasi padang bungkus di singgalang jaya porsinya badai abiiis. Sampai sekarang tempat ini masih menjadi salah satu tempat menikmati masakan padang favorit saya.,Meskipun sekarang harganya sudah melambung tinggi namun percayalah bahwa pesan nasi padang bungkus di singgalang jaya porsine badai tenaan. Sampai sekarang tempat ini masih menjadi salah satu tempat untuk menikmati masakan padang favoritku.,0.967820405960083
"Bebeke enak, alus, sambele enak. Panggone resik lan lumayan oke.","Bebeknya enak, lembut, sambelnya enak. Tempat bersih dan lumayan oke.","Makanannya enak, halus, sambalnya enak. Tempatnya bersih dan lumayan oke.",0.9803054332733154
"Manggon ana ing festival city link mal, resto iki nyajikake panganan cina panganan a la carte lan dimsum. Rasa panganane oke, panggonan uga cukup amba lan akeh keluwarga mangan ana ing kene. Favorite dhewe urang mayonaise.","Terletak di festival city link mal, resto ini menyajikan makanan cina makanan a la carte dan dimsum. Rasa makanan cukup oke, tempat cukup luas juga dan banyak keluarga bersantap di sini. Favorit kami udang mayonaise.","Berlokasi di festival city link mal, resto ini menyajikan makanan cina dengan menu a la carte dan dimsum. Rasa makanannya oke, tempatnya juga cukup luas dan banyak keluarga makan di sini. Favorit kami adalah mayonaise.",0.9731836915016174
Panganan ing rumah sakit tansah ora enak,Makanan di rumah sakit selalu tidak enak,Makanan di rumah sakit tidak pernah enak,0.9785144925117493
"Lak mrene wajib banget tuku terong gorenge, panggone uga enak ana sing lesehan, ngindari jam mangan awan lak sir mrene merga kebeg banget","Kalau ke sini wajib banget beli terong gorengnya, tempatnya juga enak ada yang lesehan, hindari jam makan siang kalau mau ke sini karena penuh banget","Kamu harus banget membeli terong goreng, tempatnya juga enak ada yang lesehan, menghindari jam makan siang karena kamu akan merasa kekenyangan banget",0.9328195452690125
"Panggone cukup nyaman, ana ning dalan sudirman sing cedek karo pilihan panggen belonjo, lan restone cukup cedek karo panggen iku. Panganane enak, pilihane akeh dadi ora tek malehi. Panggone uga nyaman","Letaknya cukup nyaman, ada di jalan sudirman yang dekat dengan pilihan tempat belanja, dari resto pun cukup dekat ke tempat tersebut. Makanannya enak, pilihannya banyak jadi tidak terlalu membosankan. Tempatnya juga nyaman","Tempatnya cukup nyaman, ada di jalan sudirman yang dekat dengan pilihan tempat makan lain, dan restorannya cukup dekat dengan tempat itu. Makanannya enak, pilihannya banyak jadi tidak kehabisan pilihan. Tempatnya juga nyaman",0.9638893008232117
Resto iki duwe menu sing aneka werna nanging kakean menu China lan halal. Mi ayam jamur lan sega hainane sedep lan direkomendasikake. Bebeke uga enak. Resto iki saiki duwe cabang ing Istana Plaza.,Resto ini punya menu yang beragam tetapi kebanyakan menu China dan halal. Mi ayam jamur dan nasi hainannya sedap dan direkomendasikan. Bebeknya juga enak. Resto ini sekarang punya cabang di Istana Plaza.,Restoran ini memiliki menu yang beragam namun sebagian besar menu Tionghoa dan halal. Mi ayam jamur dan nasi hainan sangat lezat dan direkomendasikan. Bebeknya juga enak. Restoran ini sekarang memiliki cabang di Istana Plaza.,0.9625235199928284
Mampir marang bandung. Nggolek ramen. Sing jarene saiki kekinian. Regane setimpal padha karo rasane. Yen marang bandung maneh mesti mampir maneh.,Mampir ke bandung. Mencari ramen. Yang katanya lagi kekinian. Harganya setimpal sesuai dengan rasanya. Kalau ke bandung lagi pasti mampir lagi.,Mampir ke Bandung. Cari ramen. Yang namanya sekarang kekinian. Harganya sepadan dengan rasanya. Kalau ke Bandung kamu harus mampir.,0.9408427476882935
"Yen ana sing salah karo tindak tanduke aku entuk kok ngomong langsung karo aku, aja ngomong ing mburi. Ora asik kaya ngono. Pengecut!","Kalau ada yang salah dengan tingkah laku aku boleh kok bicara langsung ke aku, jangan bicara di belakang. Tidak asik kayak begitu. Pengecut!","Jika ada yang salah dengan tingkah lakuku, silakan berbicara langsung denganku, jangan berbicara di belakangku. Tidak menyenangkan seperti itu. Pengecut!",0.9487648606300354
Tolong konfirmasi kanggo pangiriman ing alamat panampa sing dileksanakake dina iki utawa dina ngesok mas suwun,Mohon konfirmasi untuk pengiriman ke alamat penerima akan dilakukan hari ini atau esok hari kak terima kasih,"Tolong konfirmasi untuk pengiriman ke alamat penerima yang dilaksanakan hari ini atau hari esok, terima kasih",0.9449321627616882
Panggen parkire kurang amba. Lan nganyelne banget lak pas awakdewe mangan terus dikongkon ngge mindahne mobil merga ana wong liya sing bar mangan lan arepe metu kendaraane. Iku ngganggu banget.,Tempat parkirnya kurang luas. Dan menyebalkan banget kalau pada saat kita makan kemudian disuruh untuk memindahkan mobil karena ada orang lain yang selesai makan dan akan keluar kendaraannya. Itu sangat mengganggu.,"Tempat parkir terlalu sempit. Dan itu sangat menjengkelkan ketika saya sedang makan, lalu diminta untuk memindahkan mobil karena ada orang lain yang juga ingin makan dan mengeluarkan kendaraannya. Itu sangat mengganggu.",0.9532365798950195
"Ya ngono sih, kesadharan tanggung jawab mahasiswa saiki kuwi kurang tenan. Akeh-akehe ora tanggung jawab kanthi apa sing uwis dadi tugase.","Ya gitu sih, kesadaran akan tanggung jawab mahasiswa sekarang itu kurang sekali. Kebanyakan tidak bertanggung jawab dengan apa yang sudah jadi tugasnya.","Ya memang, kesadaran tanggung jawab mahasiswa sekarang memang kurang. Banyak yang tidak bertanggung jawab dengan apa yang sudah menjadi tugasnya.",0.9654198884963989
"Sega uduk iki ana ing dalan rajiman lan bukake saka sore nganti mbengi. Menune si cukup sederhana, mung sega uduk lan aneka warna pelengkape. Biasane aku mangan sega udu karo pithik goreng lan sambel, sambele ora patia pedes.","Nasi uduk ini ada di jalan rajiman dan bukanya dari sore sampai malam. Menunya sih cukup sederhana, hanya nasi uduk dan berbagai pelengkapnya. Biasanya saya makan nasi uduk sama ayam goreng dan sambal, sambalnya tidak terlalu pedas.","Nasi uduk ini ada di jalan rajiman dan buka dari sore hingga malam. Menunya cukup sederhana, hanya nasi uduk dan berbagai macam pelengkap. Biasanya aku makan nasi uduk dengan ayam goreng dan sambal, sambalnya tidak terlalu pedas.",0.9807404279708862
Ngomong-ngomong indomie pisanan ning 2018 ku mambengi tibake enak,Anw indomie pertama di 2018 ku semalam ternyata nikmat,Ngomong-ngomong indomie pertama kali saya makan tahun 2018 dan rasanya enak,0.8641601800918579
"Saksitike kertu internetku ora kenek digawe padahal kuota lokal e isik, aku manggon ning panggonan sing aktivasi lan kertune uga wis didaftarne.","Minimal kartu internet saya tidak dapat digunakan padahal kuota lokal masih, saya berada di lokasi aktivasi dan kartu juga sudah registrasi","Saya sangat kesal karena kartu internet saya tidak bisa digunakan, padahal kuota lokal saya masih ada, saya tinggal di tempat yang sudah aktif dan kartu saya juga sudah terdaftar.",0.9363261461257935
Hypermart saiki ngenehi diskon 20% kanggo produk seger saben dina senen - kemis kanthi mandiri kartu hypermart,Hypermart sedang memberikan diskon 20% untuk produk segar setiap hari senin - kamis dengan mandiri kartu hypermart,Hypermart saat ini memberikan diskon 20% untuk produk segar setiap hari Senin - Kamis dengan menggunakan kartu Hypermart,0.956484854221344
Pengen nesu wae aku karo indosat,Mau marah saja aku sama indosat,Saya hanya ingin bertanya tentang Indosat,0.8155860900878906
Karo ngenteni wektu ganti tahun dhewe njajal marang rene. Dhewe wong loro pesen pirang-pirang sushi. Ombeane milktea karo es krim vanilla nganggo batok krambil. Kanggo sushine lumayan nanging kakehan segane kayane. Nanging rasane enak. Regane kajangkau.,Sambil menunggu waktu pergantian tahun kita coba ke sini. Kita berdua pesan beberapa sushi. Minumannya milktea sama eskrim vanilla dengan batok kelapa. Untuk sushinya lumayan tapi kebanyakan nasinya sepertinya. Tetapi rasanya enak. Harganya terjangkau.,"Saya menunggu pergantian tahun bersama teman. Kami berdua memesan beberapa sushi. Minumannya milktea dan es krim vanilla dengan topping kelapa kering. Untuk sushinya lumayan, tapi kebanyakan isinya kayaknya. Tapi rasanya enak. Harganya terjangkau.",0.9576029181480408
"Endi laporanku ora diproses-proses. Magu duitku ora bakal dibalikne, padahal pulsa lan kuotaku ilang.","Mana laporan aku tidak diproses-proses. Ragu duit aku akan dikembalikan, padahal pulsa dan kuota aku hilang.","Kenapa laporanku tidak diproses? Aku khawatir uangku tidak akan dikembalikan, padahal pulsa dan kuotaku habis.",0.9465452432632446
"Dhewe kuciwa tenan karo pelayanan karyawan lion ing gate a6 bandar udara cengkareng. Aku diapusi, barang rusak lan reged satibane ing tujuan.","Kami sangat kecewa dengan pelayanan karyawan lion di gate a6 bandar udara cengkareng. Saya dibohongi, barang rusak dan kotor tiba tujuan.","Saya sangat kecewa dengan pelayanan karyawan Lion di gate A6 bandar udara Cengkareng. Saya diabaikan, barang rusak dan berantakan saat tiba di tujuan.",0.9541131258010864
Sing paling nguciwakake yaiku nalika pimpinan ora isa mbedakake lan ora gelem ngerti endi negarawan lan endi politisi kotor,Yang paling mengecewakan adalah ketika pemimpin tak bisa bedakan dan tak mau tahu mana negarawan dan mana politisi kotor,Yang paling memprihatinkan adalah ketika seorang pemimpin tidak bisa membedakan dan tidak mau mengerti siapa negarawan dan siapa politisi kotor.,0.9491363763809204
"Bubur iwak pitik sing lumayan rekomendasi ning sekitaran bandung, panggone strategis gampang digoleki, regane ora ngrogoh sak, panggone mesti rame diparani pengunjung mben dina nyambut gawe lan akhir minggu merga rasane sing enak.","Bubur ayam yang lumayan rekomendasi di sekitaran bandung, tempatnya strategis mudah dicari, harganya tidak merogoh kantong, tempatnya selalu ramai didatangi pengunjung setiap hari kerja maupun akhir pekan karena rasanya yang enak.","Bubur ayam yang cukup recomended di sekitaran bandung, lokasinya strategis mudah ditemukan, harganya tidak menguras kantong, tempatnya pasti ramai dikunjungi banyak orang baik hari biasa maupun akhir minggu karena rasanya yang lezat.",0.948602020740509
"Teka ing panggonan iki kanggo ngaso sakbanjure sayah macet ing lelungan, panganane oke, nanging jajan-jajane mantep, dadi kabayarake.","Mengunjungi tempat ini untuk istirahat setelah cape macet di perjalanan, makanan oke, tapi kue-kuenya mantap, jadi terbayarkan.","Saya singgah di tempat ini untuk beristirahat karena macet di jalan, makanannya oke, tapi jajanan-jajanannya luar biasa, sehingga saya merasa puas.",0.9243654012680054
"Terus aku sia-sia no nganyari nomer hape paling anyar nyang pelayanan pelanggan cabang bni lak data ning bni isik nomer hape lawas, piye seh pelayanane!","Lalu saya percuma dong update nomor telepon genggam terbaru ke pelayanan pelanggan cab bni kalau data di bni masih nomor handphone lama, bagaimana sih pelayanannya!","Terus aku sia-sia mencari nomor hp yang paling baru dari layanan pelanggan cabang BNI, tapi di data BNI masih ada nomor hp yang lama, bagaimana pelayanannya!",0.9009526968002319
"Aku wis kerep mara nikmati panganan ning roemah nenek. Aku seneng karo kahanane sing nyaman dinggo mangan bareng keluarga. Ning dina-dina tertentu ana tontonan musik langsung. Panganane uga nduwe pilian sing rena-rena saka tradisional, asia, sampek panganan kidulan","Saya sudah sering kali datang menikmati makanan di roemah nenek. Saya suka dengan suasananya yang nyaman untuk makan bersama keluarga. Di hari-hari tertentu ada hiburan live musik. Makanannya pun punya pilihan yang beragam dari yang tradisional, asia, sampai makanan barat","Aku sudah sering mengunjungi tempat makan di rumah nenek. Aku senang dengan suasana yang nyaman untuk makan bersama keluarga. Pada hari-hari tertentu ada pertunjukan musik langsung. Makanannya juga memiliki pilihan yang beragam mulai dari tradisional, asia, hingga makanan khas barat.",0.9558587074279785
"Akeh wong sing ora seneng nggo berobat nyang dokter. Ora mung kerna mbayare sing relatif lumayan larang dingge separone wong, nyang dokter ora selawase isa marekne. Akeh dokter sing salah diagnosis. Apa penting utawa wis lumrah, toh dokter uga manungsa.","Banyak orang yang kurang suka untuk berobat ke dokter. Selain biaya yang relatif cukup mahal bagi sebagian orang, ke dokter tak selamanya bisa menyembuhkan. Banyak dokter yang salah diagnosa. Pentingkah ataukah sudah lumrah, toh dokter juga manusia.","Banyak orang yang tidak suka berobat ke dokter. Bukan hanya karena biayanya yang relatif mahal bagi sebagian orang, tetapi juga karena dokter tidak selalu bisa menyembuhkan. Banyak dokter yang salah diagnosis. Apa pun yang terjadi, dokter juga manusia.",0.9398807883262634
"Pelayanane apik, panggen parkir lumayan amba, kebon stroberi amba lan akeh stroberi sing wis cukup abang nggo dipethil. Panganan ning restoran rena-rena banget, rasane enak, sambel stroberine unik lan enak. Sega liwet stroberi kudu dijajal. Sejauh iki kabeh menu sing tak pangan ora ana sing nggarai gela rekomendasi banget dinggo dolane keluarga","Pelayanan baik, tempat parkir cukup luas, kebun stroberi luas dan banyak stroberi yang sudah cukup merah untuk dipetik. Makanan direstoran sangat beragam, rasanya enak, sambal stroberinya unik dan enak. Nasi liwet stroberi harus dicoba. Sejauh ini semua menu yang saya makan tidak ada yang mengecewakan sangat rekomendasi untuk wisata keluarga","Pelayanannya baik, lahan parkir cukup luas, kebun stroberi luas dan banyak stroberi yang sudah cukup merah untuk dipetik. Makanan di restoran sangat beragam, rasanya enak, sambal stroberinya unik dan enak. Nasi liwet stroberi harus dicoba. Sampai saat ini semua menu yang saya coba tidak ada yang mengecewakan, sangat rekomended untuk berwisata keluarga",0.9771527647972107
"Demi apa wae tes cpns marakna macet, sialannnnnnn","Demi apa pun tes cpns bikin macet, sialannnnnnn","Untuk apa juga tes CPNS selalu macet, sialnya",0.8187492489814758
"Ngenteni panganan suwi banget, pelayane galak, pas mangan pas kuwi aku pesen pizza tekone eh gosong nganti kasire pas aku mbayar ora ngguyu, pelayanane payah.","Menunggu makanannya lama banget, waitressnya galak, pas makanannya saat itu saya pesan pizza datang eh gosong sampai kasirnya pun pas saya bayar tidak senyum, pelayanannya payah.","Makanan lama sekali datang, pelayannya galak, saat makan saat itu aku pesan pizza setengah matang eh malah gosong sampai kasir saat aku membayar tidak murah, pelayanannya payah.",0.9356944561004639
