javanese,ground_truth,generated,bertscore
"Cepak saka hotelku nginep, namung digawa mlaku, ing kene akeh tenan pilian panganane, panggonane sing amba, lan nyenengake","Dekat dengan hotel saya menginap, hanya ditempuh jalan kaki, di sini banyak sekali pilihan makanannya, tempat yang luas, dan menyenangkan","Dekat dari hotel saya menginap, cuma harus berjalan kaki, di sini sangat banyak pilihan makanan, tempat yang luas, dan menyenangkan",0.9688435792922974
"Iya bener, deknen lagi jaga warung.","Iya benar, dia sedang jaga warung.","Iya betul, dia lagi jaga warung.",0.9748421907424927
Kangkunge lumayan nanging yuyu saus padange nguciwakake dhewe dikei yuyu sing kopong akhir dhewe ora mangan yuyune lan dibalekake.,Kangkungnya lumayan tapi kepiting saus padangnya mengecewakan kami dikasih kepiting yang kopong akhir kami tidak makan keptingnya dan dikembalikan.,Ayamnya lumayan tapi udang saus padangnya mengecewakan kami dikasih udang yang kosong pada akhirnya kami tidak memakan udangnya dan mengembalikannya.,0.9411928057670593
"Manggon nang braga city walk sing sak gedung karo aston lan fave hotel, panggon iki nyaman banget dinggo nyangkruk-nyrangkruk. Kopi campur teh sing anyar lagek pisan iki aku njajal tibake enak banget, dipadu karo endog setengah mateng dadi kanca jagongan karo kanca-kanca. Panggon sing bebas rokokan tambah nyenengne karo nikmati pemandangan wira-wiri wong-wong sing mlebu metu mal iki.","Bertempat di braga city walk yang satu gedung dengan aston dan fave hotel, tempat ini sangat nyaman buat kongkow-kongkow. Kopi campur teh yang baru pertama kali saya nikmati ternyata sangat enak, dipadu dengan telur setengah matang menjadi pendamping mengobrol bersama teman-teman. Area yang bebas merokok semakin mengasyikkan sambil menikmati pemandangan lalu lalang orang-orang yang keluar masuk mal ini.","Berada di braga city walk yang satu gedung dengan aston dan fave hotel, tempat ini sangat nyaman buat nongkrong-nongkrong. Kopi campur teh yang baru pertama kali saya coba ternyata sangat enak, dipadukan dengan telur setengah matang jadi teman ngobrol bersama teman-teman. Tempat yang bebas merokok semakin menyenangkan sambil menikmati pemandangan keluar masuk orang yang berada di mal ini.",0.9625507593154907
"Gianyar nompo bantuan sosial 2018 gedene rp 44, 9 milyat","Gianyar terima bantuan sosial 2018 sebesar rp 44, 9 miliar","Gianyar terima bantuan sosial 2018 sebesar rp 44, 9 miliar",1.0000001192092896
Iki salah siji conto generasi sing ora kangge. Ora malah migunani dinggo bangsa nanging malah dadi sesuatu sing mbahayani dinggo bangsa! Mantep jeraten ae nggawe uu ite,Ini salah satu contoh generasi yang tidak berguna. Bukan malah bermanfaat untuk bangsa tapi malah jadi sesuatu yang berbahaya bagi bangsa! Mantap jerat saja pakai uu ite,Ini salah satu contoh generasi yang tidak berguna. Bukan malah berguna untuk bangsa tapi malah jadi sesuatu yang membahayakan untuk bangsa! Mantap menjatuhkan saja pakai uu saja,0.9683085083961487
"Sore konco, wektu iki lagi dilakokne pemeliharaan dadi aplikasi ora isa diakses.","Sore sahabat, saat ini sedang dilakukan pemeliharaan sehingga aplikasi tidak dapat diakses.","Sore teman, saat ini sedang dilakukan pemeliharaan sehingga aplikasi tidak dapat diakses.",0.9950917959213257
Tenan ringkih dhewe iki aku uga jiden saktenane,Memang lemah kita ini aku juga penakut sebenarnya,Memang lemah sih aku juga jidad sebenarnyai,0.8817969560623169
"Terakhir nyang hanamasa regane 120 ewu / wong. Nanging puase luwih saka iku. Isa njupuk panganan sakpuase, nanging rasa ora nggelakne, pinter-pintere awakdewe ae ngeracik dewe. Lak penggemar daging sapi mesti seneng mrene","Terakhir ke hanamasa harganya 120 ribu / orang. Tapi puasnya lebih dari itu. Bisa ambil makanan sepuasnya, tapi rasa tidak mengecewakan, pintar-pintar kita saja meracik sendiri. Kalau penggemar daging sapi pasti suka ke sini","Terakhir ke hanamasa harganya 120 ribu / orang. Namun puas lebih dari itu. Bisa ambil makanan sepuasnya, tapi rasa tidak mengecewakan, pintar-pintarnya kita saja mengombinasikannya. Kalau penggemar daging sapi pasti senang ke sini",0.9823145270347595
"Kanggo menyang ing the peak mesthi wae karasa adoh banget saka pusat kutha bandung, lan aksese sing lumayan mbingungake lan dalan cilike mbelak-mbelok. Nanging kowe bisa ora bakal kesasar amarga meh ing saben enggokan ana tanda marang ing the peak. Panggonane apik banget kanggo kowe sing nggolek suasana mbengi romantis, kanthi pemandangan mbengi kutha sing apik tenan.","Untuk menuju ke the peak memang terasa sangat jauh dari pusat kota bandung, dan aksesnya yang agak membingungkan dan jalan kecil berkelok-kelok. Namun anda mungkin tidak akan tersesat karena hampir di tiap belokan ada signage menuju ke the peak. Tempatnya sangat bagus untuk anda yang mencari suasana malam romantis, dengan pemandangan malam kota yang menakjubkan.","Untuk menuju ke the peak memang agak jauh dari pusat kota bandung, dan aksesnya yang sedikit membingungkan dan jalan kecil berliku. Tetapi anda tidak akan tersesat karena di setiap pertigaan terdapat tanda menuju the peak. Tempat yang sangat bagus buat anda yang mencari suasana malam romantis, dengan pemandangan malam kota yang sangat indah.",0.9668184518814087
Kebon raya bogor isa didadekne salah siji tujuan destinasi wisata,Kebun raya bogor bisa dijadikan salah satu tujuan destinasi wisata,Kebun raya bogor bisa dijadikan salah satu tujuan destinasi wisata,1.0
"The peak panggone ning cedeke lembang, waratan duwur ning bandung sing adem lan panggone sing apik banget nanging dalan ngge moro panggonan iki kelok-kelok banget lan tikungan landep lan curam, ora disarane dingge motoran pas udan-udan lan wengi. Ning the peak ana nggen mangan sing pemandangane kutha bandung sing indah saka nggunung, rega panganane sing larang banget lan ora sumbut.","The peak berlokasi di dekat lembang, dataran tinggi di bandung yang sejuk dan lokasi yang sangat baik namun jalan untuk mencapai tempat ini sangat berkelok disertai tikungan tajam nan curam, tidak disarankan untuk berkendara saat hujan dan malam hari. Di the peak terdapat restoran dengan pemandangan kota bandung yang indah dari perbukitan, harga makanan yang sangat mahal dan sangat tidak sesuai.","The peak tempatnya di dekat lembang, dataran tinggi di bandung yang dingin dan tempatnya yang bagus banget tetapi jalan menuju tempat ini sangat berkelok-kelok dan tikungan tajam dan curam, tidak disarankan untuk di motor saat hujan dan malam hari. Di the peak terdapat tempat makan yang pemandangan kota bandung yang indah dari gunung, harga makanan yang sangat mahal dan tidak sebanding.",0.9615345597267151
Aku kapok nganggo jasa lion air,Saya kapok menggunakan jasa lion air,Saya kapok pakai jasa lion air,0.9834986925125122
Akeh bab sing isa dhewe tindakake kanggo ngisi wektu luwang.,Banyak hal yang dapat kita lakukan untuk mengisi waktu luang.,Banyak hal yang bisa kita lakukan untuk mengisi waktu luang.,0.9965143203735352
Saya apatis ngelaporake bab-bab kaya iki. Amarga nganti minggu wingi isih tetep hurung digarap. Mung janji-janji terus.,Semakin apatis melaporkan hal-hal seperti ini. Karena sampai minggu lalu masih tetap belum dikerjakan. Hanya janji-janji terus.,Saya malas melaporkan hal-hal seperti ini. Karena sampai minggu lalu masih saja belum digarap. Hanya janji-janji saja.,0.9530295729637146
Rega dhuwur banget porsi sithik banget ora janji maneh aku teko kanggo kepindho. Panganane ora beda adoh karo emakku dong!,Harga selangit porsi seiprit tidak janji lagi saya datang untuk yang kedua kali. Masakannya tidak beda jauh sama ema saya dong!,Harga mahal banget porsinya sedikit banget tidak janji lagi saya datang untuk kedua kalinya. Makanannya tidak beda jauh sama masakan ibu saya dong!,0.9278568625450134
"Anyar lan kashediya, 5 sekat mangan awan kotak kotak mangan yooyee kotak bekal anti bocor 590","Baru dan tersedia, 5 sekat makan siang kotak kotak makan yooyee kotak bekal anti bocor 590","Baru dan tersedia, 5 sekat makan siang kotak kotak makan ya pakai kotak bekal anti bocor 590",0.9675672650337219
"Ora ngerti ya kenangapa resto iki manggoni ranking 12 saka 1800an resto sing ana ing jakarta. Regane larang! Panggonane ndhelik, lan rasa panganane biasa bae. Aja percaya banget karo review sing nyesatake.","Tidak mengerti ya kenapa resto ini menduduki peringkat 12 dari 1800an resto yang ada di jakarta. Harga mahal! Lokasi tersembunyi, dan rasa makanan biasa saja. Jangan terlalu percaya sama review yang menyesatkanlah.","Tidak mengerti ya kenapa resto ini menempati ranking 12 dari 1800an resto yang ada di jakarta. Harganya mahal! Tempatnya sembunyi, dan rasa makanannya biasa saja. Jangan percaya banget sama review yang menyesatkan.",0.9592992663383484
Bledosan ning aksi protes ning afghanistan mateni wong 68,Ledakan dalam aksi protes di afghanistan tewaskan 68 orang,Ledakan dalam demonstrasi di afghanistan tewas 68 orang,0.963198721408844
"Aku teka marang restoran kuwi bareng karo kancaku. Kancaku kakehan kaget ndhelok pemandangane sing apik tenan ing mbengi. Aku ndhuweni kasempatan njajal stik impore, enak tenan apa maneh sause. Mmm yummi. Yen ana kasempatan aku pengen teka maneh marang kana.","Saya berkunjung ke restoran itu bersama dengan teman saya. Teman saya kebanyakan terkejut melihat pemandangannya yang sangat indah di malam hari. Saya berkesempatan mencoba steak impornya, sangat enak apalagi sausnya. Mmm yummi. Kalau ada kesempatan saya ingin berkunjung lagi ke sana.","Saya datang ke restoran itu bersama teman saya. Teman saya sangat kaget melihat pemandangan yang sangat indah di malam hari. Saya berkesempatan mencoba steak impornya, enak banget apalagi sausnya. Mmh yummi. Kalau ada kesempatan saya mau kembali lagi ke sana.",0.9821861982345581
Akses menyang dusun bambu isa ditekani kira-kira ing wektu 1 - 2 jam nganggo mobil pribadi. Mara menyang dusun bambu diusahakake pas wektu wengi amarga awake dhewe isa ndelok cetha pemandangan sing ana lan wektu sing pas kanggo mangan wengi.,Akses menuju dusun bambu bisa ditempuh kira-kira dalam waktu 1 - 2 jam menggunakan mobil pribadi. Berkunjung ke dusun bambu diusahakan saat petang hari karena kita dapat melihat jelas pemandangan yang ada dan waktu yang pas untuk makan malam.,Akses menuju dusun bambu dapat ditempuh sekitar 1 - 2 jam menggunakan kendaraan pribadi. Menuju dusun bambu usahakan pada malam hari karena kita bisa melihat dengan jelas pemandangan yang ada dan waktu yang pas untuk bersantap malam.,0.9615567922592163
"Panganane oke padha karo xo suki liyane. Nanging sanajan dina prei gedhe kaya badha iki udhu artine meseme prei lan pesenan ombe, lan liya-liyane kudu mesen ping akeh. Tulung dijaga kepuasan pelanggane. Matur suwun,","Makanan oke sama seperti xo suki lainnya. Tetapi walaupun hari libur besar seperti lebaran ini bukan berarti senyumnya libur dan order minum, dan lain-lain harus order berkali-kali. Tolong di jaga kepuasan pelanggannya. Terima kasih.",Makanan oke sama seperti xo suki lainnya. Tapi meskipun hari libur besar seperti sekarang mestinya tetap melayani memesan makanan minuman dan lain sebagainya tidak perlu memesan berkali-kali. Tolong jaga kepuasan pelanggan. Terima kasih.,0.9428219795227051
"Restoran iki yaiku panggon kuliner sing wajib diparani umpama nyang bandung. Ora mung panganane sing manjakne ilat panganan sunda banget, restoran iki uga dibangun nganggo konsep mangan santai ning jero kali dadi nawarne pengalaman kuliner sing berkesan banget. Kudu dijajal dinggo sopo ae sing nyang bandung.","Restoran ini adalah sebuah destinasi kuliner yang wajib dikunjungi bila ke bandung. Selain makanan yang sangat memanjakan lidah makanan sunda, restoran ini juga dibangun dengan konsep makan santai di dalam saung yang dikelilingi alam hutan dan pegunungan yang dihias pepohonan rindang dan dihibur oleh gemericik air sungai sehingga menawarkan pengalaman kuliner yang teramat mengesankan. Harus dicoba bagi siapapun yang ke bandung.","Restoran ini merupakan tempat kuliner yang wajib dikunjungi kalau pergi ke bandung. Bukan hanya makanannya yang memanjakan lidah dengan makanan khas sundanya, restoran ini juga dibangun dengan konsep makan santai di dalam sungai sehingga menawarkan pengalaman kuliner yang sangat berkesan. Wajib dicoba untuk semua orang yang pergi ke bandung.",0.9344499111175537
Mbalik ngaktifne paket data indosat merga isa akses youtube unlimited.,Kembali mengaktifkan paket data indosat karena dapat akses youtube unlimited.,Balik mengaktifkan paket data indosat karena bisa akses youtube unlimited.,0.9861305356025696
Aku nembe ngerti ketemu kancaku sek makarya nang trans tv,Saya baru saja bertemu teman saya yang bekerja di trans tv,Aku baru tahu bertemu teman saya yang bekerja di trans tv,0.9753111600875854
"Omah mangan ning dalan anggrek iki nduwe keistimewaan jenis seafood sing rena-rena lan ana sing isih urip dinggo dipilih lan dimasak pas kuwi uga. Rena-rena jenis panganan isa dipilih lan wektu ngenteni sing sediluk nggarai adewe ora tek kesuwen keluwen ngenteni. Menu kerapu kukuse enak banget lan gurih, apa meneh lak dimasak karo iwak sing isih seger. Lokasine lumayan adem, regane mirah.","Rumah makan di jalan anggrek ini memiliki keistimewaan jenis seafood yang beragam dan ada yang masih hidup untuk dipilih dan dimasak saat itu juga. Berbagai jenis masakan dapat dipilih dan waktu tunggu yang singkat membuat kita tidak terlalu lama kelaparan menunggu. Menu kerapu kukusnya sangat enak dan gurih, apalagi bila dimasak dengan ikan yang masih segar. Lokasi cukup sejuk, harga murah.","Rumah makan di jalan anggrek ini memiliki keistimewaan jenis seafood yang bermacam dan ada yang masih hidup untuk dipilih dan dimasak saat itu juga. Bermacam jenis makanan bisa dipilih dan waktu menunggu yang tidak terlalu lama membuat kita tidak terlalu kelaparan menunggu. Menu kerapu kukusnya sangat enak dan gurih, apalagi jika dimasak dengan ikan yang masih segar. Lokasinya lumayan sejuk, harga terjangkau.",0.9856675863265991
"Kaya biasane awakdewe mesti golek kuliner sing liya timbangane sing liyane, awakdewe entuk ning panggen iki yaiku the restaurant padma hotel. Awakdewe pesen menu sing ana. Ana saka indonesia, eropa lan cina, tibake kabeh masakane enak kabeh.","Seperti biasa kami selalu mencari kuliner yang lain daripada yang lain, dapatlah kami di tempat ini yaitu the restaurant padma hotel. Kami memesan menu yang ada. Ada dari indonesia, eropa dan chinese, ternyata semua masakannya enak semuanya.","Seperti biasanya kami selalu mencari kuliner yang berbeda dengan yang lainnya, kami menemukannya di tempat ini yaitu the restaurant padma hotel. Kami memesan menu yang ada. Ada dari indonesia, eropa dan cina, ternyata semuanya masakannya enak enak.",0.9753739237785339
Iya kuwi sing nggawe aku kesel. Iki udu salahe sing ngelamar nanging jelas 100% salahe pihak sing ana ing ndhuwur sing embuh piye carane dheweke koordinasi. Nyesek aku kuwi sanajan iki kasus kancaku sing ing lampung.,Iya itu yang bikin saya kesal. Ini bukan kesalahan sang pelamar tapi jelas 100% kesalahan pihak yang di atas yang entah bagaimana cara mereka berkordinasi. Nyesek saya itu walaupun ini kasus teman saya yang di lampung.,Iya itu yang membuat saya lelah. Ini bukan salahnya pelamar tapi jelas 100% salah pihak yang di atas yang entah bagaimana cara mereka koordinasi. Nyesek saya itu meskipun ini kasus teman saya yang di lampung.,0.9744788408279419
"Pelayanane cukup suwi, nanging suwasanane sing diwenehi apik lan unik, dadi karo ngenteni panganan isa nikmati suwasana ing restoran iki, menu sing disajikake aneka werna lan enak,","Pelayanannya agak lama, tetapi suasana yang diberikan keren dan unik, jadi sambil menunggu makanan bisa menikmati suasana di resto ini, menu yang disajikan beragam dan enak,","Pelayanan cukup lama, tapi suasana yang diberikan bagus dan unik, jadi sambil menunggu makanan bisa menikmati suasana di restoran ini, menu yang disajikan beragam dan enak,",0.9868507981300354
"Panganan ing kene enak-enak kanthi akeh variasine. Kabehane enak kanthi pemandangan apik. Pelayanane sing maksimal saka mbak diah lan gina saka ngewiwiti teka nganti rampung, dilayani kanthi apik tenan.","Makanan di sini enak-enak dengan banyak variasi. Semuanya enak dengan pemandangan bagus. Pelayanan yang maksimal dari mbak diah dan gina dari awal datang sampai selesai, dilayani dengan sangat baik.","Makanan di sini enak-enak dengan banyak variasinya. Semuanya enak dengan pemandangan bagus. Pelayanan yang maksimal dari mbak diah dan gina dari awal sampai selesai, dilayani dengan sangat baik.",0.9915311336517334
"Ana ing ajang piala dunia 2018 sesuk, telkomsel njupuk bagian minangka pandukung penyiaran resmi ing perhelatan sepak bola donya kasebut.","Dalam ajang piala dunia 2018 nanti, telkomsel mengambil bagian sebagai pendukung penyiaran resmi dalam perhelatan sepak bola dunia tersebut.","Dalam ajang piala dunia 2018 mendatang, telkomsel mengambil bagian sebagai pendukung penyiaran resmi di perhelatan sepak bola dunia tersebut.",0.9942802786827087
De'e biasane tuku tisu paseo,Dia biasanya membeli tisu paseo,Dia biasanya beli tisu paseo,0.9646103382110596
"Buse ora nyaman, mbak, ora sumbut karo sing diomongne bosmu, urung maneh panganane kurang enak banget, terus panggon wisata tujuane sing nggelakne:","Busnya tidak nyaman, mbak, tidak sesuai dengan yang diomongin atasan Anda, belum lagi makanannya kurang enak banget, lalu tempat wisata tujuannya yang mengecewakan:","Bus tidak nyaman mbak tidak sesuai dengan yang diomongkan bos kalian apalagi makanan tidak enak banget, terus tempat wisata tujuan mengecewakan:",0.9515663981437683
"Cukup gampang golek lokasi iki, mung ngikuti wae arah menyang tengah kota. Mengko ning kiwa dalan ketok parkiran mobil sing cukup akeh, nengkono panggonan kafe iki. Rasane kafe iki pancen arang sepi, pengunjunge akeh banget.","Cukup mudah mencari lokasi ini, tinggal mengikuti saja arah ke tengah kota. Nanti di kiri jalan terlihat parkiran mobil yang cukup banyak, disitulah tempat kafe ini. Rasanya kafe ini memang jarang sepi, banyak sekali pengunjung.","Cukup mudah mencari lokasi ini, hanya saja mengikuti saja arah menuju ke tengah kota. Nantinya di sebelah kiri jalan terlihat parkiran mobil yang cukup banyak, di situlah lokasi kafe ini. Rasa kafe ini memang jarang sepi, pengunjungnya banyak sekali.",0.9775173664093018
"Gela aku karo provider iki, nganti sebel, nesu, emosi, aku metu, gara gara, sinyal sing ora bener.","Kecewa saya dengan provider ini, sampai kesal, marah, emosi, saya keluar, gara gara, sinyal yang tidak benar.","Jujur saya dengan provider ini, sampai kesal, marah, emosi, saya berhenti, gara gara, sinyal tidak benar.",0.9693560600280762
"Sarung bantal, seprei lan slimute uwis ora putih...terus temboke wes akeh lumut..","Sarung bantal, seprai dan selimutnya tidak lagi putih...trus dindingnya sudah banyak lumut..","Sarung bantal, sprei dan selimut sudah tidak putih...terus temboknya sudah banyak lumut..",0.9709235429763794
"Lan pas dheweke teka, saya rusak wae iki acara. Gilo banget aku karo dheweke, asli! Ngapuro yoo aku ora seneng banget karo dheweke","Dan ketika dia tiba, makin rusak saja ini acara. Jijik banget gue sama dia, asli! Maaf yaah gue enggak suka banget sama dia","Dan ketika dia datang, saya rusak saja ini acara. Jijik banget saya sama dia, asli! Maaf ya saya tidak suka banget sama dia",0.97415691614151
"Dhewe ana acara mangan mbengi wektu kuwi, es krime ora dipisah karo espresso dadi ora isa nyampur sing cocok karo selerane awakedhewe. Salmon steake uga kurang seger, kulit salmone atos, ketoke suwi ing kulkas utawa freezer. Sanajan iku menu utama sing kudune enak.","Kami ada acara makan malam waktu itu, ice krimnya tidak dipisahkan dengan espresso jadi tidak bisa mencampur sesuai selera masing-masing. Salmon steaknya juga kurang segar, kulit salmonnya keras, keliatannya lama di kulkas atau freezer. Padahal itu menu utama yang seharusnya enak.","Kami ada acara makan malam waktu itu, es krim tidak dipisah dengan espresso jadi tidak bisa mencampur sesuai selera kami. Salmon steak juga kurang fresh, kulit salmonnya keras, sepertinya lama di kulkas atau freezer. Padahal kan itu menu utama yang harusnya enak.",0.9675130844116211
"Panggonane gampang ditemukake. Resik lan higienis, pelayanane apik, dhewe bisa diskusi babagan panganan kang kasadia. Asik.","Tempatnya mudah ditemukan. Bersih dan higienis, pelayanannya bagus, kita bisa diskusi tentang masakan yang tersedia. Asik.","Tempatnya mudah ditemukan. Bersih dan higienis, pelayanan bagus, kita bisa berdiskusi mengenai makanan yang disediakan. Asik.",0.9846334457397461
Buffet mangan mbengi paling top. Regane pas karo sing dientukake. Rasane enak piliane akeh. Regane kadang didiskon yen teko rombongan. Sukses terus ya.,Buffet makan malam paling top. Harga sesuai yang didapat. Rasanya enak pilihannya banyak. Harga kadang didiskon jika datang rombongan. Sukses selalu ya.,Buffet makan malam terbaik. Harga sesuai dengan yang diberikan. Rasanya enak pilihan banyak. Harga kadang didiskon kalau datang rombongan. Sukses terus ya.,0.9805026054382324
Panggon sing apik yen dinikmati wengi. Cukup nyaman. Ragane lumayan murah. Senenganku stik tenderloine. Cukup enak.,Tempat yang bagus kalau dinikmati malam hari. Cukup nyaman. Harga cukup terjangkau. Favorit saya steak tenderloinnya. Cukup enak.,Tempat yang asik kalau dinikmati malam hari. Cukup nyaman. Harganya lumayan murah. Favorit saya tenderloin stiknya. Cukup enak.,0.9662226438522339
"Njajal kanggo buka puasa ing kene. Kanggo rega sing kagolong larang ana ing antara hotel berbintang sakelasae, rasa sing ditawakake tenan nguciwakake. Pastane ora ana rasane, panganan liyane uga ora ana rasane. Beda tenan karo apa sing biasa ditawakake. Lan pelayanane uga kurang profesional pas ngelakoni pembayaran nganggo kartu kredit.","Mencoba untuk buka puasa di sini. Dengan harga yang tergolong mahal di antara hotel berbintang sekelasnya, rasa yang ditawarkan sangat mengecewakan. Pastanya hambar, makanan lain juga hambar. Sangat berbeda dengan apa yang biasa ditawarkan. Dan pelayanan juga kurang profesional pada saat melakukan pembayaran dengan mengunakan kartu kredit.","Mencoba untuk berbuka puasa di sini. Untuk harga yang tergolong mahal di antara hotel berbintang sekelasnya, rasa yang ditawarkan sangat mengecewakan. Pasta tidak berasa, makanan lainnya pun tidak berasa. Sangat jauh berbeda dengan apa yang biasanya ditawarkan. Dan pelayanannya juga kurang profesional pada saat melakukan pembayaran dengan kartu kredit.",0.9756622314453125
"Aku uga bingung loh, sing ndukung tokoh kuwi meh kabeh setipe bisane mung ngenyek-ngenyek, fitnah, tembung-tembung kasar, nyebarna isu ngapusi, ngutamakake emosi, akal sehate ora pernah dinggo.","Gue juga bingung loh, pendukung tokoh itu hampir semuanya setipe bisanya cuma maki-maki, fitnah, kata-kata kasar, menyebar isu bohong, mengutamakan emosi, akal sehat tidak pernah dipakai.","Saya juga bingung loh, yang mendukung tokoh itu hampir semuanya setipenya cuma bisa menghujat, memfitnah, kata-kata kasar, menyebarkan isu bohong, mengutamakan emosi, akal sehat tidak pernah dipakai.",0.9638662338256836
"Omah mangan nusa indah saiki gelakne ah. Reget, uwong ditokne wae ngrokok ning ruangan nggo ac, pangganan suwe tekane.","Rumah makan nusa indah sekarang mengecewakan ah. Kotor, orang didiamkan saja merokok di ruangan ber ac, makanan lama datangnya.","Rumah makan nusa indah sekarang jomlo ah. Kotor, orang seenaknya saja merokok di ruangan pakai ac, makanan lama datangnya.",0.944422721862793
Nadia nggoleki hem kanggo adike ning uniqlo,Nadia mencari kemeja untuk adiknya di uniqlo,Nadia cari baju kemeja untuk adiknya di uniqlo,0.9828075766563416
"101 dalmatians: The series yaiku seri kartun tipi sing digawe karo disney television animation, kerjo bareng karo jumbo pictures.","101 dalmatians: The series adalah sebuah seri animasi televisi yang diproduksi oleh disney television animation, bekerja sama dengan jumbo pictures.","101 dalmatians: The series merupakan seri kartun televisi yang dibuat oleh disney television animation, bekerjasama dengan jumbo pictures.",0.9619821310043335
Kantor kang nyambungake korsel - korut dibuka pekan iki,Kantor penghubung korsel - korut dibuka pekan ini,Kantor perhubungan korsel - korut dibuka pekan ini,0.9584779143333435
Menehi berkah bareng sinde! Etukna 50 paket umroh saben tuku minimal rp 15.000 ning alfamart.,Berbagi berkah bersama sinde! Dapatkan 50 paket umroh setiap pembelian minimal rp 15.000 di alfamart.,Berkah berbagi bersama sinde! Raih 50 paket umroh setiap pembelian minimal rp 15.000 di alfamart.,0.9776111841201782
"Tuku kaos, topi utawa jam tangan ning lapak monoton roomstore busa ditawa khusus nganggo aplikasi ning hape bosku.","Beli kaos, topi atau jam tangan di lapak monoton roomstore bisa diego khusus pakai aplikasi di hape boskuh.","Beli baju, topi atau jam tangan di lapak monoton roomstore bisa diskon khusus menggunakan aplikasi di handphone bosku.",0.9545896053314209
"Aplikasi google maps akeh paedahe, aku puas nganggone!","Aplikasi google maps sangat bermanfaat, saya puas menggunakannya!","Aplikasi google maps banyak manfaat, saya puas menggunakannya!",0.9822758436203003
"Kanggo malem minggu ing kene pasangan diwenehi panggonan sing ora kapenak, amarga pas uwong lewat ing kana panggonane dhewe obah-obah, luwih pase mirip kaya warung pinggir dalan. Ora sesuai karo rega panganane sing disajikake, kudune pasangan uga diwenehi panggonan sing apik uduk sembarang nerima tamu lan dideleh ing panggonan kaya kuwi.","Untuk malam minggu di sana pasangan diberi tempat yang tidak nyaman, karena saat orang lewat di sana tempat kami goyang-goyang, lebih tepatnya mirip seperti warung pinggir jalan. Tidak sesuai dengan harga makanan yang disajikan, seharusnya pasangan juga diberi tempat yang bagus bukan sembarang terima tamu dan taruh di tempat seperti itu.","Untuk malam minggu di sini pasangan diberikan tempat yang tidak nyaman, karena saat orang lewat di situ tempat kita goyang-goyang, lebih enak mirip seperti warung pinggir jalan. Tidak sesuai dengan harga makanan yang disajikan, seharusnya pasangan juga diberikan tempat yang baik tidak sembarangan menerima tamu lalu diletakkan di tempat seperti itu.",0.9752260446548462
Menu panganan cukup rena-rena lan nggarai sir mesen kabeh. Mirah? Jelas ae!,Menu makanan cukup bervariasi dan bikin mau dipesan semuanya. Murah? Pastinya!,Menu makanan cukup menggoda dan membuat saya memesan semuanya. Murah? Jelas dong!,0.927688717842102
Bagikno sak akeh-akehe. Ben wong iki diproses. Kangen ndelok video njaluk sepiro karo nangis-nangis terus wadul nyang mbok e terus omong lak perlakuane kuwi ora sengaja.,Bagikan sebanyak-banyaknya. Biar ini orang diproses. Kangen melihat video minta maaf sambil nangis-nangis lalu ngadu ke emak lalu bilang kalau perlakuan itu tidak sengaja.,Bagikan sebanyak-banyaknya. Biar orang ini diproses. Lu tega lihat video minta uang sampai menangis lalu adu ke ibunya terus bilang kalau perbuatan itu tidak sengaja.,0.9463567733764648
"Soto kudus iki anane ning pinggir dalan, kaping pisan arep mangan rada ora mantep uga sih. Amarga pengen ngerti rasa kudus yo dijajal sek. Ee saktenane uga enak lho, lan ana uga pilihan kanggo nyampurake, pokoke enak tenan. Regane murah pol deh. ","Soto kudus ini adanya di kaki lima, pertama kali mau makan agak ragu juga sih. Karena ingin tahu rasa kudus ya dicoba dulu. Ee ternyata enak juga lho, dan ada juga pilhan untuk mencampurnya, pokoknya enak sekali deh. Harganya murah meriah deh.","Soto kudus ini berada di pinggir jalan, pertama kali mau makan agak ragu juga sih. Karena pengin tahu rasa kudus ya dicoba saja deh. Eh ternyata enak juga lho, dan ada juga pilihan untuk mencampurnya, pokoknya enak banget. Harganya murah banget deh.",0.967100977897644
Olahraga wengi isa dadi pilihan kanggo ngisi wektu lowong.,Olahraga di malam hari dapat menjadi pilihan untuk mengisi waktu luang.,Olahraga malam bisa jadi pilihan untuk mengisi waktu luang.,0.9793732166290283
Restoran seafood. Menu spesiale yuyu sing dipangan karo kulite. Kanggo aku kurang enak. Kulite isih rada atos. Pelayanane biasa-biasa bae.,Restoran seafood. Menu spesialnyanya kepiting yang dimakan dengan kulitnya. Untuk saya kurang enak. Kulitnya masih agak keras. Pelayanannya biasa-biasa saja.,Restoran masakan seafood. Menu spesialnya kepiting yang dimakan beserta kulitnya. Menurut saya kurang enak. Kulitnya masih agak keras. Pelayanan biasa saja.,0.9778895974159241
"Enak lumayan, nanging regane larang amarga porsine luwih sithik. Ana pilihan infused kangen water sek cukup kanggo 4 uwong","Enak lumayan, tapi harganya mahal karena porsinya sedikit kecil. Ada pilihan infused kangen water yang cukup untuk 4 orang","Enak lumayan, tapi harganya mahal karena porsinya lebih sedikit. Ada pilihan infused kangen water yang cukup untuk 4 orang",0.9932336807250977
"Dinggo daerah banda aceh lan sekitare sik lancar, ora ana gangguan blas.","Untuk daerah banda aceh dan sekitarnya masih lancar, tidak ada gangguan sama sekali.","Untuk daerah banda aceh dan sekitarnya masih lancar, tidak ada gangguan sama sekali.",1.0
Emosi karo gojek sing kerep nyasar yen arep menyang omahku.,Emosi dengan gojek yang selalu nyasar kalau mau ke rumah saya.,Kesal sama gojek yang sering nyasar kalau mau ke rumah saya.,0.9679499268531799
"Kafe sing nyaman, enak lan murah kanthi desain kafe sing unik lan marakna krasan. Panganan enak lan kopi enak lan fasilitas wifi sing cepet lan tv kabel","Kafe yang nyaman, enak dan murah dengan desain kafe yang unik dan bikin betah. Makanan enak dan kopi enak serta fasilitas wifi yang cepat dan tv kabel","Kafe yang nyaman, enak dan murah dengan desain kafe yang unik dan membuat betah. Makanan enak dan kopi enak serta fasilitas wifi yang cepat dan tv kabel",0.9974759817123413
"Uwis sewulan luwih ora mangan indomie, sakpisane mangan langsung nggawe rong porsi indomie goreng jumbo.","Sudah sebulan lebih tidak makan indomie, sekalinya makan langsung bikin dua porsi indomie goreng jumbo.","Sudah sebulan lebih tidak makan indomie, sekali makan langsung menghabiska dua porsi indomie goreng jumbo.",0.9703128337860107
"Mangan sikil wedus bagian pupu sing empuk lan lumayan gedhi dinggo ukuran medium, pas dingge wong siji, mangan tanpa sega, karo es lemon tea. Seger kurange mung panggone kebul-kebul, wajar kan jenenge uga wedus bakar hehehe","Makan kaki kambing paha yang empuk dan lumayam besar untuk ukuran medium, pas untuk satu orang, makan tanpa nasi, dengan es lemon tea. Segar kekurangannya hanya tempatnya berasap, wajar kan namanyan jg kambing bakar hehehe","Makan kaki kambing bagian pupu yang empuk dan lumayan besar untuk ukuran medium, pas buat makan orang satu, makan tanpa nasi, dengan es lemon tea. Segar hanya saja minus tempat agak berasap, wajar sih namanya juga kambing bakar hehehe",0.9480141997337341
"Panggone lumayan unik, rasa panganane biasa, menu sing ditawakne uga biasa, mung panggone karo keunikane sing menarik, cara nyeluk pelayane nganggo nutuk kentongan,. Aku pas mrana wengi, diambah udan, udarane lumayan adem nyrusuk belung, sempet ngenteni kira-kira limolas menit ben iso entuk panggon, merga bek blok wektu iku. Disaranke lak sir mrana sore-sore.","Tempatnya cukup unik, rasa makanan standar, menu yang ditawarkan juga biasa, hanya saja yang menarik tempat dan keunikannya, cara memanggil pelayannya dengan memukul kentongan,. Aku pas ke sana pada malam hari, ditambah hujan, udaranya cukup dingin menusuk tulang, sempat menunggu kira-kira 15 menit untuk bisa dapat tempat, karena penuh blok pada saat itu. Disarankan kalau mau ke sana sore-sore.","Tempatnya lumayan unik, rasa makanan biasa saja, menu yang ditawarkan juga biasa saja, hanya saja tempat dan keunikan yang menarik, memanggil pelayan dengan memukul kentongan,. Saya pas ke sana malam, hujan, udara lumayan dingin menmbus sampai ke dalam, sempat menunggu sekitar lima belas menit untuk mendapatkan tempat, karena penuh di jam tersebut. Disarankan kalau mau ke sana sore-sore.",0.9538205862045288
"Ning pilkada 2018, polri dijaluk ningkatne pengamanan ning sekitar tps.","Dalam pilkada 2018, polri diminta meningkatkan pengamanan di sekitar tps.","Di pilkada 2018, polisi diharap tingkatkan pengamanan di sekitar tps.",0.9606870412826538
"Ora bosen apa film indonesia sing main deknen terus, udu ngomong deknen ora apik, nanging yen pemaine kuwi kuwi bae uga bosen ndheloke.","Tidak bosan apa film indonesia yang main dia terus, bukan bilang dia tidak bagus, tetapi kalau pemain itu itu melulu jenuh juga melihatnya.","Tidak bosan apa film indonesia yang main mereka terus, bukan bilang mereka tidak bagus, tetapi kalau pemain itu itu saja juga bosan melihatnya.",0.9728443026542664
Wingi Dian tuku kathok anyar liwat aplikasi Lazada,Kemarin Dian membeli celana baru lewat aplikasi Lazada,Kemarin dian membeli tas baru melalui aplikasi lazada,0.9334014058113098
"Dhewe arep menyang lembang kanthi kahanan luwe. Pas ndhelok saung pengkolan iki dhewe langsung mandhek kanggo mangan. Dhewe milih lesehan ing tingkat 2 dadi entuk pemandangan sek apik. Pesenane dhewe yaiku cumi goreng glepung, gurame goreng krispi, oseng genjer lan rong menu tahu sek aku lali jenenge. Umume ora ana sek istimewa saka hidangan kuwi. Mbok menawa pilihanku. Lanjutane","Kami dalam perjalanan ke lembang dalam keadaan lapar. Saat melihat saung pengkolan ini kami langsung berhenti untuk makan. Kami memilih lesehan di lantai 2 sehingga mendapatkan pemandangan yang indah. Pesanan kami adalah cumi goreng tepung, gurame goreng crispy, tumis genjer dan dua menu tahu yang saya lupa namanya. Secara keseluruhan tidak ada yang istimewa dari hidangan tersebut. Mungkin pilihan saya. Lanjutan","Kita akan ke lembang dalam keadaan lapar. Melihat saung pertemuan ini kita langsung berhenti untuk makan. Kita memilih lesehan di tingkat 2 sehingga mendapat pemandangan yang bagus. Pemesanan kita adalah cumi goreng tepung, gurame goreng krispi, sayur genjer dan dua menu tahu yang aku lupa namanya. Secara keseluruhan tidak ada yang istimewa dari hidangan tersebut. Mungkin pilihan saya. Bersambung",0.9579081535339355
Entuk bonus tcahs 12.500 nanging ora isa dienggo kanggo tuku pulsa sing regane 10 ewu h aneh,Dapat bonus tcash 12.500 tapi tidak bisa dipakai buat beli pulsa yang seharga 10 ribu h aneh,Dapat bonus tcahs 12.500 tapi tidak bisa digunakan untuk membeli pulsa sebesar 10 ribu h aneh,0.9515700340270996
"Kaping kapisan aku marang rana, meja-meja mulai tuwa lan uga menu panganan sing ora patio variatif. Nanging regane ora bisa diomong murah, amarga kudune kanthi rega-rega sakmono bisa entuk sing luwih apik. Utamane pas aku marang kamar mandi, reged tenan lan mambu ora enak:","Saat pertama ke sana, meja-meja mulai usang dan juga menu makanan yang tidak begitu bervariatif. Namun harganya tidak bisa dibilang murah, karena seharusnya dengan harga-harga segitu bisa dapat yang lebih baik. Terutama saat saya ke toilet, sangat kotor dan berbau tidak sedap:","Pertama kali saya ke sana, meja-meja mulai tua dan begitu juga menu makanan yang tidak terlalu variatif. Namun harganya tidak bisa dibilang murah, karena seharusnya dengan harga-harga demikian dapat memperoleh yang lebih baik. Terutama ketika saya ke kamar mandi, sangat kotor dan berbau tidak enak:",0.9750097990036011
"Ombean apa sih kok cara nggombene aneh, rasane uga aneh maneh","Minuman apa sih kok cara minumnya aneh, rasanya aneh juga lagi","Minuman apa sih kok cara jualnya aneh, rasanya juga aneh lagi",0.9801942110061646
"Tanggal 12 february iku ulang taune pacarku, lan aku ngajak dee dinggo mangan nyang sawiji restoran sing terkenal ning surabaya. Aku pengen menehi kado ulang taun karo mangan sing enak ning kana. Nanging. Pas iku aku teka kira kira jam setengah 3. Panggon kebeg dadi awakdewe kudu ngenteni. Daftar tunggu pas kuwi sekitar 4 meja.","Tanggal 12 february adalah ulang tahun pacar saya, dan saya mengajak dia untuk makan di sebuah restaurant yang terkenal di surabaya. Saya ingin memberi kado ulang tahun dengan makan yang enak di sana. Tapi. Saat itu saya datang kira kira jam setengah 3. Tempat penuh sehingga kami harus menunggu. Daftar tunggu pada saat itu sekitar 4 meja.","Tanggal 12 februari itu ulang tahun pacar saya, dan saya ajak dia makan ke salah satu restoran yang terkenal di surabaya. Saya ingin memberi kado ulang tahun dengan makan yang enak di sana. Namun. Ketika itu saya sampai sekitar jam setengah 3. Tempat penuh sehingga kami harus menunggu. Daftar tunggu saat itu sekitar 4 meja.",0.9798673987388611
"Ora seneng ndelok bocah sma saiki, yen nganggo jilbab rambute pada disengajakake metu, maksude apa?","Tidak suka melihat anak sma sekarang, kalau pakai jilbab rambutnya pada disengajakan keluar, maksudnya apa?","Tidak suka melihat anak sma sekarang, kalau pakai jilbab rambutnya sengaja dikeluarkan, maksudnya apa?",0.9695956110954285
Calon-calon pemimpin negeri iki cukup kuwat nyiapake strategi kanggo kemenangane.,Calon-calon pemimpin negeri ini cukup kuat mempersiapkan strategi untuk kemenangannya.,Calon-calon pemimpin negeri ini cukup kuat menyiapkan strategi demi kemenangannya.,0.9856755137443542
Adikku lagi ndhelok harry potter ing trans tv,Adik saya sedang menonton harry potter di trans tv,Adikku sedang menonton harry potter di trans tv,0.9570721983909607
"Salah siji restoran paling tak senengi ning bandung. Panggonane nylepit, nanging isih kenek dijangkau. Menu panganane enak, sunda banget. Pemadangane ya apik, kahanane pancen nggarai mripat lan ilat kabeh puas. Bar mangan sampek wareg. maleh sir turu ning saunge.","Salah satu restoran favorit saya di bandung. Lokasinya terpencil, tetapi masih terjangkau. Menu makanannya enak, sunda sekali. Pemandangannya indah, suasananya memang membuat mata dan lidah semua terpuaskan. Selesai makan sampai kenyang, jadi ingin tidur di saungnya.","Salah satu restoran paling aku suka di bandung. Tempatnya memang menanjak tapi masih dapat dijangkau. Menu makanannya enak, sangat sundanese. Pemandangannya ya bagus, suasana memang membuat mata dan lidah puas. Makan sampai kenyang. Malah tidur siang di saungnya.",0.9513388276100159
Endi taring kpk? Kasus ecek-ecek puluan yuta kowe cekel senajan nganti ing bolongan semut! Waras kowe kpk?,Mana taring kpk? Kasus ecek-ecek puluhan juta kamu tangkap sampai ke lubang semut sekalipun! Waraskah anda kpk?,Mana tega KPK? Kasus korupsi puluhan juta saja kalian tahan sampai ke lobang semut! Sakit memang kalian KPK?,0.8876897692680359
"Menu ning panggen iki asline sederhana banget nanging sing nduwe kreatif. Sajian mie, roti lan panganan penutupe di campur karo rena-rena pilihan. Panggone asik dingge nglumpuk karo kanca-kanca. Dingge regane ora tek larang sumbut karo rasane.","Menu di tempat ini sebetulnya sederhana banget tapi pemiliknya kreatif. Sajian mie, roti dan makanan penutupnya di mix sama berbagai pilihan. Tempatnya asik buat berkumpul dengan teman-teman. Untuk harganya tidak terlalu mahal sesuai sama rasanya.","Menu di tempat ini sebenarnya sederhana sekali tapi pemiliknya kreatif. Sajian mie, roti dan makanan penutup dicampur dengan berbagai pilihan. Tempatnya asik buat kumpul bersama teman-teman. Buat harga tidak terlalu mahal sebanding dengan rasanya.",0.9657653570175171
"Restoran kanthi metode penyajian bedha. Piring panggonan mangan diganti karo godhong gedhang. Menu panganan khas sunda kanthi citarasa sing enak. Saka segi rega cukup kakancan, panggonan mangan amba lan akeh pilian meja, parkir cukup amba.","Restoran dengan metode penyajian berbeda. Piring tempat makan diganti dengan lembaran daun pisang. Menu makanan khas sunda dengan citarasa yang enak. Dari segi harga cukup bersahabat, tempat makan luas dan banyak pilihan meja, parkir cukup luas.","Restoran dengan metode penyajian yang berbeda. Piring tempat makan diganti dengan daun pisang. Menu makanan khas sunda dengan citarasa yang enak. Dari segi harga cukup bersahabat, tempat makan luas dan banyak pilihan meja, parkir cukup luas.",0.9946378469467163
"Restoran alas daun nyajikake menu khas sunda sek ora beda adoh karo restoran khas sunda liyane, nanging sek nggawe beda yaiku ora nganggo piring lan mung diwenehi godhong gedhang sek diselehake ing meja sek ngganteni piring. Dadi kaya uwong ing India sek mangan didhasarkae godhong gedhang.","Restoran alas daun menyajikan menu khas sunda yang tidak jauh berbeda dengan restoran khas sunda lainnya, tapi yang membuatnya berbeda adalah tanpa piring, dan hanya diberi daun pisang yang diletakkan di meja sebagai pengganti piring. Jadi mirip orang di india yang makan beralaskan daun pisang.","Restoran alas daun menyajikan menu khas sunda yang tidak jauh berbeda dengan restoran masakan khas sunda lainnya, namun yang membedakannya adalah tidak menggunakan piring dan hanya diberikan daun pisang yang diletakkan di meja yang menggantikan piring. Jadi seperti orang di india yang makanan diletakkan di atas daun pisang.",0.9685974717140198
Rasa sotone miturutku pedes nanging gurih. Ngombe sirup markisa sing seger karo es liline sing enak.,Rasa sotonya menurut saya pedas tapi gurih. Minum sirup markisa yang segar sama es lilinnya yang enak.,Rasa soto menurut saya pedas tapi gurih. Minum sirup markisa yang menyegarkan dengan es lilin yang enak.,0.9747311472892761
"Aku mara ning restoran iki kanggo mangan wengi bareng rencang. Aku mesen stik pithik sing sebenere aku lali jenenge. Rasane biasa banget wae, anyep. Pithike kandhel lan krasa atos lan garing banget. Ora ana sing istimewa.","Saya mengunjungi restoran ini untuk makan malam bersama teman. Saya memesan steak ayam yang sebenarnya saya lupa namanaya. Rasanya sangat biasa saja, hambar. Ayamnya tebal dan terasa keras dan kering sekali. Tidak ada yang istimewa.","Saya datang ke restoran ini untuk makan malam bersama rekan. Saya memesan stik ayam yang sebetulnya saya lupa namanya. Rasanya biasa saja, dingin. Ayamnya tebal dan terasa keras dan kering banget. Tidak ada yang istimewa.",0.9627836346626282
Dhewe kan saling sengit siji liyane kawit 4 taun kepungkur.,Kita kan saling membenci satu sama lain sejak 4 tahun yang lalu.,Kami kan saling membenci satu sama lain sejak 4 tahun yang lalu.,0.9948421716690063
Bapak biasane nganggo semir sepatu kiwi,Ayah biasanya memakai semir sepatu kiwi,Bapak biasanya pakai semir sepatu kiwi,0.9668867588043213
Richeese factory yaiku restoran waralaba sing nyajikake pithik kanthi rasa pedes kanthi macem-macem level. Cocok tenan kanggo kowe sing tresna rasa pedes.,Richeese factory adalah restaurat waralaba yang menyajikan ayam dengan rasa pedas dengan berbagai level. Sangat cocok untuk anda pecinta rasa pedas.,Richeese factory adalah restoran makanan cepat saji yang menyajikan ayam dengan rasa pedas dengan berbagai level kepedasan. Sangat cocok untuk anda penggemar rasa pedas.,0.959609866142273
"Pas rapat ning hotel sensa, aku pesen batagor riri nganggo aplikasi gofood / gojek. Pesenan teka ora suwe merga tibake paket batagor lan siomay wes di-pak ning plastik vakum. Rega sing enek ning aplikasi gojek / gojek urung termasuk pajek segedhe 10%.","Saat rapat di hotel sensa, saya memesan batagor riri menggunakan aplikasi gofood / gojek. Pesanan tiba dalam waktu tidak lama karena ternyata paket batagor dan siomay sudah di-pack dalam plastik vakum. Harga yang tertera dalam aplikasi gojek / gojek belum termasuk pajak sebesar 10%.","Pas lagi pertemuan di hotel sensa, saya pesan batagor riri melalui aplikasi gofood / gojek. Pesanan datang tidak lama karena ternyata paket batagor dan siomay sudah di-packing dalam plastik vakum. Harga yang ada di aplikasi gojek / gofood belum termasuk pajak sebesar 10%.",0.9758145809173584
Aku moro ing restoran iki ora pas jam mangan awan. Nanging restorane lumayan rame lan untunge awakdewe isa ndang entuk panggonan lungguh. Lebar lungguh panganan lan ombenane langsung disajikake. Sambel ijone kurang karasa pedes kanggo awakdewe. Panganane enak cukup puas mangan ing kene.,Saya mengunjungi restoran ini bukan saat jam makan siang. Tapi restorannya cukup ramai dan untungnya kami bisa cepat dapat duduk. Begitu duduk makanan dan minuman langsung dihidangkan. Sambal hijaunya kurang terasa pedas buat kami. Makanan enak cukup puas makan di sini.,Saya datang di restoran ini tidak pas jam makan siang. Tetapi restorannya lumayan ramai dan untungnya kami bisa langsung dapat tempat duduk. Setelah makanan dan minuman disajikan langsung kami santap. Sambal ijonya kurang terasa pedas bagi kami. Makanan enak cukup puas makan di sini.,0.967249870300293
"Gampang cemburu ndelok dee guyonan karo wedokan, nanging awakdewe uduk sopo-sopone","Suka cemburu melihat doi bercanda sama cewek, tetapi kita bukan siapa-siapanya","Gampang cemburu lihat dia bercanda dengan perempuan, tapi kita bukan siapa-siapa",0.9602286219596863
Pungkasane aku mangan pesen lewat pesen kirim. Anakku seneng tenan gedel isi iwake. Restoran jaman mbien sing terkenal tenan. Regane sing cukup kajangkau kantong sak lan rasa panganane sing cukup enak.,Terakhir saya makan pesan via delivery order. Anak saya sangat suka perkedel isi daging -nya. Restoran zaman dahulu yang sangat terkenal. Harga yang cukup terjangkau kantong dan rasa masakan yang cukup enak.,Terakhir saya makan pesan melalui pesan antar. Anak saya sangat suka dengan gedel isi ikannya. Restoran zaman dulu yang sangat terkenal. Harga yang cukup terjangkau kantong dan rasa makanan yang cukup lezat.,0.9674762487411499
Parkiran angel bnaget sampek muter ping 3. Saran: Parkir ning cedek hotel ae terus mlaku. Restoran ning area perumahan.,Parkiran susah bener sampai berputar 3x. Saran: Parkir di dekat hotel saja terus jalan kaki. Restoran di area perumahan.,Parkiran sulit sekali sampai muter 3 kali. Saran: Parkir di dekat hotel saja terus jalan kaki. Restoran di area perumahan.,0.9720085859298706
"Aku gumun karo telkomsel, kuotane akeh kok nanging cepet banget enteke, padahal ora akeh mbukak aplikasi abot. Nyurigakake","Suka heran sama telkomsel, kuotanya banyak kok tapi cepat banget abisnya, padahal tidak banyak buka aplikasi berat. Mencurigakan","Aku heran sama telkomsel, kuota banyak kok cepat banget habis, padahal tidak banyak membuka aplikasi berat. Mengecewakan",0.9424253702163696
Bocah saiki lagek gerang wis wani nyolong,Anak sekarang baru gede sudah berani mencuri,Anak sekarang baru sakit sudah berani mencuri,0.9737200140953064
"Nduwe kesempatan nikmati santap isuk merga lagi nginep ning hotel iki. Minangka pengunjung anyar kaya aku lan paling sing liyane isa ae bakal antusias merga suwasana santap isuk sing diwernani karo pemandangan saka sisih wetan, merga saka sisih kuwi ana kaendahan bangunan hotel sepisan kolam renange. Liyane kuwi uga ana barisan bukit lan nggunung bakal nambah pengenan dingge foto-foto.","Berkesempatan menikmati santap pagi karena sedang menginap di hotel ini. Sebagai pengunjung baru seperti saya dan mungkin yang lainnya barangkali akan antusias terhadap suasana santap pagi yang diwarnai dengan pemandangan dari sisi timur, karena dari sisi tersebut terdapat keindahan bangunan hotel berikut kolam renangnya. Selain itu juga terdapat barisan bukit dan pegunungan akan menambah keinginan untuk berfoto ria.","Memiliki kesempatan menikmati sarapan pagi karena sedang menginap di hotel ini. Sebagai pengunjung baru seperti saya dan mungkin yang lainnya bisa saja akan antusias karena suasana makan pagi yang dihiasi dengan pemandangan dari sisi timur, sebab dari sisi itu terdapat keindahan bangunan hotel selain kolam renangnya. Di samping itu juga terdapat barisan bukit dan pegunungan akan menambah selera untuk berfoto foto.",0.9655348658561707
"Telekomunikasi ora mung kanggo kutha gedhe, nanging uga nganthi marang daerah pelosok lan perbatasan negara cc: Telkomsel","Telekomunikasi bukan hanya untuk kota besar, tapi juga sampai ke daerah pelosok dan perbatasan negara cc: Telkomsel","Telekomunikasi tidak hanya untuk perkotaan, tetapi juga hingga ke daerah pelosok dan perbatasan negara cc: Telkomsel",0.9841610193252563
Apike wektu turu paling sithik iku limang jam.,Sebaiknya jam tidur minimal lima jam.,Istirahat yang baik minimal lima jam.,0.9029787182807922
"Aku bareng kanca kerja sengaja nyoba mangan awan ning kene, kanggo panggonan kagolong cukup kapenak yen ning lantai dhuwur. Rasa pithik bakar ning kene tenan dak rekomendasikake karo sambel pelem.","Saya bersama rekan kerja sengaja mencoba makan siang di sini, untuk tempat terbilang cukup nyaman jika di lantai atas. Rasa ayam bakar di sini sangat saya rekomendasikan bersama sambal mangga.","Saya bersama teman kerja sengaja mencoba makan siang di sini, untuk tempat tergolong cukup nyaman kalau di lantai atas. Rasa ayam bakar di sini sungguh saya rekomendasikan dengan sambal mangga.",0.9797937273979187
Aku gela karo pelayanane. Siktasan aku pesen grabfood pesenen ora diterna nanging wis dimarekne. Tulung gae selektif milih tukang nyambut gawe.,Saya kecewa dengan pelayanannya. Barusan saya pesan grabfood pesanan tidak diantar tapi sudah diselesaikan. Mohon untuk selektif memilih pekerja.,Saya kecewa dengan pelayanannya. Tadi saya pesan grabfood pesanan tidak diterima tapi sudah dibayar. Tolong lebih selektif dalam memilih pekerja.,0.9623467922210693
"Wis ilang handphone xiaomi redmi note 5 werna gold 64 / 4 ning daerah duri kidul, jembatan lima, tambora, jakarta barat.","Telah hilang handphone xiaomi redmi note 5 warna gold 64 / 4 di daerah duri selatan, jembatan lima, tambora, jakarta barat.","Hilang handphone xiaomi redmi note 5 warna gold 64 / 4 di daerah duri kidul, jembatan lima, tambora, jakarta barat.",0.9823810458183289
Aku ora kuciwa karo produke apple,Saya tidak kecewa dengan produk apple,Saya tidak kecewa dengan produk apple,0.9999999403953552
"Youtube saben dina saya akeh iklane, njengelake!","Youtube semakin hari semakin banyak iklannya, menyebalkan!","Youtube sekarang banyak sekali iklannya, menyebalkan!",0.9559423327445984
"Iku indomie karo mangkoke wis wira-wiri, kepisah sisan isi lan adahe.","Itu indomie sama mangkoknya sudah berkeliaran, terpisah pula isi sama wadahnya.","Itu indomie sama mangkoknya sudah wara-wiri, terpisah lagi isi dan kuahnya.",0.9349781274795532
Dhewe marang kafe iki kanggo mangan serabi. Serabine kanggo dhewe kandel banget ing bagian tengah. Akeh tenan piliah topping serabine nganti mumet milihe. Ternyata regane luwih larang saka warung setiabudi. Kuciwa.,Kami ke kafe ini untuk makan serabi. Serabinya bagi kami terlalu tebal di bagian tengah. Banyak sekali pilihan topping serabi sampai pusing memilihnya. Ternyata harganya lebih mahal dari warung setiabudi. Kecewa.,Kami ke kafe ini untuk makan serabi. Serabi untuk kami terlalu tebal di bagian tengah. Banyak sekali pilihan topping serabi sampai pusing milihnya. Ternyata harganya lebih mahal dari warung serabi di setiabudi. Kecewa.,0.9863595366477966
"Bistik murah, cocok kanggo sing anggarane cilik nanging pingin mangan murah lan wareg, kajaba bistik uga panganan liyane enak lan murah. Susanane lumayan rame, umume akeh kaluwarga utawa bocah sekolahan.","Steak murah, cocok untuk yang budgetnya kecil tapi ingin makanan murah dan kenyang, selain steak juga makanan lainnya enak dan murah. Suasananya lumayan ramai, biasanya banyak keluarga atau anak sekolahan.","Bistik murah, cocok buat yang budget kecil tapi ingin makan murah dan kenyang, selain bistik ada makanan lain juga enak dan murah. Suasananya lumayan ramai, kebanyakan banyak keluarga atau anak sekolah.",0.9694592952728271
"Pertemuan antarane pihak bank bri, bpbat sungai gelam - jambi, lan pokdakan sek ana ing desa pudak. Kanggo ngrembug bentuk panyaluran dana csr saka bank bri","Pertemuan antara pihak bank bri, bpbat sungai gelam - jambi, dan pokdakan yang ada di desa pudak. Untuk mendiskusikan bentuk penyaluran dana csr dari bank bri","Pertemuan antara pihak bank bri, bpbat sungai gelam - jambi, dan pokdakan yang ada di desa pudak. Untuk membahas bentuk penyaluran dana csr dari bank bri",0.9926263689994812
"Panggonan iki menarik tenan, pemandangan apik, ana arena dolanan ing njaba kanggo sakulawarga. Tenan disaranake kanggo kaluwarga sing ndhuwe bocah cilik. Panganan halal lan menu rena-rena.","Tempat ini sangat menarik, pemandangan bagus, ada arena bermain di luar untuk sekeluarga. Sangat disarankan untuk keluarga dengan anak kecil. Makanan halal dan menu bervariasi.","Tempat ini menarik banget, pemandangan bagus, ada arena bermain di luar untuk satu keluarga. Sangat direkomendasikan untuk keluarga yang punya anak kecil. Makanan halal dan menu bervariatif.",0.967147171497345
"Hotel arep check-in wae ruwet. Nunggu amarga ngresiki kamar suwe banget, gela lah. Iki pisanane aku mrana. Terus langsung diwenehi kesan pisanan sing ora apik.","Hotel mau  check-in aja ribet. Menunggu karena membersihkan kamar lama banget, kecewa dah. Ini pertama kalinya gue ke sana. Terus langsung dikasih first impression yang tidak bagus.","Hotel mau check-in saja ribet. Menunggu karena membersihkan kamar lama banget, jengkel deh. Ini pertama kali saya ke sana. Langsung diberikan kesan pertama yang tidak baik.",0.9625465869903564
"Amarga kartu oktrip wektu iki yaiku saka bni, mulakna isi ulang isa dilakokake ing mitra-mitra sing kerja sama karo bni.","Karena kartu oktrip saat ini adalah dari bni, maka isi ulang bisa dilakukan di mitra-mitra yang bekerjasama dengan bni.","Karena kartu oktrip kali ini adalah dari bni, maka isi ulang dapat dilakukan di mitra-mitra yang bekerjasama dengan bni.",0.9915237426757812
Ngge kabeh seh apik. Karyawane yo grapyak grapyak. Lan pemandangane apik. Nanging panganane kelarangen. Larang banget malah. Dompet kudu kandel.,Secara keseluruhannya sih bagus. Karyawanya juga ramah ramah. Dan pemandangannya bagus. Tapi makanannya terlalu mahal. Mahal banget malah. Dompet harus tebal.,Walaupun memang bagus. Karyawannya ramah ramah. Dan pemandangannya bagus. Tetapi makanannya kemahalan. Mahal banget malah. Dompet harus tebal.,0.9663892984390259
"Mangan karo kaluwarga bakal luwih nyenengake kanthi kabeh fasilitas sing ana. Lokasine sing apik, panganane sing cukup enak kanthi aneka werna pilian. Lan pemandangan lan suwasana dadi andalan","Makan bersama keluarga akan lebih menyenangkan dengan semua fasilitas yang ada. Lokasi yang bagus, makanan yang cukup enak dengan beragam pilihan. Dan pemandangan serta suasana jadi andalan","Makan bersama keluarga akan lebih menyenangkan dengan segala fasilitas yang ada. Lokasi yang bagus, makanan yang cukup enak dengan berbagai pilihan. Dan pemandangan dan suasana menjadi andalan",0.9903470277786255
"Sega goreng mafia sing manggon ning dalan setiabudi awakdewe pilih merga pingin golek panganan sing cepet. Ditambah yaiku salah siji kuliner sing wajib diparani ning bandung. Aku milih sega goreng sing favorit ning kene yaiku sega goreng bandit sing tingkat pedese ning level 3. Panganan sing disajikne cukup cepet, nanging sayange sega goreng sing tak pesen segane atos, bumbon rempahe ketutupan.","Nasi goreng mafia yang terletak di jalan setiabudi kami pilih karena ingin mencari makanan yang cepat. Ditambah merupakan salah satu kuliner yang wajib dikunjungi di bandung. Saya memilih nasi goreng yang favorit di sini yaitu nasi goreng bandit hingga tingkat kepedasan di level 3. Makanan yang disajikan cukup cepat, namun sayangnya nasi goreng yang saya pesan nasinya keras, bumbu rempahnya tertutupi.","Nasi goreng mafia yang berada di jalan setiabudi kami pilih karena ingin mencari makanan yang cepat. Selain itu juga termasuk satu kuliner yang wajib di singgahi di bandung. Saya memilih nasi goreng yang favorit di sini adalah nasi goreng bandit yang tingkat kepedasannya di level 3. Makanan yang disajikan cukup cepat, namun sayang nasi goreng yang saya pesan nasinya keras, bumbu rempahnya tertutup.",0.9766370058059692
Iki yaiku sop stengkel paling enak ning aceh tamiang.,Ini adalah sop stengkel terenak di aceh tamiang.,Ini adalah sup stengkellez terenak di aceh tamiang.,0.9798288345336914
Kanggo kakang admin tulung doooooonk bales pesen langsungku,Untuk kakak admin tolong doooooonk balas pesan langsung saya,Untuk kakak admin tolong dooooonk balas pesan langsung saya,0.9686041474342346
"Pemandangan sing utama ing sky lounge grandia iki memang isa ngeculake keselmu. Malah isa dadi, para pelancong nggolek area iki ndhisik, dibandingake ngaso ing kamar.","Pemandangan yang utama di sky lounge grandia ini memang dapat melepas penat anda. Bahkan bisa jadi, para pelancong mencari area ini terlebih dahulu, dibandingkan beristirahat di kamar.","Pemandangan yang utama di sky lounge grandia memang bisa melepas lelah. Bahkan bisa jadi, para pelancong mencari area ini lebih dulu, dibandingkan beristirahat di kamar.",0.9833575487136841
"Dhewe teka panggonan iki amarga lokasine sing cedhak karo panggonan dhewe nginep. Dhewe mesen sega bakar lan pasta. Sega bakare enak, akeh pilian, lan ora pedes, isa kanggo bocah-bocah. Dene pasta mung ana sak macem, nanging rasane uga enak. Rega panganan uga ora larang lan kajangkau kanggo panganan ing ngisor 30 ewu. Ing panggonan iki uga gratis wifi.","Kami mengunjungi tempat ini karena lokasinya yang berdekatan dengan tempat kami menginap. Kami memesan nasi bakar dan pasta. Nasi bakarnya enak, banyak pilihan, dan tidak pedas, bisa untuk anak-anak. Sedang pasta hanya ada satu macam, namun rasanya pun enak. Harga makanan pun tidak mahal dan terjangkau untuk makanan di bawah 30 ribu. Di tempat ini juga gratis wifi.","Kami datang ke tempat ini karena lokasinya yang dekat dengan tempat kami menginap. Kami memesan nasi bakar dan pasta. Nasi bakarnya enak, banyak pilihan, dan tidak pedas, bisa untuk anak-anak. Sedangkan pasta hanya ada satu macam, tapi rasanya enak juga. Harga makanan tidak terlalu mahal dan terjangkau untuk makanan di bawah 30 ribu. Di tempat ini juga ada free wifi.",0.98805171251297
"Kanggo ngenthukne pemandangan sing apik kanthi cahyo lampu warna-warni, apike teka ing wayah wengi. Amarga nduweni latar mburi pemandangan jembatan Pasupati sing dadi simbol kota.","Untuk mendapatkan pemandangan yang bagus dengan cahaya lampu warna-warni, sebaiknya berkunjung pada malam hari. Karena memiliki latar belakang pemandangan jembatan Pasupati yang merupakan simbol kota.","Untuk mendapatkan pemandangan yang apik dengan lampu warna-warni, sebaiknya datang pada malam hari. Karena memiliki latar belakang pemandangan jembatan pasupati yang menjadi simbol kota.",0.9885938763618469
"Aku teka ning resto sapulidi iki merga ana rekomendasi saka internet sing tau tak waca lak pemandangan sing apik banget lan panggon mangan pas ning sawah sing nggarai aku sir teka nyang panggon iki. Nanging pas aku teka kabeh ganti dadi elek, mulai panggon parkir sing isa diarani enek, dalan akses amoh lan panggon akses sing cilik.","Saya datang ke resto sapulidi ini karena rekomendasi dari internet yang pernah saya baca bahwa pemandangan yang sangat bagus dan tempat makan tepat di sawah yang membuat saya tertarik untuk datang ke tempat ini. Namun ketika saya sampai semua hal berubah menjadi buruk, mulai dari tempat parkir yang bisa dikatakan tersedia, jalan akses rusak dan kecilnya tempat akses.","Saya datang ke resto sapulidi ini karena rekomendasi internet yang saya baca bahwa pemandangannya sangat indah dan tempat makan tepat berada di sawah yang membuat saya ingin ke tempat ini. Tetapi sesampainya saya semua berubah jadi jelek mulai dari tempat parkir yang bisa dibilang tidak ada, jalan akses becek dan tempat akses yang kecil.",0.9594694972038269
"Amarga ngelih, aku pesen indomie.","Karena lapar, saya pesan indomie.","Karena lapar, saya memesan indomie.",0.9899177551269531
"Sate wedhus lan gule wedhuse maknyus, penyajian panganane uga cepet tenan. Panggonane cukup resik","Sate kambing dan gulai kambingnya maknyus, penyajian makanannya juga sangat cepat. Tempatnya cukup bersih","Sate kambing dan gule kambingnya mantap, penyajian makanan juga cepat sekali. Tempatnya cukup bersih",0.9687183499336243
"Sup guramene enak, pelayanane cepet, grapyak. Restoran resik. Amarga porsi sega sithik tenan, kanggo sing doyan mangan mesthi nambah.","Sup guramenya enak, pelayanan cepat, ramah. Restoran bersih. Karena porsi nasi sangat sedikit, buat yang doyan makan pasti menambah.","Sup guramenya enak, pelayanan cepat, ramah. Restoran bersih. Karena porsi nasi sangat sedikit, untuk yang doyan makan pasti nambah.",0.9915711283683777
"Restorane ana pemandangan curuge, panggonan mangan kaya saung. Saunge ana akeh saka ngisor munggah nganthi ing ndhuwur, saya munggah saya katon pemandangan curuge.","Restorannya ada pemandangan air terjunnya, tempat makan berupa saung. Saungnya ada banyak dari bawah naik hingga ke atas, semakin ke atas semakin terlihat pemandangan air terjunnya.","Restoran yang ada pemandangan air terjunnya, tempat makan berupa saung. Saung ada banyak dari bawah sampai di atas, semakin ke atas kita akan melihat pemandangan air terjunnya.",0.9739248752593994
"Pelayane grapyak. Nggarai terus pingin teka maneh. Kebeneran uga kerep nginep ning kene, hotele resik lan pemandangane saka kamar hotel apik.","Pelayannya ramah. Bikin selalu ingin datang kembali. Kebetulan juga sering menginap di sini, hotelnya bersih dan pemandangan dari kamar hotel bagus.","Pelayanan ramah. Bikin ingin kembali lagi. Kebetulan juga sering menginap di sini, hotelnya bersih dan pemandangan dari kamar hotel bagus.",0.9796707034111023
"Mangan mbengi karo kabeh kaluwarga ing dina ulang taun bojo ndhuweni kesan tenan kanthi suasana sing narik ati ing hotel. Pelayanan sing grapyak tenan saka mas tian. Ora kudu ngenteni suwi, panganan lan ombean sing dipesen.","Makan malam bersama seluruh keluarga di hari ulang tahun suami menjadi sangat berkesan dengan suasana yang menawan di hotel. Pelayanan yang sangat ramah dari mas tian. Tidak perlu menunggu lama, makanan dan minuman yang dipesan.",Makan malam bersama sekeluarga pada saat ulang tahun istri sangat berkesan dengan suasana yang menarik di hotel. Pelayanan yang sangat ramah dari mas tian. Tidak perlu menunggu lama untuk makanan dan minuman yang dipesan.,0.9732161164283752
"Obong terus pak, suwek-suwek wae persatuan lan kesatuan Indonesia nganggo retorika mu.","Bakar terus pak, cabik-cabik saja persatuan dan kesatuan Indonesia dengan retorika mu.","Ngomong terus pak, hanya bisa mengumbar isu persatuan dan kesatuan indonesia dengan retorika lo.",0.9203658103942871
"Manggon ana ing pinggiran bukit, panggonane amba, nyenengake lan nyaman. Nduwe pemandangan sek nyenengake mripat, kaya gunung, kebon, lan kutha bandung nalika didhelok saka ndhuwur. Pegawaine cekatan lan grapyak. Menu panganane akehe menu steak sanajan uga ana menu sega goreng, gurame, lan liya-liyane. Restoran sing direkomendasikake kanggo diparani nalika teka ing bandung.","Terletak di tepi bukit, tempatnya luas, menyenangkan dan nyaman. Memiliki pemandangan yang memanjakan mata, seperti gunung, perkebunan, dan kota bandung jika dilihat dari atas. Pegawainya cekatan dan ramah. Menu makanan di dominasi oleh menu steak walaupun ada juga menu nasi goreng, gurame, dll. Restoran yang direkomendasikan untuk dikunjungi ketika datang ke bandung.","Berada di tepian bukit, tempatnya luas, menyenangkan dan nyaman. Memiliki pemandangan yang menyejukkan mata, seperti gunung, kebun dan kota bandung ketika dilihat dari atas. Pelayannya cepat dan ramah. Menu makanannya kebanyakan menu steak meskipun ada juga menu nasi goreng, gurame dan sebagainya. Restoran yang direkomendasikan untuk dikunjungi ketika berkunjung ke bandung.",0.9657104015350342
Bca lagi ngadakake acara ulang tahun lan ngundang kabeh karyawane kanggo melu acara kuwi.,Bca sedang mengadakan acara ulang tahun dan mengundang seluruh karyawannya untuk mengikuti acara tersebut.,Bca kembali mengadakan acara ulang tahun dan mengundang seluruh karyawan untuk mengikuti acara tersebut.,0.982887327671051
"Kawit mbukak cendana bistro aku wis njajal panganan, dinggo aku kurang cocok, panganane biasa-biasa ora ana sing spesial.","Sejak buka cendana bistro saya sudah coba makanan, untuk saya kurang cocok, makanannya biasa-biasa tidak ada yang spesial.","Sejak buka cendana bistro saya sudah mencoba makanan, untuk saya kurang cocok, makanan biasa-biasa saja tidak ada yang spesial.",0.989216148853302
Minimal biaya transaksi wulan 11 sing kudune dibalekake wulan 12 wingi ora mlebu ing rekeningku kie.,Minimal biaya transaksi bulan 11 yang harusnya direfund bulan 12 kemarin tidak masuk ke rekening saya nih.,Minimal biaya transaksi bulan 11 yang harus kembali bulan 12 kemarin tidak masuk ke rekening saya nih.,0.976239800453186
"Sakwise kalap blanja, dhewe mutusake kanggo mangan ing warung tenda pinggir dalan. Ana ing lelungan marang hotel, dhewe lewat dalan cilik kanggo nyingkir saka macet, lan ketemu warteg iki. Pas teka rame banget! Dhewe kudu antri sediluk. Dhewe pesen sega uduk, pithik bakar madu, usus, kubis goreng. Rasane enak! Pithik bakar madune parah nggawe kemaningan banget!","Setelah kalap belanja, kami memutuskan untuk makan di warung tenda pinggir jalan. Dalam perjalanan pulang ke hotel, kita lewat jalan kecil untuk menghindari macet, dan bertemu warteg ini. Pas datang ramai banget! Kita mesti antre sebentar. Kami pesan nasi uduk, ayam bakar madu, usus, kol goreng. Rasanya enak! Ayam bakar madunya parah bikin ketagihan banget!","Habis kalap belanja, kami memutuskan untuk makan di warung tenda pinggir jalan. Dalam perjalanan menuju hotel, kami memutar jalan kecil untuk menghindari macet, dan menemukan warteg ini. Pas sampai luar biasa ramai! Kami harus antre cukup lama. Kami pesan nasi uduk, ayam bakar madu, usus, sayur lodeh, dan ampela. Rasanya enak! Ayam bakar madunya parah bikin ketagihan banget!",0.9686795473098755
Beritane sing ora berkualitas lan ora ndidik pol. Kebeg kepentingan lan golek rai.,Pemberitaanya yang tidak berkualitas dan sangat tidak mendidik. Penuh kepentingan dan pencitraan,Beritanya yang tidak berkualitas dan tidak mendidik banget. Penuh kepentingan dan mencari muka.,0.9440966844558716
Bakul alon nanggepi. Ana masalah suwe diurus. Nganti saiki barang urung diganti,Penjual lambat menanggapi. Ada kendala lama diurus. Sampai sekarang barang belum diganti,Lama penjual menanggapi. Ada masalah lama baru diurus. Sampai sekarang barang belum diganti,0.9643335342407227
Aja lewatke diskon langsung nganti Rp 10 yuta ning kene!,Jangan lewatkan diskon langsung hingga Rp 10 juta di sini!,Jangan lewatkan diskon langsung hingga rp 10 juta di sini!,0.9757391214370728
Pt kami lan 12 bank wis tapak asma pembiayaan lrt jabodetabek,Pt kami dan 12 bank sudah menandatangani pembiayaan lrt jabodebek,Pt kami dan 12 bank telah meneken nota kesepahaman pembiayaan lrt jabodetabek,0.9205245971679688
"Nembe ngerti babagan panggonan iki saka kanca, wektu dhewe teka pengunjunge ora patia akeh, dadi dhewe milih kanggo lungguh ing lantai loro karo nikmati pemandangan ing njaba. Mbengi kuwi lagi ana pagelaran musik, aku kurang ngerti apa pagelaran musik iki ana saben dina apa ora.","Baru tahu tentang tempat ini dari teman, waktu kami datang pengunjungnya tidak terlalu banyak, jadi kami memilih untuk duduk di lantai dua sambil menikmati pemandangan di luar. Malam itu sedang ada pertunjukan musik, saya kurang tahu apakah pertunjukan musik ini ada tiap hari atau tidak.","Baru tahu mengenai tempat ini dari teman, waktu kami datang pengunjung tidak terlalu banyak, maka kami pilih untuk duduk di lantai 2 sambil menikmati pemandangan di luar. Malam itu sedang ada live musik, saya kurang tahu apakah live musik ini ada setiap hari atau tidak.",0.9753025770187378
Aku pingin tuku 20 tiket dinggo laga persebaya vs arema sesok.,Saya ingin beli 20 tiket untuk laga persebaya vs arema besok.,Saya ingin membeli 20 tiket untuk laga persebaya vs arema besok.,0.9883338212966919
"Panganan uwis oke, nanging kanggo nata panggonan lungguh kurang, katon rame banget dadi ora nyaman, rega lumayan kanthi kualitas sing kurang.","Makanan sudah oke, namun untuk penataan tempat duduk kurang, terlihat terlalu ramai sehingga tidak nyaman, harga lumayan dengan kualitas yang kurang.","Makanan sudah oke, tapi untuk pengaturan tempat duduk kurang, terlihat sangat penuh sehingga kurang nyaman, harga lumayan dengan kualitas yang kurang.",0.9812944531440735
"Aku seneng suwi-suwi ning kene, merga kahanane enak, pencahayaane apik, ana plihan isa ning jaba nggen utawa ning jero. Panganane lumayan.","Saya senang berlama-lama di sini, karena suasananya enak, pencahayaannya bagus, ada pilihan bisa di luar ruangan atau di dalam. Makanannya lumayan.","Saya suka lama-lama di sini, karena suasananya enak, pencahayaan bagus, ada pilihan bisa di luar ruangan atau di dalam. Makanannya lumayan.",0.9846552014350891
Kabeh sing diomongne pak rocky iku ora ana dasare. Nggumun yo kok isa dadi profesor.,Semua yang diomongin sama pak rocky itu tidak berdasar. Heran ya kok bisa jadi professor.,Semua yang diomongkan pak rocky itu tidak ada dasarnya. Heran ya kok bisa jadi profesor.,0.9740170240402222
"Restoran iki nduweni lokasi sing prima ing bukit-bukit sing nduweni hawa sejuk lan pemandangan ijo nyegerake. Mesthi wae tujuan utamane yaiku masakan khas nusantara sing nikmat. Cekake, ngunjungi mrene dhewe entuk ngelakokake sisan wisata ilat, mripat, lan jiwa.","Restoran ini memiliki lokasi yang prima di perbukitan yang memiliki udara sejuk dan pemandangan hijau menyegarkan. Tentu saja tujuan utamanya adalah masakan khas nusantara yang nikmat. Singkatnya, berkunjung ke sini kita dapat melakukan sekaligus wisata lidah, mata, dan jiwa.","Restoran ini memiliki lokasi yang prima di perbukitan yang memiliki hawa sejuk dan pemandangan hijau menyegarkan. Tentu saja tujuan utamanya ya masakan khas nusantara yang nikmat. Singkatnya, mengunjungi ke sini kita sekaligus melakukan wisata lidah, mata, dan jiwa.",0.991200864315033
"Bojoku sek ora terlalu seneng karo ramen, kanggo siki deknen ngomong nek enak lan gurih. Deknen malah mesen maneh kanggo deknen sakwise nyicipi pesenanku.","Istri saya yang tidak terlalu suka ramen, untuk kali ini dia bilang enak dan gurih. Dia malah memesan lagi untuk dirinya setelah mencicipi pesanan saya.","Suami saya yang tidak terlalu suka dengan ramen, untuk saat ini dia katakan kalau enak dan gurih. Dia malah memesan untuk dirinya sendiri setelah mencoba pesanan saya.",0.9659573435783386
Panggone nyaman. Rasane enak. Regane uga saat. Weduse ora prengus. Pokoke cocok kanggo wong sing seneng njajan wedus.,Tempatnya nyaman. Rasanya enak. Harganya juga saat. Kambingnya tidak bau. Pokoknya recomend buat pecinta kuliner kambing.,Tempatnya nyaman. Rasanya enak. Harganya juga pas. Daging tidak bau. Pokoknya cocok buat orang yang suka makanan kambing.,0.9543307423591614
"Salah siji restoran panganan laut paling apik ing kota iki. Apike teka pas preinan dina setu, yuyu isih apik lagi teka. Rega kompetitif, ora murah pancen nanging ora kelarangen kok.","Salah satu restoran seafood terbaik di kota ini. Sebaiknya datang pas liburan hari sabtu, kepiting masih bagus baru datang. Harga bersaing, tidak murah memang tapi tidak kemahalan kok.","Salah satu restoran makanan laut terbaik di kota ini. Sebaiknya datang pas liburan hari sabtu, kepiting masih bagus baru datang. Harga kompetitif, tidak murah memang tapi tidak terlalu mahal kok.",0.979378342628479
"Kanggo nggolek batagor sing asli, kowe ora perlu adoh-adoh nggoleke marang pelosok, cukup arahke kendaraan marang dalan saka djunjunan, dhewe isa nikmati batagor asli sing enak kanthi panggonan sing kapenak. Rasa batagor sing ditawakake ngugah salira tenan amarga batagor disajikake garing-garinge lan diguyang kuwah kacang sing seger","Untuk menemukan batagor yang otentik, anda tak perlu jauh-jauh mencarinya ke pelosok, cukup arahkan kendaraan ke jalan dari djunjunan, kita dapat menikmati batagor asli yang enak dengan tempat yang nyaman. Rasa batagor yang ditawarkan sangat menggugah selera karena batagor disajikan garing-garingnya serta disiram kuah kacang yang segar","Untuk mencari batagor yang asli, anda tidak usah jauh-jauh mencari sampai ke pelosok, cukup mengarahkan kendaraan anda ke jalan dari djunjungan, anda bisa menikmati batagor asli yang enak dengan tempat yang nyaman. Rasa batagor yang ditawarkan sungguh menggugah selera karena batagor disajikan dengan garing dan disiram kuah kacang yang menyegarkan",0.9667676091194153
"Citarasane biasa wae, ora ana sek spesial. Kudune ngenteni cukup suwi nganti teka panganane, pelayane uga kurang grapyak.","Citarasa biasa saja, tidak ada yang spesial. Harus menunggu cukup lama datangnya makanan, pelayan juga kurang ramah.","Citarasa biasa saja, tidak ada yang spesial. Harus menunggu cukup lama sampai makanan datang, pelayanan juga kurang ramah.",0.9815794825553894
Roti ulang tahune spesial nganggo ndhog sakpiring ditambah mozzarella kanggo kowe,Kue ulang tahun spesial pakai telur sepiring plus mozzarella buat kamu,Roti telur tahunya spesial per porsinya plus mozzarella buat anda,0.882336437702179
Arep nesu marang indosat! Kok sinyale ilang terus si,Mau marah ke indosat! Kok sinyalnya hilang melulu si,Mau marah sama indosat! Kok sinyalnya ilang terus sih,0.928553581237793
"Omah mangan sing ngusung konsep tradisional alias jadul iki pantes kowe coba. Kejaba rasane sing pas, warung iki duweni sawetara perkara unik kaya piring sing dienggo yaiku piring seng jaman mbiyen karo gelas ombeane. Jenis menune aneka werna banget. Lan sakkabehe enak enak!","Rumah makan yang mengusung konsep tradisional alias jadul ini patut anda coba. Selain rasanya yang pas, warung ini memiliki beberapa hal unik seperti piring yang digunakan adalah piring seng zaman dahulu berikut gelas minumnya. Jenis menunya sangat beragam. Dan semuanya enak enak!","Rumah makan yang mengusung konsep tradisional alias jadul ini layak anda coba. Selain rasanya yang pas, rumah makan ini memiliki beberapa hal unik seperti piring yang digunakan adalah piring seng zaman dulu dan gelas minumannya. Jenis menunya sangat beragam. Dan semuanya enak enak!",0.9909276366233826
Kfc Palembang Square kerep dadi peyelamat pas luwe pas aku nginep ning sekitar hotel ning lokasi iku. Kabeh wong seneng kfc. Dadi. Kfc ning lokasi iki nyepetne sampeyan dinggo pesen pas sampeyan keluwen ning jero hotel.,Kfc Palembang Square seringkali menjadi penyelamat di saat lapar saat saya menginap di sekitaran hotel di lokasi itu. Semua orang suka kfc. So. Kfc di lokasi ini menyegerakan anda untuk memesan saat anda kelaparan di dalam hotel.,Kfc palembang square sering jadi penyelamat saat lapar ketika saya menginap di sekitar hotel di lokasi tersebut. Semua orang senang dengan kfc. Jadi. Kfc di lokasi ini akan menyita waktu anda untuk memesan ketika anda kelaperan di dalam hotel.,0.9571768045425415
Aneka werna ombean seger kasadia awit saka jus buah nganti rena-rena teh.,Berbagai macam minuman segar tersedia mulai dari jus buah sampai aneka teh.,Aneka minuman segar tersedia mulai dari jus buah hingga berbagai teh.,0.9659679532051086
"Dekwingi 10 Maret 2015, aku dijak anakku mangan awan ning kene. Aku pesen urang kremes lan jangan asem. Bener-bener enak. Lan sing spesial ning kene yaiku sambele, pedes nanging pancet gelem nambah. Jus blackberryne uga enak.","Kemarin 10 Maret 2015, saya diajak anak saya makan siang di sini. Saya pesan udang kremes dan sayur asam. Betul-betul enak. Dan yang spesial di sini adalah sambalnya, pedas tapi tetap mau menambah. Jus blackberrynya juga enak.","Jumat 10 Maret 2015, saya diajak anak saya makan siang di sini. Saya memesan udang kremes dan sayur asem. Sangat enak. Dan yang spesial di sini adalah sambalnya, pedas tapi memang mau tambah. Jus blackberrynya juga enak.",0.9745825529098511
Ndhuwe restoran kudu mewah rapi mosok iki lumuten jamuren pelayane kurang muasake mosok aku ditumpahi banyu sek ombeyane ana madune aku iki alergi madu,Punya restoran harus mewah rapi masa ini berlumut berjamur pelayan kurang memuaskan masa saya ditumpahkan air mana minumnya ada madu saya itu alergi madu,Punya restoran harus mewah rapi kok ini malah berjamur pelayanan kurang memuaskan bahkan saya tumpah air juice yang ada madunya saya kan alergi madu,0.9176477789878845
"Aku nembe bae ganti kartu sing rusak, nanging tetep ora ana sinyal.","Saya baru saja ganti kartu yang rusak, tapi tetap tidak ada sinyal.","Saya baru saja mengganti kartu yang rusak, namun tetap tidak ada sinyal.",0.9955620765686035
Adohi narkoba yaiku salah siji cara sing isa digunakake kanggo ningkatake kualitas anak bangsa.,Jauhi narkoba adalah salah satu cara yang bisa digunakan untuk meningkatkan kualitas anak bangsa.,Jauhi narkoba adalah salah satu cara yang bisa dilakukan untuk meningkatkan kualitas anak bangsa.,0.9928798079490662
"Kafe iki ndhuweni arsitektur bangunan kang apik banget. Amarga penasaran, aku njupuk wektu muteri karo ngenteni panganan teka. Ana galeri sing kebak karo koleksi-koleksi kayu lan ing njaba galeri, katon pemandangan bandung saka ndhuwur. Ing sakitare uga akeh kursi kang digawe saka kayu lan uga watu-watu. Saka panganane, regane kalebu lumayan standar cocok karo kafe-kafe. Aku seneng suasanane.","Kafe ini memiliki arsitektur bangunan yang sangat bagus. Karena penasaran, saya meluangkan waktu berkeliling sembari menunggu makanan datang. Ada galeri yang penuh dengan koleksi-koleksi kayu dan di luar galeri, tampak pemandangan bandung dari ketinggian. Di sekitar banyak juga kursi terbuat dari kayu dan juga bebatuan. Dari sisi makanan, harganya termasuk relatif standar sesuai dengan cafe-cafe. Saya suka suasananya.","Kafe ini memiliki arsitektur bangunan yang sangat menarik. Karena penasaran, saya luangkan waktu untuk berkeliling sambil menunggu makanan datang. Ada galeri yang penuh dengan koleksi-koleksi kayu dan di luar galeri, terlihat pemandangan bandung dari atas. Di sekitarnya juga banyak kursi yang terbuat dari kayu dan juga batu-batu. Dari makanan, harganya termasuk lumayan standar sesuai dengan kafe-kafe. Saya senang dengan suasananya.",0.9797619581222534
"Nganggoa kunci duplikat, bank bri ing tengah kutha dibobol maling, dhuwit rp 1 miliar muspra.","Gunakan kunci duplikat, bank bri di pusat kota dibobol maling, uang rp 1 miliar lenyap.","Gunakan kunci duplikat, bank bri di tengah kota dibobol maling, uang rp 1 miliar raib.",0.9838832020759583
"Mbengi sekitar jam pituan dijak pelanggan marang panggonan mangan iki, umume sih panganane luwih akeh sek di goreng-goreng ngono kaya pithik, babat, usus, ati ampela, nanging miturutku sih rasane biasa wae, lan minyake ing panganan akeh banget. Nanging variane cukup akeh:","Malam sekitar jam tujuan diajak klien ke tempat makan ini, over all sih makanannya lebih banyak yang di goreng-goreng begitu kayak ayam, babat, usus, ati ampela, tapi menurut saya sih rasanya biasa saja, dan minyaknya di makanan terlalu banyak. Tapi variannya cukup banyak:","Malam sekitar jam tujuh diajak pelanggan ke tempat makan ini, kebanyakan sih makanannya lebih banyak yang digoreng-goreng gitu seperti ayam, babat, usus, ati ampela, tapi menurut saya sih rasanya biasa saja, dan minyak di makanan banyak banget. Tapi variasinya lumayan banyak:",0.9697411060333252
"Hai angga, dingge penerbitan tiket owahan jadwal kudu nglakokne pembayaran disik ya.","Hai angga, untuk penerbitan tiket perubahan jadwal diharuskan melakukan pembayaran dulu ya.","Hai angga, untuk penerbitan tiket perubahan jadwal harus melakukan pembayaran dulu ya.",0.9838381409645081
Masku dodol iphone 8 kanggo tuku ps5,Kakak lelaki saya menjual iphone 8 untuk membeli ps5,Handphone saya jual iphone 8 buat beli ps5,0.9217597246170044
Aku mbela-mbelani saka bogor 7 jam kanggo mangan sup buntute nanging aku enteni saka jam 8.30 hurung buka uga. Akhire aku teka jam 10.00. Pesen sup buntute hurung ana kanthi alesan mau mbengi rame dadi kokine isih kesel. Wow alesan macem apa kaya kuwi? Beda tenan wektu aku mangan 1 taun kepungkur ya. Panggonane reged tenan kaya ora niat ndhuwe usaha.,Saya bela-belain dari bogor 7 jam demi makan sup buntutnya tetapi saya tunggu dari jam 8.30 belum buka juga. Akhirnya saya datang jam 10.00. Pesan sup buntut belum ada dengan alasan tadi malam ramai jadi chefnya masih tepar. Wow alasan macam apa seperti itu? Beda sekali waktu saya makan 1 tahun yang lalu ya. Tempat sangat kotor seperti tidak niat punya usaha.,Saya bela-belala dari bogor 7 jam untuk makan sup buntut tapi saya tunggun dari jam 8.30 belum buka juga. Akhirnya saya datang jam 10.00. Pesanan sup buntut belum ada dengan alasan semalam ramai jadi kokinya masih capek. Wadidaw alasan macam apa itu? Beda banget saat saya makan 1 tahun lalu ya. Tempat jorok banget seperti tidak niat punya usaha.,0.9666013121604919
"Kanggo ngecek layanan mandiri verified by visa vbv ora isa lewat layanan mandiri call 14000, nanging mung isa lewat email lan kantor cabang bank mandiri.","Untuk pengecekan layanan mandiri verified by visa vbv tidak dapat melalui layanan mandiri call 14000, namun hanya bisa melalui email dan kantor cabang bank mandiri.","Untuk mengecek layanan mandiri verified by visa vbv tidak bisa lewat layanan mandiri call 14000, namun hanya bisa lewat email dan kantor cabang bank mandiri.",0.9853188395500183
"Kudu njajal nggo nyantai utawa mangan mbengi nang 18th iki, pemandangan sek katon ki apik lan sek dadi daya tarik nang 18th yaiku ndue mester kaca. Regane lumayan larang amarga panggonane ana ing trans hotel, namung unda-undi karo rasa kepenake.","Harus coba untuk bersantai atau makan malam di the 18th ini, pemandangan yang didapat baik dan yang menjadi daya tarik di the 18th terdapat lantai kaca. Untuk harga cukup tergolong mahal karena terletak di trans hotel, tetapi sebanding dengan rasa kenyamanannya.","Harus dicoba untuk santai atau makan malam di 18th ini, pemandangan yang tampak memang bagus dan yang menjadi daya tarik di 18th ini adalah memiliki lantai kaca. Harganya lumayan mahal karena tempatnya berada di trans hotel, namun sebanding dengan rasa nyamannya.",0.9656922221183777
Salah siji mal nganggo konsep sing lumayan unik. Akeh pilihan restoran dadi cocok dingge ngentekne wektu bareng kanca-kanca.,Salah satu mal dengan konsep yang cukup unik. Banyak pilihan restoran sehingga cocok untuk menghabiskan waktu bersama teman-teman.,Salah satu mal dengan konsep yang lumayan unik. Banyak pilihan restoran jadi cocok untuk menghabiskan waktu bersama teman-teman.,0.9918710589408875
"Lokasine ana ing dalam utama dadi gampang dhewe kanggo tekan panggonane, yen ora nduwe kendaraan dhewe iki bisa ditekani kanggo kendaraan umum. Menu panganane akeh tenan lan ana pirang-pirang menu sing anyar pisanan aku nemu ing kedai iki, rasane enak kanggo rega sing standar, panggonane kapenak tenan.","Lokasinya berada di jalan utama sehingga memudahkan kami untuk mencapai tempatnya, jika tidak memiliki kendaraan pribadi tempat ini dapat dijangkau dengan kendaraan umum. Menu makanannya sangat banyak dan ada beberapa menu yang baru pertama kali saya temukan di kedai ini, rasanya pun enak dengan harga yang standar, tempatnya sangat nyaman.","Lokasinya berada di dalam utama sehingga mudah kita untuk mencapai tempatnya, apabila tidak menggunakan kendaraan sendiri ini dapat ditempuh dengan kendaraan umum. Menu makanannya banyak sekali dan terdapat beberapa menu yang baru pertama saya temukan di kedai ini, rasanya enak untuk harga yang standar, tempatnya sangat nyaman.",0.9715701341629028
Panggonan iki ora cocok kanggo kaluwarga sing nggawa bayi. Dalanane curam tenan. Kanggo anjungan foto ing njaba mung entuk diisi  paling akeh 10 uwong nanging isih akeh sing meksa munggah kanggo foto.,Tempat ini tidak cocok untuk keluarga yang membawa anak balita. Jalanan sangat curam. Untuk anjungan foto di luar hanya boleh diisi max 10 orang tetapi masih banyak yang memaksa naik untuk berfoto.,Tempat ini tidak cocok untuk keluarga yang membawa bayi. Jalannya sangat curam. Untuk anjungan foto di luar hanya dapat diisi maksimal 10 orang tapi masih banyak yang memaksakan naik untuk foto.,0.9784511923789978
"Panggonan iki salah sawijine panggonan favoritku kanggo ndhelok bogor ing dina mbengi, kanthi suwasanane sing kapenak dikancani karo panganan lan ombeane lan pelayanane sing grapyak. Cahya kutha sing tenan-tenan ayu isa kethok saka kene. Panggonan sing direkomendasikake kanggo ngentekake wektu bareng pasangan, kaluwarga utawa kanca raket.","Tempat ini salah satu tempat favourite saya untuk melihat bogor di malam hari, dengan suasananya yang nyaman ditemani dengan makanan dan minumannya serta pelayanannya yang ramah. Cahaya kota yang benar-benar indah bisa terlihat dari sini. Tempat yang rekomendasi untuk menghabiskan waktu bersama pasangan, keluarga atau sahabat.","Tempat ini salah satu tempat favorit saya melihat bogor di malam hari, dengan suasana yang nyaman ditemani dengan makanan dan minuman serta pelayanan yang ramah. Lampu kota yang sangat cantik bisa terlihat dari sini. Tempat yang direkomendasikan untuk menghabiskan waktu bersama pasangan, keluarga atau teman dekat.",0.9646780490875244
"Gela karo proses mbatalne tiket, wis 43 dina nanging ora ndang ditransfer. loket ora gelem ngelayani","Kecewa dengan proses pembatalan tiket, sudah 43 hari tapi tak kunjung ditransfer. loket tidak mau melayani","Kesal dengan proses pengembalian tiket, sudah 43 hari tetapi belum ditransfer. Loket tidak mau melayani",0.9565123319625854
"Pilian mangan lan ngombene akeh kanggo dipilih. Lan panggone gede, dibagi dadi pirang-pirang bagian lan konsep. Lak rega cukupan pas kanggo ning sak.","Pilihan makan dan minuman banyak untuk dipilih. Dan tempatnya besar, dibagi menjadi beberapa bagian dan konsep. Untuk harga cukup pas buat di kantong.","Pilihan makanan dan minumannya banyak untuk dipilih. Dan tempatnya besar, dibagi jadi beberapa bagian dan konsep. Kalau harga cukup pas untuk di tas.",0.9740538001060486
"Restoran gaya jaman bityen. Ana display kue-kue, es krim uga. Suwasanane nyaman. Panganan khas omahan. Isa dinggo rombongan utawa karo kaluwarga. Panganane enak. Sega ulame enak. Sega tutug oncome uga oke. Masakan eropa, asia, nusantara kasadia ning kene. Karek milih. Bocah-bocah seneng mangan es krime ning kene.","Restoran bergaya zaman dahulu. Ada display kue-kue, es krim juga. Suasana nyaman. Makanan khas rumahan. Bisa untuk rombongan maupun dengan keluarga. Makannya enak. Nasi ulamnya enak. Nasi tutug oncomnya juga oke. Masakan eropa, asia, nusantara tersedia di sini. Tinggal pilih. Anak-anak suka makan es krimnya di sini.","Restoran bergaya zaman dulu. Ada display kue-kue, es krim juga. Suasananya nyaman. Makanan khas masakan rumah. Bisa untuk rombongan atau dengan keluarga. Makanannya enak. Nasi ulamnya enak. Nasi tutug oncomnya juga oke. Masakan masakan eropa, asia, nusantara tersedia di sini. Tinggal pilih. Anak-anak senang makan es krim di sini.",0.9909841418266296
"Salah sijine jeneng batagor sing kondhang ing bandung. Rasane nikmat, kanggo rega per buwahe rp. 10 ewu. Pesen 3 buwah kanggo aku cukup maregi amarga ukuran per buwahe cukup gedhe.","Salah satu nama batagor yang terkenal di bandung. Rasanya nikmat, untuk harga per buahnya rp. 10 ribu. Order 3 buah untuk saya cukup mengenyangkan karena ukurannya per buahnya cukup besar.","Salah satu nama batagor yang terkenal di bandung. Rasanya nikmat, untuk harga per buahnya rp. 10 ribu. Pesan 3 buah buat saya cukup kenyang karena ukuran per buahnya cukup besar.",0.9868841171264648
Tau percaya karo body lotion citra nggarai wulu tambah akeh,Pernah percaya kalau body lotion citra bikin bulu tambah banyak,Tahukan percaya kalau body lotion citra membuat bulu makin banyak,0.9573493599891663
Macet nang ngendi-ngendi yen lagi preinan.,Macet di mana-mana kalau lagi liburan,Macet dimana-mana kalau lagi liburan.,0.9590283036231995
"Tulung dikabarne kronologi lengkape, pulsa awit karo keri karo nyebutne tim ya mas/mbak, tim bakale ngecek transaksi penggaweane pulsane","Mohon informasikan detail kronologi, pulsa awal dan akhir dengan mention tim ya kak, tim akan cek transaksi pemakaian pulsanya","Tolong diinfokan kronologi lengkapnya pulsa dari berapa dan sampai berapa ya mas/mbak, tim akan mengecek transaksi pulsa.",0.9091017246246338
"Area mangan ing njabane nyenengake. Igane oke, rasane enak. Jus jeruke ditambah stroberine nikmat. Regane uga oke.","Area makan di luarnya menyenangkan. Iganya oke, rasanya enak. Jus orange plus stroberinya nikmat. Harganya pun oke.","Area makan di luarnya menyenangkan. Nasi gorengnya oke, rasanya enak. Jus jeruknya ditambah stroberi rasanya enak. Harganya juga oke",0.9682499766349792
Kanggo kowe sek nggolek resto kanthi suwasana sek romantis ora salah maneh uga moro mrene. Lan yen kurang kowe pas-pasan pesen wae menu sek entheng-entheng. Aja diapusi karo gambar ana ing buku menu yen ora pengen nyesel. Menu sukine luwih oke namung kayane ngapae ya adoh-adoh macet-macetan mara mrene mung nggolek kuwi. Ing kutha luwih afdol kayane. Pemandangane jogja mbengine nyekel.,Buat anda yang mencari resto dengan suasana yang romantis tidak salah lagi ke sini saja. Dan kalau rendah anda pas-pasan pesan saja menu yang ringan-ringan. Jangan terkecoh dengan picture di buku menu kalau tidak mau menyesal. Menu sukinya lebih oke tapi kayaknya ngapain ya jauh-jauh bermacet ria ke sini cuma mencari itu. Di kota lebih afdol kayaknya. Pemandangan jogja malamnya memegang.,Buat kamu yang cari resto dengan suasana yang romantis tidak salah juga mampir ke sini. Dan kalau misal kantongmu pas-pasan pesan saja menu yang ringan-ringan. Jangan tertipu dengan gambar di buku menu kalau tidak mau menyesal. Menu masakan asia lebih oke cuma sepertinya memang kenapa ya jauh-jauh macet-macetan datang ke sini hanya untuk cari itu. Di kota lebih banyak sepertinya. Pemandangan jogja malam menawan.,0.9381158351898193
Rasane meh pada karo resto sing liyane sing dodolan iwak laut. Aman resik lan pelayanane cepet,Rasanya hampir sama dengan resto yang lain yang jualan seafood. Aman bersih dan pelayanannya cepat.,Rasanya hampir sama dengan resto seafood yang lain. Aman bersih dan pelayanan cepat,0.9818616509437561
Hasil itung cepet dinyatakne seje karo hasil survei nggarai aku nggumun.,Hasil quick count dinyatakan berbeda dengan hasil survei membuat saya bertanya-tanya.,Hasil hitung cepat dinyatakan berbeda dengan hasil survei membuat saya heran.,0.9497460126876831
"Kapisan marang mrene kuwi ngerayakake kelulusan adikku, panggonane kuwi loh, apik tenan. Desaine uga unik, apik, kapenak, kapenak, cocok tenan kanggo mangan mbengi bareng kaluwarga, pasangan, sedulur, lan kanca-kanca, pemandangane uga apik, panganane uga enak-enak. Regane sebanding karo pelayanane, ora gela marang mrene. Bener-bener direkomendasikake.","Pertama ke sini itu merayakan kelulusan adikku, tempatnya itu loh, keren banget. Desainnya juga unik, keren, nyaman, nyaman, cocok betul untuk makan malam bareng keluarga, pasangan, saudara, dan teman-teman, pemandangannya juga keren, makanannya juga enak-enak. Harga sebanding dengan pelayanannya, tidak menyesal ke sini. Sangat-sangat direkomendasikan.","Pertama kali ke sana itu untuk merayakan kelulusan adik saya, tempatnya itu loh, bagus banget. Desainnya unik, bagus, nyaman, nyaman, cocok banget buat makan malam bareng keluarga, pasangan, saudara, dan teman-teman, pemandangannya juga bagus, makanannya juga enak-enak. Harga sebanding dengan pelayanannya, tidak menyesal ke sana. Sangat direkomendasikan.",0.9859137535095215
"Kabisan ngerteni woconan mben uwong kuwi seje-seje, ana sing pisan moco langsung ngerti, ana uga sing butuh ping bolak-balik moco disik lagek ngerti.","Kemampuan memahami bacaan tiap orang itu beda-beda, ada yang sekali baca sudah paham, ada juga yang butuh berkali-kali baca dulu baru paham.","Kemampuan menangkap pemahaman orang itu berbeda-beda, ada yang sekali membaca langsung mengerti, ada juga yang butuh berkali-kali membaca baru mengerti.",0.97230064868927
Wow tenan kaget karo layanan satuan pengamanane bkpn bromo malang. Tenan diskriminasi banget. Yen aku mung pengen informasi babagan produke deknen. Dhewe diremehake. Cenderung ngusir. Kuciwa tenan!,Wow benar-benar terkejut sama layanan satuan pengamanannya bkpn bromo malang. Benar diskriminasi banget. Kalau kita hanya mau informasi tentang produk mereka. Kita disepelekan. Cenderung mengusir. Kecewa sekali!,Wah benar-benar kaget dengan layanan satuan pengamanan bkp di bromo malang. Sangat diskriminatif sekali. Ketika saya hanya ingin bertanya informasi tentang produknya mereka. Saya malah diremehkan. Cenderung mengusir. Sangat kecewa!,0.9429290890693665
"Bandung terkenal dadi panggon produksi tahu lokal karo kuwalitas apik, salah siji sing paling apik isa digoleki ning warung talaga. Deweke nduwe pabrik dewe ning dalan Jendral sudirman, nanging ngembangne bisnise dadi sajian kuliner uga. Ana rena-rena pilihan sajian tahu. Direkomendasikne banget dinggo pecinta kuliner.","Bandung terkenal sebagai tempat produksi tahu lokal dengan kualitas prima, salah satu yang terbaik bisa dicari di warung talaga. Mereka punya pabrik sendiri di jalan Jendral sudirman, tapi mengembangkan bisnisnya menjadi sajian kuliner juga. Ada berbagai pilihan sajian tahu. Sangat direkomendasikan bagi pecinta kuliner.","Bandung dikenal sebagai penghasil tahu lokal berkualitas, salah satu terbaik bisa dicari di warung talaga. Mereka memang punya pabrik di jalan jenderal sudirman, tapi mengembangkan bisnis menjadi sajian kuliner juga. Ada aneka pilihan sajian tahu. Sangat direkomendasikan bagi pecinta kuliner.",0.973414421081543
Tulung dikirimke meneh tagihanku sasi wingi,Mohon dikirimkan kembali tagihan saya bulan lalu,Tolong dikirim lagi tagihan saya bulan lalu,0.9389023780822754
"Salah siji menu paling tak senengi iku mcflurry rena-rena rasa liyane paket karo iwak pitik loro. Rumangsaku, pitike mcd nduwe citarasa dewe ning bagian dodone yo teksture alus lan bumbune gurih.","Salah satu menu favorit saya adalah mcflurry aneka rasa selain menu paket dengan dua ayam. Menurut saya, ayam mcd memiliki citarasa tersendiri di bagian dadanya pun memiliki tekstur yang lembut dan bumbunya gurih.","Salah satu menu paling aku suka adalah mcflurry stroberi rasa selain paket dengan dua potong ayam. Menurut ku, ayam mcd memiliki cita rasa tersendiri terutama bagian paha yang teksturnya lembut dan bumbunya gurih.",0.9585591554641724
Aku ngrasa kaganggu ndelok parkiran mobil uwong nutupi dalan umum.,Saya merasa terganggu melihat parkiran mobil orang menutupi jalan umum.,Saya merasa terganggu melihat parkir mobil orang menutup jalan umum.,0.9845488667488098
"Satene gedi-gedi. Bumbune dipisah. Diwehi rajangan brambang lan lombok riwit didang, porsi lontong karo segane uga pas. Pokoke aku seneng.","Satenya besar-besar. Bumbunya dipisah. Dikasih irisan bawang merah dan cabe rawit dikukus, porsi lontong sama nasinya juga pas. Pokoknya saya suka.","Satenya besar-besar. Bumbunya dipisah. Diberi irisan bawang dan cabe rawit, porsi lontong dan nasi juga pas. Pokoknya saya suka.",0.9745509028434753
"Yen didelok-delok, sandiaga uno karo nadiem makarim mirip yo","Kalau dilihat-lihat, sandiaga uno sama nadiem makarim mirip ya","Kalau dilihat-lihat, sandiaga uno sama nadiem makarim mirip ya",0.9999998807907104
Sugeng enjang. Wah kuciwa tenan mosok indihome internet ora kocek maneh. Aku kuwi mbayar larang. Aja nguciwakake dhewe sing dadi pelanggan,Selamat pagi. Wah kecewa berat masa indihome internet tidak kocek lagi. Saya itu bayar mahal. Jangan kecewakan kami sebagai pelanggan,Pagi. Wah kecewa sekali kok indihome internet tidak stabil lagi. Saya kan bayar mahal. Jangan mengecewakan kami sebagai pelanggan,0.9458421468734741
"Sopir ora teka ing panggonan kang dituju, nanging ing aplikasi wis picu munggah, lan gopay wis kapotong, kapok aku nganggi gojek","Driver tidak datang ke tempat tujuan, tetapi di aplikasi sudah picu naik, dan gopay sudah terpotong, kapok saya pakai gojek","Sopir tidak sampai ke tempat yang dituju, tetapi di aplikasi sudah terpicu sampai, dan gopay sudah terpotong, kapok saya pakai gojek",0.9602651000022888
"Panganan ning kene menurutku kurang enak ya, merga aku wong minang, aku ora tek seneng pangana  jawa sing legi hehe","Makanan di sini menurut saya kurang enak ya, karena saya orang minang, saya tidak terlalu suka makanan jawa yang manis hehe","Makanan di sini menurut saya kurang enak ya, karena saya orang minang, saya tidak terlalu suka makanan jawa yang manis manis hehe",0.9981755018234253
"Pajak, kak, arep njaluk nomor efin, sakdurunge wis aktifasi, namung lali password akun djponline,","Pajak, kak, mau minta nomor efin, sebelumnya sudah aktifasi, tapi lupa password akun djponline,","Halo, mau minta nomor saya kembali mengaktifkan tapi lupa password akun djponline",0.9239371418952942
Musim udan kaya iki saban udan mesthi ora tenang wedi kabanjiran.,Musim hujan begini setiap hujan pasti tidak tenang takut kebanjiran.,Musim hujan begini tiap hujan selalu tidak tenang takut banjir.,0.9567806720733643
Sate wedus H. Ihsan iki cukop terkenal ning tegal. Lak ora iso marani panggon ning pusate. Sampeyan isa uga nemokne sate wedus H Ihsan ning pirang-pirang panggon mangan ning kutha tegal.,Sate kambing H. Ihsan ini cukup terkenal di tegal. Apabila tidak bisa mengunjungi lokasi di pusatnya. Anda bisa juga menemukan sate kambing H Ihsan di beberapa tempat makan di kota tegal.,Sate kambing h. Ihsan ini cukup terkenal di tegal. Kalau tidak bisa berkunjung ke tempatnya di pusat. Anda juga bisa menemukan sate kambing h. Ihsan di beberapa tempat makan di kota tegal.,0.9815921783447266
"Saka okehe restoran sunda ing Bandung, miturutku Ciganea salah siji favoritku. Aku seneng amarga pithike khas, digorenge ora patio garing. Terus sambele uga ora kalah enak. Menu sing liya uga enak. Panggonane kaya omah, ora patio gedhe nanging cukuplah, lan uga resik.","Dari banyaknya restoran sunda di Bandung, menurut saya Ciganea salah satu favorit saya. Saya suka karena ayamnya khas, digorengnya tidak terlalu kering. Lalu sambalnya pun tidak kalah enak. Menu yang lain pun enak. Tempatnya seperti rumah, tidak terlalu besar tapi cukuplah, dan juga bersih.","Dari sekian banyak restoran sunda di Bandung, menurut saya Ciganea salah satu favorit saya. Saya suka karena ayamnya khas, digoreng tidak terlalu kering. Terus sambalnya juga tidak kalah enak. Menu yang lainnya juga enak. Tempatnya seperti rumah, tidak terlalu besar tapi cukuplah, dan juga bersih.",0.9906031489372253
"Hotel iki uwes ngadeg saka telung puluh tahun sing kapungkur, sakdurunge aku lair. Panginepan kapisan ning kota iki. Saiki uwis akeh ngadeg hotel ning kene.","Hotel ini sudah berdiri sejak tiga puluh tahun yang lalu, sebelum saya lahir. Penginapan pertama di kota ini. Sekarang sudah banyak berdiri hotel di sini.","Hotel ini berdiri dari tiga puluh tahun yang lalu, sebelum saya lahir. Akomodasi pertama di kota ini. Sekarang sudah banyak berdiri hotel di sini.",0.9833090305328369
"Panganan ning kene pada kaya kfc liyane. Pithik gorenge krispi, gurih, lan enak.","Makanan di sini sama seperti kfc lainnya. Ayam gorengnya crispy, gurih dan enak","Makanan di sini sama seperti kfc lainnya. Ayam gorengnya krispi, gurih dan enak.",0.9828638434410095
"Piye ora nesu ora, kena php indosat terus kie. Pulsane kepotong ludes ora ana turahe.","Bagaimana tidak marah coba, kena php indosat terus nih. Pulsa selalu terpotong ludes tak tersisa.","Gimana tidak marah tidak, kena php indosat terus begini. Pulsa kepotong habis tidak ada jeda.",0.9337641000747681
"Pelayanane batik air bisnis class ing halim nguciwakake, gelas reged / mambu, tv ora ana nganggo alesan pesawat anyar, aling methuk saka medhuk pesawat diilangake","Pelayanan batik air bisnis class di halim mengecewakan, gelas kotor / bau, tv tidak ada dengan alasan pesawat baru, penjemputan dari turun pesawat dihilangkan","Pelayanan batik air business class di halim mengecewakan, gelas kotor / bau, tv tidak ada pakai alasan pesawat baru, alas sepatu di tas pesawat hilang",0.9537487626075745
Ngganggo laurier dobel pas arep turu pas menstruasi ben ora bocor,Pakai laurier double pas mau tidur saat menstruasi biar tidak bocor,Pakai laurier double pas mau tidur kalau lagi menstruasi biar tidak bocor,0.9856691956520081
"Panggon mangane sederhana banget, nanging rasane juara. Komposisi bumbu kacange pas lan porsine ora tek akeh. Pengunjung sing teka rame banget.","Tempat makannya sangat sederhana, namun rasanya juara. Komposisi bumbu kacangnya pas dan porsinya tidak terlalu besar. Pengunjung yang datang sangat ramai.","Tempat makannya sederhana banget, tapi rasanya juara. Komposisi bumbu kacangnya pas dan porsinya tidak terlalu banyak. Pengunjung yang datang lumayan ramai.",0.9890068173408508
"Panggonan lan arsitektur panggonan iki oke banget, mung yen panganane lan ombeane ing kene ora patia maer. Enak kanggo mateni bareng kanca-kanca.","Lokasi dan arsitektur tempat ini oke banget, cuma kalau makanan dan minuman di sini tidak terlalu istimewa. Enak buat bunuh bareng teman-teman.","Tempat dan arsitektur tempat ini oke banget, hanya saja kalau makanan dan minuman di sini tidak terlalu wah. Enak buat nongkrong bareng teman-teman.",0.9708529114723206
Rasa panganan biasa ae lan suasanane ora istimewa dadi pisan ketekan wis cukup.,Rasa makanan biasa saja dan suasana tidak istimewa sehingga sekali kedatangan sudah cukup.,Rasa makanan biasa saja dan suasananya tidak istimewa jadi sekali datang sudah cukup.,0.9778097867965698
Sing nglarang GBK didadekake panggonan konser pada songong-songong banget dah. Suket ning lapangan sapa sing pengin ngopeni yen ora ana duwit konser. Urung meneh kursi sing seneng dirusak supporter bal. Aduh.,Yang melarang GBK dijadikan venue konser pada songong-songong amat dah. Rumput di lapangan siapa yang mau pelihara kalau tidak ada duit konser. Belum lagi kursi yang suka dirusak supporter bola. Aduh.,Yang melarang gbk dijadikan tempat konser pada songong-songong banget dah. Rumput di lapangan siapa yang mau rawat kalau bukan uang konser. Belum lagi bangku yang senang dirusak supporter bola. Aduh.,0.9551526308059692
Gendeng ya. Pesen mix platter ae sampek luwih saka 30 menit. Takon nyang pelayane malah minggat. Ora responsif. Suwi.,Gila ya. Pesan mix platter saja sampai lebih dari 30 menit. Bertanya ke pelayannya malah kabur. Tidak responsif. Lama.,Gila ya. Pesan mix platter saja sampai 30 menit lebih. Tanya ke pelayannya malah kabur. Tidak responsif. Lama.,0.9855089783668518
"Pas jenuh karo oleh oleh khas bandung sing wis ana, dadi roti bakar tunggal isa dadi pilihan. Aku kerep tuku roti marie sing dibakar karo rasa sing enaakk, uga roti bakar karo rasa keju utawa coklate. Biasane aku tuku ning konter roti bakar tunggal ning paskal hyper square. Regane ancen rodok larang, nanging rumangsaku meh podo karo panganan oleh-oleh. Dadi ya ora isa uga diomongne larang. Lan toh rasane enak.","Saat jenuh dengan oleh oleh khas bandung yang sudah ada, maka roti bakar tunggal bisa menjadi pilihan. Saya sering beli roti marie yang dibakar dengan rasa yang yuummy, juga roti bakar dengan rasa keju atau coklatnya. Biasanya saya beli di counter roti bakar tunggal di paskal hyper square. Harganya memang agak mahal, tapi saya rasa hampir sama dengan makanan oleh-oleh. Jadi ya tidak bisa juga dibilang mahal. Dan toh rasanya enak.","Saat jenuh dengan oleh-oleh khas bandung yang itu-itu saja, maka roti bakar tunggal bisa jadi pilihan. Saya sering membeli roti marie yang dibakar dengan rasa yang enak, ada juga roti bakar dengan rasa keju atau cokelat. Saya biasanya membelinya di konter roti bakar tunggal di paskal hyper square. Memang harganya agak mahal, tetapi menurut saya masih setara dengan makanan oleh-oleh. Jadi ya tidak bisa juga dikatakan mahal. Toh rasanya enak.",0.9651988744735718
"Lunga bareng kaluwarga mangan mbengi, regane larang kanthi rasa sing biasa bae.","Pergi bersama keluarga makan malam, harganya mahal dengan rasa yang biasa saja.","Pergi bersama keluarga makan malam, harganya mahal dengan rasa yang biasa saja.",1.0
"Sugeng siang, biaya administrasi rek simpedes tp 5.500, - / sasi. Maturnuwun era","Selamat siang, biaya administrasi rek simpedes rp 5.500, - / bulan. Terima kasih era","Selamat siang, biaya administrasi rek simpedes sebesar 5.500, - / bulan. Terima kasih era",0.984963059425354
"Panggonan kapenak lan enak, kala-kala didadekake panggonan foto pre-wedding","Tempat nyaman dan enak, kadang dijadikan tempat foto pre-wedding","Tempatnya nyaman dan cantik, kadang dijadikan tempat foto pre-wedding",0.9798070192337036
"Pelayanane apik banget, lan muasne saka segi panggon, apik banget isa ndelok pemandangan kutha pas wengi saka segi panganan, apik pol! Panganane enak banget ora nyesel ngge mara rene.","Pelayanannya sangat bagus, sangat memuaskan dari segi tempat, indah sekali bisa melihat pemandangan kota di malam hari dari segi makanan, terbaik! Makanannya enak sekali tidak menyesal untuk datang ke sini.","Pelayanan sangat baik, dan memuaskan dari segi tempat, sangat baik dapat melihat pemandangan kota saat malam dari segi makanan, terbaik! Makanan sangat enak tidak menyesal datang ke sini.",0.966507613658905
Arif tuku jaket billabong sek paling anyar,Arif membeli jaket billabong yang terbaru,Arif membeli jaket billabong yang terbaru,1.0
"Warung mangan sing uwis teka wiwit suwi lan uwis dadi kaya legenda kayane saiki uwis buka cabang. Terkenal amarga konsisteni rasa -ne uwis pirang-pirang tahun, sanadyan bangunan asli uwis dibongkar nanging kaasliane tetep dijaga lan tetep engel parkir. Sawetara wektu kepungkur ana setithik pangowahan nalika ibu chef utama uwis ora ketok maneh.","Warung makan yang telah hadir sejak lama dan telah menjadi semacam legenda, mungkin sekarang sudah buka cabang. Terkenal karena konsistensi rasa -nya selama bertahun-tahun, meskipun bangunan asli telah dipugar tetapi keaslian masih tetap dijaga dan tetap susah parkir. Beberapa waktu terakhir ada sedikit perubahan ketika ibu chef utama sudah tidak terlihat lagi.","Warung makan yang sudah ada sejak lama dan sudah menjadi seperti legenda sepertinya sekarang sudah membuka cabang. Terkenal karena konsisten rasa -nya sudah sejak puluhan tahun, walau bangunan aslinya sudah dibongkar tapi keasliannya tetap terjaga dan tetap sulit parkir. Beberapa waktu lalu terjadi sedikit perubahan ketika ibu chef utama sudah tidak terlihat lagi.",0.9597613215446472
Menehi bantuan nyang korban bencana dinggo pencitraan percuma. Apameneh dinggo publikasi. Sepurane banget. Muak aku.,Memberikan bantuan ke korban bencana untuk pencitraan percuma. Apalagi untuk publikasi. Maaf banget. Muak saya.,Memberikan bantuan ke korban bencana untuk pencitraan percuma. Apalagi untuk publikasi. Maaf banget. Muak saya.,1.0
Rasa panganane biasa bae lan regane larang. Panggonane uga biasa. Lokasine ora patia adoh saka tengah kutha.,Rasa makanannya biasa saja dan harganya mahal. Tempatnya juga biasa. Lokasinya juga terlalu jauh dari pusat kota.,Rasa makanannya biasa saja dan harganya mahal. Tempatnya pun biasa. Lokasinya tidak terlalu jauh dari pusat kota.,0.9843671321868896
Dingge mara nyang panggon iki dalane macet banget lan adoh saka pusat kutha. Saktekane ning kana ora ana bab sing spesial sing nggarai perjalanan adoh kebayar. Menune biasa ae.,Untuk menuju ke tempat ini jalannya sangat macet dan jauh dari pusat kota. Sesampainya di sana tidak ada hal yang spesial yang membuat perjalanan jauh terbayarkan. Menunya biasa saja.,Untuk ke tempat ini jalannya macet sekali dan jauh dari pusat kota. Sesampainya di sana tidak ada yang spesial yang membuat perjalanan jauh terbayar. Menunya biasa saja.,0.9837509393692017
Rasa rotine enak. Variasi roti lan pacetane sing didol akeh. Rega standar. Paling seneng karo roti taware. Seneng.,Rasa rotinya enak. Variasi roti dan cemilan yang dijual banyak. Harga standar. Paling suka sama roti tawarnya. Suka.,Rasa rotinya enak. Variasi roti dan kue yang dijual banyak. Harga standar. Paling suka sama roti tawar. Suka.,0.9856432676315308
"Deknen kuwi sapa sih? Kok isi beritane deknen kabeh, mbokane deknen mantan narapidana kae","Dia ini siapa sih? Kok isi berita dia semua, bukannya dia mantan narapidana itu","Mereka itu siapa sih? Kok isi berita mereka semua, ibunya mantan narapidana itu",0.9562983512878418
"Pengin mangan karo nikmati suwasana paris? Ora usah adoh-adoh menyang prancis, cukup menyang paris van java alias bandung. Braga permai iki rekomendasi banget kanggo mangan karo santai-santai. Panganane enak, regane mlebu akal lan suwasanane kapenak banget apamaneh meja sing ning jaba. Mangan karo nikmati suwasana bandung jaman mbiyen.","Ingin makan sembari menikmati suasana paris? Enggak usah jauh-jauh ke prancis, cukup ke paris van java alias bandung. Braga permai ini rekomendasi banget buat makan sambil santai-santai. Makanannya enak, harganya masuk akal dan suasananya nyaman banget apalagi meja yang di luar. Makan sambil menikmati suasana bandung tempo dulu.","Ingin makan sambil menikmati suasana paris? Tidak perlu jauh-jauh ke prancis, cukup ke paris van java alias bandung. Braga permai ini sangat rekomendasi untuk makan sambil bersantai-santai. Makanannya enak, harganya masuk akal dan suasananya sangat nyaman apalagi meja yang di luar. Makan sambil menikmati suasana bandung zaman dulu.",0.9767530560493469
Yogyakarta iki ing saben pojokan dalan akeh hotel. Nanging eman. Kanggo kelas bintang 3 bae rega luwih larang kanthi pelayanan sing ora sepadan.,Yogyakarta ini di tiap sudut jalan banyak hotel. Tapi sayang. Untuk kelas bintang 3 saja harga lebih mahal dengan pelayanan tidak setara.,Jogjakarta ini di setiap sudut jalan banyak hotel. Namun sayang. Untuk kelas bintang 3 saja harga lebih mahal dengan pelayanan yang tidak setimpal.,0.9792819619178772
Bakmine enak. Ditambah daging rica2ne mantep banget. Rasane si pedes-pedes nanging nikmat. Mangan siji krasa kurang tah.,Bakminya enak. Ditambah daging rica2nya super mantap. Rasanya sih pedas-pedas tapi nikmat. Makan satu berasa kurang deh.,Bakminya enak. Ditambah daging rica2nya mantap banget. Rasanya sih pedas-pedas tapi nikmat. Makan satu rasanya kurang ya.,0.9806758761405945
Aplikasi bni mobile banking tulung didandani soale arep aktivasi akun ora isa.,Aplikasi bni mobile banking mohon diperbaiki soalnya mau aktivasi akun tidak bisa.,Aplikasi bni mobile banking tolong diperbaiki karena mau aktivasi akun tidak bisa.,0.9855216145515442
Anti nganggo power bank wiwit handphone samsungku bocor bateraine sakbanjure dingokake kuwi.,Anti pakai power bank semenjak handphone samsung gue bocor baterenya setelah dipakaikan gituan.,Anti pakai power bank sejak handphone samsung saya rusak baterai sejak diisukan itu.,0.9164358973503113
"Botol uc1000 angel banget dibukake tah, marakna tangan lara","Botol uc1000 susah banget dibukanya dah, bikin tangan sakit","Botol uc1000 susah banget dibuka sih, bikin tangan sakit",0.9634729623794556
"Nggolek suwasana nostalgia ing jogja, panggonan iki yaiku pilian sing pas! Menu panganane didominasi panganan-panganan sing kena pengaruh gaya panganan landa. Kasenenganku stik sirloin. Restoran iki uga ndhuweni toko roti kanthi pilian roti gaya jaman mbiyen.","Mencari suasana nostalgia di jogja, tempat ini adalah pilhan yang tepat! Menu makanan didominasi makanan-makanan yang dipengaruhi gaya makanan belanda. Favorit saya steak sirloin. Restoran ini juga memiliki toko roti dengan pilihan roti bergaya zaman dahulu.","Mencari suasana nostalgia di jogja, tempat ini adalah pilihan yang tepat! Menu makanan didominasi makanan-makanan yang terpengaruh gaya makanan belanda. Favorit saya stik sirloin. Restoran ini juga memiliki toko roti dengan pilihan roti gaya zaman dahulu.",0.9766668081283569
Ketua dpr ngapresiasi pilkada barengan sing mlaku damai.,Ketua dpr mengapresiasi pilkada serentak yang berlangsung damai.,Ketua dpr mengapresiasi pilkada serentak berjalan damai.,0.9844950437545776
Ngurus gaji karyawan dhewe wae ora isa jare arep ngurus bumn. Mikir nganggo utek,Mengurus gaji karyawan sendiri saja tidak becus konon mau mengurus bumn. Mikir pake otak,Urus gaji karyawan sendiri saja tidak bisa ngaku mau mengurus bumn. Pikirkan pakai otak,0.9362950325012207
Ning indonesia pilihan merek telepon seluler kan melimpah. Lak ora seneng cara xiaomi nglakokne bisnise ya kari milih merek liya. Digawa santai wae.,Di indonesia pilihan merek telepon seluler kan melimpah. Kalau tidak suka cara xiaomi menjalankan bisnisnya ya tinggal pilih merek lain. Dibawa santai saja.,Di indonesia pilihan merek telepon seluler kan melimpah. Kalau tidak senang cara xiaomi menjalankan bisnisnya ya silakan pilih merek lain saja. Di bawa santai saja.,0.9866266846656799
"Nate mangan ning poolside hotel hilton? Jan ora rekomendasi kanggo rasa lan rega. Panganane kurang rasane, aku nggawa 20 uwong, kabeh gela.","Pernah makan di poolside hotel hilton? Sangat tidak rekomendasi untuk rasa dan harga. Makanan kurang rasa, gue bawa 20 orang, semua kecewa.","Tadi makan di poolside hotel hilton? Jangan rekomendasi deh untuk rasa dan harga. Makanannya kurang rasanya, saya bawa 20 orang, semua kecewa.",0.962583065032959
Panggonane unik. Karo mangan uga dimanjakake kaliyan panggonan sing sarwa unik. Akeh kayu kayu lan galerine. Kanggo bocah uga aja kuatir. Ana dolanan bocahe. Dadi mangan dadi luwih santai.,Tempatnya unik. Sambil makan juga dimanjakan dengan tempat yang serba unik. Banyak kayu kayu dan galerinya. Buat anak juga jangan kuatir. Ada mainan anaknya. Jadi makan jadi lebih santai,Tempatnya unik. Sambil makan juga dimanjakan dengan tempat yang serba unik. Banyak kayu kayu dan galeri. Untuk anak juga tidak perlu khawatir. Ada mainan anak. Jadi makan jadi lebih santai.,0.9843609929084778
"Yen marang rene aku mesthi pesen budin sambel roa. Budine digoreng dipasake karo sambel roa, enak. Panganan sing liyane uga enak nanging kanggo aku lan kaluwarga sing paling enak ing kene ya mangan budin karo ngombe kopi.","Kalau ke sini saya selalu pesan singkong sambal roa. Singkongnya digoreng dipadankan dengan sambal roa, enak. Makanan yang lainnya juga enak tetapi buat saya dan keluarga yang paling enak di sini ya makan singkong sambil minum kopi.","Kalau ke sini saya pasti pesan budin sambal roa. Budinnya digoreng disajikan dengan sambal roa, enak. Makanan yang lain juga enak tapi untuk saya dan keluarga yang paling enak di sini ya makan budin sambil minum kopi.",0.9673253893852234
Telepone genggam eror pas kaping pisan diurupne,Telepon genggamnya eror pas pertama dinyalakan,Telepon genggam eror sejak pertama kali dinyalakan,0.9561387300491333
Turu sing cukup saben dinane isa gawe awak ora kekeselen lan seger sawektu tangi ing dina esuk.,Tidur yang cukup tiap harinya bisa bikin badan tidak kecapekan dan segar ketika bangun di pagi hari.,Tidur yang cukup setiap harinya bisa membuat badan tidak lelah dan segar saat bangun di pagi hari.,0.9686176776885986
Restoran iki romantis tenan kanthi pemandangane sing apik tenan ing dina mbengi,Restoran ini sangat romantis dengan pemandangannya yang sangat indah di malam hari,Restoran ini sangat romantis dengan pemandangan yang sangat bagus di malam hari,0.9819693565368652
"Sugeng sonten ibu, bab produk perbankan mandiri apa sing entuk dhewe rewangi? Yogi","Selamat sore ibu, perihal produk perbankan bank mandiri apa yang dapat kami bantu? Yogi","Selamat sore ibu, untuk produk perbankan mandiri apa yang bisa kami bantu? Yogi",0.9721370935440063
"Suwasanane ing panggonan iki luwar biasa tenan. Pas kuwi dhewe teka ing sore ameh wengi, lan etuk panggonan sing ngadep ning air terjun. Gemricik banyu grojogan lan suwasana desa nambah nikmat suwasana mangan wengi dhewe pas kuwi. Panganan disajekake kanthi gaya tradisional lan rasane cukup apik kanggo ilate dhewe.","Suasananya di tempat ini sungguh luar biasa. Ketika itu kami datang pada senja menjelang malam, dan mendapatkan ruang yang menghadap ke air terjun. Gemericik air terjun dan suasana pedesaan menambah nikmat suasana makan malam kami ketika itu. Makanan disajikan dengan gaya tradisional dan rasanya cukup menarik untuk lidah kami.","Suasana di tempat ini luar biasa sekali. Saat itu kami sampai sore menjelang malam, dan mendapatkan tempat yang menghadap ke air terjun. Gemercik air terjun dan suasana pedesaan menambah nikmat suasana makan malam kami saat itu. Makanan disajikan secara tradisional dan rasanya cukup baik untuk lidah kami.",0.9681724309921265
"Regane larang banget, padahal panganan sing didol panganan indonesia umume. Padahal kanggo nikmati panganan kaya ngene iki ing panggonan liyane adoh luwih murah. Sega goreng wae ing kene larang banget banget! Jengkel.","Harganya terlalu mahal, padahal makanan yang dijualkan makan indonesia umumnya. Padahal untuk menikmati makanan sejenis di tempat lain jauh lebih murah. Nasi goreng saja di sini mahal banget banget! Kesal.","Harganya mahal sekali, padahal makanan yang dijual makanan indonesia umumnya. Padahal buat menikmati makanan seperti ini di tempat lain jauh lebih murah. Nasi goreng saja di sini mahal banget banget! Kesal.",0.9806074500083923
Ana ing akun mycare ku sek keblokir kuwi wis aku tambahake nomer im3 ku sek anyar,Dalam akun mycare saya yang terblokir tersebut sudah saya tambahkan nomer im3 saya yang baru,Yang di akun mycare saya yang terblokir itu sudah saya tambahkan nomor im3 saya yang baru,0.9741420149803162
120 peserta sing lulus iki bakale dibagi dadi 4 kelas karo jumlah masing masing 30 murid,120 peserta yang lulus ini akan dibagi menjadi 4 kelas dengan jumlah masing masing 30 siswa.,120 peserta yang lulus ini akan dibagi menjadi 4 kelas dengan jumlah masing-masing 30 murid,0.9784095883369446
"Apa iki, regane larang, pelayanane jan mines!","Apa ini, harga mahal, pelayanan minus!","Apa ini, harganya mahal, pelayanannya jamin min!",0.9402720928192139
Aku ketemu karo deknen ing asrama panggonan dhewe manggon nalika isih mahasiswa,Saya bertemu dengannya di asrama tempat kami tinggal semasa mahasiswa dulu,Saya bertemu dengan mereka di asrama tempat kami tinggal waktu masih mahasiswa,0.9616236090660095
"Endi ki suwe banget konfirmasine? Iki uwis dibayar, uwis ngirimne bukti transfer, nanging e - tiket pancet ora metu? Aku gela, wegah digantung ngene.","Mana nih lama sekali konfirmasinya? Ini sudah dibayar, sudah mengirimkan bukti transfer, tetapi e - tiket tetap tidak keluar? Saya kecewa, tidak mau digantung begini.","Mana ini lama sekali konfirmasinya? Ini sudah dibayar, sudah kirim bukti transfer, tapi e - tiket tidak keluar-keluar juga? Saya kesal, tidak mau digantung begini.",0.975507915019989
"Ndelok film indonesia ning tv iki, kadang nggarai pegel. Merga kayak-kayake indonesia ora ana masalah, merga kabeh lagi mlaku-mlaku ning luar negeri.","Menonton film indonesia di tv ini, kadang bikin jengkel. Karena seakan-seakan indonesia tidak ada masalah, karena semuanya lagi jalan-jalan di luar negeri.","Menonton film indonesia di televisi ini, kadang membuat jenuh. Karena seakan-akan indonesia tidak ada masalah, sebab semua lagi jalan-jalan ke luar negeri.",0.9737574458122253
"Dasare ora ngerti kahanan kowe! Sinau beladiri udu nggo disombongke! Nanging kanggo nglindhungi awake dhewe! Gurumu dantemi apa maneh uwong tuwamu! Dasar iblis kowe, nyawa dibayar nyawa! Kowe ndhuwe utang siji nyawa! Lan nyawamu sing dadi bayarane!?","Dasar tak tau diri kau! Belajar beladiri bukan untuk di sombongkan! Tapi untuk melindungi diri sendiri! Guru lu aja lu pukulin apalagi orang tua lo! Dasar iblis kau, nyawa di bayar nyawa! Lu punya hutang satu nyawa! Dan nyawa lo yang jadi bayarannya!?","Dasarnya tidak tahu kondisi lo ya! Belajar bela diri bukan buat disombongkan! Tetapi untuk melindungi diri sendiri! Guru kita sampai menghajar apalagi orang tua lo! Dasar iblis lo, nyawa dibayar nyawa! Lo punya utang 1 nyawa! Dan nyawalah yang jadi pembayarannya!?",0.9460706114768982
"Lak nyang mangkok iwak pitik mesti tuku kwetiaew sirame, lak didelok kayake sing sitik, nangis pas dipangan beh, akeh banget lak kanggo porsiku, kwetiaw sirame sik juara ning kene timbang nggon liya, tenan. Sambele uga sekeca banget karo seleraku.","Kalau ke mangkok ayam pasti beli kwetiaw siramnya, kalau dilihat seperti yang sedikit, tetapi pas dimakan beuh, banyak sekali kalau buat porsi saya, kwetiaw siramnya masih juara di sini dari pada di tempat lain, sungguh. Sambelnya juga sesuai banget sama selera saya.","Kalau ke mangkok selalu memesan kwetiaw siram, kalau dilihat kayaknya kan sedikit, nangis pas dimakannya, banyak banget untuk porsi saya, kwetiaw siram tetap juara di sini dibandingkan tempat lain, mantap. Sambalnya juga cocok banget dengan selera saya.",0.9456378221511841
Atlet enom tanah air melu serpong run 2018 dinggo ajang nguji coba,Atlet muda tanah air ikuti serpong run 2018 untuk ajang uji coba,Atlet muda tanah air ikuti serpong run 2018 untuk ajang uji coba,1.0
"Penting lan sebarno negriku sing wis lara, pas oknum aparat dadi keparat, sing pener disalahne lan sing salah dipenerne","Penting dan sebarkan negeriku yang sudah sakit, kala oknum aparat jadi keparat, yang benar disalahkan dan yang salah dibenarkan","Penting dan sebarkan negeri ku yang sudah sakit, saat oknum aparat menjadi keparat, yang pener disalahkan dan yang salah diteruskan",0.9657959342002869
Bis harapan jawa adoh luwih kapenak dibanding sing liyane,Bus harapan jaya jauh lebih nyaman dibandingkan yang lainnya,Bus harapan jawa jauh lebih nyaman dibandingkan yang lain,0.9723882675170898
Tinggalen ae lak awakmu pancene wis waleh karo pacarmu lan pacaran ora ana gunane kanggo awakmu.,Tinggalkanlah kalau kamu memang sudah bosan sama pacar mu dan pacaran tidak ada gunanya buat kamu.,Tinggalkan saja kalau kamu memang sudah tidak nyaman dengan pacar dan pacaran tidak ada gunanya bagi kamu.,0.9682186841964722
"Isih percoyo karo omongane? Dee sing nutup rapet-rapet bobroke sifate, dee uga sing mbukak tabir aibe.","Masih percaya sama omongannya? Dia yang menutup rapat-rapat kebobrokan sifatnya, dia juga yang membuka tabir aibnya.","Masih percaya dengan omongannya? Dia yang menutup rapat-rapat keburukan sifatnya, dia pula yang membuka tabir jeleknya.",0.9705123901367188
"Kafe iki, nduwe pirang-pirang cemilan sing top banget, tahu ning lumboenk karo vulkano risols jenenge. Sensasine unik saka wujude karo rasane nggarai sir maneh si maneh, dinggo sing penasaran oleh njajal wis.","Kafe ini, punya beberapa cemilan yang top banget, tahu di lumboenk sama vulkano risols namanya. Sensasi unik dari tampilan sama rasanya bikin mau lagi mau lagi, bagi yang penasaran boleh dicoba deh.","Kafe ini, punya beberapa cemilan yang top banget, tahu di lumbung sama vulkano risols namanya. Sensasinya unik dari bentuknya sampai rasanya bikin mau lagi deh, buat yang penasaran boleh dicoba ya.",0.9665639996528625
2018 kpk nduweni tekad kanggo nuntaskae kasus e-ktp lan lbi.,2018 kpk bertekad menuntaskan kasus e-ktp dan blbi.,2018 kpk berkeinginan untuk menyelesaikan kasus e-ktp dan lbi.,0.9524237513542175
Namung penerbangan ing indonesia sing ora tahu ngeregani wektu. Uwis mbayar larang pelayanane tetep nguciwakake,Cuma penerbangan di indonesia yang tidak pernah ngehargai waktu. Sudah bayar mahal tetap pelayanannya mengecewakan,Namun penerbangan di indonesia yang tidak tahu menghargai waktu. Sudah bayar mahal pelayanan tetap mengecewakan,0.950082540512085
"Kanggo layanan bank ing akhir pekan sing lokasine ing bekasi, bapak isa teka marang kantor cab bank mandiri bekasi juanda","Untuk layanan bank di akhir pekan yang berlokasi di bekasi, bapak dapat datang ke kantor cab bank mandiri bekasi juanda.","Untuk layanan bank pada akhir pekan yang lokasinya di bekasi, bapak bisa datang ke kantor cab bank mandiri bekasi juanda",0.9830630421638489
susah banget ndelok segara sing saiki reget didadekake panggonan guwak sampah sembarangan,Sedih banget melihat laut yang sekarang kotor dijadikan tempat buang sampah sembarangan,Sulit sekali melihat laut yang kini kotor dijadikan tempat membuang sampah sembarangan,0.9762020111083984
"Salah siji panggon mangan lan panggon nangkring sing direkomendasikne kanca sing oke banget. Panggone pancene lumayan munggah lak saka kutha, lan rodok mlebu-mlebu sampek ora ketok lak saka dalan utama. Nanging panganane enak, panggone asik, regane uga standar. Sik sumbut karo regane lah. Oleh lak nyang Malang dolan mrene maneh.","Salah satu tempat makan dan tempat nongkrong yang direkomendasikan teman yang oke sekali. Tempatnya memang lumayan naik kalau dari kota, dan agak masuk-masuk sampai tidak terlihat kalau dari jalan utama. Tapi makanannya enak, tempatnya asik, harganya juga standar. Masih sepadan dengan harga lah. Bolehlah kalau ke Malang datang ke sini lagi.","Salah satu tempat makan dan tempat nongkrong yang direkomendasikan teman yang sangat oke. Tempatnya memang lumayan naik kalau dari kota, dan agak masuk-masuk sampai tidak kelihatan kalau dari jalan utama. Tapi makanannya enak, tempatnya asik, harganya juga standar. Masih bersahabatlah harganya. Kalau ke malang bisa kembali ke sini lagi.",0.9819732308387756
On the spot lagi tayang ing trans7,On the spot sedang tayang di trans7,On the spot kembali tayang di trans7,0.9957798719406128
"Bener-bener iwak pitik goreng sing gurih lan nggarai aku ketagihan, sambel sing pedes nggarai sensasi mangan luwih mantep karo sega anget lan es teh manis","Benar benar ayam goreng yang gurih dan membuat saya ketagihan, sambal yang pedas membuat sensasi makan lebih mantap dengan nasi hangat dan es teh manis","Memang benar ayam goreng yang gurih dan membuat saya ketagihan, sambal yang pedas membuat sensasi makan makin mantap dengan nasi hangat dan es teh manis",0.9916573762893677
Aku wis ndaftar namung ora entuk sms seka 5111.,Saya sudah registrasi tapi tidak dapat sms dari 5111.,Saya sudah mendaftar tapi tidak dapat sms dari 5111.,0.9833571314811707
"Mumpung lagi mlaku-mlaku marang bandunh sekaliyan nyempatake nyoba batagor sek paling enak ing kota kembang iki nganti ora sadar dhewe mesen luwih akeh seka kapasitas mangan dhewe wong loro: Bakso tahu goreng, siomay goreng lan batagor kuah, ayam kremes, lan es cendol lan dhewe uga kudu mbungkus mulih tahu yun yin pesenan dhewe akhire.","Mumpung sedang berjalan-jalan ke bandunh sekalian menyempatkan mencoba batagor yang terenak di kota kembang ini sampai tidak sadar kami memesan lebih banyak dari kapasitas makan kami berdua: Bakso tahu goreng, siomay goreng dan batagor kuah, ayam kremes, dan es cendol dan kami masih harus membungkus pulang tahu yun yin pesanan kami akhirnya.","Mumpung lagi jalan-jalan ke bandung sekalian menyempatkan untuk mencoba batagor yang paling enak di kota kembang ini sampai tidak sadar kita pesan melebihi kapasitas makan kita berdua: Bakso tahu goreng, siomay goreng dan batagor kuah, ayam kremes, dan es cendol dan kita juga harus bungkus pulang tahu yun yin pesanan kita akhirnya.",0.9712985754013062
"Njajal pesen shabu-shabu, menu anyar ning gading resto. Kuwalitas rasane cukup enak, regane kejangkau uga. Rekomendasi lak nggawa tamu utawa mung mangan wengi karo kaluwarga.","Mencoba memesan shabu-shabu, menu baru di gading resto. Kualitas rasa cukup enak, harga terjangkau pula. Rekomendasi bilamana membawa tamu atau sekadar makan malam bersama keluarga.","Mencoba pesan shabu-shabu, menu baru di gading resto. Kualitas rasanya cukup enak, harganya terjangkau juga. Rekomendasi kalau bawa tamu atau cuma makan malam bersama keluarga.",0.9838464260101318
Oke. Wis tak kirim lewat pesen langsung,Oke. Sudah saya kirim via pesan langsung,Oke. Sudah saya kirim lewat pesan langsung,0.9874306917190552
"Kasamrawutan sing kadadean akhir debat loro pilgub jabar ing 14 mei 2018 sing kepungkur, marakke silang pendapat saka para kontestan debat.","Kericuhan yang terjadi pengujung debat kedua pilgub jabar pada 14 mei 2018 yang lalu, menimbulkan silang pendapat dari para kontestan debat.","Keseruan yang terjadi usai debat kedua pilgub jabar pada 14 mei 2018 lalu, memicu silang pendapat dari para kontestan debat.",0.9682077765464783
Isuk iki lali nyepot helm mas gojek bar mudun saka motor gara-gara nguber bis,Pagi ini lupa lepas helm abang gojek setelah turun dari motor gara-gara mengejar bus,Pagi tadi lupa melepas helm mas gojek habis turun motor gara-gara mengejar bis,0.9559108018875122
"Restoran iki tansah top. Suasanane nyaman banget kanggo ngobrol karo kanca, sedulur utawa pasangan. Panganane uga enak. Sanajan aku biasane ora mangan abot. Soale paling seneng marang mrene sore nyedhak mbengi","Restoran ini selalu top. Suasananya nyaman banget buat ngobrol dengan teman, saudara atau pasangan. Makanannya juga enak. Walaupun saya biasanya tidak makan berat. Soalnya paling suka ke sini sore menjelang malam","Restoran ini tetap top. Suasananya sangat nyaman untuk ngobrol bersama teman, keluarga atau pasangan. Makanannya pun enak. Walaupun saya biasanya tidak makan berat. Soalnya paling senang ke sana sore menjelang malam",0.9819571375846863
"Menu sing dhewe pesen urang, sapi, sapo kabehane enak, sampurna dimasake, rasane pas, kuwalitase dhuwur. Panggonane amba, pelayanane oke tenan. Kabehane grapyak lan grapyak karo bocah-bocah","Menu yang kita pesan udang, sapi, sapo semuanya enak, sempurna dimasaknya, rasanya pas, berkualitas tinggi.  Tempat luas, pelayanan oke banget. Semuanya ramah dan ramah sama anak-anak","Menu yang kami pesan udang, sapi, kepiting semuanya enak, matang sempurna, rasanya pas, kualitas tinggi. Tempatnya luas, pelayanan sangat oke. Semua ramah dan bersahabat dengan anak-anak",0.9660361409187317
"Kesel ngantri, kesel golek panggon lungguh, kesel lungguh. Dinggo sing ora nduwe wektu suwe lan wis keluwen, mending ora mrene. Aku mrene pas liburan bodo panganan ning ruko-ruko kene uga rodok larang lan rasane standar.","Capek mengantre, capek mencari tempat duduk, cape duduk. Buat yang tidak punya waktu lama dan sudah kelaperan, mendingan tidak ke sini. Saya ke sini pas liburan lebaran makanan di ruko-ruko sekitar sini juga rada mahal dan rasanya standar.","Kesal antre, kesal cari tempat duduk, kesal duduk. Buat yang tidak punya waktu banyak dan sudah kelaparan, mending tidak ke sini. Saya ke sini pas liburan tahun baru makanan di ruko-ruko di sini juga agak mahal dan rasanya standar.",0.952769935131073
"Warung mangan nduwe suasana sing nyaman karo gaya kampung lawas. Luwih sekeco diparani wektu sore sampek dina wengi ning kahanan sing luwih romantis karo cahyaning remeng-remeng saka obor lan geni unggun. Panganan sing disajikne rena-rena, mulai panganan indonesia sampek panganan eropa serba ana. Cocok sanget kanggo ngentekne wektu karo kanca lak keluarga.",Resto ini memiliki suasana yang nyaman dengan gaya kampung tradisional. Lebih cocok dikunjungi saat sore hingga malam hari di suasana lebih romantis dengan cahaya temaram dari obor dan api unggun. Makanan yang disajikan bervariasi mulai makanan indonesia sampai european makanan serba ada. Sangat cocok untuk menhabiskan waktu bersama teman atau keluarga.,"Warung makan memiliki suasana yang nyaman dengan gaya rumah tempo dulu. Lebih asyik jika dikunjungi sore hari hingga malam hari dalam suasana yang lebih romantis dengan penerangan temaram dari lampu dan api unggun. Makanan yang disajikan bervariasi, mulai dari masakan indonesia hingga masakan eropa serba ada. Sangat cocok untuk menghabiskan waktu bersama teman maupun keluarga.",0.9518218040466309
"Menu masakan sing disajekne lumayan rena-rena karo rasa sing lumayan enak, kabehe pelayan lan wektu pelayanane ya cukup apik dadi awakdewe wareg mangan awan ning kana, mung nata panggene restoran sing mestere rena-rena munggah - mudun dadi kudu luwih ngati-ati dinggo wong tua lan bocah cilik, muga-muga isa luwih ditingkatne pelayanane lan rena-rena menune. Sukses terus kanggo boemi mitoha.","Menu masakan yang disajikan lumayan bervariasi dengan rasa yang lumayan enak, jumlah pelayan dan waktu pelayanannya pun cukup baik sehingga kami puas makan siang di sana, hanya tata letak restoran yang lantainya bervariasi naik - turun sehingga harus ekstra hati-hati untuk orang tua dan anak kecil, semoga bisa semakin ditingkatkan pelayanan dan variasi menunya. Sukses selalu untuk boemi mitoha.","Menu masakan yang disajikan lumayan beragam dengan rasa yang lumayan enak, keseluruhan pelayanan dan waktu pelayanannya ya cukup baik jadi kami kenyang makan siang di sana, hanya saja penataan tempat restoran yang memang perlu naik turun jadi harus lebih hati-hati untuk orang tua dan anak kecil, semoga bisa lebih ditingkatkan untuk pelayanan dan variasi menunya. sukses terus untuk boemi mitoha.",0.9666478633880615
"Tagihan mencolot loro kali lipat amarga promo entek tanpo kabar, ora bener iki.","Tagihan melonjak dua kali lipat gara-gara promo habis tanpa pemberitahuan, tidak benar ini.","Tagihan membengkak dua kali lipat gara-gara promo habis tanpa kabar, tidak benar ini.",0.9852190613746643
Njaluk informasine babagan daftar rega klambi kang didhol.,Minta informasi tentang daftar harga baju yang sedang dijual,Minta informasinya mengenai daftar harga baju yang dijual.,0.9533647298812866
Aku tansaya sengit karo jne amarga pangirimane mesthi telat,Saya semakin membenci jne karena pengirimannya selalu telat,Aku semakin membenci jne karena pengirimannya selalu telat,0.9934018850326538
"Ora koyo warung mangan lan kafe biasane, konsep panggonane digawe unik. Akeh lampu-lampu, gambaran, semiantik. Panganan lan ombenane lumayan pas enak, sing garai kaget pas ndelok daftar menune. Ragene wuooow pas banget ning sak. Lan sing mesti rega mirah ora nggarai rasane maleh seje, pancet enak lan berkualitas.","Tidak seperti kebanyakan restoran dan kafe lain, konsep tempatnya dibuat unik. Banyak lampu-lampu, lukisan, semi antik. Makanan dan minuman lumayan cukup enak, yang buat kaget pas melihat daftar menunya. Harganya wuooow pas banget di kantong. Dan yang pasti harga murah tidak buat rasa jadi beda, tetap enak dan berkualitas.","Tidak seperti warung makan dan kafe biasanya, konsep tempatnya dibuat unik. Banyak lampu-lampu, gambar, semi antik. Makanan dan minuman lumayan pas enak, yang kaget saat melihat daftar menunya. Harganya wuooow pas banget deh. Dan yang pasti harga murah tidak membuat rasa menjadi lain, tetap enak dan berkualitas.",0.9723978638648987
"Ana ing lantai 1 hotel yaiku lantai paling dhuwur, nyajikake pemandangan luar biasa ing arah bukit sing dithukuli wit-witan. Seger, resik, penak, luar biasa!","Terletak di lantai 1 hotel yang merupakan lantai tertinggi, menyajikan pemandangan luar biasa ke arah bukit yang ditumbuhi pepohonan. Segar, bersih, nyaman, luar biasa!","Di lantai 1 hotel ini yang sekaligus lantai paling atas ini menyajikan pemandangan luar biasa di arah bukit yang ditumbuhi pepohonan. Segar, bersih, nyaman, luar biasa!",0.9694362878799438
Sakdurunge aku lan pasangan mulih marang jakarta. Aku mampir ndhisik ing restoran iki. Pemandangane apik lan panganane uga murah meriah. Rekomendasi tenan,Sebelum saya dan pasangan pulang ke jakarta. Saya mampir dahulu ke restoran ini. Pemandangannya keren dan makanannya pun murah meriah. Rekomendasi sekali,Sebelum saya dan pasangan kembali ke jakarta. Saya mampir dulu di restoran ini. Pemandangan bagus dan makanan terjangkau. Sangat rekomendasi,0.9592840671539307
Ngerasa bosen loh karo sakabehane. Bosen tenan ngelakokake rutinitas sing ngono-ngono wae.,Merasa jenuh loh sama semuanya. Bosen sekali melakukan rutinitas yang gitu-gitu saja.,Merasa bosan deh dengan semuanya. Bosan banget menjalankan rutinitas yang itu-itu saja.,0.9389811754226685
Eman kothake sing tekan lumayan penyok,Sayang kotaknya yang sampai agak penyok,Sisi tas yang sampai lumayan penyok,0.9263381958007812
Kapisan njajal uwis disuguhi karo lalaine pelayan sing marakake dhewe ngenteni suwi wae 4 lagu marcell. Banjur uwis suwi ya ora sida pesenlah. Ora peduli arep enak kaya ngapa yen pelayanane elek karepe sing jenenge rasa.,Pertama mencoba sudah disuguhi dengan kelalaian pelayan yang bikin kita menunggu lama aja 4 lagu marcell. Terus sudah lama ya tidak jadi pesanlah. Tidak peduli mau enak kayak apa kalau pelayanannya buruk terserahlah yang namanya rasa.,Pertama kali mencoba sudah disuguhi dengan alasan musik penghidangan kami menunggu lama saja 4 lagu marcell. Lalu sudah lama ya tidak jadi pesan saja deh. Tidak peduli enak seperti apa kalau pelayanan buruk mau rasanya.,0.9327439665794373
"Sego rawone enak banget, regane murah. Cedak universitas parahyangan. Panggonane unik nganggo kayu-kayu.","Nasi rawonnya sangat enak, harga terjangkau. Dekat universitas parahyangan. Tempatnya unik dengan kayu-kayu.","Nasi rawonnya enak banget, harganya murah. Dekat universitas parahyangan. Tempatnya unik pakai kayu-kayu.",0.9825183153152466
"Pesen soto karo iga bakar, ditambah suwasana sing adem. Rasane enak lan dilayani kanthi grapyak karo mbak diah, tisna, echa. Uwis ping pindo teka mrene lan mesthi marem karo kualitas panganan lan pelayanan:","Order soto sama iga bakar, ditambah suasana yang dingin. Rasanya enak dan dilayani dengan ramah sama mbak diah, tisna, echa. Sudah dua kali datang ke sini dan selalu puas dengan kualitas makanan dan pelayanan:","Pesan soto plus iga bakar, ditambah suasana yang adem. Rasanya enak dan dilayani dengan ramah oleh mbak diah, tisna, echa. Sudah dua kali datang ke sini dan selalu puas dengan kualitas makanan dan pelayanan:",0.9887661933898926
"Youtube akeh banget manfaate. Isa nonton film, ngrungokake lagu, kala-kala kanggo sinau.","Youtube banyak sekali manfaatnya. Bisa nonton film, dengar lagu, kadang untuk belajar.","Youtube banyak sekali manfaatnya. Bisa menonton film, mendengarkan lagu, kadang-kadang untuk belajar.",0.9793583750724792
"Udan ing dina isuk tenan marakna kesel, macet lan rega ojol dadi tenan ora isa dikendalikake marakna eneg","Hujan di pagi hari sungguh sangat kesal, macet dan harga ojol jadi super tak terkendali bikin eneg","Hujan di pagi hari sungguh sangat melelahkan, macet dan tarif ojol jadi sangat tidak terkendali bikin muak",0.9525828957557678
"Panganane lumayan enak-enak ing hawa anyes lan akeh variasine mulai saka restoran burangrang, saung purbasari lan area foodcourte.","Makanannya lumayan enak-enak di udara dingin dan banyak variasinya dari mulai restoran burangrang, saung purbasari dan area foodcourtnya.","Makanannya lumayan enak-enak di udara dingin dan banyak variasinya mulai dari restoran burung hantu, saung purbasari dan area foodcourt.",0.9772185683250427
Tulung golekake alamat uwong iki. Bakal aku jak duel kaya uwong lanang nganggo samurai. Deknen uwis ngece ibuku sing paling aku tresnani lan hormati.,Tolong carikan alamat orang ini. Akan saya ajak duel secara jantan pakai samurai. Dia telah menghina ibuku yang paling aku cinta dan hormati.,Tolong carikan alamat orang ini. Akan saya tantang duel sebagai lelaki dengan menggunakan samurai. Dia sudah menghina ibu saya yang sangat saya sayang dan hormati.,0.9537568092346191
"Panggon ngombe kopi cedek kampus UI, vietnamese kopi -ne enak, regane relatif sedeng, cocok dinggo ngontemplasi karo nggarap tesis","Tempat minum kopi dekat kampus UI, vietnamese kopi -nya enak, harganya relatif sedang, cocok untuk berkontemplasi sembari mengerjakan tesis","Tempat ngopi dekat kampus UI, vietnamise kopinya enak, harganya relatif sedang, cocok untuk merenung sambil mengerjakan tesis",0.9503656625747681
"Panganane enak, lan pemandangane apik tenan,. Mung sing menyang lawangwangine kurang dadi ora kabeh uwong bisa ngerti yen lawangwangi ana nang kono kajaba wong sek lewat.","Makanannya enak, dan viewnya amazing,. Hanya sing menuju lawangwanginya kurang jadi tidak semua orang bisa tahu ada lawangwangi di situ kecuali orang yang lewat.","Makanannya enak, dan pemandangannya bagus sekali,. Hanya saja yang menuju pintu masuk kurang jadi tidak semua orang bisa tahu kalau pintu masuknya ada di situ selain orang yang lewat.",0.945202112197876
Aku mulai usaha lan ora tau wedi gagal.,Saya memulai usaha dan tidak pernah takut gagal.,Aku mulai usaha dan tidak pernah takut gagal.,0.9846932291984558
Panggonan mangan kanthi nuansa doraemon. Rega panganane murah lan akeh pilihan. Panggonane ora patia amba nanging nyaman. Nang lantai 2 digawe kaya kamare nobita lkp kanthi meja sinau mesin waktu lan lawang nang ndi wae. Akeh golekan doraemon lan komik-komik sek isa diwaca sawetara ngenteni panganan. Kajaba iku sinambi ngrasakake panganane dhewe isa nonton film doraemon. Anakku seneng mangan. Lanjutan,Tempat makan dengan nuansa doraemon. Harga makanannya murah dan banyak pilihan. Tempatnya tidak terlalu luas tapi nyaman. Di lantai 2 di buat menyerupai kamar nobita lkp dengan meja belajar mesin waktu dan pintu ke mana saja. Banyak boneka doraemon dan komik-komik yang bisa dibaca saat menunggu makanan. Selain itu sambil menikmati hidangan kita bisa menonton film doraemon. Anak saya senang makan. Lanjutan,Tempat makan dengan nuansa doraemon. Harga makanan murah dan banyak pilihan. Tempat tidak terlalu luas namun nyaman. Di lantai 2 dibuat seperti kamar nobita lkp dengan meja belajar mesin waktu dan pintu ke mana saja. Banyak boneka doraemon dan komik-komik yang bisa dibaca sambil menunggu makanan. Selain itu sambil menikmati makanan kita bisa menonton film doraemon. Anak saya senang makan. Lanjutan,0.985011637210846
"Aku nyang kafe dipakar bareng keluarga, pemandangane pancene keren banget. Panganane uga eco-eco. Dinggo nyantai nikmati sing disajikne lan pemandangane ning dipakar nyenengna banget. Awakdewe mrana dina minggu, lan rame banget sing dolan. Nanging ora ngenteni suwe, awakdewe langsung entuk meja. Dinggo panganan, bar awakdewe pesen ora kudu ngenteni suwe, panganan wis teka. Dinggo foto-foto uga apik banget.","Saya ke kafe dipakar bersama keluarga, pemandangannya memang keren banget. Makanannya juga enak-enak. Untuk bersantai menikmati sajian dan pemandangan di dipakar sangat menyenangkan. Kami ke sana hari minggu, dan sangat ramai pengunjung. Tapi tidak menunggu lama, kami langsung dapat meja. Untuk makanan, setelah kita order tidak perlu menunggu lama, makanan sudah datang. Untuk foto-foto juga sangat bagus.","Saya ke kafe di bukit bersama keluarga, pemandangannya memang keren banget. Makanannya juga enak-enak. Untuk bersantai menikmati yang disajikan dan pemandangan di bukit sangat menyenangkan. Kami ke sana di hari minggu, dan ramai banget pengunjung. Tapi tidak menunggu lama kami langsung mendapatkan meja. Untuk makanan, setelah kami pesan tidak perlu menunggu lama makanan sudah datang. Buat foto foto juga bagus banget.",0.976456344127655
"Ora salah maneh iki kafe modern salah siji senengane wong depok kanggo mangan, nglumpuk tenanan panggone nyaman soale.","Tidak salah lagi ini kafe modern salah satu favorit warga depok buat makan, berkumpul seriusan tempatnya nyaman soalnya.","Tidak salah lagi ini kafe modern salah satu favorit warga depok untuk makan, benar benar nyaman tempatnya.",0.9648221731185913
Kesel wae karo kelakuan nyinyir terus kelompok sebelah.,Kesal saja dengan kelakuan nyinyir terus kelompok sebelah.,Kesal saja dengan kelakuan nyinyir terus kelompok sebelah.,0.9999999403953552
"Aku seneng mangan ning kene merga menu iwak pitike enak lan empuk, sambele pas ning ilat lan kahanane restorane uga nyaman. Liyane iku pelayanane uga apik lan regane mirah.","Saya suka makan di sini karena menu ayamnya enak dan empuk, sambal pas di lidah dan suasana restorannya juga nyaman. Selain itu pelayanan juga bagus dengan harga terjangkau.","Saya suka makan di sini karena menu ayam gorengnya enak dan empuk, sambalnya pas di lidah dan suasana restorannya juga nyaman. Selain itu pelayanannya juga baik dan harganya murah.",0.9857112765312195
Aku ki wis kesel arep nesu-nesu. Ben aku dewe ae wis sing njupuk maneh pakete lan tak kirim lewat ekspedisi liya ae. Gela pol embuh ping pira.,Gue itu sudah capek mau marah-marah. Biar gue sendiri aja deh yang ambil lagi paketnya dan gue kirim via ekspedisi lain saja. Kecewa berat entah keberapa kalinya.,Aku ini sudah capek mau marah-marah. Biar aku sendiri saja sudah yang mengambil kembali paketnya dan saya kirim pakai ekspedisi lain saja. Kesal banget entah sudah berapa kali.,0.955334484577179
"Reunion house iki wis tenan direkomendasikake kanggo mangan awan nang bandung. Panggonane kepenak, asyik kanggo nyantai guyonan karo sapa bae. Menune uga oke tenan.","Reunion house ini direkomendasikan banget buat makan siang di bandung. Tempatnya nyaman, asyik buat santai mengobrol bareng siapa saja. Menunya juga oke banget.","Reunion house ini memang sangat direkomendasikan untuk makan siang di bandung. Tempatnya nyaman, asyik untuk santai ngobrol dengan siapa saja. Menunya juga oke banget.",0.9802596569061279
Dingge meruhi promo-promo sing lagi ana ning tokopedia awakmu isa marani halaman iki.,Untuk mengetahui promo-promo yang sedang berlangsung di tokopedia kamu dapat mengunjungi halaman berikut.,Untuk melihat promo-promo yang sedang berlangsung di tokopedia dapat mengunjungi halaman ini.,0.9792397618293762
"Jarene jam iki anti banyu, nanging dienggo renang tok uwis mati","Katanya jam ini water resist, tapi dipakai berenang doang sudah mati","Katanya jam ini anti air, tapi dipakai renang saja sudah mati",0.9387328028678894
Suasane asri. Akeh sing dodolan panganan. Panggonan sing nggo nongkrong lan kafene cocok kanggo kunjungan. Dhewe ndhuwe wektu belanja ing supermarket. Regane uga ora larang. Suasanane ing njero malle penak. Acne anyeslah. Lan barang-barang merekane mantap tenan lan akeh potongan rega,Suasananya asri. Banyak jualan makanan. Tempat nongkrong dan cafenya cocok untuk berkunjung. Kami sempat belanja disupermarket. Harganya juga tidak mahal. Suasana di dalam mallnya nyaman. Acnya dinginlah. Dan barang-barang brandednya mantap sekali dan banyak diskon,Suasananya asri. Banyak yang jualan makanan. Tempat yang buat nongkrong dan kafenya cocok untuk kunjungan. Sempatkan juga belanja di supermarketnya. Harganya juga tidak mahal kok. Suasananya di dalam mall enak deh. AC dingin. Dan barang-barangnya mantap banget dan banyak diskon,0.9547680616378784
Pemikirane sempit nanging ngrumangsa paling bener mangkel banget aku,Pemikiran sempit tapi sok benar kesal banget aku,Berpikiran sempit tapi merasa paling benar kesal banget aku,0.9356439113616943
Sek foto karo uwong kuwi udu adike bang doni. Jijik ah foto karo uwong kuwi.,Yang foto sama orang itu bukan adik bang doni. Jijik ah foto sama orang itu.,Bar foto sama orang itu bukan adiknya bang doni. Jijik ah foto sama orang itu.,0.9767500758171082
"Sakwijining musibah lagi wae kena kampung adat ning bajawa, flores. Kebakaran gedhe sing kadadean ing senin 13 / 8 sore ameh ngobongake kabeh kampung. Total 27 saka 33 omah adat sing ana entek dipangan geni bareng kabeh crita lan sejarahe.","Sebuah musibah baru saja menimpa kampung adat di bajawa, flores. Kebakaran hebat yang terjadi pada senin 13 / 8 sore hampir menghanguskan seluruh kampung. Total 27 dari 33 rumah adat yang ada habis dilalap api bersama semua cerita dan sejarahnya.","Baru saja musibah menimpa kampung adat di bajawa, flores. Kebakaran besar yang terjadi pada senin 13 / 8 sore hampir membakar seluruh kampung. Total 27 dari 33 rumah adat yang ada habis dilalap api bersama seluruh cerita dan sejarahnya.",0.9830987453460693
Marang rene wektu acara kantor. Ana musik langsung. Menu aneka werna. Cocok yen lunga rame-rame nanging selerane beda-beda. Ramene enak.,Ke sini waktu acara kantor. Ada live musik. Menu beragam. Cocok kalau pergi ramai-ramai tapi seleranya beda-beda. Ramennya enak.,Ke tempat ini waktu ada acara kantor. Ada musik live. Menu beragam. Cocok kalau pergi ramai-ramai tapi selera berbeda. Ramai enak.,0.9679551720619202
"Aku karo keluarga mangan mbengi nang panggonan iki amarga kajaba iku menu utamane batagor uga ana menu liyane. Aku mung mesen 2 menu sek akhire teka sakwise 45 menit, kuwi sakwise  kaping pirang-pirang aku takon. Seko rasane sawetara seko menu sek sakwise aku jajal lumayan enak. Sarane sakdhurunge pesen luwih apik takon ndhisik regane piro suwi orane nggawe menu kang dipesen.","Saya bersama keluarga makan malam di tempat ini karena selain menu utama batagor terdapat menu lain. Saya hanya memesan 2 menu yang akhirnya datang setelah 45 menit, itu pun setelah beberapa kali saya tanyakan. Dari segi rasa beberapa menu yang sebelumnya pernah saya coba lumayan enak. Saran sebelum memesan lebih baik tanyakan berapa lama pembuatan menu yang dipesan","Saya dan keluarga makan malam di tempat ini karena selain menu utama batagor juga tersedia menu lainnya. Saya cuma memesan 2 menu yang baru datang setelah 45 menit, itu setelah beberapa kali saya bertanya. Dari rasa beberapa dari menu yang saya coba lumayan enak. Sarannya sebelum pesan sebaiknya bertanya dulu harganya berapa lama tidak pesanan yang telah dipesan.",0.9556215405464172
Paket wis ditampa. Rodok gela merga pesen werna ireng dikirim werna kuning.,Paket sudah diterima. Sedikit kecewa karena order warna hitam dikirim warna kuning.,Paket sudah diterima. Agak kecewa karena pesan warna hitam dikirim warna kuning.,0.9726583957672119
"Aku saka bali, dilalah pas dolan menyang kutho bandung, pas ning sanding kantor gubernur jawa barat alias cedeke gedung sate, awakdewe disarane mangan ning bancakan merga cedek. Bar mlebu awakdewe dikeki piring saka komplong sing wis ora apik eneh, kayake karaten. Akhire awakdewe milih panganan sing awakdewe sir, lan atusan laler miber teka ngendi-ngendi merga wis kadung awakdewe ya pancet mangan. Nggilani pol.","Saya dari bali, kebetulan sedang liburan ke kota bandung, ketika sedang di dekat kantor gubernur jawa barat alias dekat gedung sate, kami di-suggest makan di bancakan karena dekat. Setelah masuk kami pun diberi piring dari kaleng yang sudah tidak bagus lagi, sepertinya berkarat. Akhirnya kami memilih makanan yang kami suka, dan ratusan lalat beterbangan ke mana mana karena sudah terlanjur kami pun tetap makan. Sangat jijik","Saya dari bali, dilalah pas jalan ke kota bandung, pas di sebelah kantor gubernur jawa barat alias dekat gedung sate, kita disarankan makan di bancakan karena dekat. Setelah masuk kita dikasih piring dari komplong yang sudah tidak bagus lagi, sepertinya karatan. Akhirnya kita ambil makanan yang kita mau, dan ratusan lalat beterbangan dari mana-mana karena sudah kelaparan ya kita tetap makan. Mual pol.",0.9416719079017639
Ndelok sinetron ae anyak waleh opomeneh nonton isu apus-apus sing diramalke.,Nonton sinetron saja mulai bosan apalagi menonton isu bohong yang diramalkan.,Lihat sinetron saja selalu tidak habis-habisnya menonton berita bohong yang diramalkan.,0.9377006888389587
Aku tuku werna-werna roti. Piliane akeh nanging rasane biasa wae. Rotine garing kaya uwis pirang-pirang dina. Ora seger. Pelayanane uga suwi. Nguciwakake.,Saya beli berbagai macam roti. Pilihannya banyak tapi rasanya biasa saja. Rotinya kering seperti sudah berhari-hari. Tidak segar. Pelayanannya juga lama. Mengecewakan.,Saya beli beberapa roti. Pilihan banyak tapi rasanya biasa saja. Rotinya kering seperti sudah beberapa hari. Tidak fresh. Pelayanannya juga lama. Mengecewakan.,0.9746391773223877
Aja lali ngombe banyu mineral 8 -- 10 gelas saben dinane.,Jangan lupa minum air mineral 8 -- 10 gelas per harinya.,Jangan lupa minum air mineral 8 -- 10 gelas setiap harinya.,0.99062579870224
"Panggonane sing apik ing cedak ndhuwur bukit, bisa ndhelok pemandangan kutha saka ndhuwur.","Tempatnya yang indah di dekat atas bukit, bisa lihat pemandangan kota dari atas.","Tempatnya yang bagus di dekat atas bukit, dapat melihat pemandangan kota dari atas.",0.9867844581604004
"Numpak grab, mase crita sing wingi kena balangan watu ing dalan.Juanda pas badha jebule anake kancane","Naik grab, abangnya cerita yang kemarin kena lemparan batu di jalan.Juanda saat lebaran ternyata anak temannya","Naik grab, masnya cerita yang kemarin kena lemparan batu di jalan.Juanda pas mau pulang anaknya temannya",0.9655041694641113
Sakkelompok mahasiswa sing bodo. Syukur aku udu mahasiswa daerah kono. Isin woy.,Sekelompok mahasiswa yang bodoh. Syukur deh gue bukan mahasiswa daerah situ. Malu woy.,Sekelompok mahasiswa yang tidak beres. Bersyukur saya bukan mahasiswa daerah sana. Malu woy.,0.9545140862464905
"Restone apik lan gede. Wektu marang rene pas mangan siang lan dina minggu rame tenan pengunjung. Panganane enak enak, gurame goreng lan sambele mantep.","Restonya bagus dan besar. Waktu ke sini saat makan siang dan hari minggu ramai sekali pengunjung. Makanannya enak enak, gurame goreng dan sambalnya mantap.","Restoran bagus dan besar. Waktu ke sana pas makan siang dan hari minggu ramai sekali pengunjung. Makanan enak enak, gurame goreng dan sambalnya mantap.",0.9820418953895569
"Aku klebu salah siji wong sing cukup setia karo kampung daun kat awal bukak tahun 2003 lak ora salah, kualitas panganan awite eco, ket tambah rame lan tambah mrene, panganan sing dirumantekne ora koyo biasane lan arang kading sing ngelayani kesane cuek banget, awakdewe pesen rena-rena macem panganan nanging sing teko kondisine wis anyep lan ora sekeca blas, mung panggone sing apik.","Saya termasuk salah satu orang yang cukup setia dengan kampung daun dari awal buka di tahun 2003 kalau tidak salah, kualitas makanan awalnya oke, tapi semenjak makin ramai dan makin ke sini, makanan yang disajikan tidak seperti biasanya dan terkadang pelayan terkesan cuek sekali, kita mesan beberapa jenis makanan tapi yang datang sudah dengan kondisi dingin dan tidak menarik, tempat menarik.","Saya termasuk salah satu orang yang cukup setia dengan kampung daun sejak awal buka tahun 2003 kalau tidak salah, kualitas makanan menurun, tiap kali makin ramai dan makin ke sini, makanan yang direkomendasikan sudah tidak seperti biasanya dan pelayanan yang harganya cukup mahal cenderung cuek sekali, kami pesan macam-macam makanan tetapi yang datang kondisinya sudah dingin dan tidak enak sama sekali, hanya saja tempatnya yang bagus.",0.9448598027229309
Blanja ing Giant diskon 20% kanggo kartu kredit bca.,Belanja di Giant diskon 20% dengan kartu kredit bca.,Belanja di Giant diskon 20% untuk kartu kredit bca.,0.9915448427200317
"Mas, dalan ning muara bulian anyar, lagek sesasian dibenakne, uwis rusak maneh. Sing nggarap kaya ora tenanan","Kang, jalan di muara bulian baru, baru sebulanan dibenarkan, sudah rusak lagi. Yang mengerjakan seperti tidak serius","Mas, jalan di muara bulian baru, baru minggu lalu diperbaiki, sudah rusak lagi. Yang mengerjakan kayak tidak tanggung jawab.",0.9464502930641174
"Pancen ora enak kejebak macet, nanging luwih ora enak meneh yen kejebak masa lalu","Memang enggak enak terjebak macet, tapi lebih tidak enak lagi kalau terjebak masa lalu","Memang tidak enak terjebak macet, tapi lebih tidak enak lagi jika terjebak masa lalu",0.9931796789169312
"Sumpah, nyesel tenan nggawe orderan via aplikasi iki. Bisa-bisane tiket ekektronike ora ditokake. Lan proses konfirmasine suwi. Sakdurunge uwis ngalami babagan sing meh pada ing aplikasi sebelah, nanging layanane cepet tenan langsung wenehi solusi. Ora kudu nganti telepon layanan pelanggan ping 4.","Sumpah, menyesal sekali bikin orderan via aplikasi ini. Bisa-bisanya e - ticket tidak issued. Dan proses konfirmnya lama. Sebelumnya pernah mengalami hal yang hampir sama di aplikasi sebelah, tetapi pelayanannya cepat sekali langsung kasih solusi. Tidak harus sampai telpon layanan pelanggan 4 kali.","Sumpah menyesal sekali membuat pesanan melalui aplikasi ini. Bisa-bisanya tiket elektronik tidak diterbitkan. Dan proses konfirmasi lama. Sebelumnya sudah mengalami hal serupa di aplikasi sebelah, tapi layanan sangat cepat langsung beri solusi. Tidak harus sampai telepon layanan pelanggan 4 kali.",0.9542022943496704
"Uwis aku kirim pesen langsunge, tulung ndang dicek","Sudah saya kirim pesan langsungnya, tolong segera dicek","Sudah saya kirim pesan langsung, tolong segera dicek",0.9849628210067749
"Aku nglakoni 5 transaksi ning tanggal 22 juni, kabeh ditolak nyatane kesuda saka rekening sampek 7 yuta, saka 5 transaksi lagek 3 transaksi sing dibalekne.","Saya melakukan 5 transaksi pada tanggal 22 juni, smuanya decline nyatanya terdebit dari rekening hampir 7 juta, dari 5 transaksi baru 3 transaksi yang dikembalikan.","Saya melakukan 5 transaksi pada tanggal 22 juni, semuanya ditolak kenyataannya terpotong dari rekening sampai 7 juta, dari 5 transaksi baru 3 transaksi yang dikembalikan.",0.9608023166656494
Mayoritas sing nganggo hak pilih ing pemilihan gubernur uwis nentukake pilian.,Mayoritas pengguna hak pilih di pemilihan gubernur telah menentukan pilihan.,Mayoritas warga yang memiliki hak pilih pada pemilihan gubernur sudah menentukan pilihan.,0.9674868583679199
Wis ngenteni jne tibake dee tekane sesuk. Aku pengen nesu,Sudah menunggu jne ternyata dia datangnya besok. Ingin aku marah,Sudah menunggu jne ternyata baru sampai besok. Mau marah deh,0.9149034023284912
"Spotify rumit, kudu nganggo administrasi wulanan mbarang","Spotify ribet, pakai ada administrasi bulanan segala","Spotify ribet, harus pakai adm bulanan segala",0.9549844264984131
"Pengen mangan oreo wae ribet tenan, mesti diputer - dijilat - dicelupake","Mau makan oreo aja ribet banget sih, mesti diputer - dijilat - dicelupkan","Mau makan oreo saja ribet banget, mesti diputer - jilati - dicelupkan",0.9674474596977234
"Ngapuro, udu mung nomerku sing kaya ngono, aku takon kabeh sing nganggo ing daerah kono, ngomongake babagan sing pada, isih uga ora gelem ngaku uga yen tenan sinyale sing elek","Maaf, bukan nomer saya saja yang begitu, saya tanya semua yang pakai di daerah situ, mengatakan hal yang sama, masih tidak mau ngaku juga kalau memang sinyalnya yang jelek","Maaf, bukan cuma nomor saya yang begitu, saya tanya semua yang pakai di sekitar situ, cerita yang sama, tetap saja tidak mau mengakui juga kalau memang sinyalnya yang jelek",0.9646409153938293
"Kisaran siare tulung diambakake, amarga akeh daerah sing hurung isa nikmati siaran net. Matur suwun.","Jangkauan siarnya tolong diperluas, karena banyak daerah yang belum bisa menikmati siaran net. Terima kasih.","Jangkauan siaran tolong diperluas, karena masih banyak daerah yang belum bisa menikmati siaran net. Terima kasih.",0.9853910207748413
"Kok isa ditokne bangunan ing dhuwur kali, ing dalan saka rumah sakit menyang pasar Ciroyom, aneh.","Kok bisa dibiarkan bangunan di atas sungai, di jalan dari rumah sakit menuju pasar Ciroyom, aneh.","Kok bisa diterbitkan bangunan di atas sungai, di jalan dari rumah sakit ke pasar ciiroyom, aneh.",0.9690036177635193
"Krungu lambe saka lambe soal restoran iki, saking penasaran, aku jajal marani. Nanging sayange, lak menurutku biasa ae, ora kaya sing diceritakne wong-wong. Rasane ya biasa-biasa ae, ora sumbut karo regane. Kaya masakan sing tas sinau.","Dengar dari mulut ke mulut tentang restoran ini, saking penasaran, saya coba untuk berkunjung. Tapi sayang, kalau menurut saya, tidak seperti apa yang banyak diceritakan orang. Rasanya biasa-biasanya saja, tidak sesuai saja dengan harganya. Seperti masakan yang baru belajar.","Mendengar cerita dari cerita tentang restoran ini, karena penasaran, saya pun mencoba berkunjung. Namun sayangnya, menurut saya biasa saja, tidak seperti cerita orang-orang. Rasanya ya biasa-biasa saja, tidak sesuai dengan harganya. Seperti masakan yang baru belajar.",0.9539088606834412
Iphone iki. Kamerane peteng wassalam elek banget ora isa diandalake banget yen males nggawa kamera.,Iphone ini. Kamera gelapnya wassalam jelek banget tidak bisa diandalkan banget kalau malas bawa kamera.,Iphone ini. Kameranya gelap wassalam jelek banget tidak bisa diandalkan banget kalau malas bawa kamera.,0.9927706718444824
"Yen ora nduwe dhuwit kanggo tuku komik nanging uga pengen jagongan, teka bae marang rene. Koleksi komike komplit. Panganan ombenae sabenere mung fasilitas tambahan, nanging cukup lumayan. Regane uga murah khas mahasiswa.","Kalau tidak punya uang buat beli komik tapi juga ingin nongkrong, datang saja ke sini. Koleksi komiknya lengkap. Makanan minumannya sebenrnya hanya fasilitas tambahan, tapi cukup lumayan. Harganya juga murah khas mahasiswa.","Kalau tidak punya duit buat beli komik tapi ingin ngobrol juga, datang saja ke sini. Koleksi komiknya lengkap. Makanan minuman sebenarnya hanya fasilitas tambahan, tapi cukup lumayan. Harganya juga murah khas mahasiswa.",0.9684061408042908
"Aduh pak kok seolah-olah manas-manasi kubu sisih seh? Ojo to pak, iku mengko deweke kabeh tambah cemburu, iren, pegel, nyinyir, mutung kayak bocah cilik, nesu-nesu ora jelas jluntrunge lan tambah bosok ae utek lan atine.","Aduh pak kok seolah-olah memanas - manasi kubu sebelah sih? Jangan dong pak, itu nanti mereka tambah cemburu, iri, dengki, nyinyir, ngambek kayak anak kecil, marah-marah tidak jelas juntrungannya dan makin busuk saja otak dan hatinya.","Aduh pak kok seolah-olah memanaskan kubu sebelah ya? Janganlah pak, itu nanti mereka semua akan semakin cemburu, iri, sakit hati, nyinyir, ngambek seperti anak kecil, marah-marah tidak jelas ujungnya dan makin busuk saja otak dan hati.",0.9560019373893738
"Rekomendasi bangetlah. Cappucinone ketagihan, rega miring, lan valet parkir mbayar sakikhlase. Teka pas arep maghrib mesti luwih seru suwasanane.","Rekomendasi bangetlah. Cappuccinonya ketagihan, harga miring, dan valet parkir bayar seikhlasnya. Datang pas menjelang maghrib pasti lebih seru suasananya.","Rekomendasi banget deh. Cappucinonya bikin ketagihan, harga terjangkau, dan valet parkir bayar seikhlasnya. Datang pas mau maghrib makin seru suasananya.",0.9641913771629333
Oke bos masiyo hape ujug-ujug ngehank dewe sedina,"Oke bos, walau handphone tiba-tiba ngehank sendiri selama sehari",Oke bos sampai hape tiba-tiba ngehang kita seharian,0.9085966348648071
Panggonan mangan kanthi suasana alam iki paling pas kanggo acara karo pasangan utawa karo kaluwarga. Panganane enak lan regane uga cukup kajangkau,Tempat makan dengan suasana alam ini paling tepat untuk acara dengan pasangan atau dengan keluarga. Makanannya enak dan harga juga cukup terjangkau,Tempat makan dengan suasana alam ini sangat cocok untuk acara bersama pasangan maupun keluarga. Makanan enak dan harganya juga cukup terjangkau.,0.9742590188980103
Yakin kuwi ikhlas? Tulus? Kuwi udu pencintraan tok ya?,Yakin itu ikhlas? Tulus? Bukannya itu hanya pencitraan saja ya?,Yakin itu ikhlas? Tulus? Itu bukan pencitraan saja ya?,0.9716974496841431
"Aku melu lomba blog cinta rupiah bank indonesia - net media lan uwis nyubmit artikel nang 22 desember 2017 kepungkur, nanging sampek saiki status artikelku isih unpublished. Nyuwun tulung dijelasne.","Saya mengikuuti lomba blog cinta rupiah bank indoneisa - net media dan sudah men - submit artikle pada 22 desember 2017 lalu, tapi sampai sekarang status artikel saya masih unpublished. Mohon penjelasannya.","Saya ikut lomba blog cinta rupiah bank indonesia - net media dan sudah submit artikel tanggal 22 desember 2017 lalu, namun sampai sekarang status artikel saya masih unpublished. Mohon penjelasan.",0.954770028591156
"Kafe iki nyediakne panganan tradisional bergaya kafe cah nom. Liyane panggon sing nyaman, rega kelebu mirah lan kejangkau","Kafe ini menyediakan makanan tradisional bergaya kafe anak muda. Selain tempat yang nyaman, harga terbilang murah dan terjangkau",Kafe ini menyediakan makanan tradisional bergaya kafe anak muda. Selain tempat yang nyaman harga tergolong murah dan terjangkau,0.9844297766685486
"Stasiun tv owol, ora konsisten, nguciwokake panyengkuyunge persib - persiba, ora ndhuwe welas asih marang manungsa! Owol, lan cupu!","Stasiun tv payah, tidak konsisten, mengecewakan pendukung persib - persiba, tidak berprikemanusiaan! Payah, dan cupu!","Stasiun tv payah, tidak konsisten, mengecewakan pendukung persib - persiba, tidak punya belas kasihan pada manusia! Payah, dan cupu!",0.9726921916007996
"Panggone nyaman lan kesane adem. Satene uga enak lan ana menu liyane maneh ning panggon iki, ora mung sate","Tempatnya nyaman dan berkesan adem. Satenya juga enak dan ada menu lainnya lagi di tempat ini, tidak hanya sate","Tempatnya nyaman dan terkesan sejuk. Satenya juga enak dan ada menu lain lagi di tempat ini, tidak hanya sate",0.9842126369476318
"Pemandangane apik kanggo foto-foto, hawane sejuk, panganane rasane enak. Rega uga kajangkau. Mantep.","Pemandangannya bagus untuk foto-foto, udaranya sejuk, makanannya rasanya enak. Harga juga terjangkau. Mantap.","Pemandangan bagus buat foto foto, hawanya sejuk, makanannya rasanya enak. Harga juga terjangkau. Mantep.",0.9760328531265259
Adikku seneng banget brownis primarasa,Adikku sangat suka brownis primarasa,Adik saya sangat menyukai brownies primarasa,0.9295108318328857
Akeh klambi lan celono sing didol ning matahari mal,Banyak baju dan celana yang dijual di matahari mal,Banyak baju dan celana yang dijual di matahari mal,0.9999999403953552
"Minimal internetku pedhot dumadakan, 1 omah nganggo simpati kabeh semono uga ora isa nyambung internet","Minimal internet saya putus tiba-tiba, 1 rumah pakai simpati semua begitu juga tidak bisa connect internet","Minimal internet gue putus tiba-tiba, 1 rumah pakai simpati semua begitu juga tidak bisa tersambung internet",0.987042248249054
Kaskus pancen kerep menehi informasi sing menarik lan paling anyar,Kaskus memang sering memberikan informasi yang menarik dan terbaru,Kaskus memang selalu memberikan informasi menarik dan terbaru,0.9766969084739685
"Aku paling ora seneng kuwi, yen nyepaki pemilu, suasane tansah panas.","Saya paling tidak suka itu, kalau mendekati pemilu, suasananya selalu memanas.","Aku paling tidak suka itu, kalau menjelang pemilu, suasana selalu panas.",0.9767391681671143
"Lumayan nyesel karo kaputusan mlebu jurusan film, pengen mlebu seni rupa sakasline. Nanging ragu karo bakar sing didhuweni.","Agak menyesal dengan keputusan masuk jurusan film, ingin masuk seni rupa sebenarnya. Tapi ragu dengan bakat yang dimiliki.","Lumayan menyesal dengan keputusan ambil jurusan film, ingin mengambil seni rupa sebenarnya. Tapi ragu dengan bakat yang dimiliki.",0.9799513816833496
"Rasa bumbu sega gorenge ora seenak mbiyen maneh, cemplang lan luwih asin. Kudu ana sing ngontrol kualitas rasa ben kualitas tetep siyaga.","Rasa bumbu nasi gorengnya tidak seenak dulu lagi, terkesan hambar dan lebih asin. Perlu ada pengontrol kualitas rasa agar kualitas tetap terjaga.","Rasa bumbu nasi gorengnya tidak seenak dulu lagi, cenderung dan lebih asin. Perlu ada yang mengontrol kualitas rasa agar kualitas tetap terjaga.",0.9748955965042114
"Sesuai rekomendasi, aku njajal mie goreng spesial lan rasane menurutku biasa banget ae lan kurang cocok ning ilat","Sesuai rekomendasi, saya mencoba mie goreng special dan rasanya menurut saya sangat biasa saja dan kurang cocok di lidah","Sesuai rekomendasi, saya pun mencoba mie goreng spesial dan rasanya menurut saya biasa saja dan kurang cocok di lidah",0.9864624738693237
"Baksone enak kanggo dipangan, panggonane resik penyajiane panganan bakso sek caraku beda. Enak banget deh","Baksonya enak buat di makan, tempat bersih penyajian makanan bakso yang menurut saya beda. Enak banget deh","Baksonya enak untuk dimakan, tempat bersih penyajian makanan secara saya beda. Enak banget deh.",0.9635328054428101
Pelakune aja diserahake karo pak polisi. Kubur urip-urip bae.,Pelakunya jangan diserahkan sama pak polisi. Kubur hidup-hidup saja.,Pelakunya jangan diserahkan ke polisi saja. Dikubur hidup-hidup saja.,0.9672962427139282
"Nggelakne banget, aku pesen tiket lan uwis tak bayar, padahal wektu iku urung kadaluwarsa pas aku transfer, nanging nganti saiki urung dikeki kode bookinge, malah dikeki notifikasi uwis kadaluwarsa, banjur duwite mlayune neng ngendi, pas aku hubungi liwat email gur ditanggepi pisan wae.","Sangat mengecewakan, saya pesan tiket dan sudah saya bayar, padahal waktu itu belum kadaluarsa pas saya transfer, tapi sampai sekarang belum dikasih kode bookingnya, malah dikasih notifikasi sudah kadaluarsa, lalu uangnya larinya ke mana, pas saya hubungi lewat email hanya ditanggapi sekali saja.","Sangat mengecewakan, saya pesan tiket dan sudah saya bayar, padahal waktu itu belum kadaluwarsa saat saya transfer, tapi sampai sekarang belum dikasih kode bukingnya, malah dikasih notifikasi sudah kadaluwarsa, terus uangnya lari ke mana, pas saya hubungi lewat email cuma dibalas sekali saja.",0.9800297021865845
"Lho nemene jne! Aku nelpon ora diangkat, tweet ora dibales, email ora dibales, pesen ora dibales!","Loh parahnya jne! Saya nelepon tidak diangkat, tweet tidak dibalas, email tidak dibalas, pesan tidak dibalas!","Lho responnya dong! Telp tidak diangkat, tweet tidak dibalas, email tidak dibalas, pesan tidak dibalas!",0.9532932043075562
"Gela rasane karo pelayanan sing diwenehi hotel bintang papat iki. Pas aku nginep ning hotel iku, aku entuk perlakuan kurang ngenakne saka pelayan sing ana. Ditambah maneh karo jeding e sing ora ana tisune. Padahal regane lumayan larang. Nanging ora sesuai karo pelayanan sing diwenehne.","Kecewa rasanya dengan pelayanan yang diberikan hotel bintang empat ini. Saat saya menginap di hotel itu, saya mendapat perlakuan kurang mengenakkan dari pelayan yang ada. Ditambah lagi dengan kamar mandi yang tidak ada tisunya. Padahal harganya lumayan mahal. Tapi tidak sesuai dengan pelayanan yang diberikan.","Kesal rasanya dengan pelayanan yang diberikan hotel bintang empat ini. Saat saya menginap di hotel tersebut, saya mendapatkan perlakuan kurang menyenangkan dari pelayan yang ada. Ditambah lagi dengan kamar mandi yang tidak ada tisunya. Padahal harganya lumayan mahal. Tapi tidak sesuai dengan pelayanan yang diberikan.",0.987528920173645
"Saka mambengi kok ora iso dienggo, layanan indosat kok kaya ngene. Ndaftar extra 2 gb 10 ewu ora isa-isa, eman-eman pulsaku malah entek ora isa dienggo apa-apa.","Dari semalam kok tidak bisa dipakai, layanan indosat kok kayak gini. Daftar extra 2 gb 10 ribu tidak bisa-bisa, sia-sia pulsa saya malah habis tidak dipakai apa-apa.","Dari tadi malam kok tidak bisa dipakai, layanan indosat kok begini. Daftar extra 2 gb 10 ribu tidak bisa-bisa, mubazir pulsa saya malah habis tidak bisa buat apa-apa.",0.9674073457717896
"Panggonane lumayan asik, parkiran kasusun rapi. Gabungan sing aneh nanging enak, steak dikancani mi tak tak pedes banget. Hm.","Tempatnya lumayan asik, parkiran di susun rapi. Perpaduan yang aneh tapi enak, steak ditemani mi tak tak super pedas. Hm.","Tempatnya lumayan asik, parkir teratur. Perpaduan yang aneh tapi sedap, steak ditemani mie yang pedas sekali. Hm.",0.958128035068512
"Koyoke isuk iki macet banget yo, wis tur ning bis luwih saka sejam, nanging ora sampek-sapek yok an.","Kayaknya pagi ini macet banget ya, sudah tur di bus lebih dari sejam, tetapi tidak sampai-sampai juga.","Kayaknya pagi ini macet banget ya, sudah jalan di bis lebih dari sejam, tapi tidak sampai-sampai juga nih.",0.9804158806800842
"Aku pegel kat februari ditelpon mben dina ditelpon saka mnc tv. Aku ora tau langganan, aku ping bolak-balik nglarifikasi.","Saya kesal sejak februari ditelpon tiap hari di telpon dari mnc tv. Saya tidak pernah langganan, saya puluhan kali klarifikasi.","Saya capek tadi februari telepon kemarin telepon dari mnc tv. Saya tidak pernah berlangganan, saya bolak balik klarifikasi.",0.9343817830085754
Kemeruh banget to kowe mat. Ora usah sok-sokan ngekeki ceramah barang. Ceramahmu iku sesat.,Sok tahu banget sih lu mat. Tidak usah sok-sokan beri ceramah segala. Ceramah kamu sesat.,Sombong banget ya lo mat. Jangan sok-sokkan ngasih ceramah deh. Ceramah lo itu sesat.,0.9274064898490906
Bakso nganggo ceker utawa sikil pithik yaiku sensasi sing enak tenan. Enak banget pokoke kajaba bakso isih akeh menu liyane. Pokoke dianjurake tenan,Bakso dengan ceker atau kaki ayam merupakan sensasi yang menakjubkan. Enak banget deh pokoknya selain bakso masih banyak menu yang lain. Pokoknya direkomendasikan banget deh,Bakso pakai ceker atau kaki ayam itu sensasinya enak banget. Enak sekali pokoknya selain bakso masih banyak menu lainnya. Pokoknya rekomendasi banget,0.9541680216789246
"Xiaomi, samsung, gumantung si kowe pengin tipe apa lan jumbuh biaya sing kowe duwe, takok-takok wae menyang panggonan sing dodol hpne","Xiaomi, samsung, tergantung sih kamu mau tipe apa dan sesuai biaya yang kamu punya, tanya-tanya aja ke tempat yang jual hpnya","Xiaomi, samsung, tergantung sih kalian mau tipe apa dan sesuai budget yang kalian punya, tanya-tanya saja ke tempat yang jual hapenya",0.9854580760002136
"Panggon parkir kesempiten, sampek mobil kudu dititipne nyang lahan parkir sing ana ning sebrang hotel.","Tempat parkir terlalu sempit, sampai mobil harus dititipkan ke lahan parkir yang ada di sebrang hotel.","Tempat parkir sempit, sampai mobil harus dititipkan ke lahan parkir yang ada di seberang hotel.",0.9817982912063599
"Merga skate park iki diubengi panggon klumpukan sing asyik, aku rasane ora bakal isa krasa waleh.","Karena skate park ini dikelilingi tempat berkumpul yang asik, saya merasa tidak akan pernah merasa bosan.","Karena skate park ini dikelilingi tempat nongkrong yang asyik, saya rasa tidak akan terasa pulang.",0.9538251757621765
Aku uwis lapor marang email mandiricare.co.id,Saya sudah lapor ke email mandiricare.co.id,Saya sudah melaporkan ke email mandiricare.co.id,0.9674505591392517
Aku uwis ndhuwe kode akses lan pin.,Saya sudah punya kode akses dan pin.,Saya sudah punya kode akses dan pin.,0.9999998807907104
"Asli tenan indihome nemen tenan saiki, apa gunane mbayar larang larang edan emosi tenan","Asli dah indihome parah banget dah sekarang, apa gunanya bayar mahal mahal gila emosi nih benar-benar","Asli tega banget indihome sekarang, apa gunanya bayar mahal mahal gila emosi banget",0.9331839680671692
"Dhewe sakaluwarga nyempetake kanggo njajal panganan ing panggonan mangane iki kaya susuh sing kabeh kaca-kacane ditutupi karo ranting-ranting sing ngerambat. Eksotik, unik, apik tenan lan panganane uga enak.","Kami sekeluarga menyempatkan diri mencoba makan di tempat makannya ini seperti sarang yang semua kaca-kacanya ditutupi oleh ranting-ranting yang merambat. Eksotik, unik, keren banget dan makanannya pun enak.","Kami sekeluarga menyempatkan untuk mencoba makanan di tempat makan ini seperti gua yang kaca-kaca keseluruhannya tertutup oleh ranting-ranting yang merambat. Eksotik, unik, bagus banget dan makanannya pun enak.",0.9749346971511841
Aku cemburu nanging ora isa apa-apa,Saya cemburu tapi tidak bisa apa-apa,Aku cemburu tapi tidak bisa berbuat apa-apa,0.9687350988388062
"Rega ora patia larang, rasane uga enak, akeh pilian panganan khas Banjar liyane.","Harga tidak terlalu mahal, rasanya juga enak, banyak pilihan makanan khas Banjar lainnya. ","Harga tidak terlalu mahal, rasanya juga enak, banyak pilihan makanan khas banjar lainnya.",0.9895312786102295
Segel rapi sanajan kotak setithik peyot,Segel rapi walau kotak sedikit penyok,Kemasan rapi meskipun kardus sedikit penyok,0.9234691262245178
Sopir gocar teka saka luwar kutha nyang jakarta dinggo golek penumpang ben entuk poin.,Supir gocar datang dari luar kota ke jakarta untuk mencari penumpang demi dapatkan poin.,Sopir gocar datang dari luar kota ke jakarta untuk mencari penumpang agar mendapatkan poin.,0.9818935990333557
Ning kene isa metik stroberi dewe lan langsung dibayar lak pas gedhi-gedhi buahe lumayan uga legi stroberine lan ada kulinere pisan isa mangan sing liyane ning kene,Di sini bisa petik stroberi sendiri dan langsung dibayar kalau lagi besar besar buahnya lumayan juga manis stroberinya dan ada kuliner juga bisa makan yang lain di sini,Di sini kita bisa memetik stroberi sendiri dan langsung bayar kalau memang benar-benar besar buahnya lumayan juga manis stroberinya dan ada kulinernya juga bisa makan yang lain di sini,0.9671272039413452
"Lagek wae mau teka barange, apik kok","Baru saja tadi sampai barangnya, bagus kok","Baru saja sampai tadi barangnya, bagus kok",0.9880281686782837
Bosen banget ndhelok sampah ing dalan kutha palangkaraya,Bosan banget melihat sampah di ruas jalan kota palangkaraya,Bosan banget melihat sampah di jalan kota palangkaraya,0.9909194707870483
Lokasi restoran ing Kemang. Larang lan ora enak. Aja mara mrana deh.,Lokasi restoran di Kemang. Mahal dan tidak enak. Jangan ke situ deh.,Lokasi restoran di kemang. Mahal dan tidak enak. Jangan pergi deh.,0.9838486313819885
Rasa nikmat dipadu karo sambele. Daginge empuk. Rega jumbuh karo sing disajikne. Lokasi gampang ditemokne. Sip pokoke.,Rasa nikmat dipadu dengan sambelnya. Daging empuk. Harga sesuai dengan yang disajikan. Lokasi mudah ditemukan. Sip pokoknya.,Rasa nikmat berpadu dengan sambalnya. Daging empuk. Harga sesuai dengan yang disajikan. Lokasi mudah ditemukan. Sip pokoknya.,0.9934495687484741
Bubur Ahong iki enak dipangan pas mangan wengi. Akeh menu liane sing isa dinikmati liyane bubur. Omah mangan iki rame diparani lan lumayan amba. Bubure uga enak.,Bubur Ahong ini enak dimakan saat makan malam. Banyak menu lainnya yang dapat dinikmati selain bubur. Rumah makan ini ramai dikunjungi dan cukup luas. Buburnya juga enak.,Bubur ahong ini enak dimakan pas makan malam. Banyak menu lain yang bisa dinikmati selain bubur. Rumah makan ini ramai pengunjung dan lumayan luas. Buburnya juga enak.,0.9864749908447266
"Aku marang kene karo pacar, panggonane lumayan amba lan ana area indoor karo ing njabane. Aku njagong ing panggonan indoor sing ana pemandangan marang arah njaba, dadi ana jendela kace. kanggo panganane aku cukup puas. Saka sisi rega tenan padha karo apa sing ditawakake","Saya ke sini sama pacar, tempatnya cukup luas dan ada area indoor sama di luarnya. Saya duduk di tempat indoor yang ada pemandangan ke arah luar, jadi ada jendela kaca. untuk makanan saya cukup puas. Dari sisi harga memang sebanding dengan apa yang ditawarkan","Saya ke sini bersama pacar, tempatnya lumayan luas dan ada area indoor dan juga di luar. Saya duduk di tempat indoor yang ada pemandangan ke arah luar, jadi ada jendela kaca. untuk makanan saya cukup puas. Dari segi harga memang setara dengan apa yang ditawarkan",0.9862195253372192
Milih gubernur utawa ora yaiku pilian saban uwong.,Memilih gubernur atau tidak adalah pilihan setiap orang.,Memilih gubernur atau tidak itu pilihan masing-masing orang.,0.9620786905288696
Rasa uwis malih ora kaya mbiyen. Kesane anyep. Kudu ditingkatake cita rasane. Kanggo menu ombean minim banget mung ana soft drink,Rasa sudah berubah tidak seperti dulu. Terkesan hambar. Harus di tingkatkan cita rasanya. Untuk menu minuman sangat minim hanya ada soft drink,Rasa sudah tidak seperti dulu. Kesannya hambar. Perlu ditingkatkan cita rasanya. Untuk menu minuman sangat terbatas hanya ada soft drink,0.963866651058197
Sanadyan saiki regane uwes mlonjak munggah nanging percayao yen pesen sega padang bungkus ing singgalang jaya porsine badai tenaaan. Nganti saiki panggonan iki isih dadi salah siji panggonan nikmati masakan padang favoritku.,Meskipun sekarang harganya sudah melonjak naik tapi percayalah kalau pesan nasi padang bungkus di singgalang jaya porsinya badai abiiis. Sampai sekarang tempat ini masih menjadi salah satu tempat menikmati masakan padang favorit saya.,Walaupun sekarang harganya sudah melonjak naik tapi percayalah kalau pesan nasi padang bungkus di singgalang jaya porsinya badai tenan. Sampai sekarang tempat ini tetap jadi salah satu tempat menikmati masakan padang favorit saya.,0.9867234826087952
"Bebeke enak, alus, sambele enak. Panggone resik lan lumayan oke.","Bebeknya enak, lembut, sambelnya enak. Tempat bersih dan lumayan oke.",Bebeknya enak lembut sambalnya enak. Tempatnya bersih dan lumayan oke.,0.9803867340087891
"Manggon ana ing festival city link mal, resto iki nyajikake panganan cina panganan a la carte lan dimsum. Rasa panganane oke, panggonan uga cukup amba lan akeh keluwarga mangan ana ing kene. Favorite dhewe urang mayonaise.","Terletak di festival city link mal, resto ini menyajikan makanan cina makanan a la carte dan dimsum. Rasa makanan cukup oke, tempat cukup luas juga dan banyak keluarga bersantap di sini. Favorit kami udang mayonaise.","Berada di festival city link mal, restoran ini menyajikan makanan cina berupa makanan a la carte dan dimsum. Rasa masakan oke, tempat juga cukup luas dan banyak keluarga makan di sini. Favorit kami ayam saus mayonaise.",0.9727332592010498
Panganan ing rumah sakit tansah ora enak,Makanan di rumah sakit selalu tidak enak,Makanan di rumah sakit selalu tidak enak,1.0000001192092896
"Lak mrene wajib banget tuku terong gorenge, panggone uga enak ana sing lesehan, ngindari jam mangan awan lak sir mrene merga kebeg banget","Kalau ke sini wajib banget beli terong gorengnya, tempatnya juga enak ada yang lesehan, hindari jam makan siang kalau mau ke sini karena penuh banget","Kalau ke sini wajib banget beli terong gorengnya, tempatnya juga enak ada yang lesehan, hindari jam makan siang kalau mau ke sini karena penuh banget",1.0
"Panggone cukup nyaman, ana ning dalan sudirman sing cedek karo pilihan panggen belonjo, lan restone cukup cedek karo panggen iku. Panganane enak, pilihane akeh dadi ora tek malehi. Panggone uga nyaman","Letaknya cukup nyaman, ada di jalan sudirman yang dekat dengan pilihan tempat belanja, dari resto pun cukup dekat ke tempat tersebut. Makanannya enak, pilihannya banyak jadi tidak terlalu membosankan. Tempatnya juga nyaman","Tempatnya cukup nyaman, berada di jalan sudirman yang berdekatan dengan pilihan tempat belanja, dan restoran tersebut cukup dekat dengan tempat itu. Makanan enak, pilihannya banyak jadi tidak terlalu membosankan. Tempatnya juga nyaman",0.9803863763809204
Resto iki duwe menu sing aneka werna nanging kakean menu China lan halal. Mi ayam jamur lan sega hainane sedep lan direkomendasikake. Bebeke uga enak. Resto iki saiki duwe cabang ing Istana Plaza.,Resto ini punya menu yang beragam tetapi kebanyakan menu China dan halal. Mi ayam jamur dan nasi hainannya sedap dan direkomendasikan. Bebeknya juga enak. Resto ini sekarang punya cabang di Istana Plaza.,Resto ini punya menu yang beragam tapi lebih banyak menu china dan halal. Mi ayam jamur dan nasi hainan enak dan direkomendasikan. Bebeknya juga enak. Resto ini sekarang punya cabang di Istana Plaza.,0.9823801517486572
Mampir marang bandung. Nggolek ramen. Sing jarene saiki kekinian. Regane setimpal padha karo rasane. Yen marang bandung maneh mesti mampir maneh.,Mampir ke bandung. Mencari ramen. Yang katanya lagi kekinian. Harganya setimpal sesuai dengan rasanya. Kalau ke bandung lagi pasti mampir lagi.,Mampir ke bandung. Cari ramen. Yang katanya sekarang kekinian. Harga setimpal dengan rasanya. Kalau ke bandung lagi pasti mampir lagi.,0.9808452129364014
"Yen ana sing salah karo tindak tanduke aku entuk kok ngomong langsung karo aku, aja ngomong ing mburi. Ora asik kaya ngono. Pengecut!","Kalau ada yang salah dengan tingkah laku aku boleh kok bicara langsung ke aku, jangan bicara di belakang. Tidak asik kayak begitu. Pengecut!","Kalau ada yang salah sama tingkah laku saya silakan bilang langsung saja saya, jangan di belakang. Tidak asyik begitu. Pengecut!",0.9451032280921936
Tolong konfirmasi kanggo pangiriman ing alamat panampa sing dileksanakake dina iki utawa dina ngesok mas suwun,Mohon konfirmasi untuk pengiriman ke alamat penerima akan dilakukan hari ini atau esok hari kak terima kasih,Tolong konfirmasi untuk pengiriman ke alamat penerima dilakukan hari ini atau besok terima kasih,0.9405766129493713
Panggen parkire kurang amba. Lan nganyelne banget lak pas awakdewe mangan terus dikongkon ngge mindahne mobil merga ana wong liya sing bar mangan lan arepe metu kendaraane. Iku ngganggu banget.,Tempat parkirnya kurang luas. Dan menyebalkan banget kalau pada saat kita makan kemudian disuruh untuk memindahkan mobil karena ada orang lain yang selesai makan dan akan keluar kendaraannya. Itu sangat mengganggu.,Tempat parkir kurang luas. Dan sangat menyebalkan bila kita sedang makan malah kita disuruh memindahkan mobil kita karena ada orang lain yang selesai makan dan akan mengeluarkan kendaraannya. Hal itu sangatlah mengganggu.,0.9731259346008301
"Ya ngono sih, kesadharan tanggung jawab mahasiswa saiki kuwi kurang tenan. Akeh-akehe ora tanggung jawab kanthi apa sing uwis dadi tugase.","Ya gitu sih, kesadaran akan tanggung jawab mahasiswa sekarang itu kurang sekali. Kebanyakan tidak bertanggung jawab dengan apa yang sudah jadi tugasnya.","Ya begitu sih, kesadaran tanggung jawab mahasiswa zaman sekarang itu kurang banget. Kebanyakan tidak bertanggung jawab dengan apa yang sudah menjadi tugasnya.",0.9846545457839966
"Sega uduk iki ana ing dalan rajiman lan bukake saka sore nganti mbengi. Menune si cukup sederhana, mung sega uduk lan aneka warna pelengkape. Biasane aku mangan sega udu karo pithik goreng lan sambel, sambele ora patia pedes.","Nasi uduk ini ada di jalan rajiman dan bukanya dari sore sampai malam. Menunya sih cukup sederhana, hanya nasi uduk dan berbagai pelengkapnya. Biasanya saya makan nasi uduk sama ayam goreng dan sambal, sambalnya tidak terlalu pedas.","Nasi uduk ini berada di jalan rajiman dan buka dari sore sampai malam. Menunya sih cukup sederhana, hanya nasi uduk dan berbagai macam pelengkapnya. Saya biasanya makan nasi uduk dengan ayam goreng dan sambal, sambalnya tidak terlalu pedas.",0.9842668771743774
Ngomong-ngomong indomie pisanan ning 2018 ku mambengi tibake enak,Anw indomie pertama di 2018 ku semalam ternyata nikmat,Ngomong-ngomong indomie pertama di tahun 2018 saya malam hari ternyata enak,0.8942922949790955
"Saksitike kertu internetku ora kenek digawe padahal kuota lokal e isik, aku manggon ning panggonan sing aktivasi lan kertune uga wis didaftarne.","Minimal kartu internet saya tidak dapat digunakan padahal kuota lokal masih, saya berada di lokasi aktivasi dan kartu juga sudah registrasi","Saksikan kartu internet saya tidak bisa dipakai padahal kuota lokal masih ada, saya berada di tempat yang aktif dan kartu juga sudah terdaftar.",0.954380214214325
Hypermart saiki ngenehi diskon 20% kanggo produk seger saben dina senen - kemis kanthi mandiri kartu hypermart,Hypermart sedang memberikan diskon 20% untuk produk segar setiap hari senin - kamis dengan mandiri kartu hypermart,Hypermart sekarang memberikan diskon 20% untuk produk segar setiap hari senin - kamis dengan mandiri kartu hypermart,0.9929229021072388
Pengen nesu wae aku karo indosat,Mau marah saja aku sama indosat,Mau marah saja saya sama indosat,0.9806575775146484
Karo ngenteni wektu ganti tahun dhewe njajal marang rene. Dhewe wong loro pesen pirang-pirang sushi. Ombeane milktea karo es krim vanilla nganggo batok krambil. Kanggo sushine lumayan nanging kakehan segane kayane. Nanging rasane enak. Regane kajangkau.,Sambil menunggu waktu pergantian tahun kita coba ke sini. Kita berdua pesan beberapa sushi. Minumannya milktea sama eskrim vanilla dengan batok kelapa. Untuk sushinya lumayan tapi kebanyakan nasinya sepertinya. Tetapi rasanya enak. Harganya terjangkau.,Dengan menunggu waktu menjelang tahun baru kita mampir ke sini. Kita berdua pesan beberapa sushi. Minumannya milktea dan es krim vanilla menggunakan tempurung kelapa. Untuk sushi lumayan tapi kebanyakan nasi sepertinya. Tetapi rasanya enak. Harga terjangkau.,0.9614447355270386
"Endi laporanku ora diproses-proses. Magu duitku ora bakal dibalikne, padahal pulsa lan kuotaku ilang.","Mana laporan aku tidak diproses-proses. Ragu duit aku akan dikembalikan, padahal pulsa dan kuota aku hilang.",Mana laporan saya tidak diproses-proses. Mungkin uang saya tidak bakal kembali padahal pulsa dan kuota saya hilang.,0.9618033170700073
"Dhewe kuciwa tenan karo pelayanan karyawan lion ing gate a6 bandar udara cengkareng. Aku diapusi, barang rusak lan reged satibane ing tujuan.","Kami sangat kecewa dengan pelayanan karyawan lion di gate a6 bandar udara cengkareng. Saya dibohongi, barang rusak dan kotor tiba tujuan.","Kami kecewa sekali dengan pelayanan karyawan lion di gate a6 bandara cengkareng. Saya ditipu, tas rusak dan kotor setibanya di tujuan.",0.9637045860290527
Sing paling nguciwakake yaiku nalika pimpinan ora isa mbedakake lan ora gelem ngerti endi negarawan lan endi politisi kotor,Yang paling mengecewakan adalah ketika pemimpin tak bisa bedakan dan tak mau tahu mana negarawan dan mana politisi kotor,Yang paling mengecewakan adalah ketika pimpinan tidak bisa membedakan dan tidak mau tahu mana negarawan dan mana politisi kotor,0.9820334911346436
"Bubur iwak pitik sing lumayan rekomendasi ning sekitaran bandung, panggone strategis gampang digoleki, regane ora ngrogoh sak, panggone mesti rame diparani pengunjung mben dina nyambut gawe lan akhir minggu merga rasane sing enak.","Bubur ayam yang lumayan rekomendasi di sekitaran bandung, tempatnya strategis mudah dicari, harganya tidak merogoh kantong, tempatnya selalu ramai didatangi pengunjung setiap hari kerja maupun akhir pekan karena rasanya yang enak.","Bubur ayam yang lumayan rekomendasi di sekitaran bandung, tempat strategis mudah dicari, harga tidak menguras kantong, tempatnya selalu ramai dikunjungi pengunjung pada saat hari kerja dan juga pada saat akhir pekan karena rasanya yang lezat.",0.9683270454406738
"Teka ing panggonan iki kanggo ngaso sakbanjure sayah macet ing lelungan, panganane oke, nanging jajan-jajane mantep, dadi kabayarake.","Mengunjungi tempat ini untuk istirahat setelah cape macet di perjalanan, makanan oke, tapi kue-kuenya mantap, jadi terbayarkan.","Singgah di tempat ini untuk istirahat setelah melelahkan macet dalam perjalanan, makanannya oke, tapi jajanannya mantap, jadi terbayar.",0.9535994529724121
"Terus aku sia-sia no nganyari nomer hape paling anyar nyang pelayanan pelanggan cabang bni lak data ning bni isik nomer hape lawas, piye seh pelayanane!","Lalu saya percuma dong update nomor telepon genggam terbaru ke pelayanan pelanggan cab bni kalau data di bni masih nomor handphone lama, bagaimana sih pelayanannya!","Terus saya sia-sia dong update nomor hape ke terbaru ke layanan pelanggan cabang bni tapi data di bni masih nomor hape lama, bagaimana sih pelayanannya!",0.934635579586029
"Aku wis kerep mara nikmati panganan ning roemah nenek. Aku seneng karo kahanane sing nyaman dinggo mangan bareng keluarga. Ning dina-dina tertentu ana tontonan musik langsung. Panganane uga nduwe pilian sing rena-rena saka tradisional, asia, sampek panganan kidulan","Saya sudah sering kali datang menikmati makanan di roemah nenek. Saya suka dengan suasananya yang nyaman untuk makan bersama keluarga. Di hari-hari tertentu ada hiburan live musik. Makanannya pun punya pilihan yang beragam dari yang tradisional, asia, sampai makanan barat","Saya sudah sering menikmati makanan di roemah nenek. Saya senang dengan suasana yang nyaman untuk makan bersama keluarga. Pada hari-hari tertentu ada live musik. Makanan juga memiliki pilihan yang beragam mulai dari tradisional, asia sampai makanan kidul",0.9686259031295776
"Akeh wong sing ora seneng nggo berobat nyang dokter. Ora mung kerna mbayare sing relatif lumayan larang dingge separone wong, nyang dokter ora selawase isa marekne. Akeh dokter sing salah diagnosis. Apa penting utawa wis lumrah, toh dokter uga manungsa.","Banyak orang yang kurang suka untuk berobat ke dokter. Selain biaya yang relatif cukup mahal bagi sebagian orang, ke dokter tak selamanya bisa menyembuhkan. Banyak dokter yang salah diagnosa. Pentingkah ataukah sudah lumrah, toh dokter juga manusia.","Banyak orang yang tidak senang pergi berobat ke dokter. Bukan hanya karena biayanya yang relatif cukup mahal untuk separuh masyarakat, ke dokter tidak selamanya bisa menyembuhkan. Banyak dokter yang salah diagnosis. Apa penting atau memang sudah lumrah, toh dokter juga manusia.",0.961421549320221
"Pelayanane apik, panggen parkir lumayan amba, kebon stroberi amba lan akeh stroberi sing wis cukup abang nggo dipethil. Panganan ning restoran rena-rena banget, rasane enak, sambel stroberine unik lan enak. Sega liwet stroberi kudu dijajal. Sejauh iki kabeh menu sing tak pangan ora ana sing nggarai gela rekomendasi banget dinggo dolane keluarga","Pelayanan baik, tempat parkir cukup luas, kebun stroberi luas dan banyak stroberi yang sudah cukup merah untuk dipetik. Makanan direstoran sangat beragam, rasanya enak, sambal stroberinya unik dan enak. Nasi liwet stroberi harus dicoba. Sejauh ini semua menu yang saya makan tidak ada yang mengecewakan sangat rekomendasi untuk wisata keluarga","Pelayanan bagus, tempat parkir lumayan luas, kebun stroberi luas dan banyak stroberi yang sudah cukup merah untuk dipetik. Makanan di restoran enak-enak banget, rasanya enak, sambal stroberinya unik dan enak. Nasi liwet stroberi wajib dicoba. Sejauh ini semua menu yang saya makan tidak ada yang mengecewakan rekomendasi banget buat liburan keluarga",0.9781701564788818
"Demi apa wae tes cpns marakna macet, sialannnnnnn","Demi apa pun tes cpns bikin macet, sialannnnnnn","Demi apa sih tes cpns bikin macet, sialannnnnnn",0.9450510144233704
"Ngenteni panganan suwi banget, pelayane galak, pas mangan pas kuwi aku pesen pizza tekone eh gosong nganti kasire pas aku mbayar ora ngguyu, pelayanane payah.","Menunggu makanannya lama banget, waitressnya galak, pas makanannya saat itu saya pesan pizza datang eh gosong sampai kasirnya pun pas saya bayar tidak senyum, pelayanannya payah.","Menunggu makanan lama banget, pelayannya galak, pas makan saat itu aku pesan pizza datangnya eh gosong sampai kasir pas saya bayar tidak tepis, pelayanan payah.",0.9567489624023438
