javanese,ground_truth,generated,bertscore
"Cepak saka hotelku nginep, namung digawa mlaku, ing kene akeh tenan pilian panganane, panggonane sing amba, lan nyenengake","Dekat dengan hotel saya menginap, hanya ditempuh jalan kaki, di sini banyak sekali pilihan makanannya, tempat yang luas, dan menyenangkan","Cepak dari hotel saya menginap di sini hanya dibawa jalan ke sini banyak sekali pilihan makanannya, tempatnya yang luas, dan menyenangkan",0.94809490442276
"Iya bener, deknen lagi jaga warung.","Iya benar, dia sedang jaga warung.","Iya bener, deknen lagi jaga warung.",0.9390009045600891
Kangkunge lumayan nanging yuyu saus padange nguciwakake dhewe dikei yuyu sing kopong akhir dhewe ora mangan yuyune lan dibalekake.,Kangkungnya lumayan tapi kepiting saus padangnya mengecewakan kami dikasih kepiting yang kopong akhir kami tidak makan keptingnya dan dikembalikan.,Kangkung lumayan tapi yuyu saus padangnya nguciwakakan saya dikei ayam yang kopong akhir saya tidak makan ayamnya dan dibalekan,0.9040709137916565
"Manggon nang braga city walk sing sak gedung karo aston lan fave hotel, panggon iki nyaman banget dinggo nyangkruk-nyrangkruk. Kopi campur teh sing anyar lagek pisan iki aku njajal tibake enak banget, dipadu karo endog setengah mateng dadi kanca jagongan karo kanca-kanca. Panggon sing bebas rokokan tambah nyenengne karo nikmati pemandangan wira-wiri wong-wong sing mlebu metu mal iki.","Bertempat di braga city walk yang satu gedung dengan aston dan fave hotel, tempat ini sangat nyaman buat kongkow-kongkow. Kopi campur teh yang baru pertama kali saya nikmati ternyata sangat enak, dipadu dengan telur setengah matang menjadi pendamping mengobrol bersama teman-teman. Area yang bebas merokok semakin mengasyikkan sambil menikmati pemandangan lalu lalang orang-orang yang keluar masuk mal ini.","Tempat di braga city walk yang dekat dengan aston dan fave hotel, tempat ini nyaman untuk makan-makan. Kopi campur teh yang baru saja ini saya coba tibanya enak banget, dipadu dengan endog setengah mateng jadi teman jagongan bersama kawan-kawan.Tempat yang terbebas rokokan tambah menyejuk dengan menikmati pemandangan wira-wiri orang-orang yang datang ke mal ini.",0.9216043949127197
"Gianyar nompo bantuan sosial 2018 gedene rp 44, 9 milyat","Gianyar terima bantuan sosial 2018 sebesar rp 44, 9 miliar","Gianyar nama bantuan sosial 2018 rp 44, 9 milyat",0.901872456073761
Iki salah siji conto generasi sing ora kangge. Ora malah migunani dinggo bangsa nanging malah dadi sesuatu sing mbahayani dinggo bangsa! Mantep jeraten ae nggawe uu ite,Ini salah satu contoh generasi yang tidak berguna. Bukan malah bermanfaat untuk bangsa tapi malah jadi sesuatu yang berbahaya bagi bangsa! Mantap jerat saja pakai uu ite,Salah satu conto generasi yang tidak bisa. Tidak malah migunani untuk bangsa tetapi jadi sesuatu yang mbahayakan untuk negara!,0.891919732093811
"Sore konco, wektu iki lagi dilakokne pemeliharaan dadi aplikasi ora isa diakses.","Sore sahabat, saat ini sedang dilakukan pemeliharaan sehingga aplikasi tidak dapat diakses.","Sore tempat, saat ini lagi dilakukan pemeliharaan jadi aplikasi tidak bisa diakses.",0.9624429941177368
Tenan ringkih dhewe iki aku uga jiden saktenane,Memang lemah kita ini aku juga penakut sebenarnya,Tenan ringkih di sini saya juga jadi sedih sekali,0.8698466420173645
"Terakhir nyang hanamasa regane 120 ewu / wong. Nanging puase luwih saka iku. Isa njupuk panganan sakpuase, nanging rasa ora nggelakne, pinter-pintere awakdewe ae ngeracik dewe. Lak penggemar daging sapi mesti seneng mrene","Terakhir ke hanamasa harganya 120 ribu / orang. Tapi puasnya lebih dari itu. Bisa ambil makanan sepuasnya, tapi rasa tidak mengecewakan, pintar-pintar kita saja meracik sendiri. Kalau penggemar daging sapi pasti suka ke sini","Terakhir ke hanamasa harga 120 ribu / orang. Tapi rasa tidak enak, pinter-pinter awakdewe ae mengeracik dewe. Kalau penggemar daging sapi mesti suka datang ke sini",0.8992920517921448
"Kanggo menyang ing the peak mesthi wae karasa adoh banget saka pusat kutha bandung, lan aksese sing lumayan mbingungake lan dalan cilike mbelak-mbelok. Nanging kowe bisa ora bakal kesasar amarga meh ing saben enggokan ana tanda marang ing the peak. Panggonane apik banget kanggo kowe sing nggolek suasana mbengi romantis, kanthi pemandangan mbengi kutha sing apik tenan.","Untuk menuju ke the peak memang terasa sangat jauh dari pusat kota bandung, dan aksesnya yang agak membingungkan dan jalan kecil berkelok-kelok. Namun anda mungkin tidak akan tersesat karena hampir di tiap belokan ada signage menuju ke the peak. Tempatnya sangat bagus untuk anda yang mencari suasana malam romantis, dengan pemandangan malam kota yang menakjubkan.","Kunjungi ke the peak pasti saja terasa jauh dari pusat kota bandung, dan akses yang lumayan bingung dan jalan kecilnya berhenti-henti. Namun anda bisa tidak akan kesasar karena hampir di tiap enggokan ada tanda masuk ke The peak.Tempatnya bagus untuk kalian yang ingin menikmati suasana malam romantis, dengan pemandangan malam kota yang bagus.",0.9451500177383423
Kebon raya bogor isa didadekne salah siji tujuan destinasi wisata,Kebun raya bogor bisa dijadikan salah satu tujuan destinasi wisata,Kebon raya bogor adalah salah satu tujuan destinasi wisata,0.9706859588623047
"The peak panggone ning cedeke lembang, waratan duwur ning bandung sing adem lan panggone sing apik banget nanging dalan ngge moro panggonan iki kelok-kelok banget lan tikungan landep lan curam, ora disarane dingge motoran pas udan-udan lan wengi. Ning the peak ana nggen mangan sing pemandangane kutha bandung sing indah saka nggunung, rega panganane sing larang banget lan ora sumbut.","The peak berlokasi di dekat lembang, dataran tinggi di bandung yang sejuk dan lokasi yang sangat baik namun jalan untuk mencapai tempat ini sangat berkelok disertai tikungan tajam nan curam, tidak disarankan untuk berkendara saat hujan dan malam hari. Di the peak terdapat restoran dengan pemandangan kota bandung yang indah dari perbukitan, harga makanan yang sangat mahal dan sangat tidak sesuai.","The peak tempatnya di cedekan lembang, waratan tinggi di bandung yang adem dan tempat yang sangat indah, harga makanan yang mahal banget dan tidak sumbut.",0.9016066789627075
Aku kapok nganggo jasa lion air,Saya kapok menggunakan jasa lion air,Aku pergi ke jasa lion air,0.9211733937263489
Akeh bab sing isa dhewe tindakake kanggo ngisi wektu luwang.,Banyak hal yang dapat kita lakukan untuk mengisi waktu luang.,Akeh hal yang bisa saya lakukan untuk mengisi waktu luwang,0.9238714575767517
Saya apatis ngelaporake bab-bab kaya iki. Amarga nganti minggu wingi isih tetep hurung digarap. Mung janji-janji terus.,Semakin apatis melaporkan hal-hal seperti ini. Karena sampai minggu lalu masih tetap belum dikerjakan. Hanya janji-janji terus.,Saya apatis menglaporkan bab-bab kaya ini. Karena sampai minggu lalu masih tetep hurung digarap. Namun janji-janji terus.,0.9271076321601868
Rega dhuwur banget porsi sithik banget ora janji maneh aku teko kanggo kepindho. Panganane ora beda adoh karo emakku dong!,Harga selangit porsi seiprit tidak janji lagi saya datang untuk yang kedua kali. Masakannya tidak beda jauh sama ema saya dong!,Rega tinggi banget porsi sithik sangat tidak janji lagi saya ke sini untuk ketiga. Makanannya tidak beda jauh dengan emakku dong!,0.9095199108123779
"Anyar lan kashediya, 5 sekat mangan awan kotak kotak mangan yooyee kotak bekal anti bocor 590","Baru dan tersedia, 5 sekat makan siang kotak kotak makan yooyee kotak bekal anti bocor 590","Manyar dan sedih, 5 sekat makan awan kotak bekal anti bocor 590",0.9130668044090271
"Ora ngerti ya kenangapa resto iki manggoni ranking 12 saka 1800an resto sing ana ing jakarta. Regane larang! Panggonane ndhelik, lan rasa panganane biasa bae. Aja percaya banget karo review sing nyesatake.","Tidak mengerti ya kenapa resto ini menduduki peringkat 12 dari 1800an resto yang ada di jakarta. Harga mahal! Lokasi tersembunyi, dan rasa makanan biasa saja. Jangan terlalu percaya sama review yang menyesatkanlah.","Ora ngerti ya kenapa resto ini naik ranking 12 dari 1800an resto yang ada di jakarta. Harganya mahal! Tempatnya nyaman, dan rasa makanannya biasa saja. Aja percaya dengan review yang menyesakannya.",0.9549527168273926
Bledosan ning aksi protes ning afghanistan mateni wong 68,Ledakan dalam aksi protes di afghanistan tewaskan 68 orang,Bodoh di aksi protes di afghanistan membuat wong 68,0.8947404026985168
"Aku teka marang restoran kuwi bareng karo kancaku. Kancaku kakehan kaget ndhelok pemandangane sing apik tenan ing mbengi. Aku ndhuweni kasempatan njajal stik impore, enak tenan apa maneh sause. Mmm yummi. Yen ana kasempatan aku pengen teka maneh marang kana.","Saya berkunjung ke restoran itu bersama dengan teman saya. Teman saya kebanyakan terkejut melihat pemandangannya yang sangat indah di malam hari. Saya berkesempatan mencoba steak impornya, sangat enak apalagi sausnya. Mmm yummi. Kalau ada kesempatan saya ingin berkunjung lagi ke sana.","Aku datang ke restoran ini bersama dengan teman saya. Keluarga saya sangat senang melihat pemandangan yang bagus di malam hari. Saya memesan makanan impornya, enak sekali apalagi sausnya. Mmm yummi. Bila ada kesempatan saya mau datang lagi ke sini.",0.9603197574615479
Akses menyang dusun bambu isa ditekani kira-kira ing wektu 1 - 2 jam nganggo mobil pribadi. Mara menyang dusun bambu diusahakake pas wektu wengi amarga awake dhewe isa ndelok cetha pemandangan sing ana lan wektu sing pas kanggo mangan wengi.,Akses menuju dusun bambu bisa ditempuh kira-kira dalam waktu 1 - 2 jam menggunakan mobil pribadi. Berkunjung ke dusun bambu diusahakan saat petang hari karena kita dapat melihat jelas pemandangan yang ada dan waktu yang pas untuk makan malam.,Akses ke dusun bambu dapat ditemui kira-kira dalam waktu 1 - 2 jam dengan mobil pribadi. Namun ke sini harus dilakukan setelah makan malam.,0.9275344014167786
"Panganane oke padha karo xo suki liyane. Nanging sanajan dina prei gedhe kaya badha iki udhu artine meseme prei lan pesenan ombe, lan liya-liyane kudu mesen ping akeh. Tulung dijaga kepuasan pelanggane. Matur suwun,","Makanan oke sama seperti xo suki lainnya. Tetapi walaupun hari libur besar seperti lebaran ini bukan berarti senyumnya libur dan order minum, dan lain-lain harus order berkali-kali. Tolong di jaga kepuasan pelanggannya. Terima kasih.","Panganan oke sama dengan xo suki lain. Namun karena hari hujan besar seperti badha ini sudah artinya meseme prei dan pesenan makanan, dan lain-lain harus dipesan ping banyak. Tulung menjaga kepuasan customernya. Matur suwun,",0.9086880087852478
"Restoran iki yaiku panggon kuliner sing wajib diparani umpama nyang bandung. Ora mung panganane sing manjakne ilat panganan sunda banget, restoran iki uga dibangun nganggo konsep mangan santai ning jero kali dadi nawarne pengalaman kuliner sing berkesan banget. Kudu dijajal dinggo sopo ae sing nyang bandung.","Restoran ini adalah sebuah destinasi kuliner yang wajib dikunjungi bila ke bandung. Selain makanan yang sangat memanjakan lidah makanan sunda, restoran ini juga dibangun dengan konsep makan santai di dalam saung yang dikelilingi alam hutan dan pegunungan yang dihias pepohonan rindang dan dihibur oleh gemericik air sungai sehingga menawarkan pengalaman kuliner yang teramat mengesankan. Harus dicoba bagi siapapun yang ke bandung.","Restoran ini adalah tempat kuliner yang wajib dicari umpama ke bandung. Tidak hanya makanan yang manjak ilat daging sunda banget, restoran ini juga dibangun dengan konsep makan santai di luar kali jadi membuat pengalaman menarik yang berkesan sungguh. Harus dijajal untuk teman yang ke sana.",0.9091082215309143
Mbalik ngaktifne paket data indosat merga isa akses youtube unlimited.,Kembali mengaktifkan paket data indosat karena dapat akses youtube unlimited.,Mbalik aktifkan paket data indosat karena ada akses youtube unlimited,0.9458422064781189
Aku nembe ngerti ketemu kancaku sek makarya nang trans tv,Saya baru saja bertemu teman saya yang bekerja di trans tv,Aku sudah ngerti ketemu kawan saya yang makarya di trans tv,0.9375308156013489
"Omah mangan ning dalan anggrek iki nduwe keistimewaan jenis seafood sing rena-rena lan ana sing isih urip dinggo dipilih lan dimasak pas kuwi uga. Rena-rena jenis panganan isa dipilih lan wektu ngenteni sing sediluk nggarai adewe ora tek kesuwen keluwen ngenteni. Menu kerapu kukuse enak banget lan gurih, apa meneh lak dimasak karo iwak sing isih seger. Lokasine lumayan adem, regane mirah.","Rumah makan di jalan anggrek ini memiliki keistimewaan jenis seafood yang beragam dan ada yang masih hidup untuk dipilih dan dimasak saat itu juga. Berbagai jenis masakan dapat dipilih dan waktu tunggu yang singkat membuat kita tidak terlalu lama kelaparan menunggu. Menu kerapu kukusnya sangat enak dan gurih, apalagi bila dimasak dengan ikan yang masih segar. Lokasi cukup sejuk, harga murah.","Omah makan di jalan anggrek ini mempunyai keistimewaan jenis seafood yang rena-rena dan ada yang masih urip untuk dipilih dan dimasak saat ini juga. Rena-ranajenis makanan bisa di pilih dan waktu makan yang sangat ramai, harganya terjangkau.",0.9193003177642822
"Kaya biasane awakdewe mesti golek kuliner sing liya timbangane sing liyane, awakdewe entuk ning panggen iki yaiku the restaurant padma hotel. Awakdewe pesen menu sing ana. Ana saka indonesia, eropa lan cina, tibake kabeh masakane enak kabeh.","Seperti biasa kami selalu mencari kuliner yang lain daripada yang lain, dapatlah kami di tempat ini yaitu the restaurant padma hotel. Kami memesan menu yang ada. Ada dari indonesia, eropa dan chinese, ternyata semua masakannya enak semuanya.","Kalau biasanya anda mesti cari kuliner yang lain, anda dapat memesan menu yang ada. Ada dari indonesia, eropa dan cina, jadi semua makanannya enak semua.",0.9229199886322021
Iya kuwi sing nggawe aku kesel. Iki udu salahe sing ngelamar nanging jelas 100% salahe pihak sing ana ing ndhuwur sing embuh piye carane dheweke koordinasi. Nyesek aku kuwi sanajan iki kasus kancaku sing ing lampung.,Iya itu yang bikin saya kesal. Ini bukan kesalahan sang pelamar tapi jelas 100% kesalahan pihak yang di atas yang entah bagaimana cara mereka berkordinasi. Nyesek saya itu walaupun ini kasus teman saya yang di lampung.,Iya itu yang bikin saya kesel. Ini udu salah satu yang melamar tapi jelas 100% salah pihak yang berada di bawah yang entah apa caranya mereka koordinasi. Menyesal saya itu karena ini kasus saya yang di lampung.,0.9407882690429688
"Pelayanane cukup suwi, nanging suwasanane sing diwenehi apik lan unik, dadi karo ngenteni panganan isa nikmati suwasana ing restoran iki, menu sing disajikake aneka werna lan enak,","Pelayanannya agak lama, tetapi suasana yang diberikan keren dan unik, jadi sambil menunggu makanan bisa menikmati suasana di resto ini, menu yang disajikan beragam dan enak,","Pelayanan cukup lama, tapi suasana yang diberikan apik dan unik, jadi dengan menunggu makanan bisa menikmati udara di restoran ini, menu yang disajikan aneka warna dan enak,",0.9682391881942749
"Panganan ing kene enak-enak kanthi akeh variasine. Kabehane enak kanthi pemandangan apik. Pelayanane sing maksimal saka mbak diah lan gina saka ngewiwiti teka nganti rampung, dilayani kanthi apik tenan.","Makanan di sini enak-enak dengan banyak variasi. Semuanya enak dengan pemandangan bagus. Pelayanan yang maksimal dari mbak diah dan gina dari awal datang sampai selesai, dilayani dengan sangat baik.","Panganan di sini enak-enak dengan banyak variasi. Tempatnya nyaman dengan pemandangan bagus. Pelayanan yang maksimal dari mbak diah dan gina dari awal datang sampai rampung, dilayani dengan baik sekali.",0.9788140058517456
"Ana ing ajang piala dunia 2018 sesuk, telkomsel njupuk bagian minangka pandukung penyiaran resmi ing perhelatan sepak bola donya kasebut.","Dalam ajang piala dunia 2018 nanti, telkomsel mengambil bagian sebagai pendukung penyiaran resmi dalam perhelatan sepak bola dunia tersebut.","Dalam ajang piala dunia 2018 sesuk, telkomsel memberikan bagian sebagai pandukung penyiaran resmi di perhelatan sepak bola donya tersebut.",0.9584813714027405
De'e biasane tuku tisu paseo,Dia biasanya membeli tisu paseo,Semuanya sudah biasanya,0.8454346060752869
"Buse ora nyaman, mbak, ora sumbut karo sing diomongne bosmu, urung maneh panganane kurang enak banget, terus panggon wisata tujuane sing nggelakne:","Busnya tidak nyaman, mbak, tidak sesuai dengan yang diomongin atasan Anda, belum lagi makanannya kurang enak banget, lalu tempat wisata tujuannya yang mengecewakan:","Busnya tidak nyaman, mbak, tidak suasana sama yang diomongkan bosmu, tapi tempat wisata tujuan yang mengecewakan:",0.942461371421814
"Cukup gampang golek lokasi iki, mung ngikuti wae arah menyang tengah kota. Mengko ning kiwa dalan ketok parkiran mobil sing cukup akeh, nengkono panggonan kafe iki. Rasane kafe iki pancen arang sepi, pengunjunge akeh banget.","Cukup mudah mencari lokasi ini, tinggal mengikuti saja arah ke tengah kota. Nanti di kiri jalan terlihat parkiran mobil yang cukup banyak, disitulah tempat kafe ini. Rasanya kafe ini memang jarang sepi, banyak sekali pengunjung.","Cukup mudah cari lokasi ini, hanya ikuti saja arah ke tengah kota. Saat di ujung jalan terletak parkiran mobil yang cukup banyak, di tempat kafe ini. Rasanya kafe itu sangat sepi, pengunjung banyak sekali.",0.9677071571350098
"Gela aku karo provider iki, nganti sebel, nesu, emosi, aku metu, gara gara, sinyal sing ora bener.","Kecewa saya dengan provider ini, sampai kesal, marah, emosi, saya keluar, gara gara, sinyal yang tidak benar.","Gela saya dengan provider, sampai sebel, suasana, tidak benar.",0.9132480025291443
"Sarung bantal, seprei lan slimute uwis ora putih...terus temboke wes akeh lumut..","Sarung bantal, seprai dan selimutnya tidak lagi putih...trus dindingnya sudah banyak lumut..","Sarung bantal, seprei dan slimutnya sekarang tidak putih...terus temboknya sudah banyak lumut..",0.949681282043457
"Lan pas dheweke teka, saya rusak wae iki acara. Gilo banget aku karo dheweke, asli! Ngapuro yoo aku ora seneng banget karo dheweke","Dan ketika dia tiba, makin rusak saja ini acara. Jijik banget gue sama dia, asli! Maaf yaah gue enggak suka banget sama dia","Lan pas saya datang, saya rusak wae ini acara. Gilo banget saya dengan teman, asli! Jangan lupa saya tidak suka sama mereka.",0.9163187146186829
"Dhewe ana acara mangan mbengi wektu kuwi, es krime ora dipisah karo espresso dadi ora isa nyampur sing cocok karo selerane awakedhewe. Salmon steake uga kurang seger, kulit salmone atos, ketoke suwi ing kulkas utawa freezer. Sanajan iku menu utama sing kudune enak.","Kami ada acara makan malam waktu itu, ice krimnya tidak dipisahkan dengan espresso jadi tidak bisa mencampur sesuai selera masing-masing. Salmon steaknya juga kurang segar, kulit salmonnya keras, keliatannya lama di kulkas atau freezer. Padahal itu menu utama yang seharusnya enak.","Dhewe ada acara makan malam saat ini, es krimnya tidak dipisah dengan espresso jadi tidak bisa menyampur yang cocok dengan seleran awak. Salmon steaknya juga kurang segar, kulit salmonnya atos, kalau di kulkas atau freezer. Karena itu menu utama yang harus enak.",0.946556568145752
"Panggonane gampang ditemukake. Resik lan higienis, pelayanane apik, dhewe bisa diskusi babagan panganan kang kasadia. Asik.","Tempatnya mudah ditemukan. Bersih dan higienis, pelayanannya bagus, kita bisa diskusi tentang masakan yang tersedia. Asik.","Panggona sangat mudah ditemukan Resik dan higienis, pelayanan bagus, bisa diskusi tentang makanan yang kasadia. Asik.",0.9446117281913757
Buffet mangan mbengi paling top. Regane pas karo sing dientukake. Rasane enak piliane akeh. Regane kadang didiskon yen teko rombongan. Sukses terus ya.,Buffet makan malam paling top. Harga sesuai yang didapat. Rasanya enak pilihannya banyak. Harga kadang didiskon jika datang rombongan. Sukses selalu ya.,Buffet makan malam paling top. Harga pas dengan yang diberikan. Rasanya enak pilihan banyak. Reganya kadang didiskon kalau datang ke rombongan. Sukses terus ya.,0.9705794453620911
Panggon sing apik yen dinikmati wengi. Cukup nyaman. Ragane lumayan murah. Senenganku stik tenderloine. Cukup enak.,Tempat yang bagus kalau dinikmati malam hari. Cukup nyaman. Harga cukup terjangkau. Favorit saya steak tenderloinnya. Cukup enak.,Panggon yang bagus untuk menikmati malam. Cukup nyaman. Harga lumayan murah. Senangnya stik tenderloinnya. Cuma enak.,0.9436049461364746
"Njajal kanggo buka puasa ing kene. Kanggo rega sing kagolong larang ana ing antara hotel berbintang sakelasae, rasa sing ditawakake tenan nguciwakake. Pastane ora ana rasane, panganan liyane uga ora ana rasane. Beda tenan karo apa sing biasa ditawakake. Lan pelayanane uga kurang profesional pas ngelakoni pembayaran nganggo kartu kredit.","Mencoba untuk buka puasa di sini. Dengan harga yang tergolong mahal di antara hotel berbintang sekelasnya, rasa yang ditawarkan sangat mengecewakan. Pastanya hambar, makanan lain juga hambar. Sangat berbeda dengan apa yang biasa ditawarkan. Dan pelayanan juga kurang profesional pada saat melakukan pembayaran dengan mengunakan kartu kredit.","Njajal untuk buka puasa di sini. Untuk harga yang agak mahal ada diantara hotel berbintang sekelasnya, rasa yang ditawarkan sangat mengecewakan. Pastanya tidak ada rasa, makanan lain juga tidak terlalu banyak rasanya. Berbeda dengan apa yang biasa ditawakannya. Dan pelayanan juga kurang profesional saat mengajukan pembayaran dengan kartu kredit.",0.9565140604972839
"Aku uga bingung loh, sing ndukung tokoh kuwi meh kabeh setipe bisane mung ngenyek-ngenyek, fitnah, tembung-tembung kasar, nyebarna isu ngapusi, ngutamakake emosi, akal sehate ora pernah dinggo.","Gue juga bingung loh, pendukung tokoh itu hampir semuanya setipe bisanya cuma maki-maki, fitnah, kata-kata kasar, menyebar isu bohong, mengutamakan emosi, akal sehat tidak pernah dipakai.","Aku juga bingung loh, yang mendukung tokoh ini hampir semua setipe bisa hanya mengeluh, fitnah, tembung-tembung kasar, menyebarkan isu tidak berguna, akal sehat tidak pernah digunakan.",0.9412682056427002
"Omah mangan nusa indah saiki gelakne ah. Reget, uwong ditokne wae ngrokok ning ruangan nggo ac, pangganan suwe tekane.","Rumah makan nusa indah sekarang mengecewakan ah. Kotor, orang didiamkan saja merokok di ruangan ber ac, makanan lama datangnya.","Omah makan di sini indah sekarang gelaknya ah. Reget, orang ditoknya saja rokok di ruangan nggo ac, pangganan sudah sampai.",0.8852210640907288
Nadia nggoleki hem kanggo adike ning uniqlo,Nadia mencari kemeja untuk adiknya di uniqlo,Zadiknya mencari hem untuk adiknya di uniqlo,0.9350512027740479
"101 dalmatians: The series yaiku seri kartun tipi sing digawe karo disney television animation, kerjo bareng karo jumbo pictures.","101 dalmatians: The series adalah sebuah seri animasi televisi yang diproduksi oleh disney television animation, bekerja sama dengan jumbo pictures.","101 dalmatians: The series adalah seri kartun tipi yang dibuat dengan disney television animation, pergi bersama jumbo pictures.",0.942592203617096
Kantor kang nyambungake korsel - korut dibuka pekan iki,Kantor penghubung korsel - korut dibuka pekan ini,Kantor yang menyambungkan korsel - korut dibuka pekan ini,0.9520812630653381
Menehi berkah bareng sinde! Etukna 50 paket umroh saben tuku minimal rp 15.000 ning alfamart.,Berbagi berkah bersama sinde! Dapatkan 50 paket umroh setiap pembelian minimal rp 15.000 di alfamart.,Menehi berkah bareng sedia! Harga 50 paket umroh tiap tuku minimal rp 15.000 di alfamart.,0.9328606128692627
"Tuku kaos, topi utawa jam tangan ning lapak monoton roomstore busa ditawa khusus nganggo aplikasi ning hape bosku.","Beli kaos, topi atau jam tangan di lapak monoton roomstore bisa diego khusus pakai aplikasi di hape boskuh.","Tolong kaos, topi atau jam tangan di lapak monoton roomstore busa ditawa khusus untuk aplikasi di hape bosku.",0.9444028735160828
"Aplikasi google maps akeh paedahe, aku puas nganggone!","Aplikasi google maps sangat bermanfaat, saya puas menggunakannya!","Aplikasi google maps banyak paedah, saya puas menggunakannya!",0.9553620219230652
"Kanggo malem minggu ing kene pasangan diwenehi panggonan sing ora kapenak, amarga pas uwong lewat ing kana panggonane dhewe obah-obah, luwih pase mirip kaya warung pinggir dalan. Ora sesuai karo rega panganane sing disajikake, kudune pasangan uga diwenehi panggonan sing apik uduk sembarang nerima tamu lan dideleh ing panggonan kaya kuwi.","Untuk malam minggu di sana pasangan diberi tempat yang tidak nyaman, karena saat orang lewat di sana tempat kami goyang-goyang, lebih tepatnya mirip seperti warung pinggir jalan. Tidak sesuai dengan harga makanan yang disajikan, seharusnya pasangan juga diberi tempat yang bagus bukan sembarang terima tamu dan taruh di tempat seperti itu.","Kanggo malem minggu di sini pasangan diberikan tempat yang tidak nyaman, karena pas orang datang ke sini tempatnya agak luas, jauh dari warung pinggir jalan. Tidak sesuai dengan harga makanan yang disajikan, sebaiknya suami juga dikasih tempat seperti ini.",0.9235016703605652
Menu panganan cukup rena-rena lan nggarai sir mesen kabeh. Mirah? Jelas ae!,Menu makanan cukup bervariasi dan bikin mau dipesan semuanya. Murah? Pastinya!,Menu makanan cukup rena-rena dan membuat sir mesen semua. Mirah? Jelas banget!,0.8958902359008789
Bagikno sak akeh-akehe. Ben wong iki diproses. Kangen ndelok video njaluk sepiro karo nangis-nangis terus wadul nyang mbok e terus omong lak perlakuane kuwi ora sengaja.,Bagikan sebanyak-banyaknya. Biar ini orang diproses. Kangen melihat video minta maaf sambil nangis-nangis lalu ngadu ke emak lalu bilang kalau perlakuan itu tidak sengaja.,Bagikno sebanyak-banyaknya. Ben wong ini diproses. Saya lihat video njaluk sepiro dengan nangis-nangis terus marah ke mbok e lalu omong lak perlakuannya itu tidak sengaja.,0.9113858938217163
"Soto kudus iki anane ning pinggir dalan, kaping pisan arep mangan rada ora mantep uga sih. Amarga pengen ngerti rasa kudus yo dijajal sek. Ee saktenane uga enak lho, lan ana uga pilihan kanggo nyampurake, pokoke enak tenan. Regane murah pol deh. ","Soto kudus ini adanya di kaki lima, pertama kali mau makan agak ragu juga sih. Karena ingin tahu rasa kudus ya dicoba dulu. Ee ternyata enak juga lho, dan ada juga pilhan untuk mencampurnya, pokoknya enak sekali deh. Harganya murah meriah deh.","Soto kudus ada di pinggir jalan, kali pertama mau makan rada tidak mantep juga sih. Karena ingin ngerti rasa Kuds juga dijajal sek. Harganya murah pol deh.",0.9124428629875183
Olahraga wengi isa dadi pilihan kanggo ngisi wektu lowong.,Olahraga di malam hari dapat menjadi pilihan untuk mengisi waktu luang.,Olahraga malam menjadi pilihan untuk mengisi waktu lowong.,0.9410285949707031
Restoran seafood. Menu spesiale yuyu sing dipangan karo kulite. Kanggo aku kurang enak. Kulite isih rada atos. Pelayanane biasa-biasa bae.,Restoran seafood. Menu spesialnyanya kepiting yang dimakan dengan kulitnya. Untuk saya kurang enak. Kulitnya masih agak keras. Pelayanannya biasa-biasa saja.,Restoran seafood. Menu spesialnya yuyu yang dipangan dengan kulitnya. Untuk saya kurang enak. Kulitnya juga agak atos. Pelayanan biasa-biasa saja.,0.9584335088729858
"Enak lumayan, nanging regane larang amarga porsine luwih sithik. Ana pilihan infused kangen water sek cukup kanggo 4 uwong","Enak lumayan, tapi harganya mahal karena porsinya sedikit kecil. Ada pilihan infused kangen water yang cukup untuk 4 orang","Enak lumayan, tapi harganya mahal karena porsinya lebih kecil. Ada pilihan infused water sekcukup untuk 4 orang",0.9641457200050354
"Dinggo daerah banda aceh lan sekitare sik lancar, ora ana gangguan blas.","Untuk daerah banda aceh dan sekitarnya masih lancar, tidak ada gangguan sama sekali.","Dinggo daerah banda aceh dan sekitarnya sudah lancar, tidak ada gangguan lagi.",0.9603303670883179
Emosi karo gojek sing kerep nyasar yen arep menyang omahku.,Emosi dengan gojek yang selalu nyasar kalau mau ke rumah saya.,Emosi dengan gojek yang kerap menyasar saat datang ke rumah saya,0.9553645253181458
"Kafe sing nyaman, enak lan murah kanthi desain kafe sing unik lan marakna krasan. Panganan enak lan kopi enak lan fasilitas wifi sing cepet lan tv kabel","Kafe yang nyaman, enak dan murah dengan desain kafe yang unik dan bikin betah. Makanan enak dan kopi enak serta fasilitas wifi yang cepat dan tv kabel","Kafe yang nyaman, enak dan murah dengan desain kafe yang unik dan memarakkan rasa. Makanan segar dan kopi nikmat dan fasilitas wifi yangcepat dan tv kabel",0.960931122303009
"Uwis sewulan luwih ora mangan indomie, sakpisane mangan langsung nggawe rong porsi indomie goreng jumbo.","Sudah sebulan lebih tidak makan indomie, sekalinya makan langsung bikin dua porsi indomie goreng jumbo.","Uwis sewulan lebih tidak makan indomie, setelah makan langsung bikin rong porsi Indomie goreng jumbo.",0.929877758026123
"Mangan sikil wedus bagian pupu sing empuk lan lumayan gedhi dinggo ukuran medium, pas dingge wong siji, mangan tanpa sega, karo es lemon tea. Seger kurange mung panggone kebul-kebul, wajar kan jenenge uga wedus bakar hehehe","Makan kaki kambing paha yang empuk dan lumayam besar untuk ukuran medium, pas untuk satu orang, makan tanpa nasi, dengan es lemon tea. Segar kekurangannya hanya tempatnya berasap, wajar kan namanyan jg kambing bakar hehehe","Mangan sikil wedus bagian pupu yang empuk dan lumayan gedhi untuk ukuran medium, pas digunakan seorang lelaki, makan tanpa sega, dengan es lemon tea. Seger kurang hanya waktunya kebul-kebul, wajar kan namanya uga buah bakar hehehe",0.9043691158294678
"Panggone lumayan unik, rasa panganane biasa, menu sing ditawakne uga biasa, mung panggone karo keunikane sing menarik, cara nyeluk pelayane nganggo nutuk kentongan,. Aku pas mrana wengi, diambah udan, udarane lumayan adem nyrusuk belung, sempet ngenteni kira-kira limolas menit ben iso entuk panggon, merga bek blok wektu iku. Disaranke lak sir mrana sore-sore.","Tempatnya cukup unik, rasa makanan standar, menu yang ditawarkan juga biasa, hanya saja yang menarik tempat dan keunikannya, cara memanggil pelayannya dengan memukul kentongan,. Aku pas ke sana pada malam hari, ditambah hujan, udaranya cukup dingin menusuk tulang, sempat menunggu kira-kira 15 menit untuk bisa dapat tempat, karena penuh blok pada saat itu. Disarankan kalau mau ke sana sore-sore.","Tempatnya lumayan unik, rasa makanan biasa, menu yang ditawarkan jugabiasa, hanya tempatnya dengan keunikan yang menarik, cara menyeluk pelayan dengan memakai kentongan,. Saya setelah pulang malam, ditambah udan, suasana agak dingin nyrusuk bentung, sempet menunggu kira-kira lima menit agar bisa mendapatkan tempat, sehingga bek blok saat itu. Disarankan kalau sir datang sore-sore.",0.9401386976242065
"Ning pilkada 2018, polri dijaluk ningkatne pengamanan ning sekitar tps.","Dalam pilkada 2018, polri diminta meningkatkan pengamanan di sekitar tps.","Yang pilkada 2018, ingin meningkatkan pengamanan di sekitar tps.",0.9542532563209534
"Ora bosen apa film indonesia sing main deknen terus, udu ngomong deknen ora apik, nanging yen pemaine kuwi kuwi bae uga bosen ndheloke.","Tidak bosan apa film indonesia yang main dia terus, bukan bilang dia tidak bagus, tetapi kalau pemain itu itu melulu jenuh juga melihatnya.","Ora bosen apa film indonesia yang main deknen terus, udu bilang memang tidak bagus, tapi kalau pemainya itu begitu saja susah marah.",0.9126225113868713
Wingi Dian tuku kathok anyar liwat aplikasi Lazada,Kemarin Dian membeli celana baru lewat aplikasi Lazada,Wingi Dian beli kathok baru melalui aplikasi Lazada,0.8931479454040527
"Dhewe arep menyang lembang kanthi kahanan luwe. Pas ndhelok saung pengkolan iki dhewe langsung mandhek kanggo mangan. Dhewe milih lesehan ing tingkat 2 dadi entuk pemandangan sek apik. Pesenane dhewe yaiku cumi goreng glepung, gurame goreng krispi, oseng genjer lan rong menu tahu sek aku lali jenenge. Umume ora ana sek istimewa saka hidangan kuwi. Mbok menawa pilihanku. Lanjutane","Kami dalam perjalanan ke lembang dalam keadaan lapar. Saat melihat saung pengkolan ini kami langsung berhenti untuk makan. Kami memilih lesehan di lantai 2 sehingga mendapatkan pemandangan yang indah. Pesanan kami adalah cumi goreng tepung, gurame goreng crispy, tumis genjer dan dua menu tahu yang saya lupa namanya. Secara keseluruhan tidak ada yang istimewa dari hidangan tersebut. Mungkin pilihan saya. Lanjutan","Dhewe ingin ke lembang dengan kondisi dingin. Setelah melihat saung pengkol ini kami langsung berangkat untuk makan. Saya pilih lesehan di tingkat 2 jadi dapat pemandangan sek indah. Pilihannya saya adalah cumi goreng glepung, gurame Goreng krispi, oseng genjer dan dua menu tahu yang saya suka. Udah kalau pilihan saya. Lanjutannya",0.9286816716194153
Entuk bonus tcahs 12.500 nanging ora isa dienggo kanggo tuku pulsa sing regane 10 ewu h aneh,Dapat bonus tcash 12.500 tapi tidak bisa dipakai buat beli pulsa yang seharga 10 ribu h aneh,Entuk bonus tcahs 12.500 tapi tidak bisa digunakan untuk beli pulsa yang harga 10 ribu h aneh,0.9497413635253906
"Kaping kapisan aku marang rana, meja-meja mulai tuwa lan uga menu panganan sing ora patio variatif. Nanging regane ora bisa diomong murah, amarga kudune kanthi rega-rega sakmono bisa entuk sing luwih apik. Utamane pas aku marang kamar mandi, reged tenan lan mambu ora enak:","Saat pertama ke sana, meja-meja mulai usang dan juga menu makanan yang tidak begitu bervariatif. Namun harganya tidak bisa dibilang murah, karena seharusnya dengan harga-harga segitu bisa dapat yang lebih baik. Terutama saat saya ke toilet, sangat kotor dan berbau tidak sedap:","Kaping pertama saya ke rana, meja-meja mulai tua dan juga menu makanan yang tidak patio variatif. Namun harganya tidak bisa diomong murah, sehingga harus dengan harga-harga yang sama bisa mendapatkan yang lebih baik. Terutama pas kami ke kamar mandi, sangat bersih dan udara tidak terlalu enak:",0.939547061920166
"Ombean apa sih kok cara nggombene aneh, rasane uga aneh maneh","Minuman apa sih kok cara minumnya aneh, rasanya aneh juga lagi","Tolong apa sih kok cara nggombenya aneh, rasanya juga terlalu mahal lagi",0.9163830876350403
"Tanggal 12 february iku ulang taune pacarku, lan aku ngajak dee dinggo mangan nyang sawiji restoran sing terkenal ning surabaya. Aku pengen menehi kado ulang taun karo mangan sing enak ning kana. Nanging. Pas iku aku teka kira kira jam setengah 3. Panggon kebeg dadi awakdewe kudu ngenteni. Daftar tunggu pas kuwi sekitar 4 meja.","Tanggal 12 february adalah ulang tahun pacar saya, dan saya mengajak dia untuk makan di sebuah restaurant yang terkenal di surabaya. Saya ingin memberi kado ulang tahun dengan makan yang enak di sana. Tapi. Saat itu saya datang kira kira jam setengah 3. Tempat penuh sehingga kami harus menunggu. Daftar tunggu pada saat itu sekitar 4 meja.","Tanggal 12 february itu ulang taunya pacar saya, dan saya mengajak untuk makan di salah satu restoran yang terkenal di surabaya. Saya ingin memberikan kado tahun dengan makan yang enak di sini. Tapi. Pas itu saya datang kira kira jam setengah 3.Tempat kebeg jadi saya harus menunggu. Daftar tunggu pas itu sedekat 4 meja.",0.9611313939094543
"Ora seneng ndelok bocah sma saiki, yen nganggo jilbab rambute pada disengajakake metu, maksude apa?","Tidak suka melihat anak sma sekarang, kalau pakai jilbab rambutnya pada disengajakan keluar, maksudnya apa?","Ora suka melihat bocah sma sekarang, kalau pakai jilbab rambutnya pada disengajakan, artinya apa?",0.9765160083770752
Calon-calon pemimpin negeri iki cukup kuwat nyiapake strategi kanggo kemenangane.,Calon-calon pemimpin negeri ini cukup kuat mempersiapkan strategi untuk kemenangannya.,Calon-calon pemimpin negeri ini cukup kuat menyiapkan strategi untuk kemenangannya,0.9830966591835022
Adikku lagi ndhelok harry potter ing trans tv,Adik saya sedang menonton harry potter di trans tv,Adikku lagi nonton harry potter di trans tv,0.9044697880744934
"Salah siji restoran paling tak senengi ning bandung. Panggonane nylepit, nanging isih kenek dijangkau. Menu panganane enak, sunda banget. Pemadangane ya apik, kahanane pancen nggarai mripat lan ilat kabeh puas. Bar mangan sampek wareg. maleh sir turu ning saunge.","Salah satu restoran favorit saya di bandung. Lokasinya terpencil, tetapi masih terjangkau. Menu makanannya enak, sunda sekali. Pemandangannya indah, suasananya memang membuat mata dan lidah semua terpuaskan. Selesai makan sampai kenyang, jadi ingin tidur di saungnya.","Salah satu restoran paling saya suka di bandung. Tempatnya nylepit, tapi masih dekat dijangkau. Menu makanannya enak, sunda banget. Pemadangannya ya bagus, keadaan memang membuat mripat dan lidah semua puas. Bar makan sampai wareg. malam sir turu di saung.",0.9264346957206726
Endi taring kpk? Kasus ecek-ecek puluan yuta kowe cekel senajan nganti ing bolongan semut! Waras kowe kpk?,Mana taring kpk? Kasus ecek-ecek puluhan juta kamu tangkap sampai ke lubang semut sekalipun! Waraskah anda kpk?,Sekarang taring kpk? Kasus ecek-ecek puluan yuta saya cekel senajan sampai di bolongan semut! Waras kalian kk?,0.9086448550224304
"Menu ning panggen iki asline sederhana banget nanging sing nduwe kreatif. Sajian mie, roti lan panganan penutupe di campur karo rena-rena pilihan. Panggone asik dingge nglumpuk karo kanca-kanca. Dingge regane ora tek larang sumbut karo rasane.","Menu di tempat ini sebetulnya sederhana banget tapi pemiliknya kreatif. Sajian mie, roti dan makanan penutupnya di mix sama berbagai pilihan. Tempatnya asik buat berkumpul dengan teman-teman. Untuk harganya tidak terlalu mahal sesuai sama rasanya.","Menu di tempat ini aslinya sederhana banget tapi yang memiliki kreatif. Sajian mie, roti dan makanan penutupan di campur dengan rena-rena pilihan. Tempatnya asik untuk berkumpul bersama keluarga. Di harganya tidak terlalu mahal karena rasanya.",0.9453420639038086
"Restoran kanthi metode penyajian bedha. Piring panggonan mangan diganti karo godhong gedhang. Menu panganan khas sunda kanthi citarasa sing enak. Saka segi rega cukup kakancan, panggonan mangan amba lan akeh pilian meja, parkir cukup amba.","Restoran dengan metode penyajian berbeda. Piring tempat makan diganti dengan lembaran daun pisang. Menu makanan khas sunda dengan citarasa yang enak. Dari segi harga cukup bersahabat, tempat makan luas dan banyak pilihan meja, parkir cukup luas.","Restoran dengan metode penyajian beragam. Piring tempat makan diganti dengan godhong gedhang. Menu makanan khas sunda dengan citarasa yang enak. Dari segi harga cukup terjangkau, lokasi makan luas dan banyak pilihan meja, parkir sangat banyak.",0.9727133512496948
"Restoran alas daun nyajikake menu khas sunda sek ora beda adoh karo restoran khas sunda liyane, nanging sek nggawe beda yaiku ora nganggo piring lan mung diwenehi godhong gedhang sek diselehake ing meja sek ngganteni piring. Dadi kaya uwong ing India sek mangan didhasarkae godhong gedhang.","Restoran alas daun menyajikan menu khas sunda yang tidak jauh berbeda dengan restoran khas sunda lainnya, tapi yang membuatnya berbeda adalah tanpa piring, dan hanya diberi daun pisang yang diletakkan di meja sebagai pengganti piring. Jadi mirip orang di india yang makan beralaskan daun pisang.","Restoran alas daun menyajikan menu khas sunda yang tidak beda jauh dengan restoran khas Sunda lain, tapi yang bikin beda adalah tidak pakai piring dan hanya diberikan godhong gedhang yang diselehake di meja sambil menggotong makanan. Jadi seperti orang di India yang makan didhasarkan daging.",0.928221583366394
Rasa sotone miturutku pedes nanging gurih. Ngombe sirup markisa sing seger karo es liline sing enak.,Rasa sotonya menurut saya pedas tapi gurih. Minum sirup markisa yang segar sama es lilinnya yang enak.,Rasanya menurut saya pedes tapi gurih. Makan sirup markisa yang segar dengan es lilina yang sangat enak.,0.9602116942405701
"Aku mara ning restoran iki kanggo mangan wengi bareng rencang. Aku mesen stik pithik sing sebenere aku lali jenenge. Rasane biasa banget wae, anyep. Pithike kandhel lan krasa atos lan garing banget. Ora ana sing istimewa.","Saya mengunjungi restoran ini untuk makan malam bersama teman. Saya memesan steak ayam yang sebenarnya saya lupa namanaya. Rasanya sangat biasa saja, hambar. Ayamnya tebal dan terasa keras dan kering sekali. Tidak ada yang istimewa.","Aku datang ke restoran ini untuk makan malam bersama rencang. Saya pesan stik pithik yang sebenere saya lupa namanya. Rasanya biasa saja, enak. Pithike kandhel dan rasanya atos dan garing banget. Tidak ada yang istimewa.",0.917934000492096
Dhewe kan saling sengit siji liyane kawit 4 taun kepungkur.,Kita kan saling membenci satu sama lain sejak 4 tahun yang lalu.,Dhewe sudah saling sengit dua kali sejak 4 tahun lalu.,0.9009920954704285
Bapak biasane nganggo semir sepatu kiwi,Ayah biasanya memakai semir sepatu kiwi,Bapak biasanya pakai semir sepatu kiwi,0.9668867588043213
Richeese factory yaiku restoran waralaba sing nyajikake pithik kanthi rasa pedes kanthi macem-macem level. Cocok tenan kanggo kowe sing tresna rasa pedes.,Richeese factory adalah restaurat waralaba yang menyajikan ayam dengan rasa pedas dengan berbagai level. Sangat cocok untuk anda pecinta rasa pedas.,Richeese factory adalah restoran waralaba yang menyajikan pithik dengan rasa pedes dengan macem-macem level. Cocok untuk anda yang suka rasa pedas.,0.9414688348770142
"Pas rapat ning hotel sensa, aku pesen batagor riri nganggo aplikasi gofood / gojek. Pesenan teka ora suwe merga tibake paket batagor lan siomay wes di-pak ning plastik vakum. Rega sing enek ning aplikasi gojek / gojek urung termasuk pajek segedhe 10%.","Saat rapat di hotel sensa, saya memesan batagor riri menggunakan aplikasi gofood / gojek. Pesanan tiba dalam waktu tidak lama karena ternyata paket batagor dan siomay sudah di-pack dalam plastik vakum. Harga yang tertera dalam aplikasi gojek / gojek belum termasuk pajak sebesar 10%.","Setelah rapat di hotel sensa, saya pesanan batagor riri dengan aplikasi gofood / gojek. Pesen datang tidak lama karena tiba paket Batagor dan siomay sudah di-pak di plastik vakum. Harga yang enak disini tidak termasuk pajek sebesar 10%.",0.9478917121887207
Aku moro ing restoran iki ora pas jam mangan awan. Nanging restorane lumayan rame lan untunge awakdewe isa ndang entuk panggonan lungguh. Lebar lungguh panganan lan ombenane langsung disajikake. Sambel ijone kurang karasa pedes kanggo awakdewe. Panganane enak cukup puas mangan ing kene.,Saya mengunjungi restoran ini bukan saat jam makan siang. Tapi restorannya cukup ramai dan untungnya kami bisa cepat dapat duduk. Begitu duduk makanan dan minuman langsung dihidangkan. Sambal hijaunya kurang terasa pedas buat kami. Makanan enak cukup puas makan di sini.,Aku tinggal di restoran ini tidak pas jam makan malam. Namun restorannya lumayan rame dan untungnya awak deh bisa mendapatkan tempat duduk. Lebar lungguh makanan dan ombennya langsung disajikan. Sambel ijonya tidak terlalu pedes untuk awakdewe. Panganan enak cukup puas makan di sini.,0.9290465116500854
"Gampang cemburu ndelok dee guyonan karo wedokan, nanging awakdewe uduk sopo-sopone","Suka cemburu melihat doi bercanda sama cewek, tetapi kita bukan siapa-siapanya","Gampang cemburu lihat deh guyonan dengan teman, tapi awaknya sudah sopo-sopone",0.8801982998847961
Pungkasane aku mangan pesen lewat pesen kirim. Anakku seneng tenan gedel isi iwake. Restoran jaman mbien sing terkenal tenan. Regane sing cukup kajangkau kantong sak lan rasa panganane sing cukup enak.,Terakhir saya makan pesan via delivery order. Anak saya sangat suka perkedel isi daging -nya. Restoran zaman dahulu yang sangat terkenal. Harga yang cukup terjangkau kantong dan rasa masakan yang cukup enak.,Pungkasnya saya makan pesanan via pesen kirim. Anak saya suka sekali isi iwake. Restoran zaman dulu yang terkenal sekali. Harga yang cukup terjangkau kantong saya dan rasa makanan yang sangat enak.,0.9414151310920715
Parkiran angel bnaget sampek muter ping 3. Saran: Parkir ning cedek hotel ae terus mlaku. Restoran ning area perumahan.,Parkiran susah bener sampai berputar 3x. Saran: Parkir di dekat hotel saja terus jalan kaki. Restoran di area perumahan.,Parkiran angel bnaget sampe muter ping 3. Saran: Parkir di cedek hotel ae terus berlaku. Restoran di area perumahan.,0.9159975647926331
"Aku gumun karo telkomsel, kuotane akeh kok nanging cepet banget enteke, padahal ora akeh mbukak aplikasi abot. Nyurigakake","Suka heran sama telkomsel, kuotanya banyak kok tapi cepat banget abisnya, padahal tidak banyak buka aplikasi berat. Mencurigakan","Aku marah dengan telkomsel, kuotanya banyak kok tapi cepat banget enteknya, padahal tidak banyak membuka aplikasi banyak. Nyurigakan",0.954217255115509
Bocah saiki lagek gerang wis wani nyolong,Anak sekarang baru gede sudah berani mencuri,Bocah sekarang lagi gerang sudah banyak nyolong,0.8702123165130615
"Nduwe kesempatan nikmati santap isuk merga lagi nginep ning hotel iki. Minangka pengunjung anyar kaya aku lan paling sing liyane isa ae bakal antusias merga suwasana santap isuk sing diwernani karo pemandangan saka sisih wetan, merga saka sisih kuwi ana kaendahan bangunan hotel sepisan kolam renange. Liyane kuwi uga ana barisan bukit lan nggunung bakal nambah pengenan dingge foto-foto.","Berkesempatan menikmati santap pagi karena sedang menginap di hotel ini. Sebagai pengunjung baru seperti saya dan mungkin yang lainnya barangkali akan antusias terhadap suasana santap pagi yang diwarnai dengan pemandangan dari sisi timur, karena dari sisi tersebut terdapat keindahan bangunan hotel berikut kolam renangnya. Selain itu juga terdapat barisan bukit dan pegunungan akan menambah keinginan untuk berfoto ria.","Ndapatkan kesempatan menikmati santap isuk karena sudah berada di hotel ini. Untuk pengunjung baru seperti saya dan paling yang lain akan antusias dengan suasana Santap Isuk yang penuh dengan pemandangan dari sisi barat, selain itu ada barisan bukit dan gugur akan menambah pengenan untuk foto-foto.",0.9275124669075012
"Telekomunikasi ora mung kanggo kutha gedhe, nanging uga nganthi marang daerah pelosok lan perbatasan negara cc: Telkomsel","Telekomunikasi bukan hanya untuk kota besar, tapi juga sampai ke daerah pelosok dan perbatasan negara cc: Telkomsel","Telekomunikasi tidak hanya untuk kota besar, tapi juga untuk daerah pelosok dan perbatasan negara cc: Telkomsel",0.9899114370346069
Apike wektu turu paling sithik iku limang jam.,Sebaiknya jam tidur minimal lima jam.,Apike waktu tidur paling sithik adalah lima jam.,0.8930273056030273
"Aku bareng kanca kerja sengaja nyoba mangan awan ning kene, kanggo panggonan kagolong cukup kapenak yen ning lantai dhuwur. Rasa pithik bakar ning kene tenan dak rekomendasikake karo sambel pelem.","Saya bersama rekan kerja sengaja mencoba makan siang di sini, untuk tempat terbilang cukup nyaman jika di lantai atas. Rasa ayam bakar di sini sangat saya rekomendasikan bersama sambal mangga.","Aku bersama teman kerja sengaja memesan makan malam di sini, untuk tempat duduk cukup nyaman jika di lantai tinggi. Rasa pithik bakar disini memang saya rekomendasikan dengan sambel pelem.",0.9474202394485474
Aku gela karo pelayanane. Siktasan aku pesen grabfood pesenen ora diterna nanging wis dimarekne. Tulung gae selektif milih tukang nyambut gawe.,Saya kecewa dengan pelayanannya. Barusan saya pesan grabfood pesanan tidak diantar tapi sudah diselesaikan. Mohon untuk selektif memilih pekerja.,Aku gela dengan pelayanannya. Siktasan saya pesen grabfood pesenan tidak diterna tapi sudah dipesan. Tulung gae selektif milih tukang membuat gawe.,0.9084076881408691
"Wis ilang handphone xiaomi redmi note 5 werna gold 64 / 4 ning daerah duri kidul, jembatan lima, tambora, jakarta barat.","Telah hilang handphone xiaomi redmi note 5 warna gold 64 / 4 di daerah duri selatan, jembatan lima, tambora, jakarta barat.","Wilangkan handphone xiaomi redmi note 5 werna gold 64 / 4 di daerah duri kidul, jembatan lima, tambora, jakarta barat.",0.9679896235466003
Aku ora kuciwa karo produke apple,Saya tidak kecewa dengan produk apple,Aku tidak bisa bicara dengan orang lain,0.8941373825073242
"Youtube saben dina saya akeh iklane, njengelake!","Youtube semakin hari semakin banyak iklannya, menyebalkan!","Youtube tiap hari saya banyak iklannya, sepertinya!",0.9067380428314209
"Iku indomie karo mangkoke wis wira-wiri, kepisah sisan isi lan adahe.","Itu indomie sama mangkoknya sudah berkeliaran, terpisah pula isi sama wadahnya.",Iku indomie dengan mangkok-mangkok terputus-putus isi isi.,0.8725332021713257
Dhewe marang kafe iki kanggo mangan serabi. Serabine kanggo dhewe kandel banget ing bagian tengah. Akeh tenan piliah topping serabine nganti mumet milihe. Ternyata regane luwih larang saka warung setiabudi. Kuciwa.,Kami ke kafe ini untuk makan serabi. Serabinya bagi kami terlalu tebal di bagian tengah. Banyak sekali pilihan topping serabi sampai pusing memilihnya. Ternyata harganya lebih mahal dari warung setiabudi. Kecewa.,Dhewe ke kafe ini untuk makan serabi. Serabine untuk saya sangat keras dibagian tengah. Ada banyak pilihan topping serabine sampai mumet milinya. Ternyata harganya lebih mahal dari warung setiabudi. Kuciwa.,0.946073591709137
"Bistik murah, cocok kanggo sing anggarane cilik nanging pingin mangan murah lan wareg, kajaba bistik uga panganan liyane enak lan murah. Susanane lumayan rame, umume akeh kaluwarga utawa bocah sekolahan.","Steak murah, cocok untuk yang budgetnya kecil tapi ingin makanan murah dan kenyang, selain steak juga makanan lainnya enak dan murah. Suasananya lumayan ramai, biasanya banyak keluarga atau anak sekolahan.","Bistik murah, cocok untuk yang anggaran kecil tapi ingin makan murah dan wareg, karena bistik juga makanan lain enak dan murah. Susannya lumayan rame, umumnya banyak keluarga atau anak sekolah.",0.941547691822052
"Pertemuan antarane pihak bank bri, bpbat sungai gelam - jambi, lan pokdakan sek ana ing desa pudak. Kanggo ngrembug bentuk panyaluran dana csr saka bank bri","Pertemuan antara pihak bank bri, bpbat sungai gelam - jambi, dan pokdakan yang ada di desa pudak. Untuk mendiskusikan bentuk penyaluran dana csr dari bank bri","Pertemuan antara pihak bank bri, bpbat sungai gelam - jambi, dan pokdakan sedang ada di desa pudak. Untuk mengrembug bentuk penyaluran dana csr dari Bank bri",0.9785503149032593
"Panggonan iki menarik tenan, pemandangan apik, ana arena dolanan ing njaba kanggo sakulawarga. Tenan disaranake kanggo kaluwarga sing ndhuwe bocah cilik. Panganan halal lan menu rena-rena.","Tempat ini sangat menarik, pemandangan bagus, ada arena bermain di luar untuk sekeluarga. Sangat disarankan untuk keluarga dengan anak kecil. Makanan halal dan menu bervariasi.","Panggon ini menarik sekali, pemandangan bagus, ada arena dolanan di luar untuk keluarga. Tenan disarankan bagi keluarga yang memiliki anak kecil. Makanan halal dan menu rena-rena.",0.9411588311195374
"Hotel arep check-in wae ruwet. Nunggu amarga ngresiki kamar suwe banget, gela lah. Iki pisanane aku mrana. Terus langsung diwenehi kesan pisanan sing ora apik.","Hotel mau  check-in aja ribet. Menunggu karena membersihkan kamar lama banget, kecewa dah. Ini pertama kalinya gue ke sana. Terus langsung dikasih first impression yang tidak bagus.","Hotel sudah check-in saja ruwet. tunggu karena rusak kamar lama banget, gela lah. Ini pertama kali saya datang. Terus langsung diberikan kesan pertama yang tidak bagus.",0.940778911113739
"Amarga kartu oktrip wektu iki yaiku saka bni, mulakna isi ulang isa dilakokake ing mitra-mitra sing kerja sama karo bni.","Karena kartu oktrip saat ini adalah dari bni, maka isi ulang bisa dilakukan di mitra-mitra yang bekerjasama dengan bni.","Amarga kartu oktrip saat ini adalah dari bni, mulaknya isi kembali bisa dilakukan di mitra-mitra yang kerja sama dengan bn",0.9430519938468933
Ngge kabeh seh apik. Karyawane yo grapyak grapyak. Lan pemandangane apik. Nanging panganane kelarangen. Larang banget malah. Dompet kudu kandel.,Secara keseluruhannya sih bagus. Karyawanya juga ramah ramah. Dan pemandangannya bagus. Tapi makanannya terlalu mahal. Mahal banget malah. Dompet harus tebal.,Tempatnya seh bagus. Karyawannya sangat grapyak. Dan pemandangannya apik. Namun makanannya kelarang. Larang banget malah. Dompet harus kandel.,0.9284084439277649
"Mangan karo kaluwarga bakal luwih nyenengake kanthi kabeh fasilitas sing ana. Lokasine sing apik, panganane sing cukup enak kanthi aneka werna pilian. Lan pemandangan lan suwasana dadi andalan","Makan bersama keluarga akan lebih menyenangkan dengan semua fasilitas yang ada. Lokasi yang bagus, makanan yang cukup enak dengan beragam pilihan. Dan pemandangan serta suasana jadi andalan","Mangan bersama keluarga akan lebih menyenangkan dengan semua fasilitas yang ada. Lokasi yang bagus, makanan yang cukup enak dengan aneka pilihan. Dan pemandangan dan suasana jadi andalan",0.977744996547699
"Sega goreng mafia sing manggon ning dalan setiabudi awakdewe pilih merga pingin golek panganan sing cepet. Ditambah yaiku salah siji kuliner sing wajib diparani ning bandung. Aku milih sega goreng sing favorit ning kene yaiku sega goreng bandit sing tingkat pedese ning level 3. Panganan sing disajikne cukup cepet, nanging sayange sega goreng sing tak pesen segane atos, bumbon rempahe ketutupan.","Nasi goreng mafia yang terletak di jalan setiabudi kami pilih karena ingin mencari makanan yang cepat. Ditambah merupakan salah satu kuliner yang wajib dikunjungi di bandung. Saya memilih nasi goreng yang favorit di sini yaitu nasi goreng bandit hingga tingkat kepedasan di level 3. Makanan yang disajikan cukup cepat, namun sayangnya nasi goreng yang saya pesan nasinya keras, bumbu rempahnya tertutupi.","Roti goreng mafia yang berada di jalan setiabudi saya pilih karena ingin mendapatkan makanan yang cepat. Ditambah adalah salah satu kuliner yangwajib dicoba di bandung. Saya memilih sega Goreng yang favorit di sini adalah masakan bandit yang level pedesnya di level 3. Panganan yang disajikan cukup mudah, tapi sayangnya masakannya tidak terlalu banyak, bumbon rempahnya ketutupan.",0.9428831338882446
Iki yaiku sop stengkel paling enak ning aceh tamiang.,Ini adalah sop stengkel terenak di aceh tamiang.,Iki adalah sop stengkel paling enak di aceh tamiang.,0.9647377133369446
Kanggo kakang admin tulung doooooonk bales pesen langsungku,Untuk kakak admin tolong doooooonk balas pesan langsung saya,Kanggo kaka admin jangan lupa balas pesanan langsung saya,0.8781054019927979
"Pemandangan sing utama ing sky lounge grandia iki memang isa ngeculake keselmu. Malah isa dadi, para pelancong nggolek area iki ndhisik, dibandingake ngaso ing kamar.","Pemandangan yang utama di sky lounge grandia ini memang dapat melepas penat anda. Bahkan bisa jadi, para pelancong mencari area ini terlebih dahulu, dibandingkan beristirahat di kamar.","Pemandangan yang utama di sky lounge grandia ini memang bisa meculakan keselmu. Malah bisa jadi, para pelancong datang ke area ini sekarang, dibandingkan dengan duduk di kamar.",0.9508209228515625
"Dhewe teka panggonan iki amarga lokasine sing cedhak karo panggonan dhewe nginep. Dhewe mesen sega bakar lan pasta. Sega bakare enak, akeh pilian, lan ora pedes, isa kanggo bocah-bocah. Dene pasta mung ana sak macem, nanging rasane uga enak. Rega panganan uga ora larang lan kajangkau kanggo panganan ing ngisor 30 ewu. Ing panggonan iki uga gratis wifi.","Kami mengunjungi tempat ini karena lokasinya yang berdekatan dengan tempat kami menginap. Kami memesan nasi bakar dan pasta. Nasi bakarnya enak, banyak pilihan, dan tidak pedas, bisa untuk anak-anak. Sedang pasta hanya ada satu macam, namun rasanya pun enak. Harga makanan pun tidak mahal dan terjangkau untuk makanan di bawah 30 ribu. Di tempat ini juga gratis wifi.","Dhewe datang ke tempat ini karena lokasi yang dekat dengan tempat saya makan. Saya makan nasi bakar dan pasta. Nasi bakarnya enak, banyak pilihan, dan tidak pedas, bisa buat anak-anak. Namun pasta tidak ada setiap jenis, tapi rasanya juga nyaman. Rasanya juga tidak mahal dan terjangkau untuk makanan di bawah 30 ribu. Di tempat itu juga gratis wifi.",0.9695605039596558
"Kanggo ngenthukne pemandangan sing apik kanthi cahyo lampu warna-warni, apike teka ing wayah wengi. Amarga nduweni latar mburi pemandangan jembatan Pasupati sing dadi simbol kota.","Untuk mendapatkan pemandangan yang bagus dengan cahaya lampu warna-warni, sebaiknya berkunjung pada malam hari. Karena memiliki latar belakang pemandangan jembatan Pasupati yang merupakan simbol kota.","Kanggo melihat pemandangan yang bagus dengan cahyo lampu warna-warni, enak datang di malam hari. Karena memiliki latar mburi Pemandangan jembatan Pasupati yang jadi simbol kota.",0.9407340288162231
"Aku teka ning resto sapulidi iki merga ana rekomendasi saka internet sing tau tak waca lak pemandangan sing apik banget lan panggon mangan pas ning sawah sing nggarai aku sir teka nyang panggon iki. Nanging pas aku teka kabeh ganti dadi elek, mulai panggon parkir sing isa diarani enek, dalan akses amoh lan panggon akses sing cilik.","Saya datang ke resto sapulidi ini karena rekomendasi dari internet yang pernah saya baca bahwa pemandangan yang sangat bagus dan tempat makan tepat di sawah yang membuat saya tertarik untuk datang ke tempat ini. Namun ketika saya sampai semua hal berubah menjadi buruk, mulai dari tempat parkir yang bisa dikatakan tersedia, jalan akses rusak dan kecilnya tempat akses.","Aku datang ke resto sapulidi ini karena ada rekomendasi dari internet yang sudah saya coba lak pemandangan yang bagus dan tempat makan pas di sawah yang menyebabkan saya sir ke tempat ini. Namun setelah saya datang semua ganti jadi jelek, mulai tempat parkir yang bisa dibilang enak, jalan akses yang kecil.",0.9485712647438049
"Amarga ngelih, aku pesen indomie.","Karena lapar, saya pesan indomie.","Amarga ngelih, saya pesen indomie.",0.8907980918884277
"Sate wedhus lan gule wedhuse maknyus, penyajian panganane uga cepet tenan. Panggonane cukup resik","Sate kambing dan gulai kambingnya maknyus, penyajian makanannya juga sangat cepat. Tempatnya cukup bersih","Sate wedhus dan gule kambingnya maknyus, penyajian makanannya juga cepat sekali.Tempatnya cukup resik",0.9530021548271179
"Sup guramene enak, pelayanane cepet, grapyak. Restoran resik. Amarga porsi sega sithik tenan, kanggo sing doyan mangan mesthi nambah.","Sup guramenya enak, pelayanan cepat, ramah. Restoran bersih. Karena porsi nasi sangat sedikit, buat yang doyan makan pasti menambah.","Sup gurmannya enak, pelayanan cepat, grapyak. Restoran bersih. Karena porsi daging sithik banget, untuk yang ingin makan pasti tambah.",0.9405676126480103
"Restorane ana pemandangan curuge, panggonan mangan kaya saung. Saunge ana akeh saka ngisor munggah nganthi ing ndhuwur, saya munggah saya katon pemandangan curuge.","Restorannya ada pemandangan air terjunnya, tempat makan berupa saung. Saungnya ada banyak dari bawah naik hingga ke atas, semakin ke atas semakin terlihat pemandangan air terjunnya.","Restorannya ada pemandangan curuge, tempat makan seperti saung. Saung ada banyak dari atas naik ke atas, saya turun saya lihat Pemandangan Curuge.",0.9360144138336182
"Pelayane grapyak. Nggarai terus pingin teka maneh. Kebeneran uga kerep nginep ning kene, hotele resik lan pemandangane saka kamar hotel apik.","Pelayannya ramah. Bikin selalu ingin datang kembali. Kebetulan juga sering menginap di sini, hotelnya bersih dan pemandangan dari kamar hotel bagus.","Pelayan grapyak. Menyukai terus pingin datang lagi. Kebetulan juga kerap ke sini, hotel bersih dan pemandangan dari kamar hotel bagus.",0.9428904056549072
"Mangan mbengi karo kabeh kaluwarga ing dina ulang taun bojo ndhuweni kesan tenan kanthi suasana sing narik ati ing hotel. Pelayanan sing grapyak tenan saka mas tian. Ora kudu ngenteni suwi, panganan lan ombean sing dipesen.","Makan malam bersama seluruh keluarga di hari ulang tahun suami menjadi sangat berkesan dengan suasana yang menawan di hotel. Pelayanan yang sangat ramah dari mas tian. Tidak perlu menunggu lama, makanan dan minuman yang dipesan.","Mangan makan bersama keluarga di hari ulang tahun anaknya menikmati suasana yang narik ati di hotel. Pelayanan yang ramah dari mas tian. Tidak perlu menunggu lama, makanan dan minuman yang dipesen.",0.9585864543914795
"Obong terus pak, suwek-suwek wae persatuan lan kesatuan Indonesia nganggo retorika mu.","Bakar terus pak, cabik-cabik saja persatuan dan kesatuan Indonesia dengan retorika mu.","Obong terus pak, jangan lupa persatuan dan kesatuan Indonesia dengan retorika mu.",0.9351270198822021
"Manggon ana ing pinggiran bukit, panggonane amba, nyenengake lan nyaman. Nduwe pemandangan sek nyenengake mripat, kaya gunung, kebon, lan kutha bandung nalika didhelok saka ndhuwur. Pegawaine cekatan lan grapyak. Menu panganane akehe menu steak sanajan uga ana menu sega goreng, gurame, lan liya-liyane. Restoran sing direkomendasikake kanggo diparani nalika teka ing bandung.","Terletak di tepi bukit, tempatnya luas, menyenangkan dan nyaman. Memiliki pemandangan yang memanjakan mata, seperti gunung, perkebunan, dan kota bandung jika dilihat dari atas. Pegawainya cekatan dan ramah. Menu makanan di dominasi oleh menu steak walaupun ada juga menu nasi goreng, gurame, dll. Restoran yang direkomendasikan untuk dikunjungi ketika datang ke bandung.","Tempatnya berada di pinggiran bukit, tempatnya luas, nyaman dan menyejuk. Menikmati pemandangan yang indah mripat, kaya gunung, kebon, dan kota bandung.",0.9024956822395325
Bca lagi ngadakake acara ulang tahun lan ngundang kabeh karyawane kanggo melu acara kuwi.,Bca sedang mengadakan acara ulang tahun dan mengundang seluruh karyawannya untuk mengikuti acara tersebut.,Bca lagi mengadakan acara ulang tahun dan mengundang semua karyanya untuk meluncurkan event ini.,0.9477999806404114
"Kawit mbukak cendana bistro aku wis njajal panganan, dinggo aku kurang cocok, panganane biasa-biasa ora ana sing spesial.","Sejak buka cendana bistro saya sudah coba makanan, untuk saya kurang cocok, makanannya biasa-biasa tidak ada yang spesial.","Ketika membuka cendana bistro saya sudah coba makanan, dikarenakan saya tidak cocok, makannya biasa-biasa tidak ada yang spesial",0.9730209708213806
Minimal biaya transaksi wulan 11 sing kudune dibalekake wulan 12 wingi ora mlebu ing rekeningku kie.,Minimal biaya transaksi bulan 11 yang harusnya direfund bulan 12 kemarin tidak masuk ke rekening saya nih.,Minimal biaya transaksi bulan 11 yang harus dibalekan bulan 12 siang tidak masuk ke rekening saya ini.,0.9439159631729126
"Sakwise kalap blanja, dhewe mutusake kanggo mangan ing warung tenda pinggir dalan. Ana ing lelungan marang hotel, dhewe lewat dalan cilik kanggo nyingkir saka macet, lan ketemu warteg iki. Pas teka rame banget! Dhewe kudu antri sediluk. Dhewe pesen sega uduk, pithik bakar madu, usus, kubis goreng. Rasane enak! Pithik bakar madune parah nggawe kemaningan banget!","Setelah kalap belanja, kami memutuskan untuk makan di warung tenda pinggir jalan. Dalam perjalanan pulang ke hotel, kita lewat jalan kecil untuk menghindari macet, dan bertemu warteg ini. Pas datang ramai banget! Kita mesti antre sebentar. Kami pesan nasi uduk, ayam bakar madu, usus, kol goreng. Rasanya enak! Ayam bakar madunya parah bikin ketagihan banget!","Setelah kalap blanja, saya putuskan untuk makan di warung tenda di jalan. Ada di lelungan ke hotel, kami lewat jalan kecil untuk mengambil dari macet, dan ketemu warteg ini. Saat datang ramai banget! Saya harus menunggu sambil memesan nasi uduk, pithik bakar madu, usus, kubis goreng. Rasanya enak! Susunya parah membuat kemaningan sangat!",0.9396982192993164
Beritane sing ora berkualitas lan ora ndidik pol. Kebeg kepentingan lan golek rai.,Pemberitaanya yang tidak berkualitas dan sangat tidak mendidik. Penuh kepentingan dan pencitraan,Berita yang tidak berkualitas dan tidak mendapatkan pol. Kebeg kepentingan dan cari rai.,0.8835759162902832
Bakul alon nanggepi. Ana masalah suwe diurus. Nganti saiki barang urung diganti,Penjual lambat menanggapi. Ada kendala lama diurus. Sampai sekarang barang belum diganti,Bakul alon marah. Ada masalah suwe diurus. Jadi sekarang barang urung diganti,0.8941642642021179
Aja lewatke diskon langsung nganti Rp 10 yuta ning kene!,Jangan lewatkan diskon langsung hingga Rp 10 juta di sini!,Aja lewat ke diskon langsung sampai Rp 10 juta di sini!,0.9397754669189453
Pt kami lan 12 bank wis tapak asma pembiayaan lrt jabodetabek,Pt kami dan 12 bank sudah menandatangani pembiayaan lrt jabodebek,Pt kami dan 12 bank sudah tapak asma pembiayaan lrt jabodetabek,0.9215633273124695
"Nembe ngerti babagan panggonan iki saka kanca, wektu dhewe teka pengunjunge ora patia akeh, dadi dhewe milih kanggo lungguh ing lantai loro karo nikmati pemandangan ing njaba. Mbengi kuwi lagi ana pagelaran musik, aku kurang ngerti apa pagelaran musik iki ana saben dina apa ora.","Baru tahu tentang tempat ini dari teman, waktu kami datang pengunjungnya tidak terlalu banyak, jadi kami memilih untuk duduk di lantai dua sambil menikmati pemandangan di luar. Malam itu sedang ada pertunjukan musik, saya kurang tahu apakah pertunjukan musik ini ada tiap hari atau tidak.",Tidak tahu apa tempat ini ada tiap hari apa tidak.,0.8842747807502747
Aku pingin tuku 20 tiket dinggo laga persebaya vs arema sesok.,Saya ingin beli 20 tiket untuk laga persebaya vs arema besok.,Aku ingin beli 20 tiket untuk laga persebaya vs arema sesok.,0.9884749054908752
"Panganan uwis oke, nanging kanggo nata panggonan lungguh kurang, katon rame banget dadi ora nyaman, rega lumayan kanthi kualitas sing kurang.","Makanan sudah oke, namun untuk penataan tempat duduk kurang, terlihat terlalu ramai sehingga tidak nyaman, harga lumayan dengan kualitas yang kurang.","Panganan sudah oke, tapi untuk membuat tempat duduk kurang, nampak ramai jadi tidak nyaman, harga lumayan dengan kualitas yang tidak bagus.",0.9667672514915466
"Aku seneng suwi-suwi ning kene, merga kahanane enak, pencahayaane apik, ana plihan isa ning jaba nggen utawa ning jero. Panganane lumayan.","Saya senang berlama-lama di sini, karena suasananya enak, pencahayaannya bagus, ada pilihan bisa di luar ruangan atau di dalam. Makanannya lumayan.","Aku suka suasana di sini, karena keadaan enak, pencahayaannya bagus, ada plihan bisa di luar atau di dalam. Makanan lumayan.",0.9535040259361267
Kabeh sing diomongne pak rocky iku ora ana dasare. Nggumun yo kok isa dadi profesor.,Semua yang diomongin sama pak rocky itu tidak berdasar. Heran ya kok bisa jadi professor.,Kabeh yang diomongkan pak rocky itu tidak ada dasarnya. Nggumun ya kok bisa jadi profesor.,0.9363300800323486
"Restoran iki nduweni lokasi sing prima ing bukit-bukit sing nduweni hawa sejuk lan pemandangan ijo nyegerake. Mesthi wae tujuan utamane yaiku masakan khas nusantara sing nikmat. Cekake, ngunjungi mrene dhewe entuk ngelakokake sisan wisata ilat, mripat, lan jiwa.","Restoran ini memiliki lokasi yang prima di perbukitan yang memiliki udara sejuk dan pemandangan hijau menyegarkan. Tentu saja tujuan utamanya adalah masakan khas nusantara yang nikmat. Singkatnya, berkunjung ke sini kita dapat melakukan sekaligus wisata lidah, mata, dan jiwa.","Restoran ini mempunyai lokasi yang prima di bukit-bukit yang memiliki hawa sejuk dan pemandangan ijo menyegerakkan. Semua tujuan utama adalah masakan khas nusantara yang nikmat. Cepat, berkunjung ke sini tentu akan menambah nilai wisata alam dan jiwa.",0.9387398362159729
"Bojoku sek ora terlalu seneng karo ramen, kanggo siki deknen ngomong nek enak lan gurih. Deknen malah mesen maneh kanggo deknen sakwise nyicipi pesenanku.","Istri saya yang tidak terlalu suka ramen, untuk kali ini dia bilang enak dan gurih. Dia malah memesan lagi untuk dirinya setelah mencicipi pesanan saya.","Bojoku sudah tidak terlalu suka dengan ramen, untuk sekarang deknen mengomong kalau enak dan gurih. Dekn malah makan lagi untuk teman setelah mencicipi pesanan saya.",0.9277867674827576
Panggone nyaman. Rasane enak. Regane uga saat. Weduse ora prengus. Pokoke cocok kanggo wong sing seneng njajan wedus.,Tempatnya nyaman. Rasanya enak. Harganya juga saat. Kambingnya tidak bau. Pokoknya recomend buat pecinta kuliner kambing.,Tempatnya nyaman. Rasanya enak. Harganya juga saat. Wedus tidak terlalu mahal. Pokoknya cocok untuk orang yang suka makan wedus.,0.9433948397636414
"Salah siji restoran panganan laut paling apik ing kota iki. Apike teka pas preinan dina setu, yuyu isih apik lagi teka. Rega kompetitif, ora murah pancen nanging ora kelarangen kok.","Salah satu restoran seafood terbaik di kota ini. Sebaiknya datang pas liburan hari sabtu, kepiting masih bagus baru datang. Harga bersaing, tidak murah memang tapi tidak kemahalan kok.","Salah satu restoran makanan laut paling apik di kota ini. Apike datang sebelum pagi hari, yuyu sudah bagus lagi datang. Harga kompetitif, tidak murah memang tapi tidak mahal kok.",0.9270971417427063
"Kanggo nggolek batagor sing asli, kowe ora perlu adoh-adoh nggoleke marang pelosok, cukup arahke kendaraan marang dalan saka djunjunan, dhewe isa nikmati batagor asli sing enak kanthi panggonan sing kapenak. Rasa batagor sing ditawakake ngugah salira tenan amarga batagor disajikake garing-garinge lan diguyang kuwah kacang sing seger","Untuk menemukan batagor yang otentik, anda tak perlu jauh-jauh mencarinya ke pelosok, cukup arahkan kendaraan ke jalan dari djunjunan, kita dapat menikmati batagor asli yang enak dengan tempat yang nyaman. Rasa batagor yang ditawarkan sangat menggugah selera karena batagor disajikan garing-garingnya serta disiram kuah kacang yang segar","Untuk cari batagor yang asli, kamu tidak perlu jauh-jauh ke pelosok, cukup arah kendaraan ke jalan dari djunjunan, anda bisa menikmati batagore yang sangat enak dengan tempat yang bagus. Rasa Batagor ini ditawarkan membuat salira banget karena batagar disajikan garing-garingnya dan diguyang kuat kacang yang sejuk.",0.9384923577308655
"Citarasane biasa wae, ora ana sek spesial. Kudune ngenteni cukup suwi nganti teka panganane, pelayane uga kurang grapyak.","Citarasa biasa saja, tidak ada yang spesial. Harus menunggu cukup lama datangnya makanan, pelayan juga kurang ramah.","Citarasan biasa saja, tidak ada sek spesial. Tempatnya cukup lama sampai datang makanan, pelayan juga kurang grapyak.",0.9369024038314819
Roti ulang tahune spesial nganggo ndhog sakpiring ditambah mozzarella kanggo kowe,Kue ulang tahun spesial pakai telur sepiring plus mozzarella buat kamu,Roti ulang tahunnya spesial dengan tambahan mozzarella untuk kamu,0.9079861640930176
Arep nesu marang indosat! Kok sinyale ilang terus si,Mau marah ke indosat! Kok sinyalnya hilang melulu si,Rasanya marah kepada indosat! Kok sinyal hilang terus si,0.9301239848136902
"Omah mangan sing ngusung konsep tradisional alias jadul iki pantes kowe coba. Kejaba rasane sing pas, warung iki duweni sawetara perkara unik kaya piring sing dienggo yaiku piring seng jaman mbiyen karo gelas ombeane. Jenis menune aneka werna banget. Lan sakkabehe enak enak!","Rumah makan yang mengusung konsep tradisional alias jadul ini patut anda coba. Selain rasanya yang pas, warung ini memiliki beberapa hal unik seperti piring yang digunakan adalah piring seng zaman dahulu berikut gelas minumnya. Jenis menunya sangat beragam. Dan semuanya enak enak!","Omah makan yang mengusung konsep tradisional alias jadul ini patut dicoba. Selain rasa yang pas, warung ini mempunyai beberapa perkara unik seperti piring seng zaman dulu dengan gelas minumannya, jenis minumannya aneka warna. Dan makanannya juga enak banget!",0.9550455212593079
Kfc Palembang Square kerep dadi peyelamat pas luwe pas aku nginep ning sekitar hotel ning lokasi iku. Kabeh wong seneng kfc. Dadi. Kfc ning lokasi iki nyepetne sampeyan dinggo pesen pas sampeyan keluwen ning jero hotel.,Kfc Palembang Square seringkali menjadi penyelamat di saat lapar saat saya menginap di sekitaran hotel di lokasi itu. Semua orang suka kfc. So. Kfc di lokasi ini menyegerakan anda untuk memesan saat anda kelaparan di dalam hotel.,Kfc Palembang Square sering jadi peyelamat pas hujan pas saya pergi ke luar hotel di lokasi itu. Banyak orang suka kfc. Jadi. KFC di Lokasi ini membuat saya memesan pas kamu keluar di dalam hotel.,0.9331248998641968
Aneka werna ombean seger kasadia awit saka jus buah nganti rena-rena teh.,Berbagai macam minuman segar tersedia mulai dari jus buah sampai aneka teh.,Aneka warna obat segar kasadia dari jus buah sampai rena-rena teh.,0.9016000032424927
"Dekwingi 10 Maret 2015, aku dijak anakku mangan awan ning kene. Aku pesen urang kremes lan jangan asem. Bener-bener enak. Lan sing spesial ning kene yaiku sambele, pedes nanging pancet gelem nambah. Jus blackberryne uga enak.","Kemarin 10 Maret 2015, saya diajak anak saya makan siang di sini. Saya pesan udang kremes dan sayur asam. Betul-betul enak. Dan yang spesial di sini adalah sambalnya, pedas tapi tetap mau menambah. Jus blackberrynya juga enak.","Bulan ini 10 Maret 2015, saya datang ke sini. Saya pesan urang kremes dan jangan asem. Benar-benar enak. Dan yang spesial di sini adalah sambala, pedas tapi memang sudah menambahkan. Jus blackberrynya juga bagus.",0.935238778591156
Ndhuwe restoran kudu mewah rapi mosok iki lumuten jamuren pelayane kurang muasake mosok aku ditumpahi banyu sek ombeyane ana madune aku iki alergi madu,Punya restoran harus mewah rapi masa ini berlumut berjamur pelayan kurang memuaskan masa saya ditumpahkan air mana minumnya ada madu saya itu alergi madu,Ndhuwe restoran kudu mewah rapi mosok ini lumutkan jamur pelayan kurang muasnya karena saya menumpahi banyu sek ombeyanya ada madunya saya ini alergi madu,0.9024730920791626
"Aku nembe bae ganti kartu sing rusak, nanging tetep ora ana sinyal.","Saya baru saja ganti kartu yang rusak, tapi tetap tidak ada sinyal.","Aku sudah ganti kartu yang rusak, tapi tetap tidak ada sinyal.",0.9775283932685852
Adohi narkoba yaiku salah siji cara sing isa digunakake kanggo ningkatake kualitas anak bangsa.,Jauhi narkoba adalah salah satu cara yang bisa digunakan untuk meningkatkan kualitas anak bangsa.,Adohi narkoba adalah salah satu cara yang bisa digunakan untuk meningkatkan kualitas anak bangsa.,0.9814147353172302
"Kafe iki ndhuweni arsitektur bangunan kang apik banget. Amarga penasaran, aku njupuk wektu muteri karo ngenteni panganan teka. Ana galeri sing kebak karo koleksi-koleksi kayu lan ing njaba galeri, katon pemandangan bandung saka ndhuwur. Ing sakitare uga akeh kursi kang digawe saka kayu lan uga watu-watu. Saka panganane, regane kalebu lumayan standar cocok karo kafe-kafe. Aku seneng suasanane.","Kafe ini memiliki arsitektur bangunan yang sangat bagus. Karena penasaran, saya meluangkan waktu berkeliling sembari menunggu makanan datang. Ada galeri yang penuh dengan koleksi-koleksi kayu dan di luar galeri, tampak pemandangan bandung dari ketinggian. Di sekitar banyak juga kursi terbuat dari kayu dan juga bebatuan. Dari sisi makanan, harganya termasuk relatif standar sesuai dengan cafe-cafe. Saya suka suasananya.","Kafe ini mempunyai arsitektur bangunan yang bagus. Karena penasaran, saya memesan makanan ke sini. Ada galeri yang penuh dengan koleksi-koleksi kayu dan di dalam galeri, terlihat pemandangan bandung dari atas. Di luar galeri juga banyak kursi yang dibuat dari batu dan juga watu-watu. Dari tempatnya, harganya lumayan standar cocok dengan kafe-kafe. Saya suka suasananya.",0.9531617164611816
"Nganggoa kunci duplikat, bank bri ing tengah kutha dibobol maling, dhuwit rp 1 miliar muspra.","Gunakan kunci duplikat, bank bri di pusat kota dibobol maling, uang rp 1 miliar lenyap.","Nganggoa kunci duplikat, bank bri di tengah kota dibobol maling, harga rp 1 miliar muspra.",0.9506147503852844
"Mbengi sekitar jam pituan dijak pelanggan marang panggonan mangan iki, umume sih panganane luwih akeh sek di goreng-goreng ngono kaya pithik, babat, usus, ati ampela, nanging miturutku sih rasane biasa wae, lan minyake ing panganan akeh banget. Nanging variane cukup akeh:","Malam sekitar jam tujuan diajak klien ke tempat makan ini, over all sih makanannya lebih banyak yang di goreng-goreng begitu kayak ayam, babat, usus, ati ampela, tapi menurut saya sih rasanya biasa saja, dan minyaknya di makanan terlalu banyak. Tapi variannya cukup banyak:","Rasanya biasa saja, dan minyaknya di makanan banyak sekali. Namun variasinya cukup banyak:",0.8873387575149536
"Hai angga, dingge penerbitan tiket owahan jadwal kudu nglakokne pembayaran disik ya.","Hai angga, untuk penerbitan tiket perubahan jadwal diharuskan melakukan pembayaran dulu ya.","Hai angga, dalam penerbitan tiket owahan jadwal harus melakukan pembayaran disik ya.",0.9376189112663269
Masku dodol iphone 8 kanggo tuku ps5,Kakak lelaki saya menjual iphone 8 untuk membeli ps5,Untuk tujuan jualan 5,0.8353938460350037
Aku mbela-mbelani saka bogor 7 jam kanggo mangan sup buntute nanging aku enteni saka jam 8.30 hurung buka uga. Akhire aku teka jam 10.00. Pesen sup buntute hurung ana kanthi alesan mau mbengi rame dadi kokine isih kesel. Wow alesan macem apa kaya kuwi? Beda tenan wektu aku mangan 1 taun kepungkur ya. Panggonane reged tenan kaya ora niat ndhuwe usaha.,Saya bela-belain dari bogor 7 jam demi makan sup buntutnya tetapi saya tunggu dari jam 8.30 belum buka juga. Akhirnya saya datang jam 10.00. Pesan sup buntut belum ada dengan alasan tadi malam ramai jadi chefnya masih tepar. Wow alasan macam apa seperti itu? Beda sekali waktu saya makan 1 tahun yang lalu ya. Tempat sangat kotor seperti tidak niat punya usaha.,Aku pulang dari bogor 7 jam untuk makan sup buntute tapi saya datang dari jam 8.30 hurung buka juga. Akhirnya saya sampai jam 10.00. Pesen sup bunute buka dengan alesan itu sudah penuh. Wow alasan macem apa sih? Beda sekali saat saya makan 1 tahun lalu ya.Tempatnya bersih sekali seperti tidak niat membuat usaha.,0.9249624013900757
"Kanggo ngecek layanan mandiri verified by visa vbv ora isa lewat layanan mandiri call 14000, nanging mung isa lewat email lan kantor cabang bank mandiri.","Untuk pengecekan layanan mandiri verified by visa vbv tidak dapat melalui layanan mandiri call 14000, namun hanya bisa melalui email dan kantor cabang bank mandiri.",Kanggo mengecek layanan mandiri verified by visa vbv tidak bisa melalui email dan kantor cabang bank manadiri.,0.9404460191726685
"Kudu njajal nggo nyantai utawa mangan mbengi nang 18th iki, pemandangan sek katon ki apik lan sek dadi daya tarik nang 18th yaiku ndue mester kaca. Regane lumayan larang amarga panggonane ana ing trans hotel, namung unda-undi karo rasa kepenake.","Harus coba untuk bersantai atau makan malam di the 18th ini, pemandangan yang didapat baik dan yang menjadi daya tarik di the 18th terdapat lantai kaca. Untuk harga cukup tergolong mahal karena terletak di trans hotel, tetapi sebanding dengan rasa kenyamanannya.","Kudu pergi ke sini untuk santai atau makan malam di 18th ini, pemandangan yang sangat bagus dan menjadi daya tarik di 19th adalah memiliki mester kaca. Harga lumayan mahal karena tempatnya berada di trans hotel, hanya unda-undi dengan rasa kepenak.",0.9257943034172058
Salah siji mal nganggo konsep sing lumayan unik. Akeh pilihan restoran dadi cocok dingge ngentekne wektu bareng kanca-kanca.,Salah satu mal dengan konsep yang cukup unik. Banyak pilihan restoran sehingga cocok untuk menghabiskan waktu bersama teman-teman.,Salah satu mal dengan konsep yang lumayan unik. Banyak pilihan restoran jadi cocok untuk menghabiskan waktu bersama keluarga.,0.9790052175521851
"Lokasine ana ing dalam utama dadi gampang dhewe kanggo tekan panggonane, yen ora nduwe kendaraan dhewe iki bisa ditekani kanggo kendaraan umum. Menu panganane akeh tenan lan ana pirang-pirang menu sing anyar pisanan aku nemu ing kedai iki, rasane enak kanggo rega sing standar, panggonane kapenak tenan.","Lokasinya berada di jalan utama sehingga memudahkan kami untuk mencapai tempatnya, jika tidak memiliki kendaraan pribadi tempat ini dapat dijangkau dengan kendaraan umum. Menu makanannya sangat banyak dan ada beberapa menu yang baru pertama kali saya temukan di kedai ini, rasanya pun enak dengan harga yang standar, tempatnya sangat nyaman.","Lokasinya berada di dalam utama jadi sangat mudah untuk sampai tempatnya, kalau tidak memiliki kendaraan sendiri ini bisa ditemui untuk kendara umum. Menu makanannya banyak dan ada banyak menu yang baru pertama kali saya cari di kedai ini, rasanya enak untuk harga yang standar, penginapan nyaman sekali.",0.9544576406478882
Panggonan iki ora cocok kanggo kaluwarga sing nggawa bayi. Dalanane curam tenan. Kanggo anjungan foto ing njaba mung entuk diisi  paling akeh 10 uwong nanging isih akeh sing meksa munggah kanggo foto.,Tempat ini tidak cocok untuk keluarga yang membawa anak balita. Jalanan sangat curam. Untuk anjungan foto di luar hanya boleh diisi max 10 orang tetapi masih banyak yang memaksa naik untuk berfoto.,Panggon ini tidak cocok untuk keluarga yang membawa bayi. Dalanannya curam banget. Untuk anjungan foto di luar hanya dapat diisi paling banyak 10 orang tapi masih banyak yang enggan ke foto.,0.950197160243988
"Panggonan iki salah sawijine panggonan favoritku kanggo ndhelok bogor ing dina mbengi, kanthi suwasanane sing kapenak dikancani karo panganan lan ombeane lan pelayanane sing grapyak. Cahya kutha sing tenan-tenan ayu isa kethok saka kene. Panggonan sing direkomendasikake kanggo ngentekake wektu bareng pasangan, kaluwarga utawa kanca raket.","Tempat ini salah satu tempat favourite saya untuk melihat bogor di malam hari, dengan suasananya yang nyaman ditemani dengan makanan dan minumannya serta pelayanannya yang ramah. Cahaya kota yang benar-benar indah bisa terlihat dari sini. Tempat yang rekomendasi untuk menghabiskan waktu bersama pasangan, keluarga atau sahabat.","Panggonan ini salah satu tempat favorit saya untuk menikmati bogor pada malam hari, dengan suasana yang nyaman ditemani dengan makanan dan minuman dan pelayanan yang bagus. Cahaya kota yang sangat indah bisa ke sini.Tempat yang direkomendasikan untuk menghabiskan waktu bersama pasangan, keluarga atau kawan raket.",0.9485419392585754
"Gela karo proses mbatalne tiket, wis 43 dina nanging ora ndang ditransfer. loket ora gelem ngelayani","Kecewa dengan proses pembatalan tiket, sudah 43 hari tapi tak kunjung ditransfer. loket tidak mau melayani","Gela dengan proses pembayaran tiket, sudah 43 hari tapi tidak langsung ditransfer. loket tidak mau ngelayani",0.9423016905784607
"Pilian mangan lan ngombene akeh kanggo dipilih. Lan panggone gede, dibagi dadi pirang-pirang bagian lan konsep. Lak rega cukupan pas kanggo ning sak.","Pilihan makan dan minuman banyak untuk dipilih. Dan tempatnya besar, dibagi menjadi beberapa bagian dan konsep. Untuk harga cukup pas buat di kantong.","Pilian makan dan makanannya banyak untuk dipilih. Dan tempat gede, dibagi menjadi beberapa bagian dan konsep. Harga cukup sesuai untuk semua.",0.9489861130714417
"Restoran gaya jaman bityen. Ana display kue-kue, es krim uga. Suwasanane nyaman. Panganan khas omahan. Isa dinggo rombongan utawa karo kaluwarga. Panganane enak. Sega ulame enak. Sega tutug oncome uga oke. Masakan eropa, asia, nusantara kasadia ning kene. Karek milih. Bocah-bocah seneng mangan es krime ning kene.","Restoran bergaya zaman dahulu. Ada display kue-kue, es krim juga. Suasana nyaman. Makanan khas rumahan. Bisa untuk rombongan maupun dengan keluarga. Makannya enak. Nasi ulamnya enak. Nasi tutug oncomnya juga oke. Masakan eropa, asia, nusantara tersedia di sini. Tinggal pilih. Anak-anak suka makan es krimnya di sini.","Restoran gaya jaman dahulu. Ada display yang-yang, es krim juga. Suasananya nyaman. Makanan khas omahan. Isa digunakan untuk keluarga atau bersama keluarga. Panganan enak. Sega ulama juga oke. Masakan eropa, asia, nusantara disajikan di sini.",0.9336291551589966
"Salah sijine jeneng batagor sing kondhang ing bandung. Rasane nikmat, kanggo rega per buwahe rp. 10 ewu. Pesen 3 buwah kanggo aku cukup maregi amarga ukuran per buwahe cukup gedhe.","Salah satu nama batagor yang terkenal di bandung. Rasanya nikmat, untuk harga per buahnya rp. 10 ribu. Order 3 buah untuk saya cukup mengenyangkan karena ukurannya per buahnya cukup besar.","Salah satu nama batagor yang kondhang di bandung. Rasannya nikmat, untuk harga per buwah rp. 10 ribu. Pesen 3 buwahan untuk saya cukup mahal karena ukuran per buwahe kurang besar.",0.9391394853591919
Tau percaya karo body lotion citra nggarai wulu tambah akeh,Pernah percaya kalau body lotion citra bikin bulu tambah banyak,Tolong percaya dengan body lotion citra membuat wajah tambah banyak,0.9358528256416321
Macet nang ngendi-ngendi yen lagi preinan.,Macet di mana-mana kalau lagi liburan,Mac ini sudah terpakai lagi,0.8445994257926941
"Tulung dikabarne kronologi lengkape, pulsa awit karo keri karo nyebutne tim ya mas/mbak, tim bakale ngecek transaksi penggaweane pulsane","Mohon informasikan detail kronologi, pulsa awal dan akhir dengan mention tim ya kak, tim akan cek transaksi pemakaian pulsanya","Tulung dikabarkan kronologi lengkap, pulsa awit dengan keri dengan menyebut tim ya mas/mbak, tim akan cek transaksi penggaweannya pulsanya",0.8888282179832458
"Area mangan ing njabane nyenengake. Igane oke, rasane enak. Jus jeruke ditambah stroberine nikmat. Regane uga oke.","Area makan di luarnya menyenangkan. Iganya oke, rasanya enak. Jus orange plus stroberinya nikmat. Harganya pun oke.","Rasanya oke, rasanya enak. Jus jeruk ditambah stroberine nikmat. Harga juga oke.",0.9295970797538757
Kanggo kowe sek nggolek resto kanthi suwasana sek romantis ora salah maneh uga moro mrene. Lan yen kurang kowe pas-pasan pesen wae menu sek entheng-entheng. Aja diapusi karo gambar ana ing buku menu yen ora pengen nyesel. Menu sukine luwih oke namung kayane ngapae ya adoh-adoh macet-macetan mara mrene mung nggolek kuwi. Ing kutha luwih afdol kayane. Pemandangane jogja mbengine nyekel.,Buat anda yang mencari resto dengan suasana yang romantis tidak salah lagi ke sini saja. Dan kalau rendah anda pas-pasan pesan saja menu yang ringan-ringan. Jangan terkecoh dengan picture di buku menu kalau tidak mau menyesal. Menu sukinya lebih oke tapi kayaknya ngapain ya jauh-jauh bermacet ria ke sini cuma mencari itu. Di kota lebih afdol kayaknya. Pemandangan jogja malamnya memegang.,Untuk anda yang ingin cari resto dengan suasana yang romantis tidak salah lagi pergi ke sini. Dan kalau kurang kalian pas-pasan pesan saja menu yang entheng-enteng. Jangan diapusi dengan gambar ada di buku menu jika tidak mau menyesal. Menu simpelnya lebih oke karena kenapa ya dekat-dekat macet-macetan sampai ke sana cuma tunggu saja,0.9128532409667969
Rasane meh pada karo resto sing liyane sing dodolan iwak laut. Aman resik lan pelayanane cepet,Rasanya hampir sama dengan resto yang lain yang jualan seafood. Aman bersih dan pelayanannya cepat.,Rasannya hampir sama resto yang dodolan ikan laut. Aman resik dan pelayanan cepat,0.9209805130958557
Hasil itung cepet dinyatakne seje karo hasil survei nggarai aku nggumun.,Hasil quick count dinyatakan berbeda dengan hasil survei membuat saya bertanya-tanya.,Hasil itu cepat dinyatak sejauh dengan hasil survei memberi saya gumun.,0.8926875591278076
"Kapisan marang mrene kuwi ngerayakake kelulusan adikku, panggonane kuwi loh, apik tenan. Desaine uga unik, apik, kapenak, kapenak, cocok tenan kanggo mangan mbengi bareng kaluwarga, pasangan, sedulur, lan kanca-kanca, pemandangane uga apik, panganane uga enak-enak. Regane sebanding karo pelayanane, ora gela marang mrene. Bener-bener direkomendasikake.","Pertama ke sini itu merayakan kelulusan adikku, tempatnya itu loh, keren banget. Desainnya juga unik, keren, nyaman, nyaman, cocok betul untuk makan malam bareng keluarga, pasangan, saudara, dan teman-teman, pemandangannya juga keren, makanannya juga enak-enak. Harga sebanding dengan pelayanannya, tidak menyesal ke sini. Sangat-sangat direkomendasikan.","Kapisan ke sini adalah untuk merayakan kelulusan adik saya, tempat ini loh, bagus, bersih, dan nyaman, cocok untuk makan malam bersama keluarga, pasangan, sahabat, kawan-kawan, pemandangannya juga indah, harganya sebanding dengan pelayanan, tidak gela ke sana. Benar-benar direkomendasikan.",0.9373024702072144
"Kabisan ngerteni woconan mben uwong kuwi seje-seje, ana sing pisan moco langsung ngerti, ana uga sing butuh ping bolak-balik moco disik lagek ngerti.","Kemampuan memahami bacaan tiap orang itu beda-beda, ada yang sekali baca sudah paham, ada juga yang butuh berkali-kali baca dulu baru paham.","Kabisan mengerti wocon mben orang itu seju-juju, ada yang sudah moco langsung ngerti.",0.8529573678970337
Wow tenan kaget karo layanan satuan pengamanane bkpn bromo malang. Tenan diskriminasi banget. Yen aku mung pengen informasi babagan produke deknen. Dhewe diremehake. Cenderung ngusir. Kuciwa tenan!,Wow benar-benar terkejut sama layanan satuan pengamanannya bkpn bromo malang. Benar diskriminasi banget. Kalau kita hanya mau informasi tentang produk mereka. Kita disepelekan. Cenderung mengusir. Kecewa sekali!,Wow tenan kaget dengan layanan satuan pengamanan bkpn bromo malang. Tenan diskriminasi banget. Kalau saya hanya ingin informasi tentang produknya deknen. Kami diremehake. Cenderung ngusir. Kuciwa sekali!,0.9378278255462646
"Bandung terkenal dadi panggon produksi tahu lokal karo kuwalitas apik, salah siji sing paling apik isa digoleki ning warung talaga. Deweke nduwe pabrik dewe ning dalan Jendral sudirman, nanging ngembangne bisnise dadi sajian kuliner uga. Ana rena-rena pilihan sajian tahu. Direkomendasikne banget dinggo pecinta kuliner.","Bandung terkenal sebagai tempat produksi tahu lokal dengan kualitas prima, salah satu yang terbaik bisa dicari di warung talaga. Mereka punya pabrik sendiri di jalan Jendral sudirman, tapi mengembangkan bisnisnya menjadi sajian kuliner juga. Ada berbagai pilihan sajian tahu. Sangat direkomendasikan bagi pecinta kuliner.","Tempatnya terkenal sebagai tempat produksi tahu lokal dengan kuwalitas bagus, salah satu yang paling apik bisa dicoba di warung talaga. Mereka mempunyai pabrik sendiri di jalan Jendral sudirman, tapi membuat bisnisnya jadi sajian kuliner juga. Ada banyak pilihan makanan tahu. Direkomendasikan banget buat pecinta kulinari.",0.961905300617218
Tulung dikirimke meneh tagihanku sasi wingi,Mohon dikirimkan kembali tagihan saya bulan lalu,Tulung dikirimkan meneh tagihan saya minggu lalu,0.927454948425293
"Salah siji menu paling tak senengi iku mcflurry rena-rena rasa liyane paket karo iwak pitik loro. Rumangsaku, pitike mcd nduwe citarasa dewe ning bagian dodone yo teksture alus lan bumbune gurih.","Salah satu menu favorit saya adalah mcflurry aneka rasa selain menu paket dengan dua ayam. Menurut saya, ayam mcd memiliki citarasa tersendiri di bagian dadanya pun memiliki tekstur yang lembut dan bumbunya gurih.","Salah satu menu paling saya suka adalah mcflurry rena-rena rasa lain paket dengan ayam pitik tiga. Rumangsa saya, ayamnya mcd mempunyai citarasa dewasa di bagian dodon adalah teksture alus dan bumbunya gurih.",0.9274915456771851
Aku ngrasa kaganggu ndelok parkiran mobil uwong nutupi dalan umum.,Saya merasa terganggu melihat parkiran mobil orang menutupi jalan umum.,Aku merasa ganggu melihat parkiran mobil uwong tutup jalan umum,0.9442020058631897
"Satene gedi-gedi. Bumbune dipisah. Diwehi rajangan brambang lan lombok riwit didang, porsi lontong karo segane uga pas. Pokoke aku seneng.","Satenya besar-besar. Bumbunya dipisah. Dikasih irisan bawang merah dan cabe rawit dikukus, porsi lontong sama nasinya juga pas. Pokoknya saya suka.","Satene sangat indah. Bumbunnya dipisah. Dikasih rajangan brambang dan lombok riwit didang, porsi lontong dengan makanan juga pas. Pokoknya saya suka.",0.928737223148346
"Yen didelok-delok, sandiaga uno karo nadiem makarim mirip yo","Kalau dilihat-lihat, sandiaga uno sama nadiem makarim mirip ya",Kalau ditanya soal sandiaga,0.8504112362861633
Sugeng enjang. Wah kuciwa tenan mosok indihome internet ora kocek maneh. Aku kuwi mbayar larang. Aja nguciwakake dhewe sing dadi pelanggan,Selamat pagi. Wah kecewa berat masa indihome internet tidak kocek lagi. Saya itu bayar mahal. Jangan kecewakan kami sebagai pelanggan,Suasana siang. Wah kuciwa sekali mosok indihome internet tidak kocek lagi. Aku itu mbayar mahal. Jangan ragukan saya yang jadi pelanggan,0.9258397221565247
"Sopir ora teka ing panggonan kang dituju, nanging ing aplikasi wis picu munggah, lan gopay wis kapotong, kapok aku nganggi gojek","Driver tidak datang ke tempat tujuan, tetapi di aplikasi sudah picu naik, dan gopay sudah terpotong, kapok saya pakai gojek","Sopir tidak datang di tempat yang dituju, tapi di aplikasi sudah picu masuk, dan gopay juga habis, kalau saya pergi gojek",0.9415673017501831
"Panganan ning kene menurutku kurang enak ya, merga aku wong minang, aku ora tek seneng pangana  jawa sing legi hehe","Makanan di sini menurut saya kurang enak ya, karena saya orang minang, saya tidak terlalu suka makanan jawa yang manis hehe","Panganan di sini menurut saya kurang enak ya, karena saya orang minang, saya tidak suka makanan jawa yang legi hehe",0.9794022440910339
"Pajak, kak, arep njaluk nomor efin, sakdurunge wis aktifasi, namung lali password akun djponline,","Pajak, kak, mau minta nomor efin, sebelumnya sudah aktifasi, tapi lupa password akun djponline,","Pajak, kak, mau pesan nomor efin, sebelum sudah aktif, namun lupa password akun djponline,",0.9775072336196899
Musim udan kaya iki saban udan mesthi ora tenang wedi kabanjiran.,Musim hujan begini setiap hujan pasti tidak tenang takut kebanjiran.,Musim udan kaya saban udang selalu tidak tenang wedi kebanjiran.,0.8966695666313171
Sate wedus H. Ihsan iki cukop terkenal ning tegal. Lak ora iso marani panggon ning pusate. Sampeyan isa uga nemokne sate wedus H Ihsan ning pirang-pirang panggon mangan ning kutha tegal.,Sate kambing H. Ihsan ini cukup terkenal di tegal. Apabila tidak bisa mengunjungi lokasi di pusatnya. Anda bisa juga menemukan sate kambing H Ihsan di beberapa tempat makan di kota tegal.,Sate wedus H. Ihsan cukop terkenal di tegal. Tidak bisa menemui tempat di pusat. Anda bisa melihat sate hujan H Ihasan di banyak tempat makan di kutha terdekat.,0.9402600526809692
"Saka okehe restoran sunda ing Bandung, miturutku Ciganea salah siji favoritku. Aku seneng amarga pithike khas, digorenge ora patio garing. Terus sambele uga ora kalah enak. Menu sing liya uga enak. Panggonane kaya omah, ora patio gedhe nanging cukuplah, lan uga resik.","Dari banyaknya restoran sunda di Bandung, menurut saya Ciganea salah satu favorit saya. Saya suka karena ayamnya khas, digorengnya tidak terlalu kering. Lalu sambalnya pun tidak kalah enak. Menu yang lain pun enak. Tempatnya seperti rumah, tidak terlalu besar tapi cukuplah, dan juga bersih.","Selain okenya restoran sunda di Bandung, menurut saya Ciganea salah satu favorit saya. Saya suka karena pithike khas, digorangnya tidak patio besar tapi cukuplah, dan juga bersih.",0.9231728911399841
"Hotel iki uwes ngadeg saka telung puluh tahun sing kapungkur, sakdurunge aku lair. Panginepan kapisan ning kota iki. Saiki uwis akeh ngadeg hotel ning kene.","Hotel ini sudah berdiri sejak tiga puluh tahun yang lalu, sebelum saya lahir. Penginapan pertama di kota ini. Sekarang sudah banyak berdiri hotel di sini.","Hotel ini sudah terbentuk dari sembilan puluh tahun yang lalu, sebelum saya lair. Tempat pertama di kota ini. Sudah banyak hotel di sini.",0.9632857441902161
"Panganan ning kene pada kaya kfc liyane. Pithik gorenge krispi, gurih, lan enak.","Makanan di sini sama seperti kfc lainnya. Ayam gorengnya crispy, gurih dan enak","Panganan di sini pada sama kfc lain. Pithik goreng krispi, gurih, dan enak.",0.93541419506073
"Piye ora nesu ora, kena php indosat terus kie. Pulsane kepotong ludes ora ana turahe.","Bagaimana tidak marah coba, kena php indosat terus nih. Pulsa selalu terpotong ludes tak tersisa.","Piye tidak nesu tidak, kena php indosat terus saja. Pulsanya kepotong ludes tidak ada turah.",0.9201753735542297
"Pelayanane batik air bisnis class ing halim nguciwakake, gelas reged / mambu, tv ora ana nganggo alesan pesawat anyar, aling methuk saka medhuk pesawat diilangake","Pelayanan batik air bisnis class di halim mengecewakan, gelas kotor / bau, tv tidak ada dengan alasan pesawat baru, penjemputan dari turun pesawat dihilangkan","Pelayanan batik air bisnis class di halim nguciwakakan, gelas reged / mambu, tv tidak ada untuk alesan pesawat anyar, aling methuk dari medhut pesaat dikurangi",0.8946592211723328
Ngganggo laurier dobel pas arep turu pas menstruasi ben ora bocor,Pakai laurier double pas mau tidur saat menstruasi biar tidak bocor,Ngganggo air terjun pas harus tidur pas tidak bisa tidur,0.8428390622138977
"Panggon mangane sederhana banget, nanging rasane juara. Komposisi bumbu kacange pas lan porsine ora tek akeh. Pengunjung sing teka rame banget.","Tempat makannya sangat sederhana, namun rasanya juara. Komposisi bumbu kacangnya pas dan porsinya tidak terlalu besar. Pengunjung yang datang sangat ramai.","Panggon manganya sederhana banget, tapi rasanya juara. Komposisi bumbu kacang pas dan porsinya tidak terlalu banyak. Pengunjung yang datang ramai sekali.",0.9671507477760315
"Panggonan lan arsitektur panggonan iki oke banget, mung yen panganane lan ombeane ing kene ora patia maer. Enak kanggo mateni bareng kanca-kanca.","Lokasi dan arsitektur tempat ini oke banget, cuma kalau makanan dan minuman di sini tidak terlalu istimewa. Enak buat bunuh bareng teman-teman.","Panggon dan arsitektur tempatnya oke banget, hanya makanan dan minuman di sini tidak patia maer. Enak untuk makan bersama keluarga.",0.9301436543464661
Rasa panganan biasa ae lan suasanane ora istimewa dadi pisan ketekan wis cukup.,Rasa makanan biasa saja dan suasana tidak istimewa sehingga sekali kedatangan sudah cukup.,Rasa makanan biasa saja dan suasanan tidak istimewa jadi sangat cukup.,0.9493679404258728
Sing nglarang GBK didadekake panggonan konser pada songong-songong banget dah. Suket ning lapangan sapa sing pengin ngopeni yen ora ana duwit konser. Urung meneh kursi sing seneng dirusak supporter bal. Aduh.,Yang melarang GBK dijadikan venue konser pada songong-songong amat dah. Rumput di lapangan siapa yang mau pelihara kalau tidak ada duit konser. Belum lagi kursi yang suka dirusak supporter bola. Aduh.,Sing menglarang GBK duduk di tempat konser pada songong-songong banget dah. Suasana di lapangan apa yang ingin open kalau tidak ada duwit konser. Jangan lagi kursi yang suka dirusak supporter bal. Aduh.,0.9217252731323242
Gendeng ya. Pesen mix platter ae sampek luwih saka 30 menit. Takon nyang pelayane malah minggat. Ora responsif. Suwi.,Gila ya. Pesan mix platter saja sampai lebih dari 30 menit. Bertanya ke pelayannya malah kabur. Tidak responsif. Lama.,Rasanya ya. Pesen mix platter ae sampai lebih dari 30 menit. Takon ke pelayan malah marah. Tidak responsif. Suasana.,0.9350743293762207
"Pas jenuh karo oleh oleh khas bandung sing wis ana, dadi roti bakar tunggal isa dadi pilihan. Aku kerep tuku roti marie sing dibakar karo rasa sing enaakk, uga roti bakar karo rasa keju utawa coklate. Biasane aku tuku ning konter roti bakar tunggal ning paskal hyper square. Regane ancen rodok larang, nanging rumangsaku meh podo karo panganan oleh-oleh. Dadi ya ora isa uga diomongne larang. Lan toh rasane enak.","Saat jenuh dengan oleh oleh khas bandung yang sudah ada, maka roti bakar tunggal bisa menjadi pilihan. Saya sering beli roti marie yang dibakar dengan rasa yang yuummy, juga roti bakar dengan rasa keju atau coklatnya. Biasanya saya beli di counter roti bakar tunggal di paskal hyper square. Harganya memang agak mahal, tapi saya rasa hampir sama dengan makanan oleh-oleh. Jadi ya tidak bisa juga dibilang mahal. Dan toh rasanya enak.","Pas jenuh dengan oleh-oleh khas bandung yang sudah ada, jadi roti bakar tunggal bisa jadi pilihan. Saya sering beli roti marie yang dibakar dengan rasa yang enaakk, juga rotibakar tanpa rasa keju atau coklatnya. Biasannya saya beli di konter sandwich di paskal hyper square. Harganya pun agak mahal, tapi rasanya enak.",0.9513031840324402
"Lunga bareng kaluwarga mangan mbengi, regane larang kanthi rasa sing biasa bae.","Pergi bersama keluarga makan malam, harganya mahal dengan rasa yang biasa saja.","Lunga bersama keluarga makan malam, harganya mahal dengan rasa yang biasa saja",0.965882420539856
"Sugeng siang, biaya administrasi rek simpedes tp 5.500, - / sasi. Maturnuwun era","Selamat siang, biaya administrasi rek simpedes rp 5.500, - / bulan. Terima kasih era","Suasana siang, biaya administrasi akan simpedes tp 5.500, - / sasi. Terima kasih.",0.9356449842453003
"Panggonan kapenak lan enak, kala-kala didadekake panggonan foto pre-wedding","Tempat nyaman dan enak, kadang dijadikan tempat foto pre-wedding","Panggon nyaman dan enak, kala-kala dilihat tempat foto pre-wedding",0.93833327293396
"Pelayanane apik banget, lan muasne saka segi panggon, apik banget isa ndelok pemandangan kutha pas wengi saka segi panganan, apik pol! Panganane enak banget ora nyesel ngge mara rene.","Pelayanannya sangat bagus, sangat memuaskan dari segi tempat, indah sekali bisa melihat pemandangan kota di malam hari dari segi makanan, terbaik! Makanannya enak sekali tidak menyesal untuk datang ke sini.","Pelayanan bagus banget, dan luasnya dari segi tempat, bagus sekali bisa melihat pemandangan kota pada malam hari, apik pol! Makanannya enak sangat tidak menyesal datang ke sini.",0.9618484973907471
Arif tuku jaket billabong sek paling anyar,Arif membeli jaket billabong yang terbaru,Arif beli jaket billabong sek paling baru,0.9377131462097168
"Warung mangan sing uwis teka wiwit suwi lan uwis dadi kaya legenda kayane saiki uwis buka cabang. Terkenal amarga konsisteni rasa -ne uwis pirang-pirang tahun, sanadyan bangunan asli uwis dibongkar nanging kaasliane tetep dijaga lan tetep engel parkir. Sawetara wektu kepungkur ana setithik pangowahan nalika ibu chef utama uwis ora ketok maneh.","Warung makan yang telah hadir sejak lama dan telah menjadi semacam legenda, mungkin sekarang sudah buka cabang. Terkenal karena konsistensi rasa -nya selama bertahun-tahun, meskipun bangunan asli telah dipugar tetapi keaslian masih tetap dijaga dan tetap susah parkir. Beberapa waktu terakhir ada sedikit perubahan ketika ibu chef utama sudah tidak terlihat lagi.","Warung makan yang sudah datang sejak dulu dan telah jadi seperti legenda yang sekarang. Terkenal karena konsistensi rasa -nya terlalu banyak tahun, walaupun bangunan asli tidak dibongkar tapi kualitasnya tetap terjaga dan tetep engel parkir. Beberapa hari lalu ada sebanyak gantian setelah ibu chef utama tidak kembali lagi.",0.9290961623191833
Menehi bantuan nyang korban bencana dinggo pencitraan percuma. Apameneh dinggo publikasi. Sepurane banget. Muak aku.,Memberikan bantuan ke korban bencana untuk pencitraan percuma. Apalagi untuk publikasi. Maaf banget. Muak saya.,Menehi bantuan untuk korban bencana untuk pencitraan percuma. Apalagi untuk publikasi. Sepurannya banget. Maknya saya.,0.9495344758033752
Rasa panganane biasa bae lan regane larang. Panggonane uga biasa. Lokasine ora patia adoh saka tengah kutha.,Rasa makanannya biasa saja dan harganya mahal. Tempatnya juga biasa. Lokasinya juga terlalu jauh dari pusat kota.,Rasa makanan biasa saja dan harganya mahal. Tempatnya juga biasa. Lokasi tidak terlalu jauh dari tengah kota.,0.9811111688613892
Dingge mara nyang panggon iki dalane macet banget lan adoh saka pusat kutha. Saktekane ning kana ora ana bab sing spesial sing nggarai perjalanan adoh kebayar. Menune biasa ae.,Untuk menuju ke tempat ini jalannya sangat macet dan jauh dari pusat kota. Sesampainya di sana tidak ada hal yang spesial yang membuat perjalanan jauh terbayarkan. Menunya biasa saja.,Kalau ke tempat ini jalannya macet banget dan jauh dari pusat kota. Setiap kali ke sini tidak ada bab yang spesial yang membuat perjalanan cepat kebayar. Harganya biasa saja.,0.9424479007720947
Rasa rotine enak. Variasi roti lan pacetane sing didol akeh. Rega standar. Paling seneng karo roti taware. Seneng.,Rasa rotinya enak. Variasi roti dan cemilan yang dijual banyak. Harga standar. Paling suka sama roti tawarnya. Suka.,Rasa rotinya enak. Variasi roti dan pacetan yang dijual banyak. Harga standar. Paling suka dengan roti taware. Seneng.,0.9604986906051636
"Deknen kuwi sapa sih? Kok isi beritane deknen kabeh, mbokane deknen mantan narapidana kae","Dia ini siapa sih? Kok isi berita dia semua, bukannya dia mantan narapidana itu","Rasanya itu sapa sih? Kok isi beritanya deknen semuanya, mboknya mantan narapidana saja",0.9178647398948669
"Pengin mangan karo nikmati suwasana paris? Ora usah adoh-adoh menyang prancis, cukup menyang paris van java alias bandung. Braga permai iki rekomendasi banget kanggo mangan karo santai-santai. Panganane enak, regane mlebu akal lan suwasanane kapenak banget apamaneh meja sing ning jaba. Mangan karo nikmati suwasana bandung jaman mbiyen.","Ingin makan sembari menikmati suasana paris? Enggak usah jauh-jauh ke prancis, cukup ke paris van java alias bandung. Braga permai ini rekomendasi banget buat makan sambil santai-santai. Makanannya enak, harganya masuk akal dan suasananya nyaman banget apalagi meja yang di luar. Makan sambil menikmati suasana bandung tempo dulu.","Kalau mau makan dengan nikmat suasana paris? Jangan usah jauh-jauh ke prancis, cukup ke paris van java atau bandung. Braga permai ini rekomendasi banget untuk makan bersama santai-santai. Makanannya enak, harganya terjangkau dan suhunya sangat nyaman.",0.9527831673622131
Yogyakarta iki ing saben pojokan dalan akeh hotel. Nanging eman. Kanggo kelas bintang 3 bae rega luwih larang kanthi pelayanan sing ora sepadan.,Yogyakarta ini di tiap sudut jalan banyak hotel. Tapi sayang. Untuk kelas bintang 3 saja harga lebih mahal dengan pelayanan tidak setara.,Yogyakarta ini di tiap pojokan jalan banyak hotel. Namun tidak. Kanggo kelas bintang 3 saja harga lebih mahal dengan pelayanan yang tidak sepadan.,0.9540585875511169
Bakmine enak. Ditambah daging rica2ne mantep banget. Rasane si pedes-pedes nanging nikmat. Mangan siji krasa kurang tah.,Bakminya enak. Ditambah daging rica2nya super mantap. Rasanya sih pedas-pedas tapi nikmat. Makan satu berasa kurang deh.,Bakmine enak. Ditambah daging rica2nya mantep banget. Rasanya si pedes-pedes tapi nikmat. Mangan siji rasa kurang tah.,0.9320019483566284
Aplikasi bni mobile banking tulung didandani soale arep aktivasi akun ora isa.,Aplikasi bni mobile banking mohon diperbaiki soalnya mau aktivasi akun tidak bisa.,Aplikasi bni mobile banking sudah dimodifikasi soale bisa aktivasi akun tidak bisa.,0.9418171048164368
Anti nganggo power bank wiwit handphone samsungku bocor bateraine sakbanjure dingokake kuwi.,Anti pakai power bank semenjak handphone samsung gue bocor baterenya setelah dipakaikan gituan.,Anti pakai power bank setelah handphone samsung saya bocor baterainya kemudian dingokan itu.,0.9373067617416382
"Botol uc1000 angel banget dibukake tah, marakna tangan lara","Botol uc1000 susah banget dibukanya dah, bikin tangan sakit","Botol uc1000 angel banget dibukit tah, marak tangan lara",0.89177405834198
"Nggolek suwasana nostalgia ing jogja, panggonan iki yaiku pilian sing pas! Menu panganane didominasi panganan-panganan sing kena pengaruh gaya panganan landa. Kasenenganku stik sirloin. Restoran iki uga ndhuweni toko roti kanthi pilian roti gaya jaman mbiyen.","Mencari suasana nostalgia di jogja, tempat ini adalah pilhan yang tepat! Menu makanan didominasi makanan-makanan yang dipengaruhi gaya makanan belanda. Favorit saya steak sirloin. Restoran ini juga memiliki toko roti dengan pilihan roti bergaya zaman dahulu.","Rasakan suasana nostalgia di jogja, tempat ini adalah pilian yang pas! Menu makanannya didominasi menu-menu yang kena pengaruh gaya makan landa. Kesenengan saya stik sirloin. Restoran ini mempunyai toko roti dengan pilihan roti gaya zaman dulu.",0.9473627805709839
Ketua dpr ngapresiasi pilkada barengan sing mlaku damai.,Ketua dpr mengapresiasi pilkada serentak yang berlangsung damai.,Ketua dpr mengapresiasi pilkada barengan yang mlaku damai.,0.9618539810180664
Ngurus gaji karyawan dhewe wae ora isa jare arep ngurus bumn. Mikir nganggo utek,Mengurus gaji karyawan sendiri saja tidak becus konon mau mengurus bumn. Mikir pake otak,Ngurus gaji karyawan saya saja tidak bisa jare akan mengurus bumn. Mikir dengan utek,0.9193503260612488
Ning indonesia pilihan merek telepon seluler kan melimpah. Lak ora seneng cara xiaomi nglakokne bisnise ya kari milih merek liya. Digawa santai wae.,Di indonesia pilihan merek telepon seluler kan melimpah. Kalau tidak suka cara xiaomi menjalankan bisnisnya ya tinggal pilih merek lain. Dibawa santai saja.,Yang indonesia pilihan merek telepon seluler kan melimpah. Kalau tidak suka cara xiaomi melakukan bisnisnya ya hanya milih merek lain. Dibawa santai saja.,0.9826793074607849
"Nate mangan ning poolside hotel hilton? Jan ora rekomendasi kanggo rasa lan rega. Panganane kurang rasane, aku nggawa 20 uwong, kabeh gela.","Pernah makan di poolside hotel hilton? Sangat tidak rekomendasi untuk rasa dan harga. Makanan kurang rasa, gue bawa 20 orang, semua kecewa.","Nate makan di poolside hotel hilton? Jan tidak rekomendasi untuk rasa dan harga. Makanan kurang rasanya, saya bawa 20 orang, semua gela.",0.9639440774917603
Panggonane unik. Karo mangan uga dimanjakake kaliyan panggonan sing sarwa unik. Akeh kayu kayu lan galerine. Kanggo bocah uga aja kuatir. Ana dolanan bocahe. Dadi mangan dadi luwih santai.,Tempatnya unik. Sambil makan juga dimanjakan dengan tempat yang serba unik. Banyak kayu kayu dan galerinya. Buat anak juga jangan kuatir. Ada mainan anaknya. Jadi makan jadi lebih santai,Panggona unik. Dengan makan juga dimanjakan dengan tempat yang sarwa unik,0.8953583836555481
"Yen marang rene aku mesthi pesen budin sambel roa. Budine digoreng dipasake karo sambel roa, enak. Panganan sing liyane uga enak nanging kanggo aku lan kaluwarga sing paling enak ing kene ya mangan budin karo ngombe kopi.","Kalau ke sini saya selalu pesan singkong sambal roa. Singkongnya digoreng dipadankan dengan sambal roa, enak. Makanan yang lainnya juga enak tetapi buat saya dan keluarga yang paling enak di sini ya makan singkong sambil minum kopi.","Kalau ke sini saya pasti pesan budin sambel roa. Budinya digoreng dipasake dengan sambal roa, enak. Panganan yang lain juga bagus tapi untuk saya dan keluarga yang paling nikmat di sini adalah makan budini dengan minum kopi.",0.9517117738723755
Telepone genggam eror pas kaping pisan diurupne,Telepon genggamnya eror pas pertama dinyalakan,Tempat duduk saya yang sudah terlalu lama,0.8242833614349365
Turu sing cukup saben dinane isa gawe awak ora kekeselen lan seger sawektu tangi ing dina esuk.,Tidur yang cukup tiap harinya bisa bikin badan tidak kecapekan dan segar ketika bangun di pagi hari.,Turu yang cukup tiap harinya bisa membuat badan tidak kecewa dan segar setiap malam hari.,0.9346737861633301
Restoran iki romantis tenan kanthi pemandangane sing apik tenan ing dina mbengi,Restoran ini sangat romantis dengan pemandangannya yang sangat indah di malam hari,Restoran romantis dengan pemandangan yang bagus di malam hari,0.9492307305335999
"Sugeng sonten ibu, bab produk perbankan mandiri apa sing entuk dhewe rewangi? Yogi","Selamat sore ibu, perihal produk perbankan bank mandiri apa yang dapat kami bantu? Yogi","Suasana sore ibu, bab produk perbankan mandiri apa yang dapat membuat saya rewangi? Yogi",0.9214048981666565
"Suwasanane ing panggonan iki luwar biasa tenan. Pas kuwi dhewe teka ing sore ameh wengi, lan etuk panggonan sing ngadep ning air terjun. Gemricik banyu grojogan lan suwasana desa nambah nikmat suwasana mangan wengi dhewe pas kuwi. Panganan disajekake kanthi gaya tradisional lan rasane cukup apik kanggo ilate dhewe.","Suasananya di tempat ini sungguh luar biasa. Ketika itu kami datang pada senja menjelang malam, dan mendapatkan ruang yang menghadap ke air terjun. Gemericik air terjun dan suasana pedesaan menambah nikmat suasana makan malam kami ketika itu. Makanan disajikan dengan gaya tradisional dan rasanya cukup menarik untuk lidah kami.",Suasana di tempat ini luwar biasa banget. Saat itu kami datang di sore hari dan pergi ke air terjun. Gemricik banyu grojogan dan suasana desa menambahkan nikmat makanan malam kami saat ini. Makanan disajikan dengan gaya tradisional dan rasanya cukup baik untuk ibadah kami.,0.9298692941665649
"Regane larang banget, padahal panganan sing didol panganan indonesia umume. Padahal kanggo nikmati panganan kaya ngene iki ing panggonan liyane adoh luwih murah. Sega goreng wae ing kene larang banget banget! Jengkel.","Harganya terlalu mahal, padahal makanan yang dijualkan makan indonesia umumnya. Padahal untuk menikmati makanan sejenis di tempat lain jauh lebih murah. Nasi goreng saja di sini mahal banget banget! Kesal.","Harganya mahal banget, padahal makanan yang didol pangan indonesia umumnya. Padahal untuk menikmati makan seperti ini di tempat lain jauh lebih murah. Sega goreng juga di sini mahal sekali! Jengkel.",0.9541900157928467
Ana ing akun mycare ku sek keblokir kuwi wis aku tambahake nomer im3 ku sek anyar,Dalam akun mycare saya yang terblokir tersebut sudah saya tambahkan nomer im3 saya yang baru,Anala di akun mycare saya sek keblokir itu sudah saya tambahkan nomer im3 saya sedang anyar,0.9202900528907776
120 peserta sing lulus iki bakale dibagi dadi 4 kelas karo jumlah masing masing 30 murid,120 peserta yang lulus ini akan dibagi menjadi 4 kelas dengan jumlah masing masing 30 siswa.,Jumlah 120 peserta yang lulus akan dibagi jadi 4 kelas dengan jumlah masing masing 30 murid,0.9724330902099609
"Apa iki, regane larang, pelayanane jan mines!","Apa ini, harga mahal, pelayanan minus!","Pada, harganya mahal, pelayanan janmines!",0.8987569212913513
Aku ketemu karo deknen ing asrama panggonan dhewe manggon nalika isih mahasiswa,Saya bertemu dengannya di asrama tempat kami tinggal semasa mahasiswa dulu,Aku ketemu dengan deknen di asrama tempat saya berada saat masih mahasiswa,0.9120705723762512
"Endi ki suwe banget konfirmasine? Iki uwis dibayar, uwis ngirimne bukti transfer, nanging e - tiket pancet ora metu? Aku gela, wegah digantung ngene.","Mana nih lama sekali konfirmasinya? Ini sudah dibayar, sudah mengirimkan bukti transfer, tetapi e - tiket tetap tidak keluar? Saya kecewa, tidak mau digantung begini.","Sekarang ini sudah banget konfirmasi? Ini baru dibayar, baru mengirimkan bukti transfer, tapi e - tiket pancet tidak datang? Saya marah, sedih digantung di sini.",0.9343870282173157
"Ndelok film indonesia ning tv iki, kadang nggarai pegel. Merga kayak-kayake indonesia ora ana masalah, merga kabeh lagi mlaku-mlaku ning luar negeri.","Menonton film indonesia di tv ini, kadang bikin jengkel. Karena seakan-seakan indonesia tidak ada masalah, karena semuanya lagi jalan-jalan di luar negeri.","Lihat film indonesia di tv ini, kadang terasa pegel. Karena kayak-kayak indonesia tidak ada masalah, tapi semua lagi jalan-jalan di luar negeri.",0.9563559889793396
"Dasare ora ngerti kahanan kowe! Sinau beladiri udu nggo disombongke! Nanging kanggo nglindhungi awake dhewe! Gurumu dantemi apa maneh uwong tuwamu! Dasar iblis kowe, nyawa dibayar nyawa! Kowe ndhuwe utang siji nyawa! Lan nyawamu sing dadi bayarane!?","Dasar tak tau diri kau! Belajar beladiri bukan untuk di sombongkan! Tapi untuk melindungi diri sendiri! Guru lu aja lu pukulin apalagi orang tua lo! Dasar iblis kau, nyawa di bayar nyawa! Lu punya hutang satu nyawa! Dan nyawa lo yang jadi bayarannya!?",Dasar tidak tahu keadaan kamu! Coba beladiri udu untuk disombongkan! Tapi untuk menyelamatkan diri sendiri! Gurumu dantemi apalagi orang tuwamu! Dasarnya tidak ngerti kenyataan saya! Saya punya utang seribu nyawa! Dan saya yang jadi bayarannya!?,0.9180910587310791
"Lak nyang mangkok iwak pitik mesti tuku kwetiaew sirame, lak didelok kayake sing sitik, nangis pas dipangan beh, akeh banget lak kanggo porsiku, kwetiaw sirame sik juara ning kene timbang nggon liya, tenan. Sambele uga sekeca banget karo seleraku.","Kalau ke mangkok ayam pasti beli kwetiaw siramnya, kalau dilihat seperti yang sedikit, tetapi pas dimakan beuh, banyak sekali kalau buat porsi saya, kwetiaw siramnya masih juara di sini dari pada di tempat lain, sungguh. Sambelnya juga sesuai banget sama selera saya.","Kalau ke mangkok ikan pitik mesti beli kwetiaw sirame, kalau didelok seperti yang sitik, menang pas dipangan beh, banyak banget lak untuk porsinya, ketika dipesan sudah banyak sekali untuk makanannya, kami juga secara cepat dengan seleraku.",0.8896006941795349
Atlet enom tanah air melu serpong run 2018 dinggo ajang nguji coba,Atlet muda tanah air ikuti serpong run 2018 untuk ajang uji coba,Atlet enom tanah air meluncur run 2018 untuk ajang ujicoba,0.9191350936889648
"Penting lan sebarno negriku sing wis lara, pas oknum aparat dadi keparat, sing pener disalahne lan sing salah dipenerne","Penting dan sebarkan negeriku yang sudah sakit, kala oknum aparat jadi keparat, yang benar disalahkan dan yang salah dibenarkan","Penting dan sebarkan negri saya yang sudah lara, setelah oknum aparat jadi keparat, yang benar disalahin dan yang salah dipenernya",0.9497146010398865
Bis harapan jawa adoh luwih kapenak dibanding sing liyane,Bus harapan jaya jauh lebih nyaman dibandingkan yang lainnya,Bis harapan jawa jauh lebih tenang dibanding yang lain,0.9506880044937134
Tinggalen ae lak awakmu pancene wis waleh karo pacarmu lan pacaran ora ana gunane kanggo awakmu.,Tinggalkanlah kalau kamu memang sudah bosan sama pacar mu dan pacaran tidak ada gunanya buat kamu.,Tinggalkan ae lak awakmu memang sudah kalah dengan pacarmu dan pacaran tidak ada gunanya untuk awak saya,0.9278936386108398
"Isih percoyo karo omongane? Dee sing nutup rapet-rapet bobroke sifate, dee uga sing mbukak tabir aibe.","Masih percaya sama omongannya? Dia yang menutup rapat-rapat kebobrokan sifatnya, dia juga yang membuka tabir aibnya.","Isih percoyo dengan omongan? Dee yang membuka rapi-rap bobroke sifatnya, dee juga yang buka tabir aib.",0.9114235043525696
"Kafe iki, nduwe pirang-pirang cemilan sing top banget, tahu ning lumboenk karo vulkano risols jenenge. Sensasine unik saka wujude karo rasane nggarai sir maneh si maneh, dinggo sing penasaran oleh njajal wis.","Kafe ini, punya beberapa cemilan yang top banget, tahu di lumboenk sama vulkano risols namanya. Sensasi unik dari tampilan sama rasanya bikin mau lagi mau lagi, bagi yang penasaran boleh dicoba deh.","Kafe ini, mempunyai banyak cemilan yang top banget, tahu di lumboenk dengan vulkano risols jenenge. Sensasi unik dari bentuk dan rasanya membuat sir kembali lagi, buat yang penasaran oleh pergi ke sini.",0.9497607350349426
2018 kpk nduweni tekad kanggo nuntaskae kasus e-ktp lan lbi.,2018 kpk bertekad menuntaskan kasus e-ktp dan blbi.,Tahun 2018 kpk mempunyai tekad untuk menuntaskan kasus e-ktp dan lbi.,0.9628030061721802
Namung penerbangan ing indonesia sing ora tahu ngeregani wektu. Uwis mbayar larang pelayanane tetep nguciwakake,Cuma penerbangan di indonesia yang tidak pernah ngehargai waktu. Sudah bayar mahal tetap pelayanannya mengecewakan,Namung penerbangan di indonesia yang tidak tahu waktu. Jangan bayar mahal pelayanannya tetap menguciwakakan,0.9058080911636353
"Kanggo layanan bank ing akhir pekan sing lokasine ing bekasi, bapak isa teka marang kantor cab bank mandiri bekasi juanda","Untuk layanan bank di akhir pekan yang berlokasi di bekasi, bapak dapat datang ke kantor cab bank mandiri bekasi juanda.","Khusus untuk layanan bank di akhir pekan yang lokasinya di bekasi, bapak bisa datang ke kantor cab bank mandiri bkasi juanda",0.9713667631149292
susah banget ndelok segara sing saiki reget didadekake panggonan guwak sampah sembarangan,Sedih banget melihat laut yang sekarang kotor dijadikan tempat buang sampah sembarangan,susah banget melihat segara yang sekarang sudah dijadikan tempat guwak sampah sembarangan,0.9286260008811951
"Salah siji panggon mangan lan panggon nangkring sing direkomendasikne kanca sing oke banget. Panggone pancene lumayan munggah lak saka kutha, lan rodok mlebu-mlebu sampek ora ketok lak saka dalan utama. Nanging panganane enak, panggone asik, regane uga standar. Sik sumbut karo regane lah. Oleh lak nyang Malang dolan mrene maneh.","Salah satu tempat makan dan tempat nongkrong yang direkomendasikan teman yang oke sekali. Tempatnya memang lumayan naik kalau dari kota, dan agak masuk-masuk sampai tidak terlihat kalau dari jalan utama. Tapi makanannya enak, tempatnya asik, harganya juga standar. Masih sepadan dengan harga lah. Bolehlah kalau ke Malang datang ke sini lagi.","Salah satu tempat makan dan tempat nongkrong yang direkomendasikan teman yang oke banget. Tempatnya memang lumayan turun lak dari kota, dan sampai masuk ke jalan utama. Tapi makanannya pun enak, tempatnya sangat asik, harganya juga standar. Sulit suasana saja. Oleh kalau ke Malang ke sini lagi.",0.9527273774147034
On the spot lagi tayang ing trans7,On the spot sedang tayang di trans7,On the spot lagi tayang di trans7,0.9448355436325073
"Bener-bener iwak pitik goreng sing gurih lan nggarai aku ketagihan, sambel sing pedes nggarai sensasi mangan luwih mantep karo sega anget lan es teh manis","Benar benar ayam goreng yang gurih dan membuat saya ketagihan, sambal yang pedas membuat sensasi makan lebih mantap dengan nasi hangat dan es teh manis","Bener-benar ayam goreng yang gurih dan membuat saya ketagihan, sambal yang pedas menjadi sensasi makan lebih menyenangkan dengan makanan anget dan es teh manis",0.9581458568572998
Aku wis ndaftar namung ora entuk sms seka 5111.,Saya sudah registrasi tapi tidak dapat sms dari 5111.,Aku sudah daftar tapi tidak terima sms secara 5111.,0.9465917348861694
"Mumpung lagi mlaku-mlaku marang bandunh sekaliyan nyempatake nyoba batagor sek paling enak ing kota kembang iki nganti ora sadar dhewe mesen luwih akeh seka kapasitas mangan dhewe wong loro: Bakso tahu goreng, siomay goreng lan batagor kuah, ayam kremes, lan es cendol lan dhewe uga kudu mbungkus mulih tahu yun yin pesenan dhewe akhire.","Mumpung sedang berjalan-jalan ke bandunh sekalian menyempatkan mencoba batagor yang terenak di kota kembang ini sampai tidak sadar kami memesan lebih banyak dari kapasitas makan kami berdua: Bakso tahu goreng, siomay goreng dan batagor kuah, ayam kremes, dan es cendol dan kami masih harus membungkus pulang tahu yun yin pesanan kami akhirnya.",Kalau lagi jalan-jalan ke bandunh sekalian menyempatkan nyoba batagor yang paling enak di kota kembang ini sampai tidak sadar mereka makan lebih banyak secara kapasitas makan mereka seorang teman.,0.9137206673622131
"Njajal pesen shabu-shabu, menu anyar ning gading resto. Kuwalitas rasane cukup enak, regane kejangkau uga. Rekomendasi lak nggawa tamu utawa mung mangan wengi karo kaluwarga.","Mencoba memesan shabu-shabu, menu baru di gading resto. Kualitas rasa cukup enak, harga terjangkau pula. Rekomendasi bilamana membawa tamu atau sekadar makan malam bersama keluarga.","Njajal pemesan shabu-shabu, menu baru di gading resto. Kuwalitas rasanya cukup enak, harganya terjangkau juga. Rekomendasi untuk bawa tamu atau hanya makan malam bersama keluarga.",0.9504072666168213
Oke. Wis tak kirim lewat pesen langsung,Oke. Sudah saya kirim via pesan langsung,Tidak kirim melalui pesanan langsung,0.8759583234786987
"Kasamrawutan sing kadadean akhir debat loro pilgub jabar ing 14 mei 2018 sing kepungkur, marakke silang pendapat saka para kontestan debat.","Kericuhan yang terjadi pengujung debat kedua pilgub jabar pada 14 mei 2018 yang lalu, menimbulkan silang pendapat dari para kontestan debat.","Kesamrawutan yang terjadi akhir debat dua pilgub jabar pada 14 mei 2018 yang lalu, membuat silang pendapat dari para kontestan debat.",0.9701224565505981
Isuk iki lali nyepot helm mas gojek bar mudun saka motor gara-gara nguber bis,Pagi ini lupa lepas helm abang gojek setelah turun dari motor gara-gara mengejar bus,Isuk ingin beli helm di luar negeri,0.8384377360343933
"Restoran iki tansah top. Suasanane nyaman banget kanggo ngobrol karo kanca, sedulur utawa pasangan. Panganane uga enak. Sanajan aku biasane ora mangan abot. Soale paling seneng marang mrene sore nyedhak mbengi","Restoran ini selalu top. Suasananya nyaman banget buat ngobrol dengan teman, saudara atau pasangan. Makanannya juga enak. Walaupun saya biasanya tidak makan berat. Soalnya paling suka ke sini sore menjelang malam",Restoran ini selalu top. Suasananya sangat nyaman untuk ngobrol dengan keluarga atau pasangan. Makanan juga enak. Karena saya biasanya tidak makan cepat. Soal paling suka ke sini sore menjelang malam.,0.9707484841346741
"Menu sing dhewe pesen urang, sapi, sapo kabehane enak, sampurna dimasake, rasane pas, kuwalitase dhuwur. Panggonane amba, pelayanane oke tenan. Kabehane grapyak lan grapyak karo bocah-bocah","Menu yang kita pesan udang, sapi, sapo semuanya enak, sempurna dimasaknya, rasanya pas, berkualitas tinggi.  Tempat luas, pelayanan oke banget. Semuanya ramah dan ramah sama anak-anak","Menu yang saya pesan urang, sapi, sapo kabehane enak, sampurna dimasak, rasa pas, kualitasnya tinggi.Tempatnya luas, pelayanan oke banget.",0.9364150166511536
"Kesel ngantri, kesel golek panggon lungguh, kesel lungguh. Dinggo sing ora nduwe wektu suwe lan wis keluwen, mending ora mrene. Aku mrene pas liburan bodo panganan ning ruko-ruko kene uga rodok larang lan rasane standar.","Capek mengantre, capek mencari tempat duduk, cape duduk. Buat yang tidak punya waktu lama dan sudah kelaperan, mendingan tidak ke sini. Saya ke sini pas liburan lebaran makanan di ruko-ruko sekitar sini juga rada mahal dan rasanya standar.","Kesel menunggu, kesel cari tempat duduk, susah tidur. Untuk yang tidak punya waktu lama dan sudah keluwen, mending tidak menginap. Saya ke sini saat liburan bodo makanan di ruko-ruko ini juga agak mahal dan rasanya standar.",0.9388195276260376
"Warung mangan nduwe suasana sing nyaman karo gaya kampung lawas. Luwih sekeco diparani wektu sore sampek dina wengi ning kahanan sing luwih romantis karo cahyaning remeng-remeng saka obor lan geni unggun. Panganan sing disajikne rena-rena, mulai panganan indonesia sampek panganan eropa serba ana. Cocok sanget kanggo ngentekne wektu karo kanca lak keluarga.",Resto ini memiliki suasana yang nyaman dengan gaya kampung tradisional. Lebih cocok dikunjungi saat sore hingga malam hari di suasana lebih romantis dengan cahaya temaram dari obor dan api unggun. Makanan yang disajikan bervariasi mulai makanan indonesia sampai european makanan serba ada. Sangat cocok untuk menhabiskan waktu bersama teman atau keluarga.,"Warung makan mempunyai suasana yang nyaman dengan gaya kampung lama. Lebih sekeco dipacari waktu pagi sampai malam di kawasan yang sangat romantis dengan cahayanya merah-merah dari obor dan geni unggun. Makanan yang disajikan rena-rena, mulai makanan indonesia hingga pangan eropa serba ada. Cocok untuk menikmati teman lama keluarga.",0.922816276550293
"Menu masakan sing disajekne lumayan rena-rena karo rasa sing lumayan enak, kabehe pelayan lan wektu pelayanane ya cukup apik dadi awakdewe wareg mangan awan ning kana, mung nata panggene restoran sing mestere rena-rena munggah - mudun dadi kudu luwih ngati-ati dinggo wong tua lan bocah cilik, muga-muga isa luwih ditingkatne pelayanane lan rena-rena menune. Sukses terus kanggo boemi mitoha.","Menu masakan yang disajikan lumayan bervariasi dengan rasa yang lumayan enak, jumlah pelayan dan waktu pelayanannya pun cukup baik sehingga kami puas makan siang di sana, hanya tata letak restoran yang lantainya bervariasi naik - turun sehingga harus ekstra hati-hati untuk orang tua dan anak kecil, semoga bisa semakin ditingkatkan pelayanan dan variasi menunya. Sukses selalu untuk boemi mitoha.","Menu masakan yang disajikan lumayan rena-rena dengan rasa yang luyannya enak, semua pelayan dan tempat pelayanannya juga cukup bagus jadi makanannya nyaman banget untuk keluarga.",0.8977349996566772
"Tagihan mencolot loro kali lipat amarga promo entek tanpo kabar, ora bener iki.","Tagihan melonjak dua kali lipat gara-gara promo habis tanpa pemberitahuan, tidak benar ini.","Tagihan mencolok dua kali lipat karena promo entek tanpo kabar, tidak benar ini.",0.9261236190795898
Njaluk informasine babagan daftar rega klambi kang didhol.,Minta informasi tentang daftar harga baju yang sedang dijual,Rasakan informasinya tentang harga klambi yang didhol.,0.888903796672821
Aku tansaya sengit karo jne amarga pangirimane mesthi telat,Saya semakin membenci jne karena pengirimannya selalu telat,Aku sangat sengit dengan jne karena pangirannya selalu telat,0.9180902242660522
"Ora koyo warung mangan lan kafe biasane, konsep panggonane digawe unik. Akeh lampu-lampu, gambaran, semiantik. Panganan lan ombenane lumayan pas enak, sing garai kaget pas ndelok daftar menune. Ragene wuooow pas banget ning sak. Lan sing mesti rega mirah ora nggarai rasane maleh seje, pancet enak lan berkualitas.","Tidak seperti kebanyakan restoran dan kafe lain, konsep tempatnya dibuat unik. Banyak lampu-lampu, lukisan, semi antik. Makanan dan minuman lumayan cukup enak, yang buat kaget pas melihat daftar menunya. Harganya wuooow pas banget di kantong. Dan yang pasti harga murah tidak buat rasa jadi beda, tetap enak dan berkualitas.","Tolong warung makan dan kafe biasanya, konsep tempatnya dibuat unik. Ada lampu-lampu, gambar, semiantik. Makanan dan ombennya lumayan pas enak, yang garai kaget pas melihat daftar menunya. Rasanya wuooow pas sekali di tiap. Dan yang pasti harga mahal tidak mengurangi rasanya lebih mahal, cukup baik dan berkualitas.",0.9369232058525085
"Ana ing lantai 1 hotel yaiku lantai paling dhuwur, nyajikake pemandangan luar biasa ing arah bukit sing dithukuli wit-witan. Seger, resik, penak, luar biasa!","Terletak di lantai 1 hotel yang merupakan lantai tertinggi, menyajikan pemandangan luar biasa ke arah bukit yang ditumbuhi pepohonan. Segar, bersih, nyaman, luar biasa!","Tempat 1 hotel adalah lantai paling tinggi, menyajikan pemandangan luar biasa di arah bukit yang dithukuli wit-witan. Seger, resik, menakjubkan!",0.9059624075889587
Sakdurunge aku lan pasangan mulih marang jakarta. Aku mampir ndhisik ing restoran iki. Pemandangane apik lan panganane uga murah meriah. Rekomendasi tenan,Sebelum saya dan pasangan pulang ke jakarta. Saya mampir dahulu ke restoran ini. Pemandangannya keren dan makanannya pun murah meriah. Rekomendasi sekali,Setelah kami dan pasangan kembali ke jakarta. Kami mampir ke restoran ini. Pemandangan bagus dan makanannya juga murah meriah. Rekomendasi banget,0.9748258590698242
Ngerasa bosen loh karo sakabehane. Bosen tenan ngelakokake rutinitas sing ngono-ngono wae.,Merasa jenuh loh sama semuanya. Bosen sekali melakukan rutinitas yang gitu-gitu saja.,Ngerasa bosen loh dengan teman-teman. Bosen sekali melakukan rutinitas yang begitu-begitu saja.,0.9397207498550415
Eman kothake sing tekan lumayan penyok,Sayang kotaknya yang sampai agak penyok,Sangat menyenangkan,0.8420034050941467
Kapisan njajal uwis disuguhi karo lalaine pelayan sing marakake dhewe ngenteni suwi wae 4 lagu marcell. Banjur uwis suwi ya ora sida pesenlah. Ora peduli arep enak kaya ngapa yen pelayanane elek karepe sing jenenge rasa.,Pertama mencoba sudah disuguhi dengan kelalaian pelayan yang bikin kita menunggu lama aja 4 lagu marcell. Terus sudah lama ya tidak jadi pesanlah. Tidak peduli mau enak kayak apa kalau pelayanannya buruk terserahlah yang namanya rasa.,Kapisan pergi ke sini sudah disuguhi dengan lalaine pelayan yang memakan diri untuk menikmati suasana baru saja 4 lagu marcell. Banjur kembali lagi ya tidak bisa pesenlah. Tidak peduli enak seperti apa kalau pelayanannya jelek karepe yang jenenge rasa.,0.9002472162246704
"Sego rawone enak banget, regane murah. Cedak universitas parahyangan. Panggonane unik nganggo kayu-kayu.","Nasi rawonnya sangat enak, harga terjangkau. Dekat universitas parahyangan. Tempatnya unik dengan kayu-kayu.","Sego rawone enak banget, harganya murah. Cedak universitas parahyangan. tempat unik dengan kayu-kayu.",0.943494439125061
"Pesen soto karo iga bakar, ditambah suwasana sing adem. Rasane enak lan dilayani kanthi grapyak karo mbak diah, tisna, echa. Uwis ping pindo teka mrene lan mesthi marem karo kualitas panganan lan pelayanan:","Order soto sama iga bakar, ditambah suasana yang dingin. Rasanya enak dan dilayani dengan ramah sama mbak diah, tisna, echa. Sudah dua kali datang ke sini dan selalu puas dengan kualitas makanan dan pelayanan:","Pesen soto dengan iga bakar, ditambah suasana yang adem. Rasanya enak dan dilayani dengan grapyak dengan kak diah, tisna, echa. Kalau pagi datang ke sini dan pasti puas dengankualitas makanan dan pelayanan:",0.9483315348625183
"Youtube akeh banget manfaate. Isa nonton film, ngrungokake lagu, kala-kala kanggo sinau.","Youtube banyak sekali manfaatnya. Bisa nonton film, dengar lagu, kadang untuk belajar.","Youtube banyak banget manfaatnya. Isa nonton film, mendengarkan lagu, kala-kala untuk belajar.",0.9634866714477539
"Udan ing dina isuk tenan marakna kesel, macet lan rega ojol dadi tenan ora isa dikendalikake marakna eneg","Hujan di pagi hari sungguh sangat kesal, macet dan harga ojol jadi super tak terkendali bikin eneg","Uda di hari ini memang maraknya kesel, macet dan harga ojol jadi sangat tidak bisa dikendalikan karena terlalu mahal. Harga jol menjadi begitu tidak dapat dikontrolkan.",0.8947914838790894
"Panganane lumayan enak-enak ing hawa anyes lan akeh variasine mulai saka restoran burangrang, saung purbasari lan area foodcourte.","Makanannya lumayan enak-enak di udara dingin dan banyak variasinya dari mulai restoran burangrang, saung purbasari dan area foodcourtnya.","Panganan lumayan enak-enak di hawa anyes dan banyak variasi dari restoran burangrang, saung purbasari dan area foodcourtnya.",0.9662137627601624
Tulung golekake alamat uwong iki. Bakal aku jak duel kaya uwong lanang nganggo samurai. Deknen uwis ngece ibuku sing paling aku tresnani lan hormati.,Tolong carikan alamat orang ini. Akan saya ajak duel secara jantan pakai samurai. Dia telah menghina ibuku yang paling aku cinta dan hormati.,Tulung cari alamat orang ini. Akan saya jak duel seperti orang lanang dengan samurai. Deknen sudah ngece ibu saya yang paling saya cinta dan hormati.,0.9179028272628784
"Panggon ngombe kopi cedek kampus UI, vietnamese kopi -ne enak, regane relatif sedeng, cocok dinggo ngontemplasi karo nggarap tesis","Tempat minum kopi dekat kampus UI, vietnamese kopi -nya enak, harganya relatif sedang, cocok untuk berkontemplasi sembari mengerjakan tesis","Panggon makan kopi cedek kampus UI, vietnamese kopi -nya enak, harga relatif terjangkau, cocok untuk membuat tesis",0.938055157661438
"Panganane enak, lan pemandangane apik tenan,. Mung sing menyang lawangwangine kurang dadi ora kabeh uwong bisa ngerti yen lawangwangi ana nang kono kajaba wong sek lewat.","Makanannya enak, dan viewnya amazing,. Hanya sing menuju lawangwanginya kurang jadi tidak semua orang bisa tahu ada lawangwangi di situ kecuali orang yang lewat.","Panganan enak, dan pemandangannya bagus,. Namun yang ke pintu masuknya kurang jadi tidak semua orang bisa mengerti kalau lawangwangi ada di sini seperti orang yang lewat.",0.9475483894348145
Aku mulai usaha lan ora tau wedi gagal.,Saya memulai usaha dan tidak pernah takut gagal.,Aku mulai usaha dan tidak pernah wedi gagal.,0.957598090171814
Panggonan mangan kanthi nuansa doraemon. Rega panganane murah lan akeh pilihan. Panggonane ora patia amba nanging nyaman. Nang lantai 2 digawe kaya kamare nobita lkp kanthi meja sinau mesin waktu lan lawang nang ndi wae. Akeh golekan doraemon lan komik-komik sek isa diwaca sawetara ngenteni panganan. Kajaba iku sinambi ngrasakake panganane dhewe isa nonton film doraemon. Anakku seneng mangan. Lanjutan,Tempat makan dengan nuansa doraemon. Harga makanannya murah dan banyak pilihan. Tempatnya tidak terlalu luas tapi nyaman. Di lantai 2 di buat menyerupai kamar nobita lkp dengan meja belajar mesin waktu dan pintu ke mana saja. Banyak boneka doraemon dan komik-komik yang bisa dibaca saat menunggu makanan. Selain itu sambil menikmati hidangan kita bisa menonton film doraemon. Anak saya senang makan. Lanjutan,Tempat makan dengan nuansa doraemon. Harga makanan murah dan banyak pilihan.Tempatnya tidak terlalu besar tapi nyaman. Di lantai 2 dibuat seperti kamar nobita lkp dengan meja belajar mesin waktu dan pintu di mana saja. Ada banyak kegemaran komik-komik yang bisa dilihat secara langsung.,0.9538476467132568
"Aku nyang kafe dipakar bareng keluarga, pemandangane pancene keren banget. Panganane uga eco-eco. Dinggo nyantai nikmati sing disajikne lan pemandangane ning dipakar nyenengna banget. Awakdewe mrana dina minggu, lan rame banget sing dolan. Nanging ora ngenteni suwe, awakdewe langsung entuk meja. Dinggo panganan, bar awakdewe pesen ora kudu ngenteni suwe, panganan wis teka. Dinggo foto-foto uga apik banget.","Saya ke kafe dipakar bersama keluarga, pemandangannya memang keren banget. Makanannya juga enak-enak. Untuk bersantai menikmati sajian dan pemandangan di dipakar sangat menyenangkan. Kami ke sana hari minggu, dan sangat ramai pengunjung. Tapi tidak menunggu lama, kami langsung dapat meja. Untuk makanan, setelah kita order tidak perlu menunggu lama, makanan sudah datang. Untuk foto-foto juga sangat bagus.","Aku ke kafe dipakar bersama keluarga, pemandangan memang keren banget. Makanannya juga eco-eco. Digunakan untuk foto-foto juga bagus.",0.9152753353118896
"Ora salah maneh iki kafe modern salah siji senengane wong depok kanggo mangan, nglumpuk tenanan panggone nyaman soale.","Tidak salah lagi ini kafe modern salah satu favorit warga depok buat makan, berkumpul seriusan tempatnya nyaman soalnya.","Ora salah lagi kafe modern salah satu senangnya orang depok untuk makan, berlumpuk tenanan tempatnya nyaman soale.",0.9269344210624695
Kesel wae karo kelakuan nyinyir terus kelompok sebelah.,Kesal saja dengan kelakuan nyinyir terus kelompok sebelah.,Kesel saja dengan kelakuan nyinyir terus kelompok sebelah.,0.9920530319213867
"Aku seneng mangan ning kene merga menu iwak pitike enak lan empuk, sambele pas ning ilat lan kahanane restorane uga nyaman. Liyane iku pelayanane uga apik lan regane mirah.","Saya suka makan di sini karena menu ayamnya enak dan empuk, sambal pas di lidah dan suasana restorannya juga nyaman. Selain itu pelayanan juga bagus dengan harga terjangkau.","Aku suka makan di sini karena menu ikan pitiknya enak dan empuk, sambala pas di tanah dan keadaan restorannya juga nyaman. Selain itu pelayanan juga bagus dan harganya terjangkau.",0.9675038456916809
Aku ki wis kesel arep nesu-nesu. Ben aku dewe ae wis sing njupuk maneh pakete lan tak kirim lewat ekspedisi liya ae. Gela pol embuh ping pira.,Gue itu sudah capek mau marah-marah. Biar gue sendiri aja deh yang ambil lagi paketnya dan gue kirim via ekspedisi lain saja. Kecewa berat entah keberapa kalinya.,Aku sudah kesel lagi ingin marah-marah. Kalau saya deh baru yang ambil paketnya dan saya kirim via ekspedisi lain ae. Gela pol embuh ping berapa.,0.9146230816841125
"Reunion house iki wis tenan direkomendasikake kanggo mangan awan nang bandung. Panggonane kepenak, asyik kanggo nyantai guyonan karo sapa bae. Menune uga oke tenan.","Reunion house ini direkomendasikan banget buat makan siang di bandung. Tempatnya nyaman, asyik buat santai mengobrol bareng siapa saja. Menunya juga oke banget.","Reunion house ini sudah sangat direkomendasikan untuk makan malam di bandung. Tempatnya nyaman, asyik untuk bersantai bersama sapa saja. Menunya juga oke sekali.",0.9656559228897095
Dingge meruhi promo-promo sing lagi ana ning tokopedia awakmu isa marani halaman iki.,Untuk mengetahui promo-promo yang sedang berlangsung di tokopedia kamu dapat mengunjungi halaman berikut.,Wangi melihat promo-promo yang lagi ada di tokopedia saya bisa memesan halaman ini.,0.9214875102043152
"Jarene jam iki anti banyu, nanging dienggo renang tok uwis mati","Katanya jam ini water resist, tapi dipakai berenang doang sudah mati",Rasanya jam siang tapi tidak dipakai lagi,0.8595423102378845
Suasane asri. Akeh sing dodolan panganan. Panggonan sing nggo nongkrong lan kafene cocok kanggo kunjungan. Dhewe ndhuwe wektu belanja ing supermarket. Regane uga ora larang. Suasanane ing njero malle penak. Acne anyeslah. Lan barang-barang merekane mantap tenan lan akeh potongan rega,Suasananya asri. Banyak jualan makanan. Tempat nongkrong dan cafenya cocok untuk berkunjung. Kami sempat belanja disupermarket. Harganya juga tidak mahal. Suasana di dalam mallnya nyaman. Acnya dinginlah. Dan barang-barang brandednya mantap sekali dan banyak diskon,Udanya asri. Ada yang dodolan makanan.Tempat yang nongkrong dan kafenya cocok untuk kunjungan. Kami mendapatkan waktu belanja di supermarket. Harganya juga tidak mahal. Suasana di dalam mall sangat asyik. Acne nyaman. Dan barang-barang mereka mantap dan banyak potongan harga,0.9446521997451782
Pemikirane sempit nanging ngrumangsa paling bener mangkel banget aku,Pemikiran sempit tapi sok benar kesal banget aku,Pemikiran sempit tapi rumangsa paling benar mangkel banget saya,0.9073061943054199
Sek foto karo uwong kuwi udu adike bang doni. Jijik ah foto karo uwong kuwi.,Yang foto sama orang itu bukan adik bang doni. Jijik ah foto sama orang itu.,Sek foto dengan orang ini udu adiknya bang doni. Jijik ah foto bersama orang itu.,0.9473759531974792
"Sakwijining musibah lagi wae kena kampung adat ning bajawa, flores. Kebakaran gedhe sing kadadean ing senin 13 / 8 sore ameh ngobongake kabeh kampung. Total 27 saka 33 omah adat sing ana entek dipangan geni bareng kabeh crita lan sejarahe.","Sebuah musibah baru saja menimpa kampung adat di bajawa, flores. Kebakaran hebat yang terjadi pada senin 13 / 8 sore hampir menghanguskan seluruh kampung. Total 27 dari 33 rumah adat yang ada habis dilalap api bersama semua cerita dan sejarahnya.","Sakwiji musibah lagi saja kena kampung adat di bajawa, flores. Kebakaran besar yang terjadi pada senin 13 / 8 sore membawa keseluruhan kota. Total 27 dari 33 rumah adat yang ada entek dipangan geni bersama semua cerita dan sejarahnya.",0.9446831345558167
Marang rene wektu acara kantor. Ana musik langsung. Menu aneka werna. Cocok yen lunga rame-rame nanging selerane beda-beda. Ramene enak.,Ke sini waktu acara kantor. Ada live musik. Menu beragam. Cocok kalau pergi ramai-ramai tapi seleranya beda-beda. Ramennya enak.,Marang rene saat acara kantor. Ada musik langsung. Menu aneka warna. Cocok untuk jalan rame-rame tapi seleran beda-beda. Rasanya enak.,0.9254327416419983
"Aku karo keluarga mangan mbengi nang panggonan iki amarga kajaba iku menu utamane batagor uga ana menu liyane. Aku mung mesen 2 menu sek akhire teka sakwise 45 menit, kuwi sakwise  kaping pirang-pirang aku takon. Seko rasane sawetara seko menu sek sakwise aku jajal lumayan enak. Sarane sakdhurunge pesen luwih apik takon ndhisik regane piro suwi orane nggawe menu kang dipesen.","Saya bersama keluarga makan malam di tempat ini karena selain menu utama batagor terdapat menu lain. Saya hanya memesan 2 menu yang akhirnya datang setelah 45 menit, itu pun setelah beberapa kali saya tanyakan. Dari segi rasa beberapa menu yang sebelumnya pernah saya coba lumayan enak. Saran sebelum memesan lebih baik tanyakan berapa lama pembuatan menu yang dipesan","Aku dengan keluarga makan malam di tempat ini karena memang menu utama batagor juga ada menu lain. Saya hanya memesan 2 menu sek akhiri datang setelah 45 menit, itu sampai berapa kali saya tanya. Setelah pesan lebih baik coba langsung membuat menu yang dipesen.",0.9349327087402344
Paket wis ditampa. Rodok gela merga pesen werna ireng dikirim werna kuning.,Paket sudah diterima. Sedikit kecewa karena order warna hitam dikirim warna kuning.,Paket sudah ditampa. Rodok gela karena pesen werna ireng dikirim dengan kuning.,0.8781437277793884
"Aku saka bali, dilalah pas dolan menyang kutho bandung, pas ning sanding kantor gubernur jawa barat alias cedeke gedung sate, awakdewe disarane mangan ning bancakan merga cedek. Bar mlebu awakdewe dikeki piring saka komplong sing wis ora apik eneh, kayake karaten. Akhire awakdewe milih panganan sing awakdewe sir, lan atusan laler miber teka ngendi-ngendi merga wis kadung awakdewe ya pancet mangan. Nggilani pol.","Saya dari bali, kebetulan sedang liburan ke kota bandung, ketika sedang di dekat kantor gubernur jawa barat alias dekat gedung sate, kami di-suggest makan di bancakan karena dekat. Setelah masuk kami pun diberi piring dari kaleng yang sudah tidak bagus lagi, sepertinya berkarat. Akhirnya kami memilih makanan yang kami suka, dan ratusan lalat beterbangan ke mana mana karena sudah terlanjur kami pun tetap makan. Sangat jijik","Aku dari bali, dilalah pas pergi ke kutho bandung, pas di sanding kantor gubernur jawa barat alias cedekan gedung sate, awakdewe dikenakan piring dari komplong yang sudah tidak bagus banget, seperti karaten. Akhirnya awak deh memilih makanan yang awaknya sir, dan atusan laler datang ke mana-mana karena tidak ada tempat yang tidak apik, sehingga saya tidak bisa makan. Nggilan pol.",0.8970717787742615
Ndelok sinetron ae anyak waleh opomeneh nonton isu apus-apus sing diramalke.,Nonton sinetron saja mulai bosan apalagi menonton isu bohong yang diramalkan.,Lihat sinetron ae banyak orang opomeneh nonton bisa apus-apus yang diramalkan,0.8755621314048767
Aku tuku werna-werna roti. Piliane akeh nanging rasane biasa wae. Rotine garing kaya uwis pirang-pirang dina. Ora seger. Pelayanane uga suwi. Nguciwakake.,Saya beli berbagai macam roti. Pilihannya banyak tapi rasanya biasa saja. Rotinya kering seperti sudah berhari-hari. Tidak segar. Pelayanannya juga lama. Mengecewakan.,Aku beli beberapa roti. Piliane banyak tapi rasanya biasa saja. Rotine garing seperti sudah ratus-ratus hari. Tidak segar. Pelayanan juga bagus. Nguciwakakan.,0.9189085960388184
Aja lali ngombe banyu mineral 8 -- 10 gelas saben dinane.,Jangan lupa minum air mineral 8 -- 10 gelas per harinya.,Aja lupa makan banyu mineral 8 -- 10 gelas tiap hari.,0.9433861970901489
"Panggonane sing apik ing cedak ndhuwur bukit, bisa ndhelok pemandangan kutha saka ndhuwur.","Tempatnya yang indah di dekat atas bukit, bisa lihat pemandangan kota dari atas.","Panggona yang bagus di cedak bawah bukit, bisa melihat pemandangan kota dari atas.",0.949367344379425
"Numpak grab, mase crita sing wingi kena balangan watu ing dalan.Juanda pas badha jebule anake kancane","Naik grab, abangnya cerita yang kemarin kena lemparan batu di jalan.Juanda saat lebaran ternyata anak temannya","Numpak grab, masa crita yang wingi kena balangan watu di jalan.Juanda setelah hujan tentu anaknya kancane",0.8926973342895508
Sakkelompok mahasiswa sing bodo. Syukur aku udu mahasiswa daerah kono. Isin woy.,Sekelompok mahasiswa yang bodoh. Syukur deh gue bukan mahasiswa daerah situ. Malu woy.,Semakin banyak mahasiswa yang bodo. Syukur saya sudah lulus daerah ini. Isin woy.,0.9259664416313171
"Restone apik lan gede. Wektu marang rene pas mangan siang lan dina minggu rame tenan pengunjung. Panganane enak enak, gurame goreng lan sambele mantep.","Restonya bagus dan besar. Waktu ke sini saat makan siang dan hari minggu ramai sekali pengunjung. Makanannya enak enak, gurame goreng dan sambalnya mantap.",Rasanya bagus dan besar. Waktu ke sini pas makan malam dan hari rame sekali pengunjung. Makanannya enak dan gurme goreng dan sambala mantep.,0.9507253766059875
"Aku klebu salah siji wong sing cukup setia karo kampung daun kat awal bukak tahun 2003 lak ora salah, kualitas panganan awite eco, ket tambah rame lan tambah mrene, panganan sing dirumantekne ora koyo biasane lan arang kading sing ngelayani kesane cuek banget, awakdewe pesen rena-rena macem panganan nanging sing teko kondisine wis anyep lan ora sekeca blas, mung panggone sing apik.","Saya termasuk salah satu orang yang cukup setia dengan kampung daun dari awal buka di tahun 2003 kalau tidak salah, kualitas makanan awalnya oke, tapi semenjak makin ramai dan makin ke sini, makanan yang disajikan tidak seperti biasanya dan terkadang pelayan terkesan cuek sekali, kita mesan beberapa jenis makanan tapi yang datang sudah dengan kondisi dingin dan tidak menarik, tempat menarik.","Aku membuka salah satu orang yang cukup setia dengan kampung daun pada awal buka tahun 2003 karena tidak salah, kualitas makanan mulai eco, ket tambah rame dantambah mrene, makan yang dirumanteknya tidak seperti biasanya dan banyak kading yang menyajikan kesan cuek dan tidak sekeca blas, tapi tempatnya yang bagus.",0.9034130573272705
Blanja ing Giant diskon 20% kanggo kartu kredit bca.,Belanja di Giant diskon 20% dengan kartu kredit bca.,Belanja di Giant diskon 20% untuk kartu kredit bca.,0.9915448427200317
"Mas, dalan ning muara bulian anyar, lagek sesasian dibenakne, uwis rusak maneh. Sing nggarap kaya ora tenanan","Kang, jalan di muara bulian baru, baru sebulanan dibenarkan, sudah rusak lagi. Yang mengerjakan seperti tidak serius","Mas, jalan di muara bulian anyar, lagi sesasian dibenaknya, sudah rusak lagi. Yang menggarap kaya tidak tenanan",0.9211282134056091
"Pancen ora enak kejebak macet, nanging luwih ora enak meneh yen kejebak masa lalu","Memang enggak enak terjebak macet, tapi lebih tidak enak lagi kalau terjebak masa lalu","Pancen tidak enak kejebak macet, tapi lebih tidak baik lagi jika ke sana masa lalu",0.9366586804389954
"Sumpah, nyesel tenan nggawe orderan via aplikasi iki. Bisa-bisane tiket ekektronike ora ditokake. Lan proses konfirmasine suwi. Sakdurunge uwis ngalami babagan sing meh pada ing aplikasi sebelah, nanging layanane cepet tenan langsung wenehi solusi. Ora kudu nganti telepon layanan pelanggan ping 4.","Sumpah, menyesal sekali bikin orderan via aplikasi ini. Bisa-bisanya e - ticket tidak issued. Dan proses konfirmnya lama. Sebelumnya pernah mengalami hal yang hampir sama di aplikasi sebelah, tetapi pelayanannya cepat sekali langsung kasih solusi. Tidak harus sampai telpon layanan pelanggan 4 kali.","Sumpah, menyesal banget buat order via aplikasi ini. Bisa-bisanya tiket ekektroniknya tidak ditemui. Dan proses konfirmasi sangat cepat. Sudah lama sudah mengalami masalah yang hampir pada diaplikasi sebelah, tapi layanan sangatcepat langsung dihubungi.",0.9178221225738525
"Uwis aku kirim pesen langsunge, tulung ndang dicek","Sudah saya kirim pesan langsungnya, tolong segera dicek","Uwis saya kirim pesanan langsung, tolong jangan dicek",0.9368466138839722
"Aku nglakoni 5 transaksi ning tanggal 22 juni, kabeh ditolak nyatane kesuda saka rekening sampek 7 yuta, saka 5 transaksi lagek 3 transaksi sing dibalekne.","Saya melakukan 5 transaksi pada tanggal 22 juni, smuanya decline nyatanya terdebit dari rekening hampir 7 juta, dari 5 transaksi baru 3 transaksi yang dikembalikan.","Aku melakukan 5 transaksi di tanggal 22 juni, semua ditolak nyatanya kesuda dari rekening sampai 7 yuta, dari 5transaksi hingga 3transaksi yang dibaleknya.",0.9080391526222229
Mayoritas sing nganggo hak pilih ing pemilihan gubernur uwis nentukake pilian.,Mayoritas pengguna hak pilih di pemilihan gubernur telah menentukan pilihan.,Mayoritas yang menggunakan hak pilih di pemilihan gubernur sudah menentukan pilian.,0.9611034989356995
Wis ngenteni jne tibake dee tekane sesuk. Aku pengen nesu,Sudah menunggu jne ternyata dia datangnya besok. Ingin aku marah,Wih bilang jne tiba-tiba deh tekan sesuk. Aku ingin nesu,0.8508798480033875
"Spotify rumit, kudu nganggo administrasi wulanan mbarang","Spotify ribet, pakai ada administrasi bulanan segala","Spotify rumit, harus menggunakan administrasi wulanan mbarang",0.8984013795852661
"Pengen mangan oreo wae ribet tenan, mesti diputer - dijilat - dicelupake","Mau makan oreo aja ribet banget sih, mesti diputer - dijilat - dicelupkan","Pengen makan oreo saja ribet banget, mesti diputer - dijilat- dibubarkan",0.9477366209030151
"Ngapuro, udu mung nomerku sing kaya ngono, aku takon kabeh sing nganggo ing daerah kono, ngomongake babagan sing pada, isih uga ora gelem ngaku uga yen tenan sinyale sing elek","Maaf, bukan nomer saya saja yang begitu, saya tanya semua yang pakai di daerah situ, mengatakan hal yang sama, masih tidak mau ngaku juga kalau memang sinyalnya yang jelek","Ngapuro, udu cuma nomer saya yang sama, saya tanya semua yang menggunakan di daerah ini, mengomongkan tentang yang pada, tidak bisa ngaku juga kalau benar sinyal yang melelahkan",0.9176412224769592
"Kisaran siare tulung diambakake, amarga akeh daerah sing hurung isa nikmati siaran net. Matur suwun.","Jangkauan siarnya tolong diperluas, karena banyak daerah yang belum bisa menikmati siaran net. Terima kasih.","Kisaran siare tolong dibawakan, karena banyak daerah yang hurung bisa menikmati siaran net. Terima kasih.",0.9405012130737305
"Kok isa ditokne bangunan ing dhuwur kali, ing dalan saka rumah sakit menyang pasar Ciroyom, aneh.","Kok bisa dibiarkan bangunan di atas sungai, di jalan dari rumah sakit menuju pasar Ciroyom, aneh.","Kok bisa ditokkan bangunan di tinggi kali, di jalan dari rumah sakit ke pasar Ciroyom, aneh.",0.9650717973709106
"Krungu lambe saka lambe soal restoran iki, saking penasaran, aku jajal marani. Nanging sayange, lak menurutku biasa ae, ora kaya sing diceritakne wong-wong. Rasane ya biasa-biasa ae, ora sumbut karo regane. Kaya masakan sing tas sinau.","Dengar dari mulut ke mulut tentang restoran ini, saking penasaran, saya coba untuk berkunjung. Tapi sayang, kalau menurut saya, tidak seperti apa yang banyak diceritakan orang. Rasanya biasa-biasanya saja, tidak sesuai saja dengan harganya. Seperti masakan yang baru belajar.","Rotan dari lambe soal restoran ini, karena penasaran, saya pergi ke sini. Tapi sayangnya, lak menurut saya biasa saja, tidak sama yang diceritakan orang-orang. Makanannya juga biasa-biasa ae, sama harganya. Kaya masakan yang tas sinau.",0.9181435108184814
Iphone iki. Kamerane peteng wassalam elek banget ora isa diandalake banget yen males nggawa kamera.,Iphone ini. Kamera gelapnya wassalam jelek banget tidak bisa diandalkan banget kalau malas bawa kamera.,Iphone ini. Kamera peteng wassalam jelek banget tidak bisa diandalake kalau males bawa kamera.,0.9432299137115479
"Yen ora nduwe dhuwit kanggo tuku komik nanging uga pengen jagongan, teka bae marang rene. Koleksi komike komplit. Panganan ombenae sabenere mung fasilitas tambahan, nanging cukup lumayan. Regane uga murah khas mahasiswa.","Kalau tidak punya uang buat beli komik tapi juga ingin nongkrong, datang saja ke sini. Koleksi komiknya lengkap. Makanan minumannya sebenrnya hanya fasilitas tambahan, tapi cukup lumayan. Harganya juga murah khas mahasiswa.","Jika tidak punya duit untuk beli komik tapi juga ingin jagongan, datang saja ke sini. Koleksi komiknya komplit. Makanan ombennya biasanya hanya fasilitas tambahan, tapi cukup lumayan. harga juga murah khas mahasiswa.",0.9561408758163452
"Aduh pak kok seolah-olah manas-manasi kubu sisih seh? Ojo to pak, iku mengko deweke kabeh tambah cemburu, iren, pegel, nyinyir, mutung kayak bocah cilik, nesu-nesu ora jelas jluntrunge lan tambah bosok ae utek lan atine.","Aduh pak kok seolah-olah memanas - manasi kubu sebelah sih? Jangan dong pak, itu nanti mereka tambah cemburu, iri, dengki, nyinyir, ngambek kayak anak kecil, marah-marah tidak jelas juntrungannya dan makin busuk saja otak dan hatinya.","Aduh pak kok seolah-olah manas-mana kubu sisih? Ojo to pak, itu sekarang dewasa semua tambah cemburu, iren, pegel, nyinyir, menunggu kayak bocah kecil, suasana tidak jelas jluntrungnya dan makin bosok di tubuh dan atiknya.",0.9126946926116943
"Rekomendasi bangetlah. Cappucinone ketagihan, rega miring, lan valet parkir mbayar sakikhlase. Teka pas arep maghrib mesti luwih seru suwasanane.","Rekomendasi bangetlah. Cappuccinonya ketagihan, harga miring, dan valet parkir bayar seikhlasnya. Datang pas menjelang maghrib pasti lebih seru suasananya.","Rekomendasi bangetlah. Cappucinone ketagihan, harga miring, dan valet parkir bayar sesuai harganya. Kalau pas mau maghrib mesti lebih seru suasana.",0.951439619064331
Oke bos masiyo hape ujug-ujug ngehank dewe sedina,"Oke bos, walau handphone tiba-tiba ngehank sendiri selama sehari",Oke bos masiyo hape minggu-minggu ngehank deh sedina,0.84145188331604
Panggonan mangan kanthi suasana alam iki paling pas kanggo acara karo pasangan utawa karo kaluwarga. Panganane enak lan regane uga cukup kajangkau,Tempat makan dengan suasana alam ini paling tepat untuk acara dengan pasangan atau dengan keluarga. Makanannya enak dan harga juga cukup terjangkau,Panggon makan dengan suasana alam ini paling pas untuk acara bersama pasangan atau bersama keluarga. Makanannya enak dan harganya juga cukup terjangkau,0.9713476896286011
Yakin kuwi ikhlas? Tulus? Kuwi udu pencintraan tok ya?,Yakin itu ikhlas? Tulus? Bukannya itu hanya pencitraan saja ya?,Yakin kuwi ikhlas? Tulus? Kuwi udu pencintraan tok?,0.8780845403671265
"Aku melu lomba blog cinta rupiah bank indonesia - net media lan uwis nyubmit artikel nang 22 desember 2017 kepungkur, nanging sampek saiki status artikelku isih unpublished. Nyuwun tulung dijelasne.","Saya mengikuuti lomba blog cinta rupiah bank indoneisa - net media dan sudah men - submit artikle pada 22 desember 2017 lalu, tapi sampai sekarang status artikel saya masih unpublished. Mohon penjelasannya.","Aku melulkan lomba blog cinta rupiah bank indonesia - net media dan sudah menyubmit artikel di 22 desember 2017 lalu, tapi sampai sekarang status artikel saya masih unpublished. Terima kasih",0.9426543712615967
"Kafe iki nyediakne panganan tradisional bergaya kafe cah nom. Liyane panggon sing nyaman, rega kelebu mirah lan kejangkau","Kafe ini menyediakan makanan tradisional bergaya kafe anak muda. Selain tempat yang nyaman, harga terbilang murah dan terjangkau","Kafe ini menyediakan makanan tradisional bergaya kafe cah nom. Lebih tempat yang nyaman, harga kelebu murah dan terjangkau",0.94074946641922
"Stasiun tv owol, ora konsisten, nguciwokake panyengkuyunge persib - persiba, ora ndhuwe welas asih marang manungsa! Owol, lan cupu!","Stasiun tv payah, tidak konsisten, mengecewakan pendukung persib - persiba, tidak berprikemanusiaan! Payah, dan cupu!","Stasiun tv owol, tidak konsisten, menguciwokan panyengkuyung persib - persiba, kurang memiliki welas kasih kepada manusia! Owol, dan cupu!",0.9127429127693176
"Panggone nyaman lan kesane adem. Satene uga enak lan ana menu liyane maneh ning panggon iki, ora mung sate","Tempatnya nyaman dan berkesan adem. Satenya juga enak dan ada menu lainnya lagi di tempat ini, tidak hanya sate","Panggone nyaman dan kesannya adem. Satenya juga enak dan ada menu lain di tempat ini, tidak hanya sate.",0.9683895707130432
"Pemandangane apik kanggo foto-foto, hawane sejuk, panganane rasane enak. Rega uga kajangkau. Mantep.","Pemandangannya bagus untuk foto-foto, udaranya sejuk, makanannya rasanya enak. Harga juga terjangkau. Mantap.","Pemandangan bagus untuk foto-foto, hawa sejuk, makanan rasanya enak. Harga juga terjangkau. Mantep.",0.9687998294830322
Adikku seneng banget brownis primarasa,Adikku sangat suka brownis primarasa,Adikku suka sekali brownis primarasa,0.9701120853424072
Akeh klambi lan celono sing didol ning matahari mal,Banyak baju dan celana yang dijual di matahari mal,Akeh klambi dan celano yang dijual di matahari mal,0.8975952863693237
"Minimal internetku pedhot dumadakan, 1 omah nganggo simpati kabeh semono uga ora isa nyambung internet","Minimal internet saya putus tiba-tiba, 1 rumah pakai simpati semua begitu juga tidak bisa connect internet","Minimal internet saya pedhot tiba-tiba, 1 rumah dengan simpati semua orang juga tidak bisa nyambung internet",0.9482040405273438
Kaskus pancen kerep menehi informasi sing menarik lan paling anyar,Kaskus memang sering memberikan informasi yang menarik dan terbaru,Kaskus memang banyak memberikan informasi yang menarik dan paling terbaru,0.9790652990341187
"Aku paling ora seneng kuwi, yen nyepaki pemilu, suasane tansah panas.","Saya paling tidak suka itu, kalau mendekati pemilu, suasananya selalu memanas.","Aku paling tidak suka itu, kalau menyepaki pemilu, suasinya selalu panas.",0.948961615562439
"Lumayan nyesel karo kaputusan mlebu jurusan film, pengen mlebu seni rupa sakasline. Nanging ragu karo bakar sing didhuweni.","Agak menyesal dengan keputusan masuk jurusan film, ingin masuk seni rupa sebenarnya. Tapi ragu dengan bakat yang dimiliki.","Lumayan menyesal dengan kaputusan masuk jurusan film, ingin memasuk seni rupa darisline. Tapi ragu dengan bakar yang didhuuhi.",0.9163126945495605
"Rasa bumbu sega gorenge ora seenak mbiyen maneh, cemplang lan luwih asin. Kudu ana sing ngontrol kualitas rasa ben kualitas tetep siyaga.","Rasa bumbu nasi gorengnya tidak seenak dulu lagi, terkesan hambar dan lebih asin. Perlu ada pengontrol kualitas rasa agar kualitas tetap terjaga.","Rasa bumbu sega goreng tidak seenak sekarang, cemplang dan lebih asin. Harus ada yang mengontrol kualitas rasa biar rasa tetep nyaman.",0.9343401193618774
"Sesuai rekomendasi, aku njajal mie goreng spesial lan rasane menurutku biasa banget ae lan kurang cocok ning ilat","Sesuai rekomendasi, saya mencoba mie goreng special dan rasanya menurut saya sangat biasa saja dan kurang cocok di lidah","Sesuai rekomendasi, saya coba mie goreng spesial dan rasanya menurut saya biasa saja dan kurang cocok di ilat",0.9693626761436462
"Baksone enak kanggo dipangan, panggonane resik penyajiane panganan bakso sek caraku beda. Enak banget deh","Baksonya enak buat di makan, tempat bersih penyajian makanan bakso yang menurut saya beda. Enak banget deh","Baksone enak untuk dimakan, tempatnya bersih penyajian makanan bakso dan cara saya beda. Enak banget deh",0.9590195417404175
Pelakune aja diserahake karo pak polisi. Kubur urip-urip bae.,Pelakunya jangan diserahkan sama pak polisi. Kubur hidup-hidup saja.,Pelakunnya aja diserahakan dengan pak polisi karena harus urip-irip saja.,0.8994499444961548
"Nggelakne banget, aku pesen tiket lan uwis tak bayar, padahal wektu iku urung kadaluwarsa pas aku transfer, nanging nganti saiki urung dikeki kode bookinge, malah dikeki notifikasi uwis kadaluwarsa, banjur duwite mlayune neng ngendi, pas aku hubungi liwat email gur ditanggepi pisan wae.","Sangat mengecewakan, saya pesan tiket dan sudah saya bayar, padahal waktu itu belum kadaluarsa pas saya transfer, tapi sampai sekarang belum dikasih kode bookingnya, malah dikasih notifikasi sudah kadaluarsa, lalu uangnya larinya ke mana, pas saya hubungi lewat email hanya ditanggapi sekali saja.","Nggelaknya banget, saya pesen tiket dan sudah saya bayar, padahal saat itu belum ada kode bookingnya, malah dikeki notifikasi telah kadaluwarsa, banjur duwit pulang ke mana, pas sayahubungi via email gur ditanggepi saja.",0.9074799418449402
"Lho nemene jne! Aku nelpon ora diangkat, tweet ora dibales, email ora dibales, pesen ora dibales!","Loh parahnya jne! Saya nelepon tidak diangkat, tweet tidak dibalas, email tidak dibalas, pesan tidak dibalas!","Lho namanya jne! Saya telepon tidak diangkat, tweet tidak dibales, email tidak dibual, pesanan tidak dibales!",0.9170954823493958
"Gela rasane karo pelayanan sing diwenehi hotel bintang papat iki. Pas aku nginep ning hotel iku, aku entuk perlakuan kurang ngenakne saka pelayan sing ana. Ditambah maneh karo jeding e sing ora ana tisune. Padahal regane lumayan larang. Nanging ora sesuai karo pelayanan sing diwenehne.","Kecewa rasanya dengan pelayanan yang diberikan hotel bintang empat ini. Saat saya menginap di hotel itu, saya mendapat perlakuan kurang mengenakkan dari pelayan yang ada. Ditambah lagi dengan kamar mandi yang tidak ada tisunya. Padahal harganya lumayan mahal. Tapi tidak sesuai dengan pelayanan yang diberikan.","Gela rasanya dengan pelayanan yang diberikan hotel bintang lima ini. Saat saya masuk ke hotel itu, saya mendapatkan perlakuan kurang enak dari pelayan yang ada. Ditambah lagi dengan jeding yang tidak ada tisunya. Padahal harga lumayan mahal. Tapi tidak sesuai dengan harga yang ditentukan.",0.9667821526527405
"Saka mambengi kok ora iso dienggo, layanan indosat kok kaya ngene. Ndaftar extra 2 gb 10 ewu ora isa-isa, eman-eman pulsaku malah entek ora isa dienggo apa-apa.","Dari semalam kok tidak bisa dipakai, layanan indosat kok kayak gini. Daftar extra 2 gb 10 ribu tidak bisa-bisa, sia-sia pulsa saya malah habis tidak dipakai apa-apa.","Saka mambengi kok tidak bisa dienggo, layanan indosat kok sama seperti ini. Daftar extra 2 gb 10 ribu tidak dapat dilakukan apa-apa",0.9256919026374817
"Panggonane lumayan asik, parkiran kasusun rapi. Gabungan sing aneh nanging enak, steak dikancani mi tak tak pedes banget. Hm.","Tempatnya lumayan asik, parkiran di susun rapi. Perpaduan yang aneh tapi enak, steak ditemani mi tak tak super pedas. Hm.","Tempatnya lumayan asik, parkiran susun rapi. Makanan yang aneh tapi enak, steak ditemani mi tak pedes banget. Hm.",0.9681618809700012
"Koyoke isuk iki macet banget yo, wis tur ning bis luwih saka sejam, nanging ora sampek-sapek yok an.","Kayaknya pagi ini macet banget ya, sudah tur di bus lebih dari sejam, tetapi tidak sampai-sampai juga.","Koyoke malam ini macet banget ya, sudah tur di bis lebih dari sejam, tapi tidak sampek-sapek lagi.",0.9322740435600281
"Aku pegel kat februari ditelpon mben dina ditelpon saka mnc tv. Aku ora tau langganan, aku ping bolak-balik nglarifikasi.","Saya kesal sejak februari ditelpon tiap hari di telpon dari mnc tv. Saya tidak pernah langganan, saya puluhan kali klarifikasi.","Aku pegel kat februari ditelpon mben hari di mnc tv. Saya tidak tau langganan, saya ping balik-balik menglarifikasi.",0.9239816665649414
Kemeruh banget to kowe mat. Ora usah sok-sokan ngekeki ceramah barang. Ceramahmu iku sesat.,Sok tahu banget sih lu mat. Tidak usah sok-sokan beri ceramah segala. Ceramah kamu sesat.,Kemeruh banget to saya mat. Tidak usah sok-sok mengekek ceramah barang. Ceramahmu itu sesat.,0.9327262043952942
Bakso nganggo ceker utawa sikil pithik yaiku sensasi sing enak tenan. Enak banget pokoke kajaba bakso isih akeh menu liyane. Pokoke dianjurake tenan,Bakso dengan ceker atau kaki ayam merupakan sensasi yang menakjubkan. Enak banget deh pokoknya selain bakso masih banyak menu yang lain. Pokoknya direkomendasikan banget deh,Bakso dengan ceker atau sikil pithik adalah sensasi yang enak sekali. Enak banget pokoknya karena baksod juga banyak menu lain. Pokoknya dianjurkan sekali,0.9364200234413147
"Xiaomi, samsung, gumantung si kowe pengin tipe apa lan jumbuh biaya sing kowe duwe, takok-takok wae menyang panggonan sing dodol hpne","Xiaomi, samsung, tergantung sih kamu mau tipe apa dan sesuai biaya yang kamu punya, tanya-tanya aja ke tempat yang jual hpnya","Xiao, samsung, gumantung si kalian ingin tipe apa dan jumbuh biaya yang kamu miliki, tidak terlalu jauh ke tempat yang dodol hpnya",0.9136192202568054
"Panggon parkir kesempiten, sampek mobil kudu dititipne nyang lahan parkir sing ana ning sebrang hotel.","Tempat parkir terlalu sempit, sampai mobil harus dititipkan ke lahan parkir yang ada di sebrang hotel.","Panggon parkir sempit, sampai mobil harus dititip ke lahan Parkir yang ada di sebrang hotel.",0.9700478315353394
"Merga skate park iki diubengi panggon klumpukan sing asyik, aku rasane ora bakal isa krasa waleh.","Karena skate park ini dikelilingi tempat berkumpul yang asik, saya merasa tidak akan pernah merasa bosan.","Merga skate park ditemani tempat klumpukan yang asyik, saya rasa tidak akan bisa rasa sepertinya.",0.9142699837684631
Aku uwis lapor marang email mandiricare.co.id,Saya sudah lapor ke email mandiricare.co.id,Aku sudah lapor ke email mandiricare.co.id,0.9921257495880127
Aku uwis ndhuwe kode akses lan pin.,Saya sudah punya kode akses dan pin.,Aku sudah memiliki kode akses dan pin.,0.9788802862167358
"Asli tenan indihome nemen tenan saiki, apa gunane mbayar larang larang edan emosi tenan","Asli dah indihome parah banget dah sekarang, apa gunanya bayar mahal mahal gila emosi nih benar-benar","Asli tenan indihome banget sekarang, apa gunanya bayar mahal mahal edan emosi sekali",0.9173686504364014
"Dhewe sakaluwarga nyempetake kanggo njajal panganan ing panggonan mangane iki kaya susuh sing kabeh kaca-kacane ditutupi karo ranting-ranting sing ngerambat. Eksotik, unik, apik tenan lan panganane uga enak.","Kami sekeluarga menyempatkan diri mencoba makan di tempat makannya ini seperti sarang yang semua kaca-kacanya ditutupi oleh ranting-ranting yang merambat. Eksotik, unik, keren banget dan makanannya pun enak.","Dhewe dari keluarga menyempatkan untuk menikmati makanan di tempat makan ini seperti susuh yang seluruh kaca-kacanya ditutup dengan ranting rotan yang mengerambat. Eksotik, unik, apik sekali dan menunya juga enak.",0.9368999004364014
Aku cemburu nanging ora isa apa-apa,Saya cemburu tapi tidak bisa apa-apa,merasa tidak ada apa-apa.,0.8888746500015259
"Rega ora patia larang, rasane uga enak, akeh pilian panganan khas Banjar liyane.","Harga tidak terlalu mahal, rasanya juga enak, banyak pilihan makanan khas Banjar lainnya. ","Rega tidak patia mahal, rasanya juga enak, banyak pilian makanan khas Banjar lainnya.",0.9453475475311279
Segel rapi sanajan kotak setithik peyot,Segel rapi walau kotak sedikit penyok,Segel rapi sanajan kotak setithik peyot,0.8838235139846802
Sopir gocar teka saka luwar kutha nyang jakarta dinggo golek penumpang ben entuk poin.,Supir gocar datang dari luar kota ke jakarta untuk mencari penumpang demi dapatkan poin.,Sopir gocar datang dari luwar kota ke jakarta untuk cari penumpang biar dapat poin.,0.9557250738143921
Ning kene isa metik stroberi dewe lan langsung dibayar lak pas gedhi-gedhi buahe lumayan uga legi stroberine lan ada kulinere pisan isa mangan sing liyane ning kene,Di sini bisa petik stroberi sendiri dan langsung dibayar kalau lagi besar besar buahnya lumayan juga manis stroberinya dan ada kuliner juga bisa makan yang lain di sini,Dan sini bisa makan stroberi dewe dan langsung dibayar lak pas makan yang lain di sini,0.9026130437850952
"Lagek wae mau teka barange, apik kok","Baru saja tadi sampai barangnya, bagus kok",Tempatnya mau datang barangnya bagus kok,0.8904408812522888
Bosen banget ndhelok sampah ing dalan kutha palangkaraya,Bosan banget melihat sampah di ruas jalan kota palangkaraya,Bosan banget membuat sampah di jalan kota palangkaraya,0.9773162603378296
Lokasi restoran ing Kemang. Larang lan ora enak. Aja mara mrana deh.,Lokasi restoran di Kemang. Mahal dan tidak enak. Jangan ke situ deh.,Lokasi restoran di Kemang. Larang dan tidak enak. Jangan datang ke sini saja.,0.9567984938621521
Rasa nikmat dipadu karo sambele. Daginge empuk. Rega jumbuh karo sing disajikne. Lokasi gampang ditemokne. Sip pokoke.,Rasa nikmat dipadu dengan sambelnya. Daging empuk. Harga sesuai dengan yang disajikan. Lokasi mudah ditemukan. Sip pokoknya.,Rasa nikmat dipadu dengan sambele. Dagingnya empuk. Rasanya jumbuh dengan yang disajikan Lokasi mudah ditemukan. Sip pokoknya,0.9538691639900208
Bubur Ahong iki enak dipangan pas mangan wengi. Akeh menu liane sing isa dinikmati liyane bubur. Omah mangan iki rame diparani lan lumayan amba. Bubure uga enak.,Bubur Ahong ini enak dimakan saat makan malam. Banyak menu lainnya yang dapat dinikmati selain bubur. Rumah makan ini ramai dikunjungi dan cukup luas. Buburnya juga enak.,Makanan Ahong ini enak dimakan saat makan malam. Ada menu lain yang bisa dinikmati seperti bubur. Omah makan ini sangat ramai dicari dan lumayan banyak. Buburnya juga nikmat.,0.961440920829773
"Aku marang kene karo pacar, panggonane lumayan amba lan ana area indoor karo ing njabane. Aku njagong ing panggonan indoor sing ana pemandangan marang arah njaba, dadi ana jendela kace. kanggo panganane aku cukup puas. Saka sisi rega tenan padha karo apa sing ditawakake","Saya ke sini sama pacar, tempatnya cukup luas dan ada area indoor sama di luarnya. Saya duduk di tempat indoor yang ada pemandangan ke arah luar, jadi ada jendela kaca. untuk makanan saya cukup puas. Dari sisi harga memang sebanding dengan apa yang ditawarkan","Aku ke sini bersama pacar, tempatnya lumayan besar dan ada area indoor dengan di luar, jadi ada jendela kace. untuk makanan saya cukup puas. Dari sisi harga memang sama dengan apa yang ditawarkan",0.9520435333251953
Milih gubernur utawa ora yaiku pilian saban uwong.,Memilih gubernur atau tidak adalah pilihan setiap orang.,Milih gubernur atau tidak adalah pilian setiap orang.,0.9348661303520203
Rasa uwis malih ora kaya mbiyen. Kesane anyep. Kudu ditingkatake cita rasane. Kanggo menu ombean minim banget mung ana soft drink,Rasa sudah berubah tidak seperti dulu. Terkesan hambar. Harus di tingkatkan cita rasanya. Untuk menu minuman sangat minim hanya ada soft drink,Rasa sudah malih tidak sama sekarang. Kesannya nyap. Harus ditingkatkan cita rasanya. Untuk menu makanan minim banget hanya ada soft drink.,0.9350934624671936
Sanadyan saiki regane uwes mlonjak munggah nanging percayao yen pesen sega padang bungkus ing singgalang jaya porsine badai tenaaan. Nganti saiki panggonan iki isih dadi salah siji panggonan nikmati masakan padang favoritku.,Meskipun sekarang harganya sudah melonjak naik tapi percayalah kalau pesan nasi padang bungkus di singgalang jaya porsinya badai abiiis. Sampai sekarang tempat ini masih menjadi salah satu tempat menikmati masakan padang favorit saya.,Habis sekarang harganya sudah melonjak turun tapi percayalah kalau pemesan nasi padang bungkus di singgalang jaya porsinya badai tenaaan. Jadi sekarang tempat ini menjadi salah satu tempat menikmati masakan padangan favorit saya.,0.9590100646018982
"Bebeke enak, alus, sambele enak. Panggone resik lan lumayan oke.","Bebeknya enak, lembut, sambelnya enak. Tempat bersih dan lumayan oke.","Bebekan enak, alus, salemnya bagus. Tempatnya bersih dan lumayan oke.",0.9593420028686523
"Manggon ana ing festival city link mal, resto iki nyajikake panganan cina panganan a la carte lan dimsum. Rasa panganane oke, panggonan uga cukup amba lan akeh keluwarga mangan ana ing kene. Favorite dhewe urang mayonaise.","Terletak di festival city link mal, resto ini menyajikan makanan cina makanan a la carte dan dimsum. Rasa makanan cukup oke, tempat cukup luas juga dan banyak keluarga bersantap di sini. Favorit kami udang mayonaise.","Tempatnya di festival city link mal, resto ini menyediakan makanan cina a la carte dan dimsum. Rasanya enak, tempat juga cukup banyak keluarga makan di sini. Favorite saya urang mayonaise.",0.9543224573135376
Panganan ing rumah sakit tansah ora enak,Makanan di rumah sakit selalu tidak enak,Panganan di rumah sakit selalu tidak enak,0.969718337059021
"Lak mrene wajib banget tuku terong gorenge, panggone uga enak ana sing lesehan, ngindari jam mangan awan lak sir mrene merga kebeg banget","Kalau ke sini wajib banget beli terong gorengnya, tempatnya juga enak ada yang lesehan, hindari jam makan siang kalau mau ke sini karena penuh banget","Lak mrene wajib banget beli terong gorengnya, tempatnya juga enak ada yang lesehan, menghindari jam makan malam karena kebeg sekali",0.9446284174919128
"Panggone cukup nyaman, ana ning dalan sudirman sing cedek karo pilihan panggen belonjo, lan restone cukup cedek karo panggen iku. Panganane enak, pilihane akeh dadi ora tek malehi. Panggone uga nyaman","Letaknya cukup nyaman, ada di jalan sudirman yang dekat dengan pilihan tempat belanja, dari resto pun cukup dekat ke tempat tersebut. Makanannya enak, pilihannya banyak jadi tidak terlalu membosankan. Tempatnya juga nyaman","Tempatnya cukup nyaman, ada di jalan sudirman yang cedek dengan pilihan tempat belonjo, dan restonya sangat dekat dengan tempat itu. Makanan enak, harganya terjangkau karena tidak terlalu mahal. Lokasinya juga bersih.",0.9440377354621887
Resto iki duwe menu sing aneka werna nanging kakean menu China lan halal. Mi ayam jamur lan sega hainane sedep lan direkomendasikake. Bebeke uga enak. Resto iki saiki duwe cabang ing Istana Plaza.,Resto ini punya menu yang beragam tetapi kebanyakan menu China dan halal. Mi ayam jamur dan nasi hainannya sedap dan direkomendasikan. Bebeknya juga enak. Resto ini sekarang punya cabang di Istana Plaza.,Resto ini punya menu yang aneka warna tapi hanya ada menu China dan halal. Mi ayam jamur dan sambalnya sedap dan direkomendasikan. Makanannya juga enak.Resto itu sekarang ada cabang di Istana Plaza.,0.9609479904174805
Mampir marang bandung. Nggolek ramen. Sing jarene saiki kekinian. Regane setimpal padha karo rasane. Yen marang bandung maneh mesti mampir maneh.,Mampir ke bandung. Mencari ramen. Yang katanya lagi kekinian. Harganya setimpal sesuai dengan rasanya. Kalau ke bandung lagi pasti mampir lagi.,Rasanya sekarang kekinian. Harga setimpal sama rasanya. Bila ke bandung lagi pasti mampir lagi.,0.9357762932777405
"Yen ana sing salah karo tindak tanduke aku entuk kok ngomong langsung karo aku, aja ngomong ing mburi. Ora asik kaya ngono. Pengecut!","Kalau ada yang salah dengan tingkah laku aku boleh kok bicara langsung ke aku, jangan bicara di belakang. Tidak asik kayak begitu. Pengecut!","Kalau ada yang salah dengan tindak tanduk saya terima kok bicara langsung dengan saya, jangan mengomong di mburi. Tidak asik seperti itu. Pengecut!",0.9400408864021301
Tolong konfirmasi kanggo pangiriman ing alamat panampa sing dileksanakake dina iki utawa dina ngesok mas suwun,Mohon konfirmasi untuk pengiriman ke alamat penerima akan dilakukan hari ini atau esok hari kak terima kasih,Tolong konfirmasi untuk pengiriman di alamat panampa yang dileksanakan hari ini atau hari esok mas suwun,0.8921838998794556
Panggen parkire kurang amba. Lan nganyelne banget lak pas awakdewe mangan terus dikongkon ngge mindahne mobil merga ana wong liya sing bar mangan lan arepe metu kendaraane. Iku ngganggu banget.,Tempat parkirnya kurang luas. Dan menyebalkan banget kalau pada saat kita makan kemudian disuruh untuk memindahkan mobil karena ada orang lain yang selesai makan dan akan keluar kendaraannya. Itu sangat mengganggu.,Panggen parkir kurang luas. Dan mengganggu banget lak kalau awaknya makan terus dikongkon ke mindahne mobil karena ada orang lain yang bar makan dan akan datang kendaraannya. Iku ganggu sekali.,0.9155650734901428
"Ya ngono sih, kesadharan tanggung jawab mahasiswa saiki kuwi kurang tenan. Akeh-akehe ora tanggung jawab kanthi apa sing uwis dadi tugase.","Ya gitu sih, kesadaran akan tanggung jawab mahasiswa sekarang itu kurang sekali. Kebanyakan tidak bertanggung jawab dengan apa yang sudah jadi tugasnya.","Rasanya sih, kesadharan tanggung jawab mahasiswa sekarang ini kurang banget. Banyak-banyak tidak tertanggung dengan apa yang sudah jadi tugasnya.",0.9383070468902588
"Sega uduk iki ana ing dalan rajiman lan bukake saka sore nganti mbengi. Menune si cukup sederhana, mung sega uduk lan aneka warna pelengkape. Biasane aku mangan sega udu karo pithik goreng lan sambel, sambele ora patia pedes.","Nasi uduk ini ada di jalan rajiman dan bukanya dari sore sampai malam. Menunya sih cukup sederhana, hanya nasi uduk dan berbagai pelengkapnya. Biasanya saya makan nasi uduk sama ayam goreng dan sambal, sambalnya tidak terlalu pedas.","Rotan uduk ini ada di jalan rajiman dan buka dari pagi sampai malam. Menunya si cukup sederhana, hanya daging goreng dan sambel, sambal tidak terasa pedes.",0.9402033686637878
Ngomong-ngomong indomie pisanan ning 2018 ku mambengi tibake enak,Anw indomie pertama di 2018 ku semalam ternyata nikmat,Ngomong-ngomong indomie pertama di 2018 ku teman-teman tiba-tiba enak,0.8900889754295349
"Saksitike kertu internetku ora kenek digawe padahal kuota lokal e isik, aku manggon ning panggonan sing aktivasi lan kertune uga wis didaftarne.","Minimal kartu internet saya tidak dapat digunakan padahal kuota lokal masih, saya berada di lokasi aktivasi dan kartu juga sudah registrasi","Saksitiknya kertu internet saya tidak bisa dibuat padahal kuota lokal e isik, saya datang di tempat yang aktivasi dan kartunya juga sudah didaftarkan.",0.9258541464805603
Hypermart saiki ngenehi diskon 20% kanggo produk seger saben dina senen - kemis kanthi mandiri kartu hypermart,Hypermart sedang memberikan diskon 20% untuk produk segar setiap hari senin - kamis dengan mandiri kartu hypermart,Hypermart sekarang menyediakan diskon 20% untuk produk segar tiap hari senen - malam dengan mandiri kartu hypermart,0.9563076496124268
Pengen nesu wae aku karo indosat,Mau marah saja aku sama indosat,Pengen marah saya,0.8264942169189453
Karo ngenteni wektu ganti tahun dhewe njajal marang rene. Dhewe wong loro pesen pirang-pirang sushi. Ombeane milktea karo es krim vanilla nganggo batok krambil. Kanggo sushine lumayan nanging kakehan segane kayane. Nanging rasane enak. Regane kajangkau.,Sambil menunggu waktu pergantian tahun kita coba ke sini. Kita berdua pesan beberapa sushi. Minumannya milktea sama eskrim vanilla dengan batok kelapa. Untuk sushinya lumayan tapi kebanyakan nasinya sepertinya. Tetapi rasanya enak. Harganya terjangkau.,Rasanya lumayan tapi tidak ada makanan yang sama. Tapi rasanya enak. Harganya terjangkau.,0.8880476951599121
"Endi laporanku ora diproses-proses. Magu duitku ora bakal dibalikne, padahal pulsa lan kuotaku ilang.","Mana laporan aku tidak diproses-proses. Ragu duit aku akan dikembalikan, padahal pulsa dan kuota aku hilang.","Sekarang laporan saya tidak diproses-proses, padahal pulsa dan kuota saya hilang.",0.9523648023605347
"Dhewe kuciwa tenan karo pelayanan karyawan lion ing gate a6 bandar udara cengkareng. Aku diapusi, barang rusak lan reged satibane ing tujuan.","Kami sangat kecewa dengan pelayanan karyawan lion di gate a6 bandar udara cengkareng. Saya dibohongi, barang rusak dan kotor tiba tujuan.","Dhewe suka sekali dengan pelayanan karyawan lion di gate a6 bandar udara cengkareng. Saya diapus, barang rusak dan reged setibanya di tujuan.",0.9464997053146362
Sing paling nguciwakake yaiku nalika pimpinan ora isa mbedakake lan ora gelem ngerti endi negarawan lan endi politisi kotor,Yang paling mengecewakan adalah ketika pemimpin tak bisa bedakan dan tak mau tahu mana negarawan dan mana politisi kotor,Sing paling menguciwakakan adalah saat pimpinan tidak bisa membedakan dan tidak ingin tahu apa negarawan dan apa politisi kotor,0.9225027561187744
"Bubur iwak pitik sing lumayan rekomendasi ning sekitaran bandung, panggone strategis gampang digoleki, regane ora ngrogoh sak, panggone mesti rame diparani pengunjung mben dina nyambut gawe lan akhir minggu merga rasane sing enak.","Bubur ayam yang lumayan rekomendasi di sekitaran bandung, tempatnya strategis mudah dicari, harganya tidak merogoh kantong, tempatnya selalu ramai didatangi pengunjung setiap hari kerja maupun akhir pekan karena rasanya yang enak.","Bubuh ikan pitik yang lumayan rekomendasi di sekitar bandung, tempat strategis mudah dicari, harga tidak terlalu mahal, makanannya enak.",0.926205039024353
"Teka ing panggonan iki kanggo ngaso sakbanjure sayah macet ing lelungan, panganane oke, nanging jajan-jajane mantep, dadi kabayarake.","Mengunjungi tempat ini untuk istirahat setelah cape macet di perjalanan, makanan oke, tapi kue-kuenya mantap, jadi terbayarkan.","Teka di tempat ini untuk nongkrong kembali sayah macet di jalan, makanan oke, tapi jajan-jajannya mantep, jadi dibayarkan.",0.9174139499664307
"Terus aku sia-sia no nganyari nomer hape paling anyar nyang pelayanan pelanggan cabang bni lak data ning bni isik nomer hape lawas, piye seh pelayanane!","Lalu saya percuma dong update nomor telepon genggam terbaru ke pelayanan pelanggan cab bni kalau data di bni masih nomor handphone lama, bagaimana sih pelayanannya!","Terus saya sia-sia no menggunakan nomer hape paling anyar ke pelayanan pelanggan cabang bni karena data di sini hanya satu nomor telepon lama, piye seh servicenya!",0.8924655914306641
"Aku wis kerep mara nikmati panganan ning roemah nenek. Aku seneng karo kahanane sing nyaman dinggo mangan bareng keluarga. Ning dina-dina tertentu ana tontonan musik langsung. Panganane uga nduwe pilian sing rena-rena saka tradisional, asia, sampek panganan kidulan","Saya sudah sering kali datang menikmati makanan di roemah nenek. Saya suka dengan suasananya yang nyaman untuk makan bersama keluarga. Di hari-hari tertentu ada hiburan live musik. Makanannya pun punya pilihan yang beragam dari yang tradisional, asia, sampai makanan barat","Aku sudah lama menikmati makanan di roemah nenek. Saya suka dengan suasana yang nyaman untuk makan bersama keluarga. Di hari-hari tertentu ada tontonan musik langsung. Makanannya juga punya pilihan yang sangat menarik dari tradisional, asia, sampai nasi kidulan.",0.9642080664634705
"Akeh wong sing ora seneng nggo berobat nyang dokter. Ora mung kerna mbayare sing relatif lumayan larang dingge separone wong, nyang dokter ora selawase isa marekne. Akeh dokter sing salah diagnosis. Apa penting utawa wis lumrah, toh dokter uga manungsa.","Banyak orang yang kurang suka untuk berobat ke dokter. Selain biaya yang relatif cukup mahal bagi sebagian orang, ke dokter tak selamanya bisa menyembuhkan. Banyak dokter yang salah diagnosa. Pentingkah ataukah sudah lumrah, toh dokter juga manusia.","Akeh orang yang tidak suka untuk berobat ke dokter. Tidak hanya karena harga yang relatif lumayan mahal untuk separo orang, ke klinik tidak selalu bisa sampai. Banyak doktor yang salah diagnosis. Apa penting atau sudah lumrah, toh medik juga manusia.",0.9400373101234436
"Pelayanane apik, panggen parkir lumayan amba, kebon stroberi amba lan akeh stroberi sing wis cukup abang nggo dipethil. Panganan ning restoran rena-rena banget, rasane enak, sambel stroberine unik lan enak. Sega liwet stroberi kudu dijajal. Sejauh iki kabeh menu sing tak pangan ora ana sing nggarai gela rekomendasi banget dinggo dolane keluarga","Pelayanan baik, tempat parkir cukup luas, kebun stroberi luas dan banyak stroberi yang sudah cukup merah untuk dipetik. Makanan direstoran sangat beragam, rasanya enak, sambal stroberinya unik dan enak. Nasi liwet stroberi harus dicoba. Sejauh ini semua menu yang saya makan tidak ada yang mengecewakan sangat rekomendasi untuk wisata keluarga","Pelayanan bagus, tempat parkir lumayan besar, kebon stroberi banyak dan banyak strober yang sudah cukup hitam untuk dipetik. Makanan di restoran sangat menyenangkan, rasanya enak, sambal stroberine unik dan nikmat. Sejauh ini semua menu yang saya makan tidak ada yang menyebabkan gela rekomendasi banget buat keluarga.",0.944158136844635
"Demi apa wae tes cpns marakna macet, sialannnnnnn","Demi apa pun tes cpns bikin macet, sialannnnnnn","Demi apa saja tes cpns marak macet, sialannnnnnn",0.9583526253700256
"Ngenteni panganan suwi banget, pelayane galak, pas mangan pas kuwi aku pesen pizza tekone eh gosong nganti kasire pas aku mbayar ora ngguyu, pelayanane payah.","Menunggu makanannya lama banget, waitressnya galak, pas makanannya saat itu saya pesan pizza datang eh gosong sampai kasirnya pun pas saya bayar tidak senyum, pelayanannya payah.","Ngenteni makanan suwi banget, pelayan galak, pas makan pas itu saya pesen pizza tekon eh gosong sampai kasire pas saya bayar tidak berguyu, pelayanan payah.",0.9110651612281799
