javanese,ground_truth,generated,bertscore
"Cepak saka hotelku nginep, namung digawa mlaku, ing kene akeh tenan pilian panganane, panggonane sing amba, lan nyenengake","Dekat dengan hotel saya menginap, hanya ditempuh jalan kaki, di sini banyak sekali pilihan makanannya, tempat yang luas, dan menyenangkan","Saya menginap di hotel yang jauh, hanya perlu berjalan kaki, di sini banyak sekali pilihan makanannya, tempatnya yang nyaman, dan menyenangkan.",0.9597514271736145
"Iya bener, deknen lagi jaga warung.","Iya benar, dia sedang jaga warung.","Ya benar, dia sedang menjaga warung.",0.9841433763504028
Kangkunge lumayan nanging yuyu saus padange nguciwakake dhewe dikei yuyu sing kopong akhir dhewe ora mangan yuyune lan dibalekake.,Kangkungnya lumayan tapi kepiting saus padangnya mengecewakan kami dikasih kepiting yang kopong akhir kami tidak makan keptingnya dan dikembalikan.,"Rasanya lumayan, tapi sausnya tidak terasa karena sausnya kosong sendiri, jadi tidak dimakan yuyunya dan dibuang saja.",0.8793903589248657
"Manggon nang braga city walk sing sak gedung karo aston lan fave hotel, panggon iki nyaman banget dinggo nyangkruk-nyrangkruk. Kopi campur teh sing anyar lagek pisan iki aku njajal tibake enak banget, dipadu karo endog setengah mateng dadi kanca jagongan karo kanca-kanca. Panggon sing bebas rokokan tambah nyenengne karo nikmati pemandangan wira-wiri wong-wong sing mlebu metu mal iki.","Bertempat di braga city walk yang satu gedung dengan aston dan fave hotel, tempat ini sangat nyaman buat kongkow-kongkow. Kopi campur teh yang baru pertama kali saya nikmati ternyata sangat enak, dipadu dengan telur setengah matang menjadi pendamping mengobrol bersama teman-teman. Area yang bebas merokok semakin mengasyikkan sambil menikmati pemandangan lalu lalang orang-orang yang keluar masuk mal ini.","Saya sedang berjalan-jalan di kota Braga, melewati gedung-gedung seperti hotel Aston dan Fave Hotel. Tempat ini sangat nyaman untuk bersantai-santai. Kopi campur teh yang baru ini saya coba, rasanya enak sekali, dipadukan dengan endog setengah matang menjadi teman ngobrol bersama teman-teman. Tempat yang bebas rokok juga menambah kesenangan dan menikmati pemandangan orang-orang yang lalu lalang di jalanan malam ini.",0.9214543104171753
"Gianyar nompo bantuan sosial 2018 gedene rp 44, 9 milyat","Gianyar terima bantuan sosial 2018 sebesar rp 44, 9 miliar","Gianyar menerima bantuan sosial 2018 sebesar Rp 44,9 milyar.",0.9222225546836853
Iki salah siji conto generasi sing ora kangge. Ora malah migunani dinggo bangsa nanging malah dadi sesuatu sing mbahayani dinggo bangsa! Mantep jeraten ae nggawe uu ite,Ini salah satu contoh generasi yang tidak berguna. Bukan malah bermanfaat untuk bangsa tapi malah jadi sesuatu yang berbahaya bagi bangsa! Mantap jerat saja pakai uu ite,"Ini salah satu contoh generasi yang tidak bermanfaat bagi bangsa, malah membahayakan bangsa! Sangat memalukan membuat UU ITE seperti ini.",0.9168978929519653
"Sore konco, wektu iki lagi dilakokne pemeliharaan dadi aplikasi ora isa diakses.","Sore sahabat, saat ini sedang dilakukan pemeliharaan sehingga aplikasi tidak dapat diakses.","Selamat sore teman, saat ini sedang berlangsung pemeliharaan sehingga aplikasi tidak dapat diakses.",0.9707456827163696
Tenan ringkih dhewe iki aku uga jiden saktenane,Memang lemah kita ini aku juga penakut sebenarnya,Aku juga merasa sangat kesepian dengan diri sendiri ini.,0.8573973178863525
"Terakhir nyang hanamasa regane 120 ewu / wong. Nanging puase luwih saka iku. Isa njupuk panganan sakpuase, nanging rasa ora nggelakne, pinter-pintere awakdewe ae ngeracik dewe. Lak penggemar daging sapi mesti seneng mrene","Terakhir ke hanamasa harganya 120 ribu / orang. Tapi puasnya lebih dari itu. Bisa ambil makanan sepuasnya, tapi rasa tidak mengecewakan, pintar-pintar kita saja meracik sendiri. Kalau penggemar daging sapi pasti suka ke sini","Terakhir yang hanamasa harganya 120 ribu / orang. Tapi puasnya lebih dari itu. Bisa mengambil makanan sepuasnya, tapi rasanya tidak enak, pintar-pintar saja membuat sendiri. Penggemar daging sapi pasti senang di sini.",0.9574993848800659
"Kanggo menyang ing the peak mesthi wae karasa adoh banget saka pusat kutha bandung, lan aksese sing lumayan mbingungake lan dalan cilike mbelak-mbelok. Nanging kowe bisa ora bakal kesasar amarga meh ing saben enggokan ana tanda marang ing the peak. Panggonane apik banget kanggo kowe sing nggolek suasana mbengi romantis, kanthi pemandangan mbengi kutha sing apik tenan.","Untuk menuju ke the peak memang terasa sangat jauh dari pusat kota bandung, dan aksesnya yang agak membingungkan dan jalan kecil berkelok-kelok. Namun anda mungkin tidak akan tersesat karena hampir di tiap belokan ada signage menuju ke the peak. Tempatnya sangat bagus untuk anda yang mencari suasana malam romantis, dengan pemandangan malam kota yang menakjubkan.","Untuk mencapai puncak memang terasa sangat jauh dari pusat kota Bandung, dan aksesnya cukup membingungkan serta jalan berkelok-kelok. Namun, kamu tidak akan tersesat karena hampir di setiap tumpukan ada tanda menuju The Peak. Tempatnya sangat bagus untuk kamu yang mencari suasana malam romantis, dengan pemandangan malam kota yang indah sekali.",0.9568058848381042
Kebon raya bogor isa didadekne salah siji tujuan destinasi wisata,Kebun raya bogor bisa dijadikan salah satu tujuan destinasi wisata,Kebun raya Bogor bisa dijadikan salah satu tujuan destinasi wisata.,0.9659962058067322
"The peak panggone ning cedeke lembang, waratan duwur ning bandung sing adem lan panggone sing apik banget nanging dalan ngge moro panggonan iki kelok-kelok banget lan tikungan landep lan curam, ora disarane dingge motoran pas udan-udan lan wengi. Ning the peak ana nggen mangan sing pemandangane kutha bandung sing indah saka nggunung, rega panganane sing larang banget lan ora sumbut.","The peak berlokasi di dekat lembang, dataran tinggi di bandung yang sejuk dan lokasi yang sangat baik namun jalan untuk mencapai tempat ini sangat berkelok disertai tikungan tajam nan curam, tidak disarankan untuk berkendara saat hujan dan malam hari. Di the peak terdapat restoran dengan pemandangan kota bandung yang indah dari perbukitan, harga makanan yang sangat mahal dan sangat tidak sesuai.","Puncak Panggone Nglenggeng sangat lembap, jalur pendakiannya tinggi dan Bandung yang sejuk serta pemandangan yang sangat indah tetapi jalurnya sangat menantang dan tikungan tajam serta curam, tidak disarankan saat hujan-hujan dan malam hari. Namun, puncak ini bagus untuk menikmati pemandangan kota Bandung yang indah dari gunung, harganya sangat mahal dan tidak disebutkan.",0.9097909927368164
Aku kapok nganggo jasa lion air,Saya kapok menggunakan jasa lion air,Aku kapok memakai jasa Lion Air.,0.92109614610672
Akeh bab sing isa dhewe tindakake kanggo ngisi wektu luwang.,Banyak hal yang dapat kita lakukan untuk mengisi waktu luang.,Ada banyak bab yang bisa saya ikuti untuk mengisi waktu luang.,0.9578115344047546
Saya apatis ngelaporake bab-bab kaya iki. Amarga nganti minggu wingi isih tetep hurung digarap. Mung janji-janji terus.,Semakin apatis melaporkan hal-hal seperti ini. Karena sampai minggu lalu masih tetap belum dikerjakan. Hanya janji-janji terus.,Saya merasa apatis melaporkan hal-hal seperti ini. Karena sampai minggu lalu masih tetap sama dalam penggarapan. Hanya janji-janji terus.,0.9596443176269531
Rega dhuwur banget porsi sithik banget ora janji maneh aku teko kanggo kepindho. Panganane ora beda adoh karo emakku dong!,Harga selangit porsi seiprit tidak janji lagi saya datang untuk yang kedua kali. Masakannya tidak beda jauh sama ema saya dong!,"Rega sangat tinggi porsinya sangat sedikit, tidak janji lagi aku datang untuk bersama lagi. Makanan tidak jauh berbeda seperti ibuku dong!",0.9057920575141907
"Anyar lan kashediya, 5 sekat mangan awan kotak kotak mangan yooyee kotak bekal anti bocor 590","Baru dan tersedia, 5 sekat makan siang kotak kotak makan yooyee kotak bekal anti bocor 590","Baru dan bagus, 5 kotak makan siang kotak-kotak kotak mangan yooyee kotak bekal anti bocor 590",0.9594883918762207
"Ora ngerti ya kenangapa resto iki manggoni ranking 12 saka 1800an resto sing ana ing jakarta. Regane larang! Panggonane ndhelik, lan rasa panganane biasa bae. Aja percaya banget karo review sing nyesatake.","Tidak mengerti ya kenapa resto ini menduduki peringkat 12 dari 1800an resto yang ada di jakarta. Harga mahal! Lokasi tersembunyi, dan rasa makanan biasa saja. Jangan terlalu percaya sama review yang menyesatkanlah.","Saya tidak mengerti mengapa restoran ini selalu mendapat peringkat 12 dari 1800 restoran di Jakarta. Harganya mahal! Lokasinya sempit, dan rasanya biasa saja. Jangan terlalu percaya dengan ulasan yang menyesatkan.",0.9436880350112915
Bledosan ning aksi protes ning afghanistan mateni wong 68,Ledakan dalam aksi protes di afghanistan tewaskan 68 orang,Tembakan terhadap aksi protes di Afghanistan yang menewaskan 68 orang.,0.9239992499351501
"Aku teka marang restoran kuwi bareng karo kancaku. Kancaku kakehan kaget ndhelok pemandangane sing apik tenan ing mbengi. Aku ndhuweni kasempatan njajal stik impore, enak tenan apa maneh sause. Mmm yummi. Yen ana kasempatan aku pengen teka maneh marang kana.","Saya berkunjung ke restoran itu bersama dengan teman saya. Teman saya kebanyakan terkejut melihat pemandangannya yang sangat indah di malam hari. Saya berkesempatan mencoba steak impornya, sangat enak apalagi sausnya. Mmm yummi. Kalau ada kesempatan saya ingin berkunjung lagi ke sana.","Aku datang ke restoran ini bersama temanku. Temanku sangat terkejut melihat pemandangannya yang indah sekali. Aku punya kesempatan untuk mencoba stik impor, enak sekali atau bahkan lebih, Sayang. Mmm yummi. Jika ada kesempatan, aku ingin kembali ke sana.",0.9356791377067566
Akses menyang dusun bambu isa ditekani kira-kira ing wektu 1 - 2 jam nganggo mobil pribadi. Mara menyang dusun bambu diusahakake pas wektu wengi amarga awake dhewe isa ndelok cetha pemandangan sing ana lan wektu sing pas kanggo mangan wengi.,Akses menuju dusun bambu bisa ditempuh kira-kira dalam waktu 1 - 2 jam menggunakan mobil pribadi. Berkunjung ke dusun bambu diusahakan saat petang hari karena kita dapat melihat jelas pemandangan yang ada dan waktu yang pas untuk makan malam.,Akses ke dusun bambu bisa ditempuh kira-kira 1-2 jam menggunakan mobil pribadi. Lebih baik menuju dusun bambu pada waktu malam karena pemandangannya lebih jelas dan waktu yang tepat untuk makan malam.,0.9491164088249207
"Panganane oke padha karo xo suki liyane. Nanging sanajan dina prei gedhe kaya badha iki udhu artine meseme prei lan pesenan ombe, lan liya-liyane kudu mesen ping akeh. Tulung dijaga kepuasan pelanggane. Matur suwun,","Makanan oke sama seperti xo suki lainnya. Tetapi walaupun hari libur besar seperti lebaran ini bukan berarti senyumnya libur dan order minum, dan lain-lain harus order berkali-kali. Tolong di jaga kepuasan pelanggannya. Terima kasih.","Makananannya oke padahal sudah pesan lain. Tapi meskipun hari ramai seperti ini, tetap berarti pelayanan yang baik dan pesanan yang banyak, serta lain-lain harus memesan banyak. Tolong jaga kepuasan pelanggannya. Terima kasih.",0.9103472828865051
"Restoran iki yaiku panggon kuliner sing wajib diparani umpama nyang bandung. Ora mung panganane sing manjakne ilat panganan sunda banget, restoran iki uga dibangun nganggo konsep mangan santai ning jero kali dadi nawarne pengalaman kuliner sing berkesan banget. Kudu dijajal dinggo sopo ae sing nyang bandung.","Restoran ini adalah sebuah destinasi kuliner yang wajib dikunjungi bila ke bandung. Selain makanan yang sangat memanjakan lidah makanan sunda, restoran ini juga dibangun dengan konsep makan santai di dalam saung yang dikelilingi alam hutan dan pegunungan yang dihias pepohonan rindang dan dihibur oleh gemericik air sungai sehingga menawarkan pengalaman kuliner yang teramat mengesankan. Harus dicoba bagi siapapun yang ke bandung.","Restoran ini adalah tempat kuliner yang wajib dikunjungi jika ke Bandung. Bukan hanya makanannya yang menarik, restoran ini juga dibangun dengan konsep makan yang santai namun interiornya didominasi warna-warna yang memberikan pengalaman kuliner yang sangat berkesan. Wajib dicoba oleh siapa saja yang ke Bandung.",0.9143791794776917
Mbalik ngaktifne paket data indosat merga isa akses youtube unlimited.,Kembali mengaktifkan paket data indosat karena dapat akses youtube unlimited.,Paket data Indosat sudah aktif kembali karena bisa mengakses YouTube tanpa batas.,0.9310445785522461
Aku nembe ngerti ketemu kancaku sek makarya nang trans tv,Saya baru saja bertemu teman saya yang bekerja di trans tv,Aku baru mengerti bertemu kancanku sek untuk syuting di Trans TV.,0.8819111585617065
"Omah mangan ning dalan anggrek iki nduwe keistimewaan jenis seafood sing rena-rena lan ana sing isih urip dinggo dipilih lan dimasak pas kuwi uga. Rena-rena jenis panganan isa dipilih lan wektu ngenteni sing sediluk nggarai adewe ora tek kesuwen keluwen ngenteni. Menu kerapu kukuse enak banget lan gurih, apa meneh lak dimasak karo iwak sing isih seger. Lokasine lumayan adem, regane mirah.","Rumah makan di jalan anggrek ini memiliki keistimewaan jenis seafood yang beragam dan ada yang masih hidup untuk dipilih dan dimasak saat itu juga. Berbagai jenis masakan dapat dipilih dan waktu tunggu yang singkat membuat kita tidak terlalu lama kelaparan menunggu. Menu kerapu kukusnya sangat enak dan gurih, apalagi bila dimasak dengan ikan yang masih segar. Lokasi cukup sejuk, harga murah.","Rumah makan di jalan anggrek ini memiliki keistimewaan jenis seafood yang beragam dan ada yang masih hidup untuk dipilih dan dimasak saat itu juga. Pilihan jenis makanan bisa dipilih dan waktu tunggu yang biasanya membuat lapar tidak akan sulit lagi untuk menunggu. Menu kerapu kukus sangat enak dan gurih, apa lagi yang tidak dimasak dengan ikan yang masih segar. Lokasinya cukup sejuk, harganya mahal.",0.971505343914032
"Kaya biasane awakdewe mesti golek kuliner sing liya timbangane sing liyane, awakdewe entuk ning panggen iki yaiku the restaurant padma hotel. Awakdewe pesen menu sing ana. Ana saka indonesia, eropa lan cina, tibake kabeh masakane enak kabeh.","Seperti biasa kami selalu mencari kuliner yang lain daripada yang lain, dapatlah kami di tempat ini yaitu the restaurant padma hotel. Kami memesan menu yang ada. Ada dari indonesia, eropa dan chinese, ternyata semua masakannya enak semuanya.","Kaya biasanya, kami mencari kuliner lain selain yang lain, kami mendapatkan makanan ini yaitu restoran Padma Hotel. Kami memesan menu yang ada. Ada dari Indonesia, Eropa, dan Cina, semuanya masakannya enak semuanya.",0.946479320526123
Iya kuwi sing nggawe aku kesel. Iki udu salahe sing ngelamar nanging jelas 100% salahe pihak sing ana ing ndhuwur sing embuh piye carane dheweke koordinasi. Nyesek aku kuwi sanajan iki kasus kancaku sing ing lampung.,Iya itu yang bikin saya kesal. Ini bukan kesalahan sang pelamar tapi jelas 100% kesalahan pihak yang di atas yang entah bagaimana cara mereka berkordinasi. Nyesek saya itu walaupun ini kasus teman saya yang di lampung.,"Ya, itu yang membuatku kesal. Ini memang tidak salah orang yang melamar, tetapi jelas-jelas pihak yang ada di atas yang tahu bagaimana cara berkoordinasi. Aku sedih karena itu, meskipun ini kasus temanku yang di Lampung.",0.9280735850334167
"Pelayanane cukup suwi, nanging suwasanane sing diwenehi apik lan unik, dadi karo ngenteni panganan isa nikmati suwasana ing restoran iki, menu sing disajikake aneka werna lan enak,","Pelayanannya agak lama, tetapi suasana yang diberikan keren dan unik, jadi sambil menunggu makanan bisa menikmati suasana di resto ini, menu yang disajikan beragam dan enak,","Pelayanannya cukup cepat, tetapi makanannya yang diberikan baik dan unik, jadi dengan menunggu makanan bisa menikmati hidangan dengan nikmat di restoran ini, menu yang disajikan beragam dan lezat.",0.9552058577537537
"Panganan ing kene enak-enak kanthi akeh variasine. Kabehane enak kanthi pemandangan apik. Pelayanane sing maksimal saka mbak diah lan gina saka ngewiwiti teka nganti rampung, dilayani kanthi apik tenan.","Makanan di sini enak-enak dengan banyak variasi. Semuanya enak dengan pemandangan bagus. Pelayanan yang maksimal dari mbak diah dan gina dari awal datang sampai selesai, dilayani dengan sangat baik.","Makanan di sini enak-enak sekali dengan banyak variasinya. Seluruhnya enak dengan pemandangan yang bagus. Pelayanannya maksimal dari Mbak Diah dan Gina, mulai dari datang hingga selesai, dilayani dengan sangat baik.",0.9560580849647522
"Ana ing ajang piala dunia 2018 sesuk, telkomsel njupuk bagian minangka pandukung penyiaran resmi ing perhelatan sepak bola donya kasebut.","Dalam ajang piala dunia 2018 nanti, telkomsel mengambil bagian sebagai pendukung penyiaran resmi dalam perhelatan sepak bola dunia tersebut.","Pada Piala Dunia 2018, Telkomsel mengambil bagian sebagai penyiar resmi dalam perhelatan sepak bola dunia tersebut.",0.9637000560760498
De'e biasane tuku tisu paseo,Dia biasanya membeli tisu paseo,Dia biasanya membeli tisu toilet.,0.9152567386627197
"Buse ora nyaman, mbak, ora sumbut karo sing diomongne bosmu, urung maneh panganane kurang enak banget, terus panggon wisata tujuane sing nggelakne:","Busnya tidak nyaman, mbak, tidak sesuai dengan yang diomongin atasan Anda, belum lagi makanannya kurang enak banget, lalu tempat wisata tujuannya yang mengecewakan:","""Ini tidak nyaman, Mbak, tidak mau disapa oleh orang yang diomongkan bosmu, jadi tidak mau makan lagi rasanya kurang enak sekali, dan tujuan wisata yang dijanjikan itu mengecewakan:""",0.906769871711731
"Cukup gampang golek lokasi iki, mung ngikuti wae arah menyang tengah kota. Mengko ning kiwa dalan ketok parkiran mobil sing cukup akeh, nengkono panggonan kafe iki. Rasane kafe iki pancen arang sepi, pengunjunge akeh banget.","Cukup mudah mencari lokasi ini, tinggal mengikuti saja arah ke tengah kota. Nanti di kiri jalan terlihat parkiran mobil yang cukup banyak, disitulah tempat kafe ini. Rasanya kafe ini memang jarang sepi, banyak sekali pengunjung.","Cukup mudah mencari lokasi ini, cukup ikuti saja arah menuju tengah kota. Kemudian ke kiri jalan, temukan parkiran mobil yang cukup banyak, dan tempat kafe ini berada. Rasanya kafe ini benar-benar ramai, pengunjungnya banyak sekali.",0.9568391442298889
"Gela aku karo provider iki, nganti sebel, nesu, emosi, aku metu, gara gara, sinyal sing ora bener.","Kecewa saya dengan provider ini, sampai kesal, marah, emosi, saya keluar, gara gara, sinyal yang tidak benar.","Saya kesal dengan provider ini, sampai sebel, marah, emosi, saya putus, gara-gara, sinyal yang tidak benar.",0.9720634818077087
"Sarung bantal, seprei lan slimute uwis ora putih...terus temboke wes akeh lumut..","Sarung bantal, seprai dan selimutnya tidak lagi putih...trus dindingnya sudah banyak lumut..","Sarung bantal, seprei dan sprei sudah tidak putih...terus tempatnya sudah banyak lumut.",0.9465742111206055
"Lan pas dheweke teka, saya rusak wae iki acara. Gilo banget aku karo dheweke, asli! Ngapuro yoo aku ora seneng banget karo dheweke","Dan ketika dia tiba, makin rusak saja ini acara. Jijik banget gue sama dia, asli! Maaf yaah gue enggak suka banget sama dia","Ketika dia datang, aku hanya merusak acara ini saja. Aku sangat menyukainya dengannya, asli! Aduh, aku tidak terlalu senang dengannya.",0.9097527861595154
"Dhewe ana acara mangan mbengi wektu kuwi, es krime ora dipisah karo espresso dadi ora isa nyampur sing cocok karo selerane awakedhewe. Salmon steake uga kurang seger, kulit salmone atos, ketoke suwi ing kulkas utawa freezer. Sanajan iku menu utama sing kudune enak.","Kami ada acara makan malam waktu itu, ice krimnya tidak dipisahkan dengan espresso jadi tidak bisa mencampur sesuai selera masing-masing. Salmon steaknya juga kurang segar, kulit salmonnya keras, keliatannya lama di kulkas atau freezer. Padahal itu menu utama yang seharusnya enak.","Saya ada di acara makan yang membuang-buang waktu itu, es krim tidak dipisahkan dari espresso sehingga tidak bisa dicampur sesuai selera sendiri. Steak salmon juga kurang segar, kulit salmonnya keras, sepertinya sudah lama di kulkas atau freezer. Meskipun itu menu utama yang seharusnya enak.",0.9536490440368652
"Panggonane gampang ditemukake. Resik lan higienis, pelayanane apik, dhewe bisa diskusi babagan panganan kang kasadia. Asik.","Tempatnya mudah ditemukan. Bersih dan higienis, pelayanannya bagus, kita bisa diskusi tentang masakan yang tersedia. Asik.","Tempatnya mudah ditemukan. Bersih dan higienis, pelayanannya baik, dan bisa berdiskusi tentang makanan yang tersedia. Asik.",0.9806357622146606
Buffet mangan mbengi paling top. Regane pas karo sing dientukake. Rasane enak piliane akeh. Regane kadang didiskon yen teko rombongan. Sukses terus ya.,Buffet makan malam paling top. Harga sesuai yang didapat. Rasanya enak pilihannya banyak. Harga kadang didiskon jika datang rombongan. Sukses selalu ya.,"Buffet makan paling enak nomor satu. Harganya pas dengan yang disajikan. Rasanya enak, pilihannya banyak. Harganya kadang diskon kalau datang bersama. Sukses terus ya.",0.9525574445724487
Panggon sing apik yen dinikmati wengi. Cukup nyaman. Ragane lumayan murah. Senenganku stik tenderloine. Cukup enak.,Tempat yang bagus kalau dinikmati malam hari. Cukup nyaman. Harga cukup terjangkau. Favorit saya steak tenderloinnya. Cukup enak.,Tempatnya bagus untuk menikmati malam. Cukup nyaman. Harganya lumayan murah. Aku senang dengan steak tenderloin. Cukup enak.,0.9602717757225037
"Njajal kanggo buka puasa ing kene. Kanggo rega sing kagolong larang ana ing antara hotel berbintang sakelasae, rasa sing ditawakake tenan nguciwakake. Pastane ora ana rasane, panganan liyane uga ora ana rasane. Beda tenan karo apa sing biasa ditawakake. Lan pelayanane uga kurang profesional pas ngelakoni pembayaran nganggo kartu kredit.","Mencoba untuk buka puasa di sini. Dengan harga yang tergolong mahal di antara hotel berbintang sekelasnya, rasa yang ditawarkan sangat mengecewakan. Pastanya hambar, makanan lain juga hambar. Sangat berbeda dengan apa yang biasa ditawarkan. Dan pelayanan juga kurang profesional pada saat melakukan pembayaran dengan mengunakan kartu kredit.","Saya mencoba untuk berpuasa di sini. Harganya sangat mahal, bahkan lebih mahal dari hotel bintang-bintang lainnya. Rasanya tidak enak sama sekali. Pastinya tidak ada rasa, makanan lain juga tidak ada rasanya. Berbeda jauh dengan yang biasanya disajikan. Dan pelayanannya juga kurang profesional saat menerima pembayaran dengan kartu kredit.",0.9234879016876221
"Aku uga bingung loh, sing ndukung tokoh kuwi meh kabeh setipe bisane mung ngenyek-ngenyek, fitnah, tembung-tembung kasar, nyebarna isu ngapusi, ngutamakake emosi, akal sehate ora pernah dinggo.","Gue juga bingung loh, pendukung tokoh itu hampir semuanya setipe bisanya cuma maki-maki, fitnah, kata-kata kasar, menyebar isu bohong, mengutamakan emosi, akal sehat tidak pernah dipakai.","Aku juga bingung juga, orang yang mendukung tokoh itu hampir semuanya sama saja bisa hanya mengejek, fitnah, menggunakan kata-kata kasar, menyebarkan isu palsu, mengutamakan emosi, akal sehatnya tidak pernah digunakan.",0.9506956934928894
"Omah mangan nusa indah saiki gelakne ah. Reget, uwong ditokne wae ngrokok ning ruangan nggo ac, pangganan suwe tekane.","Rumah makan nusa indah sekarang mengecewakan ah. Kotor, orang didiamkan saja merokok di ruangan ber ac, makanan lama datangnya.","Rumah makan di Nusa indah sekali sekarang sedang ramai. Sedih, orang-orang hanya merokok di ruangan itu untuk bersantai, lama lagi.",0.8957588076591492
Nadia nggoleki hem kanggo adike ning uniqlo,Nadia mencari kemeja untuk adiknya di uniqlo,Nadia mencari hem untuk dipakai di uniqlo.,0.9248847961425781
"101 dalmatians: The series yaiku seri kartun tipi sing digawe karo disney television animation, kerjo bareng karo jumbo pictures.","101 dalmatians: The series adalah sebuah seri animasi televisi yang diproduksi oleh disney television animation, bekerja sama dengan jumbo pictures.","101 Dalmatians: Seri ini adalah serial kartun televisi yang dibuat oleh Disney Television Animation, bekerja sama dengan Jumbo Pictures.",0.9253492951393127
Kantor kang nyambungake korsel - korut dibuka pekan iki,Kantor penghubung korsel - korut dibuka pekan ini,Kantor yang menghubungkan koridor-koridor dibuka minggu ini.,0.8781424760818481
Menehi berkah bareng sinde! Etukna 50 paket umroh saben tuku minimal rp 15.000 ning alfamart.,Berbagi berkah bersama sinde! Dapatkan 50 paket umroh setiap pembelian minimal rp 15.000 di alfamart.,Dapatkan berkah bersama dengan setiap pembelian! Beli minimal Rp 15.000 dan dapatkan 50 paket umroh di Alfamart.,0.9367762207984924
"Tuku kaos, topi utawa jam tangan ning lapak monoton roomstore busa ditawa khusus nganggo aplikasi ning hape bosku.","Beli kaos, topi atau jam tangan di lapak monoton roomstore bisa diego khusus pakai aplikasi di hape boskuh.","Beli kaos, topi, atau jam tangan di lapak monoton Roomstore busa, ditawarkan khusus menggunakan aplikasi di ponselku.",0.9422615170478821
"Aplikasi google maps akeh paedahe, aku puas nganggone!","Aplikasi google maps sangat bermanfaat, saya puas menggunakannya!","Aplikasi Google Maps sangat membantu, aku puas menggunakannya!",0.9725894927978516
"Kanggo malem minggu ing kene pasangan diwenehi panggonan sing ora kapenak, amarga pas uwong lewat ing kana panggonane dhewe obah-obah, luwih pase mirip kaya warung pinggir dalan. Ora sesuai karo rega panganane sing disajikake, kudune pasangan uga diwenehi panggonan sing apik uduk sembarang nerima tamu lan dideleh ing panggonan kaya kuwi.","Untuk malam minggu di sana pasangan diberi tempat yang tidak nyaman, karena saat orang lewat di sana tempat kami goyang-goyang, lebih tepatnya mirip seperti warung pinggir jalan. Tidak sesuai dengan harga makanan yang disajikan, seharusnya pasangan juga diberi tempat yang bagus bukan sembarang terima tamu dan taruh di tempat seperti itu.","Untuk malam minggu di sini pasangan diberikan tempat yang tidak nyaman, karena saat orang lewat di dekat tempatnya berisik, lebih parah mirip seperti warung pinggir jalan. Tidak sesuai dengan harga makanan yang disajikan, seharusnya pasangan juga diberikan tempat yang baik, terutama saat menerima tamu dan didelekan di tempat seperti itu.",0.9496952891349792
Menu panganan cukup rena-rena lan nggarai sir mesen kabeh. Mirah? Jelas ae!,Menu makanan cukup bervariasi dan bikin mau dipesan semuanya. Murah? Pastinya!,Menu makanan cukup bagus dan memberikan sirup sesuai pesanan semuanya. Setuju? Tentu saja!,0.9150754809379578
Bagikno sak akeh-akehe. Ben wong iki diproses. Kangen ndelok video njaluk sepiro karo nangis-nangis terus wadul nyang mbok e terus omong lak perlakuane kuwi ora sengaja.,Bagikan sebanyak-banyaknya. Biar ini orang diproses. Kangen melihat video minta maaf sambil nangis-nangis lalu ngadu ke emak lalu bilang kalau perlakuan itu tidak sengaja.,Bagikanlah sebanyak-banyaknya. Orang ini sedang diproses. Rindu melihat video yang menangis-nangis terus mengeluh ke neneknya terus bicara tentang perlakuan yang tidak disengaja.,0.9208365678787231
"Soto kudus iki anane ning pinggir dalan, kaping pisan arep mangan rada ora mantep uga sih. Amarga pengen ngerti rasa kudus yo dijajal sek. Ee saktenane uga enak lho, lan ana uga pilihan kanggo nyampurake, pokoke enak tenan. Regane murah pol deh. ","Soto kudus ini adanya di kaki lima, pertama kali mau makan agak ragu juga sih. Karena ingin tahu rasa kudus ya dicoba dulu. Ee ternyata enak juga lho, dan ada juga pilhan untuk mencampurnya, pokoknya enak sekali deh. Harganya murah meriah deh.","Soto Kudus ini ada di pinggir jalan, pagi-pagi pengen makan belum pasti juga sih. Karena pengen tahu rasanya Kudus jadi dicoba dulu. Ya benar-benar enak lho, dan ada juga pilihan untuk dicampur, pokoknya enak banget. Harganya murah banget deh.",0.9395651817321777
Olahraga wengi isa dadi pilihan kanggo ngisi wektu lowong.,Olahraga di malam hari dapat menjadi pilihan untuk mengisi waktu luang.,Olahraga malam bisa menjadi pilihan untuk mengisi waktu luang.,0.9821487069129944
Restoran seafood. Menu spesiale yuyu sing dipangan karo kulite. Kanggo aku kurang enak. Kulite isih rada atos. Pelayanane biasa-biasa bae.,Restoran seafood. Menu spesialnyanya kepiting yang dimakan dengan kulitnya. Untuk saya kurang enak. Kulitnya masih agak keras. Pelayanannya biasa-biasa saja.,Restoran makanan laut. Menu spesial yuyu yang dipanggang dengan kulit. Rasanya kurang enak buatku. Kulitnya masih agak alot. Pelayanannya biasa saja.,0.9411102533340454
"Enak lumayan, nanging regane larang amarga porsine luwih sithik. Ana pilihan infused kangen water sek cukup kanggo 4 uwong","Enak lumayan, tapi harganya mahal karena porsinya sedikit kecil. Ada pilihan infused kangen water yang cukup untuk 4 orang","Enak lumayan, tapi harganya mahal karena porsinya lebih sedikit. Ada pilihan infused kangen water yang cukup untuk 4 orang.",0.9912632703781128
"Dinggo daerah banda aceh lan sekitare sik lancar, ora ana gangguan blas.","Untuk daerah banda aceh dan sekitarnya masih lancar, tidak ada gangguan sama sekali.","Keadaan di daerah Banda Aceh dan sekitarnya tidak lancar, tidak ada gangguan sama sekali.",0.9477895498275757
Emosi karo gojek sing kerep nyasar yen arep menyang omahku.,Emosi dengan gojek yang selalu nyasar kalau mau ke rumah saya.,Perasaan bingung dengan Gojek yang sering tersesat kalau mau pulang ke rumahku.,0.9417930841445923
"Kafe sing nyaman, enak lan murah kanthi desain kafe sing unik lan marakna krasan. Panganan enak lan kopi enak lan fasilitas wifi sing cepet lan tv kabel","Kafe yang nyaman, enak dan murah dengan desain kafe yang unik dan bikin betah. Makanan enak dan kopi enak serta fasilitas wifi yang cepat dan tv kabel","Kafe yang nyaman, enak, dan murah dengan desain kafe yang unik dan menarik. Makanan enak, kopi enak, dan fasilitas wifi cepat serta TV kabel.",0.9695178866386414
"Uwis sewulan luwih ora mangan indomie, sakpisane mangan langsung nggawe rong porsi indomie goreng jumbo.","Sudah sebulan lebih tidak makan indomie, sekalinya makan langsung bikin dua porsi indomie goreng jumbo.","Sudah sebulan lebih tidak makan indomie, paling banyak makan langsung membuat dua porsi indomie goreng jumbo.",0.9761568307876587
"Mangan sikil wedus bagian pupu sing empuk lan lumayan gedhi dinggo ukuran medium, pas dingge wong siji, mangan tanpa sega, karo es lemon tea. Seger kurange mung panggone kebul-kebul, wajar kan jenenge uga wedus bakar hehehe","Makan kaki kambing paha yang empuk dan lumayam besar untuk ukuran medium, pas untuk satu orang, makan tanpa nasi, dengan es lemon tea. Segar kekurangannya hanya tempatnya berasap, wajar kan namanyan jg kambing bakar hehehe","Makan daging perut bayi yang empuk dan bagus ukuran sedang, pas untuk satu orang, makan tanpa lauk, dan dengan es teh lemon. Segar, meskipun hanya uap-uapnya, wajar namanya juga perut bakar hehehe.",0.9249699711799622
"Panggone lumayan unik, rasa panganane biasa, menu sing ditawakne uga biasa, mung panggone karo keunikane sing menarik, cara nyeluk pelayane nganggo nutuk kentongan,. Aku pas mrana wengi, diambah udan, udarane lumayan adem nyrusuk belung, sempet ngenteni kira-kira limolas menit ben iso entuk panggon, merga bek blok wektu iku. Disaranke lak sir mrana sore-sore.","Tempatnya cukup unik, rasa makanan standar, menu yang ditawarkan juga biasa, hanya saja yang menarik tempat dan keunikannya, cara memanggil pelayannya dengan memukul kentongan,. Aku pas ke sana pada malam hari, ditambah hujan, udaranya cukup dingin menusuk tulang, sempat menunggu kira-kira 15 menit untuk bisa dapat tempat, karena penuh blok pada saat itu. Disarankan kalau mau ke sana sore-sore.","Panggangannya lumayan unik, rasanya biasa saja, menunya juga biasa, hanya panggannya dan keunikannya yang menarik, cara melayani pelayan menggunakan nutuk kentongan. Saya datang malam, ditambah hujan, udaranya lumayan sejuk dan menyegarkan, sempat menunggu kira-kira lima puluh menit baru bisa dapat tempat, karena ada blok waktu. Disarankan untuk datang sore-sore.",0.938708484172821
"Ning pilkada 2018, polri dijaluk ningkatne pengamanan ning sekitar tps.","Dalam pilkada 2018, polri diminta meningkatkan pengamanan di sekitar tps.","Pada Pilkada 2018, Polri dituntut meningkatkan pengamanan di sekitar TPS.",0.9551267623901367
"Ora bosen apa film indonesia sing main deknen terus, udu ngomong deknen ora apik, nanging yen pemaine kuwi kuwi bae uga bosen ndheloke.","Tidak bosan apa film indonesia yang main dia terus, bukan bilang dia tidak bagus, tetapi kalau pemain itu itu melulu jenuh juga melihatnya.","Tidak bosan dengan film Indonesia yang pemerannya selalu sama, tidak banyak dialog yang bagus, tapi kalau ceritanya memang seperti itu juga akan membosankan.",0.9021210670471191
Wingi Dian tuku kathok anyar liwat aplikasi Lazada,Kemarin Dian membeli celana baru lewat aplikasi Lazada,Wingi Dian membeli barang baru lewat aplikasi Lazada.,0.922667384147644
"Dhewe arep menyang lembang kanthi kahanan luwe. Pas ndhelok saung pengkolan iki dhewe langsung mandhek kanggo mangan. Dhewe milih lesehan ing tingkat 2 dadi entuk pemandangan sek apik. Pesenane dhewe yaiku cumi goreng glepung, gurame goreng krispi, oseng genjer lan rong menu tahu sek aku lali jenenge. Umume ora ana sek istimewa saka hidangan kuwi. Mbok menawa pilihanku. Lanjutane","Kami dalam perjalanan ke lembang dalam keadaan lapar. Saat melihat saung pengkolan ini kami langsung berhenti untuk makan. Kami memilih lesehan di lantai 2 sehingga mendapatkan pemandangan yang indah. Pesanan kami adalah cumi goreng tepung, gurame goreng crispy, tumis genjer dan dua menu tahu yang saya lupa namanya. Secara keseluruhan tidak ada yang istimewa dari hidangan tersebut. Mungkin pilihan saya. Lanjutan","Aku mau pergi ke lembah dengan kondisi seperti ini. Saat mendekati pondok pengkolan ini, aku langsung ingin makan. Aku memilih tempat duduk di lantai 2 supaya pemandangannya bagus. Pesananku adalah cumi goreng tepung, gurame goreng crispy, oseng genjer dan dua menu tahu sek yang aku lupa namanya. Umumnya tidak ada yang istimewa dari hidangan itu. Mungkin pilihan ku ini. Selanjutnya",0.9496790766716003
Entuk bonus tcahs 12.500 nanging ora isa dienggo kanggo tuku pulsa sing regane 10 ewu h aneh,Dapat bonus tcash 12.500 tapi tidak bisa dipakai buat beli pulsa yang seharga 10 ribu h aneh,Mendapatkan bonus TC sebesar 12.500 tapi tidak bisa digunakan untuk membeli pulsa yang harganya 10 ribu aneh.,0.9388887286186218
"Kaping kapisan aku marang rana, meja-meja mulai tuwa lan uga menu panganan sing ora patio variatif. Nanging regane ora bisa diomong murah, amarga kudune kanthi rega-rega sakmono bisa entuk sing luwih apik. Utamane pas aku marang kamar mandi, reged tenan lan mambu ora enak:","Saat pertama ke sana, meja-meja mulai usang dan juga menu makanan yang tidak begitu bervariatif. Namun harganya tidak bisa dibilang murah, karena seharusnya dengan harga-harga segitu bisa dapat yang lebih baik. Terutama saat saya ke toilet, sangat kotor dan berbau tidak sedap:","Saat pertama kali aku ke ruang tamu, meja-meja mulai tua dan juga menu makanannya tidak bervariasi. Namun harganya tidak bisa dikatakan murah, karena seharusnya dengan harga yang sama bisa mendapatkan yang lebih baik. Terutama saat aku ke kamar mandi, sangat sempit dan rasanya tidak enak:",0.9484761357307434
"Ombean apa sih kok cara nggombene aneh, rasane uga aneh maneh","Minuman apa sih kok cara minumnya aneh, rasanya aneh juga lagi","Apa sih yang kamu lakukan kok caranya aneh, rasanya juga aneh sekali.",0.9169022440910339
"Tanggal 12 february iku ulang taune pacarku, lan aku ngajak dee dinggo mangan nyang sawiji restoran sing terkenal ning surabaya. Aku pengen menehi kado ulang taun karo mangan sing enak ning kana. Nanging. Pas iku aku teka kira kira jam setengah 3. Panggon kebeg dadi awakdewe kudu ngenteni. Daftar tunggu pas kuwi sekitar 4 meja.","Tanggal 12 february adalah ulang tahun pacar saya, dan saya mengajak dia untuk makan di sebuah restaurant yang terkenal di surabaya. Saya ingin memberi kado ulang tahun dengan makan yang enak di sana. Tapi. Saat itu saya datang kira kira jam setengah 3. Tempat penuh sehingga kami harus menunggu. Daftar tunggu pada saat itu sekitar 4 meja.","Tanggal 12 Februari lalu adalah ulang tahun pacarku, dan aku mengajak Dee untuk makan di restoran sederhana yang terkenal di Surabaya. Aku ingin memberikan kado ulang tahun dan makan yang enak di sana. Namun, saat itu aku tiba kira-kira jam setengah tiga. Tempat antre menjadi cukup panjang, sekitar 4 meja.",0.9487181901931763
"Ora seneng ndelok bocah sma saiki, yen nganggo jilbab rambute pada disengajakake metu, maksude apa?","Tidak suka melihat anak sma sekarang, kalau pakai jilbab rambutnya pada disengajakan keluar, maksudnya apa?","Tidak senang melihat anak SMA sekarang, kalau pakai jilbab rambute dipaksa keluar, maksudnya apa?",0.9541810750961304
Calon-calon pemimpin negeri iki cukup kuwat nyiapake strategi kanggo kemenangane.,Calon-calon pemimpin negeri ini cukup kuat mempersiapkan strategi untuk kemenangannya.,Calon-calon pemimpin negara ini cukup kuat mempersiapkan strategi untuk kemenangannya.,0.9956557154655457
Adikku lagi ndhelok harry potter ing trans tv,Adik saya sedang menonton harry potter di trans tv,Adikku sedang menonton Harry Potter di Trans TV.,0.8904579877853394
"Salah siji restoran paling tak senengi ning bandung. Panggonane nylepit, nanging isih kenek dijangkau. Menu panganane enak, sunda banget. Pemadangane ya apik, kahanane pancen nggarai mripat lan ilat kabeh puas. Bar mangan sampek wareg. maleh sir turu ning saunge.","Salah satu restoran favorit saya di bandung. Lokasinya terpencil, tetapi masih terjangkau. Menu makanannya enak, sunda sekali. Pemandangannya indah, suasananya memang membuat mata dan lidah semua terpuaskan. Selesai makan sampai kenyang, jadi ingin tidur di saungnya.","Salah satu restoran paling saya suka di Bandung. Tempatnya agak sempit, tapi masih mudah dijangkau. Menu makanannya enak, sangat Sunda. Pemandangannya juga bagus, tempatnya benar-benar membuat perut dan hati puas. Baru makan sampai kenyang. Malah sirup dan susu juga.",0.9316283464431763
Endi taring kpk? Kasus ecek-ecek puluan yuta kowe cekel senajan nganti ing bolongan semut! Waras kowe kpk?,Mana taring kpk? Kasus ecek-ecek puluhan juta kamu tangkap sampai ke lubang semut sekalipun! Waraskah anda kpk?,Siapa sih KPK-nya? Kasus sepele puluhan juta kamu tangani hanya karena sampai ke lubang semut! Kamu sudah waras Kpk?,0.9044913649559021
"Menu ning panggen iki asline sederhana banget nanging sing nduwe kreatif. Sajian mie, roti lan panganan penutupe di campur karo rena-rena pilihan. Panggone asik dingge nglumpuk karo kanca-kanca. Dingge regane ora tek larang sumbut karo rasane.","Menu di tempat ini sebetulnya sederhana banget tapi pemiliknya kreatif. Sajian mie, roti dan makanan penutupnya di mix sama berbagai pilihan. Tempatnya asik buat berkumpul dengan teman-teman. Untuk harganya tidak terlalu mahal sesuai sama rasanya.","Menu di sini sederhana sekali tetapi punya kreativitas. Hidangan mie, roti, dan makanan penutup dicampur dengan berbagai pilihan. Tempatnya asyik untuk berkumpul bersama teman. Harganya tidak mahal, jadi jangan ragu untuk mencobanya dengan rasanya.",0.9339932799339294
"Restoran kanthi metode penyajian bedha. Piring panggonan mangan diganti karo godhong gedhang. Menu panganan khas sunda kanthi citarasa sing enak. Saka segi rega cukup kakancan, panggonan mangan amba lan akeh pilian meja, parkir cukup amba.","Restoran dengan metode penyajian berbeda. Piring tempat makan diganti dengan lembaran daun pisang. Menu makanan khas sunda dengan citarasa yang enak. Dari segi harga cukup bersahabat, tempat makan luas dan banyak pilihan meja, parkir cukup luas.","Restoran dengan metode penyajian berbeda. Piring utama untuk makan diganti dengan daun. Menu makanan khas Sunda dengan rasa yang enak. Dari segi harga cukup terjangkau, tempat makan luas dan banyak pilihan meja, parkir juga luas.",0.9676482081413269
"Restoran alas daun nyajikake menu khas sunda sek ora beda adoh karo restoran khas sunda liyane, nanging sek nggawe beda yaiku ora nganggo piring lan mung diwenehi godhong gedhang sek diselehake ing meja sek ngganteni piring. Dadi kaya uwong ing India sek mangan didhasarkae godhong gedhang.","Restoran alas daun menyajikan menu khas sunda yang tidak jauh berbeda dengan restoran khas sunda lainnya, tapi yang membuatnya berbeda adalah tanpa piring, dan hanya diberi daun pisang yang diletakkan di meja sebagai pengganti piring. Jadi mirip orang di india yang makan beralaskan daun pisang.","Restoran Alas Daun Nyajikake menu khas Sunda, sek tidak berbeda dengan restoran khas Sunda lainnya, namun sek yang membuatnya berbeda adalah tidak menggunakan piring dan hanya diberikan daun pandan sek diselempangkan di meja sek menggantikan piring. Jadi, seperti orang di India sek makan berdasarkan daun pandan.",0.9125871658325195
Rasa sotone miturutku pedes nanging gurih. Ngombe sirup markisa sing seger karo es liline sing enak.,Rasa sotonya menurut saya pedas tapi gurih. Minum sirup markisa yang segar sama es lilinnya yang enak.,Rasanya sangat pedas namun gurih. Minum sirup markisa yang segar dengan es yang dingin.,0.9534562826156616
"Aku mara ning restoran iki kanggo mangan wengi bareng rencang. Aku mesen stik pithik sing sebenere aku lali jenenge. Rasane biasa banget wae, anyep. Pithike kandhel lan krasa atos lan garing banget. Ora ana sing istimewa.","Saya mengunjungi restoran ini untuk makan malam bersama teman. Saya memesan steak ayam yang sebenarnya saya lupa namanaya. Rasanya sangat biasa saja, hambar. Ayamnya tebal dan terasa keras dan kering sekali. Tidak ada yang istimewa.","Aku datang ke restoran ini untuk makan malam bersama teman. Aku pesan stik pithik yang sebenarnya aku lupa namanya. Rasanya biasa saja, hambar. Pithiknya keras dan terasa kering sekali. Tidak ada yang istimewa.",0.9560606479644775
Dhewe kan saling sengit siji liyane kawit 4 taun kepungkur.,Kita kan saling membenci satu sama lain sejak 4 tahun yang lalu.,Kita saling menyayangi selama 4 tahun lalu.,0.9248528480529785
Bapak biasane nganggo semir sepatu kiwi,Ayah biasanya memakai semir sepatu kiwi,Bapak biasanya memakai semir sepatu Kiwi.,0.9469784498214722
Richeese factory yaiku restoran waralaba sing nyajikake pithik kanthi rasa pedes kanthi macem-macem level. Cocok tenan kanggo kowe sing tresna rasa pedes.,Richeese factory adalah restaurat waralaba yang menyajikan ayam dengan rasa pedas dengan berbagai level. Sangat cocok untuk anda pecinta rasa pedas.,Richeese factory itu restoran waralaba yang menyajikan sate dengan rasa pedas dengan berbagai tingkat. Cocok sekali untuk kamu yang suka rasa pedas.,0.9580327272415161
"Pas rapat ning hotel sensa, aku pesen batagor riri nganggo aplikasi gofood / gojek. Pesenan teka ora suwe merga tibake paket batagor lan siomay wes di-pak ning plastik vakum. Rega sing enek ning aplikasi gojek / gojek urung termasuk pajek segedhe 10%.","Saat rapat di hotel sensa, saya memesan batagor riri menggunakan aplikasi gofood / gojek. Pesanan tiba dalam waktu tidak lama karena ternyata paket batagor dan siomay sudah di-pack dalam plastik vakum. Harga yang tertera dalam aplikasi gojek / gojek belum termasuk pajak sebesar 10%.","Saat rapat di hotel Sensa, saya pesan batagor Riri menggunakan aplikasi gofood/gojek. Pesanan tiba cukup cepat karena paket batagor dan siomay sudah dikemas dalam plastik vakum. Harganya yang ada di aplikasi gojek/gojek tidak termasuk pajak sebesar 10%.",0.9629667401313782
Aku moro ing restoran iki ora pas jam mangan awan. Nanging restorane lumayan rame lan untunge awakdewe isa ndang entuk panggonan lungguh. Lebar lungguh panganan lan ombenane langsung disajikake. Sambel ijone kurang karasa pedes kanggo awakdewe. Panganane enak cukup puas mangan ing kene.,Saya mengunjungi restoran ini bukan saat jam makan siang. Tapi restorannya cukup ramai dan untungnya kami bisa cepat dapat duduk. Begitu duduk makanan dan minuman langsung dihidangkan. Sambal hijaunya kurang terasa pedas buat kami. Makanan enak cukup puas makan di sini.,"Aku merasa di restoran ini tidak cocok untuk waktu makan awan. Namun restorannya cukup ramai dan untungnya aku bisa mendapatkan tempat duduk. Lebar piring makanan dan sambalnya langsung disajikan. Sambelnya kurang terasa pedas untukku. Makanan enak, cukup puas makan di sini.",0.9444518089294434
"Gampang cemburu ndelok dee guyonan karo wedokan, nanging awakdewe uduk sopo-sopone","Suka cemburu melihat doi bercanda sama cewek, tetapi kita bukan siapa-siapanya","Mudah cemburu melihat dia lucu bersama teman-temannya, tapi hatinya seperti ubur-ubur.",0.8928307294845581
Pungkasane aku mangan pesen lewat pesen kirim. Anakku seneng tenan gedel isi iwake. Restoran jaman mbien sing terkenal tenan. Regane sing cukup kajangkau kantong sak lan rasa panganane sing cukup enak.,Terakhir saya makan pesan via delivery order. Anak saya sangat suka perkedel isi daging -nya. Restoran zaman dahulu yang sangat terkenal. Harga yang cukup terjangkau kantong dan rasa masakan yang cukup enak.,"Akhirnya, saya memesan makanan lewat pesan singkat. Anakku sangat senang melihat ibunya. Restoran zaman dulu yang sangat terkenal. Harganya cukup terjangkau untuk kantong dan rasanya cukup enak.",0.9364284873008728
Parkiran angel bnaget sampek muter ping 3. Saran: Parkir ning cedek hotel ae terus mlaku. Restoran ning area perumahan.,Parkiran susah bener sampai berputar 3x. Saran: Parkir di dekat hotel saja terus jalan kaki. Restoran di area perumahan.,Parkiran angel BN (BBM) sudah lewat sampai putaran tiga. Saran: Parkir saja dekat hotel lalu jalan kaki. Restoran berada di area perumahan.,0.928009033203125
"Aku gumun karo telkomsel, kuotane akeh kok nanging cepet banget enteke, padahal ora akeh mbukak aplikasi abot. Nyurigakake","Suka heran sama telkomsel, kuotanya banyak kok tapi cepat banget abisnya, padahal tidak banyak buka aplikasi berat. Mencurigakan","Aku terkejut dengan Telkomsel, kuotanya banyak padahal cepat sekali, entah kenapa, padahal saya tidak terlalu sering membuka aplikasi berat. Menarik sekali.",0.9201844930648804
Bocah saiki lagek gerang wis wani nyolong,Anak sekarang baru gede sudah berani mencuri,Anak kecil itu sedang bernyanyi dengan berani mencuri.,0.862963080406189
"Nduwe kesempatan nikmati santap isuk merga lagi nginep ning hotel iki. Minangka pengunjung anyar kaya aku lan paling sing liyane isa ae bakal antusias merga suwasana santap isuk sing diwernani karo pemandangan saka sisih wetan, merga saka sisih kuwi ana kaendahan bangunan hotel sepisan kolam renange. Liyane kuwi uga ana barisan bukit lan nggunung bakal nambah pengenan dingge foto-foto.","Berkesempatan menikmati santap pagi karena sedang menginap di hotel ini. Sebagai pengunjung baru seperti saya dan mungkin yang lainnya barangkali akan antusias terhadap suasana santap pagi yang diwarnai dengan pemandangan dari sisi timur, karena dari sisi tersebut terdapat keindahan bangunan hotel berikut kolam renangnya. Selain itu juga terdapat barisan bukit dan pegunungan akan menambah keinginan untuk berfoto ria.","Saya memiliki kesempatan untuk menikmati hidangan sore yang lezat sambil menginap di hotel ini. Sebagai pengunjung baru seperti saya dan yang lainnya akan sangat senang karena suasana makan siang yang dihiasi dengan pemandangan dari sisi timur, karena sisi itu memiliki keindahan bangunan hotel pertama kali dan kolam renangnya. Selain itu, ada juga deretan bukit dan gunung yang akan menambah keindahan saat berfoto-foto.",0.9432922005653381
"Telekomunikasi ora mung kanggo kutha gedhe, nanging uga nganthi marang daerah pelosok lan perbatasan negara cc: Telkomsel","Telekomunikasi bukan hanya untuk kota besar, tapi juga sampai ke daerah pelosok dan perbatasan negara cc: Telkomsel","Telekomunikasi tidak hanya untuk kota-kota besar, tetapi juga ke daerah terpencil dan perbatasan negara cc: Telkomsel",0.971345067024231
Apike wektu turu paling sithik iku limang jam.,Sebaiknya jam tidur minimal lima jam.,Waktu turu paling sedikit itu lima jam.,0.8806963562965393
"Aku bareng kanca kerja sengaja nyoba mangan awan ning kene, kanggo panggonan kagolong cukup kapenak yen ning lantai dhuwur. Rasa pithik bakar ning kene tenan dak rekomendasikake karo sambel pelem.","Saya bersama rekan kerja sengaja mencoba makan siang di sini, untuk tempat terbilang cukup nyaman jika di lantai atas. Rasa ayam bakar di sini sangat saya rekomendasikan bersama sambal mangga.","Aku bersama teman kerja sengaja mencoba makan awan, tapi di sini, untuk tempat yang cukup enak jika di lantai yang tinggi. Rasanya terlalu pahit jadi tidak merekomendasikan dengan sambal pelem.",0.9229996204376221
Aku gela karo pelayanane. Siktasan aku pesen grabfood pesenen ora diterna nanging wis dimarekne. Tulung gae selektif milih tukang nyambut gawe.,Saya kecewa dengan pelayanannya. Barusan saya pesan grabfood pesanan tidak diantar tapi sudah diselesaikan. Mohon untuk selektif memilih pekerja.,"Saya tidak mengerti pesanan saya. Saya memesan Grabfood tetapi pesanan saya tidak terproses, tetapi sudah diproses. Tolong bantu pilih pengemudi untuk mengantarkan.",0.9140511751174927
"Wis ilang handphone xiaomi redmi note 5 werna gold 64 / 4 ning daerah duri kidul, jembatan lima, tambora, jakarta barat.","Telah hilang handphone xiaomi redmi note 5 warna gold 64 / 4 di daerah duri selatan, jembatan lima, tambora, jakarta barat.","Handphone Xiaomi Redmi Note 5 warna gold 64/4 hilang di daerah Duri Kidul, Jembatan Lima, Tambora, Jakarta Barat.",0.9175161123275757
Aku ora kuciwa karo produke apple,Saya tidak kecewa dengan produk apple,Saya tidak kecewa dengan produk Apple.,0.9641539454460144
"Youtube saben dina saya akeh iklane, njengelake!","Youtube semakin hari semakin banyak iklannya, menyebalkan!","Setiap hari di YouTube saya banyak iklannya, mengganggu!",0.9077397584915161
"Iku indomie karo mangkoke wis wira-wiri, kepisah sisan isi lan adahe.","Itu indomie sama mangkoknya sudah berkeliaran, terpisah pula isi sama wadahnya.","Itu indomie dengan mangkoke sudah terkenal, tapi terpisah dan kurang lengkap.",0.8914397358894348
Dhewe marang kafe iki kanggo mangan serabi. Serabine kanggo dhewe kandel banget ing bagian tengah. Akeh tenan piliah topping serabine nganti mumet milihe. Ternyata regane luwih larang saka warung setiabudi. Kuciwa.,Kami ke kafe ini untuk makan serabi. Serabinya bagi kami terlalu tebal di bagian tengah. Banyak sekali pilihan topping serabi sampai pusing memilihnya. Ternyata harganya lebih mahal dari warung setiabudi. Kecewa.,Saya datang ke kafe ini untuk makan serabi. Serabinya sangat padat di bagian tengah. Banyak sekali pilihan topping serabi sampai pusing memilih. Ternyata harganya lebih mahal dari warung setiabudi. Sakit hati.,0.9751694798469543
"Bistik murah, cocok kanggo sing anggarane cilik nanging pingin mangan murah lan wareg, kajaba bistik uga panganan liyane enak lan murah. Susanane lumayan rame, umume akeh kaluwarga utawa bocah sekolahan.","Steak murah, cocok untuk yang budgetnya kecil tapi ingin makanan murah dan kenyang, selain steak juga makanan lainnya enak dan murah. Suasananya lumayan ramai, biasanya banyak keluarga atau anak sekolahan.","Makanan murah, cocok untuk orang yang punya anggaran kecil tapi ingin makan enak dan hemat, selain masakan juga makanan lain yang enak dan murah. Biasanya cukup ramai, umumnya banyak keluarga atau anak sekolah.",0.9543105363845825
"Pertemuan antarane pihak bank bri, bpbat sungai gelam - jambi, lan pokdakan sek ana ing desa pudak. Kanggo ngrembug bentuk panyaluran dana csr saka bank bri","Pertemuan antara pihak bank bri, bpbat sungai gelam - jambi, dan pokdakan yang ada di desa pudak. Untuk mendiskusikan bentuk penyaluran dana csr dari bank bri","Pertemuan antara pihak Bank BRI, BPBD Sungai Gelam - Jambi, dan Pokdakan Sek di desa Pudak. Untuk membahas bentuk penyaluran dana CSR dari Bank BRI.",0.9402629137039185
"Panggonan iki menarik tenan, pemandangan apik, ana arena dolanan ing njaba kanggo sakulawarga. Tenan disaranake kanggo kaluwarga sing ndhuwe bocah cilik. Panganan halal lan menu rena-rena.","Tempat ini sangat menarik, pemandangan bagus, ada arena bermain di luar untuk sekeluarga. Sangat disarankan untuk keluarga dengan anak kecil. Makanan halal dan menu bervariasi.","Tempat ini sangat menarik, pemandangannya bagus, ada area bermain di luar untuk seluruh keluarga. Sangat disarankan untuk keluarga yang memiliki anak kecil. Makanan halal dan menunya beragam.",0.9718964099884033
"Hotel arep check-in wae ruwet. Nunggu amarga ngresiki kamar suwe banget, gela lah. Iki pisanane aku mrana. Terus langsung diwenehi kesan pisanan sing ora apik.","Hotel mau  check-in aja ribet. Menunggu karena membersihkan kamar lama banget, kecewa dah. Ini pertama kalinya gue ke sana. Terus langsung dikasih first impression yang tidak bagus.","Hotelnya susah check-in. Nunggu lama karena resepsionisnya lama sekali, bikin kesel. Ini pertama kalinya aku merasa seperti ini. Terus langsung diberikan kesan pertama yang tidak baik.",0.9265321493148804
"Amarga kartu oktrip wektu iki yaiku saka bni, mulakna isi ulang isa dilakokake ing mitra-mitra sing kerja sama karo bni.","Karena kartu oktrip saat ini adalah dari bni, maka isi ulang bisa dilakukan di mitra-mitra yang bekerjasama dengan bni.","Karena kartu oktrip saat ini berasal dari BNI, pengisian ulang dapat dilakukan di mitra-mitra yang bekerja sama dengan BNI.",0.9637653231620789
Ngge kabeh seh apik. Karyawane yo grapyak grapyak. Lan pemandangane apik. Nanging panganane kelarangen. Larang banget malah. Dompet kudu kandel.,Secara keseluruhannya sih bagus. Karyawanya juga ramah ramah. Dan pemandangannya bagus. Tapi makanannya terlalu mahal. Mahal banget malah. Dompet harus tebal.,Semuanya sudah bagus. Karyawannya ramah-ramah. Dan pemandangannya indah. Namun makanannya kurang. Sangat tidak enak malah. Dompet harus tebal.,0.9530293345451355
"Mangan karo kaluwarga bakal luwih nyenengake kanthi kabeh fasilitas sing ana. Lokasine sing apik, panganane sing cukup enak kanthi aneka werna pilian. Lan pemandangan lan suwasana dadi andalan","Makan bersama keluarga akan lebih menyenangkan dengan semua fasilitas yang ada. Lokasi yang bagus, makanan yang cukup enak dengan beragam pilihan. Dan pemandangan serta suasana jadi andalan","Makan bersama keluarga akan lebih menyenangkan dengan semua fasilitas yang ada. Lokasinya bagus, makanannya cukup enak dengan berbagai pilihan. Dan pemandangan serta suasananya menjadi andalan.",0.9792097210884094
"Sega goreng mafia sing manggon ning dalan setiabudi awakdewe pilih merga pingin golek panganan sing cepet. Ditambah yaiku salah siji kuliner sing wajib diparani ning bandung. Aku milih sega goreng sing favorit ning kene yaiku sega goreng bandit sing tingkat pedese ning level 3. Panganan sing disajikne cukup cepet, nanging sayange sega goreng sing tak pesen segane atos, bumbon rempahe ketutupan.","Nasi goreng mafia yang terletak di jalan setiabudi kami pilih karena ingin mencari makanan yang cepat. Ditambah merupakan salah satu kuliner yang wajib dikunjungi di bandung. Saya memilih nasi goreng yang favorit di sini yaitu nasi goreng bandit hingga tingkat kepedasan di level 3. Makanan yang disajikan cukup cepat, namun sayangnya nasi goreng yang saya pesan nasinya keras, bumbu rempahnya tertutupi.","Gorengan jagung itu mafia yang tinggal di jalan Setiabudi. Aku memilih gorengan karena ingin mencari makanan yang cepat. Ditambah lagi, salah satu kuliner yang wajib dicoba di Bandung. Aku memilih sega goreng yang favorit di sini, yaitu sega goreng bandit dengan tingkat pedas level 3. Makanan yang disajikan cukup cepat, tetapi sayang, gorengan yang aku pesan rasanya keras, bumbunya kurang meresap.",0.9332188963890076
Iki yaiku sop stengkel paling enak ning aceh tamiang.,Ini adalah sop stengkel terenak di aceh tamiang.,"Ini adalah sup stengkel paling enak, tapi dari Aceh Tamiang.",0.9253708124160767
Kanggo kakang admin tulung doooooonk bales pesen langsungku,Untuk kakak admin tolong doooooonk balas pesan langsung saya,"Untuk kak admin, tolong balas pesanku langsung ya.",0.8896906971931458
"Pemandangan sing utama ing sky lounge grandia iki memang isa ngeculake keselmu. Malah isa dadi, para pelancong nggolek area iki ndhisik, dibandingake ngaso ing kamar.","Pemandangan yang utama di sky lounge grandia ini memang dapat melepas penat anda. Bahkan bisa jadi, para pelancong mencari area ini terlebih dahulu, dibandingkan beristirahat di kamar.","Pemandangan yang utama di sky lounge Grandia ini memang sangat memukau. Bahkan, para wisatawan cenderung mencari area ini tersembunyi, dibandingkan menginap di kamar.",0.9344244003295898
"Dhewe teka panggonan iki amarga lokasine sing cedhak karo panggonan dhewe nginep. Dhewe mesen sega bakar lan pasta. Sega bakare enak, akeh pilian, lan ora pedes, isa kanggo bocah-bocah. Dene pasta mung ana sak macem, nanging rasane uga enak. Rega panganan uga ora larang lan kajangkau kanggo panganan ing ngisor 30 ewu. Ing panggonan iki uga gratis wifi.","Kami mengunjungi tempat ini karena lokasinya yang berdekatan dengan tempat kami menginap. Kami memesan nasi bakar dan pasta. Nasi bakarnya enak, banyak pilihan, dan tidak pedas, bisa untuk anak-anak. Sedang pasta hanya ada satu macam, namun rasanya pun enak. Harga makanan pun tidak mahal dan terjangkau untuk makanan di bawah 30 ribu. Di tempat ini juga gratis wifi.","Saya datang ke tempat ini karena lokasinya dekat dengan tempat menginap saya. Saya memesan nasi bakar dan pasta. Nasi bakarnya enak, banyak pilihan, dan tidak pedas, cocok untuk anak-anak. Sedangkan pasta hanya ada beberapa jenis, tetapi rasanya juga enak. Harganya juga tidak mahal dan terjangkau untuk makanan di bawah 30 ribu. Di tempat ini juga ada wifi gratis.",0.9813290238380432
"Kanggo ngenthukne pemandangan sing apik kanthi cahyo lampu warna-warni, apike teka ing wayah wengi. Amarga nduweni latar mburi pemandangan jembatan Pasupati sing dadi simbol kota.","Untuk mendapatkan pemandangan yang bagus dengan cahaya lampu warna-warni, sebaiknya berkunjung pada malam hari. Karena memiliki latar belakang pemandangan jembatan Pasupati yang merupakan simbol kota.","Untuk menikmati pemandangan indah dengan cahaya lampu warna-warni, sangat menyenangkan di malam hari. Karena memiliki latar belakang pemandangan jembatan Pasupati yang menjadi simbol kota.",0.9726041555404663
"Aku teka ning resto sapulidi iki merga ana rekomendasi saka internet sing tau tak waca lak pemandangan sing apik banget lan panggon mangan pas ning sawah sing nggarai aku sir teka nyang panggon iki. Nanging pas aku teka kabeh ganti dadi elek, mulai panggon parkir sing isa diarani enek, dalan akses amoh lan panggon akses sing cilik.","Saya datang ke resto sapulidi ini karena rekomendasi dari internet yang pernah saya baca bahwa pemandangan yang sangat bagus dan tempat makan tepat di sawah yang membuat saya tertarik untuk datang ke tempat ini. Namun ketika saya sampai semua hal berubah menjadi buruk, mulai dari tempat parkir yang bisa dikatakan tersedia, jalan akses rusak dan kecilnya tempat akses.","Aku datang ke restoran ini karena ada rekomendasi dari internet yang pernah aku baca, lalu pemandangannya sangat bagus dan tempat makan di sawah yang menginspirasi aku untuk datang ke tempat ini. Namun, ketika aku tiba semuanya menjadi jelek, mulai dari tempat parkir yang tidak ada, jalan akses sempit dan tempat aksesnya kecil.",0.9517384171485901
"Amarga ngelih, aku pesen indomie.","Karena lapar, saya pesan indomie.","Karena itu, aku pesan indomie.",0.9410532712936401
"Sate wedhus lan gule wedhuse maknyus, penyajian panganane uga cepet tenan. Panggonane cukup resik","Sate kambing dan gulai kambingnya maknyus, penyajian makanannya juga sangat cepat. Tempatnya cukup bersih","Sate wedang dan gule wedang sangat enak, penyajiannya juga cepat sekali. Tempatnya cukup bersih.",0.940656840801239
"Sup guramene enak, pelayanane cepet, grapyak. Restoran resik. Amarga porsi sega sithik tenan, kanggo sing doyan mangan mesthi nambah.","Sup guramenya enak, pelayanan cepat, ramah. Restoran bersih. Karena porsi nasi sangat sedikit, buat yang doyan makan pasti menambah.","Supnya enak, pelayanannya cepat, dan tempatnya nyaman. Restoran yang kotor. Karena porsinya nasi sangat sedikit, bagi yang suka makan pasti perlu menambah.",0.9476680755615234
"Restorane ana pemandangan curuge, panggonan mangan kaya saung. Saunge ana akeh saka ngisor munggah nganthi ing ndhuwur, saya munggah saya katon pemandangan curuge.","Restorannya ada pemandangan air terjunnya, tempat makan berupa saung. Saungnya ada banyak dari bawah naik hingga ke atas, semakin ke atas semakin terlihat pemandangan air terjunnya.","Restoran berada di pemandangan air terjun, tempat makan seperti pondok. Pondoknya banyak dari bawah hingga atas, saya naik saya lihat pemandangan air terjun.",0.9306679964065552
"Pelayane grapyak. Nggarai terus pingin teka maneh. Kebeneran uga kerep nginep ning kene, hotele resik lan pemandangane saka kamar hotel apik.","Pelayannya ramah. Bikin selalu ingin datang kembali. Kebetulan juga sering menginap di sini, hotelnya bersih dan pemandangan dari kamar hotel bagus.","Pelayanannya bagus. Saya ingin datang lagi. Saya sering menginap di sini, tetapi sekarang, hotelnya bersih dan pemandangannya dari kamar hotel bagus.",0.9450249075889587
"Mangan mbengi karo kabeh kaluwarga ing dina ulang taun bojo ndhuweni kesan tenan kanthi suasana sing narik ati ing hotel. Pelayanan sing grapyak tenan saka mas tian. Ora kudu ngenteni suwi, panganan lan ombean sing dipesen.","Makan malam bersama seluruh keluarga di hari ulang tahun suami menjadi sangat berkesan dengan suasana yang menawan di hotel. Pelayanan yang sangat ramah dari mas tian. Tidak perlu menunggu lama, makanan dan minuman yang dipesan.","Makan beko bersama seluruh keluarga pada hari ulang tahun orang tua memberikan kesan yang sangat baik dengan suasana yang menarik di hotel. Pelayanan yang sangat memuaskan dari Mas Tian. Tidak perlu menunggu lama, makanan dan minuman yang dipesan.",0.9593422412872314
"Obong terus pak, suwek-suwek wae persatuan lan kesatuan Indonesia nganggo retorika mu.","Bakar terus pak, cabik-cabik saja persatuan dan kesatuan Indonesia dengan retorika mu.","Teruslah berjuang, cukup dengan persatuan dan kesatuan Indonesia menggunakan retorika saja.",0.9107117652893066
"Manggon ana ing pinggiran bukit, panggonane amba, nyenengake lan nyaman. Nduwe pemandangan sek nyenengake mripat, kaya gunung, kebon, lan kutha bandung nalika didhelok saka ndhuwur. Pegawaine cekatan lan grapyak. Menu panganane akehe menu steak sanajan uga ana menu sega goreng, gurame, lan liya-liyane. Restoran sing direkomendasikake kanggo diparani nalika teka ing bandung.","Terletak di tepi bukit, tempatnya luas, menyenangkan dan nyaman. Memiliki pemandangan yang memanjakan mata, seperti gunung, perkebunan, dan kota bandung jika dilihat dari atas. Pegawainya cekatan dan ramah. Menu makanan di dominasi oleh menu steak walaupun ada juga menu nasi goreng, gurame, dll. Restoran yang direkomendasikan untuk dikunjungi ketika datang ke bandung.","Berada di pinggir bukit, lokasinya luas, menyenangkan dan nyaman. Memiliki pemandangan indah yang memanjakan mata, seperti gunung, kebun, dan kota Bandung saat dilihat dari atas. Pelayanannya cekatan dan ramah. Menu makanannya banyak, termasuk steak, nasi goreng, gurame, dan lainnya. Restoran yang direkomendasikan untuk dicoba saat datang ke Bandung.",0.9602729678153992
Bca lagi ngadakake acara ulang tahun lan ngundang kabeh karyawane kanggo melu acara kuwi.,Bca sedang mengadakan acara ulang tahun dan mengundang seluruh karyawannya untuk mengikuti acara tersebut.,Baca lagi mengadakan acara ulang tahun dan mengundang semua karyawannya untuk mengikuti acara itu.,0.9592289924621582
"Kawit mbukak cendana bistro aku wis njajal panganan, dinggo aku kurang cocok, panganane biasa-biasa ora ana sing spesial.","Sejak buka cendana bistro saya sudah coba makanan, untuk saya kurang cocok, makanannya biasa-biasa tidak ada yang spesial.","Saya baru mencoba makanan di Cendana Bistro, ternyata kurang cocok di lidahku, makanannya biasa saja, tidak ada yang istimewa.",0.9437385201454163
Minimal biaya transaksi wulan 11 sing kudune dibalekake wulan 12 wingi ora mlebu ing rekeningku kie.,Minimal biaya transaksi bulan 11 yang harusnya direfund bulan 12 kemarin tidak masuk ke rekening saya nih.,Biaya transaksi bulan November yang seharusnya dibayar di bulan Desember lalu tidak masuk ke rekeningku.,0.9371181726455688
"Sakwise kalap blanja, dhewe mutusake kanggo mangan ing warung tenda pinggir dalan. Ana ing lelungan marang hotel, dhewe lewat dalan cilik kanggo nyingkir saka macet, lan ketemu warteg iki. Pas teka rame banget! Dhewe kudu antri sediluk. Dhewe pesen sega uduk, pithik bakar madu, usus, kubis goreng. Rasane enak! Pithik bakar madune parah nggawe kemaningan banget!","Setelah kalap belanja, kami memutuskan untuk makan di warung tenda pinggir jalan. Dalam perjalanan pulang ke hotel, kita lewat jalan kecil untuk menghindari macet, dan bertemu warteg ini. Pas datang ramai banget! Kita mesti antre sebentar. Kami pesan nasi uduk, ayam bakar madu, usus, kol goreng. Rasanya enak! Ayam bakar madunya parah bikin ketagihan banget!","Sakwise kalap belanja, dia memutuskan sendiri untuk makan di warung tenda pinggir jalan. Saat berjalan menuju hotel, dia mengambil jalan kecil untuk menghindari kemacetan, dan menemukan warung ini. Ternyata sangat ramai sekali! Dia harus mengantri cukup lama. Dia memesan nasi uduk, pithik bakar madu, usus, dan kubis goreng. Rasanya enak! Pithik bakar madunya membuat perutnya sangat kenyang!",0.9337950944900513
Beritane sing ora berkualitas lan ora ndidik pol. Kebeg kepentingan lan golek rai.,Pemberitaanya yang tidak berkualitas dan sangat tidak mendidik. Penuh kepentingan dan pencitraan,Berita yang tidak berkualitas dan tidak mendidik. Hanya untuk kepentingan dan mencari perhatian.,0.9134076833724976
Bakul alon nanggepi. Ana masalah suwe diurus. Nganti saiki barang urung diganti,Penjual lambat menanggapi. Ada kendala lama diurus. Sampai sekarang barang belum diganti,Tongkat itu merespon dengan tenang. Masalah itu akan segera diselesaikan. Barang-barang yang belum diganti sampai sekarang.,0.8856750726699829
Aja lewatke diskon langsung nganti Rp 10 yuta ning kene!,Jangan lewatkan diskon langsung hingga Rp 10 juta di sini!,"Jangan lewatkan diskon langsung sampai Rp 10 juta, nih!",0.9614742398262024
Pt kami lan 12 bank wis tapak asma pembiayaan lrt jabodetabek,Pt kami dan 12 bank sudah menandatangani pembiayaan lrt jabodebek,Perusahaan kami dan 12 bank telah menyetujui nama-nama pendanaan untuk LRT Jabodetabek.,0.8879266381263733
"Nembe ngerti babagan panggonan iki saka kanca, wektu dhewe teka pengunjunge ora patia akeh, dadi dhewe milih kanggo lungguh ing lantai loro karo nikmati pemandangan ing njaba. Mbengi kuwi lagi ana pagelaran musik, aku kurang ngerti apa pagelaran musik iki ana saben dina apa ora.","Baru tahu tentang tempat ini dari teman, waktu kami datang pengunjungnya tidak terlalu banyak, jadi kami memilih untuk duduk di lantai dua sambil menikmati pemandangan di luar. Malam itu sedang ada pertunjukan musik, saya kurang tahu apakah pertunjukan musik ini ada tiap hari atau tidak.","Saya tidak mengerti tentang tempat ini dari teman, waktu saya datang berkunjung tidak banyak, jadi saya memilih untuk duduk di lantai dua dan menikmati pemandangan di luar. Malam itu ada pertunjukan musik, saya kurang tahu apakah pertunjukan musik ini ada setiap hari atau tidak.",0.9783405065536499
Aku pingin tuku 20 tiket dinggo laga persebaya vs arema sesok.,Saya ingin beli 20 tiket untuk laga persebaya vs arema besok.,Saya ingin membeli 20 tiket untuk pertandingan Persibaya melawan Arema besok.,0.9524288773536682
"Panganan uwis oke, nanging kanggo nata panggonan lungguh kurang, katon rame banget dadi ora nyaman, rega lumayan kanthi kualitas sing kurang.","Makanan sudah oke, namun untuk penataan tempat duduk kurang, terlihat terlalu ramai sehingga tidak nyaman, harga lumayan dengan kualitas yang kurang.","Makanan sudah enak, tapi untuk tempat duduk kurang, terlalu ramai jadi tidak nyaman, harganya lumayan dengan kualitas yang kurang.",0.9680498838424683
"Aku seneng suwi-suwi ning kene, merga kahanane enak, pencahayaane apik, ana plihan isa ning jaba nggen utawa ning jero. Panganane lumayan.","Saya senang berlama-lama di sini, karena suasananya enak, pencahayaannya bagus, ada pilihan bisa di luar ruangan atau di dalam. Makanannya lumayan.","Aku senang selalu di sini, karena tempatnya enak, pencahayaannya bagus, ada pilihan bisa di dalam atau di luar. Mangkannya makanannya lumayan.",0.96041339635849
Kabeh sing diomongne pak rocky iku ora ana dasare. Nggumun yo kok isa dadi profesor.,Semua yang diomongin sama pak rocky itu tidak berdasar. Heran ya kok bisa jadi professor.,Semua yang diomongkannya Pak Rocky itu tidak berdasar. Sungguh aneh kenapa bisa jadi profesor.,0.9475054144859314
"Restoran iki nduweni lokasi sing prima ing bukit-bukit sing nduweni hawa sejuk lan pemandangan ijo nyegerake. Mesthi wae tujuan utamane yaiku masakan khas nusantara sing nikmat. Cekake, ngunjungi mrene dhewe entuk ngelakokake sisan wisata ilat, mripat, lan jiwa.","Restoran ini memiliki lokasi yang prima di perbukitan yang memiliki udara sejuk dan pemandangan hijau menyegarkan. Tentu saja tujuan utamanya adalah masakan khas nusantara yang nikmat. Singkatnya, berkunjung ke sini kita dapat melakukan sekaligus wisata lidah, mata, dan jiwa.","Restoran ini memiliki lokasi yang prima di pegunungan dengan udara sejuk dan pemandangan hijau yang menyegarkan. Tentu saja, tujuan utamanya adalah masakan khas Nusantara yang lezat. Coba saja, kunjungi tempat ini sendiri untuk menikmati wisata kuliner, relaksasi, dan jiwa.",0.9409549236297607
"Bojoku sek ora terlalu seneng karo ramen, kanggo siki deknen ngomong nek enak lan gurih. Deknen malah mesen maneh kanggo deknen sakwise nyicipi pesenanku.","Istri saya yang tidak terlalu suka ramen, untuk kali ini dia bilang enak dan gurih. Dia malah memesan lagi untuk dirinya setelah mencicipi pesanan saya.","Pacarku tidak terlalu suka ramen, untuk sekarang dia akan bilang kalau rasanya enak dan gurih. Dia akan memesan lagi supaya dia bisa mencicipi pesanan ku.",0.9475368857383728
Panggone nyaman. Rasane enak. Regane uga saat. Weduse ora prengus. Pokoke cocok kanggo wong sing seneng njajan wedus.,Tempatnya nyaman. Rasanya enak. Harganya juga saat. Kambingnya tidak bau. Pokoknya recomend buat pecinta kuliner kambing.,Atapnya nyaman. Rasanya enak. Harganya juga murah. Wedusnya tidak pahit. Pokoknya cocok untuk orang yang suka makan wedus.,0.9316749572753906
"Salah siji restoran panganan laut paling apik ing kota iki. Apike teka pas preinan dina setu, yuyu isih apik lagi teka. Rega kompetitif, ora murah pancen nanging ora kelarangen kok.","Salah satu restoran seafood terbaik di kota ini. Sebaiknya datang pas liburan hari sabtu, kepiting masih bagus baru datang. Harga bersaing, tidak murah memang tapi tidak kemahalan kok.","Salah satu restoran makanan laut terbaik di kota ini. Paling ramai saat pagi hari hari Sabtu, tetap ramai lagi saat sore hari. Harganya bersaing, tidak murah memang, tapi tidak mahal kok.",0.9293858408927917
"Kanggo nggolek batagor sing asli, kowe ora perlu adoh-adoh nggoleke marang pelosok, cukup arahke kendaraan marang dalan saka djunjunan, dhewe isa nikmati batagor asli sing enak kanthi panggonan sing kapenak. Rasa batagor sing ditawakake ngugah salira tenan amarga batagor disajikake garing-garinge lan diguyang kuwah kacang sing seger","Untuk menemukan batagor yang otentik, anda tak perlu jauh-jauh mencarinya ke pelosok, cukup arahkan kendaraan ke jalan dari djunjunan, kita dapat menikmati batagor asli yang enak dengan tempat yang nyaman. Rasa batagor yang ditawarkan sangat menggugah selera karena batagor disajikan garing-garingnya serta disiram kuah kacang yang segar","Untuk mendapatkan batagor yang asli, kamu tidak perlu pergi jauh-jauh mencari ke pelosok, cukup arahkan kendaraan ke jalan dari depan rumah, kamu bisa menikmati batagor asli yang enak di tempat yang nyaman. Rasanya batagor yang ditawarkan sangat menggugah selera karena batagor disajikan renyah-renyah dan dihiasi kuah kacang yang segar.",0.9576295614242554
"Citarasane biasa wae, ora ana sek spesial. Kudune ngenteni cukup suwi nganti teka panganane, pelayane uga kurang grapyak.","Citarasa biasa saja, tidak ada yang spesial. Harus menunggu cukup lama datangnya makanan, pelayan juga kurang ramah.","Itu hanya selera biasa, tidak ada yang istimewa. Hanya perlu menunggu cukup lama sampai makanan datang, pelayanannya juga kurang ramah.",0.9475193619728088
Roti ulang tahune spesial nganggo ndhog sakpiring ditambah mozzarella kanggo kowe,Kue ulang tahun spesial pakai telur sepiring plus mozzarella buat kamu,Roti tahun ini spesial menggunakan nanas yang banyak ditambah mozzarella untukmu.,0.8805543184280396
Arep nesu marang indosat! Kok sinyale ilang terus si,Mau marah ke indosat! Kok sinyalnya hilang melulu si,Marah pada Indosat! Kenapa sinyalnya terus hilang saja.,0.8935191035270691
"Omah mangan sing ngusung konsep tradisional alias jadul iki pantes kowe coba. Kejaba rasane sing pas, warung iki duweni sawetara perkara unik kaya piring sing dienggo yaiku piring seng jaman mbiyen karo gelas ombeane. Jenis menune aneka werna banget. Lan sakkabehe enak enak!","Rumah makan yang mengusung konsep tradisional alias jadul ini patut anda coba. Selain rasanya yang pas, warung ini memiliki beberapa hal unik seperti piring yang digunakan adalah piring seng zaman dahulu berikut gelas minumnya. Jenis menunya sangat beragam. Dan semuanya enak enak!","Rumah makan yang mengusung konsep tradisional atau jadul ini layak dicoba. Selain rasanya pas, warung ini memiliki beberapa hal unik seperti piring yang digunakan yaitu piring seng zaman mbiyen dan gelasnya. Jenis menunya sangat beragam. Dan secara keseluruhan enak-enak!",0.9700767397880554
Kfc Palembang Square kerep dadi peyelamat pas luwe pas aku nginep ning sekitar hotel ning lokasi iku. Kabeh wong seneng kfc. Dadi. Kfc ning lokasi iki nyepetne sampeyan dinggo pesen pas sampeyan keluwen ning jero hotel.,Kfc Palembang Square seringkali menjadi penyelamat di saat lapar saat saya menginap di sekitaran hotel di lokasi itu. Semua orang suka kfc. So. Kfc di lokasi ini menyegerakan anda untuk memesan saat anda kelaparan di dalam hotel.,Kentucky Fried Chicken Palembang Square sering menjadi penyelamat saat lapar saat aku menginap di sekitar hotel dan lokasinya juga. Semua orang suka KFC. Jadi. KFC dan lokasi ini dekat sehingga Anda bisa memesan saat Anda lelah dan di dalam hotel.,0.9464389681816101
Aneka werna ombean seger kasadia awit saka jus buah nganti rena-rena teh.,Berbagai macam minuman segar tersedia mulai dari jus buah sampai aneka teh.,Berbagai warna es segar seperti mulai dari jus buah hingga minuman teh.,0.943084716796875
"Dekwingi 10 Maret 2015, aku dijak anakku mangan awan ning kene. Aku pesen urang kremes lan jangan asem. Bener-bener enak. Lan sing spesial ning kene yaiku sambele, pedes nanging pancet gelem nambah. Jus blackberryne uga enak.","Kemarin 10 Maret 2015, saya diajak anak saya makan siang di sini. Saya pesan udang kremes dan sayur asam. Betul-betul enak. Dan yang spesial di sini adalah sambalnya, pedas tapi tetap mau menambah. Jus blackberrynya juga enak.","Pada tanggal 10 Maret 2015, aku diajak anakku membuat awan (nasi liwet) dan ini. Aku pesan dari Ungaran dan jangan asam. Benar-benar enak. Dan yang spesial di sini adalah sambalnya, pedas tapi manis ingin ditambah. Jus blackberrynya juga enak.",0.9370632171630859
Ndhuwe restoran kudu mewah rapi mosok iki lumuten jamuren pelayane kurang muasake mosok aku ditumpahi banyu sek ombeyane ana madune aku iki alergi madu,Punya restoran harus mewah rapi masa ini berlumut berjamur pelayan kurang memuaskan masa saya ditumpahkan air mana minumnya ada madu saya itu alergi madu,"Memiliki restoran harus mewah dan rapi, tapi hari ini pelayanannya kurang memuaskan, dan saya terkena semprotan air oleh pemiliknya yang berada di dalam, saya alergi madu.",0.881525993347168
"Aku nembe bae ganti kartu sing rusak, nanging tetep ora ana sinyal.","Saya baru saja ganti kartu yang rusak, tapi tetap tidak ada sinyal.","Aku baru saja mengganti kartu yang rusak, tapi masih tidak ada sinyal.",0.9868469834327698
Adohi narkoba yaiku salah siji cara sing isa digunakake kanggo ningkatake kualitas anak bangsa.,Jauhi narkoba adalah salah satu cara yang bisa digunakan untuk meningkatkan kualitas anak bangsa.,Hindari penggunaan narkoba adalah salah satu cara untuk meningkatkan kualitas generasi muda.,0.9559644460678101
"Kafe iki ndhuweni arsitektur bangunan kang apik banget. Amarga penasaran, aku njupuk wektu muteri karo ngenteni panganan teka. Ana galeri sing kebak karo koleksi-koleksi kayu lan ing njaba galeri, katon pemandangan bandung saka ndhuwur. Ing sakitare uga akeh kursi kang digawe saka kayu lan uga watu-watu. Saka panganane, regane kalebu lumayan standar cocok karo kafe-kafe. Aku seneng suasanane.","Kafe ini memiliki arsitektur bangunan yang sangat bagus. Karena penasaran, saya meluangkan waktu berkeliling sembari menunggu makanan datang. Ada galeri yang penuh dengan koleksi-koleksi kayu dan di luar galeri, tampak pemandangan bandung dari ketinggian. Di sekitar banyak juga kursi terbuat dari kayu dan juga bebatuan. Dari sisi makanan, harganya termasuk relatif standar sesuai dengan cafe-cafe. Saya suka suasananya.","Kafe ini memiliki arsitektur bangunan yang sangat bagus. Karena penasaran, saya meluangkan waktu untuk berkeliling dan menunggu makanan datang. Ada galeri yang penuh dengan koleksi kayu dan di luar galeri, saya melihat pemandangan Bandung dari atas. Di sekitarnya juga banyak kursi yang dibuat dari kayu dan batu-batu. Terkait makanannya, harganya termasuk standar sesuai dengan kafe-kafe lainnya. Saya senang dengan suasananya.",0.9674479961395264
"Nganggoa kunci duplikat, bank bri ing tengah kutha dibobol maling, dhuwit rp 1 miliar muspra.","Gunakan kunci duplikat, bank bri di pusat kota dibobol maling, uang rp 1 miliar lenyap.","Saya mengambil kunci duplikat, bank BRI di tengah kota dibobol oleh pencuri, uang Rp 1 miliar hilang.",0.9424512386322021
"Mbengi sekitar jam pituan dijak pelanggan marang panggonan mangan iki, umume sih panganane luwih akeh sek di goreng-goreng ngono kaya pithik, babat, usus, ati ampela, nanging miturutku sih rasane biasa wae, lan minyake ing panganan akeh banget. Nanging variane cukup akeh:","Malam sekitar jam tujuan diajak klien ke tempat makan ini, over all sih makanannya lebih banyak yang di goreng-goreng begitu kayak ayam, babat, usus, ati ampela, tapi menurut saya sih rasanya biasa saja, dan minyaknya di makanan terlalu banyak. Tapi variannya cukup banyak:","Pelanggan mengajak saya ke warung sekitar jam sepuluh untuk makan, umunya makanan yang banyak digoreng seperti pithik, batat, usus, hati, ampela, tetapi rasanya biasa saja dan minyaknya banyak. Namun, variasinya cukup banyak:",0.9169008135795593
"Hai angga, dingge penerbitan tiket owahan jadwal kudu nglakokne pembayaran disik ya.","Hai angga, untuk penerbitan tiket perubahan jadwal diharuskan melakukan pembayaran dulu ya.","Haiangga, sedang penerbitan tiket pesawat jadwal harus dilakukan pembayaran diskon ya.",0.9131620526313782
Masku dodol iphone 8 kanggo tuku ps5,Kakak lelaki saya menjual iphone 8 untuk membeli ps5,Masku dodol iPhone 8 untuk beli PS5.,0.8883945941925049
Aku mbela-mbelani saka bogor 7 jam kanggo mangan sup buntute nanging aku enteni saka jam 8.30 hurung buka uga. Akhire aku teka jam 10.00. Pesen sup buntute hurung ana kanthi alesan mau mbengi rame dadi kokine isih kesel. Wow alesan macem apa kaya kuwi? Beda tenan wektu aku mangan 1 taun kepungkur ya. Panggonane reged tenan kaya ora niat ndhuwe usaha.,Saya bela-belain dari bogor 7 jam demi makan sup buntutnya tetapi saya tunggu dari jam 8.30 belum buka juga. Akhirnya saya datang jam 10.00. Pesan sup buntut belum ada dengan alasan tadi malam ramai jadi chefnya masih tepar. Wow alasan macam apa seperti itu? Beda sekali waktu saya makan 1 tahun yang lalu ya. Tempat sangat kotor seperti tidak niat punya usaha.,"Aku membela-membela untuk Bogor, 7 jam untuk makan sup buntut, tetapi aku sudah menunggu sejak jam 8.30 meskipun jam buka juga. Akhirnya aku datang jam 10.00. Pesan sup buntutnya karena ramai jadi aku masih kesal. Wah, alasan macam apa seperti itu? Berbeda sekali waktunya aku makan 1 tahun lalu. Tempatnya sangat ramai seolah-olah tidak ada niat untuk memiliki usaha.",0.9369152784347534
"Kanggo ngecek layanan mandiri verified by visa vbv ora isa lewat layanan mandiri call 14000, nanging mung isa lewat email lan kantor cabang bank mandiri.","Untuk pengecekan layanan mandiri verified by visa vbv tidak dapat melalui layanan mandiri call 14000, namun hanya bisa melalui email dan kantor cabang bank mandiri.","Untuk mengecek layanan mandiri verified by visa (VBV) tidak bisa melalui layanan mandiri call 14000, tetapi hanya bisa melalui email dan kantor cabang Bank Mandiri.",0.963325023651123
"Kudu njajal nggo nyantai utawa mangan mbengi nang 18th iki, pemandangan sek katon ki apik lan sek dadi daya tarik nang 18th yaiku ndue mester kaca. Regane lumayan larang amarga panggonane ana ing trans hotel, namung unda-undi karo rasa kepenake.","Harus coba untuk bersantai atau makan malam di the 18th ini, pemandangan yang didapat baik dan yang menjadi daya tarik di the 18th terdapat lantai kaca. Untuk harga cukup tergolong mahal karena terletak di trans hotel, tetapi sebanding dengan rasa kenyamanannya.","Harus mencoba untuk bersantai atau makan beignet di ulang tahun ke-18 ini, pemandangannya sangat indah dan menjadi daya tarik di ulang tahun itu karena ada meja kaca. Harganya lumayan mahal karena lokasinya ada di hotel trans, tetapi suasana dan rasanya enak.",0.9206264615058899
Salah siji mal nganggo konsep sing lumayan unik. Akeh pilihan restoran dadi cocok dingge ngentekne wektu bareng kanca-kanca.,Salah satu mal dengan konsep yang cukup unik. Banyak pilihan restoran sehingga cocok untuk menghabiskan waktu bersama teman-teman.,Satu mal menggunakan konsep yang cukup unik. Banyak pilihan restoran cocok untuk menghabiskan waktu bersama teman-teman.,0.9764511585235596
"Lokasine ana ing dalam utama dadi gampang dhewe kanggo tekan panggonane, yen ora nduwe kendaraan dhewe iki bisa ditekani kanggo kendaraan umum. Menu panganane akeh tenan lan ana pirang-pirang menu sing anyar pisanan aku nemu ing kedai iki, rasane enak kanggo rega sing standar, panggonane kapenak tenan.","Lokasinya berada di jalan utama sehingga memudahkan kami untuk mencapai tempatnya, jika tidak memiliki kendaraan pribadi tempat ini dapat dijangkau dengan kendaraan umum. Menu makanannya sangat banyak dan ada beberapa menu yang baru pertama kali saya temukan di kedai ini, rasanya pun enak dengan harga yang standar, tempatnya sangat nyaman.","Lokasinya ada di dalam utama jadi mudah sendiri untuk mencapai tempatnya, jika tidak punya kendaraan sendiri ini bisa ditemani untuk kendaraan umum. Menu makanannya banyak sekali dan ada berbagai menu yang pertama kali aku temukan di kedai ini, rasanya enak untuk harga yang standar, lokasinya sangat enak.",0.958111584186554
Panggonan iki ora cocok kanggo kaluwarga sing nggawa bayi. Dalanane curam tenan. Kanggo anjungan foto ing njaba mung entuk diisi  paling akeh 10 uwong nanging isih akeh sing meksa munggah kanggo foto.,Tempat ini tidak cocok untuk keluarga yang membawa anak balita. Jalanan sangat curam. Untuk anjungan foto di luar hanya boleh diisi max 10 orang tetapi masih banyak yang memaksa naik untuk berfoto.,"Tempat ini tidak cocok untuk keluarga yang membawa bayi. Jalannya terlalu curam. Untuk studio foto di luar hanya bisa masuk maksimal 10 orang, tetapi masih banyak yang terpaksa naik untuk berfoto.",0.9585829377174377
"Panggonan iki salah sawijine panggonan favoritku kanggo ndhelok bogor ing dina mbengi, kanthi suwasanane sing kapenak dikancani karo panganan lan ombeane lan pelayanane sing grapyak. Cahya kutha sing tenan-tenan ayu isa kethok saka kene. Panggonan sing direkomendasikake kanggo ngentekake wektu bareng pasangan, kaluwarga utawa kanca raket.","Tempat ini salah satu tempat favourite saya untuk melihat bogor di malam hari, dengan suasananya yang nyaman ditemani dengan makanan dan minumannya serta pelayanannya yang ramah. Cahaya kota yang benar-benar indah bisa terlihat dari sini. Tempat yang rekomendasi untuk menghabiskan waktu bersama pasangan, keluarga atau sahabat.","Tempat ini adalah salah satu tempat favoritku untuk bersantai di Bogor pada malam hari, dengan suasana yang nyaman ditemani makanan dan minuman serta pelayanannya yang ramah. Cahaya kota yang terang sangat indah bisa terlihat dari sini. Tempat yang direkomendasikan untuk melewatkan waktu bersama pasangan, keluarga, atau teman-teman.",0.9596365094184875
"Gela karo proses mbatalne tiket, wis 43 dina nanging ora ndang ditransfer. loket ora gelem ngelayani","Kecewa dengan proses pembatalan tiket, sudah 43 hari tapi tak kunjung ditransfer. loket tidak mau melayani","Saya sudah mencoba membatalkan tiket, sudah 43 hari tapi belum ditransfer. loket tidak melayani.",0.9438092112541199
"Pilian mangan lan ngombene akeh kanggo dipilih. Lan panggone gede, dibagi dadi pirang-pirang bagian lan konsep. Lak rega cukupan pas kanggo ning sak.","Pilihan makan dan minuman banyak untuk dipilih. Dan tempatnya besar, dibagi menjadi beberapa bagian dan konsep. Untuk harga cukup pas buat di kantong.","Ada banyak pilihan makanan dan minuman untuk dipilih. Dan tempatnya besar, dibagi menjadi beberapa bagian dan konsep. Harganya juga cukup terjangkau untuk semua.",0.9589689373970032
"Restoran gaya jaman bityen. Ana display kue-kue, es krim uga. Suwasanane nyaman. Panganan khas omahan. Isa dinggo rombongan utawa karo kaluwarga. Panganane enak. Sega ulame enak. Sega tutug oncome uga oke. Masakan eropa, asia, nusantara kasadia ning kene. Karek milih. Bocah-bocah seneng mangan es krime ning kene.","Restoran bergaya zaman dahulu. Ada display kue-kue, es krim juga. Suasana nyaman. Makanan khas rumahan. Bisa untuk rombongan maupun dengan keluarga. Makannya enak. Nasi ulamnya enak. Nasi tutug oncomnya juga oke. Masakan eropa, asia, nusantara tersedia di sini. Tinggal pilih. Anak-anak suka makan es krimnya di sini.","Restoran bergaya zaman banyuwangi. Ada pajangan kue-kue, es krim juga. Suasananya nyaman. Makanan khas rumahan. Bisa untuk rombongan atau keluarga. Makananannya enak. Sega udang enak. Sega tutug oncom juga oke. Masakan Eropa, Asia, Nusantara tersedia, tapi lebih ke sini. Pilih saja. Anak-anak senang makan es krim di sini.",0.9469426870346069
"Salah sijine jeneng batagor sing kondhang ing bandung. Rasane nikmat, kanggo rega per buwahe rp. 10 ewu. Pesen 3 buwah kanggo aku cukup maregi amarga ukuran per buwahe cukup gedhe.","Salah satu nama batagor yang terkenal di bandung. Rasanya nikmat, untuk harga per buahnya rp. 10 ribu. Order 3 buah untuk saya cukup mengenyangkan karena ukurannya per buahnya cukup besar.","Salah satu nama batagor yang terkenal di Bandung. Rasanya enak, untuk harga per buahnya Rp. 10 ribu. Pesan 3 buah untukku cukup karena ukurannya cukup besar.",0.9678252935409546
Tau percaya karo body lotion citra nggarai wulu tambah akeh,Pernah percaya kalau body lotion citra bikin bulu tambah banyak,Saya percaya dengan body lotion Citra untuk menghilangkan rambut yang berlebihan.,0.886545717716217
Macet nang ngendi-ngendi yen lagi preinan.,Macet di mana-mana kalau lagi liburan,Macet bisa terjadi di mana saja kalau lagi hari Senin.,0.9074857234954834
"Tulung dikabarne kronologi lengkape, pulsa awit karo keri karo nyebutne tim ya mas/mbak, tim bakale ngecek transaksi penggaweane pulsane","Mohon informasikan detail kronologi, pulsa awal dan akhir dengan mention tim ya kak, tim akan cek transaksi pemakaian pulsanya","Tolong sampaikan kronologi lengkapnya, pulsa dari awal sampai akhir dan sebutkan timnya, timnya cek transaksi pekerjaannya pulsa itu.",0.9104506969451904
"Area mangan ing njabane nyenengake. Igane oke, rasane enak. Jus jeruke ditambah stroberine nikmat. Regane uga oke.","Area makan di luarnya menyenangkan. Iganya oke, rasanya enak. Jus orange plus stroberinya nikmat. Harganya pun oke.","Area yang manis di dekatnya menyenangkan. Saya suka, rasanya enak. Jus jeruk ditambah stroberi sangat nikmat. Harganya juga oke.",0.9508132338523865
Kanggo kowe sek nggolek resto kanthi suwasana sek romantis ora salah maneh uga moro mrene. Lan yen kurang kowe pas-pasan pesen wae menu sek entheng-entheng. Aja diapusi karo gambar ana ing buku menu yen ora pengen nyesel. Menu sukine luwih oke namung kayane ngapae ya adoh-adoh macet-macetan mara mrene mung nggolek kuwi. Ing kutha luwih afdol kayane. Pemandangane jogja mbengine nyekel.,Buat anda yang mencari resto dengan suasana yang romantis tidak salah lagi ke sini saja. Dan kalau rendah anda pas-pasan pesan saja menu yang ringan-ringan. Jangan terkecoh dengan picture di buku menu kalau tidak mau menyesal. Menu sukinya lebih oke tapi kayaknya ngapain ya jauh-jauh bermacet ria ke sini cuma mencari itu. Di kota lebih afdol kayaknya. Pemandangan jogja malamnya memegang.,"Untukmu, ada restoran yang menawarkan suasana romantis. Jangan ragu untuk datang ke sini. Dan jika kurang, pesan saja menu yang ringan. Jangan marah jika ada gambar di buku menu jika tidak ingin menyesal. Menu favoritmu lebih baik, hanya saja kenapa ya jauh-jauh lalu macet-macetan sampai ke sini hanya untuk mendapatkannya. Di kota lain mungkin lebih baik. Pemandangannya di Yogyakarta memang memanjakan mata.",0.8976548910140991
Rasane meh pada karo resto sing liyane sing dodolan iwak laut. Aman resik lan pelayanane cepet,Rasanya hampir sama dengan resto yang lain yang jualan seafood. Aman bersih dan pelayanannya cepat.,"Rasanya mirip dengan restoran lain yang menjual ikan laut. Aman, bersih, dan pelayanannya cepat.",0.9625080227851868
Hasil itung cepet dinyatakne seje karo hasil survei nggarai aku nggumun.,Hasil quick count dinyatakan berbeda dengan hasil survei membuat saya bertanya-tanya.,"Hasil perhitungan cepat dinyatakan sangat sesuai dengan hasil survei, sungguh mengagumkan.",0.9049302339553833
"Kapisan marang mrene kuwi ngerayakake kelulusan adikku, panggonane kuwi loh, apik tenan. Desaine uga unik, apik, kapenak, kapenak, cocok tenan kanggo mangan mbengi bareng kaluwarga, pasangan, sedulur, lan kanca-kanca, pemandangane uga apik, panganane uga enak-enak. Regane sebanding karo pelayanane, ora gela marang mrene. Bener-bener direkomendasikake.","Pertama ke sini itu merayakan kelulusan adikku, tempatnya itu loh, keren banget. Desainnya juga unik, keren, nyaman, nyaman, cocok betul untuk makan malam bareng keluarga, pasangan, saudara, dan teman-teman, pemandangannya juga keren, makanannya juga enak-enak. Harga sebanding dengan pelayanannya, tidak menyesal ke sini. Sangat-sangat direkomendasikan.","Saya datang ke sini untuk merayakan kelulusan adik saya, lokasinya di sini, bagus sekali. Desainnya juga unik, bagus, lezat, sangat lezat, sangat cocok untuk makan bersama keluarga, pasangan, teman, dan teman-teman, pemandangannya juga bagus, makanannya juga enak-enak. Harganya sebanding dengan pelayanannya, tidak mahal untuk tempat ini. Benar-benar direkomendasikan.",0.9577153325080872
"Kabisan ngerteni woconan mben uwong kuwi seje-seje, ana sing pisan moco langsung ngerti, ana uga sing butuh ping bolak-balik moco disik lagek ngerti.","Kemampuan memahami bacaan tiap orang itu beda-beda, ada yang sekali baca sudah paham, ada juga yang butuh berkali-kali baca dulu baru paham.","Setiap orang memiliki cara belajar yang berbeda-beda, ada yang langsung paham saat pertama kali, ada juga yang butuh penjelasan berulang-ulang baru benar-benar mengerti.",0.9251648783683777
Wow tenan kaget karo layanan satuan pengamanane bkpn bromo malang. Tenan diskriminasi banget. Yen aku mung pengen informasi babagan produke deknen. Dhewe diremehake. Cenderung ngusir. Kuciwa tenan!,Wow benar-benar terkejut sama layanan satuan pengamanannya bkpn bromo malang. Benar diskriminasi banget. Kalau kita hanya mau informasi tentang produk mereka. Kita disepelekan. Cenderung mengusir. Kecewa sekali!,"Wah, saya sangat terkejut dengan layanan satuan pengamanannya Bromo Malang. Saya merasa sangat didiskriminasi. Padahal saya hanya ingin informasi tentang produk deknen. Saya diremehkan. Bahkan cenderung diusir. Saya sangat kecewa!",0.9037438631057739
"Bandung terkenal dadi panggon produksi tahu lokal karo kuwalitas apik, salah siji sing paling apik isa digoleki ning warung talaga. Deweke nduwe pabrik dewe ning dalan Jendral sudirman, nanging ngembangne bisnise dadi sajian kuliner uga. Ana rena-rena pilihan sajian tahu. Direkomendasikne banget dinggo pecinta kuliner.","Bandung terkenal sebagai tempat produksi tahu lokal dengan kualitas prima, salah satu yang terbaik bisa dicari di warung talaga. Mereka punya pabrik sendiri di jalan Jendral sudirman, tapi mengembangkan bisnisnya menjadi sajian kuliner juga. Ada berbagai pilihan sajian tahu. Sangat direkomendasikan bagi pecinta kuliner.","Bandung terkenal sebagai tempat produksi tahu lokal dengan kualitas bagus, salah satunya yang paling bagus bisa ditemukan di warung tradisional. Mereka memiliki pabrik sendiri di Jalan Jendral Sudirman, tetapi mengembangkan bisnisnya menjadi sajian kuliner juga. Ada berbagai pilihan sajian tahu. Sangat direkomendasikan untuk para pecinta kuliner.",0.9810077548027039
Tulung dikirimke meneh tagihanku sasi wingi,Mohon dikirimkan kembali tagihan saya bulan lalu,Tolong kirimkan tagihan saya yang tertunda.,0.9016669392585754
"Salah siji menu paling tak senengi iku mcflurry rena-rena rasa liyane paket karo iwak pitik loro. Rumangsaku, pitike mcd nduwe citarasa dewe ning bagian dodone yo teksture alus lan bumbune gurih.","Salah satu menu favorit saya adalah mcflurry aneka rasa selain menu paket dengan dua ayam. Menurut saya, ayam mcd memiliki citarasa tersendiri di bagian dadanya pun memiliki tekstur yang lembut dan bumbunya gurih.","Salah satu menu yang paling saya sukai itu McFlurry rasa rena-rena yang dipadukan dengan ikan pitik dua potong. Rumah saya, pitiknya McD punya rasa sendiri, tetapi bagian dalamnya ya teksturnya halus dan rasanya gurih.",0.8992315530776978
Aku ngrasa kaganggu ndelok parkiran mobil uwong nutupi dalan umum.,Saya merasa terganggu melihat parkiran mobil orang menutupi jalan umum.,Aku merasa kagum melihat parkiran mobil orang menutupi jalan umum.,0.9767888188362122
"Satene gedi-gedi. Bumbune dipisah. Diwehi rajangan brambang lan lombok riwit didang, porsi lontong karo segane uga pas. Pokoke aku seneng.","Satenya besar-besar. Bumbunya dipisah. Dikasih irisan bawang merah dan cabe rawit dikukus, porsi lontong sama nasinya juga pas. Pokoknya saya suka.","Katanya, sutra itu berkilauan. Bumbunya disajikan terpisah. Ada rempah-rempah bawang dan cabai yang banyak, porsi ketupat dan sayur juga pas. Pokoknya aku senang.",0.9047579765319824
"Yen didelok-delok, sandiaga uno karo nadiem makarim mirip yo","Kalau dilihat-lihat, sandiaga uno sama nadiem makarim mirip ya","Kalau dilihat-lihat, Sandiaga Uno dan Nadiem Makarim mirip ya.",0.9203388690948486
Sugeng enjang. Wah kuciwa tenan mosok indihome internet ora kocek maneh. Aku kuwi mbayar larang. Aja nguciwakake dhewe sing dadi pelanggan,Selamat pagi. Wah kecewa berat masa indihome internet tidak kocek lagi. Saya itu bayar mahal. Jangan kecewakan kami sebagai pelanggan,"Selamat pagi. Aduh, aku sangat sedih karena internet indihome tidak ada lagi yang murah. Aku yang harus membayar mahal. Jangan sedih sendiri sebagai pelanggan.",0.9181123971939087
"Sopir ora teka ing panggonan kang dituju, nanging ing aplikasi wis picu munggah, lan gopay wis kapotong, kapok aku nganggi gojek","Driver tidak datang ke tempat tujuan, tetapi di aplikasi sudah picu naik, dan gopay sudah terpotong, kapok saya pakai gojek","Pengemudi tidak datang ke tempat tujuan, tetapi aplikasi sudah terpicu naik, dan GoPay sudah terpotong, jadi aku kapok pakai Gojek.",0.9679282903671265
"Panganan ning kene menurutku kurang enak ya, merga aku wong minang, aku ora tek seneng pangana  jawa sing legi hehe","Makanan di sini menurut saya kurang enak ya, karena saya orang minang, saya tidak terlalu suka makanan jawa yang manis hehe","Makanan di sini menurutku kurang enak ya, karena aku orang Minang, aku tidak suka makanan Jawa yang lebih hehe.",0.9656163454055786
"Pajak, kak, arep njaluk nomor efin, sakdurunge wis aktifasi, namung lali password akun djponline,","Pajak, kak, mau minta nomor efin, sebelumnya sudah aktifasi, tapi lupa password akun djponline,","Pajak, Kak, mau minta nomor efin, sebelum diaktifkan, tapi lupa password akun djponline.",0.9713514447212219
Musim udan kaya iki saban udan mesthi ora tenang wedi kabanjiran.,Musim hujan begini setiap hujan pasti tidak tenang takut kebanjiran.,Musim hujan musim ini setiap hujan pasti tidak tenang karena takut banjir.,0.9411527514457703
Sate wedus H. Ihsan iki cukop terkenal ning tegal. Lak ora iso marani panggon ning pusate. Sampeyan isa uga nemokne sate wedus H Ihsan ning pirang-pirang panggon mangan ning kutha tegal.,Sate kambing H. Ihsan ini cukup terkenal di tegal. Apabila tidak bisa mengunjungi lokasi di pusatnya. Anda bisa juga menemukan sate kambing H Ihsan di beberapa tempat makan di kota tegal.,"Sate Wedus H. Ihsan ini terkenal di Tegal, meskipun sulit ditemukan di pusatnya. Anda juga bisa menemukan Sate Wedus H. Ihsan di berbagai tempat makan di kota Tegal.",0.9558442234992981
"Saka okehe restoran sunda ing Bandung, miturutku Ciganea salah siji favoritku. Aku seneng amarga pithike khas, digorenge ora patio garing. Terus sambele uga ora kalah enak. Menu sing liya uga enak. Panggonane kaya omah, ora patio gedhe nanging cukuplah, lan uga resik.","Dari banyaknya restoran sunda di Bandung, menurut saya Ciganea salah satu favorit saya. Saya suka karena ayamnya khas, digorengnya tidak terlalu kering. Lalu sambalnya pun tidak kalah enak. Menu yang lain pun enak. Tempatnya seperti rumah, tidak terlalu besar tapi cukuplah, dan juga bersih.","Baiklah, restoran Sunda di Bandung, menurutku Ciganea salah satu favoritku. Aku senang karena bumbunya khas, digoreng tidak pucet kering. Terus sambalnya juga tidak kalah enak. Menunya yang lain juga enak. Tempatnya seperti rumah, tidak terlalu besar tetapi cukup, dan juga bersih.",0.9685114622116089
"Hotel iki uwes ngadeg saka telung puluh tahun sing kapungkur, sakdurunge aku lair. Panginepan kapisan ning kota iki. Saiki uwis akeh ngadeg hotel ning kene.","Hotel ini sudah berdiri sejak tiga puluh tahun yang lalu, sebelum saya lahir. Penginapan pertama di kota ini. Sekarang sudah banyak berdiri hotel di sini.","Hotel ini berdiri sejak tiga puluh tahun lalu, sebelum aku lahir. Hotel pertama di kota ini. Sekarang sudah banyak hotel yang berdiri di sini.",0.9788089394569397
"Panganan ning kene pada kaya kfc liyane. Pithik gorenge krispi, gurih, lan enak.","Makanan di sini sama seperti kfc lainnya. Ayam gorengnya crispy, gurih dan enak","Makanan di sini mirip seperti KFC. Rasanya gurih, renyah, dan enak.",0.9483640193939209
"Piye ora nesu ora, kena php indosat terus kie. Pulsane kepotong ludes ora ana turahe.","Bagaimana tidak marah coba, kena php indosat terus nih. Pulsa selalu terpotong ludes tak tersisa.","Bagaimana kabarmu sekarang, terus diphone Indosat. Pulsa habis total, nggak tahu kenapa.",0.8864377737045288
"Pelayanane batik air bisnis class ing halim nguciwakake, gelas reged / mambu, tv ora ana nganggo alesan pesawat anyar, aling methuk saka medhuk pesawat diilangake","Pelayanan batik air bisnis class di halim mengecewakan, gelas kotor / bau, tv tidak ada dengan alasan pesawat baru, penjemputan dari turun pesawat dihilangkan","Pelayanan batik air kelas bisnis di Halim menyediakan gelas yang rusak/mambu, TV tidak tersedia karena alasan pesawat baru, dan aroma parfum pesawat dihilangkan.",0.9095900058746338
Ngganggo laurier dobel pas arep turu pas menstruasi ben ora bocor,Pakai laurier double pas mau tidur saat menstruasi biar tidak bocor,Gunakan lavender ganda saat akan tidur saat menstruasi jika tidak bocor.,0.9113945364952087
"Panggon mangane sederhana banget, nanging rasane juara. Komposisi bumbu kacange pas lan porsine ora tek akeh. Pengunjung sing teka rame banget.","Tempat makannya sangat sederhana, namun rasanya juara. Komposisi bumbu kacangnya pas dan porsinya tidak terlalu besar. Pengunjung yang datang sangat ramai.","Tempat makannya sederhana sekali, tetapi rasanya juara. Komposisi bumbu kacangnya pas dan porsinya tidak terlalu banyak. Banyak pengunjung yang datang ramai-ramai.",0.9742842316627502
"Panggonan lan arsitektur panggonan iki oke banget, mung yen panganane lan ombeane ing kene ora patia maer. Enak kanggo mateni bareng kanca-kanca.","Lokasi dan arsitektur tempat ini oke banget, cuma kalau makanan dan minuman di sini tidak terlalu istimewa. Enak buat bunuh bareng teman-teman.","Arsitektur dan bangunan tempat ini sangat bagus, tapi makanannya dan minumannya di sini kurang memuaskan. Enak untuk bersantai bersama teman-teman.",0.9413602352142334
Rasa panganan biasa ae lan suasanane ora istimewa dadi pisan ketekan wis cukup.,Rasa makanan biasa saja dan suasana tidak istimewa sehingga sekali kedatangan sudah cukup.,"Makanan sehari-hari biasa saja dan suasananya tidak istimewa, jadi cukup saja.",0.9266105890274048
Sing nglarang GBK didadekake panggonan konser pada songong-songong banget dah. Suket ning lapangan sapa sing pengin ngopeni yen ora ana duwit konser. Urung meneh kursi sing seneng dirusak supporter bal. Aduh.,Yang melarang GBK dijadikan venue konser pada songong-songong amat dah. Rumput di lapangan siapa yang mau pelihara kalau tidak ada duit konser. Belum lagi kursi yang suka dirusak supporter bola. Aduh.,Orang-orang yang dulu melarang GBK sekarang membuat tempat konser yang sangat ramai. Siapa pun yang ingin menghadiri jika tidak punya uang untuk konser. Sayang sekali kursi-kursi dihancurkan oleh para penggemar. Aduh.,0.8827084302902222
Gendeng ya. Pesen mix platter ae sampek luwih saka 30 menit. Takon nyang pelayane malah minggat. Ora responsif. Suwi.,Gila ya. Pesan mix platter saja sampai lebih dari 30 menit. Bertanya ke pelayannya malah kabur. Tidak responsif. Lama.,"Dengar ya. Pesan mix platter lama banget, sampai lebih dari 30 menit. Tanya ke pelayan malah menghilang. Tidak responsif. Lambat.",0.9517500996589661
"Pas jenuh karo oleh oleh khas bandung sing wis ana, dadi roti bakar tunggal isa dadi pilihan. Aku kerep tuku roti marie sing dibakar karo rasa sing enaakk, uga roti bakar karo rasa keju utawa coklate. Biasane aku tuku ning konter roti bakar tunggal ning paskal hyper square. Regane ancen rodok larang, nanging rumangsaku meh podo karo panganan oleh-oleh. Dadi ya ora isa uga diomongne larang. Lan toh rasane enak.","Saat jenuh dengan oleh oleh khas bandung yang sudah ada, maka roti bakar tunggal bisa menjadi pilihan. Saya sering beli roti marie yang dibakar dengan rasa yang yuummy, juga roti bakar dengan rasa keju atau coklatnya. Biasanya saya beli di counter roti bakar tunggal di paskal hyper square. Harganya memang agak mahal, tapi saya rasa hampir sama dengan makanan oleh-oleh. Jadi ya tidak bisa juga dibilang mahal. Dan toh rasanya enak.","Ketika sudah penuh dengan oleh-oleh khas Bandung yang sudah ada, jadi roti bakar sederhana bisa menjadi pilihan. Saya sering membeli roti Marie yang dipanggang dengan rasa yang enak, juga roti bakar dengan rasa keju atau cokelat. Biasanya saya beli di konter roti bakar sederhana di Pascal Hyper Square. Harganya memang agak mahal, tapi yang saya beli hampir sama dengan oleh-oleh. Jadi ya tidak apa-apa juga dikatakan mahal. Dan rasanya memang enak.",0.9474548697471619
"Lunga bareng kaluwarga mangan mbengi, regane larang kanthi rasa sing biasa bae.","Pergi bersama keluarga makan malam, harganya mahal dengan rasa yang biasa saja.","Berjalan-jalan bersama keluarga makan bepohonan, harganya hanya dengan santai saja.",0.9051007628440857
"Sugeng siang, biaya administrasi rek simpedes tp 5.500, - / sasi. Maturnuwun era","Selamat siang, biaya administrasi rek simpedes rp 5.500, - / bulan. Terima kasih era","Selamat siang, biaya administrasi pembuatan rekening simpedes Rp 5.500,- per tahun. Terima kasih banyak.",0.9470336437225342
"Panggonan kapenak lan enak, kala-kala didadekake panggonan foto pre-wedding","Tempat nyaman dan enak, kadang dijadikan tempat foto pre-wedding","Tempat yang enak dan menarik, kadang-kadang dijadikan tempat foto pre-wedding.",0.9660695791244507
"Pelayanane apik banget, lan muasne saka segi panggon, apik banget isa ndelok pemandangan kutha pas wengi saka segi panganan, apik pol! Panganane enak banget ora nyesel ngge mara rene.","Pelayanannya sangat bagus, sangat memuaskan dari segi tempat, indah sekali bisa melihat pemandangan kota di malam hari dari segi makanan, terbaik! Makanannya enak sekali tidak menyesal untuk datang ke sini.","Pelayanannya sangat baik, dan lokasinya bagus, sangat bagus bisa melihat pemandangan kota di malam hari dari segi makanan, sangat bagus! Makanan enak sekali tidak menyesal datang ke sini.",0.9753952622413635
Arif tuku jaket billabong sek paling anyar,Arif membeli jaket billabong yang terbaru,Arif membeli jaket Billabong yang paling baru.,0.930536687374115
"Warung mangan sing uwis teka wiwit suwi lan uwis dadi kaya legenda kayane saiki uwis buka cabang. Terkenal amarga konsisteni rasa -ne uwis pirang-pirang tahun, sanadyan bangunan asli uwis dibongkar nanging kaasliane tetep dijaga lan tetep engel parkir. Sawetara wektu kepungkur ana setithik pangowahan nalika ibu chef utama uwis ora ketok maneh.","Warung makan yang telah hadir sejak lama dan telah menjadi semacam legenda, mungkin sekarang sudah buka cabang. Terkenal karena konsistensi rasa -nya selama bertahun-tahun, meskipun bangunan asli telah dipugar tetapi keaslian masih tetap dijaga dan tetap susah parkir. Beberapa waktu terakhir ada sedikit perubahan ketika ibu chef utama sudah tidak terlihat lagi.","Warung makan yang sudah lama ada sejak lama dan sudah menjadi seperti legenda. Kabarnya sekarang sudah buka cabang. Terkenal karena rasa yang konsisten – sudah bertahun-tahun, meskipun bangunan aslinya sudah dibongkar tetapi tetap dijaga dan tetap menyediakan tempat parkir. Beberapa waktu lalu ada sedikit perubahan ketika chef utama tidak kembali lagi.",0.9472578763961792
Menehi bantuan nyang korban bencana dinggo pencitraan percuma. Apameneh dinggo publikasi. Sepurane banget. Muak aku.,Memberikan bantuan ke korban bencana untuk pencitraan percuma. Apalagi untuk publikasi. Maaf banget. Muak saya.,Tidak ada gunanya memberikan bantuan untuk korban bencana hanya untuk publikasi. Sungguh menjengkelkan. Aku muak.,0.9056544899940491
Rasa panganane biasa bae lan regane larang. Panggonane uga biasa. Lokasine ora patia adoh saka tengah kutha.,Rasa makanannya biasa saja dan harganya mahal. Tempatnya juga biasa. Lokasinya juga terlalu jauh dari pusat kota.,Rasa makanannya biasa saja dan harganya mahal. Tempatnya juga biasa. Lokasinya tidak terlalu jauh dari pusat kota.,0.990558922290802
Dingge mara nyang panggon iki dalane macet banget lan adoh saka pusat kutha. Saktekane ning kana ora ana bab sing spesial sing nggarai perjalanan adoh kebayar. Menune biasa ae.,Untuk menuju ke tempat ini jalannya sangat macet dan jauh dari pusat kota. Sesampainya di sana tidak ada hal yang spesial yang membuat perjalanan jauh terbayarkan. Menunya biasa saja.,Jalan di sini sangat macet dan jauh dari pusat kota. Parkirnya di sana tidak ada yang spesial sehingga perjalanan jauh terbayar. Lumayan saja.,0.9374716877937317
Rasa rotine enak. Variasi roti lan pacetane sing didol akeh. Rega standar. Paling seneng karo roti taware. Seneng.,Rasa rotinya enak. Variasi roti dan cemilan yang dijual banyak. Harga standar. Paling suka sama roti tawarnya. Suka.,Rasa rotinya enak. Variasi roti dan pacetannya banyak. Harganya standar. Paling suka dengan roti tawar. Senang.,0.9566830396652222
"Deknen kuwi sapa sih? Kok isi beritane deknen kabeh, mbokane deknen mantan narapidana kae","Dia ini siapa sih? Kok isi berita dia semua, bukannya dia mantan narapidana itu","Siapa itu Pendeta itu? Kok berita bilang Pendeta itu semua, kenapa Pendeta itu mantan narapidana?",0.9096571803092957
"Pengin mangan karo nikmati suwasana paris? Ora usah adoh-adoh menyang prancis, cukup menyang paris van java alias bandung. Braga permai iki rekomendasi banget kanggo mangan karo santai-santai. Panganane enak, regane mlebu akal lan suwasanane kapenak banget apamaneh meja sing ning jaba. Mangan karo nikmati suwasana bandung jaman mbiyen.","Ingin makan sembari menikmati suasana paris? Enggak usah jauh-jauh ke prancis, cukup ke paris van java alias bandung. Braga permai ini rekomendasi banget buat makan sambil santai-santai. Makanannya enak, harganya masuk akal dan suasananya nyaman banget apalagi meja yang di luar. Makan sambil menikmati suasana bandung tempo dulu.","Ingin makan dan menikmati suasana Paris? Jangan jauh-jauh ke Prancis, cukup ke Paris van Java alias Bandung. Braga permai ini rekomendasi banget untuk makan dan bersantai-santai. Makanan enak, harganya masuk akal dan suasananya sangat nyaman apalagi meja yang menghadap ke luar. Makan dan nikmati suasana Bandung zaman dulu.",0.9381144046783447
Yogyakarta iki ing saben pojokan dalan akeh hotel. Nanging eman. Kanggo kelas bintang 3 bae rega luwih larang kanthi pelayanan sing ora sepadan.,Yogyakarta ini di tiap sudut jalan banyak hotel. Tapi sayang. Untuk kelas bintang 3 saja harga lebih mahal dengan pelayanan tidak setara.,Yogyakarta sekarang di setiap sudut jalan banyak hotel. Tapi tidak enak. Untuk kelas bintang 3 saja harganya lebih mahal dengan pelayanan yang tidak sepadan.,0.969639003276825
Bakmine enak. Ditambah daging rica2ne mantep banget. Rasane si pedes-pedes nanging nikmat. Mangan siji krasa kurang tah.,Bakminya enak. Ditambah daging rica2nya super mantap. Rasanya sih pedas-pedas tapi nikmat. Makan satu berasa kurang deh.,Bakminya enak. Ditambah dagingnya pedas banget. Rasanya nampaknya pedas-pedas tapi nikmat. Makan satu kali rasanya kurang lengkap.,0.9508657455444336
Aplikasi bni mobile banking tulung didandani soale arep aktivasi akun ora isa.,Aplikasi bni mobile banking mohon diperbaiki soalnya mau aktivasi akun tidak bisa.,Aplikasi BNI Mobile Banking perlu didandani agar bisa diaktifkan akunnya.,0.9161374568939209
Anti nganggo power bank wiwit handphone samsungku bocor bateraine sakbanjure dingokake kuwi.,Anti pakai power bank semenjak handphone samsung gue bocor baterenya setelah dipakaikan gituan.,Kamu pakai power bank sejak handphone Samsungku bocor baterainya sebelah belakang di-dinginkan olehku itu.,0.8998706936836243
"Botol uc1000 angel banget dibukake tah, marakna tangan lara","Botol uc1000 susah banget dibukanya dah, bikin tangan sakit","Botol itu sangat bagus untuk dibuka, sayang sekali tidak bisa disentuh.",0.8572138547897339
"Nggolek suwasana nostalgia ing jogja, panggonan iki yaiku pilian sing pas! Menu panganane didominasi panganan-panganan sing kena pengaruh gaya panganan landa. Kasenenganku stik sirloin. Restoran iki uga ndhuweni toko roti kanthi pilian roti gaya jaman mbiyen.","Mencari suasana nostalgia di jogja, tempat ini adalah pilhan yang tepat! Menu makanan didominasi makanan-makanan yang dipengaruhi gaya makanan belanda. Favorit saya steak sirloin. Restoran ini juga memiliki toko roti dengan pilihan roti bergaya zaman dahulu.","Mencari suasana nostalgia di Yogyakarta, tempat ini adalah pilihan yang tepat! Menu makanannya didominasi oleh jajanan-jajanan yang terpengaruh gaya panganan tradisional. Saya sangat suka stik sirloin. Restoran ini juga memiliki toko roti dengan pilihan roti gaya zaman dahulu.",0.9521582722663879
Ketua dpr ngapresiasi pilkada barengan sing mlaku damai.,Ketua dpr mengapresiasi pilkada serentak yang berlangsung damai.,Ketua DPR mengapresiasi pilkada yang berjalan aman dan lancar.,0.938887357711792
Ngurus gaji karyawan dhewe wae ora isa jare arep ngurus bumn. Mikir nganggo utek,Mengurus gaji karyawan sendiri saja tidak becus konon mau mengurus bumn. Mikir pake otak,"Tidak bisa mengurus gaji karyawan sendiri, apalagi mengurus BUMN. Harus berpikir jernih.",0.8943973183631897
Ning indonesia pilihan merek telepon seluler kan melimpah. Lak ora seneng cara xiaomi nglakokne bisnise ya kari milih merek liya. Digawa santai wae.,Di indonesia pilihan merek telepon seluler kan melimpah. Kalau tidak suka cara xiaomi menjalankan bisnisnya ya tinggal pilih merek lain. Dibawa santai saja.,Di Indonesia pilihan merek telepon seluler sangat banyak. Kenapa tidak senang dengan cara Xiaomi menjalankan bisnisnya jika memilih merek lain? Santai saja.,0.9367296695709229
"Nate mangan ning poolside hotel hilton? Jan ora rekomendasi kanggo rasa lan rega. Panganane kurang rasane, aku nggawa 20 uwong, kabeh gela.","Pernah makan di poolside hotel hilton? Sangat tidak rekomendasi untuk rasa dan harga. Makanan kurang rasa, gue bawa 20 orang, semua kecewa.","Apakah Nate makan di poolside hotel Hilton? Saya tidak merekomendasikannya karena rasa dan harganya. Makananannya kurang rasanya, saya membawa 20 orang, semuanya tidak enak.",0.9295554757118225
Panggonane unik. Karo mangan uga dimanjakake kaliyan panggonan sing sarwa unik. Akeh kayu kayu lan galerine. Kanggo bocah uga aja kuatir. Ana dolanan bocahe. Dadi mangan dadi luwih santai.,Tempatnya unik. Sambil makan juga dimanjakan dengan tempat yang serba unik. Banyak kayu kayu dan galerinya. Buat anak juga jangan kuatir. Ada mainan anaknya. Jadi makan jadi lebih santai,Tempatnya unik. Cocok juga untuk dijelajahi bersama tempat-tempat yang sama uniknya. Banyak kayu dan galeri. Anak-anak juga tidak perlu khawatir. Ada banyak permainan untuk mereka. Jadi makan dan minum menjadi lebih santai.,0.9281828999519348
"Yen marang rene aku mesthi pesen budin sambel roa. Budine digoreng dipasake karo sambel roa, enak. Panganan sing liyane uga enak nanging kanggo aku lan kaluwarga sing paling enak ing kene ya mangan budin karo ngombe kopi.","Kalau ke sini saya selalu pesan singkong sambal roa. Singkongnya digoreng dipadankan dengan sambal roa, enak. Makanan yang lainnya juga enak tetapi buat saya dan keluarga yang paling enak di sini ya makan singkong sambil minum kopi.","Jika untuk teman, aku pasti pesan budin sambel roa. Rasanya enak karena digoreng dan dimakan dengan sambel roa. Makanan lain juga enak, tapi untukku dan keluarga yang paling enak di sini adalah makan budin sambil minum kopi.",0.9460226893424988
Telepone genggam eror pas kaping pisan diurupne,Telepon genggamnya eror pas pertama dinyalakan,Telepon genggam error saat pertama kali digunakan.,0.8756973147392273
Turu sing cukup saben dinane isa gawe awak ora kekeselen lan seger sawektu tangi ing dina esuk.,Tidur yang cukup tiap harinya bisa bikin badan tidak kecapekan dan segar ketika bangun di pagi hari.,"Setiap hari, cukup berjalan-jalan bisa membuat tubuh tidak bosan dan segar di pagi hari.",0.9245937466621399
Restoran iki romantis tenan kanthi pemandangane sing apik tenan ing dina mbengi,Restoran ini sangat romantis dengan pemandangannya yang sangat indah di malam hari,Restoran ini sangat romantis dengan pemandangannya yang sangat indah di malam hari.,0.9864436388015747
"Sugeng sonten ibu, bab produk perbankan mandiri apa sing entuk dhewe rewangi? Yogi","Selamat sore ibu, perihal produk perbankan bank mandiri apa yang dapat kami bantu? Yogi","Selamat datang ibu, produk perbankan mandiri apa yang ingin Anda ketahui? Yogi",0.9400361180305481
"Suwasanane ing panggonan iki luwar biasa tenan. Pas kuwi dhewe teka ing sore ameh wengi, lan etuk panggonan sing ngadep ning air terjun. Gemricik banyu grojogan lan suwasana desa nambah nikmat suwasana mangan wengi dhewe pas kuwi. Panganan disajekake kanthi gaya tradisional lan rasane cukup apik kanggo ilate dhewe.","Suasananya di tempat ini sungguh luar biasa. Ketika itu kami datang pada senja menjelang malam, dan mendapatkan ruang yang menghadap ke air terjun. Gemericik air terjun dan suasana pedesaan menambah nikmat suasana makan malam kami ketika itu. Makanan disajikan dengan gaya tradisional dan rasanya cukup menarik untuk lidah kami.","Sungguh luar biasa tempat ini. Saat aku datang di sore hari menjelang malam, dan menemukan tempat ini yang menghadap ke air terjun. Gemericik air terjun dan suasana desa menambah nikmatnya makan malam di sini. Makanan disajikan dengan gaya tradisional dan rasanya cukup enak untuk dinikmati.",0.9496294260025024
"Regane larang banget, padahal panganan sing didol panganan indonesia umume. Padahal kanggo nikmati panganan kaya ngene iki ing panggonan liyane adoh luwih murah. Sega goreng wae ing kene larang banget banget! Jengkel.","Harganya terlalu mahal, padahal makanan yang dijualkan makan indonesia umumnya. Padahal untuk menikmati makanan sejenis di tempat lain jauh lebih murah. Nasi goreng saja di sini mahal banget banget! Kesal.","Harganya sangat mahal, padahal makanan yang dijual itu makanan Indonesia pada umumnya. Padahal untuk menikmati makanan seperti ini di tempat lain jauh lebih murah. Terlalu dilarang menjual gorengan di sini! Sangat menjengkelkan.",0.9455832839012146
Ana ing akun mycare ku sek keblokir kuwi wis aku tambahake nomer im3 ku sek anyar,Dalam akun mycare saya yang terblokir tersebut sudah saya tambahkan nomer im3 saya yang baru,"Akun mycare saya terkunci, saya sudah menambahkan nomor im3 saya yang baru.",0.9256302714347839
120 peserta sing lulus iki bakale dibagi dadi 4 kelas karo jumlah masing masing 30 murid,120 peserta yang lulus ini akan dibagi menjadi 4 kelas dengan jumlah masing masing 30 siswa.,120 peserta yang lulus ini akan dibagi menjadi 4 kelas dengan jumlah masing-masing 30 murid.,0.9858696460723877
"Apa iki, regane larang, pelayanane jan mines!","Apa ini, harga mahal, pelayanan minus!","Apa ini, harganya mahal, pelayanannya jangan mengecewakan!",0.9254992008209229
Aku ketemu karo deknen ing asrama panggonan dhewe manggon nalika isih mahasiswa,Saya bertemu dengannya di asrama tempat kami tinggal semasa mahasiswa dulu,Aku bertemu dengan dosen di asrama tempat tinggal sendiri ketika masih mahasiswa.,0.9171395897865295
"Endi ki suwe banget konfirmasine? Iki uwis dibayar, uwis ngirimne bukti transfer, nanging e - tiket pancet ora metu? Aku gela, wegah digantung ngene.","Mana nih lama sekali konfirmasinya? Ini sudah dibayar, sudah mengirimkan bukti transfer, tetapi e - tiket tetap tidak keluar? Saya kecewa, tidak mau digantung begini.","Sudah berapa lama konfirmasinya? Tiket ini sudah dibayar, sudah dikirim bukti transfer, tapi e-tiketnya belum keluar. Aku bingung, jangan dibiarkan menggantung seperti ini.",0.931169867515564
"Ndelok film indonesia ning tv iki, kadang nggarai pegel. Merga kayak-kayake indonesia ora ana masalah, merga kabeh lagi mlaku-mlaku ning luar negeri.","Menonton film indonesia di tv ini, kadang bikin jengkel. Karena seakan-seakan indonesia tidak ada masalah, karena semuanya lagi jalan-jalan di luar negeri.","Menonton film Indonesia di TV ini, kadang membuat pegal. Karena seperti-seperti Indonesia tidak ada masalah, karena semuanya sedang berlibur di luar negeri.",0.9544569849967957
"Dasare ora ngerti kahanan kowe! Sinau beladiri udu nggo disombongke! Nanging kanggo nglindhungi awake dhewe! Gurumu dantemi apa maneh uwong tuwamu! Dasar iblis kowe, nyawa dibayar nyawa! Kowe ndhuwe utang siji nyawa! Lan nyawamu sing dadi bayarane!?","Dasar tak tau diri kau! Belajar beladiri bukan untuk di sombongkan! Tapi untuk melindungi diri sendiri! Guru lu aja lu pukulin apalagi orang tua lo! Dasar iblis kau, nyawa di bayar nyawa! Lu punya hutang satu nyawa! Dan nyawa lo yang jadi bayarannya!?","Kamu tidak mengerti keadaan dirimu! Belajar bela diri bukan untuk sombong! Melainkan untuk melindungi diri sendiri! Guru kamu akan mendatangi atau menghukummu! Dasar iblis, nyawa harus dibayar dengan nyawa! Kamu memiliki utang satu nyawa! Dan nyawamu yang menjadi pembayarannya!?",0.9318469166755676
"Lak nyang mangkok iwak pitik mesti tuku kwetiaew sirame, lak didelok kayake sing sitik, nangis pas dipangan beh, akeh banget lak kanggo porsiku, kwetiaw sirame sik juara ning kene timbang nggon liya, tenan. Sambele uga sekeca banget karo seleraku.","Kalau ke mangkok ayam pasti beli kwetiaw siramnya, kalau dilihat seperti yang sedikit, tetapi pas dimakan beuh, banyak sekali kalau buat porsi saya, kwetiaw siramnya masih juara di sini dari pada di tempat lain, sungguh. Sambelnya juga sesuai banget sama selera saya.","Mangkuk ikan pitik itu harus beli kwetiaw sirame, lihatnya mirip seperti yang kecil, menangis saat dimasak, banyak sekali untuk porsiku, kwetiaw sirame tidak juara, tapi ditimbang berbeda, benar-benar. Sambelnya juga sangat cocok dengan seleraku.",0.910036027431488
Atlet enom tanah air melu serpong run 2018 dinggo ajang nguji coba,Atlet muda tanah air ikuti serpong run 2018 untuk ajang uji coba,Atlet muda tanah air berlomba di Serpong Run 2018 untuk ujicoba.,0.935014545917511
"Penting lan sebarno negriku sing wis lara, pas oknum aparat dadi keparat, sing pener disalahne lan sing salah dipenerne","Penting dan sebarkan negeriku yang sudah sakit, kala oknum aparat jadi keparat, yang benar disalahkan dan yang salah dibenarkan","Penting dan seluruh negara saya yang sedang menderita, karena adanya oknum aparat yang menjadi korup, yang salah diperlakukan dan yang salah dipimpin.",0.8958849906921387
Bis harapan jawa adoh luwih kapenak dibanding sing liyane,Bus harapan jaya jauh lebih nyaman dibandingkan yang lainnya,"Makanan khas Jawa itu enak, lebih enak daripada yang lain.",0.8686022162437439
Tinggalen ae lak awakmu pancene wis waleh karo pacarmu lan pacaran ora ana gunane kanggo awakmu.,Tinggalkanlah kalau kamu memang sudah bosan sama pacar mu dan pacaran tidak ada gunanya buat kamu.,"Tetap saja, jaga dirimu saja, karena kamu sudah putus dengan pacarmu dan pacaran tidak ada gunanya untukmu.",0.9298651814460754
"Isih percoyo karo omongane? Dee sing nutup rapet-rapet bobroke sifate, dee uga sing mbukak tabir aibe.","Masih percaya sama omongannya? Dia yang menutup rapat-rapat kebobrokan sifatnya, dia juga yang membuka tabir aibnya.","Masih percaya dengan bicaranya? Dewi yang menutup rapat-rapat menyembunyikan sifatnya, dia juga yang membuka tabir aib.",0.9523504376411438
"Kafe iki, nduwe pirang-pirang cemilan sing top banget, tahu ning lumboenk karo vulkano risols jenenge. Sensasine unik saka wujude karo rasane nggarai sir maneh si maneh, dinggo sing penasaran oleh njajal wis.","Kafe ini, punya beberapa cemilan yang top banget, tahu di lumboenk sama vulkano risols namanya. Sensasi unik dari tampilan sama rasanya bikin mau lagi mau lagi, bagi yang penasaran boleh dicoba deh.","Kafe ini, punya berbagai macam camilan yang sangat enak, tahu dan lumpang serta risol vulkano namanya. Rasanya unik dari bentuknya dan rasanya membuat ketagihan, bagi yang penasaran mencoba pasti akan suka.",0.9094046950340271
2018 kpk nduweni tekad kanggo nuntaskae kasus e-ktp lan lbi.,2018 kpk bertekad menuntaskan kasus e-ktp dan blbi.,"Pada tahun 2018, KPK bertekad untuk menyelesaikan kasus e-KTP dan lainnya.",0.9035974740982056
Namung penerbangan ing indonesia sing ora tahu ngeregani wektu. Uwis mbayar larang pelayanane tetep nguciwakake,Cuma penerbangan di indonesia yang tidak pernah ngehargai waktu. Sudah bayar mahal tetap pelayanannya mengecewakan,Namun penerbangan di Indonesia yang tidak tahu mengatur waktu. Sudah membayar larangan pelayanannya tetap menyusahkan.,0.9114475846290588
"Kanggo layanan bank ing akhir pekan sing lokasine ing bekasi, bapak isa teka marang kantor cab bank mandiri bekasi juanda","Untuk layanan bank di akhir pekan yang berlokasi di bekasi, bapak dapat datang ke kantor cab bank mandiri bekasi juanda.","Untuk layanan bank di akhir pekan yang lokasinya di Bekasi, Bapak bisa datang ke kantor cabang Bank Mandiri Bekasi Juanda.",0.9532355070114136
susah banget ndelok segara sing saiki reget didadekake panggonan guwak sampah sembarangan,Sedih banget melihat laut yang sekarang kotor dijadikan tempat buang sampah sembarangan,Sangat sulit melihat laut yang sekarang menjadi tempat pembuangan sampah sembarangan.,0.9393713474273682
"Salah siji panggon mangan lan panggon nangkring sing direkomendasikne kanca sing oke banget. Panggone pancene lumayan munggah lak saka kutha, lan rodok mlebu-mlebu sampek ora ketok lak saka dalan utama. Nanging panganane enak, panggone asik, regane uga standar. Sik sumbut karo regane lah. Oleh lak nyang Malang dolan mrene maneh.","Salah satu tempat makan dan tempat nongkrong yang direkomendasikan teman yang oke sekali. Tempatnya memang lumayan naik kalau dari kota, dan agak masuk-masuk sampai tidak terlihat kalau dari jalan utama. Tapi makanannya enak, tempatnya asik, harganya juga standar. Masih sepadan dengan harga lah. Bolehlah kalau ke Malang datang ke sini lagi.","Sebuah tempat makan dan tempat bersantai yang direkomendasikan teman sangat bagus. Tempatnya lumayan jauh dari kota, dan jalannya agak berkelok-kelok sampai tidak kelihatan dari jalan utama. Tapi makanannya enak, tempatnya asik, dan harganya juga standar. Jangan sungkan jika dengan harganya. Jadi, saya akan kembali ke Malang untuk datang ke sini lagi.",0.9375124573707581
On the spot lagi tayang ing trans7,On the spot sedang tayang di trans7,Sedang tayang langsung di Trans7.,0.8864597678184509
"Bener-bener iwak pitik goreng sing gurih lan nggarai aku ketagihan, sambel sing pedes nggarai sensasi mangan luwih mantep karo sega anget lan es teh manis","Benar benar ayam goreng yang gurih dan membuat saya ketagihan, sambal yang pedas membuat sensasi makan lebih mantap dengan nasi hangat dan es teh manis","Benar-benar ikan goreng yang gurih dan membuatku ketagihan, sambal yang pedas membuat sensasi makan lebih mantap dengan nasi hangat dan es teh manis.",0.9834985136985779
Aku wis ndaftar namung ora entuk sms seka 5111.,Saya sudah registrasi tapi tidak dapat sms dari 5111.,Saya sudah mendaftar tapi tidak dapat SMS dari 5111.,0.980903148651123
"Mumpung lagi mlaku-mlaku marang bandunh sekaliyan nyempatake nyoba batagor sek paling enak ing kota kembang iki nganti ora sadar dhewe mesen luwih akeh seka kapasitas mangan dhewe wong loro: Bakso tahu goreng, siomay goreng lan batagor kuah, ayam kremes, lan es cendol lan dhewe uga kudu mbungkus mulih tahu yun yin pesenan dhewe akhire.","Mumpung sedang berjalan-jalan ke bandunh sekalian menyempatkan mencoba batagor yang terenak di kota kembang ini sampai tidak sadar kami memesan lebih banyak dari kapasitas makan kami berdua: Bakso tahu goreng, siomay goreng dan batagor kuah, ayam kremes, dan es cendol dan kami masih harus membungkus pulang tahu yun yin pesanan kami akhirnya.","Untung lagi jalan-jalan, jadi sempat nyobain batagor yang paling enak di kota bunga ini sampai tidak sadar memesan lebih banyak dari kapasitas makan sendiri, seperti bakso tahu goreng, siomay goreng dan batagor kuah, ayam kremes, serta es cendol, dan juga harus membungkus sisa tahu yun yin pesanan sendiri akhirnya.",0.9309329986572266
"Njajal pesen shabu-shabu, menu anyar ning gading resto. Kuwalitas rasane cukup enak, regane kejangkau uga. Rekomendasi lak nggawa tamu utawa mung mangan wengi karo kaluwarga.","Mencoba memesan shabu-shabu, menu baru di gading resto. Kualitas rasa cukup enak, harga terjangkau pula. Rekomendasi bilamana membawa tamu atau sekadar makan malam bersama keluarga.","Coba pesan shabu-shabu, menu baru di restoran ini. Rasanya cukup enak, harganya juga terjangkau. Saya rekomendasikan untuk membawa tamu atau sekadar makan malam bersama keluarga.",0.958555281162262
Oke. Wis tak kirim lewat pesen langsung,Oke. Sudah saya kirim via pesan langsung,Oke. Sudah saya kirim lewat pesan langsung.,0.975573718547821
"Kasamrawutan sing kadadean akhir debat loro pilgub jabar ing 14 mei 2018 sing kepungkur, marakke silang pendapat saka para kontestan debat.","Kericuhan yang terjadi pengujung debat kedua pilgub jabar pada 14 mei 2018 yang lalu, menimbulkan silang pendapat dari para kontestan debat.","Kebingungan yang terjadi di akhir debat pilgub Jabar pada 14 Mei 2018 yang lalu, karena para kontestan debat berbeda pendapat.",0.9480236768722534
Isuk iki lali nyepot helm mas gojek bar mudun saka motor gara-gara nguber bis,Pagi ini lupa lepas helm abang gojek setelah turun dari motor gara-gara mengejar bus,Besok saya ingat pakai helm gojek bekas yang tadinya dipakai di atas motor karena saya mabuk bus.,0.8877310156822205
"Restoran iki tansah top. Suasanane nyaman banget kanggo ngobrol karo kanca, sedulur utawa pasangan. Panganane uga enak. Sanajan aku biasane ora mangan abot. Soale paling seneng marang mrene sore nyedhak mbengi","Restoran ini selalu top. Suasananya nyaman banget buat ngobrol dengan teman, saudara atau pasangan. Makanannya juga enak. Walaupun saya biasanya tidak makan berat. Soalnya paling suka ke sini sore menjelang malam","Restoran ini selalu bagus. Suasananya sangat nyaman untuk mengobrol dengan teman, keluarga, atau pasangan. Makanan juga enak. Meskipun biasanya saya tidak makan banyak. Karena paling senang datang ke sini sore-sore untuk menikmati waktu santai.",0.9526975750923157
"Menu sing dhewe pesen urang, sapi, sapo kabehane enak, sampurna dimasake, rasane pas, kuwalitase dhuwur. Panggonane amba, pelayanane oke tenan. Kabehane grapyak lan grapyak karo bocah-bocah","Menu yang kita pesan udang, sapi, sapo semuanya enak, sempurna dimasaknya, rasanya pas, berkualitas tinggi.  Tempat luas, pelayanan oke banget. Semuanya ramah dan ramah sama anak-anak","Menu yang dibuat sendiri pesanannya enak, daging sapi dan sapo kabehannya lezat, dimasak sempurna, rasanya pas, kualitasnya tinggi. Tempatnya luas, pelayanannya sangat baik. Kebersamaan dan cocok untuk anak-anak.",0.9202523231506348
"Kesel ngantri, kesel golek panggon lungguh, kesel lungguh. Dinggo sing ora nduwe wektu suwe lan wis keluwen, mending ora mrene. Aku mrene pas liburan bodo panganan ning ruko-ruko kene uga rodok larang lan rasane standar.","Capek mengantre, capek mencari tempat duduk, cape duduk. Buat yang tidak punya waktu lama dan sudah kelaperan, mendingan tidak ke sini. Saya ke sini pas liburan lebaran makanan di ruko-ruko sekitar sini juga rada mahal dan rasanya standar.","Jenuh mengantri, jenuh mencari tempat duduk, jenuh duduk. Karena tidak punya waktu lama dan sudah lelah, mending tidak di sini. Aku datang di sini saat liburan bodoh tanpa perencanaan, tapi toko-toko di sini juga agak ramai dan rasanya standar.",0.9312825798988342
"Warung mangan nduwe suasana sing nyaman karo gaya kampung lawas. Luwih sekeco diparani wektu sore sampek dina wengi ning kahanan sing luwih romantis karo cahyaning remeng-remeng saka obor lan geni unggun. Panganan sing disajikne rena-rena, mulai panganan indonesia sampek panganan eropa serba ana. Cocok sanget kanggo ngentekne wektu karo kanca lak keluarga.",Resto ini memiliki suasana yang nyaman dengan gaya kampung tradisional. Lebih cocok dikunjungi saat sore hingga malam hari di suasana lebih romantis dengan cahaya temaram dari obor dan api unggun. Makanan yang disajikan bervariasi mulai makanan indonesia sampai european makanan serba ada. Sangat cocok untuk menhabiskan waktu bersama teman atau keluarga.,"Warung makan memiliki suasana yang nyaman dan bergaya desa lama. Lebih seru didatangi waktu sore sampai malam hari, dengan suasana yang lebih romantis dengan cahaya lampu-lampu obor dan api unggun. Makanan yang disajikan beragam, mulai dari makanan Indonesia sampai makanan Eropa semuanya ada. Sangat cocok untuk melewatkan waktu bersama teman atau keluarga.",0.9409903287887573
"Menu masakan sing disajekne lumayan rena-rena karo rasa sing lumayan enak, kabehe pelayan lan wektu pelayanane ya cukup apik dadi awakdewe wareg mangan awan ning kana, mung nata panggene restoran sing mestere rena-rena munggah - mudun dadi kudu luwih ngati-ati dinggo wong tua lan bocah cilik, muga-muga isa luwih ditingkatne pelayanane lan rena-rena menune. Sukses terus kanggo boemi mitoha.","Menu masakan yang disajikan lumayan bervariasi dengan rasa yang lumayan enak, jumlah pelayan dan waktu pelayanannya pun cukup baik sehingga kami puas makan siang di sana, hanya tata letak restoran yang lantainya bervariasi naik - turun sehingga harus ekstra hati-hati untuk orang tua dan anak kecil, semoga bisa semakin ditingkatkan pelayanan dan variasi menunya. Sukses selalu untuk boemi mitoha.","Menu masakan yang disajikan lumayan, rasanya juga lumayan enak, pelayanannya ramah dan waktu pelayanannya cukup baik, jadi kami merasa nyaman makan di sana, namun tata letak restoran yang harganya bervariasi, jadi harus lebih berhati-hati terutama untuk orang tua dan anak-anak kecil, semoga pelayanannya dan kualitas menunya bisa ditingkatkan. Sukses terus untuk Boemi Mitoha.",0.9542461633682251
"Tagihan mencolot loro kali lipat amarga promo entek tanpo kabar, ora bener iki.","Tagihan melonjak dua kali lipat gara-gara promo habis tanpa pemberitahuan, tidak benar ini.","Tagihan melonjak dua kali lipat karena promo yang tidak jelas tanpa pemberitahuan, ini tidak benar.",0.9635298848152161
Njaluk informasine babagan daftar rega klambi kang didhol.,Minta informasi tentang daftar harga baju yang sedang dijual,Tolong berikan informasi mengenai daftar harga kain yang didhol.,0.8925138115882874
Aku tansaya sengit karo jne amarga pangirimane mesthi telat,Saya semakin membenci jne karena pengirimannya selalu telat,Aku sangat kesal dengan JNE karena pengirimannya selalu terlambat.,0.8970767855644226
"Ora koyo warung mangan lan kafe biasane, konsep panggonane digawe unik. Akeh lampu-lampu, gambaran, semiantik. Panganan lan ombenane lumayan pas enak, sing garai kaget pas ndelok daftar menune. Ragene wuooow pas banget ning sak. Lan sing mesti rega mirah ora nggarai rasane maleh seje, pancet enak lan berkualitas.","Tidak seperti kebanyakan restoran dan kafe lain, konsep tempatnya dibuat unik. Banyak lampu-lampu, lukisan, semi antik. Makanan dan minuman lumayan cukup enak, yang buat kaget pas melihat daftar menunya. Harganya wuooow pas banget di kantong. Dan yang pasti harga murah tidak buat rasa jadi beda, tetap enak dan berkualitas.","Tidak seperti warung makan dan kafe biasa, konsep tempatnya dibuat unik. Banyak lampu, lukisan, dan dekorasi semiantik. Makanan dan minumannya lumayan enak, pelanggan akan terkejut saat melihat daftar menunya. Harganya sangat bagus dan pas, tetapi tidak memberikan rasa yang mewah dan istimewa, enak dan berkualitas.",0.9309981465339661
"Ana ing lantai 1 hotel yaiku lantai paling dhuwur, nyajikake pemandangan luar biasa ing arah bukit sing dithukuli wit-witan. Seger, resik, penak, luar biasa!","Terletak di lantai 1 hotel yang merupakan lantai tertinggi, menyajikan pemandangan luar biasa ke arah bukit yang ditumbuhi pepohonan. Segar, bersih, nyaman, luar biasa!","Ana di lantai 1 hotel adalah lantai yang paling tinggi, menawarkan pemandangan luar biasa ke arah bukit yang ditutupi salju. Segar, bersih, enak, luar biasa!",0.9473614692687988
Sakdurunge aku lan pasangan mulih marang jakarta. Aku mampir ndhisik ing restoran iki. Pemandangane apik lan panganane uga murah meriah. Rekomendasi tenan,Sebelum saya dan pasangan pulang ke jakarta. Saya mampir dahulu ke restoran ini. Pemandangannya keren dan makanannya pun murah meriah. Rekomendasi sekali,"Sebelum saya dan pasangan tiba di Jakarta, saya mampir dulu ke restoran ini. Pemandangannya bagus dan makanannya juga murah meriah. Sangat direkomendasikan.",0.9666932225227356
Ngerasa bosen loh karo sakabehane. Bosen tenan ngelakokake rutinitas sing ngono-ngono wae.,Merasa jenuh loh sama semuanya. Bosen sekali melakukan rutinitas yang gitu-gitu saja.,Merasa bosan sekali dengan semuanya. Sangat bosan melakukan rutinitas yang begitu-begitu saja.,0.9458707571029663
Eman kothake sing tekan lumayan penyok,Sayang kotaknya yang sampai agak penyok,Mobilnya penyok sekali.,0.9046606421470642
Kapisan njajal uwis disuguhi karo lalaine pelayan sing marakake dhewe ngenteni suwi wae 4 lagu marcell. Banjur uwis suwi ya ora sida pesenlah. Ora peduli arep enak kaya ngapa yen pelayanane elek karepe sing jenenge rasa.,Pertama mencoba sudah disuguhi dengan kelalaian pelayan yang bikin kita menunggu lama aja 4 lagu marcell. Terus sudah lama ya tidak jadi pesanlah. Tidak peduli mau enak kayak apa kalau pelayanannya buruk terserahlah yang namanya rasa.,"Saya sudah mencoba untuk melayani Anda, tetapi pelayanannya sangat buruk dan dia tidak sabar menunggu lama hanya 4 lagu Marcell. Kemudian, setelah menunggu lama, Anda tidak perlu memesan. Tidak masalah rasanya enak atau tidak, asalkan pelayanannya buruk dan dia tidak sopan bernama Rasa.",0.8788302540779114
"Sego rawone enak banget, regane murah. Cedak universitas parahyangan. Panggonane unik nganggo kayu-kayu.","Nasi rawonnya sangat enak, harga terjangkau. Dekat universitas parahyangan. Tempatnya unik dengan kayu-kayu.","Sego rawon enak sekali, harganya murah. Saya kuliah di universitas Parahyangan. Tempatnya unik dengan banyak kayu.",0.9424956440925598
"Pesen soto karo iga bakar, ditambah suwasana sing adem. Rasane enak lan dilayani kanthi grapyak karo mbak diah, tisna, echa. Uwis ping pindo teka mrene lan mesthi marem karo kualitas panganan lan pelayanan:","Order soto sama iga bakar, ditambah suasana yang dingin. Rasanya enak dan dilayani dengan ramah sama mbak diah, tisna, echa. Sudah dua kali datang ke sini dan selalu puas dengan kualitas makanan dan pelayanan:","Pesan soto dengan iga bakar, ditambah suwiran ayam yang segar. Rasanya enak dan pelayanannya ramah dari Mbak Diah, Tisna, dan Echa. Sudah penasaran untuk datang ke sini dan pasti akan puas dengan kualitas makanan dan pelayanannya:",0.9364663362503052
"Youtube akeh banget manfaate. Isa nonton film, ngrungokake lagu, kala-kala kanggo sinau.","Youtube banyak sekali manfaatnya. Bisa nonton film, dengar lagu, kadang untuk belajar.","YouTube sangat bermanfaat. Bisa nonton film, mendengarkan lagu, kadang-kadang untuk belajar.",0.9621983766555786
"Udan ing dina isuk tenan marakna kesel, macet lan rega ojol dadi tenan ora isa dikendalikake marakna eneg","Hujan di pagi hari sungguh sangat kesal, macet dan harga ojol jadi super tak terkendali bikin eneg","Hujan deras hari ini sangat lebat, macet dan harga ojek menjadi mahal sekali tidak terkendali karena kemacetan.",0.9176897406578064
"Panganane lumayan enak-enak ing hawa anyes lan akeh variasine mulai saka restoran burangrang, saung purbasari lan area foodcourte.","Makanannya lumayan enak-enak di udara dingin dan banyak variasinya dari mulai restoran burangrang, saung purbasari dan area foodcourtnya.","Makananannya lumayan enak-enak di udara yang sejuk dan banyak variasinya, mulai dari restoran burangrang, saung purbasari, dan area foodcourt.",0.9792077541351318
Tulung golekake alamat uwong iki. Bakal aku jak duel kaya uwong lanang nganggo samurai. Deknen uwis ngece ibuku sing paling aku tresnani lan hormati.,Tolong carikan alamat orang ini. Akan saya ajak duel secara jantan pakai samurai. Dia telah menghina ibuku yang paling aku cinta dan hormati.,Tolong cari alamat orang ini. Nanti aku akan bertarung seperti pria dengan samurai. Kekasihku sudah memeriksa ibuku yang paling aku cintai dan hormati.,0.9285408854484558
"Panggon ngombe kopi cedek kampus UI, vietnamese kopi -ne enak, regane relatif sedeng, cocok dinggo ngontemplasi karo nggarap tesis","Tempat minum kopi dekat kampus UI, vietnamese kopi -nya enak, harganya relatif sedang, cocok untuk berkontemplasi sembari mengerjakan tesis","Tempat minum kopi dekat kampus UI, kopi Vietnam –nya enak, harganya relatif sedang, cocok untuk merenung dan mengerjakan tesis.",0.9594875574111938
"Panganane enak, lan pemandangane apik tenan,. Mung sing menyang lawangwangine kurang dadi ora kabeh uwong bisa ngerti yen lawangwangi ana nang kono kajaba wong sek lewat.","Makanannya enak, dan viewnya amazing,. Hanya sing menuju lawangwanginya kurang jadi tidak semua orang bisa tahu ada lawangwangi di situ kecuali orang yang lewat.","Makanan itu enak, dan pemandangannya sangat indah. Hanya yang merasakan aromanya kurang, tidak semua orang bisa mengerti aroma lawangwangi itu, kecuali orang yang lewat.",0.9353334903717041
Aku mulai usaha lan ora tau wedi gagal.,Saya memulai usaha dan tidak pernah takut gagal.,Aku mulai usaha dan tidak takut gagal.,0.9693872332572937
Panggonan mangan kanthi nuansa doraemon. Rega panganane murah lan akeh pilihan. Panggonane ora patia amba nanging nyaman. Nang lantai 2 digawe kaya kamare nobita lkp kanthi meja sinau mesin waktu lan lawang nang ndi wae. Akeh golekan doraemon lan komik-komik sek isa diwaca sawetara ngenteni panganan. Kajaba iku sinambi ngrasakake panganane dhewe isa nonton film doraemon. Anakku seneng mangan. Lanjutan,Tempat makan dengan nuansa doraemon. Harga makanannya murah dan banyak pilihan. Tempatnya tidak terlalu luas tapi nyaman. Di lantai 2 di buat menyerupai kamar nobita lkp dengan meja belajar mesin waktu dan pintu ke mana saja. Banyak boneka doraemon dan komik-komik yang bisa dibaca saat menunggu makanan. Selain itu sambil menikmati hidangan kita bisa menonton film doraemon. Anak saya senang makan. Lanjutan,Tempat makan dengan nuansa Doraemon. Harganya murah dan banyak pilihan. Tempatnya tidak terlalu besar tetapi nyaman. Di lantai 2 dibuat seperti kamar Nobita lengkap dengan meja belajar mesin waktu dan pintu di mana saja. Banyak koleksi Doraemon dan komik-komik seri yang bisa dibaca sambil menunggu tempat makan. Selain itu sambil menikmati makanannya juga bisa menonton film Doraemon. Anakku senang makan. Selanjutnya,0.9566417336463928
"Aku nyang kafe dipakar bareng keluarga, pemandangane pancene keren banget. Panganane uga eco-eco. Dinggo nyantai nikmati sing disajikne lan pemandangane ning dipakar nyenengna banget. Awakdewe mrana dina minggu, lan rame banget sing dolan. Nanging ora ngenteni suwe, awakdewe langsung entuk meja. Dinggo panganan, bar awakdewe pesen ora kudu ngenteni suwe, panganan wis teka. Dinggo foto-foto uga apik banget.","Saya ke kafe dipakar bersama keluarga, pemandangannya memang keren banget. Makanannya juga enak-enak. Untuk bersantai menikmati sajian dan pemandangan di dipakar sangat menyenangkan. Kami ke sana hari minggu, dan sangat ramai pengunjung. Tapi tidak menunggu lama, kami langsung dapat meja. Untuk makanan, setelah kita order tidak perlu menunggu lama, makanan sudah datang. Untuk foto-foto juga sangat bagus.","Aku yang ke kafe dipijar bersama keluarga, pemandangannya pencen banget. Panganannya juga enak-enak. Digunakan untuk bersantai menikmati apa yang disajikan dan pemandangannya juga dipijar menyenangkan banget. Kami datang hari minggu, dan rame banget yang datang. Tapi tidak menunggu lama, kami langsung dapat meja. Untuk makanan, bar kami pesan tidak perlu menunggu lama, makanan sudah tiba. Untuk foto-foto juga bagus banget.",0.9464452862739563
"Ora salah maneh iki kafe modern salah siji senengane wong depok kanggo mangan, nglumpuk tenanan panggone nyaman soale.","Tidak salah lagi ini kafe modern salah satu favorit warga depok buat makan, berkumpul seriusan tempatnya nyaman soalnya.","Tidak ada yang salah dengan kafe modern ini, saya senang orang Depok datang untuk makan, tempatnya sangat nyaman.",0.9182958602905273
Kesel wae karo kelakuan nyinyir terus kelompok sebelah.,Kesal saja dengan kelakuan nyinyir terus kelompok sebelah.,Tidak sabar dan kesal dengan tingkah laku sinis dari kelompok sebelah.,0.9019424319267273
"Aku seneng mangan ning kene merga menu iwak pitike enak lan empuk, sambele pas ning ilat lan kahanane restorane uga nyaman. Liyane iku pelayanane uga apik lan regane mirah.","Saya suka makan di sini karena menu ayamnya enak dan empuk, sambal pas di lidah dan suasana restorannya juga nyaman. Selain itu pelayanan juga bagus dengan harga terjangkau.","Aku senang makan dan di sini menunya ikan kecil enak dan empuk, sambalnya pas dan obatnya segar, serta kebersihan restorannya juga nyaman. Pelayanannya juga baik dan harganya murah.",0.9519587159156799
Aku ki wis kesel arep nesu-nesu. Ben aku dewe ae wis sing njupuk maneh pakete lan tak kirim lewat ekspedisi liya ae. Gela pol embuh ping pira.,Gue itu sudah capek mau marah-marah. Biar gue sendiri aja deh yang ambil lagi paketnya dan gue kirim via ekspedisi lain saja. Kecewa berat entah keberapa kalinya.,"Aku sudah kesal dan mau marah-marah. Benar, hanya aku sendiri yang mengambilnya kembali dan mengirimnya lewat ekspedisi lain saja. Sungguh menyebalkan, kenapa begitu?",0.9047328233718872
"Reunion house iki wis tenan direkomendasikake kanggo mangan awan nang bandung. Panggonane kepenak, asyik kanggo nyantai guyonan karo sapa bae. Menune uga oke tenan.","Reunion house ini direkomendasikan banget buat makan siang di bandung. Tempatnya nyaman, asyik buat santai mengobrol bareng siapa saja. Menunya juga oke banget.","Rumah pertemuan ini sangat direkomendasikan untuk makan sambil menikmati awan di Bandung. Tempatnya nyaman, asyik untuk bersantai dan bercanda dengan siapa saja. Suasananya juga sangat bagus.",0.9329450130462646
Dingge meruhi promo-promo sing lagi ana ning tokopedia awakmu isa marani halaman iki.,Untuk mengetahui promo-promo yang sedang berlangsung di tokopedia kamu dapat mengunjungi halaman berikut.,"Diskon sedang berlangsung di Tokopedia, kamu bisa dapat penawaran menarik di halaman ini.",0.916424572467804
"Jarene jam iki anti banyu, nanging dienggo renang tok uwis mati","Katanya jam ini water resist, tapi dipakai berenang doang sudah mati","Sekarang kamu air, tapi dipakai berenang saja akan mati.",0.9123778343200684
Suasane asri. Akeh sing dodolan panganan. Panggonan sing nggo nongkrong lan kafene cocok kanggo kunjungan. Dhewe ndhuwe wektu belanja ing supermarket. Regane uga ora larang. Suasanane ing njero malle penak. Acne anyeslah. Lan barang-barang merekane mantap tenan lan akeh potongan rega,Suasananya asri. Banyak jualan makanan. Tempat nongkrong dan cafenya cocok untuk berkunjung. Kami sempat belanja disupermarket. Harganya juga tidak mahal. Suasana di dalam mallnya nyaman. Acnya dinginlah. Dan barang-barang brandednya mantap sekali dan banyak diskon,Suasananya asri. Banyak yang menjual makanan. Tempatnya cocok untuk nongkrong dan kafe untuk dikunjungi. Saya juga punya waktu belanja di supermarket. Harganya juga tidak mahal. Suasananya di dalam mall enak. Acne hilang. Dan barang-barang mereknya bagus sekali dan banyak potongan harga.,0.9581307172775269
Pemikirane sempit nanging ngrumangsa paling bener mangkel banget aku,Pemikiran sempit tapi sok benar kesal banget aku,"Pikirannya sempit tapi merasa paling benar, aku sangat kesal.",0.9122705459594727
Sek foto karo uwong kuwi udu adike bang doni. Jijik ah foto karo uwong kuwi.,Yang foto sama orang itu bukan adik bang doni. Jijik ah foto sama orang itu.,"Foto itu dengan orang itu tidak mirip, bang Doni. Jijik sekali foto itu.",0.9273505210876465
"Sakwijining musibah lagi wae kena kampung adat ning bajawa, flores. Kebakaran gedhe sing kadadean ing senin 13 / 8 sore ameh ngobongake kabeh kampung. Total 27 saka 33 omah adat sing ana entek dipangan geni bareng kabeh crita lan sejarahe.","Sebuah musibah baru saja menimpa kampung adat di bajawa, flores. Kebakaran hebat yang terjadi pada senin 13 / 8 sore hampir menghanguskan seluruh kampung. Total 27 dari 33 rumah adat yang ada habis dilalap api bersama semua cerita dan sejarahnya.","Sebagian besar desa adat Bajawa, Flores, mengalami musibah kebakaran besar pada hari Senin, 13 Agustus sore. Kebakaran tersebut menghanguskan seluruh desa. Total 27 dari 33 rumah adat yang ada habis terbakar, bersama dengan semua cerita dan sejarahnya.",0.9310783743858337
Marang rene wektu acara kantor. Ana musik langsung. Menu aneka werna. Cocok yen lunga rame-rame nanging selerane beda-beda. Ramene enak.,Ke sini waktu acara kantor. Ada live musik. Menu beragam. Cocok kalau pergi ramai-ramai tapi seleranya beda-beda. Ramennya enak.,"Untuk acara kantor, ada musik langsung. Menu beragam. Cocok kalau pergi bersama-sama, tapi selera beda-beda. Rasanya enak.",0.9562323689460754
"Aku karo keluarga mangan mbengi nang panggonan iki amarga kajaba iku menu utamane batagor uga ana menu liyane. Aku mung mesen 2 menu sek akhire teka sakwise 45 menit, kuwi sakwise  kaping pirang-pirang aku takon. Seko rasane sawetara seko menu sek sakwise aku jajal lumayan enak. Sarane sakdhurunge pesen luwih apik takon ndhisik regane piro suwi orane nggawe menu kang dipesen.","Saya bersama keluarga makan malam di tempat ini karena selain menu utama batagor terdapat menu lain. Saya hanya memesan 2 menu yang akhirnya datang setelah 45 menit, itu pun setelah beberapa kali saya tanyakan. Dari segi rasa beberapa menu yang sebelumnya pernah saya coba lumayan enak. Saran sebelum memesan lebih baik tanyakan berapa lama pembuatan menu yang dipesan","Aku dan keluarga makan bepê di sini karena selain itu, hidangan utamanya juga batagor. Aku cuma pesan 2 menu saja, kira-kira 45 menit kemudian baru sampai. Aku sudah beberapa kali menanyakan perkiraan waktu. Rasanya beberapa menu saja kira-kira lumayan enak. Sebaiknya sebelum pesan, tanyakan lebih baik kepada penjual mengenai harganya dan berapa lama mereka membuat menu yang dipesan.",0.9111447334289551
Paket wis ditampa. Rodok gela merga pesen werna ireng dikirim werna kuning.,Paket sudah diterima. Sedikit kecewa karena order warna hitam dikirim warna kuning.,Paket sudah diterima. Tapi uangnya kurang karena pesanan warna hitam dikirim warna kuning.,0.9550690650939941
"Aku saka bali, dilalah pas dolan menyang kutho bandung, pas ning sanding kantor gubernur jawa barat alias cedeke gedung sate, awakdewe disarane mangan ning bancakan merga cedek. Bar mlebu awakdewe dikeki piring saka komplong sing wis ora apik eneh, kayake karaten. Akhire awakdewe milih panganan sing awakdewe sir, lan atusan laler miber teka ngendi-ngendi merga wis kadung awakdewe ya pancet mangan. Nggilani pol.","Saya dari bali, kebetulan sedang liburan ke kota bandung, ketika sedang di dekat kantor gubernur jawa barat alias dekat gedung sate, kami di-suggest makan di bancakan karena dekat. Setelah masuk kami pun diberi piring dari kaleng yang sudah tidak bagus lagi, sepertinya berkarat. Akhirnya kami memilih makanan yang kami suka, dan ratusan lalat beterbangan ke mana mana karena sudah terlanjur kami pun tetap makan. Sangat jijik","Aku datang dari Bali, saat lalu perjalanan ke kota Bandung, saat berada di depan kantor gubernur Jawa Barat, atau gedung Sate, tubuhku disarankan untuk makan dan berbelanja karena dekat. Awal masuk tubuhku dikembalikan piring dari komplek yang sudah tidak bagus, seperti karatan. Akhirnya tubuhku memilih makanan yang tubuhku sukai, dan ratusan orang datang dari mana-mana karena sudah lama tubuhku juga penasaran makan. Sungguh menyenangkan.",0.9074980020523071
Ndelok sinetron ae anyak waleh opomeneh nonton isu apus-apus sing diramalke.,Nonton sinetron saja mulai bosan apalagi menonton isu bohong yang diramalkan.,"Sering nonton sinetron dengan nenek, dia seringkali menonton berita-berita bohong yang diramalkan.",0.9282637238502502
Aku tuku werna-werna roti. Piliane akeh nanging rasane biasa wae. Rotine garing kaya uwis pirang-pirang dina. Ora seger. Pelayanane uga suwi. Nguciwakake.,Saya beli berbagai macam roti. Pilihannya banyak tapi rasanya biasa saja. Rotinya kering seperti sudah berhari-hari. Tidak segar. Pelayanannya juga lama. Mengecewakan.,"Aku membeli roti-roti berwarna-warni. Pilihan banyak, tapi rasanya biasa saja. Rotinya keras seperti sudah dipanggang beberapa hari. Tidak segar. Pelayanannya juga lambat. Mengganggu.",0.9371455311775208
Aja lali ngombe banyu mineral 8 -- 10 gelas saben dinane.,Jangan lupa minum air mineral 8 -- 10 gelas per harinya.,Jangan lupa minum mineral sebanyak 8 – 10 gelas setiap hari.,0.9614562392234802
"Panggonane sing apik ing cedak ndhuwur bukit, bisa ndhelok pemandangan kutha saka ndhuwur.","Tempatnya yang indah di dekat atas bukit, bisa lihat pemandangan kota dari atas.","Tempat yang indah di lereng atas bukit, bisa melihat pemandangan kota dari atas.",0.9761573672294617
"Numpak grab, mase crita sing wingi kena balangan watu ing dalan.Juanda pas badha jebule anake kancane","Naik grab, abangnya cerita yang kemarin kena lemparan batu di jalan.Juanda saat lebaran ternyata anak temannya","Naik grab, mari cerita tentang batu yang baru menabrak di jalan. Juanda sedang sedih karena anaknya hilang.",0.9006434082984924
Sakkelompok mahasiswa sing bodo. Syukur aku udu mahasiswa daerah kono. Isin woy.,Sekelompok mahasiswa yang bodoh. Syukur deh gue bukan mahasiswa daerah situ. Malu woy.,Kelompok mahasiswa itu bodoh. Untung aku bukan mahasiswa dari sini. Males banget.,0.9175424575805664
"Restone apik lan gede. Wektu marang rene pas mangan siang lan dina minggu rame tenan pengunjung. Panganane enak enak, gurame goreng lan sambele mantep.","Restonya bagus dan besar. Waktu ke sini saat makan siang dan hari minggu ramai sekali pengunjung. Makanannya enak enak, gurame goreng dan sambalnya mantap.","Restoran bagus dan besar. Waktunya makan sore dan hari minggu selalu ramai pengunjung. Makanan enak-enaknya, gurame goreng dan sambal mantap.",0.9577648043632507
"Aku klebu salah siji wong sing cukup setia karo kampung daun kat awal bukak tahun 2003 lak ora salah, kualitas panganan awite eco, ket tambah rame lan tambah mrene, panganan sing dirumantekne ora koyo biasane lan arang kading sing ngelayani kesane cuek banget, awakdewe pesen rena-rena macem panganan nanging sing teko kondisine wis anyep lan ora sekeca blas, mung panggone sing apik.","Saya termasuk salah satu orang yang cukup setia dengan kampung daun dari awal buka di tahun 2003 kalau tidak salah, kualitas makanan awalnya oke, tapi semenjak makin ramai dan makin ke sini, makanan yang disajikan tidak seperti biasanya dan terkadang pelayan terkesan cuek sekali, kita mesan beberapa jenis makanan tapi yang datang sudah dengan kondisi dingin dan tidak menarik, tempat menarik.","Aku salah satu orang yang cukup setia pada desa itu sejak awal tahun 2003, kualitas makanannya bagus di awal, tapi semakin ramai dan semakin terkenal, makanan yang mereka buat tidak seperti biasanya dan pelayanannya sangat buruk, pesanan yang aku minta kondisinya sudah rusak dan tidak ada yang berubah, hanya panggilannya yang bagus.",0.9053225517272949
Blanja ing Giant diskon 20% kanggo kartu kredit bca.,Belanja di Giant diskon 20% dengan kartu kredit bca.,Belanja di Giant diskon 20% untuk kartu kredit BCA.,0.9754871129989624
"Mas, dalan ning muara bulian anyar, lagek sesasian dibenakne, uwis rusak maneh. Sing nggarap kaya ora tenanan","Kang, jalan di muara bulian baru, baru sebulanan dibenarkan, sudah rusak lagi. Yang mengerjakan seperti tidak serius","Mas, di dalam rumah muara bulian yang baru, sudah banyak masalah yang dipikirkan, sudah rusak lagi. Yang berharap kaya raya tapi tidak tenang.",0.9178353548049927
"Pancen ora enak kejebak macet, nanging luwih ora enak meneh yen kejebak masa lalu","Memang enggak enak terjebak macet, tapi lebih tidak enak lagi kalau terjebak masa lalu","Dulu memang tidak enak karena terjebak macet, tapi lebih tidak enak lagi kalau terjebak masa lalu.",0.9694228172302246
"Sumpah, nyesel tenan nggawe orderan via aplikasi iki. Bisa-bisane tiket ekektronike ora ditokake. Lan proses konfirmasine suwi. Sakdurunge uwis ngalami babagan sing meh pada ing aplikasi sebelah, nanging layanane cepet tenan langsung wenehi solusi. Ora kudu nganti telepon layanan pelanggan ping 4.","Sumpah, menyesal sekali bikin orderan via aplikasi ini. Bisa-bisanya e - ticket tidak issued. Dan proses konfirmnya lama. Sebelumnya pernah mengalami hal yang hampir sama di aplikasi sebelah, tetapi pelayanannya cepat sekali langsung kasih solusi. Tidak harus sampai telpon layanan pelanggan 4 kali.","Saya bersumpah, benar-benar tidak akan membuat pesanan melalui aplikasi ini. Bisa-bisa tiket elektronik tidak terkonfirmasi. Dan proses konfirmasinya lama. Sebelum mengalami masalah seperti di aplikasi lain, tetapi pelayanannya cepat memberikan solusi. Tidak perlu menunggu sampai menghubungi layanan pelanggan di ping 4.",0.9176651835441589
"Uwis aku kirim pesen langsunge, tulung ndang dicek","Sudah saya kirim pesan langsungnya, tolong segera dicek","Sudah aku kirim pesan langsung, tolong dicek ya.",0.9530958533287048
"Aku nglakoni 5 transaksi ning tanggal 22 juni, kabeh ditolak nyatane kesuda saka rekening sampek 7 yuta, saka 5 transaksi lagek 3 transaksi sing dibalekne.","Saya melakukan 5 transaksi pada tanggal 22 juni, smuanya decline nyatanya terdebit dari rekening hampir 7 juta, dari 5 transaksi baru 3 transaksi yang dikembalikan.","Saya melakukan 5 transaksi, tetapi pada tanggal 22 Juni, semuanya ditolak dan tidak masuk ke rekening hingga 7 juta, dari 5 transaksi tersebut, 3 transaksi yang ditolak.",0.9243611693382263
Mayoritas sing nganggo hak pilih ing pemilihan gubernur uwis nentukake pilian.,Mayoritas pengguna hak pilih di pemilihan gubernur telah menentukan pilihan.,Sebagian besar pemilih yang menggunakan hak pilih dalam pemilihan gubernur sudah menentukan pilihan.,0.9466390013694763
Wis ngenteni jne tibake dee tekane sesuk. Aku pengen nesu,Sudah menunggu jne ternyata dia datangnya besok. Ingin aku marah,Sudah menunggu JNE datang nanti sore. Aku mau marah.,0.9016401767730713
"Spotify rumit, kudu nganggo administrasi wulanan mbarang","Spotify ribet, pakai ada administrasi bulanan segala","Spotify rumit, harus menggunakan administrasi bulanan mahal.",0.9296984076499939
"Pengen mangan oreo wae ribet tenan, mesti diputer - dijilat - dicelupake","Mau makan oreo aja ribet banget sih, mesti diputer - dijilat - dicelupkan","Pengen makan Oreo saja ribet banget, harus di-putar - dijilatin - dicelupin.",0.9243619441986084
"Ngapuro, udu mung nomerku sing kaya ngono, aku takon kabeh sing nganggo ing daerah kono, ngomongake babagan sing pada, isih uga ora gelem ngaku uga yen tenan sinyale sing elek","Maaf, bukan nomer saya saja yang begitu, saya tanya semua yang pakai di daerah situ, mengatakan hal yang sama, masih tidak mau ngaku juga kalau memang sinyalnya yang jelek","Ngapuro, ini nomor saya seperti ini, saya tanya semua yang menggunakan di daerah itu, berbicara tentang yang pada-pada, masih juga tidak mau mengaku dan juga sinyalnya sangat buruk.",0.9130813479423523
"Kisaran siare tulung diambakake, amarga akeh daerah sing hurung isa nikmati siaran net. Matur suwun.","Jangkauan siarnya tolong diperluas, karena banyak daerah yang belum bisa menikmati siaran net. Terima kasih.","Kisaran Siantar akan diubah, karena banyak daerah yang terpencil bisa menikmati siaran TV. Terima kasih.",0.9282693266868591
"Kok isa ditokne bangunan ing dhuwur kali, ing dalan saka rumah sakit menyang pasar Ciroyom, aneh.","Kok bisa dibiarkan bangunan di atas sungai, di jalan dari rumah sakit menuju pasar Ciroyom, aneh.","Kenapa bisa ditempatkan bangunan di atas kali, di jalan dari rumah sakit ke pasar Ciroyom, aneh.",0.978273868560791
"Krungu lambe saka lambe soal restoran iki, saking penasaran, aku jajal marani. Nanging sayange, lak menurutku biasa ae, ora kaya sing diceritakne wong-wong. Rasane ya biasa-biasa ae, ora sumbut karo regane. Kaya masakan sing tas sinau.","Dengar dari mulut ke mulut tentang restoran ini, saking penasaran, saya coba untuk berkunjung. Tapi sayang, kalau menurut saya, tidak seperti apa yang banyak diceritakan orang. Rasanya biasa-biasanya saja, tidak sesuai saja dengan harganya. Seperti masakan yang baru belajar.","Mereka membicarakan restoran ini, karena penasaran, aku mencoba untuk mencobanya. Sayangnya, menurutku biasa saja, tidak seperti yang mereka ceritakan. Rasanya juga biasa-biasa saja, tidak sepadan dengan harganya. Seperti makanan yang baru saja dipelajari.",0.9356133937835693
Iphone iki. Kamerane peteng wassalam elek banget ora isa diandalake banget yen males nggawa kamera.,Iphone ini. Kamera gelapnya wassalam jelek banget tidak bisa diandalkan banget kalau malas bawa kamera.,"iPhone ini. Kameranya gelap sekali dan terlihat jelek, tidak bisa diandalkan sama sekali kalau malas membawa kamera.",0.9515988230705261
"Yen ora nduwe dhuwit kanggo tuku komik nanging uga pengen jagongan, teka bae marang rene. Koleksi komike komplit. Panganan ombenae sabenere mung fasilitas tambahan, nanging cukup lumayan. Regane uga murah khas mahasiswa.","Kalau tidak punya uang buat beli komik tapi juga ingin nongkrong, datang saja ke sini. Koleksi komiknya lengkap. Makanan minumannya sebenrnya hanya fasilitas tambahan, tapi cukup lumayan. Harganya juga murah khas mahasiswa.","Jika tidak punya uang untuk membeli komik tapi juga ingin jagongan, datang saja ke rene. Koleksi komiknya lengkap. Makanan enak sebenarnya hanya fasilitas tambahan, tapi cukup memuaskan. Harganya juga murah seperti mahasiswa.",0.9459124803543091
"Aduh pak kok seolah-olah manas-manasi kubu sisih seh? Ojo to pak, iku mengko deweke kabeh tambah cemburu, iren, pegel, nyinyir, mutung kayak bocah cilik, nesu-nesu ora jelas jluntrunge lan tambah bosok ae utek lan atine.","Aduh pak kok seolah-olah memanas - manasi kubu sebelah sih? Jangan dong pak, itu nanti mereka tambah cemburu, iri, dengki, nyinyir, ngambek kayak anak kecil, marah-marah tidak jelas juntrungannya dan makin busuk saja otak dan hatinya.","Aduh, Pak, kok rasanya seperti menggerutu-nggerutu di dekat tempat merokok saja? Jangan, Pak, mereka semua tambah cemburu, iri, sakit kepala, menyindir, berkhayal seperti anak kecil, marah-marah tanpa jelas di depan, dan tambah malas saja serta hatinya.",0.9057527780532837
"Rekomendasi bangetlah. Cappucinone ketagihan, rega miring, lan valet parkir mbayar sakikhlase. Teka pas arep maghrib mesti luwih seru suwasanane.","Rekomendasi bangetlah. Cappuccinonya ketagihan, harga miring, dan valet parkir bayar seikhlasnya. Datang pas menjelang maghrib pasti lebih seru suasananya.","Sangat direkomendasikan. Cappuccino bikin ketagihan, harga miring, dan valet parkir dibayar sepenuhnya. Akan lebih seru saat mau Maghrib, pasti menyenangkan.",0.938936710357666
Oke bos masiyo hape ujug-ujug ngehank dewe sedina,"Oke bos, walau handphone tiba-tiba ngehank sendiri selama sehari","Oke, bos, tiba-tiba HP-nya mati sendiri.""",0.9170292019844055
Panggonan mangan kanthi suasana alam iki paling pas kanggo acara karo pasangan utawa karo kaluwarga. Panganane enak lan regane uga cukup kajangkau,Tempat makan dengan suasana alam ini paling tepat untuk acara dengan pasangan atau dengan keluarga. Makanannya enak dan harga juga cukup terjangkau,Tempat makan dengan suasana alam yang indah ini sangat cocok untuk acara bersama pasangan atau keluarga. Makananannya enak dan harganya juga cukup terjangkau.,0.9696624279022217
Yakin kuwi ikhlas? Tulus? Kuwi udu pencintraan tok ya?,Yakin itu ikhlas? Tulus? Bukannya itu hanya pencitraan saja ya?,Benarkah itu ikhlas? Tulus? Itu bukan hanya kepura-puraan saja ya?,0.9198012351989746
"Aku melu lomba blog cinta rupiah bank indonesia - net media lan uwis nyubmit artikel nang 22 desember 2017 kepungkur, nanging sampek saiki status artikelku isih unpublished. Nyuwun tulung dijelasne.","Saya mengikuuti lomba blog cinta rupiah bank indoneisa - net media dan sudah men - submit artikle pada 22 desember 2017 lalu, tapi sampai sekarang status artikel saya masih unpublished. Mohon penjelasannya.","Saya mengikuti lomba blog Cinta Rupiah Bank Indonesia - Net Media dan sudah mengirimkan artikel pada 22 Desember 2017 lalu, tetapi sampai sekarang status artikel saya masih unpublished. Mohon bantuannya untuk dijelaskan.",0.9402680993080139
"Kafe iki nyediakne panganan tradisional bergaya kafe cah nom. Liyane panggon sing nyaman, rega kelebu mirah lan kejangkau","Kafe ini menyediakan makanan tradisional bergaya kafe anak muda. Selain tempat yang nyaman, harga terbilang murah dan terjangkau","Kafe ini menyediakan makanan tradisional bergaya kafe modern nomor satu. Tempat lain yang nyaman, harga terjangkau dan murah.",0.9503764510154724
"Stasiun tv owol, ora konsisten, nguciwokake panyengkuyunge persib - persiba, ora ndhuwe welas asih marang manungsa! Owol, lan cupu!","Stasiun tv payah, tidak konsisten, mengecewakan pendukung persib - persiba, tidak berprikemanusiaan! Payah, dan cupu!","Stasiun TV bolong, tidak konsisten, menyakiti penonton Persib – Persiba, tidak punya welas asih terhadap manusia! Bolong, dan sombong!",0.9131932854652405
"Panggone nyaman lan kesane adem. Satene uga enak lan ana menu liyane maneh ning panggon iki, ora mung sate","Tempatnya nyaman dan berkesan adem. Satenya juga enak dan ada menu lainnya lagi di tempat ini, tidak hanya sate","Atapnya nyaman dan suhunya sejuk. Kainnya juga enak dan ada menu lain lagi, tapi tempat ini, bukan hanya satu saja.",0.9344114065170288
"Pemandangane apik kanggo foto-foto, hawane sejuk, panganane rasane enak. Rega uga kajangkau. Mantep.","Pemandangannya bagus untuk foto-foto, udaranya sejuk, makanannya rasanya enak. Harga juga terjangkau. Mantap.","Pemandangannya bagus untuk foto-foto, udaranya sejuk, makanannya rasanya enak. Harganya juga terjangkau. Mantap.",0.9982768297195435
Adikku seneng banget brownis primarasa,Adikku sangat suka brownis primarasa,Adikku senang sekali brownis Primarasa.,0.9188238382339478
Akeh klambi lan celono sing didol ning matahari mal,Banyak baju dan celana yang dijual di matahari mal,Ada banyak kain dan celana yang dijual di bawah matahari.,0.924369752407074
"Minimal internetku pedhot dumadakan, 1 omah nganggo simpati kabeh semono uga ora isa nyambung internet","Minimal internet saya putus tiba-tiba, 1 rumah pakai simpati semua begitu juga tidak bisa connect internet","Minimal internet saya putus tiba-tiba, satu rumah menggunakan simpati semua sama sekali tidak bisa terhubung internet.",0.9592832326889038
Kaskus pancen kerep menehi informasi sing menarik lan paling anyar,Kaskus memang sering memberikan informasi yang menarik dan terbaru,Kaskus memang sering memberikan informasi yang menarik dan terbaru.,0.9788640737533569
"Aku paling ora seneng kuwi, yen nyepaki pemilu, suasane tansah panas.","Saya paling tidak suka itu, kalau mendekati pemilu, suasananya selalu memanas.","Aku paling senang dengan itu, kalau menyebarkan pemilu, biasanya selalu panas.",0.9405645728111267
"Lumayan nyesel karo kaputusan mlebu jurusan film, pengen mlebu seni rupa sakasline. Nanging ragu karo bakar sing didhuweni.","Agak menyesal dengan keputusan masuk jurusan film, ingin masuk seni rupa sebenarnya. Tapi ragu dengan bakat yang dimiliki.","Lumayan menyesal dengan keputusan masuk jurusan film, pengen masuk seni rupa sebenarnya. Tapi ragu dengan bakat yang dimiliki.",0.985119640827179
"Rasa bumbu sega gorenge ora seenak mbiyen maneh, cemplang lan luwih asin. Kudu ana sing ngontrol kualitas rasa ben kualitas tetep siyaga.","Rasa bumbu nasi gorengnya tidak seenak dulu lagi, terkesan hambar dan lebih asin. Perlu ada pengontrol kualitas rasa agar kualitas tetap terjaga.","Rasa bumbu sega gorenge tidak enak seperti dulu lagi, lebih cemplang dan lebih asin. Harus ada yang mengontrol kualitas rasa supaya tetap bagus.",0.9348450303077698
"Sesuai rekomendasi, aku njajal mie goreng spesial lan rasane menurutku biasa banget ae lan kurang cocok ning ilat","Sesuai rekomendasi, saya mencoba mie goreng special dan rasanya menurut saya sangat biasa saja dan kurang cocok di lidah","Sesuai rekomendasi, saya mencoba mie goreng spesial dan rasanya menurut saya biasa saja dan kurang cocok.",0.9759554266929626
"Baksone enak kanggo dipangan, panggonane resik penyajiane panganan bakso sek caraku beda. Enak banget deh","Baksonya enak buat di makan, tempat bersih penyajian makanan bakso yang menurut saya beda. Enak banget deh","Bakso enak untuk dimasak, tempat penyajiannya bersih, cara penyajiannya unik. Enak sekali!",0.9191908836364746
Pelakune aja diserahake karo pak polisi. Kubur urip-urip bae.,Pelakunya jangan diserahkan sama pak polisi. Kubur hidup-hidup saja.,Pelaku diserahkan kepada polisi. Makamnya kubur dangkal saja.,0.9149419665336609
"Nggelakne banget, aku pesen tiket lan uwis tak bayar, padahal wektu iku urung kadaluwarsa pas aku transfer, nanging nganti saiki urung dikeki kode bookinge, malah dikeki notifikasi uwis kadaluwarsa, banjur duwite mlayune neng ngendi, pas aku hubungi liwat email gur ditanggepi pisan wae.","Sangat mengecewakan, saya pesan tiket dan sudah saya bayar, padahal waktu itu belum kadaluarsa pas saya transfer, tapi sampai sekarang belum dikasih kode bookingnya, malah dikasih notifikasi sudah kadaluarsa, lalu uangnya larinya ke mana, pas saya hubungi lewat email hanya ditanggapi sekali saja.","Sangat menyebalkan, saya pesan tiket dan belum dibayar, padahal waktu itu sudah kadaluwarsa saat saya transfer, tapi sampai sekarang tiketnya belum di-konfirmasi, malah notifikasi sudah kadaluwarsa, lalu uangnya sudah di-transfer ke mana, saat saya hubungi lewat email, baru juga direspon.",0.948918342590332
"Lho nemene jne! Aku nelpon ora diangkat, tweet ora dibales, email ora dibales, pesen ora dibales!","Loh parahnya jne! Saya nelepon tidak diangkat, tweet tidak dibalas, email tidak dibalas, pesan tidak dibalas!","""Kenapa temannya pakai JNE! Aku telepon tidak diangkat, tweet tidak dibalas, email tidak dibalas, pesan tidak dibalas!""",0.9475827813148499
"Gela rasane karo pelayanan sing diwenehi hotel bintang papat iki. Pas aku nginep ning hotel iku, aku entuk perlakuan kurang ngenakne saka pelayan sing ana. Ditambah maneh karo jeding e sing ora ana tisune. Padahal regane lumayan larang. Nanging ora sesuai karo pelayanan sing diwenehne.","Kecewa rasanya dengan pelayanan yang diberikan hotel bintang empat ini. Saat saya menginap di hotel itu, saya mendapat perlakuan kurang mengenakkan dari pelayan yang ada. Ditambah lagi dengan kamar mandi yang tidak ada tisunya. Padahal harganya lumayan mahal. Tapi tidak sesuai dengan pelayanan yang diberikan.","Rasanya seperti hotel bintang empat ini. Saat saya menginap di hotel itu, saya mendapatkan pelayanan yang kurang baik dari pelayan yang ada. Ditambah lagi dengan jeda listrik yang tidak ada tutupnya. Padahal harganya lumayan mahal, tetapi tidak sesuai dengan pelayanannya.",0.9520735144615173
"Saka mambengi kok ora iso dienggo, layanan indosat kok kaya ngene. Ndaftar extra 2 gb 10 ewu ora isa-isa, eman-eman pulsaku malah entek ora isa dienggo apa-apa.","Dari semalam kok tidak bisa dipakai, layanan indosat kok kayak gini. Daftar extra 2 gb 10 ribu tidak bisa-bisa, sia-sia pulsa saya malah habis tidak dipakai apa-apa.","Paket internetnya sudah tidak bisa dipakai, layanan Indosat seperti ini. Mencatat tambahan 2 GB dengan biaya 10 ribu rupiah tidak selalu berhasil, pulsa saya malah habis dan tidak bisa digunakan sama sekali.",0.9171687960624695
"Panggonane lumayan asik, parkiran kasusun rapi. Gabungan sing aneh nanging enak, steak dikancani mi tak tak pedes banget. Hm.","Tempatnya lumayan asik, parkiran di susun rapi. Perpaduan yang aneh tapi enak, steak ditemani mi tak tak super pedas. Hm.","Tempatnya lumayan asik, parkirnya rapi. Gabungan yang aneh tapi enak, steaknya dimakan dengan mi yang sangat pedas. Hm.",0.9368711709976196
"Koyoke isuk iki macet banget yo, wis tur ning bis luwih saka sejam, nanging ora sampek-sapek yok an.","Kayaknya pagi ini macet banget ya, sudah tur di bus lebih dari sejam, tetapi tidak sampai-sampai juga.","Hari ini macet sekali ya, sudah lama menunggu bus lebih dari satu jam, tapi belum juga sampai.",0.9336190223693848
"Aku pegel kat februari ditelpon mben dina ditelpon saka mnc tv. Aku ora tau langganan, aku ping bolak-balik nglarifikasi.","Saya kesal sejak februari ditelpon tiap hari di telpon dari mnc tv. Saya tidak pernah langganan, saya puluhan kali klarifikasi.","Aku pegel sekali di bulan Februari karena ditelepon terus-terusan oleh Dina, yang juga ditelepon dari MNC TV. Aku tidak tahu kalau berlangganan, aku jadi bolak-balik melamar.",0.8948529362678528
Kemeruh banget to kowe mat. Ora usah sok-sokan ngekeki ceramah barang. Ceramahmu iku sesat.,Sok tahu banget sih lu mat. Tidak usah sok-sokan beri ceramah segala. Ceramah kamu sesat.,Sangat kotor sekali kamu bicara. Jangan sok-sokan mengkritik ceramah. Ceramahmu itu menyesatkan.,0.9191645979881287
Bakso nganggo ceker utawa sikil pithik yaiku sensasi sing enak tenan. Enak banget pokoke kajaba bakso isih akeh menu liyane. Pokoke dianjurake tenan,Bakso dengan ceker atau kaki ayam merupakan sensasi yang menakjubkan. Enak banget deh pokoknya selain bakso masih banyak menu yang lain. Pokoknya direkomendasikan banget deh,"Bakso pakai kaki atau kepala babi itu sensasi yang sangat enak. Enak sekali pokoknya, kecuali bakso masih ada menu lain. Pokoknya sangat disarankan.",0.9342762231826782
"Xiaomi, samsung, gumantung si kowe pengin tipe apa lan jumbuh biaya sing kowe duwe, takok-takok wae menyang panggonan sing dodol hpne","Xiaomi, samsung, tergantung sih kamu mau tipe apa dan sesuai biaya yang kamu punya, tanya-tanya aja ke tempat yang jual hpnya","Xiaomi, Samsung, tergantung tipe apa yang kamu inginkan dan berapa budget yang kamu punya, saya akan bantu carikan ke toko yang menjual handphone.",0.9281483888626099
"Panggon parkir kesempiten, sampek mobil kudu dititipne nyang lahan parkir sing ana ning sebrang hotel.","Tempat parkir terlalu sempit, sampai mobil harus dititipkan ke lahan parkir yang ada di sebrang hotel.","Tempat parkir penuh, sampai mobil harus dititipkan ke lahan parkir yang ada di seberang hotel.",0.9768213629722595
"Merga skate park iki diubengi panggon klumpukan sing asyik, aku rasane ora bakal isa krasa waleh.","Karena skate park ini dikelilingi tempat berkumpul yang asik, saya merasa tidak akan pernah merasa bosan.","Taman skate ini dikelilingi tempat berkumpul yang asyik, rasanya aku tidak akan bisa menikmatinya.",0.945621132850647
Aku uwis lapor marang email mandiricare.co.id,Saya sudah lapor ke email mandiricare.co.id,Saya sudah melaporkan melalui email mandiricare.co.id.,0.9414588809013367
Aku uwis ndhuwe kode akses lan pin.,Saya sudah punya kode akses dan pin.,Saya sudah memiliki kode akses dan PIN.,0.9832489490509033
"Asli tenan indihome nemen tenan saiki, apa gunane mbayar larang larang edan emosi tenan","Asli dah indihome parah banget dah sekarang, apa gunanya bayar mahal mahal gila emosi nih benar-benar","Benar-benar Indihome memang bagus, apa gunanya bayar mahal-mahal kalau emosinya terganggu sekali.",0.8967756032943726
"Dhewe sakaluwarga nyempetake kanggo njajal panganan ing panggonan mangane iki kaya susuh sing kabeh kaca-kacane ditutupi karo ranting-ranting sing ngerambat. Eksotik, unik, apik tenan lan panganane uga enak.","Kami sekeluarga menyempatkan diri mencoba makan di tempat makannya ini seperti sarang yang semua kaca-kacanya ditutupi oleh ranting-ranting yang merambat. Eksotik, unik, keren banget dan makanannya pun enak.","Sendiri sebagai keluarga, mereka sempat mencoba makanan di tempat ini seperti suasana hutan di mana semua kaca-kaca ditutupi ranting-ranting yang bergoyang. Eksotis, unik, bagus sekali dan makanannya juga enak.",0.9367411136627197
Aku cemburu nanging ora isa apa-apa,Saya cemburu tapi tidak bisa apa-apa,Aku cemburu tapi tidak bisa apa-apa.,0.977570116519928
"Rega ora patia larang, rasane uga enak, akeh pilian panganan khas Banjar liyane.","Harga tidak terlalu mahal, rasanya juga enak, banyak pilihan makanan khas Banjar lainnya. ","Rega tidak dibatasi, rasanya juga enak, banyak pilihan makanan khas Banjar lainnya.",0.9558103084564209
Segel rapi sanajan kotak setithik peyot,Segel rapi walau kotak sedikit penyok,Segelnya rapi meskipun kotaknya sedikit bengkok.,0.891089141368866
Sopir gocar teka saka luwar kutha nyang jakarta dinggo golek penumpang ben entuk poin.,Supir gocar datang dari luar kota ke jakarta untuk mencari penumpang demi dapatkan poin.,Pengemudi gocar datang dari luar kota ke Jakarta untuk mencari penumpang yang sudah mengumpulkan poin.,0.9576840996742249
Ning kene isa metik stroberi dewe lan langsung dibayar lak pas gedhi-gedhi buahe lumayan uga legi stroberine lan ada kulinere pisan isa mangan sing liyane ning kene,Di sini bisa petik stroberi sendiri dan langsung dibayar kalau lagi besar besar buahnya lumayan juga manis stroberinya dan ada kuliner juga bisa makan yang lain di sini,"Di sini bisa memetik stroberi sendiri dan langsung dibayar, pas buahnya banyak lumayan juga, stroberinya banyak dan ada kuliner juga bisa makan yang lain.",0.9588992595672607
"Lagek wae mau teka barange, apik kok","Baru saja tadi sampai barangnya, bagus kok","Sayang, aku mau beli barang, bagus kok.",0.885149359703064
Bosen banget ndhelok sampah ing dalan kutha palangkaraya,Bosan banget melihat sampah di ruas jalan kota palangkaraya,Sangat bosan berjalan-jalan melihat sampah di dalam kota Palangka Raya.,0.9117725491523743
Lokasi restoran ing Kemang. Larang lan ora enak. Aja mara mrana deh.,Lokasi restoran di Kemang. Mahal dan tidak enak. Jangan ke situ deh.,Restoran di Kemang. Tidak bagus dan tidak disarankan. Jangan masuk ke dalam ya.,0.9420231580734253
Rasa nikmat dipadu karo sambele. Daginge empuk. Rega jumbuh karo sing disajikne. Lokasi gampang ditemokne. Sip pokoke.,Rasa nikmat dipadu dengan sambelnya. Daging empuk. Harga sesuai dengan yang disajikan. Lokasi mudah ditemukan. Sip pokoknya.,Rasanya enak dipadukan dengan sambal. Dagingnya empuk. Harganya sesuai dengan yang disajikan. Lokasinya mudah ditemukan. Pokoknya mantap.,0.9630493521690369
Bubur Ahong iki enak dipangan pas mangan wengi. Akeh menu liane sing isa dinikmati liyane bubur. Omah mangan iki rame diparani lan lumayan amba. Bubure uga enak.,Bubur Ahong ini enak dimakan saat makan malam. Banyak menu lainnya yang dapat dinikmati selain bubur. Rumah makan ini ramai dikunjungi dan cukup luas. Buburnya juga enak.,Bubur Ahong ini enak dipanggang saat makan malam. Banyak menu lain yang bisa dinikmati selain bubur. Rumah makan ini ramai dan cukup ramai. Buburnya juga enak.,0.9838460087776184
"Aku marang kene karo pacar, panggonane lumayan amba lan ana area indoor karo ing njabane. Aku njagong ing panggonan indoor sing ana pemandangan marang arah njaba, dadi ana jendela kace. kanggo panganane aku cukup puas. Saka sisi rega tenan padha karo apa sing ditawakake","Saya ke sini sama pacar, tempatnya cukup luas dan ada area indoor sama di luarnya. Saya duduk di tempat indoor yang ada pemandangan ke arah luar, jadi ada jendela kaca. untuk makanan saya cukup puas. Dari sisi harga memang sebanding dengan apa yang ditawarkan","Aku datang ke sini bersama pacar, tempatnya cukup luas dan ada area dalam ruangan di dekatnya. Aku tidur di area dalam ruangan yang menghadap ke arah luar, jadi ada jendela besar. Untuk makanannya, aku cukup puas. Dari segi harga, harganya sama dengan yang ditawarkan.",0.9551359415054321
Milih gubernur utawa ora yaiku pilian saban uwong.,Memilih gubernur atau tidak adalah pilihan setiap orang.,Memilih gubernur atau tidak adalah pilihan setiap orang.,0.9999999403953552
Rasa uwis malih ora kaya mbiyen. Kesane anyep. Kudu ditingkatake cita rasane. Kanggo menu ombean minim banget mung ana soft drink,Rasa sudah berubah tidak seperti dulu. Terkesan hambar. Harus di tingkatkan cita rasanya. Untuk menu minuman sangat minim hanya ada soft drink,Rasanya sudah tidak seperti dulu. Rasanya sudah tidak enak. Perlu ditingkatkan cita rasanya. Untuk menu minuman ringan sangat minim hanya ada dalam soft drink.,0.9527737498283386
Sanadyan saiki regane uwes mlonjak munggah nanging percayao yen pesen sega padang bungkus ing singgalang jaya porsine badai tenaaan. Nganti saiki panggonan iki isih dadi salah siji panggonan nikmati masakan padang favoritku.,Meskipun sekarang harganya sudah melonjak naik tapi percayalah kalau pesan nasi padang bungkus di singgalang jaya porsinya badai abiiis. Sampai sekarang tempat ini masih menjadi salah satu tempat menikmati masakan padang favorit saya.,"Meskipun harganya sekarang mahal, saya percaya bahwa memesan nasi padang bungkus di Singgalang Jaya dengan porsi yang besar tetaplah yang terbaik. Sampai sekarang, tempat ini masih menjadi salah satu tempat favorit saya untuk menikmati masakan Padang.",0.934329092502594
"Bebeke enak, alus, sambele enak. Panggone resik lan lumayan oke.","Bebeknya enak, lembut, sambelnya enak. Tempat bersih dan lumayan oke.","Ayam enak, lembut, sambelnya enak. Atapnya bersih dan cukup bagus.",0.9648628830909729
"Manggon ana ing festival city link mal, resto iki nyajikake panganan cina panganan a la carte lan dimsum. Rasa panganane oke, panggonan uga cukup amba lan akeh keluwarga mangan ana ing kene. Favorite dhewe urang mayonaise.","Terletak di festival city link mal, resto ini menyajikan makanan cina makanan a la carte dan dimsum. Rasa makanan cukup oke, tempat cukup luas juga dan banyak keluarga bersantap di sini. Favorit kami udang mayonaise.","Penduduk berada di pusat perbelanjaan city link mall, restoran ini menyajikan makanan Cina a la carte dan dim sum. Rasanya enak, tempatnya juga cukup luas dan banyak keluarga makan di sini. Favorit saya mayonaise.",0.9480845928192139
Panganan ing rumah sakit tansah ora enak,Makanan di rumah sakit selalu tidak enak,Makanan di rumah sakit selalu tidak enak.,0.972458004951477
"Lak mrene wajib banget tuku terong gorenge, panggone uga enak ana sing lesehan, ngindari jam mangan awan lak sir mrene merga kebeg banget","Kalau ke sini wajib banget beli terong gorengnya, tempatnya juga enak ada yang lesehan, hindari jam makan siang kalau mau ke sini karena penuh banget","Ayo sekarang harus banget beli terong goreng, pangen juga enak di warung lesehan, biar nggak kena jam makan awan, jadi minum sirup di sini karena haus banget.",0.9022706151008606
"Panggone cukup nyaman, ana ning dalan sudirman sing cedek karo pilihan panggen belonjo, lan restone cukup cedek karo panggen iku. Panganane enak, pilihane akeh dadi ora tek malehi. Panggone uga nyaman","Letaknya cukup nyaman, ada di jalan sudirman yang dekat dengan pilihan tempat belanja, dari resto pun cukup dekat ke tempat tersebut. Makanannya enak, pilihannya banyak jadi tidak terlalu membosankan. Tempatnya juga nyaman","Panggangannya cukup nyaman, ada di jalan Sudirman yang dekat dengan pilihan panggen belonjo, dan restorannya cukup dekat dengan panggen itu. Makananannya enak, pilihannya banyak jadi tidak mahal. Panggangannya juga nyaman.",0.9395353198051453
Resto iki duwe menu sing aneka werna nanging kakean menu China lan halal. Mi ayam jamur lan sega hainane sedep lan direkomendasikake. Bebeke uga enak. Resto iki saiki duwe cabang ing Istana Plaza.,Resto ini punya menu yang beragam tetapi kebanyakan menu China dan halal. Mi ayam jamur dan nasi hainannya sedap dan direkomendasikan. Bebeknya juga enak. Resto ini sekarang punya cabang di Istana Plaza.,Restoran ini punya menu yang beragam tetapi terlalu banyak menu China dan halal. Ayam jamur dan nasi hainan rasanya enak dan direkomendasikan. Bebek juga enak. Restoran ini sekarang memiliki cabang di Istana Plaza.,0.9695770144462585
Mampir marang bandung. Nggolek ramen. Sing jarene saiki kekinian. Regane setimpal padha karo rasane. Yen marang bandung maneh mesti mampir maneh.,Mampir ke bandung. Mencari ramen. Yang katanya lagi kekinian. Harganya setimpal sesuai dengan rasanya. Kalau ke bandung lagi pasti mampir lagi.,"Berhenti di Bandung. Mencari ramen. Yang lagi hits sekarang. Harganya terjangkau sesuai dengan rasanya. Jika ke Bandung lagi, pasti harus berhenti lagi.",0.9360979199409485
"Yen ana sing salah karo tindak tanduke aku entuk kok ngomong langsung karo aku, aja ngomong ing mburi. Ora asik kaya ngono. Pengecut!","Kalau ada yang salah dengan tingkah laku aku boleh kok bicara langsung ke aku, jangan bicara di belakang. Tidak asik kayak begitu. Pengecut!","Jika ada yang salah dengan tindakannya, aku minta dia bicara langsung denganku, jangan bicara di belakangku. Tidak asyik seperti itu. Pemalu!",0.9376016855239868
Tolong konfirmasi kanggo pangiriman ing alamat panampa sing dileksanakake dina iki utawa dina ngesok mas suwun,Mohon konfirmasi untuk pengiriman ke alamat penerima akan dilakukan hari ini atau esok hari kak terima kasih,"Tolong konfirmasikan pengiriman ke alamat penerima yang dilakukan hari ini atau besok, Mas. Terima kasih.",0.907642126083374
Panggen parkire kurang amba. Lan nganyelne banget lak pas awakdewe mangan terus dikongkon ngge mindahne mobil merga ana wong liya sing bar mangan lan arepe metu kendaraane. Iku ngganggu banget.,Tempat parkirnya kurang luas. Dan menyebalkan banget kalau pada saat kita makan kemudian disuruh untuk memindahkan mobil karena ada orang lain yang selesai makan dan akan keluar kendaraannya. Itu sangat mengganggu.,Panggil parkir kurang ramah. Dan dia sangat kesal karena terus dipaksa untuk memindahkan mobil karena ada orang lain yang sudah makan dan mendekati keluar kendaraannya. Itu sangat mengganggu.,0.9311627745628357
"Ya ngono sih, kesadharan tanggung jawab mahasiswa saiki kuwi kurang tenan. Akeh-akehe ora tanggung jawab kanthi apa sing uwis dadi tugase.","Ya gitu sih, kesadaran akan tanggung jawab mahasiswa sekarang itu kurang sekali. Kebanyakan tidak bertanggung jawab dengan apa yang sudah jadi tugasnya.","Ya begitu sih, kesadaran tanggung jawab mahasiswa sekarang kurang sekali. Banyak yang tidak bertanggung jawab atas apa yang sudah menjadi tugas mereka.",0.9732378721237183
"Sega uduk iki ana ing dalan rajiman lan bukake saka sore nganti mbengi. Menune si cukup sederhana, mung sega uduk lan aneka warna pelengkape. Biasane aku mangan sega udu karo pithik goreng lan sambel, sambele ora patia pedes.","Nasi uduk ini ada di jalan rajiman dan bukanya dari sore sampai malam. Menunya sih cukup sederhana, hanya nasi uduk dan berbagai pelengkapnya. Biasanya saya makan nasi uduk sama ayam goreng dan sambal, sambalnya tidak terlalu pedas.","Sekarang nasi uduk ini ada di dalam warung dan buka dari sore sampai malam. Rasanya cukup sederhana, cuma nasi uduk dan berbagai warna yang menarik. Biasanya saya makan nasi uduk dengan pithik goreng dan sambal, sambalnya tidak terlalu pedas.",0.9472596645355225
Ngomong-ngomong indomie pisanan ning 2018 ku mambengi tibake enak,Anw indomie pertama di 2018 ku semalam ternyata nikmat,"Ngomong-ngomong, Indomie pertama tahun 2018 terasa lebih enak setelah dimabukkan.",0.8580090403556824
"Saksitike kertu internetku ora kenek digawe padahal kuota lokal e isik, aku manggon ning panggonan sing aktivasi lan kertune uga wis didaftarne.","Minimal kartu internet saya tidak dapat digunakan padahal kuota lokal masih, saya berada di lokasi aktivasi dan kartu juga sudah registrasi","Saya tidak bisa membuat paket internet meskipun kuota lokal saya masih banyak, saya tinggal di suatu tempat tetapi tempat aktivasi dan paketnya juga sudah terdaftar.",0.9321504831314087
Hypermart saiki ngenehi diskon 20% kanggo produk seger saben dina senen - kemis kanthi mandiri kartu hypermart,Hypermart sedang memberikan diskon 20% untuk produk segar setiap hari senin - kamis dengan mandiri kartu hypermart,Hypermart saat ini memberikan diskon 20% untuk produk segar setiap hari Senin - Kamis dengan menggunakan kartu Hypermart mandiri.,0.9472272992134094
Pengen nesu wae aku karo indosat,Mau marah saja aku sama indosat,Aku pengen marah-marah sama Indosat.,0.8505547642707825
Karo ngenteni wektu ganti tahun dhewe njajal marang rene. Dhewe wong loro pesen pirang-pirang sushi. Ombeane milktea karo es krim vanilla nganggo batok krambil. Kanggo sushine lumayan nanging kakehan segane kayane. Nanging rasane enak. Regane kajangkau.,Sambil menunggu waktu pergantian tahun kita coba ke sini. Kita berdua pesan beberapa sushi. Minumannya milktea sama eskrim vanilla dengan batok kelapa. Untuk sushinya lumayan tapi kebanyakan nasinya sepertinya. Tetapi rasanya enak. Harganya terjangkau.,"Untuk menunggu waktu, kita ganti tahun dengan mencoba salju. Mereka berdua memesan sushi dalam jumlah banyak. Dia minum milktea dengan es krim vanilla menggunakan batok krambil. Untuk sushi itu lumayan tapi terlalu banyak garamnya sepertinya. Tapi rasanya enak. Harganya terjangkau.",0.934880793094635
"Endi laporanku ora diproses-proses. Magu duitku ora bakal dibalikne, padahal pulsa lan kuotaku ilang.","Mana laporan aku tidak diproses-proses. Ragu duit aku akan dikembalikan, padahal pulsa dan kuota aku hilang.","Laporan saya belum diproses-proses. Uangku tidak akan dikembalikan, padahal pulsa dan kuotaku hilang.",0.9632211923599243
"Dhewe kuciwa tenan karo pelayanan karyawan lion ing gate a6 bandar udara cengkareng. Aku diapusi, barang rusak lan reged satibane ing tujuan.","Kami sangat kecewa dengan pelayanan karyawan lion di gate a6 bandar udara cengkareng. Saya dibohongi, barang rusak dan kotor tiba tujuan.","Aku dicuci terlalu banyak oleh pelayanan karyawan Lion di gate A6 bandara Cengkareng. Aku basah, barang rusak, dan sangat dingin di tujuan.",0.9260585308074951
Sing paling nguciwakake yaiku nalika pimpinan ora isa mbedakake lan ora gelem ngerti endi negarawan lan endi politisi kotor,Yang paling mengecewakan adalah ketika pemimpin tak bisa bedakan dan tak mau tahu mana negarawan dan mana politisi kotor,Yang paling menyedihkan adalah ketika pemimpin tidak bisa membedakan dan tidak mau mengerti siapa negarawan dan siapa politisi korup.,0.9438952207565308
"Bubur iwak pitik sing lumayan rekomendasi ning sekitaran bandung, panggone strategis gampang digoleki, regane ora ngrogoh sak, panggone mesti rame diparani pengunjung mben dina nyambut gawe lan akhir minggu merga rasane sing enak.","Bubur ayam yang lumayan rekomendasi di sekitaran bandung, tempatnya strategis mudah dicari, harganya tidak merogoh kantong, tempatnya selalu ramai didatangi pengunjung setiap hari kerja maupun akhir pekan karena rasanya yang enak.","Bubur iwak pitik yang enak sangat direkomendasikan, apalagi di sekitar Bandung, lokasinya strategis mudah ditemukan, harganya tidak mahal, dan gerobaknya selalu ramai dikunjungi baik hari kerja maupun akhir pekan karena rasanya yang enak.",0.9340571165084839
"Teka ing panggonan iki kanggo ngaso sakbanjure sayah macet ing lelungan, panganane oke, nanging jajan-jajane mantep, dadi kabayarake.","Mengunjungi tempat ini untuk istirahat setelah cape macet di perjalanan, makanan oke, tapi kue-kuenya mantap, jadi terbayarkan.","Teka-teki ini untuk menguji apakah seseorang bisa melihat ke belakang, matanya macet di dalam, makanannya enak, tetapi cemalunya mantap, jadi berharga.",0.8889930844306946
"Terus aku sia-sia no nganyari nomer hape paling anyar nyang pelayanan pelanggan cabang bni lak data ning bni isik nomer hape lawas, piye seh pelayanane!","Lalu saya percuma dong update nomor telepon genggam terbaru ke pelayanan pelanggan cab bni kalau data di bni masih nomor handphone lama, bagaimana sih pelayanannya!","Terus aku merasa sia-sia karena nomor HP terbaru yang diberikan oleh pelayanan pelanggan cabang BNI tidak bisa di-data, padahal BNI masih menggunakan nomor HP lama, bagaimana pelayanannya!",0.8939089775085449
"Aku wis kerep mara nikmati panganan ning roemah nenek. Aku seneng karo kahanane sing nyaman dinggo mangan bareng keluarga. Ning dina-dina tertentu ana tontonan musik langsung. Panganane uga nduwe pilian sing rena-rena saka tradisional, asia, sampek panganan kidulan","Saya sudah sering kali datang menikmati makanan di roemah nenek. Saya suka dengan suasananya yang nyaman untuk makan bersama keluarga. Di hari-hari tertentu ada hiburan live musik. Makanannya pun punya pilihan yang beragam dari yang tradisional, asia, sampai makanan barat","Aku sudah sering sekali menikmati makanan di rumah nenek. Aku senang dengan keramahannya untuk makan bersama keluarga. Hari ini ada pertunjukan musik langsung. Makanan juga memiliki pilihan yang beragam, mulai dari tradisional, Asia, sampai makanan ringan.",0.9366478323936462
"Akeh wong sing ora seneng nggo berobat nyang dokter. Ora mung kerna mbayare sing relatif lumayan larang dingge separone wong, nyang dokter ora selawase isa marekne. Akeh dokter sing salah diagnosis. Apa penting utawa wis lumrah, toh dokter uga manungsa.","Banyak orang yang kurang suka untuk berobat ke dokter. Selain biaya yang relatif cukup mahal bagi sebagian orang, ke dokter tak selamanya bisa menyembuhkan. Banyak dokter yang salah diagnosa. Pentingkah ataukah sudah lumrah, toh dokter juga manusia.","Banyak orang yang tidak senang berobat ke dokter. Bukan hanya karena biaya yang relatif mahal, tetapi sebagian orang merasa dokter tidak ramah dan sulit berbicara. Banyak dokter yang salah mendiagnosis. Apa penting atau sudah biasa, toh dokter juga manusia.",0.9404244422912598
"Pelayanane apik, panggen parkir lumayan amba, kebon stroberi amba lan akeh stroberi sing wis cukup abang nggo dipethil. Panganan ning restoran rena-rena banget, rasane enak, sambel stroberine unik lan enak. Sega liwet stroberi kudu dijajal. Sejauh iki kabeh menu sing tak pangan ora ana sing nggarai gela rekomendasi banget dinggo dolane keluarga","Pelayanan baik, tempat parkir cukup luas, kebun stroberi luas dan banyak stroberi yang sudah cukup merah untuk dipetik. Makanan direstoran sangat beragam, rasanya enak, sambal stroberinya unik dan enak. Nasi liwet stroberi harus dicoba. Sejauh ini semua menu yang saya makan tidak ada yang mengecewakan sangat rekomendasi untuk wisata keluarga","Pelayanannya bagus, parkir cukup luas, kebun stroberi luas dan banyak stroberi yang sudah cukup matang untuk dipetik. Makanan di restoran semuanya sangat enak, rasanya lezat, sambel stroberi unik dan enak. Semua hidangan stroberi harus dicoba. Sampai sekarang, semua menu yang saya makan tidak ada yang membuat saya merekomendasikannya sangat untuk dibawa keluarga.",0.9497637152671814
"Demi apa wae tes cpns marakna macet, sialannnnnnn","Demi apa pun tes cpns bikin macet, sialannnnnnn","Demi apa sih, tes CPNS marak, sialan!",0.8378399014472961
"Ngenteni panganan suwi banget, pelayane galak, pas mangan pas kuwi aku pesen pizza tekone eh gosong nganti kasire pas aku mbayar ora ngguyu, pelayanane payah.","Menunggu makanannya lama banget, waitressnya galak, pas makanannya saat itu saya pesan pizza datang eh gosong sampai kasirnya pun pas saya bayar tidak senyum, pelayanannya payah.","Saya sangat lapar, pelayanannya buruk, saat saya makan saya memesan pizza tapi gosong, dan kasir tidak menanggapi keluhan saya dengan baik, pelayanannya tidak memuaskan.",0.9024341106414795
