javanese,ground_truth,generated,bertscore
"Cepak saka hotelku nginep, namung digawa mlaku, ing kene akeh tenan pilian panganane, panggonane sing amba, lan nyenengake","Dekat dengan hotel saya menginap, hanya ditempuh jalan kaki, di sini banyak sekali pilihan makanannya, tempat yang luas, dan menyenangkan","Sarapan dari hotelku, tapi digawa jalan-jalan, di sini banyak sekali pilihan makanannya, tempatnya yang luas, dan nyaman. 
",0.9327313899993896
"Iya bener, deknen lagi jaga warung.","Iya benar, dia sedang jaga warung.","Iya benar, adik lagi menjaga warung. 
",0.9699307680130005
Kangkunge lumayan nanging yuyu saus padange nguciwakake dhewe dikei yuyu sing kopong akhir dhewe ora mangan yuyune lan dibalekake.,Kangkungnya lumayan tapi kepiting saus padangnya mengecewakan kami dikasih kepiting yang kopong akhir kami tidak makan keptingnya dan dikembalikan.,"Kamu cukup makan, tapi sausnya terlalu pedas sehingga kamu sendiri yang membuatnya pedas, akhirnya kamu tidak makan ikannya dan dibuang. 
",0.8791303634643555
"Manggon nang braga city walk sing sak gedung karo aston lan fave hotel, panggon iki nyaman banget dinggo nyangkruk-nyrangkruk. Kopi campur teh sing anyar lagek pisan iki aku njajal tibake enak banget, dipadu karo endog setengah mateng dadi kanca jagongan karo kanca-kanca. Panggon sing bebas rokokan tambah nyenengne karo nikmati pemandangan wira-wiri wong-wong sing mlebu metu mal iki.","Bertempat di braga city walk yang satu gedung dengan aston dan fave hotel, tempat ini sangat nyaman buat kongkow-kongkow. Kopi campur teh yang baru pertama kali saya nikmati ternyata sangat enak, dipadu dengan telur setengah matang menjadi pendamping mengobrol bersama teman-teman. Area yang bebas merokok semakin mengasyikkan sambil menikmati pemandangan lalu lalang orang-orang yang keluar masuk mal ini.","Berada di kota Braga, tempat ini nyaman untuk bersantai. Kopi campur teh yang baru ini enak sekali, aku coba dan rasanya enak banget, dipadukan dengan telur setengah matang menjadi teman ngobrol dengan teman-teman. Tempat yang bebas rokok semakin menyenangkan sambil menikmati pemandangan orang-orang yang datang dan pergi di sini. 


",0.9102488160133362
"Gianyar nompo bantuan sosial 2018 gedene rp 44, 9 milyat","Gianyar terima bantuan sosial 2018 sebesar rp 44, 9 miliar","Gianyar menerima bantuan sosial tahun 2018 sebesar Rp 44,9 miliar. 
",0.914333164691925
Iki salah siji conto generasi sing ora kangge. Ora malah migunani dinggo bangsa nanging malah dadi sesuatu sing mbahayani dinggo bangsa! Mantep jeraten ae nggawe uu ite,Ini salah satu contoh generasi yang tidak berguna. Bukan malah bermanfaat untuk bangsa tapi malah jadi sesuatu yang berbahaya bagi bangsa! Mantap jerat saja pakai uu ite,"Ini salah satu contoh generasi yang tidak berguna. Bahkan tidak bermanfaat bagi bangsa, melainkan menjadi sesuatu yang berbahaya bagi bangsa! Tepat sekali membuat undang-undang ini. 
",0.9290594458580017
"Sore konco, wektu iki lagi dilakokne pemeliharaan dadi aplikasi ora isa diakses.","Sore sahabat, saat ini sedang dilakukan pemeliharaan sehingga aplikasi tidak dapat diakses.","Sore teman, saat ini aplikasi sedang dalam proses pemeliharaan sehingga tidak dapat diakses. 
",0.9779347777366638
Tenan ringkih dhewe iki aku uga jiden saktenane,Memang lemah kita ini aku juga penakut sebenarnya,"Betul sekali, aku juga sangat takut. 
",0.8685197830200195
"Terakhir nyang hanamasa regane 120 ewu / wong. Nanging puase luwih saka iku. Isa njupuk panganan sakpuase, nanging rasa ora nggelakne, pinter-pintere awakdewe ae ngeracik dewe. Lak penggemar daging sapi mesti seneng mrene","Terakhir ke hanamasa harganya 120 ribu / orang. Tapi puasnya lebih dari itu. Bisa ambil makanan sepuasnya, tapi rasa tidak mengecewakan, pintar-pintar kita saja meracik sendiri. Kalau penggemar daging sapi pasti suka ke sini","Terakhirnya yang hanamasa regane 120 ribu/orang. Tapi puas lebih dari itu. Bisa mengambil makanan secukupnya, tapi rasanya tidak mengenyangkan, pintar-pintarlah diri sendiri untuk meracik sendiri.  Para penggemar daging sapi pasti senang dengan ini. 
",0.9296745657920837
"Kanggo menyang ing the peak mesthi wae karasa adoh banget saka pusat kutha bandung, lan aksese sing lumayan mbingungake lan dalan cilike mbelak-mbelok. Nanging kowe bisa ora bakal kesasar amarga meh ing saben enggokan ana tanda marang ing the peak. Panggonane apik banget kanggo kowe sing nggolek suasana mbengi romantis, kanthi pemandangan mbengi kutha sing apik tenan.","Untuk menuju ke the peak memang terasa sangat jauh dari pusat kota bandung, dan aksesnya yang agak membingungkan dan jalan kecil berkelok-kelok. Namun anda mungkin tidak akan tersesat karena hampir di tiap belokan ada signage menuju ke the peak. Tempatnya sangat bagus untuk anda yang mencari suasana malam romantis, dengan pemandangan malam kota yang menakjubkan.","Untuk menuju ke puncak pasti akan merasakan jauh banget dari pusat kota Bandung, dan aksesnya yang cukup membingungkan dan jalan cilike mebelak-mbelok. Tapi kamu tidak akan tersesat karena hampir di setiap persimpangan ada tanda menuju ke puncak. Tempat ini sangat bagus untuk kamu yang mencari suasana malam romantis, dengan pemandangan malam kota yang sangat indah. 
",0.9494349360466003
Kebon raya bogor isa didadekne salah siji tujuan destinasi wisata,Kebun raya bogor bisa dijadikan salah satu tujuan destinasi wisata,"Kebun raya Bogor bisa dijadikan salah satu tujuan destinasi wisata. 
",0.9659962058067322
"The peak panggone ning cedeke lembang, waratan duwur ning bandung sing adem lan panggone sing apik banget nanging dalan ngge moro panggonan iki kelok-kelok banget lan tikungan landep lan curam, ora disarane dingge motoran pas udan-udan lan wengi. Ning the peak ana nggen mangan sing pemandangane kutha bandung sing indah saka nggunung, rega panganane sing larang banget lan ora sumbut.","The peak berlokasi di dekat lembang, dataran tinggi di bandung yang sejuk dan lokasi yang sangat baik namun jalan untuk mencapai tempat ini sangat berkelok disertai tikungan tajam nan curam, tidak disarankan untuk berkendara saat hujan dan malam hari. Di the peak terdapat restoran dengan pemandangan kota bandung yang indah dari perbukitan, harga makanan yang sangat mahal dan sangat tidak sesuai.","Puncaknya berada di dekat lembang, pemandangannya indah dari atas Bandung yang sejuk dan pemandangannya sangat bagus. Namun, jalan untuk menuju tempat ini sangat berkelok-kelok, tikungannya dalam dan curam, tidak disarankan untuk dilewati dengan motor saat hujan dan malam hari. Di puncak terdapat warung makan yang menawarkan pemandangan kota Bandung yang indah dari atas gunung, harganya sangat mahal dan tidak memuaskan. 


",0.9282935857772827
Aku kapok nganggo jasa lion air,Saya kapok menggunakan jasa lion air,"Saya tidak akan lagi menggunakan jasa Lion Air. 
",0.8857291340827942
Akeh bab sing isa dhewe tindakake kanggo ngisi wektu luwang.,Banyak hal yang dapat kita lakukan untuk mengisi waktu luang.,"Banyak hal yang bisa dilakukan sendiri untuk mengisi waktu luang. 
",0.9767063856124878
Saya apatis ngelaporake bab-bab kaya iki. Amarga nganti minggu wingi isih tetep hurung digarap. Mung janji-janji terus.,Semakin apatis melaporkan hal-hal seperti ini. Karena sampai minggu lalu masih tetap belum dikerjakan. Hanya janji-janji terus.,"Saya tidak suka melaporkan hal-hal seperti ini. Karena sampai minggu ini masih belum selesai digarap. Hanya janji-janji saja. 
",0.9444438219070435
Rega dhuwur banget porsi sithik banget ora janji maneh aku teko kanggo kepindho. Panganane ora beda adoh karo emakku dong!,Harga selangit porsi seiprit tidak janji lagi saya datang untuk yang kedua kali. Masakannya tidak beda jauh sama ema saya dong!,"Rega nya mahal banget porsi nya sedikit banget gak janji lagi aku teko buat kepindho. Masakannya gak beda jauh sama masakan ibuku dong! 
",0.8951961398124695
"Anyar lan kashediya, 5 sekat mangan awan kotak kotak mangan yooyee kotak bekal anti bocor 590","Baru dan tersedia, 5 sekat makan siang kotak kotak makan yooyee kotak bekal anti bocor 590","Baru dan kedap air, 5 sekat makan awan kotak-kotak makan juga kotak bekal anti bocor 590 
",0.9287833571434021
"Ora ngerti ya kenangapa resto iki manggoni ranking 12 saka 1800an resto sing ana ing jakarta. Regane larang! Panggonane ndhelik, lan rasa panganane biasa bae. Aja percaya banget karo review sing nyesatake.","Tidak mengerti ya kenapa resto ini menduduki peringkat 12 dari 1800an resto yang ada di jakarta. Harga mahal! Lokasi tersembunyi, dan rasa makanan biasa saja. Jangan terlalu percaya sama review yang menyesatkanlah.","Tidak mengerti ya kenapa restoran ini mendapat ranking 12 dari 1800 restoran yang ada di Jakarta. Harga mahal! Tempatnya tidak enak, dan rasanya biasa saja. Jangan terlalu percaya dengan review yang ada. 
",0.950158953666687
Bledosan ning aksi protes ning afghanistan mateni wong 68,Ledakan dalam aksi protes di afghanistan tewaskan 68 orang,"Kerusuhan dalam aksi protes di Afghanistan menewaskan 68 orang. 
",0.9394747614860535
"Aku teka marang restoran kuwi bareng karo kancaku. Kancaku kakehan kaget ndhelok pemandangane sing apik tenan ing mbengi. Aku ndhuweni kasempatan njajal stik impore, enak tenan apa maneh sause. Mmm yummi. Yen ana kasempatan aku pengen teka maneh marang kana.","Saya berkunjung ke restoran itu bersama dengan teman saya. Teman saya kebanyakan terkejut melihat pemandangannya yang sangat indah di malam hari. Saya berkesempatan mencoba steak impornya, sangat enak apalagi sausnya. Mmm yummi. Kalau ada kesempatan saya ingin berkunjung lagi ke sana.","Saya pergi ke restoran itu bersama teman saya. Teman saya sangat terkejut melihat pemandangannya yang sangat indah di malam hari. Saya menemukan kesempatan untuk mencoba stik imporan, sangat enak, apalagi sausnya. Mmm yummy. Jika ada kesempatan, saya ingin kembali ke sana. 
",0.9679975509643555
Akses menyang dusun bambu isa ditekani kira-kira ing wektu 1 - 2 jam nganggo mobil pribadi. Mara menyang dusun bambu diusahakake pas wektu wengi amarga awake dhewe isa ndelok cetha pemandangan sing ana lan wektu sing pas kanggo mangan wengi.,Akses menuju dusun bambu bisa ditempuh kira-kira dalam waktu 1 - 2 jam menggunakan mobil pribadi. Berkunjung ke dusun bambu diusahakan saat petang hari karena kita dapat melihat jelas pemandangan yang ada dan waktu yang pas untuk makan malam.,"Akses ke dusun bambu bisa ditempuh sekitar 1-2 jam menggunakan mobil pribadi.  

Perjalanan ke dusun bambu sebaiknya dilakukan di waktu malam karena di malam hari kita bisa melihat pemandangan dengan jelas dan waktu yang tepat untuk makan malam. 
",0.9502459764480591
"Panganane oke padha karo xo suki liyane. Nanging sanajan dina prei gedhe kaya badha iki udhu artine meseme prei lan pesenan ombe, lan liya-liyane kudu mesen ping akeh. Tulung dijaga kepuasan pelanggane. Matur suwun,","Makanan oke sama seperti xo suki lainnya. Tetapi walaupun hari libur besar seperti lebaran ini bukan berarti senyumnya libur dan order minum, dan lain-lain harus order berkali-kali. Tolong di jaga kepuasan pelanggannya. Terima kasih.","Makanan oke sama seperti yang saya suka lainnya. Tapi meskipun di hari besar seperti hari ini, artinya pesanan banyak dan pesanannya banyak, dan yang lain harus memesan lebih banyak. Tolong jaga kepuasan pelanggan. Terima kasih. 
",0.9166050553321838
"Restoran iki yaiku panggon kuliner sing wajib diparani umpama nyang bandung. Ora mung panganane sing manjakne ilat panganan sunda banget, restoran iki uga dibangun nganggo konsep mangan santai ning jero kali dadi nawarne pengalaman kuliner sing berkesan banget. Kudu dijajal dinggo sopo ae sing nyang bandung.","Restoran ini adalah sebuah destinasi kuliner yang wajib dikunjungi bila ke bandung. Selain makanan yang sangat memanjakan lidah makanan sunda, restoran ini juga dibangun dengan konsep makan santai di dalam saung yang dikelilingi alam hutan dan pegunungan yang dihias pepohonan rindang dan dihibur oleh gemericik air sungai sehingga menawarkan pengalaman kuliner yang teramat mengesankan. Harus dicoba bagi siapapun yang ke bandung.","Restoran ini adalah tempat kuliner wajib dikunjungi seperti di Bandung. Tidak hanya makanannya yang lezat dan khas makanan Sunda, restoran ini juga dibangun dengan konsep makan santai di dalam kali sehingga menjadikannya pengalaman kuliner yang sangat berkesan. Wajib dicoba untuk siapa saja yang berkunjung ke Bandung. 
",0.9121935963630676
Mbalik ngaktifne paket data indosat merga isa akses youtube unlimited.,Kembali mengaktifkan paket data indosat karena dapat akses youtube unlimited.,"Aktifkan kembali paket data Indosat agar bisa akses YouTube tanpa batas. 
",0.9361411333084106
Aku nembe ngerti ketemu kancaku sek makarya nang trans tv,Saya baru saja bertemu teman saya yang bekerja di trans tv,"Aku baru saja mengerti bertemu teman kerja saya yang bekerja di Trans TV. 
",0.9561119675636292
"Omah mangan ning dalan anggrek iki nduwe keistimewaan jenis seafood sing rena-rena lan ana sing isih urip dinggo dipilih lan dimasak pas kuwi uga. Rena-rena jenis panganan isa dipilih lan wektu ngenteni sing sediluk nggarai adewe ora tek kesuwen keluwen ngenteni. Menu kerapu kukuse enak banget lan gurih, apa meneh lak dimasak karo iwak sing isih seger. Lokasine lumayan adem, regane mirah.","Rumah makan di jalan anggrek ini memiliki keistimewaan jenis seafood yang beragam dan ada yang masih hidup untuk dipilih dan dimasak saat itu juga. Berbagai jenis masakan dapat dipilih dan waktu tunggu yang singkat membuat kita tidak terlalu lama kelaparan menunggu. Menu kerapu kukusnya sangat enak dan gurih, apalagi bila dimasak dengan ikan yang masih segar. Lokasi cukup sejuk, harga murah.","Rumah makan di Jalan Anggrek ini punya keistimewaan jenis seafood yang segar dan ada yang masih hidup untuk dipilih dan dimasak saat itu juga. Berbagai jenis makanan bisa dipilih dan waktu menunggu yang tidak terlalu lama membuat adik tidak merasa bosan. Menu kerapu kukus enak banget dan gurih, apalagi dimasak dengan ikan yang masih segar. Lokasinya cukup sejuk, harganya juga terjangkau. 
",0.976003885269165
"Kaya biasane awakdewe mesti golek kuliner sing liya timbangane sing liyane, awakdewe entuk ning panggen iki yaiku the restaurant padma hotel. Awakdewe pesen menu sing ana. Ana saka indonesia, eropa lan cina, tibake kabeh masakane enak kabeh.","Seperti biasa kami selalu mencari kuliner yang lain daripada yang lain, dapatlah kami di tempat ini yaitu the restaurant padma hotel. Kami memesan menu yang ada. Ada dari indonesia, eropa dan chinese, ternyata semua masakannya enak semuanya.","Biasanya aku suka cari kuliner yang lain-lain, kali ini aku ketemu di restoran Padma Hotel. Aku pesan menu yang ada. Ada dari Indonesia, Eropa, dan Cina, semuanya enak. 
",0.9322773814201355
Iya kuwi sing nggawe aku kesel. Iki udu salahe sing ngelamar nanging jelas 100% salahe pihak sing ana ing ndhuwur sing embuh piye carane dheweke koordinasi. Nyesek aku kuwi sanajan iki kasus kancaku sing ing lampung.,Iya itu yang bikin saya kesal. Ini bukan kesalahan sang pelamar tapi jelas 100% kesalahan pihak yang di atas yang entah bagaimana cara mereka berkordinasi. Nyesek saya itu walaupun ini kasus teman saya yang di lampung.,"Iya, itu yang membuatku kesal. Ini memang salah dari yang melamar, tapi jelas 100% salah pihak yang ada di atas yang tidak tahu bagaimana caranya koordinasi. Nyesek aku, meskipun ini kasus teman ku yang di Lampung. 
",0.940470814704895
"Pelayanane cukup suwi, nanging suwasanane sing diwenehi apik lan unik, dadi karo ngenteni panganan isa nikmati suwasana ing restoran iki, menu sing disajikake aneka werna lan enak,","Pelayanannya agak lama, tetapi suasana yang diberikan keren dan unik, jadi sambil menunggu makanan bisa menikmati suasana di resto ini, menu yang disajikan beragam dan enak,","Pelayanannya cukup lama, tetapi suasananya yang diberikan bagus dan unik, jadi dengan menunggu makanan bisa menikmati suasana di restoran ini, menunya beragam dan enak. 
",0.9775242209434509
"Panganan ing kene enak-enak kanthi akeh variasine. Kabehane enak kanthi pemandangan apik. Pelayanane sing maksimal saka mbak diah lan gina saka ngewiwiti teka nganti rampung, dilayani kanthi apik tenan.","Makanan di sini enak-enak dengan banyak variasi. Semuanya enak dengan pemandangan bagus. Pelayanan yang maksimal dari mbak diah dan gina dari awal datang sampai selesai, dilayani dengan sangat baik.","Makanan di sini enak-enak dengan banyak variasinya. Semua enak dengan pemandangan yang bagus. Pelayanannya maksimal dari mbak Diah dan Gina, dari awal sampai selesai, dilayani dengan sangat baik.  
",0.9691927433013916
"Ana ing ajang piala dunia 2018 sesuk, telkomsel njupuk bagian minangka pandukung penyiaran resmi ing perhelatan sepak bola donya kasebut.","Dalam ajang piala dunia 2018 nanti, telkomsel mengambil bagian sebagai pendukung penyiaran resmi dalam perhelatan sepak bola dunia tersebut.","Saya di ajang Piala Dunia 2018 sesuk, Telkomsel mengambil bagian sebagai pendukung penyiaran resmi dalam perhelatan sepak bola dunia tersebut. 
",0.9654638767242432
De'e biasane tuku tisu paseo,Dia biasanya membeli tisu paseo,"Dia biasanya membeli tisu sekali pakai. 
",0.8965855240821838
"Buse ora nyaman, mbak, ora sumbut karo sing diomongne bosmu, urung maneh panganane kurang enak banget, terus panggon wisata tujuane sing nggelakne:","Busnya tidak nyaman, mbak, tidak sesuai dengan yang diomongin atasan Anda, belum lagi makanannya kurang enak banget, lalu tempat wisata tujuannya yang mengecewakan:","Busnya tidak nyaman, mbak, tidak sesuai dengan yang dikatakan bosmu, makanannya kurang enak banget, terus tempat wisata tujuannya yang bikin gelak: 
",0.9510417580604553
"Cukup gampang golek lokasi iki, mung ngikuti wae arah menyang tengah kota. Mengko ning kiwa dalan ketok parkiran mobil sing cukup akeh, nengkono panggonan kafe iki. Rasane kafe iki pancen arang sepi, pengunjunge akeh banget.","Cukup mudah mencari lokasi ini, tinggal mengikuti saja arah ke tengah kota. Nanti di kiri jalan terlihat parkiran mobil yang cukup banyak, disitulah tempat kafe ini. Rasanya kafe ini memang jarang sepi, banyak sekali pengunjung.","Cukup mudah untuk menemukan lokasi ini, cukup ikuti arah ke tengah kota. Kemudian di sebelah kiri jalan ada tempat parkir mobil yang cukup banyak, di situlah lokasi kafe ini. Rasanya kafe ini memang agak sepi, pengunjungnya banyak sekali. 
",0.9705752730369568
"Gela aku karo provider iki, nganti sebel, nesu, emosi, aku metu, gara gara, sinyal sing ora bener.","Kecewa saya dengan provider ini, sampai kesal, marah, emosi, saya keluar, gara gara, sinyal yang tidak benar.","Saya sudah muak dengan provider ini, sampai sebel, kesal, emosi, saya keluar, gara-gara sinyalnya tidak bagus. 
",0.9489220380783081
"Sarung bantal, seprei lan slimute uwis ora putih...terus temboke wes akeh lumut..","Sarung bantal, seprai dan selimutnya tidak lagi putih...trus dindingnya sudah banyak lumut..","Kasur bantal, seprai, dan selimut sudah tidak putih...terus tembok sudah banyak lumut.  
",0.9602030515670776
"Lan pas dheweke teka, saya rusak wae iki acara. Gilo banget aku karo dheweke, asli! Ngapuro yoo aku ora seneng banget karo dheweke","Dan ketika dia tiba, makin rusak saja ini acara. Jijik banget gue sama dia, asli! Maaf yaah gue enggak suka banget sama dia","Dan ketika dia datang, aku merusak acara ini. Sebenarnya aku tidak cocok dengan dia, sungguh!  Aku juga tidak terlalu senang dengan dia. 
",0.9130131006240845
"Dhewe ana acara mangan mbengi wektu kuwi, es krime ora dipisah karo espresso dadi ora isa nyampur sing cocok karo selerane awakedhewe. Salmon steake uga kurang seger, kulit salmone atos, ketoke suwi ing kulkas utawa freezer. Sanajan iku menu utama sing kudune enak.","Kami ada acara makan malam waktu itu, ice krimnya tidak dipisahkan dengan espresso jadi tidak bisa mencampur sesuai selera masing-masing. Salmon steaknya juga kurang segar, kulit salmonnya keras, keliatannya lama di kulkas atau freezer. Padahal itu menu utama yang seharusnya enak.","Saya punya acara makan malam waktu itu, es krim tidak dipisah dengan espresso jadi tidak bisa dicampur dengan selera saya. Steak salmon juga kurang segar, kulit salmon keras, mungkin sudah lama disimpan di kulkas atau freezer. Meskipun begitu menu utamanya enak. 
",0.9442816376686096
"Panggonane gampang ditemukake. Resik lan higienis, pelayanane apik, dhewe bisa diskusi babagan panganan kang kasadia. Asik.","Tempatnya mudah ditemukan. Bersih dan higienis, pelayanannya bagus, kita bisa diskusi tentang masakan yang tersedia. Asik.","Lokasinya mudah ditemukan. Bersih dan higienis, pelayanannya baik, dan kita bisa berdiskusi tentang makanan yang tersedia. Asyik. 
",0.9732769131660461
Buffet mangan mbengi paling top. Regane pas karo sing dientukake. Rasane enak piliane akeh. Regane kadang didiskon yen teko rombongan. Sukses terus ya.,Buffet makan malam paling top. Harga sesuai yang didapat. Rasanya enak pilihannya banyak. Harga kadang didiskon jika datang rombongan. Sukses selalu ya.,"Makan malam buffet paling enak. Rasanya pas dengan yang disajikan. Rasanya enak, pilihannya banyak.  Kadang harga di diskon kalau datang rombongan. Sukses terus ya. 
",0.9616342186927795
Panggon sing apik yen dinikmati wengi. Cukup nyaman. Ragane lumayan murah. Senenganku stik tenderloine. Cukup enak.,Tempat yang bagus kalau dinikmati malam hari. Cukup nyaman. Harga cukup terjangkau. Favorit saya steak tenderloinnya. Cukup enak.,"Tempat yang bagus untuk dinikmati di malam hari. Cukup nyaman. Harganya cukup murah. Saya senang dengan stik tenderloinenya. Cukup enak. 
",0.9617905020713806
"Njajal kanggo buka puasa ing kene. Kanggo rega sing kagolong larang ana ing antara hotel berbintang sakelasae, rasa sing ditawakake tenan nguciwakake. Pastane ora ana rasane, panganan liyane uga ora ana rasane. Beda tenan karo apa sing biasa ditawakake. Lan pelayanane uga kurang profesional pas ngelakoni pembayaran nganggo kartu kredit.","Mencoba untuk buka puasa di sini. Dengan harga yang tergolong mahal di antara hotel berbintang sekelasnya, rasa yang ditawarkan sangat mengecewakan. Pastanya hambar, makanan lain juga hambar. Sangat berbeda dengan apa yang biasa ditawarkan. Dan pelayanan juga kurang profesional pada saat melakukan pembayaran dengan mengunakan kartu kredit.","Cobalah buka puasa di sini. Untuk harga yang termasuk mahal ada di antara hotel bintang lima, rasanya yang ditawarkan benar-benar mengecewakan. Pastinya tidak ada rasanya, makanan lainnya juga tidak ada rasanya. Beda sekali dengan apa yang biasa ditawarkan. Dan pelayanannya juga kurang profesional saat melakukan pembayaran dengan kartu kredit. 
",0.9444178342819214
"Aku uga bingung loh, sing ndukung tokoh kuwi meh kabeh setipe bisane mung ngenyek-ngenyek, fitnah, tembung-tembung kasar, nyebarna isu ngapusi, ngutamakake emosi, akal sehate ora pernah dinggo.","Gue juga bingung loh, pendukung tokoh itu hampir semuanya setipe bisanya cuma maki-maki, fitnah, kata-kata kasar, menyebar isu bohong, mengutamakan emosi, akal sehat tidak pernah dipakai.","Aku juga bingung, loh. Yang mendukung tokoh itu kebanyakan hanya bisa ngejek-ngejek, fitnah, kata-kata kasar, menyebarkan isu bohong, memprioritaskan emosi, akal sehat tidak pernah digunakan. 
",0.9485965371131897
"Omah mangan nusa indah saiki gelakne ah. Reget, uwong ditokne wae ngrokok ning ruangan nggo ac, pangganan suwe tekane.","Rumah makan nusa indah sekarang mengecewakan ah. Kotor, orang didiamkan saja merokok di ruangan ber ac, makanan lama datangnya.","Rumah makan Nusa Indah sekarang ramai sekali ya. Sayang, orang ditok hanya boleh merokok di ruangan khusus, tempatnya sempit sekali. 
",0.8985398411750793
Nadia nggoleki hem kanggo adike ning uniqlo,Nadia mencari kemeja untuk adiknya di uniqlo,"Nadia mencari baju untuk adiknya di Uniqlo. 
",0.9408177137374878
"101 dalmatians: The series yaiku seri kartun tipi sing digawe karo disney television animation, kerjo bareng karo jumbo pictures.","101 dalmatians: The series adalah sebuah seri animasi televisi yang diproduksi oleh disney television animation, bekerja sama dengan jumbo pictures.","101 Dalmatians: The series adalah seri kartun animasi yang dibuat oleh Disney Television Animation, bekerja sama dengan Jumbo Pictures. 
",0.9346669316291809
Kantor kang nyambungake korsel - korut dibuka pekan iki,Kantor penghubung korsel - korut dibuka pekan ini,"Kantor yang menghubungkan Korsel-Korut dibuka pekan ini. 
",0.9129739999771118
Menehi berkah bareng sinde! Etukna 50 paket umroh saben tuku minimal rp 15.000 ning alfamart.,Berbagi berkah bersama sinde! Dapatkan 50 paket umroh setiap pembelian minimal rp 15.000 di alfamart.,"Berbagi berkah bersama teman! Dapatkan 50 paket umroh setiap pembelian minimal Rp 15.000 di Alfamart. 
",0.9601417183876038
"Tuku kaos, topi utawa jam tangan ning lapak monoton roomstore busa ditawa khusus nganggo aplikasi ning hape bosku.","Beli kaos, topi atau jam tangan di lapak monoton roomstore bisa diego khusus pakai aplikasi di hape boskuh.","Beli kaos, topi atau jam tangan di lapak monoton roomstore bisa ditawar khusus pakai aplikasi di hp kamu, bosku. 
",0.9672657251358032
"Aplikasi google maps akeh paedahe, aku puas nganggone!","Aplikasi google maps sangat bermanfaat, saya puas menggunakannya!","Aplikasi Google Maps banyak sekali, aku puas menggunakannya! 
",0.9517962336540222
"Kanggo malem minggu ing kene pasangan diwenehi panggonan sing ora kapenak, amarga pas uwong lewat ing kana panggonane dhewe obah-obah, luwih pase mirip kaya warung pinggir dalan. Ora sesuai karo rega panganane sing disajikake, kudune pasangan uga diwenehi panggonan sing apik uduk sembarang nerima tamu lan dideleh ing panggonan kaya kuwi.","Untuk malam minggu di sana pasangan diberi tempat yang tidak nyaman, karena saat orang lewat di sana tempat kami goyang-goyang, lebih tepatnya mirip seperti warung pinggir jalan. Tidak sesuai dengan harga makanan yang disajikan, seharusnya pasangan juga diberi tempat yang bagus bukan sembarang terima tamu dan taruh di tempat seperti itu.","Untuk malam minggu di tempat ini pasangan diberikan tempat yang tidak nyaman, karena saat orang lewat di dekat tempat mereka bergerak-gerak, lebih mirip seperti warung pinggir jalan. Tidak sesuai dengan harga makanan yang disajikan, karena pasangan juga diberikan tempat yang bagus duduk sembarang menerima tamu dan dideleh di tempat seperti itu. 
",0.9574213027954102
Menu panganan cukup rena-rena lan nggarai sir mesen kabeh. Mirah? Jelas ae!,Menu makanan cukup bervariasi dan bikin mau dipesan semuanya. Murah? Pastinya!,"Makanan cukup sederhana dan ngga perlu pesan semuanya. Mirah? Tentu saja! 
",0.9111400246620178
Bagikno sak akeh-akehe. Ben wong iki diproses. Kangen ndelok video njaluk sepiro karo nangis-nangis terus wadul nyang mbok e terus omong lak perlakuane kuwi ora sengaja.,Bagikan sebanyak-banyaknya. Biar ini orang diproses. Kangen melihat video minta maaf sambil nangis-nangis lalu ngadu ke emak lalu bilang kalau perlakuan itu tidak sengaja.,"Baiklah banyak-banyak. Ben orang ini sedang diproses. Kangen melihat video minta maaf dan menangis terus curhat ke ibu terus bilang perilakunya itu tidak disengaja. 
",0.9130756258964539
"Soto kudus iki anane ning pinggir dalan, kaping pisan arep mangan rada ora mantep uga sih. Amarga pengen ngerti rasa kudus yo dijajal sek. Ee saktenane uga enak lho, lan ana uga pilihan kanggo nyampurake, pokoke enak tenan. Regane murah pol deh. ","Soto kudus ini adanya di kaki lima, pertama kali mau makan agak ragu juga sih. Karena ingin tahu rasa kudus ya dicoba dulu. Ee ternyata enak juga lho, dan ada juga pilhan untuk mencampurnya, pokoknya enak sekali deh. Harganya murah meriah deh.","Soto kudus ini ada di pinggir jalan, pertama kali mau makan agak kurang enak juga sih. Karena pengen tahu rasa kudus ya dicoba sekalian. Eh ternyata juga enak lho, dan ada pilihan untuk penyajiannya juga, pokoknya enak banget. Harganya murah sekali deh.  
",0.959668755531311
Olahraga wengi isa dadi pilihan kanggo ngisi wektu lowong.,Olahraga di malam hari dapat menjadi pilihan untuk mengisi waktu luang.,"Olahraga malam bisa menjadi pilihan untuk mengisi waktu luang. 
",0.9821487069129944
Restoran seafood. Menu spesiale yuyu sing dipangan karo kulite. Kanggo aku kurang enak. Kulite isih rada atos. Pelayanane biasa-biasa bae.,Restoran seafood. Menu spesialnyanya kepiting yang dimakan dengan kulitnya. Untuk saya kurang enak. Kulitnya masih agak keras. Pelayanannya biasa-biasa saja.,"Restoran seafood. Menu spesialnya ikan teri yang dimakan dengan kulitnya. Menurutku kurang enak. Kulitnya masih agak keras. Pelayanannya biasa saja. 
",0.9728663563728333
"Enak lumayan, nanging regane larang amarga porsine luwih sithik. Ana pilihan infused kangen water sek cukup kanggo 4 uwong","Enak lumayan, tapi harganya mahal karena porsinya sedikit kecil. Ada pilihan infused kangen water yang cukup untuk 4 orang","Rasa lumayan enak, tapi harganya mahal karena porsinya sedikit. Ada pilihan infused water yang cukup untuk 4 orang. 
",0.9673312306404114
"Dinggo daerah banda aceh lan sekitare sik lancar, ora ana gangguan blas.","Untuk daerah banda aceh dan sekitarnya masih lancar, tidak ada gangguan sama sekali.","Di daerah Banda Aceh dan sekitarnya situasi lancar, tidak ada gangguan sama sekali. 
",0.9519883990287781
Emosi karo gojek sing kerep nyasar yen arep menyang omahku.,Emosi dengan gojek yang selalu nyasar kalau mau ke rumah saya.,"Emosi dengan ojek yang sering salah jalan kalau mau ke rumahku. 
",0.9595962166786194
"Kafe sing nyaman, enak lan murah kanthi desain kafe sing unik lan marakna krasan. Panganan enak lan kopi enak lan fasilitas wifi sing cepet lan tv kabel","Kafe yang nyaman, enak dan murah dengan desain kafe yang unik dan bikin betah. Makanan enak dan kopi enak serta fasilitas wifi yang cepat dan tv kabel","Kafe yang nyaman, enak, dan murah dengan desain kafe yang unik dan menarik. Makanan enak dan kopi enak serta fasilitas wifi yang cepat dan TV kabel. 
",0.9808050394058228
"Uwis sewulan luwih ora mangan indomie, sakpisane mangan langsung nggawe rong porsi indomie goreng jumbo.","Sudah sebulan lebih tidak makan indomie, sekalinya makan langsung bikin dua porsi indomie goreng jumbo.","Sudah sebulan lebih tidak makan indomie, sekarang langsung membuat dua porsi indomie goreng jumbo. 
",0.973910391330719
"Mangan sikil wedus bagian pupu sing empuk lan lumayan gedhi dinggo ukuran medium, pas dingge wong siji, mangan tanpa sega, karo es lemon tea. Seger kurange mung panggone kebul-kebul, wajar kan jenenge uga wedus bakar hehehe","Makan kaki kambing paha yang empuk dan lumayam besar untuk ukuran medium, pas untuk satu orang, makan tanpa nasi, dengan es lemon tea. Segar kekurangannya hanya tempatnya berasap, wajar kan namanyan jg kambing bakar hehehe","Makan kulit wedus bagian perut yang empuk dan cukup besar untuk ukuran sedang, cukup untuk satu orang, dimakan tanpa nasi, dengan es teh lemon. Segar sekali, hanya saja sedikit berlendir, wajar kan namanya juga wedus bakar hehehe.  
",0.9217455983161926
"Panggone lumayan unik, rasa panganane biasa, menu sing ditawakne uga biasa, mung panggone karo keunikane sing menarik, cara nyeluk pelayane nganggo nutuk kentongan,. Aku pas mrana wengi, diambah udan, udarane lumayan adem nyrusuk belung, sempet ngenteni kira-kira limolas menit ben iso entuk panggon, merga bek blok wektu iku. Disaranke lak sir mrana sore-sore.","Tempatnya cukup unik, rasa makanan standar, menu yang ditawarkan juga biasa, hanya saja yang menarik tempat dan keunikannya, cara memanggil pelayannya dengan memukul kentongan,. Aku pas ke sana pada malam hari, ditambah hujan, udaranya cukup dingin menusuk tulang, sempat menunggu kira-kira 15 menit untuk bisa dapat tempat, karena penuh blok pada saat itu. Disarankan kalau mau ke sana sore-sore.","Tempat ini cukup unik, rasanya biasa, menu yang ditawarkan juga biasa, hanya tempatnya dan keunikannya yang menarik, cara memesan dengan menggunakan kentongan. Aku datang malam hari, ditambah hujan, udaranya cukup sejuk nyenyak, sempat menunggu sekitar lima belas menit baru bisa mendapatkan tempat, karena sedang ramai di blok waktu itu. Disarankan datang sore-sore. 
",0.9406402707099915
"Ning pilkada 2018, polri dijaluk ningkatne pengamanan ning sekitar tps.","Dalam pilkada 2018, polri diminta meningkatkan pengamanan di sekitar tps.","Dalam pilkada 2018, polri diminta untuk meningkatkan pengamanan di sekitar TPS. 
",0.9733883738517761
"Ora bosen apa film indonesia sing main deknen terus, udu ngomong deknen ora apik, nanging yen pemaine kuwi kuwi bae uga bosen ndheloke.","Tidak bosan apa film indonesia yang main dia terus, bukan bilang dia tidak bagus, tetapi kalau pemain itu itu melulu jenuh juga melihatnya.","Tidak bosan apa film Indonesia yang main deket terus, uduh ngomong deket juga nggak bagus, tapi kalau pemainnya gitu juga ya bosan ndeloknya. 
",0.9131100177764893
Wingi Dian tuku kathok anyar liwat aplikasi Lazada,Kemarin Dian membeli celana baru lewat aplikasi Lazada,"Pagi ini Dian membeli tas baru melalui aplikasi Lazada. 
",0.9403953552246094
"Dhewe arep menyang lembang kanthi kahanan luwe. Pas ndhelok saung pengkolan iki dhewe langsung mandhek kanggo mangan. Dhewe milih lesehan ing tingkat 2 dadi entuk pemandangan sek apik. Pesenane dhewe yaiku cumi goreng glepung, gurame goreng krispi, oseng genjer lan rong menu tahu sek aku lali jenenge. Umume ora ana sek istimewa saka hidangan kuwi. Mbok menawa pilihanku. Lanjutane","Kami dalam perjalanan ke lembang dalam keadaan lapar. Saat melihat saung pengkolan ini kami langsung berhenti untuk makan. Kami memilih lesehan di lantai 2 sehingga mendapatkan pemandangan yang indah. Pesanan kami adalah cumi goreng tepung, gurame goreng crispy, tumis genjer dan dua menu tahu yang saya lupa namanya. Secara keseluruhan tidak ada yang istimewa dari hidangan tersebut. Mungkin pilihan saya. Lanjutan","Aku ingin makan di lembang dengan suasana yang tenang. Setelah melihat saung di pojok ini, aku langsung tertarik untuk makan di sini. Aku memilih lesehan di lantai dua agar bisa menikmati pemandangan yang indah. Pesananku adalah cumi goreng tepung, gurame goreng krispi, oseng genjer, dan dua menu tahu, aku lupa namanya. Secara umum, tidak ada yang istimewa dari hidangan tersebut. Mungkin saja pilihan ku. Lanjutannya... 
",0.9435501098632812
Entuk bonus tcahs 12.500 nanging ora isa dienggo kanggo tuku pulsa sing regane 10 ewu h aneh,Dapat bonus tcash 12.500 tapi tidak bisa dipakai buat beli pulsa yang seharga 10 ribu h aneh,"Mendapatkan bonus cashback 12.500 tapi tidak bisa digunakan untuk membeli pulsa yang harganya 10 ribu, aneh. 
",0.9365501999855042
"Kaping kapisan aku marang rana, meja-meja mulai tuwa lan uga menu panganan sing ora patio variatif. Nanging regane ora bisa diomong murah, amarga kudune kanthi rega-rega sakmono bisa entuk sing luwih apik. Utamane pas aku marang kamar mandi, reged tenan lan mambu ora enak:","Saat pertama ke sana, meja-meja mulai usang dan juga menu makanan yang tidak begitu bervariatif. Namun harganya tidak bisa dibilang murah, karena seharusnya dengan harga-harga segitu bisa dapat yang lebih baik. Terutama saat saya ke toilet, sangat kotor dan berbau tidak sedap:","Pertama kali aku datang ke sini, meja-mejanya sudah mulai tua dan menu makanan yang tidak bervariasi. Tapi harganya tidak bisa dikatakan murah, karena dengan harga yang sama bisa mendapatkan yang lebih baik. Apalagi saat aku ke kamar mandi, sangat kotor dan airnya tidak enak. 
",0.9415541291236877
"Ombean apa sih kok cara nggombene aneh, rasane uga aneh maneh","Minuman apa sih kok cara minumnya aneh, rasanya aneh juga lagi","Apa sih kok caranya aneh, rasanya juga aneh ya.  
",0.922152042388916
"Tanggal 12 february iku ulang taune pacarku, lan aku ngajak dee dinggo mangan nyang sawiji restoran sing terkenal ning surabaya. Aku pengen menehi kado ulang taun karo mangan sing enak ning kana. Nanging. Pas iku aku teka kira kira jam setengah 3. Panggon kebeg dadi awakdewe kudu ngenteni. Daftar tunggu pas kuwi sekitar 4 meja.","Tanggal 12 february adalah ulang tahun pacar saya, dan saya mengajak dia untuk makan di sebuah restaurant yang terkenal di surabaya. Saya ingin memberi kado ulang tahun dengan makan yang enak di sana. Tapi. Saat itu saya datang kira kira jam setengah 3. Tempat penuh sehingga kami harus menunggu. Daftar tunggu pada saat itu sekitar 4 meja.","12 Februari itu ulang tahun pacar saya, dan aku mengajak dia makan siang di restoran terkenal di Surabaya. Aku ingin memberikan kado ulang tahun dengan makan enak di sana. Tapi, saat itu aku datang sekitar pukul setengah tiga. Tempat itu penuh dan aku harus menunggu. Daftar tunggu saat itu sekitar 4 meja. 
",0.9552330374717712
"Ora seneng ndelok bocah sma saiki, yen nganggo jilbab rambute pada disengajakake metu, maksude apa?","Tidak suka melihat anak sma sekarang, kalau pakai jilbab rambutnya pada disengajakan keluar, maksudnya apa?","Tidak senang melihat anak zaman sekarang, kalau pakai jilbab rambutnya sengaja dibiarkan keluar, maksudnya apa? 
",0.9575987458229065
Calon-calon pemimpin negeri iki cukup kuwat nyiapake strategi kanggo kemenangane.,Calon-calon pemimpin negeri ini cukup kuat mempersiapkan strategi untuk kemenangannya.,"Calon-calon pemimpin negara ini cukup kuat menyiapkan strategi untuk kemenangannya. 
",0.9932382702827454
Adikku lagi ndhelok harry potter ing trans tv,Adik saya sedang menonton harry potter di trans tv,"Adikku lagi menonton Harry Potter di Trans TV. 
",0.8764722347259521
"Salah siji restoran paling tak senengi ning bandung. Panggonane nylepit, nanging isih kenek dijangkau. Menu panganane enak, sunda banget. Pemadangane ya apik, kahanane pancen nggarai mripat lan ilat kabeh puas. Bar mangan sampek wareg. maleh sir turu ning saunge.","Salah satu restoran favorit saya di bandung. Lokasinya terpencil, tetapi masih terjangkau. Menu makanannya enak, sunda sekali. Pemandangannya indah, suasananya memang membuat mata dan lidah semua terpuaskan. Selesai makan sampai kenyang, jadi ingin tidur di saungnya.","Salah satu restoran paling tidak menyenangkan di Bandung. Lokasinya tersembunyi, tapi masih bisa dijangkau. Menu makanannya enak, sangat Sunda. Pelayanannya juga bagus, suasana tempatnya memang menggugah selera dan semua puas. Sampai makan sampai kenyang. Malah sampai tidur di sana. 
",0.9285932779312134
Endi taring kpk? Kasus ecek-ecek puluan yuta kowe cekel senajan nganti ing bolongan semut! Waras kowe kpk?,Mana taring kpk? Kasus ecek-ecek puluhan juta kamu tangkap sampai ke lubang semut sekalipun! Waraskah anda kpk?,"Endi taring KPK? Kasus ecek-ecek puluhan juta kamu cegah saja sampai ke lubang semut! Waras kamu KPK? 
",0.9307101964950562
"Menu ning panggen iki asline sederhana banget nanging sing nduwe kreatif. Sajian mie, roti lan panganan penutupe di campur karo rena-rena pilihan. Panggone asik dingge nglumpuk karo kanca-kanca. Dingge regane ora tek larang sumbut karo rasane.","Menu di tempat ini sebetulnya sederhana banget tapi pemiliknya kreatif. Sajian mie, roti dan makanan penutupnya di mix sama berbagai pilihan. Tempatnya asik buat berkumpul dengan teman-teman. Untuk harganya tidak terlalu mahal sesuai sama rasanya.","Menu di tempat ini memang sederhana tapi untuk yang kreatif. Sajian mie, roti, dan makanan pendamping dicampur dengan berbagai pilihan rasa. Tempat ini asyik untuk berkumpul dengan teman-teman. Harganya juga tidak terlalu mahal dan rasanya enak. 
",0.948740541934967
"Restoran kanthi metode penyajian bedha. Piring panggonan mangan diganti karo godhong gedhang. Menu panganan khas sunda kanthi citarasa sing enak. Saka segi rega cukup kakancan, panggonan mangan amba lan akeh pilian meja, parkir cukup amba.","Restoran dengan metode penyajian berbeda. Piring tempat makan diganti dengan lembaran daun pisang. Menu makanan khas sunda dengan citarasa yang enak. Dari segi harga cukup bersahabat, tempat makan luas dan banyak pilihan meja, parkir cukup luas.","Restoran dengan metode penyajian berbeda. Piring makan diganti dengan daun pisang. Menu makanan khas Sunda dengan cita rasa yang enak. Dari segi harga cukup terjangkau, tempat makan luas dan banyak pilihan meja, parkir juga cukup luas. 
",0.9759427309036255
"Restoran alas daun nyajikake menu khas sunda sek ora beda adoh karo restoran khas sunda liyane, nanging sek nggawe beda yaiku ora nganggo piring lan mung diwenehi godhong gedhang sek diselehake ing meja sek ngganteni piring. Dadi kaya uwong ing India sek mangan didhasarkae godhong gedhang.","Restoran alas daun menyajikan menu khas sunda yang tidak jauh berbeda dengan restoran khas sunda lainnya, tapi yang membuatnya berbeda adalah tanpa piring, dan hanya diberi daun pisang yang diletakkan di meja sebagai pengganti piring. Jadi mirip orang di india yang makan beralaskan daun pisang.","Restoran alas daun menyajikan menu khas Sunda yang tidak berbeda jauh dengan restoran Sunda lainnya, tetapi yang membedakannya adalah tidak menggunakan piring dan hanya diberikan daun pisang yang diletakkan di atas meja sebagai pengganti piring. Jadi seperti orang di India yang makan didasari daun pisang. 
",0.9580279588699341
Rasa sotone miturutku pedes nanging gurih. Ngombe sirup markisa sing seger karo es liline sing enak.,Rasa sotonya menurut saya pedas tapi gurih. Minum sirup markisa yang segar sama es lilinnya yang enak.,"Rasanya menurutku pedas tapi gurih. Minum sirup markisa yang segar dengan es lilin yang enak. 
",0.9764420986175537
"Aku mara ning restoran iki kanggo mangan wengi bareng rencang. Aku mesen stik pithik sing sebenere aku lali jenenge. Rasane biasa banget wae, anyep. Pithike kandhel lan krasa atos lan garing banget. Ora ana sing istimewa.","Saya mengunjungi restoran ini untuk makan malam bersama teman. Saya memesan steak ayam yang sebenarnya saya lupa namanaya. Rasanya sangat biasa saja, hambar. Ayamnya tebal dan terasa keras dan kering sekali. Tidak ada yang istimewa.","Saya pergi ke restoran ini untuk makan malam bersama teman. Saya memesan sate ayam yang sebenarnya saya lupa namanya. Rasanya biasa saja, tidak istimewa. Ayamnya keras dan rasanya hambar dan kering. Tidak ada yang istimewa. 
",0.9658654928207397
Dhewe kan saling sengit siji liyane kawit 4 taun kepungkur.,Kita kan saling membenci satu sama lain sejak 4 tahun yang lalu.,"Mereka saling bersaing satu sama lain sejak 4 tahun yang lalu. 
",0.9575250744819641
Bapak biasane nganggo semir sepatu kiwi,Ayah biasanya memakai semir sepatu kiwi,"Bapak biasanya memakai semir sepatu kiwi. 
",0.9556031823158264
Richeese factory yaiku restoran waralaba sing nyajikake pithik kanthi rasa pedes kanthi macem-macem level. Cocok tenan kanggo kowe sing tresna rasa pedes.,Richeese factory adalah restaurat waralaba yang menyajikan ayam dengan rasa pedas dengan berbagai level. Sangat cocok untuk anda pecinta rasa pedas.,"Richeese Factory adalah restoran franchise yang menyajikan pizza dengan rasa pedas dengan berbagai level. Cocok sekali untuk kamu yang menyukai rasa pedas. 
",0.9455804228782654
"Pas rapat ning hotel sensa, aku pesen batagor riri nganggo aplikasi gofood / gojek. Pesenan teka ora suwe merga tibake paket batagor lan siomay wes di-pak ning plastik vakum. Rega sing enek ning aplikasi gojek / gojek urung termasuk pajek segedhe 10%.","Saat rapat di hotel sensa, saya memesan batagor riri menggunakan aplikasi gofood / gojek. Pesanan tiba dalam waktu tidak lama karena ternyata paket batagor dan siomay sudah di-pack dalam plastik vakum. Harga yang tertera dalam aplikasi gojek / gojek belum termasuk pajak sebesar 10%.","Saat rapat di hotel Sensa, aku memesan batagor riri lewat aplikasi GoFood/Gojek. Pesanannya tidak lama sampai, paket batagor dan siomay sudah dikemas dalam plastik vakum.  Sayangnya, harga yang tertera di aplikasi Gojek/Gojek tidak termasuk pajak sebesar 10%. 
",0.9602459073066711
Aku moro ing restoran iki ora pas jam mangan awan. Nanging restorane lumayan rame lan untunge awakdewe isa ndang entuk panggonan lungguh. Lebar lungguh panganan lan ombenane langsung disajikake. Sambel ijone kurang karasa pedes kanggo awakdewe. Panganane enak cukup puas mangan ing kene.,Saya mengunjungi restoran ini bukan saat jam makan siang. Tapi restorannya cukup ramai dan untungnya kami bisa cepat dapat duduk. Begitu duduk makanan dan minuman langsung dihidangkan. Sambal hijaunya kurang terasa pedas buat kami. Makanan enak cukup puas makan di sini.,"Saya makan di restoran ini tidak tepat waktu makan siang. Namun restoran ini cukup ramai dan untungnya saya bisa mendapatkan tempat duduk. Tempat duduknya lebar, makanan dan minumannya langsung disajikan. Sambalnya kurang terasa pedas untuk saya. Makanannya enak, cukup puas makan di sini. 
",0.9613502025604248
"Gampang cemburu ndelok dee guyonan karo wedokan, nanging awakdewe uduk sopo-sopone","Suka cemburu melihat doi bercanda sama cewek, tetapi kita bukan siapa-siapanya","Mudah cemburu melihat orang lain yang sedang bermesraan, tetapi diri sendiri yang harusnya bijaksana. 
",0.8892648816108704
Pungkasane aku mangan pesen lewat pesen kirim. Anakku seneng tenan gedel isi iwake. Restoran jaman mbien sing terkenal tenan. Regane sing cukup kajangkau kantong sak lan rasa panganane sing cukup enak.,Terakhir saya makan pesan via delivery order. Anak saya sangat suka perkedel isi daging -nya. Restoran zaman dahulu yang sangat terkenal. Harga yang cukup terjangkau kantong dan rasa masakan yang cukup enak.,"Pada akhirnya aku memesan makanan lewat pesan kirim. Anakku sangat senang dengan isi pesan tersebut. Restoran zaman dulu yang terkenal sekali. Harganya cukup terjangkau kantong dan rasanya cukup enak. 
",0.936072826385498
Parkiran angel bnaget sampek muter ping 3. Saran: Parkir ning cedek hotel ae terus mlaku. Restoran ning area perumahan.,Parkiran susah bener sampai berputar 3x. Saran: Parkir di dekat hotel saja terus jalan kaki. Restoran di area perumahan.,"Parkirannya penuh banget sampai harus muter tiga kali. Saran: Parkir di dekat hotel saja terus jalan kaki. Restoran ada di area perumahan. 
",0.9544026255607605
"Aku gumun karo telkomsel, kuotane akeh kok nanging cepet banget enteke, padahal ora akeh mbukak aplikasi abot. Nyurigakake","Suka heran sama telkomsel, kuotanya banyak kok tapi cepat banget abisnya, padahal tidak banyak buka aplikasi berat. Mencurigakan","Aku bingung dengan Telkomsel, kuotaku banyak kok tapi cepat banget habisnya, padahal tidak banyak membuka aplikasi.  Kurasakannya. 
",0.9309386014938354
Bocah saiki lagek gerang wis wani nyolong,Anak sekarang baru gede sudah berani mencuri,"Anak sekarang ini sudah berani mencuri.  
",0.9155651926994324
"Nduwe kesempatan nikmati santap isuk merga lagi nginep ning hotel iki. Minangka pengunjung anyar kaya aku lan paling sing liyane isa ae bakal antusias merga suwasana santap isuk sing diwernani karo pemandangan saka sisih wetan, merga saka sisih kuwi ana kaendahan bangunan hotel sepisan kolam renange. Liyane kuwi uga ana barisan bukit lan nggunung bakal nambah pengenan dingge foto-foto.","Berkesempatan menikmati santap pagi karena sedang menginap di hotel ini. Sebagai pengunjung baru seperti saya dan mungkin yang lainnya barangkali akan antusias terhadap suasana santap pagi yang diwarnai dengan pemandangan dari sisi timur, karena dari sisi tersebut terdapat keindahan bangunan hotel berikut kolam renangnya. Selain itu juga terdapat barisan bukit dan pegunungan akan menambah keinginan untuk berfoto ria.","Memiliki kesempatan menikmati makan malam bersama keluarga sambil menginap di hotel ini. Sebagai pengunjung baru seperti saya dan yang lainnya pasti akan antusias karena suasana makan malam yang dihiasi pemandangan dari sisi timur, karena dari sisi itu ada keindahan bangunan hotel, sepi dengan kolam renang. Selain itu juga ada barisan bukit dan gunung yang akan menambah kenangan indah foto-foto. 
",0.9446529746055603
"Telekomunikasi ora mung kanggo kutha gedhe, nanging uga nganthi marang daerah pelosok lan perbatasan negara cc: Telkomsel","Telekomunikasi bukan hanya untuk kota besar, tapi juga sampai ke daerah pelosok dan perbatasan negara cc: Telkomsel","Telekomunikasi tidak hanya untuk kota besar, tetapi juga menjangkau daerah terpencil dan perbatasan negara cc: Telkomsel 
",0.9689261317253113
Apike wektu turu paling sithik iku limang jam.,Sebaiknya jam tidur minimal lima jam.,"Waktu tidur paling sedikit itu lima jam. 
",0.9108534455299377
"Aku bareng kanca kerja sengaja nyoba mangan awan ning kene, kanggo panggonan kagolong cukup kapenak yen ning lantai dhuwur. Rasa pithik bakar ning kene tenan dak rekomendasikake karo sambel pelem.","Saya bersama rekan kerja sengaja mencoba makan siang di sini, untuk tempat terbilang cukup nyaman jika di lantai atas. Rasa ayam bakar di sini sangat saya rekomendasikan bersama sambal mangga.","Saya bersama teman kerja sengaja mencoba makan di tempat ini, karena lokasinya cukup nyaman jika di lantai atas. Rasa sate bakar di sini memang tidak direkomendasikan dengan sambal pelem. 
",0.9458425641059875
Aku gela karo pelayanane. Siktasan aku pesen grabfood pesenen ora diterna nanging wis dimarekne. Tulung gae selektif milih tukang nyambut gawe.,Saya kecewa dengan pelayanannya. Barusan saya pesan grabfood pesanan tidak diantar tapi sudah diselesaikan. Mohon untuk selektif memilih pekerja.,"Saya kecewa dengan pelayanannya. Saya memesan GrabFood tapi pesanannya tidak diterima, padahal sudah dibayar. Tolong lebih selektif memilih pekerja. 
",0.9484061002731323
"Wis ilang handphone xiaomi redmi note 5 werna gold 64 / 4 ning daerah duri kidul, jembatan lima, tambora, jakarta barat.","Telah hilang handphone xiaomi redmi note 5 warna gold 64 / 4 di daerah duri selatan, jembatan lima, tambora, jakarta barat.","Ponsel Xiaomi Redmi Note 5 warna gold 64/4 hilang di daerah Duri Selatan, Jembatan Lima, Tambora, Jakarta Barat. 
",0.9191498756408691
Aku ora kuciwa karo produke apple,Saya tidak kecewa dengan produk apple,"Aku tidak kecewa dengan produk Apple. 
",0.9556726813316345
"Youtube saben dina saya akeh iklane, njengelake!","Youtube semakin hari semakin banyak iklannya, menyebalkan!","YouTube setiap hari saya banyak iklannya, menjengkelkan! 
",0.9294790625572205
"Iku indomie karo mangkoke wis wira-wiri, kepisah sisan isi lan adahe.","Itu indomie sama mangkoknya sudah berkeliaran, terpisah pula isi sama wadahnya.","Itu indomie dengan mangkok sudah berkeliaran, terpisah sisanya isi dan adaahnya. 
",0.9352872371673584
Dhewe marang kafe iki kanggo mangan serabi. Serabine kanggo dhewe kandel banget ing bagian tengah. Akeh tenan piliah topping serabine nganti mumet milihe. Ternyata regane luwih larang saka warung setiabudi. Kuciwa.,Kami ke kafe ini untuk makan serabi. Serabinya bagi kami terlalu tebal di bagian tengah. Banyak sekali pilihan topping serabi sampai pusing memilihnya. Ternyata harganya lebih mahal dari warung setiabudi. Kecewa.,"Aku ke kafe ini untuk makan serabi. Serabinya yang untukku kandel banget di bagian tengahnya. Banyak sekali pilihan topping serabinya sampai bingung milih. Ternyata harganya lebih mahal dari warung setiabudi. Kecewa. 
",0.9685657024383545
"Bistik murah, cocok kanggo sing anggarane cilik nanging pingin mangan murah lan wareg, kajaba bistik uga panganan liyane enak lan murah. Susanane lumayan rame, umume akeh kaluwarga utawa bocah sekolahan.","Steak murah, cocok untuk yang budgetnya kecil tapi ingin makanan murah dan kenyang, selain steak juga makanan lainnya enak dan murah. Suasananya lumayan ramai, biasanya banyak keluarga atau anak sekolahan.","Bistik murah, cocok untuk yang anggarannya kecil tapi ingin makan murah dan enak, selain bistik juga ada makanan lain yang enak dan murah. Suasana lumayan ramai, biasanya banyak keluarga atau anak sekolah.  
",0.9665953516960144
"Pertemuan antarane pihak bank bri, bpbat sungai gelam - jambi, lan pokdakan sek ana ing desa pudak. Kanggo ngrembug bentuk panyaluran dana csr saka bank bri","Pertemuan antara pihak bank bri, bpbat sungai gelam - jambi, dan pokdakan yang ada di desa pudak. Untuk mendiskusikan bentuk penyaluran dana csr dari bank bri","Pertemuan antara pihak bank BRI, BPBAT Sungai Gelam - Jambi, dan Pokdakan Sek Ana di Desa Pudak. Untuk membahas bentuk penyaluran dana CSR dari Bank BRI. 
",0.9399630427360535
"Panggonan iki menarik tenan, pemandangan apik, ana arena dolanan ing njaba kanggo sakulawarga. Tenan disaranake kanggo kaluwarga sing ndhuwe bocah cilik. Panganan halal lan menu rena-rena.","Tempat ini sangat menarik, pemandangan bagus, ada arena bermain di luar untuk sekeluarga. Sangat disarankan untuk keluarga dengan anak kecil. Makanan halal dan menu bervariasi.","Tempat ini sangat menarik, pemandangannya bagus, ada area bermain di luar untuk keluarga. Sangat direkomendasikan untuk keluarga yang memiliki anak kecil. Makanan halal dan menunya beragam. 
",0.9684786200523376
"Hotel arep check-in wae ruwet. Nunggu amarga ngresiki kamar suwe banget, gela lah. Iki pisanane aku mrana. Terus langsung diwenehi kesan pisanan sing ora apik.","Hotel mau  check-in aja ribet. Menunggu karena membersihkan kamar lama banget, kecewa dah. Ini pertama kalinya gue ke sana. Terus langsung dikasih first impression yang tidak bagus.","Hotel mau check-in saja ribet. Nunggu karena mengurus kamar lama sekali, sudahlah. Ini saja yang membuatku marah. Lalu langsung diberikan kesan pertama yang tidak baik. 
",0.9367451071739197
"Amarga kartu oktrip wektu iki yaiku saka bni, mulakna isi ulang isa dilakokake ing mitra-mitra sing kerja sama karo bni.","Karena kartu oktrip saat ini adalah dari bni, maka isi ulang bisa dilakukan di mitra-mitra yang bekerjasama dengan bni.","Karena kartu oktotrip saat ini berasal dari BNI, pengisian ulang dapat dilakukan di mitra-mitra yang bekerja sama dengan BNI. 
",0.9552530646324158
Ngge kabeh seh apik. Karyawane yo grapyak grapyak. Lan pemandangane apik. Nanging panganane kelarangen. Larang banget malah. Dompet kudu kandel.,Secara keseluruhannya sih bagus. Karyawanya juga ramah ramah. Dan pemandangannya bagus. Tapi makanannya terlalu mahal. Mahal banget malah. Dompet harus tebal.,"Semua bagus. Karyawannya juga ramah. Dan pemandangannya bagus. Tapi makanannya kurang enak. Bahkan sangat kurang. Dompet harus bolong. 
",0.9463444948196411
"Mangan karo kaluwarga bakal luwih nyenengake kanthi kabeh fasilitas sing ana. Lokasine sing apik, panganane sing cukup enak kanthi aneka werna pilian. Lan pemandangan lan suwasana dadi andalan","Makan bersama keluarga akan lebih menyenangkan dengan semua fasilitas yang ada. Lokasi yang bagus, makanan yang cukup enak dengan beragam pilihan. Dan pemandangan serta suasana jadi andalan","Makan bersama keluarga akan lebih menyenangkan dengan segala fasilitas yang tersedia. Lokasinya yang bagus, makanannya yang cukup enak dengan berbagai pilihan. Dan pemandangan dan suasana menjadi andalan. 
",0.9770281314849854
"Sega goreng mafia sing manggon ning dalan setiabudi awakdewe pilih merga pingin golek panganan sing cepet. Ditambah yaiku salah siji kuliner sing wajib diparani ning bandung. Aku milih sega goreng sing favorit ning kene yaiku sega goreng bandit sing tingkat pedese ning level 3. Panganan sing disajikne cukup cepet, nanging sayange sega goreng sing tak pesen segane atos, bumbon rempahe ketutupan.","Nasi goreng mafia yang terletak di jalan setiabudi kami pilih karena ingin mencari makanan yang cepat. Ditambah merupakan salah satu kuliner yang wajib dikunjungi di bandung. Saya memilih nasi goreng yang favorit di sini yaitu nasi goreng bandit hingga tingkat kepedasan di level 3. Makanan yang disajikan cukup cepat, namun sayangnya nasi goreng yang saya pesan nasinya keras, bumbu rempahnya tertutupi.","Nasi goreng mafia yang berada di Jalan Setiabudi, aku memilihnya karena ingin mencari makanan yang cepat. Selain itu, nasi goreng juga merupakan salah satu kuliner wajib dicoba di Bandung. Nasi goreng favoritku di sini adalah nasi goreng bandit dengan tingkat kepedasan level 3. Makanan yang disajikan cukup cepat, tetapi sayang nasi goreng yang aku pesan agak keras, bumbunya kurang meresap. 


",0.9520105123519897
Iki yaiku sop stengkel paling enak ning aceh tamiang.,Ini adalah sop stengkel terenak di aceh tamiang.,"Ini adalah sop stengkel paling enak di Aceh Tamiang. 
",0.9469859004020691
Kanggo kakang admin tulung doooooonk bales pesen langsungku,Untuk kakak admin tolong doooooonk balas pesan langsung saya,"Untuk kakak admin tolong dibalas pesan langsungku 
",0.9021551609039307
"Pemandangan sing utama ing sky lounge grandia iki memang isa ngeculake keselmu. Malah isa dadi, para pelancong nggolek area iki ndhisik, dibandingake ngaso ing kamar.","Pemandangan yang utama di sky lounge grandia ini memang dapat melepas penat anda. Bahkan bisa jadi, para pelancong mencari area ini terlebih dahulu, dibandingkan beristirahat di kamar.","Pemandangan utama di sky lounge Grandia ini memang bisa menenangkan hatimu. Bahkan bisa jadi, para pelancong lebih memilih area ini daripada bersantai di kamar. 
",0.9448189735412598
"Dhewe teka panggonan iki amarga lokasine sing cedhak karo panggonan dhewe nginep. Dhewe mesen sega bakar lan pasta. Sega bakare enak, akeh pilian, lan ora pedes, isa kanggo bocah-bocah. Dene pasta mung ana sak macem, nanging rasane uga enak. Rega panganan uga ora larang lan kajangkau kanggo panganan ing ngisor 30 ewu. Ing panggonan iki uga gratis wifi.","Kami mengunjungi tempat ini karena lokasinya yang berdekatan dengan tempat kami menginap. Kami memesan nasi bakar dan pasta. Nasi bakarnya enak, banyak pilihan, dan tidak pedas, bisa untuk anak-anak. Sedang pasta hanya ada satu macam, namun rasanya pun enak. Harga makanan pun tidak mahal dan terjangkau untuk makanan di bawah 30 ribu. Di tempat ini juga gratis wifi.","Saya datang ke tempat ini karena lokasinya dekat dengan tempat tinggal saya. Saya memesan nasi bakar dan pasta. Nasi bakarnya enak, banyak pilihan, dan tidak pedas, cocok untuk anak-anak. Sedangkan pasta hanya ada satu macam, tetapi rasanya juga enak. Harga makanan juga tidak mahal dan terjangkau untuk makanan di bawah 30 ribu. Di tempat ini juga ada wifi gratis. 
",0.9830095767974854
"Kanggo ngenthukne pemandangan sing apik kanthi cahyo lampu warna-warni, apike teka ing wayah wengi. Amarga nduweni latar mburi pemandangan jembatan Pasupati sing dadi simbol kota.","Untuk mendapatkan pemandangan yang bagus dengan cahaya lampu warna-warni, sebaiknya berkunjung pada malam hari. Karena memiliki latar belakang pemandangan jembatan Pasupati yang merupakan simbol kota.","Untuk menikmati pemandangan yang indah dengan cahaya lampu warna-warni, sebaiknya datanglah di malam hari. Karena memiliki latar belakang pemandangan jembatan Pasupati yang menjadi simbol kota. 
",0.9852530360221863
"Aku teka ning resto sapulidi iki merga ana rekomendasi saka internet sing tau tak waca lak pemandangan sing apik banget lan panggon mangan pas ning sawah sing nggarai aku sir teka nyang panggon iki. Nanging pas aku teka kabeh ganti dadi elek, mulai panggon parkir sing isa diarani enek, dalan akses amoh lan panggon akses sing cilik.","Saya datang ke resto sapulidi ini karena rekomendasi dari internet yang pernah saya baca bahwa pemandangan yang sangat bagus dan tempat makan tepat di sawah yang membuat saya tertarik untuk datang ke tempat ini. Namun ketika saya sampai semua hal berubah menjadi buruk, mulai dari tempat parkir yang bisa dikatakan tersedia, jalan akses rusak dan kecilnya tempat akses.","Saya datang ke restoran ini karena ada rekomendasi dari internet yang katanya pemandangannya bagus banget dan tempat makannya berada di sawah yang menghadap aku jadi penasaran ingin datang ke tempat ini. Tapi ketika saya datang semuanya berubah jadi buruk, mulai dari tempat parkir yang bisa dibilang sempit, jalan akses yang sempit dan tempat akses yang kecil. 
",0.942274808883667
"Amarga ngelih, aku pesen indomie.","Karena lapar, saya pesan indomie.","Karena lapar, aku memesan indomie. 
",0.9854316711425781
"Sate wedhus lan gule wedhuse maknyus, penyajian panganane uga cepet tenan. Panggonane cukup resik","Sate kambing dan gulai kambingnya maknyus, penyajian makanannya juga sangat cepat. Tempatnya cukup bersih","Sate kambing dan gule kambingnya enak, penyajiannya juga cepat sekali. Tempatnya cukup bersih. 
",0.9587222933769226
"Sup guramene enak, pelayanane cepet, grapyak. Restoran resik. Amarga porsi sega sithik tenan, kanggo sing doyan mangan mesthi nambah.","Sup guramenya enak, pelayanan cepat, ramah. Restoran bersih. Karena porsi nasi sangat sedikit, buat yang doyan makan pasti menambah.","Supnya enak, pelayannya cepat, enak. Restoran bersih. Karena porsi makannya sedikit sekali, untuk yang suka makan pasti tambah.  
",0.9565944075584412
"Restorane ana pemandangan curuge, panggonan mangan kaya saung. Saunge ana akeh saka ngisor munggah nganthi ing ndhuwur, saya munggah saya katon pemandangan curuge.","Restorannya ada pemandangan air terjunnya, tempat makan berupa saung. Saungnya ada banyak dari bawah naik hingga ke atas, semakin ke atas semakin terlihat pemandangan air terjunnya.","Restoran ini memiliki pemandangan air terjun, tempat makan seperti saung. Saungnya banyak dari bawah ke atas, saya naik saya melihat pemandangan air terjun. 
",0.9517683982849121
"Pelayane grapyak. Nggarai terus pingin teka maneh. Kebeneran uga kerep nginep ning kene, hotele resik lan pemandangane saka kamar hotel apik.","Pelayannya ramah. Bikin selalu ingin datang kembali. Kebetulan juga sering menginap di sini, hotelnya bersih dan pemandangan dari kamar hotel bagus.","Perjalanan menyenangkan.  Saya terus ingin kembali lagi.  Memang sering menginap di sini, hotelnya bersih dan pemandangannya dari kamar hotel bagus. 
",0.9428620338439941
"Mangan mbengi karo kabeh kaluwarga ing dina ulang taun bojo ndhuweni kesan tenan kanthi suasana sing narik ati ing hotel. Pelayanan sing grapyak tenan saka mas tian. Ora kudu ngenteni suwi, panganan lan ombean sing dipesen.","Makan malam bersama seluruh keluarga di hari ulang tahun suami menjadi sangat berkesan dengan suasana yang menawan di hotel. Pelayanan yang sangat ramah dari mas tian. Tidak perlu menunggu lama, makanan dan minuman yang dipesan.","Makan malam bersama seluruh keluarga di hari ulang tahun istri mendapatkan kesan yang nyata dengan suasana yang menarik hati di hotel. Pelayanan yang sangat ramah dari Mas Tian. Tidak perlu menunggu lama, makanan dan minuman yang dipesan.  
",0.9753732085227966
"Obong terus pak, suwek-suwek wae persatuan lan kesatuan Indonesia nganggo retorika mu.","Bakar terus pak, cabik-cabik saja persatuan dan kesatuan Indonesia dengan retorika mu.","Tetaplah berpegang pada kebenaran, Pak, jangan hanya berbasa-basi tentang persatuan dan kesatuan Indonesia dengan retorika Anda. 
",0.9065811038017273
"Manggon ana ing pinggiran bukit, panggonane amba, nyenengake lan nyaman. Nduwe pemandangan sek nyenengake mripat, kaya gunung, kebon, lan kutha bandung nalika didhelok saka ndhuwur. Pegawaine cekatan lan grapyak. Menu panganane akehe menu steak sanajan uga ana menu sega goreng, gurame, lan liya-liyane. Restoran sing direkomendasikake kanggo diparani nalika teka ing bandung.","Terletak di tepi bukit, tempatnya luas, menyenangkan dan nyaman. Memiliki pemandangan yang memanjakan mata, seperti gunung, perkebunan, dan kota bandung jika dilihat dari atas. Pegawainya cekatan dan ramah. Menu makanan di dominasi oleh menu steak walaupun ada juga menu nasi goreng, gurame, dll. Restoran yang direkomendasikan untuk dikunjungi ketika datang ke bandung.","Ada sebuah restoran di pinggiran bukit, tempatnya luas, nyaman dan tenang. Memiliki pemandangan yang menenangkan mata, seperti gunung, kebun, dan kota Bandung ketika dilihat dari atas. Pelayanannya cepat dan ramah. Menu makanannya beragam, banyak menu steak, tetapi juga ada menu nasi goreng, gurame, dan lainnya. Restoran yang direkomendasikan untuk dikunjungi saat berada di Bandung. 
",0.9567334055900574
Bca lagi ngadakake acara ulang tahun lan ngundang kabeh karyawane kanggo melu acara kuwi.,Bca sedang mengadakan acara ulang tahun dan mengundang seluruh karyawannya untuk mengikuti acara tersebut.,"Baca lagi mengadakan acara ulang tahun dan mengundang semua karyawan untuk menghadiri acara tersebut. 
",0.9502690434455872
"Kawit mbukak cendana bistro aku wis njajal panganan, dinggo aku kurang cocok, panganane biasa-biasa ora ana sing spesial.","Sejak buka cendana bistro saya sudah coba makanan, untuk saya kurang cocok, makanannya biasa-biasa tidak ada yang spesial.","Saya sudah mencoba makanan di bistro cendana, tapi kurang cocok, rasanya biasa saja tidak ada yang spesial. 
",0.9482109546661377
Minimal biaya transaksi wulan 11 sing kudune dibalekake wulan 12 wingi ora mlebu ing rekeningku kie.,Minimal biaya transaksi bulan 11 yang harusnya direfund bulan 12 kemarin tidak masuk ke rekening saya nih.,"Biaya transaksi minimal bulan 11 yang seharusnya masuk ke rekeningku bulan ini belum masuk. 
",0.9369003176689148
"Sakwise kalap blanja, dhewe mutusake kanggo mangan ing warung tenda pinggir dalan. Ana ing lelungan marang hotel, dhewe lewat dalan cilik kanggo nyingkir saka macet, lan ketemu warteg iki. Pas teka rame banget! Dhewe kudu antri sediluk. Dhewe pesen sega uduk, pithik bakar madu, usus, kubis goreng. Rasane enak! Pithik bakar madune parah nggawe kemaningan banget!","Setelah kalap belanja, kami memutuskan untuk makan di warung tenda pinggir jalan. Dalam perjalanan pulang ke hotel, kita lewat jalan kecil untuk menghindari macet, dan bertemu warteg ini. Pas datang ramai banget! Kita mesti antre sebentar. Kami pesan nasi uduk, ayam bakar madu, usus, kol goreng. Rasanya enak! Ayam bakar madunya parah bikin ketagihan banget!","Saat itu sedang lapar, dia memutuskan untuk makan di warung tenda pinggir jalan. Saat dalam perjalanan menuju hotel, dia melewati jalan kecil untuk menghindari kemacetan, dan menemukan warteg ini. Saat tiba, tempatnya sangat ramai! Dia harus antri cukup lama. Dia memesan nasi uduk, ayam bakar madu, usus, dan kubis goreng. Rasanya enak! Ayam bakar madunya luar biasa, bikin nagih banget! 
",0.945436954498291
Beritane sing ora berkualitas lan ora ndidik pol. Kebeg kepentingan lan golek rai.,Pemberitaanya yang tidak berkualitas dan sangat tidak mendidik. Penuh kepentingan dan pencitraan,"Berita yang tidak berkualitas dan tidak mendidik sekali. Hanya mengedepankan kepentingan dan mencari keuntungan. 
",0.9087539315223694
Bakul alon nanggepi. Ana masalah suwe diurus. Nganti saiki barang urung diganti,Penjual lambat menanggapi. Ada kendala lama diurus. Sampai sekarang barang belum diganti,"Pedagang berjalan lambat. Ada masalah yang sudah lama diurus. Sampai sekarang barang belum diganti. 
",0.9459857940673828
Aja lewatke diskon langsung nganti Rp 10 yuta ning kene!,Jangan lewatkan diskon langsung hingga Rp 10 juta di sini!,"Jangan lewatkan diskon langsung hingga Rp 10 juta di sini! 
",1.0
Pt kami lan 12 bank wis tapak asma pembiayaan lrt jabodetabek,Pt kami dan 12 bank sudah menandatangani pembiayaan lrt jabodebek,"PT kami dan 12 bank telah menandatangani perjanjian pembiayaan LRT Jabodetabek. 
",0.9239445924758911
"Nembe ngerti babagan panggonan iki saka kanca, wektu dhewe teka pengunjunge ora patia akeh, dadi dhewe milih kanggo lungguh ing lantai loro karo nikmati pemandangan ing njaba. Mbengi kuwi lagi ana pagelaran musik, aku kurang ngerti apa pagelaran musik iki ana saben dina apa ora.","Baru tahu tentang tempat ini dari teman, waktu kami datang pengunjungnya tidak terlalu banyak, jadi kami memilih untuk duduk di lantai dua sambil menikmati pemandangan di luar. Malam itu sedang ada pertunjukan musik, saya kurang tahu apakah pertunjukan musik ini ada tiap hari atau tidak.","Baru saja tahu tentang tempat ini dari teman, waktu sendiri datang berkunjung tidak terlalu banyak, jadi memilih untuk duduk di lantai dua dan menikmati pemandangan di luar. Malam itu lagi ada pertunjukan musik, aku kurang tahu apakah pertunjukan musik ini ada setiap hari atau tidak. 
",0.9796404242515564
Aku pingin tuku 20 tiket dinggo laga persebaya vs arema sesok.,Saya ingin beli 20 tiket untuk laga persebaya vs arema besok.,"Saya ingin membeli 20 tiket untuk pertandingan Persebaya vs Arema besok. 
",0.9643970727920532
"Panganan uwis oke, nanging kanggo nata panggonan lungguh kurang, katon rame banget dadi ora nyaman, rega lumayan kanthi kualitas sing kurang.","Makanan sudah oke, namun untuk penataan tempat duduk kurang, terlihat terlalu ramai sehingga tidak nyaman, harga lumayan dengan kualitas yang kurang.","Makanan sudah oke, tapi untuk tempat duduk kurang, terlihat ramai banget jadi tidak nyaman, harganya lumayan tapi kualitasnya kurang. 
",0.9662335515022278
"Aku seneng suwi-suwi ning kene, merga kahanane enak, pencahayaane apik, ana plihan isa ning jaba nggen utawa ning jero. Panganane lumayan.","Saya senang berlama-lama di sini, karena suasananya enak, pencahayaannya bagus, ada pilihan bisa di luar ruangan atau di dalam. Makanannya lumayan.","Aku senang menghabiskan waktu di sini, karena suasananya nyaman, pencahayaannya bagus, ada pilihan untuk duduk di luar atau di dalam. Makanan di sini juga cukup enak.  
",0.959847629070282
Kabeh sing diomongne pak rocky iku ora ana dasare. Nggumun yo kok isa dadi profesor.,Semua yang diomongin sama pak rocky itu tidak berdasar. Heran ya kok bisa jadi professor.,"Semua yang dikatakan Pak Rocky itu tidak ada dasar. Ngomong-ngomong kok bisa jadi profesor. 
",0.9184428453445435
"Restoran iki nduweni lokasi sing prima ing bukit-bukit sing nduweni hawa sejuk lan pemandangan ijo nyegerake. Mesthi wae tujuan utamane yaiku masakan khas nusantara sing nikmat. Cekake, ngunjungi mrene dhewe entuk ngelakokake sisan wisata ilat, mripat, lan jiwa.","Restoran ini memiliki lokasi yang prima di perbukitan yang memiliki udara sejuk dan pemandangan hijau menyegarkan. Tentu saja tujuan utamanya adalah masakan khas nusantara yang nikmat. Singkatnya, berkunjung ke sini kita dapat melakukan sekaligus wisata lidah, mata, dan jiwa.","Restoran ini memiliki lokasi yang prima di bukit-bukit yang memiliki udara sejuk dan pemandangan hijau menyegarkan. Tentu saja tujuan utamanya adalah masakan khas nusantara yang lezat. Cek, kunjungi sendiri untuk merasakan wisata kuliner, mata, dan jiwa. 
",0.9547227025032043
"Bojoku sek ora terlalu seneng karo ramen, kanggo siki deknen ngomong nek enak lan gurih. Deknen malah mesen maneh kanggo deknen sakwise nyicipi pesenanku.","Istri saya yang tidak terlalu suka ramen, untuk kali ini dia bilang enak dan gurih. Dia malah memesan lagi untuk dirinya setelah mencicipi pesanan saya.","Aku sih sebenarnya tidak terlalu suka ramen, meskipun dia bilang enak dan gurih. Dia malah memesan lagi untuk dirinya sendiri setelah mencicipi pesanan saya. 
",0.9608787894248962
Panggone nyaman. Rasane enak. Regane uga saat. Weduse ora prengus. Pokoke cocok kanggo wong sing seneng njajan wedus.,Tempatnya nyaman. Rasanya enak. Harganya juga saat. Kambingnya tidak bau. Pokoknya recomend buat pecinta kuliner kambing.,"Tempat yang nyaman. Rasanya enak.  Harga juga pas. Wedusnya tidak terlalu manis. Pokoknya cocok untuk orang yang suka jajan wedus. 
",0.9343028664588928
"Salah siji restoran panganan laut paling apik ing kota iki. Apike teka pas preinan dina setu, yuyu isih apik lagi teka. Rega kompetitif, ora murah pancen nanging ora kelarangen kok.","Salah satu restoran seafood terbaik di kota ini. Sebaiknya datang pas liburan hari sabtu, kepiting masih bagus baru datang. Harga bersaing, tidak murah memang tapi tidak kemahalan kok.","Salah satu restoran seafood terbaik di kota ini.  Rasanya enak sekali ketika dinikmati saat makan malam di sore hari, ikannya masih segar. Harganya kompetitif, tidak murah memang tapi tidak terlalu mahal juga. 
",0.9251592755317688
"Kanggo nggolek batagor sing asli, kowe ora perlu adoh-adoh nggoleke marang pelosok, cukup arahke kendaraan marang dalan saka djunjunan, dhewe isa nikmati batagor asli sing enak kanthi panggonan sing kapenak. Rasa batagor sing ditawakake ngugah salira tenan amarga batagor disajikake garing-garinge lan diguyang kuwah kacang sing seger","Untuk menemukan batagor yang otentik, anda tak perlu jauh-jauh mencarinya ke pelosok, cukup arahkan kendaraan ke jalan dari djunjunan, kita dapat menikmati batagor asli yang enak dengan tempat yang nyaman. Rasa batagor yang ditawarkan sangat menggugah selera karena batagor disajikan garing-garingnya serta disiram kuah kacang yang segar","Untuk mencari batagor yang asli, kamu tidak perlu jauh-jauh mencari ke pelosok, cukup arahkan kendaraan ke jalan dari ujung desa, sendiri bisa menikmati batagor asli yang enak dengan tempat yang nyaman. Rasa batagor yang ditawarkan sungguh menggugah selera karena batagor disajikan garing-garang dan diguyur kuah kacang yang segar. 
",0.9607571959495544
"Citarasane biasa wae, ora ana sek spesial. Kudune ngenteni cukup suwi nganti teka panganane, pelayane uga kurang grapyak.","Citarasa biasa saja, tidak ada yang spesial. Harus menunggu cukup lama datangnya makanan, pelayan juga kurang ramah.","Rasanya biasa saja, tidak ada yang spesial. Kudengar menunggu cukup lama hingga makanan datang, pelayannya juga kurang ramah. 
",0.9649853706359863
Roti ulang tahune spesial nganggo ndhog sakpiring ditambah mozzarella kanggo kowe,Kue ulang tahun spesial pakai telur sepiring plus mozzarella buat kamu,"Roti ulang tahun spesial dengan topping satu piring ditambah mozzarella untuk kamu 
",0.9121331572532654
Arep nesu marang indosat! Kok sinyale ilang terus si,Mau marah ke indosat! Kok sinyalnya hilang melulu si,"Mau nelpon ke Indosat! Kok sinyalnya hilang terus sih. 
",0.9134874939918518
"Omah mangan sing ngusung konsep tradisional alias jadul iki pantes kowe coba. Kejaba rasane sing pas, warung iki duweni sawetara perkara unik kaya piring sing dienggo yaiku piring seng jaman mbiyen karo gelas ombeane. Jenis menune aneka werna banget. Lan sakkabehe enak enak!","Rumah makan yang mengusung konsep tradisional alias jadul ini patut anda coba. Selain rasanya yang pas, warung ini memiliki beberapa hal unik seperti piring yang digunakan adalah piring seng zaman dahulu berikut gelas minumnya. Jenis menunya sangat beragam. Dan semuanya enak enak!","Rumah makan yang mengusung konsep tradisional alias jadul ini patut dicoba. Selain rasanya yang pas, warung ini memiliki beberapa hal unik seperti piring yang digunakan yaitu piring seng zaman dulu dan gelas omben. Jenis menunya beragam sekali. Dan semuanya enak! 
",0.980208158493042
Kfc Palembang Square kerep dadi peyelamat pas luwe pas aku nginep ning sekitar hotel ning lokasi iku. Kabeh wong seneng kfc. Dadi. Kfc ning lokasi iki nyepetne sampeyan dinggo pesen pas sampeyan keluwen ning jero hotel.,Kfc Palembang Square seringkali menjadi penyelamat di saat lapar saat saya menginap di sekitaran hotel di lokasi itu. Semua orang suka kfc. So. Kfc di lokasi ini menyegerakan anda untuk memesan saat anda kelaparan di dalam hotel.,"KFC Palembang Square sering jadi penyelamat saat lapar pas aku menginap di sekitar hotel di lokasi itu. Semua orang senang KFC. Jadi, KFC di lokasi ini dekat untuk kamu pesan saat kamu lapar di dalam hotel.  
",0.9572661519050598
Aneka werna ombean seger kasadia awit saka jus buah nganti rena-rena teh.,Berbagai macam minuman segar tersedia mulai dari jus buah sampai aneka teh.,"Aneka warna ombelan segar disediakan mulai dari jus buah hingga minuman teh. 
",0.9310793876647949
"Dekwingi 10 Maret 2015, aku dijak anakku mangan awan ning kene. Aku pesen urang kremes lan jangan asem. Bener-bener enak. Lan sing spesial ning kene yaiku sambele, pedes nanging pancet gelem nambah. Jus blackberryne uga enak.","Kemarin 10 Maret 2015, saya diajak anak saya makan siang di sini. Saya pesan udang kremes dan sayur asam. Betul-betul enak. Dan yang spesial di sini adalah sambalnya, pedas tapi tetap mau menambah. Jus blackberrynya juga enak.","10 Maret 2015, aku mengajak anakku makan di sini. Aku memesan ayam kremes dan jangan asem. Benar-benar enak. Dan yang spesial di sini adalah sambalnya, pedas tapi bikin nagih. Jus blackberrynya juga enak. 
",0.9521018266677856
Ndhuwe restoran kudu mewah rapi mosok iki lumuten jamuren pelayane kurang muasake mosok aku ditumpahi banyu sek ombeyane ana madune aku iki alergi madu,Punya restoran harus mewah rapi masa ini berlumut berjamur pelayan kurang memuaskan masa saya ditumpahkan air mana minumnya ada madu saya itu alergi madu,"""Restoran ini harus mewah dan rapi, kok malah kotor. Pelayannya kurang ramah, kok malah aku dituangkan air dengan madu. Aku alergi madu ini."" 
",0.8765765428543091
"Aku nembe bae ganti kartu sing rusak, nanging tetep ora ana sinyal.","Saya baru saja ganti kartu yang rusak, tapi tetap tidak ada sinyal.","Aku baru saja mengganti kartu yang rusak, tapi sinyalnya masih tidak ada. 
",0.9780757427215576
Adohi narkoba yaiku salah siji cara sing isa digunakake kanggo ningkatake kualitas anak bangsa.,Jauhi narkoba adalah salah satu cara yang bisa digunakan untuk meningkatkan kualitas anak bangsa.,"Menghindari narkoba adalah salah satu cara yang dapat digunakan untuk meningkatkan kualitas anak bangsa. 
",0.980670154094696
"Kafe iki ndhuweni arsitektur bangunan kang apik banget. Amarga penasaran, aku njupuk wektu muteri karo ngenteni panganan teka. Ana galeri sing kebak karo koleksi-koleksi kayu lan ing njaba galeri, katon pemandangan bandung saka ndhuwur. Ing sakitare uga akeh kursi kang digawe saka kayu lan uga watu-watu. Saka panganane, regane kalebu lumayan standar cocok karo kafe-kafe. Aku seneng suasanane.","Kafe ini memiliki arsitektur bangunan yang sangat bagus. Karena penasaran, saya meluangkan waktu berkeliling sembari menunggu makanan datang. Ada galeri yang penuh dengan koleksi-koleksi kayu dan di luar galeri, tampak pemandangan bandung dari ketinggian. Di sekitar banyak juga kursi terbuat dari kayu dan juga bebatuan. Dari sisi makanan, harganya termasuk relatif standar sesuai dengan cafe-cafe. Saya suka suasananya.","Kafe ini memiliki arsitektur bangunan yang sangat bagus. Karena penasaran, aku mengambil waktu untuk berkeliling dan menunggu makanan datang. Ada galeri yang banyak dengan koleksi-koleksi kayu dan di luar galeri, terlihat pemandangan Bandung dari atas. Di sekitar juga banyak kursi yang terbuat dari kayu dan juga batu-batu. Dari segi makanan, harganya termasuk standar sesuai dengan kafe-kafe lainnya. Aku senang dengan suasananya. 
",0.9725714921951294
"Nganggoa kunci duplikat, bank bri ing tengah kutha dibobol maling, dhuwit rp 1 miliar muspra.","Gunakan kunci duplikat, bank bri di pusat kota dibobol maling, uang rp 1 miliar lenyap.","Mencari kunci duplikat, bank BRI di tengah kota dibobol maling, uang Rp 1 miliar raib. 
",0.9550765156745911
"Mbengi sekitar jam pituan dijak pelanggan marang panggonan mangan iki, umume sih panganane luwih akeh sek di goreng-goreng ngono kaya pithik, babat, usus, ati ampela, nanging miturutku sih rasane biasa wae, lan minyake ing panganan akeh banget. Nanging variane cukup akeh:","Malam sekitar jam tujuan diajak klien ke tempat makan ini, over all sih makanannya lebih banyak yang di goreng-goreng begitu kayak ayam, babat, usus, ati ampela, tapi menurut saya sih rasanya biasa saja, dan minyaknya di makanan terlalu banyak. Tapi variannya cukup banyak:","Sekitar jam tujuh malam pelanggan datang ke tempat makan ini, biasanya makanan yang lebih banyak adalah goreng-gorengan seperti pithik, babat, usus, ati ampela, tapi menurutku rasanya biasa saja, dan minyaknya di makanan terlalu banyak. Tapi variannya cukup banyak. 
",0.9479289650917053
"Hai angga, dingge penerbitan tiket owahan jadwal kudu nglakokne pembayaran disik ya.","Hai angga, untuk penerbitan tiket perubahan jadwal diharuskan melakukan pembayaran dulu ya.","Hai Angga, untuk penggantian jadwal tiket kamu harus melakukan pembayaran dulu ya. 
",0.9611527323722839
Masku dodol iphone 8 kanggo tuku ps5,Kakak lelaki saya menjual iphone 8 untuk membeli ps5,"""Masukan uang untuk membeli PS5"" 
",0.8620057106018066
Aku mbela-mbelani saka bogor 7 jam kanggo mangan sup buntute nanging aku enteni saka jam 8.30 hurung buka uga. Akhire aku teka jam 10.00. Pesen sup buntute hurung ana kanthi alesan mau mbengi rame dadi kokine isih kesel. Wow alesan macem apa kaya kuwi? Beda tenan wektu aku mangan 1 taun kepungkur ya. Panggonane reged tenan kaya ora niat ndhuwe usaha.,Saya bela-belain dari bogor 7 jam demi makan sup buntutnya tetapi saya tunggu dari jam 8.30 belum buka juga. Akhirnya saya datang jam 10.00. Pesan sup buntut belum ada dengan alasan tadi malam ramai jadi chefnya masih tepar. Wow alasan macam apa seperti itu? Beda sekali waktu saya makan 1 tahun yang lalu ya. Tempat sangat kotor seperti tidak niat punya usaha.,"Aku melintasi dari Bogor selama 7 jam untuk makan sup buntut tapi aku sampai jam 8.30 warungnya belum buka juga. Akhirnya aku sampai jam 10.00. Pesan sup buntutnya kosong dengan alasan karena malam ramai jadi kompornya masih panas. Wow alasan macam apa sih? Beda sekali waktu aku makan 1 tahun yang lalu ya. Tempatnya juga sangat ramai seperti tidak niat untuk menjalankan usaha. 


",0.949407696723938
"Kanggo ngecek layanan mandiri verified by visa vbv ora isa lewat layanan mandiri call 14000, nanging mung isa lewat email lan kantor cabang bank mandiri.","Untuk pengecekan layanan mandiri verified by visa vbv tidak dapat melalui layanan mandiri call 14000, namun hanya bisa melalui email dan kantor cabang bank mandiri.","Untuk mengecek layanan mandiri Verified by Visa (VBV) tidak bisa melalui layanan mandiri call 14000, tetapi hanya bisa melalui email dan kantor cabang Bank Mandiri. 
",0.9609934091567993
"Kudu njajal nggo nyantai utawa mangan mbengi nang 18th iki, pemandangan sek katon ki apik lan sek dadi daya tarik nang 18th yaiku ndue mester kaca. Regane lumayan larang amarga panggonane ana ing trans hotel, namung unda-undi karo rasa kepenake.","Harus coba untuk bersantai atau makan malam di the 18th ini, pemandangan yang didapat baik dan yang menjadi daya tarik di the 18th terdapat lantai kaca. Untuk harga cukup tergolong mahal karena terletak di trans hotel, tetapi sebanding dengan rasa kenyamanannya.","Harus dicoba untuk bersantai atau makan malam di lantai 18 ini, pemandangannya sangat indah dan lantai 18 ini menjadi daya tarik karena adanya dua master kaca. Harganya lumayan mahal karena lokasinya berada di hotel Trans, tapi rasanya sepadan dengan kepuasannya. 
",0.940725564956665
Salah siji mal nganggo konsep sing lumayan unik. Akeh pilihan restoran dadi cocok dingge ngentekne wektu bareng kanca-kanca.,Salah satu mal dengan konsep yang cukup unik. Banyak pilihan restoran sehingga cocok untuk menghabiskan waktu bersama teman-teman.,"Salah satu mal ini menggunakan konsep yang cukup unik. Banyak pilihan restoran yang cocok untuk menghabiskan waktu bersama teman-teman. 
",0.9768455624580383
"Lokasine ana ing dalam utama dadi gampang dhewe kanggo tekan panggonane, yen ora nduwe kendaraan dhewe iki bisa ditekani kanggo kendaraan umum. Menu panganane akeh tenan lan ana pirang-pirang menu sing anyar pisanan aku nemu ing kedai iki, rasane enak kanggo rega sing standar, panggonane kapenak tenan.","Lokasinya berada di jalan utama sehingga memudahkan kami untuk mencapai tempatnya, jika tidak memiliki kendaraan pribadi tempat ini dapat dijangkau dengan kendaraan umum. Menu makanannya sangat banyak dan ada beberapa menu yang baru pertama kali saya temukan di kedai ini, rasanya pun enak dengan harga yang standar, tempatnya sangat nyaman.","Lokasinya ada di dalam utama jadi mudah sendiri untuk menuju tempatnya, kalau tidak punya kendaraan sendiri ini bisa dijangkau dengan kendaraan umum. Menunya banyak sekali dan ada beberapa menu baru yang pertama kali aku temukan di kedai ini, rasanya enak untuk harga yang standar, tempatnya juga cukup nyaman. 
",0.9635831117630005
Panggonan iki ora cocok kanggo kaluwarga sing nggawa bayi. Dalanane curam tenan. Kanggo anjungan foto ing njaba mung entuk diisi  paling akeh 10 uwong nanging isih akeh sing meksa munggah kanggo foto.,Tempat ini tidak cocok untuk keluarga yang membawa anak balita. Jalanan sangat curam. Untuk anjungan foto di luar hanya boleh diisi max 10 orang tetapi masih banyak yang memaksa naik untuk berfoto.,"Tempat ini tidak cocok untuk keluarga yang membawa bayi. Jalannya terlalu curam. Untuk anjungan foto di luar hanya bisa diisi maksimal 10 orang namun masih banyak yang memaksa naik untuk berfoto. 
",0.9813360571861267
"Panggonan iki salah sawijine panggonan favoritku kanggo ndhelok bogor ing dina mbengi, kanthi suwasanane sing kapenak dikancani karo panganan lan ombeane lan pelayanane sing grapyak. Cahya kutha sing tenan-tenan ayu isa kethok saka kene. Panggonan sing direkomendasikake kanggo ngentekake wektu bareng pasangan, kaluwarga utawa kanca raket.","Tempat ini salah satu tempat favourite saya untuk melihat bogor di malam hari, dengan suasananya yang nyaman ditemani dengan makanan dan minumannya serta pelayanannya yang ramah. Cahaya kota yang benar-benar indah bisa terlihat dari sini. Tempat yang rekomendasi untuk menghabiskan waktu bersama pasangan, keluarga atau sahabat.","Tempat ini salah satu tempat favoritku untuk melihat pemandangan kota Bogor di malam hari, dengan suasananya yang nyaman ditemani oleh makanan dan minumannya yang lezat serta pelayanannya yang ramah. Cahaya kota yang benar-benar indah bisa dilihat dari sini. Tempat yang direkomendasikan untuk menghabiskan waktu bersama pasangan, keluarga atau teman-teman dekat. 
",0.9703266024589539
"Gela karo proses mbatalne tiket, wis 43 dina nanging ora ndang ditransfer. loket ora gelem ngelayani","Kecewa dengan proses pembatalan tiket, sudah 43 hari tapi tak kunjung ditransfer. loket tidak mau melayani","Sudah 43 hari proses pembatalan tiket, tapi belum ditransfer. Loket tidak mau melayani. 
",0.9471606016159058
"Pilian mangan lan ngombene akeh kanggo dipilih. Lan panggone gede, dibagi dadi pirang-pirang bagian lan konsep. Lak rega cukupan pas kanggo ning sak.","Pilihan makan dan minuman banyak untuk dipilih. Dan tempatnya besar, dibagi menjadi beberapa bagian dan konsep. Untuk harga cukup pas buat di kantong.","Banyak pilihan makanan dan minuman yang bisa dipilih. Dan tempatnya luas, dibagi menjadi beberapa bagian dan konsep. Harga cukup pas untuk semua.  
",0.962615430355072
"Restoran gaya jaman bityen. Ana display kue-kue, es krim uga. Suwasanane nyaman. Panganan khas omahan. Isa dinggo rombongan utawa karo kaluwarga. Panganane enak. Sega ulame enak. Sega tutug oncome uga oke. Masakan eropa, asia, nusantara kasadia ning kene. Karek milih. Bocah-bocah seneng mangan es krime ning kene.","Restoran bergaya zaman dahulu. Ada display kue-kue, es krim juga. Suasana nyaman. Makanan khas rumahan. Bisa untuk rombongan maupun dengan keluarga. Makannya enak. Nasi ulamnya enak. Nasi tutug oncomnya juga oke. Masakan eropa, asia, nusantara tersedia di sini. Tinggal pilih. Anak-anak suka makan es krimnya di sini.","Restoran dengan gaya zaman dulu. Ada display kue-kue, es krim juga. Suasananya nyaman. Makanan khas rumah. Cocok untuk rombongan atau bersama keluarga. Makanannya enak. Nasi ulamenya enak. Nasi tutug oncom juga oke. Masakan Eropa, Asia, dan Nusantara tersedia di sini. Banyak pilihan. Anak-anak senang makan es krim di sini. 
",0.9664939641952515
"Salah sijine jeneng batagor sing kondhang ing bandung. Rasane nikmat, kanggo rega per buwahe rp. 10 ewu. Pesen 3 buwah kanggo aku cukup maregi amarga ukuran per buwahe cukup gedhe.","Salah satu nama batagor yang terkenal di bandung. Rasanya nikmat, untuk harga per buahnya rp. 10 ribu. Order 3 buah untuk saya cukup mengenyangkan karena ukurannya per buahnya cukup besar.","Salah satu nama batagor yang terkenal di Bandung. Rasanya enak, untuk harga per buahnya Rp. 10 ribu. Pesan 3 buah untukku sudah cukup mengenyangkan karena ukuran per buahnya cukup besar. 
",0.9809723496437073
Tau percaya karo body lotion citra nggarai wulu tambah akeh,Pernah percaya kalau body lotion citra bikin bulu tambah banyak,"Kamu percaya dengan body lotion Citra untuk mengatasi rambut rontok? 
",0.8814067244529724
Macet nang ngendi-ngendi yen lagi preinan.,Macet di mana-mana kalau lagi liburan,"Macet di mana-mana kalau lagi ramai. 
",0.9259461164474487
"Tulung dikabarne kronologi lengkape, pulsa awit karo keri karo nyebutne tim ya mas/mbak, tim bakale ngecek transaksi penggaweane pulsane","Mohon informasikan detail kronologi, pulsa awal dan akhir dengan mention tim ya kak, tim akan cek transaksi pemakaian pulsanya","Tolong diberitahukan kronologis lengkapnya, pulsa awal dengan siapa dan sebutkan timnya ya mas/mbak, tim akan mengecek transaksi penggawainya pulsa. 
",0.9126172661781311
"Area mangan ing njabane nyenengake. Igane oke, rasane enak. Jus jeruke ditambah stroberine nikmat. Regane uga oke.","Area makan di luarnya menyenangkan. Iganya oke, rasanya enak. Jus orange plus stroberinya nikmat. Harganya pun oke.","Makan di sini enak. Masakannya oke, rasanya enak. Jus jeruknya ditambah stroberi nikmat.  Rasa minumannya juga oke. 
",0.9487744569778442
Kanggo kowe sek nggolek resto kanthi suwasana sek romantis ora salah maneh uga moro mrene. Lan yen kurang kowe pas-pasan pesen wae menu sek entheng-entheng. Aja diapusi karo gambar ana ing buku menu yen ora pengen nyesel. Menu sukine luwih oke namung kayane ngapae ya adoh-adoh macet-macetan mara mrene mung nggolek kuwi. Ing kutha luwih afdol kayane. Pemandangane jogja mbengine nyekel.,Buat anda yang mencari resto dengan suasana yang romantis tidak salah lagi ke sini saja. Dan kalau rendah anda pas-pasan pesan saja menu yang ringan-ringan. Jangan terkecoh dengan picture di buku menu kalau tidak mau menyesal. Menu sukinya lebih oke tapi kayaknya ngapain ya jauh-jauh bermacet ria ke sini cuma mencari itu. Di kota lebih afdol kayaknya. Pemandangan jogja malamnya memegang.,"Untuk kamu yang sedang mencari restoran dengan suasana yang romantis, tidak salah juga untuk datang ke sini. Dan jika kurang, kamu bisa pesan menu yang ringan saja. Jangan tertipu dengan gambar di buku menu jika tidak ingin menyesal. Menu yang kamu suka mungkin lebih oke, tapi kayaknya ngapain ya, macet-macetan di sini, mending cari yang lain. Di kota lebih baik. Pemandangan Jogja memang memikat. 
",0.9212522506713867
Rasane meh pada karo resto sing liyane sing dodolan iwak laut. Aman resik lan pelayanane cepet,Rasanya hampir sama dengan resto yang lain yang jualan seafood. Aman bersih dan pelayanannya cepat.,"Rasanya hampir sama dengan restoran lain yang menjual ikan laut. Aman, bersih, dan pelayannya cepat. 
",0.9633718729019165
Hasil itung cepet dinyatakne seje karo hasil survei nggarai aku nggumun.,Hasil quick count dinyatakan berbeda dengan hasil survei membuat saya bertanya-tanya.,"Hasil perhitungan cepat dinyatakan bersamaan dengan hasil survei, membuatku bingung. 
",0.9296755790710449
"Kapisan marang mrene kuwi ngerayakake kelulusan adikku, panggonane kuwi loh, apik tenan. Desaine uga unik, apik, kapenak, kapenak, cocok tenan kanggo mangan mbengi bareng kaluwarga, pasangan, sedulur, lan kanca-kanca, pemandangane uga apik, panganane uga enak-enak. Regane sebanding karo pelayanane, ora gela marang mrene. Bener-bener direkomendasikake.","Pertama ke sini itu merayakan kelulusan adikku, tempatnya itu loh, keren banget. Desainnya juga unik, keren, nyaman, nyaman, cocok betul untuk makan malam bareng keluarga, pasangan, saudara, dan teman-teman, pemandangannya juga keren, makanannya juga enak-enak. Harga sebanding dengan pelayanannya, tidak menyesal ke sini. Sangat-sangat direkomendasikan.","Kemarin kami merayakan kelulusan adikku di sana, tempatnya bagus sekali. Desainnya juga unik, bagus, nyaman, nyaman, cocok sekali untuk makan malam bersama keluarga, pasangan, saudara, dan teman-teman, pemandangannya juga bagus, makanannya juga enak-enak. Harganya sebanding dengan pelayanannya, tidak mengecewakan. Benar-benar direkomendasikan. 
",0.9627114534378052
"Kabisan ngerteni woconan mben uwong kuwi seje-seje, ana sing pisan moco langsung ngerti, ana uga sing butuh ping bolak-balik moco disik lagek ngerti.","Kemampuan memahami bacaan tiap orang itu beda-beda, ada yang sekali baca sudah paham, ada juga yang butuh berkali-kali baca dulu baru paham.","Memahami bahasa Jawa memang berbeda-beda, ada yang langsung mengerti, ada juga yang perlu diulang-ulang baru mengerti. 
",0.9140210747718811
Wow tenan kaget karo layanan satuan pengamanane bkpn bromo malang. Tenan diskriminasi banget. Yen aku mung pengen informasi babagan produke deknen. Dhewe diremehake. Cenderung ngusir. Kuciwa tenan!,Wow benar-benar terkejut sama layanan satuan pengamanannya bkpn bromo malang. Benar diskriminasi banget. Kalau kita hanya mau informasi tentang produk mereka. Kita disepelekan. Cenderung mengusir. Kecewa sekali!,"Wow, benar-benar terkejut dengan layanan satuan pengamanan BKPN Bromo Malang. Benar-benar diskriminatif. Kalau aku hanya ingin informasi tentang produknya saja.  Diusir-usir. Sangat kecewa! 
",0.9177926182746887
"Bandung terkenal dadi panggon produksi tahu lokal karo kuwalitas apik, salah siji sing paling apik isa digoleki ning warung talaga. Deweke nduwe pabrik dewe ning dalan Jendral sudirman, nanging ngembangne bisnise dadi sajian kuliner uga. Ana rena-rena pilihan sajian tahu. Direkomendasikne banget dinggo pecinta kuliner.","Bandung terkenal sebagai tempat produksi tahu lokal dengan kualitas prima, salah satu yang terbaik bisa dicari di warung talaga. Mereka punya pabrik sendiri di jalan Jendral sudirman, tapi mengembangkan bisnisnya menjadi sajian kuliner juga. Ada berbagai pilihan sajian tahu. Sangat direkomendasikan bagi pecinta kuliner.","Bandung terkenal sebagai tempat produksi tahu lokal dengan kualitas baik, salah satunya yang terbaik bisa ditemukan di warung tradisional. Ia memiliki pabrik sendiri di Jalan Jenderal Sudirman, namun mengembangkan bisnisnya menjadi sajian kuliner juga. Ada berbagai pilihan sajian tahu. Sangat direkomendasikan untuk pecinta kuliner. 
",0.9739388823509216
Tulung dikirimke meneh tagihanku sasi wingi,Mohon dikirimkan kembali tagihan saya bulan lalu,"Tolong dikirimkan tagihan bulan kemarin. 
",0.9249045252799988
"Salah siji menu paling tak senengi iku mcflurry rena-rena rasa liyane paket karo iwak pitik loro. Rumangsaku, pitike mcd nduwe citarasa dewe ning bagian dodone yo teksture alus lan bumbune gurih.","Salah satu menu favorit saya adalah mcflurry aneka rasa selain menu paket dengan dua ayam. Menurut saya, ayam mcd memiliki citarasa tersendiri di bagian dadanya pun memiliki tekstur yang lembut dan bumbunya gurih.","Salah satu menu paling tidak disukai adalah McFlurry rasa rena-rena, paketnya bersama ayam goreng dua potong. Menurutku, ayam goreng McDonald's punya rasa sendiri, bagian dagingnya juga halus dan bumbunya gurih. 
",0.9110700488090515
Aku ngrasa kaganggu ndelok parkiran mobil uwong nutupi dalan umum.,Saya merasa terganggu melihat parkiran mobil orang menutupi jalan umum.,"Aku merasa terganggu melihat mobil orang yang menutupi jalan umum. 
",0.976142406463623
"Satene gedi-gedi. Bumbune dipisah. Diwehi rajangan brambang lan lombok riwit didang, porsi lontong karo segane uga pas. Pokoke aku seneng.","Satenya besar-besar. Bumbunya dipisah. Dikasih irisan bawang merah dan cabe rawit dikukus, porsi lontong sama nasinya juga pas. Pokoknya saya suka.","Satennya empuk. Bumbu nya dipisah. Dihidangkan dengan irisan kentang dan cabe rawit yang digoreng, porsi lontong dan sagu juga pas. Pokoknya aku senang. 
",0.9430142641067505
"Yen didelok-delok, sandiaga uno karo nadiem makarim mirip yo","Kalau dilihat-lihat, sandiaga uno sama nadiem makarim mirip ya","Jika dilihat-lihat, Sandiaga Uno dan Nadiem Makarim mirip juga. 
",0.9077861309051514
Sugeng enjang. Wah kuciwa tenan mosok indihome internet ora kocek maneh. Aku kuwi mbayar larang. Aja nguciwakake dhewe sing dadi pelanggan,Selamat pagi. Wah kecewa berat masa indihome internet tidak kocek lagi. Saya itu bayar mahal. Jangan kecewakan kami sebagai pelanggan,"Selamat pagi. Wah kecewa sekali ternyata Indihome internet tidak berfungsi lagi. Aku yang bayar kok. Jangan mengganggumu yang menjadi pelanggan. 
",0.9308082461357117
"Sopir ora teka ing panggonan kang dituju, nanging ing aplikasi wis picu munggah, lan gopay wis kapotong, kapok aku nganggi gojek","Driver tidak datang ke tempat tujuan, tetapi di aplikasi sudah picu naik, dan gopay sudah terpotong, kapok saya pakai gojek","Sopir tidak datang ke tempat tujuan, tapi di aplikasi sudah dipicu naik, dan Gopay sudah dipotong, aku kapok nge-Gojek. 
",0.9604224562644958
"Panganan ning kene menurutku kurang enak ya, merga aku wong minang, aku ora tek seneng pangana  jawa sing legi hehe","Makanan di sini menurut saya kurang enak ya, karena saya orang minang, saya tidak terlalu suka makanan jawa yang manis hehe","Makanan di sini menurutku kurang enak ya, karena aku orang Minang, aku tidak terlalu suka makanan Jawa yang gurih hehe. 
",0.9763755798339844
"Pajak, kak, arep njaluk nomor efin, sakdurunge wis aktifasi, namung lali password akun djponline,","Pajak, kak, mau minta nomor efin, sebelumnya sudah aktifasi, tapi lupa password akun djponline,","Pajak, Kak, mau minta nomor efin, sebelum aktifasi, tapi lupa password akun DJP Online. 
",0.9607868790626526
Musim udan kaya iki saban udan mesthi ora tenang wedi kabanjiran.,Musim hujan begini setiap hujan pasti tidak tenang takut kebanjiran.,"Musim hujan seperti ini setiap hujan pasti tidak tenang khawatir banjir. 
",0.9484684467315674
Sate wedus H. Ihsan iki cukop terkenal ning tegal. Lak ora iso marani panggon ning pusate. Sampeyan isa uga nemokne sate wedus H Ihsan ning pirang-pirang panggon mangan ning kutha tegal.,Sate kambing H. Ihsan ini cukup terkenal di tegal. Apabila tidak bisa mengunjungi lokasi di pusatnya. Anda bisa juga menemukan sate kambing H Ihsan di beberapa tempat makan di kota tegal.,"Sate wedus H. Ihsan ini cukup terkenal di Tegal. Lokasinya tidak bisa dijangkau di pusat kota. Anda juga bisa menemukan sate wedus H. Ihsan di beberapa tempat makan di kota Tegal. 
",0.9608259797096252
"Saka okehe restoran sunda ing Bandung, miturutku Ciganea salah siji favoritku. Aku seneng amarga pithike khas, digorenge ora patio garing. Terus sambele uga ora kalah enak. Menu sing liya uga enak. Panggonane kaya omah, ora patio gedhe nanging cukuplah, lan uga resik.","Dari banyaknya restoran sunda di Bandung, menurut saya Ciganea salah satu favorit saya. Saya suka karena ayamnya khas, digorengnya tidak terlalu kering. Lalu sambalnya pun tidak kalah enak. Menu yang lain pun enak. Tempatnya seperti rumah, tidak terlalu besar tapi cukuplah, dan juga bersih.","Saka restoran Sunda di Bandung, menurutku Ciganea salah satu favoritku. Aku senang karena pithiknya khas, digoreng tidak terlalu garing. Terus sambalnya juga tidak kalah enak. Menu lainnya juga enak. Tempatnya seperti rumah, tidak terlalu besar tapi cukup, dan juga bersih. 
",0.9629802107810974
"Hotel iki uwes ngadeg saka telung puluh tahun sing kapungkur, sakdurunge aku lair. Panginepan kapisan ning kota iki. Saiki uwis akeh ngadeg hotel ning kene.","Hotel ini sudah berdiri sejak tiga puluh tahun yang lalu, sebelum saya lahir. Penginapan pertama di kota ini. Sekarang sudah banyak berdiri hotel di sini.","Hotel ini berdiri sejak tiga puluh tahun yang lalu, sebelum aku lahir.  Penginapan pertama di kota ini. Sekarang sudah banyak hotel yang berdiri di sini. 
",0.9925355315208435
"Panganan ning kene pada kaya kfc liyane. Pithik gorenge krispi, gurih, lan enak.","Makanan di sini sama seperti kfc lainnya. Ayam gorengnya crispy, gurih dan enak","Makanan di sini seperti KFC lainnya. Ayam gorengnya krispi, gurih, dan enak. 
",0.9713373184204102
"Piye ora nesu ora, kena php indosat terus kie. Pulsane kepotong ludes ora ana turahe.","Bagaimana tidak marah coba, kena php indosat terus nih. Pulsa selalu terpotong ludes tak tersisa.","Kenapa tidak bisa, kena PHP Indosat terus gitu. Pulsa habis ludes tidak ada sisa. 
",0.9245207905769348
"Pelayanane batik air bisnis class ing halim nguciwakake, gelas reged / mambu, tv ora ana nganggo alesan pesawat anyar, aling methuk saka medhuk pesawat diilangake","Pelayanan batik air bisnis class di halim mengecewakan, gelas kotor / bau, tv tidak ada dengan alasan pesawat baru, penjemputan dari turun pesawat dihilangkan","Pelayan batik air kelas bisnis di Halim tidak memberikan, gelas tidak tersedia / kosong, TV tidak ada dengan alasan pesawat baru,  alat makan dari pesawat dihilangkan. 
",0.9281136989593506
Ngganggo laurier dobel pas arep turu pas menstruasi ben ora bocor,Pakai laurier double pas mau tidur saat menstruasi biar tidak bocor,"Gunakan daun laurier ganda saat akan tidur saat menstruasi agar tidak bocor. 
",0.9438803195953369
"Panggon mangane sederhana banget, nanging rasane juara. Komposisi bumbu kacange pas lan porsine ora tek akeh. Pengunjung sing teka rame banget.","Tempat makannya sangat sederhana, namun rasanya juara. Komposisi bumbu kacangnya pas dan porsinya tidak terlalu besar. Pengunjung yang datang sangat ramai.","Tempat makannya sederhana sekali, tapi rasanya juara. Komposisi bumbunya kacang pas dan porsinya tidak terlalu banyak. Pengunjung yang datang ramai sekali. 
",0.9808386564254761
"Panggonan lan arsitektur panggonan iki oke banget, mung yen panganane lan ombeane ing kene ora patia maer. Enak kanggo mateni bareng kanca-kanca.","Lokasi dan arsitektur tempat ini oke banget, cuma kalau makanan dan minuman di sini tidak terlalu istimewa. Enak buat bunuh bareng teman-teman.","Lokasi dan arsitektur tempat ini bagus sekali, hanya saja makanan dan minumannya di sini tidak terlalu enak. Enak untuk nongkrong bersama teman-teman. 
",0.9542827010154724
Rasa panganan biasa ae lan suasanane ora istimewa dadi pisan ketekan wis cukup.,Rasa makanan biasa saja dan suasana tidak istimewa sehingga sekali kedatangan sudah cukup.,"Rasanya makanan biasa saja dan suasananya tidak istimewa, jadi cukuplah. 
",0.9398729801177979
Sing nglarang GBK didadekake panggonan konser pada songong-songong banget dah. Suket ning lapangan sapa sing pengin ngopeni yen ora ana duwit konser. Urung meneh kursi sing seneng dirusak supporter bal. Aduh.,Yang melarang GBK dijadikan venue konser pada songong-songong amat dah. Rumput di lapangan siapa yang mau pelihara kalau tidak ada duit konser. Belum lagi kursi yang suka dirusak supporter bola. Aduh.,"Larangan GBK dijadikan tempat konser terlalu sering.  Sangat disayangkan di lapangan siapapun yang ingin membuka usaha jika tidak ada konser.  Kursi yang seharusnya senang dirusak oleh supporter bola. Aduh. 
",0.9033011794090271
Gendeng ya. Pesen mix platter ae sampek luwih saka 30 menit. Takon nyang pelayane malah minggat. Ora responsif. Suwi.,Gila ya. Pesan mix platter saja sampai lebih dari 30 menit. Bertanya ke pelayannya malah kabur. Tidak responsif. Lama.,"""Gendeng ya. Pesan mix platter saja sampai lebih dari 30 menit. Takutnya pelayan malah kabur. Tidak responsif. Lama."" 
",0.9558499455451965
"Pas jenuh karo oleh oleh khas bandung sing wis ana, dadi roti bakar tunggal isa dadi pilihan. Aku kerep tuku roti marie sing dibakar karo rasa sing enaakk, uga roti bakar karo rasa keju utawa coklate. Biasane aku tuku ning konter roti bakar tunggal ning paskal hyper square. Regane ancen rodok larang, nanging rumangsaku meh podo karo panganan oleh-oleh. Dadi ya ora isa uga diomongne larang. Lan toh rasane enak.","Saat jenuh dengan oleh oleh khas bandung yang sudah ada, maka roti bakar tunggal bisa menjadi pilihan. Saya sering beli roti marie yang dibakar dengan rasa yang yuummy, juga roti bakar dengan rasa keju atau coklatnya. Biasanya saya beli di counter roti bakar tunggal di paskal hyper square. Harganya memang agak mahal, tapi saya rasa hampir sama dengan makanan oleh-oleh. Jadi ya tidak bisa juga dibilang mahal. Dan toh rasanya enak.","Ketika sudah jenuh dengan oleh-oleh khas Bandung yang sudah ada, roti bakar tunggal bisa jadi pilihan. Aku sering membeli roti marie yang dibakar dengan rasa yang enak, juga roti bakar dengan rasa keju atau cokelat. Biasanya aku membeli di konter roti bakar tunggal di Paskal Hyper Square. Regangnya memang agak mahal, tapi rasanya hampir mirip dengan oleh-oleh. Jadi ya tidak bisa juga dikatakan mahal. Dan rasanya enak. 
",0.9660177230834961
"Lunga bareng kaluwarga mangan mbengi, regane larang kanthi rasa sing biasa bae.","Pergi bersama keluarga makan malam, harganya mahal dengan rasa yang biasa saja.","Makan malam bersama keluarga, rasanya biasa saja.  
",0.9388667345046997
"Sugeng siang, biaya administrasi rek simpedes tp 5.500, - / sasi. Maturnuwun era","Selamat siang, biaya administrasi rek simpedes rp 5.500, - / bulan. Terima kasih era","Selamat siang, biaya administrasi rekening Simpedes Rp5.500,- per bulan. Terima kasih. 
",0.93450528383255
"Panggonan kapenak lan enak, kala-kala didadekake panggonan foto pre-wedding","Tempat nyaman dan enak, kadang dijadikan tempat foto pre-wedding","Tempat yang luas dan nyaman, terkadang dijadikan tempat foto pre-wedding. 
",0.9739761352539062
"Pelayanane apik banget, lan muasne saka segi panggon, apik banget isa ndelok pemandangan kutha pas wengi saka segi panganan, apik pol! Panganane enak banget ora nyesel ngge mara rene.","Pelayanannya sangat bagus, sangat memuaskan dari segi tempat, indah sekali bisa melihat pemandangan kota di malam hari dari segi makanan, terbaik! Makanannya enak sekali tidak menyesal untuk datang ke sini.","Pelayanannya sangat baik, dan suasana dari segi tempat juga sangat baik, bisa melihat pemandangan kota di malam hari dari segi makanan juga sangat enak sekali! Makanan enak banget tidak menyesal ngemilnya.  
",0.955954909324646
Arif tuku jaket billabong sek paling anyar,Arif membeli jaket billabong yang terbaru,"Arif membeli jaket Billabong terbaru. 
",0.9312618970870972
"Warung mangan sing uwis teka wiwit suwi lan uwis dadi kaya legenda kayane saiki uwis buka cabang. Terkenal amarga konsisteni rasa -ne uwis pirang-pirang tahun, sanadyan bangunan asli uwis dibongkar nanging kaasliane tetep dijaga lan tetep engel parkir. Sawetara wektu kepungkur ana setithik pangowahan nalika ibu chef utama uwis ora ketok maneh.","Warung makan yang telah hadir sejak lama dan telah menjadi semacam legenda, mungkin sekarang sudah buka cabang. Terkenal karena konsistensi rasa -nya selama bertahun-tahun, meskipun bangunan asli telah dipugar tetapi keaslian masih tetap dijaga dan tetap susah parkir. Beberapa waktu terakhir ada sedikit perubahan ketika ibu chef utama sudah tidak terlihat lagi.","Warung makan yang sudah ada sejak lama dan sudah seperti legenda ini sekarang sudah buka cabang. Terkenal karena rasa konsistennya selama bertahun-tahun, meskipun bangunan aslinya sudah dibongkar, inti dan rasa aslinya tetap dijaga dan tempat parkirnya tetap ada. Beberapa waktu yang lalu ada sedikit perubahan ketika ibu chef utamanya tidak datang lagi. 
",0.9484898447990417
Menehi bantuan nyang korban bencana dinggo pencitraan percuma. Apameneh dinggo publikasi. Sepurane banget. Muak aku.,Memberikan bantuan ke korban bencana untuk pencitraan percuma. Apalagi untuk publikasi. Maaf banget. Muak saya.,"Memberikan bantuan kepada korban bencana untuk citra gratis.  Meskipun untuk publikasi. Sangat tidak pantas. Saya merasa jijik.  
",0.9230396747589111
Rasa panganane biasa bae lan regane larang. Panggonane uga biasa. Lokasine ora patia adoh saka tengah kutha.,Rasa makanannya biasa saja dan harganya mahal. Tempatnya juga biasa. Lokasinya juga terlalu jauh dari pusat kota.,"Rasanya biasa saja dan harganya mahal. Tempatnya juga biasa. Lokasinya tidak terlalu jauh dari tengah kota. 
",0.9764100909233093
Dingge mara nyang panggon iki dalane macet banget lan adoh saka pusat kutha. Saktekane ning kana ora ana bab sing spesial sing nggarai perjalanan adoh kebayar. Menune biasa ae.,Untuk menuju ke tempat ini jalannya sangat macet dan jauh dari pusat kota. Sesampainya di sana tidak ada hal yang spesial yang membuat perjalanan jauh terbayarkan. Menunya biasa saja.,"Jalan di sini macet sekali dan jauh dari pusat kota. Sekalipun ke sini tidak ada yang spesial yang menggaransi perjalanan jauh ini berbayar. Menunya biasa saja. 
",0.9342705011367798
Rasa rotine enak. Variasi roti lan pacetane sing didol akeh. Rega standar. Paling seneng karo roti taware. Seneng.,Rasa rotinya enak. Variasi roti dan cemilan yang dijual banyak. Harga standar. Paling suka sama roti tawarnya. Suka.,"Rasa rotinya enak. Variasi roti dan isiannya banyak. Harganya standar. Paling senang dengan roti tawar. Senang. 
",0.9584189653396606
"Deknen kuwi sapa sih? Kok isi beritane deknen kabeh, mbokane deknen mantan narapidana kae","Dia ini siapa sih? Kok isi berita dia semua, bukannya dia mantan narapidana itu","Siapa itu dia? Kok isinya berita itu semua tentang dia, katanya dia mantan narapidana. 
",0.9394333958625793
"Pengin mangan karo nikmati suwasana paris? Ora usah adoh-adoh menyang prancis, cukup menyang paris van java alias bandung. Braga permai iki rekomendasi banget kanggo mangan karo santai-santai. Panganane enak, regane mlebu akal lan suwasanane kapenak banget apamaneh meja sing ning jaba. Mangan karo nikmati suwasana bandung jaman mbiyen.","Ingin makan sembari menikmati suasana paris? Enggak usah jauh-jauh ke prancis, cukup ke paris van java alias bandung. Braga permai ini rekomendasi banget buat makan sambil santai-santai. Makanannya enak, harganya masuk akal dan suasananya nyaman banget apalagi meja yang di luar. Makan sambil menikmati suasana bandung tempo dulu.","Mau makan sambil menikmati suasana Paris? Tidak perlu jauh-jauh ke Prancis, cukup ke Paris van Java alias Bandung. Braga Permai ini rekomendasi banget untuk makan sambil santai-santai.  Makanannya enak, harganya masuk akal dan suasananya nyaman banget apalagi meja yang ada di luar. Makan sambil menikmati suasana Bandung zaman dulu. 
",0.9529381990432739
Yogyakarta iki ing saben pojokan dalan akeh hotel. Nanging eman. Kanggo kelas bintang 3 bae rega luwih larang kanthi pelayanan sing ora sepadan.,Yogyakarta ini di tiap sudut jalan banyak hotel. Tapi sayang. Untuk kelas bintang 3 saja harga lebih mahal dengan pelayanan tidak setara.,"Yogyakarta ini di setiap sudut jalan banyak hotel. Tapi sayang. Untuk kelas bintang 3 saja harganya lebih mahal dengan pelayanan yang tidak sepadan. 
",0.9835047721862793
Bakmine enak. Ditambah daging rica2ne mantep banget. Rasane si pedes-pedes nanging nikmat. Mangan siji krasa kurang tah.,Bakminya enak. Ditambah daging rica2nya super mantap. Rasanya sih pedas-pedas tapi nikmat. Makan satu berasa kurang deh.,"Bakminya enak. Ditambah daging rica-rica nya mantap banget. Rasanya sih pedas-pedas tapi nikmat. Makan satu porsi kurang tahu. 
",0.9555260539054871
Aplikasi bni mobile banking tulung didandani soale arep aktivasi akun ora isa.,Aplikasi bni mobile banking mohon diperbaiki soalnya mau aktivasi akun tidak bisa.,"Aplikasi mobile banking BNI tolong didandani, karena saya tidak bisa mengaktifkan akun. 
",0.9250668287277222
Anti nganggo power bank wiwit handphone samsungku bocor bateraine sakbanjure dingokake kuwi.,Anti pakai power bank semenjak handphone samsung gue bocor baterenya setelah dipakaikan gituan.,"Jangan pakai power bank sejak handphone Samsungku bocor baterainya sampai sekarang. 
",0.9225882291793823
"Botol uc1000 angel banget dibukake tah, marakna tangan lara","Botol uc1000 susah banget dibukanya dah, bikin tangan sakit","Botol uc1000 itu sangat sulit dibuka, membuat tangan sakit. 
",0.9343414902687073
"Nggolek suwasana nostalgia ing jogja, panggonan iki yaiku pilian sing pas! Menu panganane didominasi panganan-panganan sing kena pengaruh gaya panganan landa. Kasenenganku stik sirloin. Restoran iki uga ndhuweni toko roti kanthi pilian roti gaya jaman mbiyen.","Mencari suasana nostalgia di jogja, tempat ini adalah pilhan yang tepat! Menu makanan didominasi makanan-makanan yang dipengaruhi gaya makanan belanda. Favorit saya steak sirloin. Restoran ini juga memiliki toko roti dengan pilihan roti bergaya zaman dahulu.","Mencari suasana nostalgia di Jogja, tempat ini adalah pilihan yang tepat! Menu makanannya didominasi makanan-makanan yang terkena pengaruh gaya makanan Belanda. Kesukaanku stik sirloin. Restoran ini juga memiliki toko roti dengan pilihan roti gaya zaman dulu. 
",0.9585289359092712
Ketua dpr ngapresiasi pilkada barengan sing mlaku damai.,Ketua dpr mengapresiasi pilkada serentak yang berlangsung damai.,"Ketua DPR mengapresiasi pilkada serentak yang berjalan damai. 
",0.9758620262145996
Ngurus gaji karyawan dhewe wae ora isa jare arep ngurus bumn. Mikir nganggo utek,Mengurus gaji karyawan sendiri saja tidak becus konon mau mengurus bumn. Mikir pake otak,"Mengurus gaji karyawan sendiri saja tidak bisa, apalagi mengurus BUMN. Pikirkan dengan kepala dingin. 
",0.9171866178512573
Ning indonesia pilihan merek telepon seluler kan melimpah. Lak ora seneng cara xiaomi nglakokne bisnise ya kari milih merek liya. Digawa santai wae.,Di indonesia pilihan merek telepon seluler kan melimpah. Kalau tidak suka cara xiaomi menjalankan bisnisnya ya tinggal pilih merek lain. Dibawa santai saja.,"Di Indonesia pilihan merek telepon seluler memang banyak. Saya tidak senang dengan cara Xiaomi menjalankan bisnisnya, jadi saya memilih merek lain.  Sambil santai saja. 
",0.9391908049583435
"Nate mangan ning poolside hotel hilton? Jan ora rekomendasi kanggo rasa lan rega. Panganane kurang rasane, aku nggawa 20 uwong, kabeh gela.","Pernah makan di poolside hotel hilton? Sangat tidak rekomendasi untuk rasa dan harga. Makanan kurang rasa, gue bawa 20 orang, semua kecewa.","Nate makan di hotel kolam renang Hilton? Jangan direkomendasikan untuk rasa dan harganya. Masakannya kurang rasanya, aku bawa 20 orang, semuanya tidak enak. 
",0.93583083152771
Panggonane unik. Karo mangan uga dimanjakake kaliyan panggonan sing sarwa unik. Akeh kayu kayu lan galerine. Kanggo bocah uga aja kuatir. Ana dolanan bocahe. Dadi mangan dadi luwih santai.,Tempatnya unik. Sambil makan juga dimanjakan dengan tempat yang serba unik. Banyak kayu kayu dan galerinya. Buat anak juga jangan kuatir. Ada mainan anaknya. Jadi makan jadi lebih santai,"Tempatnya unik. Makannya juga menyenangkan karena tempatnya yang serba unik. Banyak pohon-pohon dan galerinya. Untuk anak-anak juga tidak perlu khawatir. Ada permainan anak-anak. Jadi makan jadi lebih santai. 
",0.9452875256538391
"Yen marang rene aku mesthi pesen budin sambel roa. Budine digoreng dipasake karo sambel roa, enak. Panganan sing liyane uga enak nanging kanggo aku lan kaluwarga sing paling enak ing kene ya mangan budin karo ngombe kopi.","Kalau ke sini saya selalu pesan singkong sambal roa. Singkongnya digoreng dipadankan dengan sambal roa, enak. Makanan yang lainnya juga enak tetapi buat saya dan keluarga yang paling enak di sini ya makan singkong sambil minum kopi.","Jika kamu datang lagi aku pasti memesan budin sambal roa. Budin digoreng disajikan dengan sambal roa, enak. Makanan lainnya juga enak tetapi untuk aku dan keluarga yang paling enak di sini adalah makan budin sambil minum kopi. 
",0.9494039416313171
Telepone genggam eror pas kaping pisan diurupne,Telepon genggamnya eror pas pertama dinyalakan,"Ponsel genggam bermasalah saat dihidupkan untuk kedua kalinya. 
",0.8958259224891663
Turu sing cukup saben dinane isa gawe awak ora kekeselen lan seger sawektu tangi ing dina esuk.,Tidur yang cukup tiap harinya bisa bikin badan tidak kecapekan dan segar ketika bangun di pagi hari.,"Tidur yang cukup setiap hari dapat membuat tubuh tidak lelah dan segar saat bangun di pagi hari. 
",0.9560232162475586
Restoran iki romantis tenan kanthi pemandangane sing apik tenan ing dina mbengi,Restoran ini sangat romantis dengan pemandangannya yang sangat indah di malam hari,"Restoran ini romantis sekali dengan pemandangan yang bagus sekali di malam hari. 
",0.9522190093994141
"Sugeng sonten ibu, bab produk perbankan mandiri apa sing entuk dhewe rewangi? Yogi","Selamat sore ibu, perihal produk perbankan bank mandiri apa yang dapat kami bantu? Yogi","Selamat sore Ibu, bagaimana dengan produk perbankan Mandiri yang terbaru? Yogi 
",0.9306238889694214
"Suwasanane ing panggonan iki luwar biasa tenan. Pas kuwi dhewe teka ing sore ameh wengi, lan etuk panggonan sing ngadep ning air terjun. Gemricik banyu grojogan lan suwasana desa nambah nikmat suwasana mangan wengi dhewe pas kuwi. Panganan disajekake kanthi gaya tradisional lan rasane cukup apik kanggo ilate dhewe.","Suasananya di tempat ini sungguh luar biasa. Ketika itu kami datang pada senja menjelang malam, dan mendapatkan ruang yang menghadap ke air terjun. Gemericik air terjun dan suasana pedesaan menambah nikmat suasana makan malam kami ketika itu. Makanan disajikan dengan gaya tradisional dan rasanya cukup menarik untuk lidah kami.","Suasana di tempat ini sungguh luar biasa. Saat itu aku datang sore menjelang malam, dan menemukan tempat yang menghadap ke air terjun. Suara gemericik air terjun dan suasana desa menambah nikmat suasana makan malamku saat itu. Makanan disajikan dengan gaya tradisional dan rasanya cukup enak untuk lidahku. 
",0.9695556163787842
"Regane larang banget, padahal panganan sing didol panganan indonesia umume. Padahal kanggo nikmati panganan kaya ngene iki ing panggonan liyane adoh luwih murah. Sega goreng wae ing kene larang banget banget! Jengkel.","Harganya terlalu mahal, padahal makanan yang dijualkan makan indonesia umumnya. Padahal untuk menikmati makanan sejenis di tempat lain jauh lebih murah. Nasi goreng saja di sini mahal banget banget! Kesal.","Makanan ini terlalu mahal, padahal makanan yang dijual adalah makanan Indonesia yang umum. Padahal untuk menikmati makanan seperti ini di tempat lain jauh lebih murah. Nasi goreng saja di sini terlalu mahal! Jengkel. 
",0.9594372510910034
Ana ing akun mycare ku sek keblokir kuwi wis aku tambahake nomer im3 ku sek anyar,Dalam akun mycare saya yang terblokir tersebut sudah saya tambahkan nomer im3 saya yang baru,"Aku di akun mycare ku sek keblokir kuwi sudah aku tambahkan nomor IM3 ku sek baru. 
",0.9129925966262817
120 peserta sing lulus iki bakale dibagi dadi 4 kelas karo jumlah masing masing 30 murid,120 peserta yang lulus ini akan dibagi menjadi 4 kelas dengan jumlah masing masing 30 siswa.,"120 peserta yang lulus ini akan dibagi menjadi 4 kelas dengan jumlah masing-masing 30 siswa. 
",0.9904987215995789
"Apa iki, regane larang, pelayanane jan mines!","Apa ini, harga mahal, pelayanan minus!","Apa ini, ragamnya larangan, pelayannya bukan aku! 
",0.9000755548477173
Aku ketemu karo deknen ing asrama panggonan dhewe manggon nalika isih mahasiswa,Saya bertemu dengannya di asrama tempat kami tinggal semasa mahasiswa dulu,"Saya bertemu dengan adik perempuan saya di asrama tempat dia tinggal saat masih mahasiswa. 
",0.9297446608543396
"Endi ki suwe banget konfirmasine? Iki uwis dibayar, uwis ngirimne bukti transfer, nanging e - tiket pancet ora metu? Aku gela, wegah digantung ngene.","Mana nih lama sekali konfirmasinya? Ini sudah dibayar, sudah mengirimkan bukti transfer, tetapi e - tiket tetap tidak keluar? Saya kecewa, tidak mau digantung begini.","Endi ini sudah lama konfirmasi nya? Ini sudah dibayar, sudah mengirim bukti transfer, tapi e-tiketnya belum keluar? Aku gelisah, tidak mau digantung begini. 
",0.9531821608543396
"Ndelok film indonesia ning tv iki, kadang nggarai pegel. Merga kayak-kayake indonesia ora ana masalah, merga kabeh lagi mlaku-mlaku ning luar negeri.","Menonton film indonesia di tv ini, kadang bikin jengkel. Karena seakan-seakan indonesia tidak ada masalah, karena semuanya lagi jalan-jalan di luar negeri.","Menonton film Indonesia di televisi ini, kadang membuatku bosan. Karena kayak-kayaknya masalah di Indonesia tidak ada, karena semuanya lagi jalan-jalan di luar negeri. 
",0.9653576016426086
"Dasare ora ngerti kahanan kowe! Sinau beladiri udu nggo disombongke! Nanging kanggo nglindhungi awake dhewe! Gurumu dantemi apa maneh uwong tuwamu! Dasar iblis kowe, nyawa dibayar nyawa! Kowe ndhuwe utang siji nyawa! Lan nyawamu sing dadi bayarane!?","Dasar tak tau diri kau! Belajar beladiri bukan untuk di sombongkan! Tapi untuk melindungi diri sendiri! Guru lu aja lu pukulin apalagi orang tua lo! Dasar iblis kau, nyawa di bayar nyawa! Lu punya hutang satu nyawa! Dan nyawa lo yang jadi bayarannya!?","Dasar tidak mengerti keadaanmu! Belajar bela diri bukan untuk disombongkan! Tapi untuk melindungi diri sendiri! Guru dan temanmu apa lagi orang tuamu! Dasar iblis kamu, nyawa dibayar nyawa! Kamu punya utang satu nyawa! Dan nyawamu yang menjadi bayarannya!? 
",0.9495804309844971
"Lak nyang mangkok iwak pitik mesti tuku kwetiaew sirame, lak didelok kayake sing sitik, nangis pas dipangan beh, akeh banget lak kanggo porsiku, kwetiaw sirame sik juara ning kene timbang nggon liya, tenan. Sambele uga sekeca banget karo seleraku.","Kalau ke mangkok ayam pasti beli kwetiaw siramnya, kalau dilihat seperti yang sedikit, tetapi pas dimakan beuh, banyak sekali kalau buat porsi saya, kwetiaw siramnya masih juara di sini dari pada di tempat lain, sungguh. Sambelnya juga sesuai banget sama selera saya.","""Mie ayam yang pakai kwetiaw siram mesti dibeli, rasanya enak sekali, sedikit, nangis pas makan karena banyak banget untuk porsiku, kwetiaw siramnya juara di sini dibanding yang lain, beneran. Sambalnya juga enak banget sesuai selera."" 


",0.9257475137710571
Atlet enom tanah air melu serpong run 2018 dinggo ajang nguji coba,Atlet muda tanah air ikuti serpong run 2018 untuk ajang uji coba,"Atlet muda tanah air berpartisipasi dalam lomba lari 2018 sebagai ajang uji coba. 
",0.9257926940917969
"Penting lan sebarno negriku sing wis lara, pas oknum aparat dadi keparat, sing pener disalahne lan sing salah dipenerne","Penting dan sebarkan negeriku yang sudah sakit, kala oknum aparat jadi keparat, yang benar disalahkan dan yang salah dibenarkan","Penting dan sebarkan negeri ini yang sudah luka, ketika oknum aparat menjadi keji, yang benar disalahartikan dan yang salah dibenarkan. 
",0.9562392234802246
Bis harapan jawa adoh luwih kapenak dibanding sing liyane,Bus harapan jaya jauh lebih nyaman dibandingkan yang lainnya,"Harapan Jawa lebih luas daripada yang lain. 
",0.8829725384712219
Tinggalen ae lak awakmu pancene wis waleh karo pacarmu lan pacaran ora ana gunane kanggo awakmu.,Tinggalkanlah kalau kamu memang sudah bosan sama pacar mu dan pacaran tidak ada gunanya buat kamu.,"Kamu sudah pasti putus dengan pacarmu, dan pacaran tidak berguna untukmu. 
",0.9264888167381287
"Isih percoyo karo omongane? Dee sing nutup rapet-rapet bobroke sifate, dee uga sing mbukak tabir aibe.","Masih percaya sama omongannya? Dia yang menutup rapat-rapat kebobrokan sifatnya, dia juga yang membuka tabir aibnya.","Masih percaya dengan perkataannya? Dia yang menutup rapat-rapat justru membongkar sifatnya, dia juga yang membuka tabir rahasia. 
",0.9503825902938843
"Kafe iki, nduwe pirang-pirang cemilan sing top banget, tahu ning lumboenk karo vulkano risols jenenge. Sensasine unik saka wujude karo rasane nggarai sir maneh si maneh, dinggo sing penasaran oleh njajal wis.","Kafe ini, punya beberapa cemilan yang top banget, tahu di lumboenk sama vulkano risols namanya. Sensasi unik dari tampilan sama rasanya bikin mau lagi mau lagi, bagi yang penasaran boleh dicoba deh.","Kafe ini punya banyak camilan yang enak sekali, tahu bulat dan vulkano risoles namanya. Sensasinya unik dari bentuknya dan rasanya bikin nagih terus, sampai yang penasaran untuk mencobanya.  
",0.9071078300476074
2018 kpk nduweni tekad kanggo nuntaskae kasus e-ktp lan lbi.,2018 kpk bertekad menuntaskan kasus e-ktp dan blbi.,"Pada tahun 2018, KPK memiliki tekad untuk menuntaskan kasus e-KTP dan LBI. 
",0.9151632189750671
Namung penerbangan ing indonesia sing ora tahu ngeregani wektu. Uwis mbayar larang pelayanane tetep nguciwakake,Cuma penerbangan di indonesia yang tidak pernah ngehargai waktu. Sudah bayar mahal tetap pelayanannya mengecewakan,"Hanya penerbangan di Indonesia yang tidak menghormati waktu. Sudah membayar mahal pelayanannya tetap mengabaikan. 
",0.9393379092216492
"Kanggo layanan bank ing akhir pekan sing lokasine ing bekasi, bapak isa teka marang kantor cab bank mandiri bekasi juanda","Untuk layanan bank di akhir pekan yang berlokasi di bekasi, bapak dapat datang ke kantor cab bank mandiri bekasi juanda.","Untuk layanan bank di akhir pekan yang lokasinya di Bekasi, Bapak bisa datang ke kantor cabang Bank Mandiri Bekasi Juanda. 
",0.9532355070114136
susah banget ndelok segara sing saiki reget didadekake panggonan guwak sampah sembarangan,Sedih banget melihat laut yang sekarang kotor dijadikan tempat buang sampah sembarangan,"Sangat susah melihat laut yang sekarang menjadi tempat pembuangan sampah sembarangan.  
",0.9392082691192627
"Salah siji panggon mangan lan panggon nangkring sing direkomendasikne kanca sing oke banget. Panggone pancene lumayan munggah lak saka kutha, lan rodok mlebu-mlebu sampek ora ketok lak saka dalan utama. Nanging panganane enak, panggone asik, regane uga standar. Sik sumbut karo regane lah. Oleh lak nyang Malang dolan mrene maneh.","Salah satu tempat makan dan tempat nongkrong yang direkomendasikan teman yang oke sekali. Tempatnya memang lumayan naik kalau dari kota, dan agak masuk-masuk sampai tidak terlihat kalau dari jalan utama. Tapi makanannya enak, tempatnya asik, harganya juga standar. Masih sepadan dengan harga lah. Bolehlah kalau ke Malang datang ke sini lagi.","Salah satu tempat makan dan nongkrong yang direkomendasikan teman yang oke banget. Tempatnya memang lumayan jauh dari kota, dan masuk-masuk sampai tidak kelihatan dari jalan utama. Tapi makanannya enak, tempatnya asyik, harganya juga standar. Sik sumbut dengan harganya lah. Oleh karena itu, yang Malang liburan lagi mampir lagi. 
",0.9490711092948914
On the spot lagi tayang ing trans7,On the spot sedang tayang di trans7,"Sedang tayang di Trans7.  
",0.8834046125411987
"Bener-bener iwak pitik goreng sing gurih lan nggarai aku ketagihan, sambel sing pedes nggarai sensasi mangan luwih mantep karo sega anget lan es teh manis","Benar benar ayam goreng yang gurih dan membuat saya ketagihan, sambal yang pedas membuat sensasi makan lebih mantap dengan nasi hangat dan es teh manis","Benar-benar ikan goreng yang gurih dan menggugah selera, sambal yang pedas menambah sensasi makan lebih enak dengan nasi hangat dan teh manis. 
",0.9529045820236206
Aku wis ndaftar namung ora entuk sms seka 5111.,Saya sudah registrasi tapi tidak dapat sms dari 5111.,"Saya sudah mendaftar tetapi tidak mendapat SMS dari 5111. 
",0.970600426197052
"Mumpung lagi mlaku-mlaku marang bandunh sekaliyan nyempatake nyoba batagor sek paling enak ing kota kembang iki nganti ora sadar dhewe mesen luwih akeh seka kapasitas mangan dhewe wong loro: Bakso tahu goreng, siomay goreng lan batagor kuah, ayam kremes, lan es cendol lan dhewe uga kudu mbungkus mulih tahu yun yin pesenan dhewe akhire.","Mumpung sedang berjalan-jalan ke bandunh sekalian menyempatkan mencoba batagor yang terenak di kota kembang ini sampai tidak sadar kami memesan lebih banyak dari kapasitas makan kami berdua: Bakso tahu goreng, siomay goreng dan batagor kuah, ayam kremes, dan es cendol dan kami masih harus membungkus pulang tahu yun yin pesanan kami akhirnya.","Karena sedang jalan-jalan ke Bandung, saya sempatkan mencoba batagor yang katanya paling enak di kota kembang ini sampai tidak sadar memesan lebih banyak dari kapasitas makan saya sendiri untuk dua orang: Bakso tahu goreng, siomay goreng dan batagor kuah, ayam kremes, dan es cendol. Saya juga harus membungkus tahu yun yin pesanan saya untuk dibawa pulang. 


",0.9528624415397644
"Njajal pesen shabu-shabu, menu anyar ning gading resto. Kuwalitas rasane cukup enak, regane kejangkau uga. Rekomendasi lak nggawa tamu utawa mung mangan wengi karo kaluwarga.","Mencoba memesan shabu-shabu, menu baru di gading resto. Kualitas rasa cukup enak, harga terjangkau pula. Rekomendasi bilamana membawa tamu atau sekadar makan malam bersama keluarga.","Mencoba pesan shabu-shabu, menu baru di restoran Gading. Rasanya cukup enak, harganya juga terjangkau. Rekomendasi untuk mengajak tamu atau hanya makan malam bersama keluarga. 
",0.965839684009552
Oke. Wis tak kirim lewat pesen langsung,Oke. Sudah saya kirim via pesan langsung,"Oke. Sudah saya kirim lewat pesan langsung. 
",0.975573718547821
"Kasamrawutan sing kadadean akhir debat loro pilgub jabar ing 14 mei 2018 sing kepungkur, marakke silang pendapat saka para kontestan debat.","Kericuhan yang terjadi pengujung debat kedua pilgub jabar pada 14 mei 2018 yang lalu, menimbulkan silang pendapat dari para kontestan debat.","Kericuhan yang terjadi di akhir debat kedua pilgub jabar pada 14 Mei 2018 yang berakhir, memicu silang pendapat dari para kontestan debat. 
",0.9761745929718018
Isuk iki lali nyepot helm mas gojek bar mudun saka motor gara-gara nguber bis,Pagi ini lupa lepas helm abang gojek setelah turun dari motor gara-gara mengejar bus,"""Sibuk ini lupa pakai helm mas gojek baru jatuh dari motor gara-gara ngeuber bis"" 
",0.91763836145401
"Restoran iki tansah top. Suasanane nyaman banget kanggo ngobrol karo kanca, sedulur utawa pasangan. Panganane uga enak. Sanajan aku biasane ora mangan abot. Soale paling seneng marang mrene sore nyedhak mbengi","Restoran ini selalu top. Suasananya nyaman banget buat ngobrol dengan teman, saudara atau pasangan. Makanannya juga enak. Walaupun saya biasanya tidak makan berat. Soalnya paling suka ke sini sore menjelang malam","Restoran ini selalu enak. Suasananya nyaman banget buat ngobrol sama teman, saudara atau pasangan. Masakannya juga enak. Meskipun aku biasanya nggak makan banyak. Soalnya paling senang makan sore sampai malam. 
",0.9715659022331238
"Menu sing dhewe pesen urang, sapi, sapo kabehane enak, sampurna dimasake, rasane pas, kuwalitase dhuwur. Panggonane amba, pelayanane oke tenan. Kabehane grapyak lan grapyak karo bocah-bocah","Menu yang kita pesan udang, sapi, sapo semuanya enak, sempurna dimasaknya, rasanya pas, berkualitas tinggi.  Tempat luas, pelayanan oke banget. Semuanya ramah dan ramah sama anak-anak","Menu yang kita pesan sendiri, sapi, sapo semuanya enak, sempurna dimasak, rasanya pas, kualitasnya tinggi. Tempatnya luas, pelayannya oke banget. Semua enak dan cocok untuk anak-anak.  
",0.9591422080993652
"Kesel ngantri, kesel golek panggon lungguh, kesel lungguh. Dinggo sing ora nduwe wektu suwe lan wis keluwen, mending ora mrene. Aku mrene pas liburan bodo panganan ning ruko-ruko kene uga rodok larang lan rasane standar.","Capek mengantre, capek mencari tempat duduk, cape duduk. Buat yang tidak punya waktu lama dan sudah kelaperan, mendingan tidak ke sini. Saya ke sini pas liburan lebaran makanan di ruko-ruko sekitar sini juga rada mahal dan rasanya standar.","Bosan antri, bosan cari tempat duduk, bosan duduk. Kalau yang tidak punya waktu lama dan sudah lama, mending tidak usah. Aku antri pas liburan makan di kios-kios sini juga ramai dan rasanya standar. 
",0.9207524657249451
"Warung mangan nduwe suasana sing nyaman karo gaya kampung lawas. Luwih sekeco diparani wektu sore sampek dina wengi ning kahanan sing luwih romantis karo cahyaning remeng-remeng saka obor lan geni unggun. Panganan sing disajikne rena-rena, mulai panganan indonesia sampek panganan eropa serba ana. Cocok sanget kanggo ngentekne wektu karo kanca lak keluarga.",Resto ini memiliki suasana yang nyaman dengan gaya kampung tradisional. Lebih cocok dikunjungi saat sore hingga malam hari di suasana lebih romantis dengan cahaya temaram dari obor dan api unggun. Makanan yang disajikan bervariasi mulai makanan indonesia sampai european makanan serba ada. Sangat cocok untuk menhabiskan waktu bersama teman atau keluarga.,"Warung makan ini memiliki suasana yang nyaman dengan gaya kampung lawas. Lebih cocok dikunjungi di waktu sore hingga malam hari dengan suasana yang lebih romantis dengan cahaya remang-remang dari obor dan api unggun. Makanan yang disajikan beragam, mulai dari makanan Indonesia hingga makanan Eropa semuanya tersedia. Cocok sekali untuk menghabiskan waktu bersama teman atau keluarga. 
",0.9494689702987671
"Menu masakan sing disajekne lumayan rena-rena karo rasa sing lumayan enak, kabehe pelayan lan wektu pelayanane ya cukup apik dadi awakdewe wareg mangan awan ning kana, mung nata panggene restoran sing mestere rena-rena munggah - mudun dadi kudu luwih ngati-ati dinggo wong tua lan bocah cilik, muga-muga isa luwih ditingkatne pelayanane lan rena-rena menune. Sukses terus kanggo boemi mitoha.","Menu masakan yang disajikan lumayan bervariasi dengan rasa yang lumayan enak, jumlah pelayan dan waktu pelayanannya pun cukup baik sehingga kami puas makan siang di sana, hanya tata letak restoran yang lantainya bervariasi naik - turun sehingga harus ekstra hati-hati untuk orang tua dan anak kecil, semoga bisa semakin ditingkatkan pelayanan dan variasi menunya. Sukses selalu untuk boemi mitoha.","Menu masakannya yang disajikan cukup sederhana dengan rasa yang cukup enak, pelayanan dan waktu pelayananya juga cukup baik jadi saya merasa nyaman makan di sini, hanya saja lantai restoran yang agak naik turun perlu lebih diperhatikan untuk orang tua dan anak kecil, semoga bisa lebih ditingkatkan pelayanannya dan menu makanannya. Sukses terus untuk pemiliknya. 
",0.9422324299812317
"Tagihan mencolot loro kali lipat amarga promo entek tanpo kabar, ora bener iki.","Tagihan melonjak dua kali lipat gara-gara promo habis tanpa pemberitahuan, tidak benar ini.","Tagihannya mencolot dua kali lipat karena promo tidak ada kabar, tidak benar ini. 
",0.9372124671936035
Njaluk informasine babagan daftar rega klambi kang didhol.,Minta informasi tentang daftar harga baju yang sedang dijual,"Meminta informasi tentang daftar harga pakaian yang tersedia. 
",0.9274299740791321
Aku tansaya sengit karo jne amarga pangirimane mesthi telat,Saya semakin membenci jne karena pengirimannya selalu telat,"Aku kesal sekali dengan JNE karena pengirimannya pasti terlambat. 
",0.8836655616760254
"Ora koyo warung mangan lan kafe biasane, konsep panggonane digawe unik. Akeh lampu-lampu, gambaran, semiantik. Panganan lan ombenane lumayan pas enak, sing garai kaget pas ndelok daftar menune. Ragene wuooow pas banget ning sak. Lan sing mesti rega mirah ora nggarai rasane maleh seje, pancet enak lan berkualitas.","Tidak seperti kebanyakan restoran dan kafe lain, konsep tempatnya dibuat unik. Banyak lampu-lampu, lukisan, semi antik. Makanan dan minuman lumayan cukup enak, yang buat kaget pas melihat daftar menunya. Harganya wuooow pas banget di kantong. Dan yang pasti harga murah tidak buat rasa jadi beda, tetap enak dan berkualitas.","Tidak seperti warung makan dan kafe biasa, konsep tempatnya dibuat unik. Banyak lampu-lampu, gambar, semi-antik. Makanan dan minumannya lumayan enak, yang membuat kaget saat melihat daftar menunya. Ragamnya wow pas banget di setiap sajiannya. Dan yang pasti harganya murah tidak membuat rasanya mengecewakan, tetap enak dan berkualitas. 
",0.9484763741493225
"Ana ing lantai 1 hotel yaiku lantai paling dhuwur, nyajikake pemandangan luar biasa ing arah bukit sing dithukuli wit-witan. Seger, resik, penak, luar biasa!","Terletak di lantai 1 hotel yang merupakan lantai tertinggi, menyajikan pemandangan luar biasa ke arah bukit yang ditumbuhi pepohonan. Segar, bersih, nyaman, luar biasa!","Aku di lantai 1 hotel ini adalah lantai paling atas, menawarkan pemandangan luar biasa menghadap bukit yang ditumbuhi pohon-pohon. Segar, bersih, menakjubkan, luar biasa! 
",0.9503238797187805
Sakdurunge aku lan pasangan mulih marang jakarta. Aku mampir ndhisik ing restoran iki. Pemandangane apik lan panganane uga murah meriah. Rekomendasi tenan,Sebelum saya dan pasangan pulang ke jakarta. Saya mampir dahulu ke restoran ini. Pemandangannya keren dan makanannya pun murah meriah. Rekomendasi sekali,"Sebelum aku dan pasangan pulang ke Jakarta, aku mampir makan di restoran ini. Penampilannya bagus dan makanannya juga murah meriah. Sangat direkomendasikan. 
",0.9524340033531189
Ngerasa bosen loh karo sakabehane. Bosen tenan ngelakokake rutinitas sing ngono-ngono wae.,Merasa jenuh loh sama semuanya. Bosen sekali melakukan rutinitas yang gitu-gitu saja.,"Rasanya bosan sekali dengan semua ini. Bosan sekali melakukan rutinitas yang itu-itu saja. 
",0.930036723613739
Eman kothake sing tekan lumayan penyok,Sayang kotaknya yang sampai agak penyok,"Banyak yang datang cukup penyok. 
",0.9071133136749268
Kapisan njajal uwis disuguhi karo lalaine pelayan sing marakake dhewe ngenteni suwi wae 4 lagu marcell. Banjur uwis suwi ya ora sida pesenlah. Ora peduli arep enak kaya ngapa yen pelayanane elek karepe sing jenenge rasa.,Pertama mencoba sudah disuguhi dengan kelalaian pelayan yang bikin kita menunggu lama aja 4 lagu marcell. Terus sudah lama ya tidak jadi pesanlah. Tidak peduli mau enak kayak apa kalau pelayanannya buruk terserahlah yang namanya rasa.,"Sudah lama menunggu, disuguhi oleh pelayan lain yang sibuk dengan dirinya sendiri hingga menunggu lama, sekitar 4 lagu Marcell. Setelah itu sudah lama, ya tidak apa-apa, pesanlah. Tidak peduli mau enak seperti apa, kalau pelayannya buruk, rasa yang namanya rasa. 


",0.9141430258750916
"Sego rawone enak banget, regane murah. Cedak universitas parahyangan. Panggonane unik nganggo kayu-kayu.","Nasi rawonnya sangat enak, harga terjangkau. Dekat universitas parahyangan. Tempatnya unik dengan kayu-kayu.","Nasi rawon enak sekali, harganya murah. Dekat universitas Parahyangan. Tempatnya unik dengan menggunakan kayu-kayu. 
",0.9791368842124939
"Pesen soto karo iga bakar, ditambah suwasana sing adem. Rasane enak lan dilayani kanthi grapyak karo mbak diah, tisna, echa. Uwis ping pindo teka mrene lan mesthi marem karo kualitas panganan lan pelayanan:","Order soto sama iga bakar, ditambah suasana yang dingin. Rasanya enak dan dilayani dengan ramah sama mbak diah, tisna, echa. Sudah dua kali datang ke sini dan selalu puas dengan kualitas makanan dan pelayanan:","Pesan soto dengan iga bakar, ditambah suasana yang nyaman. Rasanya enak dan dilayani dengan ramah oleh mbak Diah, Tisna, dan Echa. Semoga pingin datang lagi dan pasti puas dengan kualitas makanan dan pelayanannya. 
",0.9520967602729797
"Youtube akeh banget manfaate. Isa nonton film, ngrungokake lagu, kala-kala kanggo sinau.","Youtube banyak sekali manfaatnya. Bisa nonton film, dengar lagu, kadang untuk belajar.","YouTube sangat bermanfaat. Bisa untuk menonton film, mendengarkan lagu, dan terkadang untuk belajar. 
",0.9548715353012085
"Udan ing dina isuk tenan marakna kesel, macet lan rega ojol dadi tenan ora isa dikendalikake marakna eneg","Hujan di pagi hari sungguh sangat kesal, macet dan harga ojol jadi super tak terkendali bikin eneg","Hujan di pagi hari ini benar-benar memicu kemacetan, dan harga ojek online menjadi sangat tidak terkendali, benar-benar membuat jengkel. 
",0.9121168851852417
"Panganane lumayan enak-enak ing hawa anyes lan akeh variasine mulai saka restoran burangrang, saung purbasari lan area foodcourte.","Makanannya lumayan enak-enak di udara dingin dan banyak variasinya dari mulai restoran burangrang, saung purbasari dan area foodcourtnya.","Makanan lumayan enak-enak di cuaca yang sejuk dan banyak variasinya mulai dari restoran cepat saji, saung, dan area foodcourt. 
",0.9484649300575256
Tulung golekake alamat uwong iki. Bakal aku jak duel kaya uwong lanang nganggo samurai. Deknen uwis ngece ibuku sing paling aku tresnani lan hormati.,Tolong carikan alamat orang ini. Akan saya ajak duel secara jantan pakai samurai. Dia telah menghina ibuku yang paling aku cinta dan hormati.,"Tolong cari alamat orang ini. Aku akan menantangnya duel seperti laki-laki dengan samurai. Dia telah menyinggung ibuku yang paling aku cintai dan hormati. 
",0.9415277242660522
"Panggon ngombe kopi cedek kampus UI, vietnamese kopi -ne enak, regane relatif sedeng, cocok dinggo ngontemplasi karo nggarap tesis","Tempat minum kopi dekat kampus UI, vietnamese kopi -nya enak, harganya relatif sedang, cocok untuk berkontemplasi sembari mengerjakan tesis","Tempat minum kopi dekat kampus UI, kopi vietnamnya enak, harganya relatif murah, cocok untuk mengerjakan tesis sambil menikmati suasana. 
",0.9475827217102051
"Panganane enak, lan pemandangane apik tenan,. Mung sing menyang lawangwangine kurang dadi ora kabeh uwong bisa ngerti yen lawangwangi ana nang kono kajaba wong sek lewat.","Makanannya enak, dan viewnya amazing,. Hanya sing menuju lawangwanginya kurang jadi tidak semua orang bisa tahu ada lawangwangi di situ kecuali orang yang lewat.","Rasanya enak, dan penampilannya bagus sekali. Hanya saja, bagian aromanya kurang jadi tidak semua orang bisa mengerti bahwa aromanya ada di sana kecuali orang yang lewat. 
",0.926302969455719
Aku mulai usaha lan ora tau wedi gagal.,Saya memulai usaha dan tidak pernah takut gagal.,"Aku mulai usaha dan tidak tahu takut gagal. 
",0.9582092761993408
Panggonan mangan kanthi nuansa doraemon. Rega panganane murah lan akeh pilihan. Panggonane ora patia amba nanging nyaman. Nang lantai 2 digawe kaya kamare nobita lkp kanthi meja sinau mesin waktu lan lawang nang ndi wae. Akeh golekan doraemon lan komik-komik sek isa diwaca sawetara ngenteni panganan. Kajaba iku sinambi ngrasakake panganane dhewe isa nonton film doraemon. Anakku seneng mangan. Lanjutan,Tempat makan dengan nuansa doraemon. Harga makanannya murah dan banyak pilihan. Tempatnya tidak terlalu luas tapi nyaman. Di lantai 2 di buat menyerupai kamar nobita lkp dengan meja belajar mesin waktu dan pintu ke mana saja. Banyak boneka doraemon dan komik-komik yang bisa dibaca saat menunggu makanan. Selain itu sambil menikmati hidangan kita bisa menonton film doraemon. Anak saya senang makan. Lanjutan,"Tempat makan dengan nuansa Doraemon. Harganya murah dan banyak pilihan. Tempatnya tidak terlalu luas tapi nyaman. Di lantai 2 dibuat seperti kamar Nobita lengkap dengan meja belajar mesin waktu dan jendela yang menghadap ke luar. Banyak koleksi Doraemon dan komik-komik yang bisa dibaca sambil menunggu makanan. Selain itu sambil menikmati makanannya juga bisa menonton film Doraemon. Anakku senang makan di sini. Lanjutan 
",0.9564548134803772
"Aku nyang kafe dipakar bareng keluarga, pemandangane pancene keren banget. Panganane uga eco-eco. Dinggo nyantai nikmati sing disajikne lan pemandangane ning dipakar nyenengna banget. Awakdewe mrana dina minggu, lan rame banget sing dolan. Nanging ora ngenteni suwe, awakdewe langsung entuk meja. Dinggo panganan, bar awakdewe pesen ora kudu ngenteni suwe, panganan wis teka. Dinggo foto-foto uga apik banget.","Saya ke kafe dipakar bersama keluarga, pemandangannya memang keren banget. Makanannya juga enak-enak. Untuk bersantai menikmati sajian dan pemandangan di dipakar sangat menyenangkan. Kami ke sana hari minggu, dan sangat ramai pengunjung. Tapi tidak menunggu lama, kami langsung dapat meja. Untuk makanan, setelah kita order tidak perlu menunggu lama, makanan sudah datang. Untuk foto-foto juga sangat bagus.","Aku pergi ke kafe bersama keluarga, pemandangannya memang keren banget. Makanan nya juga enak.  Tenang menikmati yang disajikan dan pemandangannya di kafe ini sangat menyenangkan. Kami datang di hari Minggu, dan ramai sekali yang berlibur. Tapi tidak lama menunggu, kami langsung mendapat meja.  Setelah melihat menu, kami langsung memesan tidak perlu menunggu lama, makanan sudah datang.  Pemandangannya juga bagus banget untuk foto-foto. 


",0.9478755593299866
"Ora salah maneh iki kafe modern salah siji senengane wong depok kanggo mangan, nglumpuk tenanan panggone nyaman soale.","Tidak salah lagi ini kafe modern salah satu favorit warga depok buat makan, berkumpul seriusan tempatnya nyaman soalnya.","Ini kafe modern salah satu favorit warga Depok untuk makan, karena tempatnya nyaman dan cocok untuk berkumpul.  
",0.9433217644691467
Kesel wae karo kelakuan nyinyir terus kelompok sebelah.,Kesal saja dengan kelakuan nyinyir terus kelompok sebelah.,"Kesal banget sama kelakuan nyinyir terus kelompok sebelah. 
",0.9693226218223572
"Aku seneng mangan ning kene merga menu iwak pitike enak lan empuk, sambele pas ning ilat lan kahanane restorane uga nyaman. Liyane iku pelayanane uga apik lan regane mirah.","Saya suka makan di sini karena menu ayamnya enak dan empuk, sambal pas di lidah dan suasana restorannya juga nyaman. Selain itu pelayanan juga bagus dengan harga terjangkau.","Aku senang makan di sini karena menunya ikan goreng enak dan empuk, sambalnya pas di lidah dan suasana restoran juga nyaman. Selain itu pelayannya juga baik dan harganya murah. 
",0.9744900465011597
Aku ki wis kesel arep nesu-nesu. Ben aku dewe ae wis sing njupuk maneh pakete lan tak kirim lewat ekspedisi liya ae. Gela pol embuh ping pira.,Gue itu sudah capek mau marah-marah. Biar gue sendiri aja deh yang ambil lagi paketnya dan gue kirim via ekspedisi lain saja. Kecewa berat entah keberapa kalinya.,"Saya sudah bosan ingin mengirimnya sendiri. Benar saja, saya sendiri yang mengambil paket lagi dan akan mengirimkannya melalui ekspedisi lain saja. Jangan khawatir, pasti sampai dengan baik.  
",0.8933497667312622
"Reunion house iki wis tenan direkomendasikake kanggo mangan awan nang bandung. Panggonane kepenak, asyik kanggo nyantai guyonan karo sapa bae. Menune uga oke tenan.","Reunion house ini direkomendasikan banget buat makan siang di bandung. Tempatnya nyaman, asyik buat santai mengobrol bareng siapa saja. Menunya juga oke banget.","Rumah makan ini sudah benar-benar direkomendasikan untuk makan siang di Bandung. Tempatnya nyaman, asyik untuk bersantai dan bercanda dengan siapa saja. Menunya juga oke banget. 
",0.9533695578575134
Dingge meruhi promo-promo sing lagi ana ning tokopedia awakmu isa marani halaman iki.,Untuk mengetahui promo-promo yang sedang berlangsung di tokopedia kamu dapat mengunjungi halaman berikut.,"Lihat promo-promo yang sedang ada di Tokopedia, kamu bisa mendapatkannya di halaman ini. 
",0.9425907731056213
"Jarene jam iki anti banyu, nanging dienggo renang tok uwis mati","Katanya jam ini water resist, tapi dipakai berenang doang sudah mati","Airnya sekarang ini seperti air, tapi untuk berenang sudah mati. 
",0.9054880738258362
Suasane asri. Akeh sing dodolan panganan. Panggonan sing nggo nongkrong lan kafene cocok kanggo kunjungan. Dhewe ndhuwe wektu belanja ing supermarket. Regane uga ora larang. Suasanane ing njero malle penak. Acne anyeslah. Lan barang-barang merekane mantap tenan lan akeh potongan rega,Suasananya asri. Banyak jualan makanan. Tempat nongkrong dan cafenya cocok untuk berkunjung. Kami sempat belanja disupermarket. Harganya juga tidak mahal. Suasana di dalam mallnya nyaman. Acnya dinginlah. Dan barang-barang brandednya mantap sekali dan banyak diskon,"Suasana asri. Banyak yang berjualan makanan. Tempat yang cocok untuk nongkrong dan kafe cocok untuk kunjungan. Saya sendiri menghabiskan waktu berbelanja di supermarket. Harganya juga tidak mahal. Suasananya di dalam mall tenang. Ada yang baru. Dan barang-barang mereka bagus sekali dan banyak potongan harga. 
",0.9463557600975037
Pemikirane sempit nanging ngrumangsa paling bener mangkel banget aku,Pemikiran sempit tapi sok benar kesal banget aku,"Pikirannya sempit tapi ngerasa paling benar, bikin aku kesal banget.  
",0.911941647529602
Sek foto karo uwong kuwi udu adike bang doni. Jijik ah foto karo uwong kuwi.,Yang foto sama orang itu bukan adik bang doni. Jijik ah foto sama orang itu.,"Satu foto dengan orang itu saja adikku Bang Doni. Mual ah foto dengan orang itu. 
",0.9285903573036194
"Sakwijining musibah lagi wae kena kampung adat ning bajawa, flores. Kebakaran gedhe sing kadadean ing senin 13 / 8 sore ameh ngobongake kabeh kampung. Total 27 saka 33 omah adat sing ana entek dipangan geni bareng kabeh crita lan sejarahe.","Sebuah musibah baru saja menimpa kampung adat di bajawa, flores. Kebakaran hebat yang terjadi pada senin 13 / 8 sore hampir menghanguskan seluruh kampung. Total 27 dari 33 rumah adat yang ada habis dilalap api bersama semua cerita dan sejarahnya.","Sebuah musibah kembali menimpa kampung adat di Bajawa, Flores. Kebakaran besar yang terjadi pada Senin, 13 Agustus sore, membakar seluruh kampung. Total 27 dari 33 rumah adat yang ada hangus terbakar bersama dengan semua cerita dan sejarahnya. 
",0.9513405561447144
Marang rene wektu acara kantor. Ana musik langsung. Menu aneka werna. Cocok yen lunga rame-rame nanging selerane beda-beda. Ramene enak.,Ke sini waktu acara kantor. Ada live musik. Menu beragam. Cocok kalau pergi ramai-ramai tapi seleranya beda-beda. Ramennya enak.,"Sekarang waktu acara kantor. Ada musik langsung. Menunya beragam warna. Cocok kalau pergi ramai-ramai tapi seleranya berbeda-beda.  Rame enak. 
",0.9727914333343506
"Aku karo keluarga mangan mbengi nang panggonan iki amarga kajaba iku menu utamane batagor uga ana menu liyane. Aku mung mesen 2 menu sek akhire teka sakwise 45 menit, kuwi sakwise  kaping pirang-pirang aku takon. Seko rasane sawetara seko menu sek sakwise aku jajal lumayan enak. Sarane sakdhurunge pesen luwih apik takon ndhisik regane piro suwi orane nggawe menu kang dipesen.","Saya bersama keluarga makan malam di tempat ini karena selain menu utama batagor terdapat menu lain. Saya hanya memesan 2 menu yang akhirnya datang setelah 45 menit, itu pun setelah beberapa kali saya tanyakan. Dari segi rasa beberapa menu yang sebelumnya pernah saya coba lumayan enak. Saran sebelum memesan lebih baik tanyakan berapa lama pembuatan menu yang dipesan","Saya dan keluarga makan malam di tempat ini karena selain itu menu utamanya batagor juga ada menu lain. Saya hanya memesan 2 menu sek, akhirnya datang setelah 45 menit, itu sudah beberapa kali saya pesan. Seko rasanya beberapa seko menu sek setelah saya coba lumayan enak. Sarannya sebelum pesan lebih baik tanya dulu rasanya karena beberapa menu rasanya pedas dan orang yang membuatnya tidak tahu. 


",0.9321412444114685
Paket wis ditampa. Rodok gela merga pesen werna ireng dikirim werna kuning.,Paket sudah diterima. Sedikit kecewa karena order warna hitam dikirim warna kuning.,"Paketnya sudah diterima.  Tapi warna yang dipesan hitam dikirim warna kuning. 
",0.9335868954658508
"Aku saka bali, dilalah pas dolan menyang kutho bandung, pas ning sanding kantor gubernur jawa barat alias cedeke gedung sate, awakdewe disarane mangan ning bancakan merga cedek. Bar mlebu awakdewe dikeki piring saka komplong sing wis ora apik eneh, kayake karaten. Akhire awakdewe milih panganan sing awakdewe sir, lan atusan laler miber teka ngendi-ngendi merga wis kadung awakdewe ya pancet mangan. Nggilani pol.","Saya dari bali, kebetulan sedang liburan ke kota bandung, ketika sedang di dekat kantor gubernur jawa barat alias dekat gedung sate, kami di-suggest makan di bancakan karena dekat. Setelah masuk kami pun diberi piring dari kaleng yang sudah tidak bagus lagi, sepertinya berkarat. Akhirnya kami memilih makanan yang kami suka, dan ratusan lalat beterbangan ke mana mana karena sudah terlanjur kami pun tetap makan. Sangat jijik","Saya dari Bali, sedang jalan-jalan ke kota Bandung, saat sedang di dekat kantor gubernur Jawa Barat alias gedung Sate, saya disarankan untuk makan di warung makan di dekat sana. Setelah masuk, saya diberikan piring dari kompor yang sudah tidak bagus lagi, seperti keranjang. Akhirnya saya memilih makanan yang saya inginkan sendiri, dan ratus-ratus lalat datang dari mana-mana karena saya sudah mulai makan.  Sungguh menjijikkan. 


",0.9231586456298828
Ndelok sinetron ae anyak waleh opomeneh nonton isu apus-apus sing diramalke.,Nonton sinetron saja mulai bosan apalagi menonton isu bohong yang diramalkan.,"Menonton sinetron sekarang banyak banget yang opomeneh, nonton isu-isu yang diramalkan. 
",0.9107699990272522
Aku tuku werna-werna roti. Piliane akeh nanging rasane biasa wae. Rotine garing kaya uwis pirang-pirang dina. Ora seger. Pelayanane uga suwi. Nguciwakake.,Saya beli berbagai macam roti. Pilihannya banyak tapi rasanya biasa saja. Rotinya kering seperti sudah berhari-hari. Tidak segar. Pelayanannya juga lama. Mengecewakan.,"Saya membeli roti-roti berwarna-warni. Pilihannya banyak tapi rasanya biasa saja. Roti-rotinya kering seperti yang sudah basi beberapa hari. Tidak segar. Pelayannya juga lama. Tidak enak. 
",0.9286044239997864
Aja lali ngombe banyu mineral 8 -- 10 gelas saben dinane.,Jangan lupa minum air mineral 8 -- 10 gelas per harinya.,"Jangan lupa minum air mineral 8 -- 10 gelas setiap harinya. 
",0.99062579870224
"Panggonane sing apik ing cedak ndhuwur bukit, bisa ndhelok pemandangan kutha saka ndhuwur.","Tempatnya yang indah di dekat atas bukit, bisa lihat pemandangan kota dari atas.","Lokasi yang bagus di dekat bukit, bisa melihat pemandangan kota dari atas. 
",0.9743211269378662
"Numpak grab, mase crita sing wingi kena balangan watu ing dalan.Juanda pas badha jebule anake kancane","Naik grab, abangnya cerita yang kemarin kena lemparan batu di jalan.Juanda saat lebaran ternyata anak temannya","Naik grab, mas cerita yang kemarin kena batu di jalan. Juanda pas lewat juga ada anaknya kancane. 
",0.9159835577011108
Sakkelompok mahasiswa sing bodo. Syukur aku udu mahasiswa daerah kono. Isin woy.,Sekelompok mahasiswa yang bodoh. Syukur deh gue bukan mahasiswa daerah situ. Malu woy.,"Sekelompok mahasiswa yang bodoh. Syukurlah aku bukan mahasiswa daerah sini.  Isin woy. 
",0.9666227102279663
"Restone apik lan gede. Wektu marang rene pas mangan siang lan dina minggu rame tenan pengunjung. Panganane enak enak, gurame goreng lan sambele mantep.","Restonya bagus dan besar. Waktu ke sini saat makan siang dan hari minggu ramai sekali pengunjung. Makanannya enak enak, gurame goreng dan sambalnya mantap.","Restorannya bagus dan besar. Waktu makan siang dan di hari Minggu pengunjungnya ramai sekali. Masakannya enak-enak, gurame goreng dan sambalnya mantap. 
",0.9659472107887268
"Aku klebu salah siji wong sing cukup setia karo kampung daun kat awal bukak tahun 2003 lak ora salah, kualitas panganan awite eco, ket tambah rame lan tambah mrene, panganan sing dirumantekne ora koyo biasane lan arang kading sing ngelayani kesane cuek banget, awakdewe pesen rena-rena macem panganan nanging sing teko kondisine wis anyep lan ora sekeca blas, mung panggone sing apik.","Saya termasuk salah satu orang yang cukup setia dengan kampung daun dari awal buka di tahun 2003 kalau tidak salah, kualitas makanan awalnya oke, tapi semenjak makin ramai dan makin ke sini, makanan yang disajikan tidak seperti biasanya dan terkadang pelayan terkesan cuek sekali, kita mesan beberapa jenis makanan tapi yang datang sudah dengan kondisi dingin dan tidak menarik, tempat menarik.","Saya salah satu orang yang cukup setia dengan kampung halaman sejak awal buka tahun 2003, memang tidak salah, kualitas makanan awalnya enak, tetapi semakin ramai dan semakin ramai, makanan yang dirumuskan tidak seperti biasanya dan pelayanannya kurang baik, saya memesan beberapa macam makanan tetapi yang datang kondisinya sudah basi dan tidak enak, hanya tempatnya yang bagus. 
",0.9301135540008545
Blanja ing Giant diskon 20% kanggo kartu kredit bca.,Belanja di Giant diskon 20% dengan kartu kredit bca.,"Belanja di Giant diskon 20% untuk kartu kredit BCA. 
",0.9754871129989624
"Mas, dalan ning muara bulian anyar, lagek sesasian dibenakne, uwis rusak maneh. Sing nggarap kaya ora tenanan","Kang, jalan di muara bulian baru, baru sebulanan dibenarkan, sudah rusak lagi. Yang mengerjakan seperti tidak serius","Mas, di jalan menuju muara baru itu, lagi-lagi saya merasa kecewa, sudah rusak lagi. Yang mengerjakan seperti tidak serius. 
",0.93321692943573
"Pancen ora enak kejebak macet, nanging luwih ora enak meneh yen kejebak masa lalu","Memang enggak enak terjebak macet, tapi lebih tidak enak lagi kalau terjebak masa lalu","Tentu saja tidak enak kejebak macet, tetapi lebih tidak enak lagi jika kejebak masa lalu. 
",0.9605603218078613
"Sumpah, nyesel tenan nggawe orderan via aplikasi iki. Bisa-bisane tiket ekektronike ora ditokake. Lan proses konfirmasine suwi. Sakdurunge uwis ngalami babagan sing meh pada ing aplikasi sebelah, nanging layanane cepet tenan langsung wenehi solusi. Ora kudu nganti telepon layanan pelanggan ping 4.","Sumpah, menyesal sekali bikin orderan via aplikasi ini. Bisa-bisanya e - ticket tidak issued. Dan proses konfirmnya lama. Sebelumnya pernah mengalami hal yang hampir sama di aplikasi sebelah, tetapi pelayanannya cepat sekali langsung kasih solusi. Tidak harus sampai telpon layanan pelanggan 4 kali.","Sumpah, menyesal banget bikin pesanan lewat aplikasi ini. Tiket elektroniknya nggak bisa di-tok. Dan proses konfirmasinya lama. Sebelumnya pernah ngalamin hal yang hampir sama di aplikasi sebelah, tapi pelayanannya cepat banget langsung kasih solusi.  Nggak perlu nunggu telepon layanan pelanggan sampai 4 kali. 
",0.9481368660926819
"Uwis aku kirim pesen langsunge, tulung ndang dicek","Sudah saya kirim pesan langsungnya, tolong segera dicek","Semoga aku bisa mengirim pesan segera, tolong di cek. 
",0.9080672264099121
"Aku nglakoni 5 transaksi ning tanggal 22 juni, kabeh ditolak nyatane kesuda saka rekening sampek 7 yuta, saka 5 transaksi lagek 3 transaksi sing dibalekne.","Saya melakukan 5 transaksi pada tanggal 22 juni, smuanya decline nyatanya terdebit dari rekening hampir 7 juta, dari 5 transaksi baru 3 transaksi yang dikembalikan.","Saya melakukan 5 transaksi pada tanggal 22 Juni, semuanya ditolak ternyata kesudah dari rekening sampai 7 juta, dari 5 transaksi tersebut 3 transaksi yang dibatalkan. 
",0.9256537556648254
Mayoritas sing nganggo hak pilih ing pemilihan gubernur uwis nentukake pilian.,Mayoritas pengguna hak pilih di pemilihan gubernur telah menentukan pilihan.,"Mayoritas yang menggunakan hak pilih dalam pemilihan gubernur sudah menentukan pilihan. 
",0.9736316800117493
Wis ngenteni jne tibake dee tekane sesuk. Aku pengen nesu,Sudah menunggu jne ternyata dia datangnya besok. Ingin aku marah,"Sudah menunggu JNE sampai sore. Aku ingin makan. 
",0.8752343058586121
"Spotify rumit, kudu nganggo administrasi wulanan mbarang","Spotify ribet, pakai ada administrasi bulanan segala","Spotify rumit, harus menggunakan administrasi bulanan untuk berlangganan. 
",0.9049637913703918
"Pengen mangan oreo wae ribet tenan, mesti diputer - dijilat - dicelupake","Mau makan oreo aja ribet banget sih, mesti diputer - dijilat - dicelupkan","Mau makan oreo aja ribet banget, harus diputar-jilat-dicelupkan. 
",0.9491903185844421
"Ngapuro, udu mung nomerku sing kaya ngono, aku takon kabeh sing nganggo ing daerah kono, ngomongake babagan sing pada, isih uga ora gelem ngaku uga yen tenan sinyale sing elek","Maaf, bukan nomer saya saja yang begitu, saya tanya semua yang pakai di daerah situ, mengatakan hal yang sama, masih tidak mau ngaku juga kalau memang sinyalnya yang jelek","""Sayang, kamu hanya nomor saya yang seperti itu, aku tahu semua orang yang menggunakannya di daerah ini, berbicara tentang hal yang sama, mereka masih belum mau mengakui bahwa sinyalnya memang buruk."" 
",0.911596417427063
"Kisaran siare tulung diambakake, amarga akeh daerah sing hurung isa nikmati siaran net. Matur suwun.","Jangkauan siarnya tolong diperluas, karena banyak daerah yang belum bisa menikmati siaran net. Terima kasih.","Jangkauan siaran bantuan diambil, karena banyak daerah yang terpencil tidak bisa menikmati siaran internet. Terima kasih. 
",0.9508140087127686
"Kok isa ditokne bangunan ing dhuwur kali, ing dalan saka rumah sakit menyang pasar Ciroyom, aneh.","Kok bisa dibiarkan bangunan di atas sungai, di jalan dari rumah sakit menuju pasar Ciroyom, aneh.","Kok bisa ditokne bangunan di atas, di jalan dari rumah sakit ke pasar Ciroyom, aneh. 
",0.9673636555671692
"Krungu lambe saka lambe soal restoran iki, saking penasaran, aku jajal marani. Nanging sayange, lak menurutku biasa ae, ora kaya sing diceritakne wong-wong. Rasane ya biasa-biasa ae, ora sumbut karo regane. Kaya masakan sing tas sinau.","Dengar dari mulut ke mulut tentang restoran ini, saking penasaran, saya coba untuk berkunjung. Tapi sayang, kalau menurut saya, tidak seperti apa yang banyak diceritakan orang. Rasanya biasa-biasanya saja, tidak sesuai saja dengan harganya. Seperti masakan yang baru belajar.","Aku penasaran dengan restoran ini, jadi aku coba. Sayangnya, menurutku biasa saja, tidak seperti yang diceritakan orang. Rasanya biasa saja, tidak sebanding dengan harganya. Seperti masakan yang sudah biasa kita masak.  
",0.9316215515136719
Iphone iki. Kamerane peteng wassalam elek banget ora isa diandalake banget yen males nggawa kamera.,Iphone ini. Kamera gelapnya wassalam jelek banget tidak bisa diandalkan banget kalau malas bawa kamera.,"Iphone ini. Kameranya gelap banget, jelek banget, nggak bisa diandalkan banget kalau males bawa kamera. 
",0.9642160534858704
"Yen ora nduwe dhuwit kanggo tuku komik nanging uga pengen jagongan, teka bae marang rene. Koleksi komike komplit. Panganan ombenae sabenere mung fasilitas tambahan, nanging cukup lumayan. Regane uga murah khas mahasiswa.","Kalau tidak punya uang buat beli komik tapi juga ingin nongkrong, datang saja ke sini. Koleksi komiknya lengkap. Makanan minumannya sebenrnya hanya fasilitas tambahan, tapi cukup lumayan. Harganya juga murah khas mahasiswa.","Jika tidak punya uang untuk membeli komik tapi juga ingin ngobrol, datang saja ke sini. Koleksi komiknya lengkap. Makanan dan minumannya hanya fasilitas tambahan, tapi cukup enak. Harganya juga murah khas mahasiswa. 
",0.9646316170692444
"Aduh pak kok seolah-olah manas-manasi kubu sisih seh? Ojo to pak, iku mengko deweke kabeh tambah cemburu, iren, pegel, nyinyir, mutung kayak bocah cilik, nesu-nesu ora jelas jluntrunge lan tambah bosok ae utek lan atine.","Aduh pak kok seolah-olah memanas - manasi kubu sebelah sih? Jangan dong pak, itu nanti mereka tambah cemburu, iri, dengki, nyinyir, ngambek kayak anak kecil, marah-marah tidak jelas juntrungannya dan makin busuk saja otak dan hatinya.","Aduh Pak, kok seolah-olah merenung di satu sisi saja? Jangan begitu Pak, nanti dia malah tambah cemburu, iri, pegel, nyinyir, sedih kayak anak kecil, bete-bete tidak jelas tujuannya, dan tambah bingung pikiran dan hatinya. 
",0.9168981909751892
"Rekomendasi bangetlah. Cappucinone ketagihan, rega miring, lan valet parkir mbayar sakikhlase. Teka pas arep maghrib mesti luwih seru suwasanane.","Rekomendasi bangetlah. Cappuccinonya ketagihan, harga miring, dan valet parkir bayar seikhlasnya. Datang pas menjelang maghrib pasti lebih seru suasananya.","Sangat direkomendasikan. Cappucinonya bikin ketagihan, harganya murah, dan parkir valet bayar per jamnya. Apalagi pas mau Maghrib pasti lebih seru suasananya. 
",0.935539186000824
Oke bos masiyo hape ujug-ujug ngehank dewe sedina,"Oke bos, walau handphone tiba-tiba ngehank sendiri selama sehari","Oke bos, masih mau ngapain lagi?  
",0.8625914454460144
Panggonan mangan kanthi suasana alam iki paling pas kanggo acara karo pasangan utawa karo kaluwarga. Panganane enak lan regane uga cukup kajangkau,Tempat makan dengan suasana alam ini paling tepat untuk acara dengan pasangan atau dengan keluarga. Makanannya enak dan harga juga cukup terjangkau,"Tempat makan dengan suasana alam ini paling cocok untuk acara dengan pasangan atau keluarga. Makanan enak dan harganya juga cukup terjangkau. 
",0.9852561354637146
Yakin kuwi ikhlas? Tulus? Kuwi udu pencintraan tok ya?,Yakin itu ikhlas? Tulus? Bukannya itu hanya pencitraan saja ya?,"Kamu yakin itu ikhlas? Tulus? Itu cuma cinta ya? 
",0.9170176386833191
"Aku melu lomba blog cinta rupiah bank indonesia - net media lan uwis nyubmit artikel nang 22 desember 2017 kepungkur, nanging sampek saiki status artikelku isih unpublished. Nyuwun tulung dijelasne.","Saya mengikuuti lomba blog cinta rupiah bank indoneisa - net media dan sudah men - submit artikle pada 22 desember 2017 lalu, tapi sampai sekarang status artikel saya masih unpublished. Mohon penjelasannya.","Saya mengikuti lomba blog cinta rupiah bank indonesia - net media dan sudah mengirimkan artikel pada tanggal 22 Desember 2017, tetapi sampai sekarang status artikel saya masih unpublished. Mohon bantuan untuk dijelaskan. 
",0.9428228139877319
"Kafe iki nyediakne panganan tradisional bergaya kafe cah nom. Liyane panggon sing nyaman, rega kelebu mirah lan kejangkau","Kafe ini menyediakan makanan tradisional bergaya kafe anak muda. Selain tempat yang nyaman, harga terbilang murah dan terjangkau","Kafe ini menyediakan makanan tradisional dengan gaya kafe kekinian. Selain tempat yang nyaman, harganya juga terjangkau. 
",0.9467082619667053
"Stasiun tv owol, ora konsisten, nguciwokake panyengkuyunge persib - persiba, ora ndhuwe welas asih marang manungsa! Owol, lan cupu!","Stasiun tv payah, tidak konsisten, mengecewakan pendukung persib - persiba, tidak berprikemanusiaan! Payah, dan cupu!","Stasiun TV bodoh, tidak konsisten, menayangkan pertandingan Persib - Persiba, tidak punya belas kasih pada manusia! Bodoh, dan murahan! 
",0.9160592555999756
"Panggone nyaman lan kesane adem. Satene uga enak lan ana menu liyane maneh ning panggon iki, ora mung sate","Tempatnya nyaman dan berkesan adem. Satenya juga enak dan ada menu lainnya lagi di tempat ini, tidak hanya sate","Tempat ini nyaman dan sejuk.  Sajiannya juga enak dan ada menu lain di tempat ini, bukan hanya sate. 
",0.9578061103820801
"Pemandangane apik kanggo foto-foto, hawane sejuk, panganane rasane enak. Rega uga kajangkau. Mantep.","Pemandangannya bagus untuk foto-foto, udaranya sejuk, makanannya rasanya enak. Harga juga terjangkau. Mantap.","Pandangannya bagus untuk foto-foto, udaranya sejuk, makanannya rasanya enak. Harganya juga terjangkau. Mantap. 
",0.9912601709365845
Adikku seneng banget brownis primarasa,Adikku sangat suka brownis primarasa,"Adikku senang sekali brownies prima rasa 
",0.916314423084259
Akeh klambi lan celono sing didol ning matahari mal,Banyak baju dan celana yang dijual di matahari mal,"Banyak baju dan celana yang dijual di bawah sinar matahari. 
",0.9136536121368408
"Minimal internetku pedhot dumadakan, 1 omah nganggo simpati kabeh semono uga ora isa nyambung internet","Minimal internet saya putus tiba-tiba, 1 rumah pakai simpati semua begitu juga tidak bisa connect internet","Minimal kuota internetku hanya cukup untuk satu rumah, meskipun menggunakan wifi semua orang juga tidak bisa terhubung ke internet. 
",0.9027043581008911
Kaskus pancen kerep menehi informasi sing menarik lan paling anyar,Kaskus memang sering memberikan informasi yang menarik dan terbaru,"Kaskus memang sering memberikan informasi yang menarik dan terbaru. 
",0.9788640737533569
"Aku paling ora seneng kuwi, yen nyepaki pemilu, suasane tansah panas.","Saya paling tidak suka itu, kalau mendekati pemilu, suasananya selalu memanas.","Aku paling tidak senang itu, kalau menjelang pemilu, suasana selalu panas. 
",0.9698395133018494
"Lumayan nyesel karo kaputusan mlebu jurusan film, pengen mlebu seni rupa sakasline. Nanging ragu karo bakar sing didhuweni.","Agak menyesal dengan keputusan masuk jurusan film, ingin masuk seni rupa sebenarnya. Tapi ragu dengan bakat yang dimiliki.","Cukup menyesal dengan keputusan masuk jurusan film, ingin masuk seni rupa saja. Tapi ragu dengan beasiswa yang didapatkan. 
",0.960818886756897
"Rasa bumbu sega gorenge ora seenak mbiyen maneh, cemplang lan luwih asin. Kudu ana sing ngontrol kualitas rasa ben kualitas tetep siyaga.","Rasa bumbu nasi gorengnya tidak seenak dulu lagi, terkesan hambar dan lebih asin. Perlu ada pengontrol kualitas rasa agar kualitas tetap terjaga.","Rasa bumbu goreng sekarang tidak enak seperti dulu, terlalu asin dan kecap. Harus ada yang mengontrol kualitas rasa agar tetap terjaga. 
",0.9377661943435669
"Sesuai rekomendasi, aku njajal mie goreng spesial lan rasane menurutku biasa banget ae lan kurang cocok ning ilat","Sesuai rekomendasi, saya mencoba mie goreng special dan rasanya menurut saya sangat biasa saja dan kurang cocok di lidah","Sesuai rekomendasi, aku mencoba mie goreng spesial dan rasanya menurutku biasa saja dan kurang cocok di lidahku. 
",0.9753885865211487
"Baksone enak kanggo dipangan, panggonane resik penyajiane panganan bakso sek caraku beda. Enak banget deh","Baksonya enak buat di makan, tempat bersih penyajian makanan bakso yang menurut saya beda. Enak banget deh","Baksonya enak untuk dimakan, tempatnya bersih penyajiannya bakso se cara berbeda. Enak banget deh. 
",0.9484935402870178
Pelakune aja diserahake karo pak polisi. Kubur urip-urip bae.,Pelakunya jangan diserahkan sama pak polisi. Kubur hidup-hidup saja.,"Biarkan saja pelaku itu ditangani oleh polisi. Hidupnya sudah cukup.  
",0.8914747834205627
"Nggelakne banget, aku pesen tiket lan uwis tak bayar, padahal wektu iku urung kadaluwarsa pas aku transfer, nanging nganti saiki urung dikeki kode bookinge, malah dikeki notifikasi uwis kadaluwarsa, banjur duwite mlayune neng ngendi, pas aku hubungi liwat email gur ditanggepi pisan wae.","Sangat mengecewakan, saya pesan tiket dan sudah saya bayar, padahal waktu itu belum kadaluarsa pas saya transfer, tapi sampai sekarang belum dikasih kode bookingnya, malah dikasih notifikasi sudah kadaluarsa, lalu uangnya larinya ke mana, pas saya hubungi lewat email hanya ditanggapi sekali saja.","Sangat kecewa, aku memesan tiket dan sudah membayar, padahal waktu itu belum kadaluwarsa saat aku transfer, tapi sampai sekarang belum menerima kode booking, malah mendapat notifikasi pembayaran kadaluwarsa, lalu duitnya kemana, ketika aku hubungi melalui email tidak dibalas sama sekali.  
",0.9400238990783691
"Lho nemene jne! Aku nelpon ora diangkat, tweet ora dibales, email ora dibales, pesen ora dibales!","Loh parahnya jne! Saya nelepon tidak diangkat, tweet tidak dibalas, email tidak dibalas, pesan tidak dibalas!","Loh, kenapa begini ya! Aku telepon nggak diangkat, tweet nggak dibalas, email nggak dibalas, pesan nggak dibalas! 
",0.9504032135009766
"Gela rasane karo pelayanan sing diwenehi hotel bintang papat iki. Pas aku nginep ning hotel iku, aku entuk perlakuan kurang ngenakne saka pelayan sing ana. Ditambah maneh karo jeding e sing ora ana tisune. Padahal regane lumayan larang. Nanging ora sesuai karo pelayanan sing diwenehne.","Kecewa rasanya dengan pelayanan yang diberikan hotel bintang empat ini. Saat saya menginap di hotel itu, saya mendapat perlakuan kurang mengenakkan dari pelayan yang ada. Ditambah lagi dengan kamar mandi yang tidak ada tisunya. Padahal harganya lumayan mahal. Tapi tidak sesuai dengan pelayanan yang diberikan.","Saya tidak puas dengan pelayanan yang diberikan hotel bintang empat ini. Saat menginap di hotel tersebut, saya mendapatkan perlakuan yang kurang menyenangkan dari para pelayannya. Ditambah lagi dengan kamar yang tidak bersih. Padahal harganya cukup mahal. Namun, tidak sesuai dengan pelayanan yang diberikan. 
",0.9629324674606323
"Saka mambengi kok ora iso dienggo, layanan indosat kok kaya ngene. Ndaftar extra 2 gb 10 ewu ora isa-isa, eman-eman pulsaku malah entek ora isa dienggo apa-apa.","Dari semalam kok tidak bisa dipakai, layanan indosat kok kayak gini. Daftar extra 2 gb 10 ribu tidak bisa-bisa, sia-sia pulsa saya malah habis tidak dipakai apa-apa.","Paket internetnya kok gak bisa dipakai, layanan Indosat kok begini. Daftar tambahan 2 GB 10 ribu gak bisa-bisa, malah pulsa saya hilang gak bisa dipakai apa-apa. 
",0.9524158835411072
"Panggonane lumayan asik, parkiran kasusun rapi. Gabungan sing aneh nanging enak, steak dikancani mi tak tak pedes banget. Hm.","Tempatnya lumayan asik, parkiran di susun rapi. Perpaduan yang aneh tapi enak, steak ditemani mi tak tak super pedas. Hm.","Tempatnya lumayan asyik, parkirnya tertata rapi. Gabungan yang aneh tapi enak, steak dipadukan dengan mie tak tak yang pedas banget. Hm.  
",0.9462946057319641
"Koyoke isuk iki macet banget yo, wis tur ning bis luwih saka sejam, nanging ora sampek-sapek yok an.","Kayaknya pagi ini macet banget ya, sudah tur di bus lebih dari sejam, tetapi tidak sampai-sampai juga.","Kemacetan pagi ini parah sekali ya, sudah lebih dari satu jam di dalam bis, tapi belum sampai-sampai juga.  
",0.9418327808380127
"Aku pegel kat februari ditelpon mben dina ditelpon saka mnc tv. Aku ora tau langganan, aku ping bolak-balik nglarifikasi.","Saya kesal sejak februari ditelpon tiap hari di telpon dari mnc tv. Saya tidak pernah langganan, saya puluhan kali klarifikasi.","Aku pegel bulan Februari dihubungi seseorang dari MNC TV. Aku tidak tahu kalau aku berlangganan, aku bingung bolak-balik menanyakan klarifikasi. 
",0.8986386656761169
Kemeruh banget to kowe mat. Ora usah sok-sokan ngekeki ceramah barang. Ceramahmu iku sesat.,Sok tahu banget sih lu mat. Tidak usah sok-sokan beri ceramah segala. Ceramah kamu sesat.,"Matamu benar-benar merah sekali. Jangan sok-sokan ngasih ceramah yang tidak benar. Ceramahmu itu sesat. 
",0.9152452349662781
Bakso nganggo ceker utawa sikil pithik yaiku sensasi sing enak tenan. Enak banget pokoke kajaba bakso isih akeh menu liyane. Pokoke dianjurake tenan,Bakso dengan ceker atau kaki ayam merupakan sensasi yang menakjubkan. Enak banget deh pokoknya selain bakso masih banyak menu yang lain. Pokoknya direkomendasikan banget deh,"Bakso dengan ceker atau sikil pitk adalah sensasi yang enak sekali. Enak banget pokoknya selain bakso masih banyak menu lain. Pokoknya direkomendasikan sekali. 
",0.9607728123664856
"Xiaomi, samsung, gumantung si kowe pengin tipe apa lan jumbuh biaya sing kowe duwe, takok-takok wae menyang panggonan sing dodol hpne","Xiaomi, samsung, tergantung sih kamu mau tipe apa dan sesuai biaya yang kamu punya, tanya-tanya aja ke tempat yang jual hpnya","Xiaomi, Samsung, tergantung kamu mau tipe apa dan budget yang kamu punya, nanti kita cari di tempat yang jual HP. 
",0.9498831629753113
"Panggon parkir kesempiten, sampek mobil kudu dititipne nyang lahan parkir sing ana ning sebrang hotel.","Tempat parkir terlalu sempit, sampai mobil harus dititipkan ke lahan parkir yang ada di sebrang hotel.","Tempat parkirnya sempit, sampai mobil harus dititipkan di lahan parkir yang ada di seberang hotel. 
",0.9775011539459229
"Merga skate park iki diubengi panggon klumpukan sing asyik, aku rasane ora bakal isa krasa waleh.","Karena skate park ini dikelilingi tempat berkumpul yang asik, saya merasa tidak akan pernah merasa bosan.","Taman bermain skateboard ini dikelilingi oleh tempat-tempat kumpulan yang asyik, aku rasa tidak akan bisa merasakannya. 
",0.9306375980377197
Aku uwis lapor marang email mandiricare.co.id,Saya sudah lapor ke email mandiricare.co.id,"Saya sudah melaporkan ke email mandiricare.co.id 
",0.9674505591392517
Aku uwis ndhuwe kode akses lan pin.,Saya sudah punya kode akses dan pin.,"Saya sudah punya kode akses dan PIN. 
",0.9914642572402954
"Asli tenan indihome nemen tenan saiki, apa gunane mbayar larang larang edan emosi tenan","Asli dah indihome parah banget dah sekarang, apa gunanya bayar mahal mahal gila emosi nih benar-benar","Asli bener Indihome sekarang memang bagus, apa gunanya bayar mahal-mahal, emosi aja.  
",0.9133622646331787
"Dhewe sakaluwarga nyempetake kanggo njajal panganan ing panggonan mangane iki kaya susuh sing kabeh kaca-kacane ditutupi karo ranting-ranting sing ngerambat. Eksotik, unik, apik tenan lan panganane uga enak.","Kami sekeluarga menyempatkan diri mencoba makan di tempat makannya ini seperti sarang yang semua kaca-kacanya ditutupi oleh ranting-ranting yang merambat. Eksotik, unik, keren banget dan makanannya pun enak.","Seluruh keluarga kami datang untuk mencoba makanan di tempat yang unik ini seperti rumah kaca yang semuanya ditutupi dengan tanaman merambat. Eksotis, unik, sangat bagus dan makanannya juga enak. 
",0.9220529198646545
Aku cemburu nanging ora isa apa-apa,Saya cemburu tapi tidak bisa apa-apa,"Aku iri tapi tidak bisa berbuat apa-apa. 
",0.928546667098999
"Rega ora patia larang, rasane uga enak, akeh pilian panganan khas Banjar liyane.","Harga tidak terlalu mahal, rasanya juga enak, banyak pilihan makanan khas Banjar lainnya. ","Rega tidak terlalu mahal, rasanya juga enak, banyak pilihan makanan khas Banjar lainnya. 
",0.9823219180107117
Segel rapi sanajan kotak setithik peyot,Segel rapi walau kotak sedikit penyok,"Segala rapi meskipun kotak sedikit penuh 
",0.8977183103561401
Sopir gocar teka saka luwar kutha nyang jakarta dinggo golek penumpang ben entuk poin.,Supir gocar datang dari luar kota ke jakarta untuk mencari penumpang demi dapatkan poin.,"Sopir ojek online datang dari luar kota yang Jakarta untuk mencari penumpang agar mendapatkan poin. 
",0.9403276443481445
Ning kene isa metik stroberi dewe lan langsung dibayar lak pas gedhi-gedhi buahe lumayan uga legi stroberine lan ada kulinere pisan isa mangan sing liyane ning kene,Di sini bisa petik stroberi sendiri dan langsung dibayar kalau lagi besar besar buahnya lumayan juga manis stroberinya dan ada kuliner juga bisa makan yang lain di sini,"Di sini bisa memetik stroberi sendiri dan langsung dibayar saat sudah banyak buahnya, harganya juga lumayan. Stroberinya segar dan ada juga kuliner lain yang bisa dimakan di sini. 
",0.9469221830368042
"Lagek wae mau teka barange, apik kok","Baru saja tadi sampai barangnya, bagus kok","Sangat mau datang ke sana, bagus kok. 
",0.880895733833313
Bosen banget ndhelok sampah ing dalan kutha palangkaraya,Bosan banget melihat sampah di ruas jalan kota palangkaraya,"Bosan sekali melihat sampah di jalan kota Palangka Raya. 
",0.9497645497322083
Lokasi restoran ing Kemang. Larang lan ora enak. Aja mara mrana deh.,Lokasi restoran di Kemang. Mahal dan tidak enak. Jangan ke situ deh.,"Lokasi restoran di Kemang. Larang dan tidak enak. Jangan mampir deh. 
",0.9664872884750366
Rasa nikmat dipadu karo sambele. Daginge empuk. Rega jumbuh karo sing disajikne. Lokasi gampang ditemokne. Sip pokoke.,Rasa nikmat dipadu dengan sambelnya. Daging empuk. Harga sesuai dengan yang disajikan. Lokasi mudah ditemukan. Sip pokoknya.,"Rasa nikmat dipadukan dengan sambal. Dagingnya empuk. Rasa cocok dengan yang disajikan. Lokasinya mudah ditemukan. Sip pokoknya. 
",0.9800135493278503
Bubur Ahong iki enak dipangan pas mangan wengi. Akeh menu liane sing isa dinikmati liyane bubur. Omah mangan iki rame diparani lan lumayan amba. Bubure uga enak.,Bubur Ahong ini enak dimakan saat makan malam. Banyak menu lainnya yang dapat dinikmati selain bubur. Rumah makan ini ramai dikunjungi dan cukup luas. Buburnya juga enak.,"Bubur merah ini enak dinikmati saat makan malam. Banyak menu lain yang bisa dinikmati selain bubur. Rumah makan ini ramai dikunjungi dan cukup luas. Bubur juga enak. 
",0.9803563952445984
"Aku marang kene karo pacar, panggonane lumayan amba lan ana area indoor karo ing njabane. Aku njagong ing panggonan indoor sing ana pemandangan marang arah njaba, dadi ana jendela kace. kanggo panganane aku cukup puas. Saka sisi rega tenan padha karo apa sing ditawakake","Saya ke sini sama pacar, tempatnya cukup luas dan ada area indoor sama di luarnya. Saya duduk di tempat indoor yang ada pemandangan ke arah luar, jadi ada jendela kaca. untuk makanan saya cukup puas. Dari sisi harga memang sebanding dengan apa yang ditawarkan","Saya datang ke sini bersama pacar, tempatnya cukup luas dan ada area indoor dan outdoor. Saya duduk di area indoor yang memiliki pemandangan ke luar, jadi ada jendela kaca. Untuk makanannya saya cukup puas. Dari sisi harga memang sesuai dengan yang diiklankan. 
",0.9662958979606628
Milih gubernur utawa ora yaiku pilian saban uwong.,Memilih gubernur atau tidak adalah pilihan setiap orang.,"Memilih gubernur atau tidak juga merupakan pilihan setiap orang. 
",0.982233464717865
Rasa uwis malih ora kaya mbiyen. Kesane anyep. Kudu ditingkatake cita rasane. Kanggo menu ombean minim banget mung ana soft drink,Rasa sudah berubah tidak seperti dulu. Terkesan hambar. Harus di tingkatkan cita rasanya. Untuk menu minuman sangat minim hanya ada soft drink,"Rasanya sudah tidak seperti dulu. Rasanya aneh. Harus ditingkatkan cita rasanya. Untuk menu makanan minumannya terlalu sedikit, hanya ada minuman ringan. 
",0.9431604146957397
Sanadyan saiki regane uwes mlonjak munggah nanging percayao yen pesen sega padang bungkus ing singgalang jaya porsine badai tenaaan. Nganti saiki panggonan iki isih dadi salah siji panggonan nikmati masakan padang favoritku.,Meskipun sekarang harganya sudah melonjak naik tapi percayalah kalau pesan nasi padang bungkus di singgalang jaya porsinya badai abiiis. Sampai sekarang tempat ini masih menjadi salah satu tempat menikmati masakan padang favorit saya.,"Meskipun sekarang harga daging sapi melonjak naik, saya yakin kalau pesan nasi padang bungkus di Singgalang Jaya porsi tenan. Sampai sekarang tempat ini masih menjadi salah satu tempat favoritku untuk menikmati masakan padang. 
",0.9509526491165161
"Bebeke enak, alus, sambele enak. Panggone resik lan lumayan oke.","Bebeknya enak, lembut, sambelnya enak. Tempat bersih dan lumayan oke.","Bubur enak, halus, sambalnya enak. Tempatnya bersih dan cukup bagus. 
",0.96161949634552
"Manggon ana ing festival city link mal, resto iki nyajikake panganan cina panganan a la carte lan dimsum. Rasa panganane oke, panggonan uga cukup amba lan akeh keluwarga mangan ana ing kene. Favorite dhewe urang mayonaise.","Terletak di festival city link mal, resto ini menyajikan makanan cina makanan a la carte dan dimsum. Rasa makanan cukup oke, tempat cukup luas juga dan banyak keluarga bersantap di sini. Favorit kami udang mayonaise.","Ada restoran di festival city link mall, restoran ini menyajikan makanan Cina, makanan a la carte dan dimsum. Rasanya enak, tempatnya juga cukup luas dan banyak keluarga makan di sini. Favorit kami mayones. 
",0.9507143497467041
Panganan ing rumah sakit tansah ora enak,Makanan di rumah sakit selalu tidak enak,"Makanan di rumah sakit selalu tidak enak. 
",0.972458004951477
"Lak mrene wajib banget tuku terong gorenge, panggone uga enak ana sing lesehan, ngindari jam mangan awan lak sir mrene merga kebeg banget","Kalau ke sini wajib banget beli terong gorengnya, tempatnya juga enak ada yang lesehan, hindari jam makan siang kalau mau ke sini karena penuh banget","""Aku harus banget beli terong goreng, tempatnya juga enak ada yang lesehan, menghindari jam makan siang karena aku lagi malas banget"" 
",0.939842939376831
"Panggone cukup nyaman, ana ning dalan sudirman sing cedek karo pilihan panggen belonjo, lan restone cukup cedek karo panggen iku. Panganane enak, pilihane akeh dadi ora tek malehi. Panggone uga nyaman","Letaknya cukup nyaman, ada di jalan sudirman yang dekat dengan pilihan tempat belanja, dari resto pun cukup dekat ke tempat tersebut. Makanannya enak, pilihannya banyak jadi tidak terlalu membosankan. Tempatnya juga nyaman","Tempat cukup nyaman, ada di Jalan Sudirman yang dekat dengan pilihan penginapan lain, dan restoran cukup dekat dengan penginapan itu. Makanan enak, pilihannya banyak jadi tidak akan kehabisan. Tempat juga nyaman. 
",0.9505916237831116
Resto iki duwe menu sing aneka werna nanging kakean menu China lan halal. Mi ayam jamur lan sega hainane sedep lan direkomendasikake. Bebeke uga enak. Resto iki saiki duwe cabang ing Istana Plaza.,Resto ini punya menu yang beragam tetapi kebanyakan menu China dan halal. Mi ayam jamur dan nasi hainannya sedap dan direkomendasikan. Bebeknya juga enak. Resto ini sekarang punya cabang di Istana Plaza.,"Restoran ini memiliki menu yang beragam namun fokus pada menu China dan halal. Mie ayam jamur dan nasi Hainan rasanya enak dan direkomendasikan. Bebeknya juga enak. Restoran ini saat ini memiliki cabang di Istana Plaza. 
",0.9673823714256287
Mampir marang bandung. Nggolek ramen. Sing jarene saiki kekinian. Regane setimpal padha karo rasane. Yen marang bandung maneh mesti mampir maneh.,Mampir ke bandung. Mencari ramen. Yang katanya lagi kekinian. Harganya setimpal sesuai dengan rasanya. Kalau ke bandung lagi pasti mampir lagi.,"Singkatnya, mampir ke Bandung. Cari ramen yang katanya kekinian sekarang. Rasanya enak dan sesuai dengan harganya. Kalau ke Bandung lagi, pasti mampir lagi. 
",0.9440630674362183
"Yen ana sing salah karo tindak tanduke aku entuk kok ngomong langsung karo aku, aja ngomong ing mburi. Ora asik kaya ngono. Pengecut!","Kalau ada yang salah dengan tingkah laku aku boleh kok bicara langsung ke aku, jangan bicara di belakang. Tidak asik kayak begitu. Pengecut!","Jika ada yang salah dengan perlakuanku, tolong bicara langsung kepadaku, jangan bergosip di belakangku. Tidak enak seperti itu. Pengecut! 
",0.9410375952720642
Tolong konfirmasi kanggo pangiriman ing alamat panampa sing dileksanakake dina iki utawa dina ngesok mas suwun,Mohon konfirmasi untuk pengiriman ke alamat penerima akan dilakukan hari ini atau esok hari kak terima kasih,"Tolong konfirmasi untuk pengiriman ke alamat penerima yang akan dilakukan hari ini atau besok, terima kasih. 
",0.9355912208557129
Panggen parkire kurang amba. Lan nganyelne banget lak pas awakdewe mangan terus dikongkon ngge mindahne mobil merga ana wong liya sing bar mangan lan arepe metu kendaraane. Iku ngganggu banget.,Tempat parkirnya kurang luas. Dan menyebalkan banget kalau pada saat kita makan kemudian disuruh untuk memindahkan mobil karena ada orang lain yang selesai makan dan akan keluar kendaraannya. Itu sangat mengganggu.,"Parkirannya kurang luas. Dan menyebalkan banget kalau pas kita makan terus dikongkon nge pindahin mobil karena ada orang lain yang mau makan dan arepe keluar kendaraannya. Itu sangat mengganggu. 
",0.946489691734314
"Ya ngono sih, kesadharan tanggung jawab mahasiswa saiki kuwi kurang tenan. Akeh-akehe ora tanggung jawab kanthi apa sing uwis dadi tugase.","Ya gitu sih, kesadaran akan tanggung jawab mahasiswa sekarang itu kurang sekali. Kebanyakan tidak bertanggung jawab dengan apa yang sudah jadi tugasnya.","Ya begitulah, kesadaran tanggung jawab mahasiswa sekarang ini kurang. Banyak yang tidak bertanggung jawab terhadap tugas yang sudah diberikan. 
",0.9551258683204651
"Sega uduk iki ana ing dalan rajiman lan bukake saka sore nganti mbengi. Menune si cukup sederhana, mung sega uduk lan aneka warna pelengkape. Biasane aku mangan sega udu karo pithik goreng lan sambel, sambele ora patia pedes.","Nasi uduk ini ada di jalan rajiman dan bukanya dari sore sampai malam. Menunya sih cukup sederhana, hanya nasi uduk dan berbagai pelengkapnya. Biasanya saya makan nasi uduk sama ayam goreng dan sambal, sambalnya tidak terlalu pedas.","Nasi uduk ini ada di sepanjang jalan raya dan buka dari sore hingga malam. Menunya cukup sederhana, hanya nasi uduk dan aneka lauk pauk. Biasanya aku makan nasi uduk dengan ayam goreng dan sambal, sambalnya tidak terlalu pedas. 
",0.9610804915428162
Ngomong-ngomong indomie pisanan ning 2018 ku mambengi tibake enak,Anw indomie pertama di 2018 ku semalam ternyata nikmat,"Ngomong-ngomong, Indomie pertama kali di tahun 2018 enak sekali. 
",0.8715583086013794
"Saksitike kertu internetku ora kenek digawe padahal kuota lokal e isik, aku manggon ning panggonan sing aktivasi lan kertune uga wis didaftarne.","Minimal kartu internet saya tidak dapat digunakan padahal kuota lokal masih, saya berada di lokasi aktivasi dan kartu juga sudah registrasi","Internetku tidak bisa digunakan padahal kuota lokal masih ada, aku berada di tempat yang aktifasi dan kartu juga sudah didaftarkan. 
",0.9503427743911743
Hypermart saiki ngenehi diskon 20% kanggo produk seger saben dina senen - kemis kanthi mandiri kartu hypermart,Hypermart sedang memberikan diskon 20% untuk produk segar setiap hari senin - kamis dengan mandiri kartu hypermart,"Hypermart saat ini memberikan diskon 20% untuk produk segar setiap hari Senin - Kamis dengan kartu Hypermart. 
",0.9544629454612732
Pengen nesu wae aku karo indosat,Mau marah saja aku sama indosat,"Aku ingin berlangganan Indosat. 
",0.8291622400283813
Karo ngenteni wektu ganti tahun dhewe njajal marang rene. Dhewe wong loro pesen pirang-pirang sushi. Ombeane milktea karo es krim vanilla nganggo batok krambil. Kanggo sushine lumayan nanging kakehan segane kayane. Nanging rasane enak. Regane kajangkau.,Sambil menunggu waktu pergantian tahun kita coba ke sini. Kita berdua pesan beberapa sushi. Minumannya milktea sama eskrim vanilla dengan batok kelapa. Untuk sushinya lumayan tapi kebanyakan nasinya sepertinya. Tetapi rasanya enak. Harganya terjangkau.,"Saat menunggu waktu ganti tahun, kami berdua memesan banyak sushi. Minumannya milktea dan es krim vanilla dengan topping kelapa muda. Untuk sushi cukup banyak tapi rasanya agak kurang. Tapi rasanya enak.  
",0.9333879351615906
"Endi laporanku ora diproses-proses. Magu duitku ora bakal dibalikne, padahal pulsa lan kuotaku ilang.","Mana laporan aku tidak diproses-proses. Ragu duit aku akan dikembalikan, padahal pulsa dan kuota aku hilang.","Laporan saya tidak diproses. Uang saya tidak akan dikembalikan, padahal pulsa dan kuota saya hilang. 
",0.9579827785491943
"Dhewe kuciwa tenan karo pelayanan karyawan lion ing gate a6 bandar udara cengkareng. Aku diapusi, barang rusak lan reged satibane ing tujuan.","Kami sangat kecewa dengan pelayanan karyawan lion di gate a6 bandar udara cengkareng. Saya dibohongi, barang rusak dan kotor tiba tujuan.","Saya sangat kecewa dengan pelayanan karyawan Lion Air di gate A6 bandara Cengkareng. Saya disambut dengan buruk, barang rusak dan tergeletak begitu saja di tujuan. 
",0.9368868470191956
Sing paling nguciwakake yaiku nalika pimpinan ora isa mbedakake lan ora gelem ngerti endi negarawan lan endi politisi kotor,Yang paling mengecewakan adalah ketika pemimpin tak bisa bedakan dan tak mau tahu mana negarawan dan mana politisi kotor,"Yang paling menjengkelkan adalah ketika pemimpin tidak bisa membedakan dan tidak mau mengerti mana negarawan dan mana politisi yang korup. 
",0.9555646181106567
"Bubur iwak pitik sing lumayan rekomendasi ning sekitaran bandung, panggone strategis gampang digoleki, regane ora ngrogoh sak, panggone mesti rame diparani pengunjung mben dina nyambut gawe lan akhir minggu merga rasane sing enak.","Bubur ayam yang lumayan rekomendasi di sekitaran bandung, tempatnya strategis mudah dicari, harganya tidak merogoh kantong, tempatnya selalu ramai didatangi pengunjung setiap hari kerja maupun akhir pekan karena rasanya yang enak.","Bubur ikan gurame yang cukup direkomendasikan di sekitar Bandung, lokasinya strategis mudah ditemukan, harganya tidak mahal, tempatnya pasti ramai dikunjungi pengunjung pada hari kerja dan akhir pekan, rasanya enak. 
",0.9388558268547058
"Teka ing panggonan iki kanggo ngaso sakbanjure sayah macet ing lelungan, panganane oke, nanging jajan-jajane mantep, dadi kabayarake.","Mengunjungi tempat ini untuk istirahat setelah cape macet di perjalanan, makanan oke, tapi kue-kuenya mantap, jadi terbayarkan.","Ini tempat yang tepat untuk bersantai, karena saya macet di perjalanan, makanannya enak, tapi jajanannya mantap, jadi bayarlah. 
",0.9235348701477051
"Terus aku sia-sia no nganyari nomer hape paling anyar nyang pelayanan pelanggan cabang bni lak data ning bni isik nomer hape lawas, piye seh pelayanane!","Lalu saya percuma dong update nomor telepon genggam terbaru ke pelayanan pelanggan cab bni kalau data di bni masih nomor handphone lama, bagaimana sih pelayanannya!","Terus aku sia-sia, nggak nyari nomor hape terbaru yang pelayanan pelanggan cabang BNI, malah dikasih data nomor hape lama, gimana sih pelayanannya! 
",0.8950151801109314
"Aku wis kerep mara nikmati panganan ning roemah nenek. Aku seneng karo kahanane sing nyaman dinggo mangan bareng keluarga. Ning dina-dina tertentu ana tontonan musik langsung. Panganane uga nduwe pilian sing rena-rena saka tradisional, asia, sampek panganan kidulan","Saya sudah sering kali datang menikmati makanan di roemah nenek. Saya suka dengan suasananya yang nyaman untuk makan bersama keluarga. Di hari-hari tertentu ada hiburan live musik. Makanannya pun punya pilihan yang beragam dari yang tradisional, asia, sampai makanan barat","Aku sudah sering menikmati makanan di rumah nenek. Aku senang dengan suasana yang nyaman untuk makan bersama keluarga. Di hari-hari tertentu ada pertunjukan musik langsung. Makanan juga memiliki pilihan yang beragam dari tradisional, Asia, sampai makanan kekinian. 
",0.950985312461853
"Akeh wong sing ora seneng nggo berobat nyang dokter. Ora mung kerna mbayare sing relatif lumayan larang dingge separone wong, nyang dokter ora selawase isa marekne. Akeh dokter sing salah diagnosis. Apa penting utawa wis lumrah, toh dokter uga manungsa.","Banyak orang yang kurang suka untuk berobat ke dokter. Selain biaya yang relatif cukup mahal bagi sebagian orang, ke dokter tak selamanya bisa menyembuhkan. Banyak dokter yang salah diagnosa. Pentingkah ataukah sudah lumrah, toh dokter juga manusia.","Banyak orang yang tidak senang berobat ke dokter. Tidak hanya karena biaya yang relatif mahal, tetapi juga karena sebagian orang merasa dokter tidak selalu bisa dipercaya. Banyak dokter yang salah diagnosis. Penting atau sudah biasa, toh dokter juga manusia. 
",0.9476391077041626
"Pelayanane apik, panggen parkir lumayan amba, kebon stroberi amba lan akeh stroberi sing wis cukup abang nggo dipethil. Panganan ning restoran rena-rena banget, rasane enak, sambel stroberine unik lan enak. Sega liwet stroberi kudu dijajal. Sejauh iki kabeh menu sing tak pangan ora ana sing nggarai gela rekomendasi banget dinggo dolane keluarga","Pelayanan baik, tempat parkir cukup luas, kebun stroberi luas dan banyak stroberi yang sudah cukup merah untuk dipetik. Makanan direstoran sangat beragam, rasanya enak, sambal stroberinya unik dan enak. Nasi liwet stroberi harus dicoba. Sejauh ini semua menu yang saya makan tidak ada yang mengecewakan sangat rekomendasi untuk wisata keluarga","Pelayanannya baik, parkir lumayan luas, kebun stroberi luas juga dan banyak stroberi yang sudah cukup merah untuk dipetik. Makanan di restoran cukup beragam, rasanya enak, sambal stroberinya unik dan enak. Nasi liwet stroberi wajib dicoba. Sejauh ini semua menu yang saya coba tidak ada yang mengecewakan, sangat direkomendasikan untuk keluarga. 
",0.9802663922309875
"Demi apa wae tes cpns marakna macet, sialannnnnnn","Demi apa pun tes cpns bikin macet, sialannnnnnn","Untuk apa sih tes CPNS banyak macet, sial banget! 
",0.8242189884185791
"Ngenteni panganan suwi banget, pelayane galak, pas mangan pas kuwi aku pesen pizza tekone eh gosong nganti kasire pas aku mbayar ora ngguyu, pelayanane payah.","Menunggu makanannya lama banget, waitressnya galak, pas makanannya saat itu saya pesan pizza datang eh gosong sampai kasirnya pun pas saya bayar tidak senyum, pelayanannya payah.","Menunggu makanan terlalu lama, pelayannya kasar, saat makan saya pesan pizza tekone ternyata gosong sampai kasirnya saat saya membayar tidak ramah, pelayannya jelek. 
",0.9202085733413696
