javanese,ground_truth,generated,bertscore
"Cepak saka hotelku nginep, namung digawa mlaku, ing kene akeh tenan pilian panganane, panggonane sing amba, lan nyenengake","Dekat dengan hotel saya menginap, hanya ditempuh jalan kaki, di sini banyak sekali pilihan makanannya, tempat yang luas, dan menyenangkan","Cari dari hotel saya menginap, tapi jalan kaki, di sini banyak sekali pilihan makanannya, tempatnya yang luas, dan menyenangkan",0.9560447931289673
"Iya bener, deknen lagi jaga warung.","Iya benar, dia sedang jaga warung.","Iya benar, mereka sedang menjaga pondok.""",0.9412716031074524
Kangkunge lumayan nanging yuyu saus padange nguciwakake dhewe dikei yuyu sing kopong akhir dhewe ora mangan yuyune lan dibalekake.,Kangkungnya lumayan tapi kepiting saus padangnya mengecewakan kami dikasih kepiting yang kopong akhir kami tidak makan keptingnya dan dikembalikan.,"Kuyunya lumayan tapi yuyu saus padang mengecewakan kami sendiri jadi makan yuyunya dan dibalikkan.""",0.8983702063560486
"Manggon nang braga city walk sing sak gedung karo aston lan fave hotel, panggon iki nyaman banget dinggo nyangkruk-nyrangkruk. Kopi campur teh sing anyar lagek pisan iki aku njajal tibake enak banget, dipadu karo endog setengah mateng dadi kanca jagongan karo kanca-kanca. Panggon sing bebas rokokan tambah nyenengne karo nikmati pemandangan wira-wiri wong-wong sing mlebu metu mal iki.","Bertempat di braga city walk yang satu gedung dengan aston dan fave hotel, tempat ini sangat nyaman buat kongkow-kongkow. Kopi campur teh yang baru pertama kali saya nikmati ternyata sangat enak, dipadu dengan telur setengah matang menjadi pendamping mengobrol bersama teman-teman. Area yang bebas merokok semakin mengasyikkan sambil menikmati pemandangan lalu lalang orang-orang yang keluar masuk mal ini.","Lokasi di braga city walk yang bersebelahan dengan aston dan fave hotel, tempat ini sangat nyaman untuk bersantai bersama teman-teman. Kopi campur teh yang baru saja diminumnya sangat enak, ditambah dengan pengaruh setengah matang jadi teman obrolan bersama teman-teman. Tempat yang bebas rokok ditambah menyenangkan dengan menikmati pemandangan orang-orang yang masuk keluar mal ini.""",0.939125120639801
"Gianyar nompo bantuan sosial 2018 gedene rp 44, 9 milyat","Gianyar terima bantuan sosial 2018 sebesar rp 44, 9 miliar","""Tambah baiknya bantuan sosial 2018 penuh rp 44, 9 milyat""",0.8796623349189758
Iki salah siji conto generasi sing ora kangge. Ora malah migunani dinggo bangsa nanging malah dadi sesuatu sing mbahayani dinggo bangsa! Mantep jeraten ae nggawe uu ite,Ini salah satu contoh generasi yang tidak berguna. Bukan malah bermanfaat untuk bangsa tapi malah jadi sesuatu yang berbahaya bagi bangsa! Mantap jerat saja pakai uu ite,Ini salah satu cerita generasi yang tidak untuk. Tidak malah mumbar untuk bangsa tapi malah jadi sesuatu yang merusak untuk bangsa! Mantap jeratnya saja bikin uu ini,0.9389181137084961
"Sore konco, wektu iki lagi dilakokne pemeliharaan dadi aplikasi ora isa diakses.","Sore sahabat, saat ini sedang dilakukan pemeliharaan sehingga aplikasi tidak dapat diakses.","Siang siang, saat ini sedang dilakukan pemeliharaan sehingga aplikasi tidak bisa diakses.",0.9606424570083618
Tenan ringkih dhewe iki aku uga jiden saktenane,Memang lemah kita ini aku juga penakut sebenarnya,Sangat sedih kami ini saya juga merasa seperti itu,0.8974381685256958
"Terakhir nyang hanamasa regane 120 ewu / wong. Nanging puase luwih saka iku. Isa njupuk panganan sakpuase, nanging rasa ora nggelakne, pinter-pintere awakdewe ae ngeracik dewe. Lak penggemar daging sapi mesti seneng mrene","Terakhir ke hanamasa harganya 120 ribu / orang. Tapi puasnya lebih dari itu. Bisa ambil makanan sepuasnya, tapi rasa tidak mengecewakan, pintar-pintar kita saja meracik sendiri. Kalau penggemar daging sapi pasti suka ke sini","""Terakhir ke hanamasa harganya 120 ribu / orang. Tapi puas lebih dari itu. Bisa pakai makanan seporsi, tapi rasa tidak mengecewakan, pintar-pintar kita saja nih racik sendiri. Kalau penggemar daging sapi harus suka di sini.",0.9646310210227966
"Kanggo menyang ing the peak mesthi wae karasa adoh banget saka pusat kutha bandung, lan aksese sing lumayan mbingungake lan dalan cilike mbelak-mbelok. Nanging kowe bisa ora bakal kesasar amarga meh ing saben enggokan ana tanda marang ing the peak. Panggonane apik banget kanggo kowe sing nggolek suasana mbengi romantis, kanthi pemandangan mbengi kutha sing apik tenan.","Untuk menuju ke the peak memang terasa sangat jauh dari pusat kota bandung, dan aksesnya yang agak membingungkan dan jalan kecil berkelok-kelok. Namun anda mungkin tidak akan tersesat karena hampir di tiap belokan ada signage menuju ke the peak. Tempatnya sangat bagus untuk anda yang mencari suasana malam romantis, dengan pemandangan malam kota yang menakjubkan.","Untuk menuju ke the peak selalu saja jarak yang cukup jauh dari pusat kota bandung, dan akses yang agak membingungkan serta jalan menuju ke sana. Namun anda tidak akan tersesat karena hampir di setiap persimpangan ada tanda yang menunjukkan ke the peak. Tempatnya bagus sekali buat anda yang mencari suasana malam hari romantis, dengan pemandangan malam kota yang sangat indah.",0.9596496820449829
Kebon raya bogor isa didadekne salah siji tujuan destinasi wisata,Kebun raya bogor bisa dijadikan salah satu tujuan destinasi wisata,Kebon raya bogor bisa dijadikan salah satu tujuan destinasi wisata,0.9870696067810059
"The peak panggone ning cedeke lembang, waratan duwur ning bandung sing adem lan panggone sing apik banget nanging dalan ngge moro panggonan iki kelok-kelok banget lan tikungan landep lan curam, ora disarane dingge motoran pas udan-udan lan wengi. Ning the peak ana nggen mangan sing pemandangane kutha bandung sing indah saka nggunung, rega panganane sing larang banget lan ora sumbut.","The peak berlokasi di dekat lembang, dataran tinggi di bandung yang sejuk dan lokasi yang sangat baik namun jalan untuk mencapai tempat ini sangat berkelok disertai tikungan tajam nan curam, tidak disarankan untuk berkendara saat hujan dan malam hari. Di the peak terdapat restoran dengan pemandangan kota bandung yang indah dari perbukitan, harga makanan yang sangat mahal dan sangat tidak sesuai.","""The peak tempatnya di dekat lembah, meskipun rumah jauh di bandung yang dingin dan tempat yang bagus banget tapi jalan menuju ke tempat ini kelihatannya berbahaya sekali dan pemanjatan landak dan curam, tidak recommended buat motoran pas hujan-hujan dan malam. Namun the peak ada anak-anak makan yang pemandangannya kota bandung yang indah dari gunung, harga makanan yang mahal sekali dan tidak cocok.""",0.9209817051887512
Aku kapok nganggo jasa lion air,Saya kapok menggunakan jasa lion air,Aku terjebak menggunakan jasa lion air,0.9343556761741638
Akeh bab sing isa dhewe tindakake kanggo ngisi wektu luwang.,Banyak hal yang dapat kita lakukan untuk mengisi waktu luang.,Banyak hal yang bisa kita lakukan untuk mengisi waktu luang.,0.9965143203735352
Saya apatis ngelaporake bab-bab kaya iki. Amarga nganti minggu wingi isih tetep hurung digarap. Mung janji-janji terus.,Semakin apatis melaporkan hal-hal seperti ini. Karena sampai minggu lalu masih tetap belum dikerjakan. Hanya janji-janji terus.,"Saya apatis melaporkan hal-hal seperti ini. Karena sampai minggu kemarin masih belum diimplementasikan. Cuma janji-janji terus.""",0.9612916707992554
Rega dhuwur banget porsi sithik banget ora janji maneh aku teko kanggo kepindho. Panganane ora beda adoh karo emakku dong!,Harga selangit porsi seiprit tidak janji lagi saya datang untuk yang kedua kali. Masakannya tidak beda jauh sama ema saya dong!,Harga naik banget porsi sedikit banget tidak menjanjikan lagi saya datang buat kepindhan. Makanan tidak beda jauh sama ibu saya dong!』,0.904116153717041
"Anyar lan kashediya, 5 sekat mangan awan kotak kotak mangan yooyee kotak bekal anti bocor 590","Baru dan tersedia, 5 sekat makan siang kotak kotak makan yooyee kotak bekal anti bocor 590","Baru dan tertekan, 5 segit arang kotak kotak makan yoooyee kotak bekal anti bocor 590",0.9309254884719849
"Ora ngerti ya kenangapa resto iki manggoni ranking 12 saka 1800an resto sing ana ing jakarta. Regane larang! Panggonane ndhelik, lan rasa panganane biasa bae. Aja percaya banget karo review sing nyesatake.","Tidak mengerti ya kenapa resto ini menduduki peringkat 12 dari 1800an resto yang ada di jakarta. Harga mahal! Lokasi tersembunyi, dan rasa makanan biasa saja. Jangan terlalu percaya sama review yang menyesatkanlah.","Tidak tahu ya kenapa resto ini menduduki ranking 12 dari 1800an resto yang ada di jakarta. Harganya mahal! Tempatnya luas, dan rasa makanannya biasa saja. Jangan percaya banget dengan review yang menyesatkan.",0.9650460481643677
Bledosan ning aksi protes ning afghanistan mateni wong 68,Ledakan dalam aksi protes di afghanistan tewaskan 68 orang,"Bledosan dalam aksi protes di afghanistan mematikan orang 68""",0.9203565120697021
"Aku teka marang restoran kuwi bareng karo kancaku. Kancaku kakehan kaget ndhelok pemandangane sing apik tenan ing mbengi. Aku ndhuweni kasempatan njajal stik impore, enak tenan apa maneh sause. Mmm yummi. Yen ana kasempatan aku pengen teka maneh marang kana.","Saya berkunjung ke restoran itu bersama dengan teman saya. Teman saya kebanyakan terkejut melihat pemandangannya yang sangat indah di malam hari. Saya berkesempatan mencoba steak impornya, sangat enak apalagi sausnya. Mmm yummi. Kalau ada kesempatan saya ingin berkunjung lagi ke sana.","Saya datang ke restoran itu bersama dengan temanku. Temanku terlalu kaget melihat pemandangan yang indah sekali di malam hari. Saya punya kesempatan mencoba stick impornya, enak sekali apalagi sausnya. Mmm yummi. Kalau ada kesempatan saya ingin datang lagi ke sana.",0.96543288230896
Akses menyang dusun bambu isa ditekani kira-kira ing wektu 1 - 2 jam nganggo mobil pribadi. Mara menyang dusun bambu diusahakake pas wektu wengi amarga awake dhewe isa ndelok cetha pemandangan sing ana lan wektu sing pas kanggo mangan wengi.,Akses menuju dusun bambu bisa ditempuh kira-kira dalam waktu 1 - 2 jam menggunakan mobil pribadi. Berkunjung ke dusun bambu diusahakan saat petang hari karena kita dapat melihat jelas pemandangan yang ada dan waktu yang pas untuk makan malam.,Akses ke dusun bambu bisa dibilang sekitar 1 - 2 jam menggunakan mobil pribadi. Jelajahi dusun bambu saat waktu malam karena kita bisa melihat keindahan pemandangan yang ada dan waktu yang tepat untuk makan malam.,0.9500096440315247
"Panganane oke padha karo xo suki liyane. Nanging sanajan dina prei gedhe kaya badha iki udhu artine meseme prei lan pesenan ombe, lan liya-liyane kudu mesen ping akeh. Tulung dijaga kepuasan pelanggane. Matur suwun,","Makanan oke sama seperti xo suki lainnya. Tetapi walaupun hari libur besar seperti lebaran ini bukan berarti senyumnya libur dan order minum, dan lain-lain harus order berkali-kali. Tolong di jaga kepuasan pelanggannya. Terima kasih.","Makanannya oke sama dengan xo suki lainya. Tapi meskipun hari raya besar seperti ini datangnya maha suki dan pemesanan minum, dan lain-lain harus memesan beberapa kali. Tolong dijaga kepuasan pelanggan. Terima kasih,""",0.9412015080451965
"Restoran iki yaiku panggon kuliner sing wajib diparani umpama nyang bandung. Ora mung panganane sing manjakne ilat panganan sunda banget, restoran iki uga dibangun nganggo konsep mangan santai ning jero kali dadi nawarne pengalaman kuliner sing berkesan banget. Kudu dijajal dinggo sopo ae sing nyang bandung.","Restoran ini adalah sebuah destinasi kuliner yang wajib dikunjungi bila ke bandung. Selain makanan yang sangat memanjakan lidah makanan sunda, restoran ini juga dibangun dengan konsep makan santai di dalam saung yang dikelilingi alam hutan dan pegunungan yang dihias pepohonan rindang dan dihibur oleh gemericik air sungai sehingga menawarkan pengalaman kuliner yang teramat mengesankan. Harus dicoba bagi siapapun yang ke bandung.","Restoran ini merupakan tempat kuliner yang wajib dikunjungi sekaligus menyantap makanan sundanah sekali, restoran ini juga dibangun dengan konsep makan santai di tepi sungai sehingga menciptakan pengalaman kuliner yang berkesan sekali. Harus dicoba bagi siapa saja yang ke bandung.",0.9131847023963928
Mbalik ngaktifne paket data indosat merga isa akses youtube unlimited.,Kembali mengaktifkan paket data indosat karena dapat akses youtube unlimited.,"Balik mengaktifkan paket data indosat karena bisa akses youtube unlimited.""",0.9647751450538635
Aku nembe ngerti ketemu kancaku sek makarya nang trans tv,Saya baru saja bertemu teman saya yang bekerja di trans tv,Saya baru tahu bertemu temanku yang dulu berkarya di trans tv,0.9490732550621033
"Omah mangan ning dalan anggrek iki nduwe keistimewaan jenis seafood sing rena-rena lan ana sing isih urip dinggo dipilih lan dimasak pas kuwi uga. Rena-rena jenis panganan isa dipilih lan wektu ngenteni sing sediluk nggarai adewe ora tek kesuwen keluwen ngenteni. Menu kerapu kukuse enak banget lan gurih, apa meneh lak dimasak karo iwak sing isih seger. Lokasine lumayan adem, regane mirah.","Rumah makan di jalan anggrek ini memiliki keistimewaan jenis seafood yang beragam dan ada yang masih hidup untuk dipilih dan dimasak saat itu juga. Berbagai jenis masakan dapat dipilih dan waktu tunggu yang singkat membuat kita tidak terlalu lama kelaparan menunggu. Menu kerapu kukusnya sangat enak dan gurih, apalagi bila dimasak dengan ikan yang masih segar. Lokasi cukup sejuk, harga murah.","""Rumah makan di jalan anggrek ini memiliki keistimewaan jenis seafood yang beragam dan ada yang masih hidup untuk dipilih dan dimasak sesuai itu juga. Berbagai jenis makanan dapat dipilih dan waktu menunggu yang cukup menyita perhatian membuat kita tidak terasa bore. Menu kerang kuisnya sangat enak dan gurih, apalagi jika dimasak dengan ikan yang masih segar. Lokasi agak dingin, harganya terjangkau.""",0.9628387093544006
"Kaya biasane awakdewe mesti golek kuliner sing liya timbangane sing liyane, awakdewe entuk ning panggen iki yaiku the restaurant padma hotel. Awakdewe pesen menu sing ana. Ana saka indonesia, eropa lan cina, tibake kabeh masakane enak kabeh.","Seperti biasa kami selalu mencari kuliner yang lain daripada yang lain, dapatlah kami di tempat ini yaitu the restaurant padma hotel. Kami memesan menu yang ada. Ada dari indonesia, eropa dan chinese, ternyata semua masakannya enak semuanya.","Seperti biasanya kami selalu mencari kuliner yang lain daripada yang lain, kami mendapat di the restaurant padma hotel. Kami pesan menu yang ada. Ada dari indonesia, eropa dan china, ternyata semua masakannya enak semuanya.",0.9727792739868164
Iya kuwi sing nggawe aku kesel. Iki udu salahe sing ngelamar nanging jelas 100% salahe pihak sing ana ing ndhuwur sing embuh piye carane dheweke koordinasi. Nyesek aku kuwi sanajan iki kasus kancaku sing ing lampung.,Iya itu yang bikin saya kesal. Ini bukan kesalahan sang pelamar tapi jelas 100% kesalahan pihak yang di atas yang entah bagaimana cara mereka berkordinasi. Nyesek saya itu walaupun ini kasus teman saya yang di lampung.,Iya itu yang bikin aku marah. Ini bukan kesalahan pihak yang di atas tapi jelas 100% kesalahan pihak yang berikan di atas yang di kehancuran pilihannya di kalah kenapa carane mereka koordinasi. Menyesal gue itu walaupun ini kasus pribadi yang di atas tapi jelas 100% kesalahan pihak yang di atas yang di kehancuran,0.9121366739273071
"Pelayanane cukup suwi, nanging suwasanane sing diwenehi apik lan unik, dadi karo ngenteni panganan isa nikmati suwasana ing restoran iki, menu sing disajikake aneka werna lan enak,","Pelayanannya agak lama, tetapi suasana yang diberikan keren dan unik, jadi sambil menunggu makanan bisa menikmati suasana di resto ini, menu yang disajikan beragam dan enak,","Pelayanan cukup lama, tetapi suasana yang diberikan sangat bagus dan unik, sehingga dengan menunggu makanan bisa menikmati suasana di restoran ini, menu yang disajikan berbagai macam dan enak,""",0.9707087874412537
"Panganan ing kene enak-enak kanthi akeh variasine. Kabehane enak kanthi pemandangan apik. Pelayanane sing maksimal saka mbak diah lan gina saka ngewiwiti teka nganti rampung, dilayani kanthi apik tenan.","Makanan di sini enak-enak dengan banyak variasi. Semuanya enak dengan pemandangan bagus. Pelayanan yang maksimal dari mbak diah dan gina dari awal datang sampai selesai, dilayani dengan sangat baik.","Makanan di sini enak-enak dengan banyak variasi. Semua enak dengan pemandangan bagus. Pelayanan yang maksimal dari mbak dan gina dari mulai masuk sampai selesai, di melayani dengan baik sekali.",0.9726030826568604
"Ana ing ajang piala dunia 2018 sesuk, telkomsel njupuk bagian minangka pandukung penyiaran resmi ing perhelatan sepak bola donya kasebut.","Dalam ajang piala dunia 2018 nanti, telkomsel mengambil bagian sebagai pendukung penyiaran resmi dalam perhelatan sepak bola dunia tersebut.","Secara resmi, telkomsel menjajal bagian sebagai pendamping penyiaran pada perhelatan sepak bola dunia tersebut.",0.943313717842102
De'e biasane tuku tisu paseo,Dia biasanya membeli tisu paseo,"""Dia biasanya membeli tisu buah""",0.8936389088630676
"Buse ora nyaman, mbak, ora sumbut karo sing diomongne bosmu, urung maneh panganane kurang enak banget, terus panggon wisata tujuane sing nggelakne:","Busnya tidak nyaman, mbak, tidak sesuai dengan yang diomongin atasan Anda, belum lagi makanannya kurang enak banget, lalu tempat wisata tujuannya yang mengecewakan:","Busen tidak nyaman, mbak, tidak sesuai dengan yang diomongkan bos kamu, belum lagi makannya kurang enak banget, terus tempat wisata tujuannya yang mengejutkan:",0.9603332877159119
"Cukup gampang golek lokasi iki, mung ngikuti wae arah menyang tengah kota. Mengko ning kiwa dalan ketok parkiran mobil sing cukup akeh, nengkono panggonan kafe iki. Rasane kafe iki pancen arang sepi, pengunjunge akeh banget.","Cukup mudah mencari lokasi ini, tinggal mengikuti saja arah ke tengah kota. Nanti di kiri jalan terlihat parkiran mobil yang cukup banyak, disitulah tempat kafe ini. Rasanya kafe ini memang jarang sepi, banyak sekali pengunjung.","Cukup mudah menemukan lokasi ini, hanya mengikuti saja arah ke tengah kota. Ditambah lagi tersedia banyak parkir mobil yang cukup luas, di sana terletak tempat kafe ini. Rasanya kafe ini memang agak sepi, pengunjungnya hampir seluruhnya asing.",0.9504348635673523
"Gela aku karo provider iki, nganti sebel, nesu, emosi, aku metu, gara gara, sinyal sing ora bener.","Kecewa saya dengan provider ini, sampai kesal, marah, emosi, saya keluar, gara gara, sinyal yang tidak benar.","Kecewa saya dengan provider ini, sampai sakit, marah, emosi, saya keluar, karena gara-gara, sinyal yang tidak benar.""",0.9745644927024841
"Sarung bantal, seprei lan slimute uwis ora putih...terus temboke wes akeh lumut..","Sarung bantal, seprai dan selimutnya tidak lagi putih...trus dindingnya sudah banyak lumut..","""Serigala, seprai dan selimutnya sudah tidak putih...terus datang ya amau banyak lumut..",0.9302386045455933
"Lan pas dheweke teka, saya rusak wae iki acara. Gilo banget aku karo dheweke, asli! Ngapuro yoo aku ora seneng banget karo dheweke","Dan ketika dia tiba, makin rusak saja ini acara. Jijik banget gue sama dia, asli! Maaf yaah gue enggak suka banget sama dia","""Dan saat dia datang, saya ternyata salah saja ini acara. Menyesal sekali saya sama dia, asli! Mencoba lagi ya saya tidak suka sekali sama dia""",0.9240606427192688
"Dhewe ana acara mangan mbengi wektu kuwi, es krime ora dipisah karo espresso dadi ora isa nyampur sing cocok karo selerane awakedhewe. Salmon steake uga kurang seger, kulit salmone atos, ketoke suwi ing kulkas utawa freezer. Sanajan iku menu utama sing kudune enak.","Kami ada acara makan malam waktu itu, ice krimnya tidak dipisahkan dengan espresso jadi tidak bisa mencampur sesuai selera masing-masing. Salmon steaknya juga kurang segar, kulit salmonnya keras, keliatannya lama di kulkas atau freezer. Padahal itu menu utama yang seharusnya enak.","Kami ada acara makan malam waktu itu, es krime tidak dipisahkan sama espresso jadi tidak bisa mencampur yang cocok dengan selera kita. Salmon steaknya juga kurang segar, kulit salmonnya keras, sepertinya lama di kulkas atau freezer. Meskipun itu menu utama yang harus enak.",0.9697978496551514
"Panggonane gampang ditemukake. Resik lan higienis, pelayanane apik, dhewe bisa diskusi babagan panganan kang kasadia. Asik.","Tempatnya mudah ditemukan. Bersih dan higienis, pelayanannya bagus, kita bisa diskusi tentang masakan yang tersedia. Asik.","Tempatnya mudah ditemukan. Bersih dan higienis, pelayanan baik, kita bisa diskusi tentang makanan yang terasa. Asik.""",0.9790683388710022
Buffet mangan mbengi paling top. Regane pas karo sing dientukake. Rasane enak piliane akeh. Regane kadang didiskon yen teko rombongan. Sukses terus ya.,Buffet makan malam paling top. Harga sesuai yang didapat. Rasanya enak pilihannya banyak. Harga kadang didiskon jika datang rombongan. Sukses selalu ya.,Buffet makan malam terbaik. Harga sesuai dengan yang dibentuk. Rasanya enak pilihannya banyak. Harga kadang didiskon kalau datang rombongan. Sukses terus ya.,0.9841353893280029
Panggon sing apik yen dinikmati wengi. Cukup nyaman. Ragane lumayan murah. Senenganku stik tenderloine. Cukup enak.,Tempat yang bagus kalau dinikmati malam hari. Cukup nyaman. Harga cukup terjangkau. Favorit saya steak tenderloinnya. Cukup enak.,Tempat yang bagus jika dinikmati malam. Cukup nyaman. Harga cukup murah. Sukanya steak tenderloin. Cukup enak.,0.9774391055107117
"Njajal kanggo buka puasa ing kene. Kanggo rega sing kagolong larang ana ing antara hotel berbintang sakelasae, rasa sing ditawakake tenan nguciwakake. Pastane ora ana rasane, panganan liyane uga ora ana rasane. Beda tenan karo apa sing biasa ditawakake. Lan pelayanane uga kurang profesional pas ngelakoni pembayaran nganggo kartu kredit.","Mencoba untuk buka puasa di sini. Dengan harga yang tergolong mahal di antara hotel berbintang sekelasnya, rasa yang ditawarkan sangat mengecewakan. Pastanya hambar, makanan lain juga hambar. Sangat berbeda dengan apa yang biasa ditawarkan. Dan pelayanan juga kurang profesional pada saat melakukan pembayaran dengan mengunakan kartu kredit.","Cobalah untuk membuka puasa di sini. Untuk harga yang tergolong mahal ada di antara hotel bintang sebelas, rasa yang ditawarkan benar-benar mengecewakan. Pastinya tidak ada rasa. Makanan lain juga tidak ada rasanya. Beda sekali dengan apa yang biasanya diberikan. Dan pelayanannya juga kurang professional saat menangani pembayaran menggunakan kartu kredit.""",0.93915194272995
"Aku uga bingung loh, sing ndukung tokoh kuwi meh kabeh setipe bisane mung ngenyek-ngenyek, fitnah, tembung-tembung kasar, nyebarna isu ngapusi, ngutamakake emosi, akal sehate ora pernah dinggo.","Gue juga bingung loh, pendukung tokoh itu hampir semuanya setipe bisanya cuma maki-maki, fitnah, kata-kata kasar, menyebar isu bohong, mengutamakan emosi, akal sehat tidak pernah dipakai.","""Aku juga bingung loh, yang mendukung tokoh itu hampir semua jenisnya hanya menyakiti, fitnah, berbicara kasar, menyebarkan isu menipu, mengendalikan emosi, akal sehat tidak pernah untuk.""",0.930002748966217
"Omah mangan nusa indah saiki gelakne ah. Reget, uwong ditokne wae ngrokok ning ruangan nggo ac, pangganan suwe tekane.","Rumah makan nusa indah sekarang mengecewakan ah. Kotor, orang didiamkan saja merokok di ruangan ber ac, makanan lama datangnya.","""Rumah makan nation sekarang mengejutkan ah. Harga, pilihan situlah asap rokok di ruangan buat ac, tempatnya lama datangnya.""",0.8934881091117859
Nadia nggoleki hem kanggo adike ning uniqlo,Nadia mencari kemeja untuk adiknya di uniqlo,Nadia mengecek hem untuk duduknya di uniqlo,0.9180365204811096
"101 dalmatians: The series yaiku seri kartun tipi sing digawe karo disney television animation, kerjo bareng karo jumbo pictures.","101 dalmatians: The series adalah sebuah seri animasi televisi yang diproduksi oleh disney television animation, bekerja sama dengan jumbo pictures.","""101 dalmatians: The series merupakan seri animasi televisi yang diproduksi oleh disney television animation, bekerja sama dengan jumbo pictures.""",0.9854297637939453
Kantor kang nyambungake korsel - korut dibuka pekan iki,Kantor penghubung korsel - korut dibuka pekan ini,Kantor yang menghubungkan korsel - korut dibuka pekan ini,0.9465823173522949
Menehi berkah bareng sinde! Etukna 50 paket umroh saben tuku minimal rp 15.000 ning alfamart.,Berbagi berkah bersama sinde! Dapatkan 50 paket umroh setiap pembelian minimal rp 15.000 di alfamart.,"Menerima berkah bersama sini! Dapatkan 50 paket umroh tiap beli minimal rp 15.000 di alfamart.""",0.9565721750259399
"Tuku kaos, topi utawa jam tangan ning lapak monoton roomstore busa ditawa khusus nganggo aplikasi ning hape bosku.","Beli kaos, topi atau jam tangan di lapak monoton roomstore bisa diego khusus pakai aplikasi di hape boskuh.","Beli kaos, topi atau jam tangan di lapak monoton roomstore busa ditawa khusus pakai aplikasi di hape bosku.""",0.9590438604354858
"Aplikasi google maps akeh paedahe, aku puas nganggone!","Aplikasi google maps sangat bermanfaat, saya puas menggunakannya!","Aplikasi google maps banyak fitur, saya puas penggunakannya!",0.9570906758308411
"Kanggo malem minggu ing kene pasangan diwenehi panggonan sing ora kapenak, amarga pas uwong lewat ing kana panggonane dhewe obah-obah, luwih pase mirip kaya warung pinggir dalan. Ora sesuai karo rega panganane sing disajikake, kudune pasangan uga diwenehi panggonan sing apik uduk sembarang nerima tamu lan dideleh ing panggonan kaya kuwi.","Untuk malam minggu di sana pasangan diberi tempat yang tidak nyaman, karena saat orang lewat di sana tempat kami goyang-goyang, lebih tepatnya mirip seperti warung pinggir jalan. Tidak sesuai dengan harga makanan yang disajikan, seharusnya pasangan juga diberi tempat yang bagus bukan sembarang terima tamu dan taruh di tempat seperti itu.","""Untuk malam minggu di sini pasangan diberikan tempat yang tidak nyaman, karena pas orang lewat di sana tempatnya udah rusak, lebih tepatnya warung pinggir jalan. Tidak sesuai dengan harga makanan yang disajikan, sebaiknya pasangan juga diberikan tempat yang bagus supaya sembarang menerima tamu dan kuhasarah.",0.946709930896759
Menu panganan cukup rena-rena lan nggarai sir mesen kabeh. Mirah? Jelas ae!,Menu makanan cukup bervariasi dan bikin mau dipesan semuanya. Murah? Pastinya!,"""Menu makanan cukup beragam dan bikin ireng! Rodonya!""",0.883888304233551
Bagikno sak akeh-akehe. Ben wong iki diproses. Kangen ndelok video njaluk sepiro karo nangis-nangis terus wadul nyang mbok e terus omong lak perlakuane kuwi ora sengaja.,Bagikan sebanyak-banyaknya. Biar ini orang diproses. Kangen melihat video minta maaf sambil nangis-nangis lalu ngadu ke emak lalu bilang kalau perlakuan itu tidak sengaja.,Bagikan sekarang banyak sekali. Biar orang ini di proses. Ingin menangis terus terus kedatangannya di mboknya terus bicara kalau perilakunya itu tidak sengaja.,0.8921869397163391
"Soto kudus iki anane ning pinggir dalan, kaping pisan arep mangan rada ora mantep uga sih. Amarga pengen ngerti rasa kudus yo dijajal sek. Ee saktenane uga enak lho, lan ana uga pilihan kanggo nyampurake, pokoke enak tenan. Regane murah pol deh. ","Soto kudus ini adanya di kaki lima, pertama kali mau makan agak ragu juga sih. Karena ingin tahu rasa kudus ya dicoba dulu. Ee ternyata enak juga lho, dan ada juga pilhan untuk mencampurnya, pokoknya enak sekali deh. Harganya murah meriah deh.","Soto koudus ini berada di pinggir jalan, pertama kali mau makan rada tidak mantap juga sih. Karena ingin tahu rasa kudu ya dicoba yang. Karena memang ingin tahu rasa koudus ya dicoba terus. Eh sepertinya juga enak lho, dan ada pilihan buat mencampur juga, pokoknya enak banget. Harga murah pol deh.",0.9309048056602478
Olahraga wengi isa dadi pilihan kanggo ngisi wektu lowong.,Olahraga di malam hari dapat menjadi pilihan untuk mengisi waktu luang.,Olahraga malam bisa jadi pilihan untuk mengisi waktu luang.,0.9793732166290283
Restoran seafood. Menu spesiale yuyu sing dipangan karo kulite. Kanggo aku kurang enak. Kulite isih rada atos. Pelayanane biasa-biasa bae.,Restoran seafood. Menu spesialnyanya kepiting yang dimakan dengan kulitnya. Untuk saya kurang enak. Kulitnya masih agak keras. Pelayanannya biasa-biasa saja.,"Restoran seafood. Menu spesial kepiting yang ditawarkan dengan kehaluan. Untuk saya kurang enak. Perikatannya masih agak keras. Pelayanan biasa-biasa saja.""",0.9543299674987793
"Enak lumayan, nanging regane larang amarga porsine luwih sithik. Ana pilihan infused kangen water sek cukup kanggo 4 uwong","Enak lumayan, tapi harganya mahal karena porsinya sedikit kecil. Ada pilihan infused kangen water yang cukup untuk 4 orang","Enak cukup, tapi harganya mahal karena porsinya lebih kecil. Ada pilihan infused water yang cukup untuk 4 orang""",0.9733660221099854
"Dinggo daerah banda aceh lan sekitare sik lancar, ora ana gangguan blas.","Untuk daerah banda aceh dan sekitarnya masih lancar, tidak ada gangguan sama sekali.","Untuk daerah banda aceh dan sekelilingnya yang mengalir, tidak ada gangguan sama sekali.",0.959179699420929
Emosi karo gojek sing kerep nyasar yen arep menyang omahku.,Emosi dengan gojek yang selalu nyasar kalau mau ke rumah saya.,Emosi dengan gojek yang sering bersasar kalau mau ke rumah saya.,0.9855293035507202
"Kafe sing nyaman, enak lan murah kanthi desain kafe sing unik lan marakna krasan. Panganan enak lan kopi enak lan fasilitas wifi sing cepet lan tv kabel","Kafe yang nyaman, enak dan murah dengan desain kafe yang unik dan bikin betah. Makanan enak dan kopi enak serta fasilitas wifi yang cepat dan tv kabel","Kafe yang nyaman, enak dan murah dengan desain kafe yang unik dan menarik perhatian. Makanan enak dan kopi enak dan fasilitas wifi yang cepat dan tv kabel",0.9832816123962402
"Uwis sewulan luwih ora mangan indomie, sakpisane mangan langsung nggawe rong porsi indomie goreng jumbo.","Sudah sebulan lebih tidak makan indomie, sekalinya makan langsung bikin dua porsi indomie goreng jumbo.","Sudah beberapa kali tidak makan indomie, sehubungan dengan itu makan langsung buat porsi indomie goreng jumbo.""",0.9309874176979065
"Mangan sikil wedus bagian pupu sing empuk lan lumayan gedhi dinggo ukuran medium, pas dingge wong siji, mangan tanpa sega, karo es lemon tea. Seger kurange mung panggone kebul-kebul, wajar kan jenenge uga wedus bakar hehehe","Makan kaki kambing paha yang empuk dan lumayam besar untuk ukuran medium, pas untuk satu orang, makan tanpa nasi, dengan es lemon tea. Segar kekurangannya hanya tempatnya berasap, wajar kan namanyan jg kambing bakar hehehe","Makan nasi bagian kulitnya yang empuk dan agak keras untuk ukuran medium, cocok untuk berdua, makan tanpa nasi, dengan es lemon tea. Seger perasaannya hanya tempatnya terbakar hehehe""",0.929535984992981
"Panggone lumayan unik, rasa panganane biasa, menu sing ditawakne uga biasa, mung panggone karo keunikane sing menarik, cara nyeluk pelayane nganggo nutuk kentongan,. Aku pas mrana wengi, diambah udan, udarane lumayan adem nyrusuk belung, sempet ngenteni kira-kira limolas menit ben iso entuk panggon, merga bek blok wektu iku. Disaranke lak sir mrana sore-sore.","Tempatnya cukup unik, rasa makanan standar, menu yang ditawarkan juga biasa, hanya saja yang menarik tempat dan keunikannya, cara memanggil pelayannya dengan memukul kentongan,. Aku pas ke sana pada malam hari, ditambah hujan, udaranya cukup dingin menusuk tulang, sempat menunggu kira-kira 15 menit untuk bisa dapat tempat, karena penuh blok pada saat itu. Disarankan kalau mau ke sana sore-sore.","Tempatnya agak unik, rasa makanan biasa, menu yang disajikan juga biasa, hanya tempat dengan keunikannya yang menarik, cara menyajikan pelayannya menggunakan tangan setelah nutrisi berbasis tulang, saya pas ke sana malam, diambah hujan, hujan cukup adem lewat atap, sempat menunggu sekitar lima menit sampai bisa mendapatkan tempat, karena meja penuh pada saat itu. Disarankan kalau mau ke sana sore-sore.""",0.9468784332275391
"Ning pilkada 2018, polri dijaluk ningkatne pengamanan ning sekitar tps.","Dalam pilkada 2018, polri diminta meningkatkan pengamanan di sekitar tps.","Di pilkada 2018, polri dimintakan meningkatkan keamanan di sekitar tps.",0.9803396463394165
"Ora bosen apa film indonesia sing main deknen terus, udu ngomong deknen ora apik, nanging yen pemaine kuwi kuwi bae uga bosen ndheloke.","Tidak bosan apa film indonesia yang main dia terus, bukan bilang dia tidak bagus, tetapi kalau pemain itu itu melulu jenuh juga melihatnya.","Tidak bosan apa film indonesia yang tayang sana-sana, bukan hanya bilang saja tidak baik, tapi kalau pemain itu sama saja bosan melihatnya.""",0.9288131594657898
Wingi Dian tuku kathok anyar liwat aplikasi Lazada,Kemarin Dian membeli celana baru lewat aplikasi Lazada,"""Kemarin Dia membeli kaos baru lewat aplikasi Lazada""",0.9252045154571533
"Dhewe arep menyang lembang kanthi kahanan luwe. Pas ndhelok saung pengkolan iki dhewe langsung mandhek kanggo mangan. Dhewe milih lesehan ing tingkat 2 dadi entuk pemandangan sek apik. Pesenane dhewe yaiku cumi goreng glepung, gurame goreng krispi, oseng genjer lan rong menu tahu sek aku lali jenenge. Umume ora ana sek istimewa saka hidangan kuwi. Mbok menawa pilihanku. Lanjutane","Kami dalam perjalanan ke lembang dalam keadaan lapar. Saat melihat saung pengkolan ini kami langsung berhenti untuk makan. Kami memilih lesehan di lantai 2 sehingga mendapatkan pemandangan yang indah. Pesanan kami adalah cumi goreng tepung, gurame goreng crispy, tumis genjer dan dua menu tahu yang saya lupa namanya. Secara keseluruhan tidak ada yang istimewa dari hidangan tersebut. Mungkin pilihan saya. Lanjutan","Kami akan ke lembah dengan suasana barrage. Saat melihat saung pengkolan ini kami langsung turun untuk makan. Kami memilih lesehan tingkat 2 karena mendapat pemandangan yang bagus. Pesanan kami adalah cumi goreng tepung, gurame goreng krispi, oseng mahas dan dua menu tahu yang saya lupa sebutannya. Umuminya tidak ada yang istimewa dari hidangan itu. Jadi, pilihan saya. Selanjutnya",0.9518114924430847
Entuk bonus tcahs 12.500 nanging ora isa dienggo kanggo tuku pulsa sing regane 10 ewu h aneh,Dapat bonus tcash 12.500 tapi tidak bisa dipakai buat beli pulsa yang seharga 10 ribu h aneh,"Dapatkan bonus tcahs 12.500 tapi tidak bisa digunakan untuk membeli pulsa yang harganya 10 ewu aneh""",0.9300481677055359
"Kaping kapisan aku marang rana, meja-meja mulai tuwa lan uga menu panganan sing ora patio variatif. Nanging regane ora bisa diomong murah, amarga kudune kanthi rega-rega sakmono bisa entuk sing luwih apik. Utamane pas aku marang kamar mandi, reged tenan lan mambu ora enak:","Saat pertama ke sana, meja-meja mulai usang dan juga menu makanan yang tidak begitu bervariatif. Namun harganya tidak bisa dibilang murah, karena seharusnya dengan harga-harga segitu bisa dapat yang lebih baik. Terutama saat saya ke toilet, sangat kotor dan berbau tidak sedap:","Pertama kali saya ke sini ke meja-meja mulai tua dan juga menu makanan yang tidak terlalu variatif. Tapi harganya tidak bisa diomong murah, karena seharusnya dengan harga-harga mulai tinggi bisa mendapat yang lebih baik. Secara keseluruhan ketika saya ke kamar mandi, kotor sekali dan tdk enak:""",0.9410978555679321
"Ombean apa sih kok cara nggombene aneh, rasane uga aneh maneh","Minuman apa sih kok cara minumnya aneh, rasanya aneh juga lagi","Minuman apa sih kok cara mengobarnya aneh, rasanya juga aneh lagi",0.977765679359436
"Tanggal 12 february iku ulang taune pacarku, lan aku ngajak dee dinggo mangan nyang sawiji restoran sing terkenal ning surabaya. Aku pengen menehi kado ulang taun karo mangan sing enak ning kana. Nanging. Pas iku aku teka kira kira jam setengah 3. Panggon kebeg dadi awakdewe kudu ngenteni. Daftar tunggu pas kuwi sekitar 4 meja.","Tanggal 12 february adalah ulang tahun pacar saya, dan saya mengajak dia untuk makan di sebuah restaurant yang terkenal di surabaya. Saya ingin memberi kado ulang tahun dengan makan yang enak di sana. Tapi. Saat itu saya datang kira kira jam setengah 3. Tempat penuh sehingga kami harus menunggu. Daftar tunggu pada saat itu sekitar 4 meja.","""Tanggal 12 february itu ulang tahunnya pacarku, dan aku mengajak dia ke sawiji restoran yang terkenal di surabaya. Saya ingin memberi kado ulang tahun dengan makan yang enak di sana. Tapi. Saat itu saya tiba kira kira jam setengah 3. Tempat terbebas jadi kami harus menunggu. Daftar tunggu saat itu sekitar 4 meja.""",0.9673642516136169
"Ora seneng ndelok bocah sma saiki, yen nganggo jilbab rambute pada disengajakake metu, maksude apa?","Tidak suka melihat anak sma sekarang, kalau pakai jilbab rambutnya pada disengajakan keluar, maksudnya apa?","Tidak suka lihat anak sma sekarang, kalau memakai jilbabnya serba salah, maksudnya apa?",0.955131471157074
Calon-calon pemimpin negeri iki cukup kuwat nyiapake strategi kanggo kemenangane.,Calon-calon pemimpin negeri ini cukup kuat mempersiapkan strategi untuk kemenangannya.,Calon-calon pemimpin negeri ini cukup kuat mempersiapkan strategi untuk kemenangan.,0.9945539832115173
Adikku lagi ndhelok harry potter ing trans tv,Adik saya sedang menonton harry potter di trans tv,Adikku sedang melihat harry potter di trans tv,0.9457326531410217
"Salah siji restoran paling tak senengi ning bandung. Panggonane nylepit, nanging isih kenek dijangkau. Menu panganane enak, sunda banget. Pemadangane ya apik, kahanane pancen nggarai mripat lan ilat kabeh puas. Bar mangan sampek wareg. maleh sir turu ning saunge.","Salah satu restoran favorit saya di bandung. Lokasinya terpencil, tetapi masih terjangkau. Menu makanannya enak, sunda sekali. Pemandangannya indah, suasananya memang membuat mata dan lidah semua terpuaskan. Selesai makan sampai kenyang, jadi ingin tidur di saungnya.","Salah satu restoran paling tidak favorit saya di bandung. Tempatnya sempit, tapi masih bisa dicapai. Menu makanannya enak, sunda banget. Pemandangannya memang bagus, suasananya memang bikin mupeng dan ngillasih semua puas. Setelah makan sampai kenyang. memang masih ingin menyang kahanannya.",0.9407298564910889
Endi taring kpk? Kasus ecek-ecek puluan yuta kowe cekel senajan nganti ing bolongan semut! Waras kowe kpk?,Mana taring kpk? Kasus ecek-ecek puluhan juta kamu tangkap sampai ke lubang semut sekalipun! Waraskah anda kpk?,Kamu tahu tentang kelerangannya? Kasus ini sudah terlalu banyak deh kamu sembunyikan meskipun sampai di lubang semut! Baik kamu kinerja good will?,0.8693316578865051
"Menu ning panggen iki asline sederhana banget nanging sing nduwe kreatif. Sajian mie, roti lan panganan penutupe di campur karo rena-rena pilihan. Panggone asik dingge nglumpuk karo kanca-kanca. Dingge regane ora tek larang sumbut karo rasane.","Menu di tempat ini sebetulnya sederhana banget tapi pemiliknya kreatif. Sajian mie, roti dan makanan penutupnya di mix sama berbagai pilihan. Tempatnya asik buat berkumpul dengan teman-teman. Untuk harganya tidak terlalu mahal sesuai sama rasanya.","Menu di tempat ini sebenarnya sederhana sekali tapi yang mempunyai kreativitas. Sajian mie, roti dan makanan penutupnya di campur dengan berbagai pilihan. Tempatnya asik untuk duduk dengan teman teman. Untuk harganya tidak terlalu mahal selaras dengan rasanya.",0.9589699506759644
"Restoran kanthi metode penyajian bedha. Piring panggonan mangan diganti karo godhong gedhang. Menu panganan khas sunda kanthi citarasa sing enak. Saka segi rega cukup kakancan, panggonan mangan amba lan akeh pilian meja, parkir cukup amba.","Restoran dengan metode penyajian berbeda. Piring tempat makan diganti dengan lembaran daun pisang. Menu makanan khas sunda dengan citarasa yang enak. Dari segi harga cukup bersahabat, tempat makan luas dan banyak pilihan meja, parkir cukup luas.","Restoran dengan metode penyajian beda. Piring tempat makan diganti dengan daun pisang. Menu makanan khas sunda dengan citarasa yang enak. Dari segi harga cukup terjangkau, tempat duduk luas dan banyak pilihan meja, parkir cukup luas.""",0.9826233983039856
"Restoran alas daun nyajikake menu khas sunda sek ora beda adoh karo restoran khas sunda liyane, nanging sek nggawe beda yaiku ora nganggo piring lan mung diwenehi godhong gedhang sek diselehake ing meja sek ngganteni piring. Dadi kaya uwong ing India sek mangan didhasarkae godhong gedhang.","Restoran alas daun menyajikan menu khas sunda yang tidak jauh berbeda dengan restoran khas sunda lainnya, tapi yang membuatnya berbeda adalah tanpa piring, dan hanya diberi daun pisang yang diletakkan di meja sebagai pengganti piring. Jadi mirip orang di india yang makan beralaskan daun pisang.","""Restoran alas daun menyajikan menu khas sunda yang tidak berbeda jauh dengan restoran khas sunda lainnya, tetapi yang membuat beda ya itu tidak pakai piring dan hanya diberikan daun pisang yang disosokkan di meja yang menunggu piring. Jadi seperti orang di India yang makan di atas daun pisang.""",0.9432576894760132
Rasa sotone miturutku pedes nanging gurih. Ngombe sirup markisa sing seger karo es liline sing enak.,Rasa sotonya menurut saya pedas tapi gurih. Minum sirup markisa yang segar sama es lilinnya yang enak.,"Rasa sotonya menurut saya pedas tapi gurih. Minum sirup markisa yang segar dengan es lapis yang enak.""",0.9797289967536926
"Aku mara ning restoran iki kanggo mangan wengi bareng rencang. Aku mesen stik pithik sing sebenere aku lali jenenge. Rasane biasa banget wae, anyep. Pithike kandhel lan krasa atos lan garing banget. Ora ana sing istimewa.","Saya mengunjungi restoran ini untuk makan malam bersama teman. Saya memesan steak ayam yang sebenarnya saya lupa namanaya. Rasanya sangat biasa saja, hambar. Ayamnya tebal dan terasa keras dan kering sekali. Tidak ada yang istimewa.","Saya ke restoran ini untuk makan malam bersama teman. Saya memesan steak ayam yang sebenarnya saya lupa namanya. Rasanya biasa sekali saja, anyep. Ayamnya memang terpotong dan terasa daging dan garing sekali. Tidak ada yang istimewa.""",0.9563691020011902
Dhewe kan saling sengit siji liyane kawit 4 taun kepungkur.,Kita kan saling membenci satu sama lain sejak 4 tahun yang lalu.,"""Kami kan saling sengit satu sama lain sejak 4 tahun silam.""",0.9290215373039246
Bapak biasane nganggo semir sepatu kiwi,Ayah biasanya memakai semir sepatu kiwi,Bapak biasanya menggunakan semir sepatu kiwie,0.9362736940383911
Richeese factory yaiku restoran waralaba sing nyajikake pithik kanthi rasa pedes kanthi macem-macem level. Cocok tenan kanggo kowe sing tresna rasa pedes.,Richeese factory adalah restaurat waralaba yang menyajikan ayam dengan rasa pedas dengan berbagai level. Sangat cocok untuk anda pecinta rasa pedas.,Richeese factory merupakan restoran waralaba yang menyajikan ayam dengan rasa pedas dan berbagai level. Sangat cocok untuk anda yang cinta rasa pedas.,0.974486768245697
"Pas rapat ning hotel sensa, aku pesen batagor riri nganggo aplikasi gofood / gojek. Pesenan teka ora suwe merga tibake paket batagor lan siomay wes di-pak ning plastik vakum. Rega sing enek ning aplikasi gojek / gojek urung termasuk pajek segedhe 10%.","Saat rapat di hotel sensa, saya memesan batagor riri menggunakan aplikasi gofood / gojek. Pesanan tiba dalam waktu tidak lama karena ternyata paket batagor dan siomay sudah di-pack dalam plastik vakum. Harga yang tertera dalam aplikasi gojek / gojek belum termasuk pajak sebesar 10%.","""Pada rapat di hotel sensa, saya pesan batagor riri menggunakan aplikasi gofood / gojek. Pesanan datang tidak lama setelah memesan paket batagor dan siomay sudah dibungkus dalam plastik vakum. Harga yang murah di aplikasi gojek / gojek belum termasuk pajak segedanya 10%.""",0.9610986709594727
Aku moro ing restoran iki ora pas jam mangan awan. Nanging restorane lumayan rame lan untunge awakdewe isa ndang entuk panggonan lungguh. Lebar lungguh panganan lan ombenane langsung disajikake. Sambel ijone kurang karasa pedes kanggo awakdewe. Panganane enak cukup puas mangan ing kene.,Saya mengunjungi restoran ini bukan saat jam makan siang. Tapi restorannya cukup ramai dan untungnya kami bisa cepat dapat duduk. Begitu duduk makanan dan minuman langsung dihidangkan. Sambal hijaunya kurang terasa pedas buat kami. Makanan enak cukup puas makan di sini.,Saya ke restoran ini tidak tepat jam makan siang. Namun restorannya cukup ramai dan untung kita bisa mendapatkan tempat duduk. Luasnya tempat makanan dan minumannya langsung disajikan. Sambal ijonya kurang terasa pedas buat kami. Makanannya enak cukup puas makan di sini.,0.9633762836456299
"Gampang cemburu ndelok dee guyonan karo wedokan, nanging awakdewe uduk sopo-sopone","Suka cemburu melihat doi bercanda sama cewek, tetapi kita bukan siapa-siapanya","Mudah cemburu melihat dia bercanda dengan pandangan, tapi kita harus menjaga sopan-sopan",0.911585807800293
Pungkasane aku mangan pesen lewat pesen kirim. Anakku seneng tenan gedel isi iwake. Restoran jaman mbien sing terkenal tenan. Regane sing cukup kajangkau kantong sak lan rasa panganane sing cukup enak.,Terakhir saya makan pesan via delivery order. Anak saya sangat suka perkedel isi daging -nya. Restoran zaman dahulu yang sangat terkenal. Harga yang cukup terjangkau kantong dan rasa masakan yang cukup enak.,"Ringkasnya saya makan lewat pesan dikirim. Anak saya suka banget minum jusnya. Restoran zaman dulu yang terkenal sekali. Harga yang cukup terjangkau kantong dan rasa makanannya yang cukup enak.""",0.9438576102256775
Parkiran angel bnaget sampek muter ping 3. Saran: Parkir ning cedek hotel ae terus mlaku. Restoran ning area perumahan.,Parkiran susah bener sampai berputar 3x. Saran: Parkir di dekat hotel saja terus jalan kaki. Restoran di area perumahan.,"""Parkiran sulit banget sampai putar 3. Saran: Parkir di dekat hotel saja terus jalan. Restoran di area perumahan.""",0.9494265913963318
"Aku gumun karo telkomsel, kuotane akeh kok nanging cepet banget enteke, padahal ora akeh mbukak aplikasi abot. Nyurigakake","Suka heran sama telkomsel, kuotanya banyak kok tapi cepat banget abisnya, padahal tidak banyak buka aplikasi berat. Mencurigakan","Guama sama telkomsel, kuotanya banyak kok tapi cepat sekali habisnya, padahal tidak banyak membuka aplikasi berat. Menyikan",0.9468006491661072
Bocah saiki lagek gerang wis wani nyolong,Anak sekarang baru gede sudah berani mencuri,Anak sekarang memang berani berani sudah berani menyusuri,0.9220651984214783
"Nduwe kesempatan nikmati santap isuk merga lagi nginep ning hotel iki. Minangka pengunjung anyar kaya aku lan paling sing liyane isa ae bakal antusias merga suwasana santap isuk sing diwernani karo pemandangan saka sisih wetan, merga saka sisih kuwi ana kaendahan bangunan hotel sepisan kolam renange. Liyane kuwi uga ana barisan bukit lan nggunung bakal nambah pengenan dingge foto-foto.","Berkesempatan menikmati santap pagi karena sedang menginap di hotel ini. Sebagai pengunjung baru seperti saya dan mungkin yang lainnya barangkali akan antusias terhadap suasana santap pagi yang diwarnai dengan pemandangan dari sisi timur, karena dari sisi tersebut terdapat keindahan bangunan hotel berikut kolam renangnya. Selain itu juga terdapat barisan bukit dan pegunungan akan menambah keinginan untuk berfoto ria.","Hotel ini menyediakan kesempatan menikmati santap pagi karena sedang menginap di hotel ini. Sebagai pengunjung baru seperti saya dan yang lainnya bisa saja merasa antusias karena suasana santap pagi yang diwarnai dengan pemandangan dari sisi hutan, karena dari sisi tersebut ada kerumahan bangunan hotel terbentang di tepi kolam renangnya. Selain itu juga ada rangkaian bukit dan pegunungan akan menambah daya tarik untuk foto-foto.""",0.9540715217590332
"Telekomunikasi ora mung kanggo kutha gedhe, nanging uga nganthi marang daerah pelosok lan perbatasan negara cc: Telkomsel","Telekomunikasi bukan hanya untuk kota besar, tapi juga sampai ke daerah pelosok dan perbatasan negara cc: Telkomsel","Telekomunikasi tidak hanya untuk kota besar, tetapi juga ke daerah pelosok dan perbatasan negara cc: Telkomsel",0.9913842678070068
Apike wektu turu paling sithik iku limang jam.,Sebaiknya jam tidur minimal lima jam.,Sukanya waktu tidur paling awal itu jam lima.,0.9063594341278076
"Aku bareng kanca kerja sengaja nyoba mangan awan ning kene, kanggo panggonan kagolong cukup kapenak yen ning lantai dhuwur. Rasa pithik bakar ning kene tenan dak rekomendasikake karo sambel pelem.","Saya bersama rekan kerja sengaja mencoba makan siang di sini, untuk tempat terbilang cukup nyaman jika di lantai atas. Rasa ayam bakar di sini sangat saya rekomendasikan bersama sambal mangga.","Saya bersama rekan kerja sengaja mencoba makan siang di sini, untuk tempat duduk tergolong cukup nyaman kalau di lantai bawah. Rasa ayam bakar di sini sungguh cukup rekomendasikan dengan sambal sendiri.""",0.963689923286438
Aku gela karo pelayanane. Siktasan aku pesen grabfood pesenen ora diterna nanging wis dimarekne. Tulung gae selektif milih tukang nyambut gawe.,Saya kecewa dengan pelayanannya. Barusan saya pesan grabfood pesanan tidak diantar tapi sudah diselesaikan. Mohon untuk selektif memilih pekerja.,Saya kecewa dengan pelayanannya. Sejak saya pesan grabfood pesan tidak ditanggapi tetapi sudah dimarakannya. Tolong baiknya selektif memilih tukang bekerja.,0.9418210387229919
"Wis ilang handphone xiaomi redmi note 5 werna gold 64 / 4 ning daerah duri kidul, jembatan lima, tambora, jakarta barat.","Telah hilang handphone xiaomi redmi note 5 warna gold 64 / 4 di daerah duri selatan, jembatan lima, tambora, jakarta barat.","Sudah hilang handphone xiaomi redmi note 5 werna gold 64 / 4 di daerah duri kidul, jembatan lima, tambora, jakarta barat.",0.9744883179664612
Aku ora kuciwa karo produke apple,Saya tidak kecewa dengan produk apple,Aku tidak kecewa dengan produk apple,0.9908134937286377
"Youtube saben dina saya akeh iklane, njengelake!","Youtube semakin hari semakin banyak iklannya, menyebalkan!","""Youtube setiap hari saya banyak iklannya, menyebalkan!""",0.9333598613739014
"Iku indomie karo mangkoke wis wira-wiri, kepisah sisan isi lan adahe.","Itu indomie sama mangkoknya sudah berkeliaran, terpisah pula isi sama wadahnya.","Ini indomie sama mangkunya sudah terkenal, terpisah masih isi dan ada heh.",0.9112698435783386
Dhewe marang kafe iki kanggo mangan serabi. Serabine kanggo dhewe kandel banget ing bagian tengah. Akeh tenan piliah topping serabine nganti mumet milihe. Ternyata regane luwih larang saka warung setiabudi. Kuciwa.,Kami ke kafe ini untuk makan serabi. Serabinya bagi kami terlalu tebal di bagian tengah. Banyak sekali pilihan topping serabi sampai pusing memilihnya. Ternyata harganya lebih mahal dari warung setiabudi. Kecewa.,"Kami ke kafe ini buat makan siam. Siama buat kami terlalu licin di bagian tengah. Banyak pilihan topping siamnya sampai muntah mihinya. Ternyata harganya lebih mahal dari warung setiabudi. Ketidakpuasan.""",0.9480540156364441
"Bistik murah, cocok kanggo sing anggarane cilik nanging pingin mangan murah lan wareg, kajaba bistik uga panganan liyane enak lan murah. Susanane lumayan rame, umume akeh kaluwarga utawa bocah sekolahan.","Steak murah, cocok untuk yang budgetnya kecil tapi ingin makanan murah dan kenyang, selain steak juga makanan lainnya enak dan murah. Suasananya lumayan ramai, biasanya banyak keluarga atau anak sekolahan.","Daging murah, cocok untuk yang anggarannya kecil tapi ingin makan murah dan penuh, selain daging juga makanan lain enak dan murah. Susannya lumayan ramai, masuknya banyak keluarga atau anak sekolah.""",0.9514607191085815
"Pertemuan antarane pihak bank bri, bpbat sungai gelam - jambi, lan pokdakan sek ana ing desa pudak. Kanggo ngrembug bentuk panyaluran dana csr saka bank bri","Pertemuan antara pihak bank bri, bpbat sungai gelam - jambi, dan pokdakan yang ada di desa pudak. Untuk mendiskusikan bentuk penyaluran dana csr dari bank bri","Pertemuan antara pihak bank bri, bpbat sungai gelam - jambi, dan bentuk penyebaran dana csr dari bank bri",0.9411411881446838
"Panggonan iki menarik tenan, pemandangan apik, ana arena dolanan ing njaba kanggo sakulawarga. Tenan disaranake kanggo kaluwarga sing ndhuwe bocah cilik. Panganan halal lan menu rena-rena.","Tempat ini sangat menarik, pemandangan bagus, ada arena bermain di luar untuk sekeluarga. Sangat disarankan untuk keluarga dengan anak kecil. Makanan halal dan menu bervariasi.","Tempat ini sangat menarik, pemandangan bagus, ada arena bermain di luar untuk sekeluarga beranak anak. Secara khusus disarankan untuk keluarga yang punya anak kecil. Makanan halal dan menu bervariasi.",0.9770623445510864
"Hotel arep check-in wae ruwet. Nunggu amarga ngresiki kamar suwe banget, gela lah. Iki pisanane aku mrana. Terus langsung diwenehi kesan pisanan sing ora apik.","Hotel mau  check-in aja ribet. Menunggu karena membersihkan kamar lama banget, kecewa dah. Ini pertama kalinya gue ke sana. Terus langsung dikasih first impression yang tidak bagus.","Hotel mau check-in saja ρουpek. Tunggu karena membersihkan kamar lama sekali, kecewa lah. Ini kali ke-2 saya ke sana. Terus langsung diberikan kesan pesanan yang tidak bagus.""",0.9450550675392151
"Amarga kartu oktrip wektu iki yaiku saka bni, mulakna isi ulang isa dilakokake ing mitra-mitra sing kerja sama karo bni.","Karena kartu oktrip saat ini adalah dari bni, maka isi ulang bisa dilakukan di mitra-mitra yang bekerjasama dengan bni.","Karena kartu oktra saat ini adalah dari bni, maka isi ulang bisa dilakukan di mitra-mitra yang bekerja sama dengan bni.",0.9821106791496277
Ngge kabeh seh apik. Karyawane yo grapyak grapyak. Lan pemandangane apik. Nanging panganane kelarangen. Larang banget malah. Dompet kudu kandel.,Secara keseluruhannya sih bagus. Karyawanya juga ramah ramah. Dan pemandangannya bagus. Tapi makanannya terlalu mahal. Mahal banget malah. Dompet harus tebal.,Semua baik. Karyawan juga ramah ramah. Dan pemandangannya bagus. Tapi makanan terlalu mahal. Mahal banget malah. Dompet harus berkemah.,0.9579858183860779
"Mangan karo kaluwarga bakal luwih nyenengake kanthi kabeh fasilitas sing ana. Lokasine sing apik, panganane sing cukup enak kanthi aneka werna pilian. Lan pemandangan lan suwasana dadi andalan","Makan bersama keluarga akan lebih menyenangkan dengan semua fasilitas yang ada. Lokasi yang bagus, makanan yang cukup enak dengan beragam pilihan. Dan pemandangan serta suasana jadi andalan","Makan bersama keluarga akan lebih menyenangkan dengan semua fasilitas yang tersedia. Lokasi yang bagus, makanan yang cukup enak dengan berbagai pilihan. Dan pemandangan serta suasana menjadi andalan",0.9919565916061401
"Sega goreng mafia sing manggon ning dalan setiabudi awakdewe pilih merga pingin golek panganan sing cepet. Ditambah yaiku salah siji kuliner sing wajib diparani ning bandung. Aku milih sega goreng sing favorit ning kene yaiku sega goreng bandit sing tingkat pedese ning level 3. Panganan sing disajikne cukup cepet, nanging sayange sega goreng sing tak pesen segane atos, bumbon rempahe ketutupan.","Nasi goreng mafia yang terletak di jalan setiabudi kami pilih karena ingin mencari makanan yang cepat. Ditambah merupakan salah satu kuliner yang wajib dikunjungi di bandung. Saya memilih nasi goreng yang favorit di sini yaitu nasi goreng bandit hingga tingkat kepedasan di level 3. Makanan yang disajikan cukup cepat, namun sayangnya nasi goreng yang saya pesan nasinya keras, bumbu rempahnya tertutupi.","Mau goreng mafia yang berada di jalan setiabudi kami pilih karena ingin mencari makanan yang cepat. Ditambah yaiku salah satu kuliner yang wajib dicoba di bandung. Saya memilih nasi goreng yang favorit di sini adalah nasi goreng bandit yang tingkat pedasnya level 3. Makanan yang disajikan cukup cepat, sayangnya nasi goreng yang saya pesan tingkat rempahnya tertutup.",0.9680848717689514
Iki yaiku sop stengkel paling enak ning aceh tamiang.,Ini adalah sop stengkel terenak di aceh tamiang.,Ini adalah sop otak terbaik di aceh tamiang.,0.949798583984375
Kanggo kakang admin tulung doooooonk bales pesen langsungku,Untuk kakak admin tolong doooooonk balas pesan langsung saya,Untuk kaul admin tolong dong bales pesan langsung saya,0.9058135151863098
"Pemandangan sing utama ing sky lounge grandia iki memang isa ngeculake keselmu. Malah isa dadi, para pelancong nggolek area iki ndhisik, dibandingake ngaso ing kamar.","Pemandangan yang utama di sky lounge grandia ini memang dapat melepas penat anda. Bahkan bisa jadi, para pelancong mencari area ini terlebih dahulu, dibandingkan beristirahat di kamar.","Pemandangan yang utama di sky lounge grandia ini memang bisa mengecohkan kesel Anda. Malah bisa jadi, para wisatawan mencari area ini dulu, sebelum asyik di kamar.""",0.9517991542816162
"Dhewe teka panggonan iki amarga lokasine sing cedhak karo panggonan dhewe nginep. Dhewe mesen sega bakar lan pasta. Sega bakare enak, akeh pilian, lan ora pedes, isa kanggo bocah-bocah. Dene pasta mung ana sak macem, nanging rasane uga enak. Rega panganan uga ora larang lan kajangkau kanggo panganan ing ngisor 30 ewu. Ing panggonan iki uga gratis wifi.","Kami mengunjungi tempat ini karena lokasinya yang berdekatan dengan tempat kami menginap. Kami memesan nasi bakar dan pasta. Nasi bakarnya enak, banyak pilihan, dan tidak pedas, bisa untuk anak-anak. Sedang pasta hanya ada satu macam, namun rasanya pun enak. Harga makanan pun tidak mahal dan terjangkau untuk makanan di bawah 30 ribu. Di tempat ini juga gratis wifi.","Kami datang ke tempat ini karena lokasinya yang dekat dengan tempat kami menginap. Kami memesan nasi bakar dan pasta. Nasi bakarnya enak, banyak pilihan, dan tidak pedas, cocok untuk anak-anak. Di sini pasta hanya ada sebagi macem, tapi rasanya juga enak. Harga makanan juga tidak mahal dan terjangkau untuk makanan di bawah 30 ribu. Di tempat ini juga gratis wifi.",0.9779222011566162
"Kanggo ngenthukne pemandangan sing apik kanthi cahyo lampu warna-warni, apike teka ing wayah wengi. Amarga nduweni latar mburi pemandangan jembatan Pasupati sing dadi simbol kota.","Untuk mendapatkan pemandangan yang bagus dengan cahaya lampu warna-warni, sebaiknya berkunjung pada malam hari. Karena memiliki latar belakang pemandangan jembatan Pasupati yang merupakan simbol kota.","Untuk mengekspresikan pemandangan yang indah dengan cahaya lampu berwarna-beran, sebaiknya datang di malam hari. Karena memiliki latar belakang pemandangan jembatan Pasupati yang menjadi simbol kota.",0.9616546034812927
"Aku teka ning resto sapulidi iki merga ana rekomendasi saka internet sing tau tak waca lak pemandangan sing apik banget lan panggon mangan pas ning sawah sing nggarai aku sir teka nyang panggon iki. Nanging pas aku teka kabeh ganti dadi elek, mulai panggon parkir sing isa diarani enek, dalan akses amoh lan panggon akses sing cilik.","Saya datang ke resto sapulidi ini karena rekomendasi dari internet yang pernah saya baca bahwa pemandangan yang sangat bagus dan tempat makan tepat di sawah yang membuat saya tertarik untuk datang ke tempat ini. Namun ketika saya sampai semua hal berubah menjadi buruk, mulai dari tempat parkir yang bisa dikatakan tersedia, jalan akses rusak dan kecilnya tempat akses.","Saya datang ke resto sapulidi ini karena ada rekomendasi dari internet yang saya baca bahwa pemandangan yang luar biasa dan tempat duduk yang pas di sawah yang membuat saya datang ke tempat ini. Namun, ketika saya tiba semua berubah menjadi buruk, mulai dari parkir yang bisa dihindari, jalan akses dan tempat duduk yang kecil.""",0.9621273875236511
"Amarga ngelih, aku pesen indomie.","Karena lapar, saya pesan indomie.","""Karena tahu, aku pesan indomie.""",0.8870008587837219
"Sate wedhus lan gule wedhuse maknyus, penyajian panganane uga cepet tenan. Panggonane cukup resik","Sate kambing dan gulai kambingnya maknyus, penyajian makanannya juga sangat cepat. Tempatnya cukup bersih","Satay babi dan gule babi maknyus, penyajian makanannya juga cepat sekali. Tempatnya cukup bersih",0.9645169973373413
"Sup guramene enak, pelayanane cepet, grapyak. Restoran resik. Amarga porsi sega sithik tenan, kanggo sing doyan mangan mesthi nambah.","Sup guramenya enak, pelayanan cepat, ramah. Restoran bersih. Karena porsi nasi sangat sedikit, buat yang doyan makan pasti menambah.","""Sup gurameen enak, pelayanan cepat, ramah. Restoran bersih. Karena porsi nasi sedikit memang, buat yang doyan makan pasti tambah.""",0.9643717408180237
"Restorane ana pemandangan curuge, panggonan mangan kaya saung. Saunge ana akeh saka ngisor munggah nganthi ing ndhuwur, saya munggah saya katon pemandangan curuge.","Restorannya ada pemandangan air terjunnya, tempat makan berupa saung. Saungnya ada banyak dari bawah naik hingga ke atas, semakin ke atas semakin terlihat pemandangan air terjunnya.","Restoran dengan pemandangan gunung, tempat makan sebagai saung. Saungnya ada banyak dari bawah ke atas, saya naik saya terlihat pemandangan pegunungan.""",0.9352129101753235
"Pelayane grapyak. Nggarai terus pingin teka maneh. Kebeneran uga kerep nginep ning kene, hotele resik lan pemandangane saka kamar hotel apik.","Pelayannya ramah. Bikin selalu ingin datang kembali. Kebetulan juga sering menginap di sini, hotelnya bersih dan pemandangan dari kamar hotel bagus.","Pelayan ramah. Sangat memuaskan. Secara keseluruhan sering menginap di sini, hotelnya bersih dan pemandangannya dari kamar hotel bagus.""",0.9427548050880432
"Mangan mbengi karo kabeh kaluwarga ing dina ulang taun bojo ndhuweni kesan tenan kanthi suasana sing narik ati ing hotel. Pelayanan sing grapyak tenan saka mas tian. Ora kudu ngenteni suwi, panganan lan ombean sing dipesen.","Makan malam bersama seluruh keluarga di hari ulang tahun suami menjadi sangat berkesan dengan suasana yang menawan di hotel. Pelayanan yang sangat ramah dari mas tian. Tidak perlu menunggu lama, makanan dan minuman yang dipesan.","Makan malam dengan semua keluarga di hari ulang tahun istri saya sangat membebani suasana di hotel. Pelayanan yang ramah sekali dari mas tian. Tidak harus menunggu lama, makanan dan minuman yang dipesan.",0.9675678014755249
"Obong terus pak, suwek-suwek wae persatuan lan kesatuan Indonesia nganggo retorika mu.","Bakar terus pak, cabik-cabik saja persatuan dan kesatuan Indonesia dengan retorika mu.","Obong terus pak, suwendah terus persatuan dan kesatuan Indonesia menggunakan retorika mu.""",0.9204123616218567
"Manggon ana ing pinggiran bukit, panggonane amba, nyenengake lan nyaman. Nduwe pemandangan sek nyenengake mripat, kaya gunung, kebon, lan kutha bandung nalika didhelok saka ndhuwur. Pegawaine cekatan lan grapyak. Menu panganane akehe menu steak sanajan uga ana menu sega goreng, gurame, lan liya-liyane. Restoran sing direkomendasikake kanggo diparani nalika teka ing bandung.","Terletak di tepi bukit, tempatnya luas, menyenangkan dan nyaman. Memiliki pemandangan yang memanjakan mata, seperti gunung, perkebunan, dan kota bandung jika dilihat dari atas. Pegawainya cekatan dan ramah. Menu makanan di dominasi oleh menu steak walaupun ada juga menu nasi goreng, gurame, dll. Restoran yang direkomendasikan untuk dikunjungi ketika datang ke bandung.","Terletak di pinggiran bukit, tempatnya luas, nyaman dan nyenyenekkan. Dengan pemandangan yang menyenangkan dari atas. Petugasnya ramah dan ramah. Menu makanan banyak menu steak meskipun juga ada menu nasi goreng, gurame, dan lainnya. Restoran yang direkomendasikan untuk dikunjungi di bandung.""",0.9346516132354736
Bca lagi ngadakake acara ulang tahun lan ngundang kabeh karyawane kanggo melu acara kuwi.,Bca sedang mengadakan acara ulang tahun dan mengundang seluruh karyawannya untuk mengikuti acara tersebut.,Bca sedang mengadakan acara ulang tahun dan mengundang semua karyawan untuk ikut acara itu.,0.9856439828872681
"Kawit mbukak cendana bistro aku wis njajal panganan, dinggo aku kurang cocok, panganane biasa-biasa ora ana sing spesial.","Sejak buka cendana bistro saya sudah coba makanan, untuk saya kurang cocok, makanannya biasa-biasa tidak ada yang spesial.","Saatnya membuka daun bistro saya sudah mencoba makanan, untuk saya kurang cocok, makanannya biasa-biasa saja tidak ada yang spesial.""",0.9670400023460388
Minimal biaya transaksi wulan 11 sing kudune dibalekake wulan 12 wingi ora mlebu ing rekeningku kie.,Minimal biaya transaksi bulan 11 yang harusnya direfund bulan 12 kemarin tidak masuk ke rekening saya nih.,"""Minimal biaya transaksi bulan 11 yang seharusnya dibayar bulan 12 kemarin tidak masuk di rekening saya.""",0.9451577663421631
"Sakwise kalap blanja, dhewe mutusake kanggo mangan ing warung tenda pinggir dalan. Ana ing lelungan marang hotel, dhewe lewat dalan cilik kanggo nyingkir saka macet, lan ketemu warteg iki. Pas teka rame banget! Dhewe kudu antri sediluk. Dhewe pesen sega uduk, pithik bakar madu, usus, kubis goreng. Rasane enak! Pithik bakar madune parah nggawe kemaningan banget!","Setelah kalap belanja, kami memutuskan untuk makan di warung tenda pinggir jalan. Dalam perjalanan pulang ke hotel, kita lewat jalan kecil untuk menghindari macet, dan bertemu warteg ini. Pas datang ramai banget! Kita mesti antre sebentar. Kami pesan nasi uduk, ayam bakar madu, usus, kol goreng. Rasanya enak! Ayam bakar madunya parah bikin ketagihan banget!","Setelah kelelutan berbelanja, kami berhenti untuk makan di warung tenda tepi jalan. Ada di dekat hotel, kami lewat jalan kecil untuk menghindari macet, dan ketemu warteg ini. Pas datangnya ramai banget! Kami harus antri dulu. Kami pesan nasi uduk, ayam bakar madunya, usus, kubis goreng. Rasanya enak! Ayam bakar madunya parah membuat kemananan sekali!""",0.9604395031929016
Beritane sing ora berkualitas lan ora ndidik pol. Kebeg kepentingan lan golek rai.,Pemberitaanya yang tidak berkualitas dan sangat tidak mendidik. Penuh kepentingan dan pencitraan,Beritanya yang tidak berkualitas dan tidak edukatif. Penampilan yang tidak bermakna dan mencari rasa.,0.9167276620864868
Bakul alon nanggepi. Ana masalah suwe diurus. Nganti saiki barang urung diganti,Penjual lambat menanggapi. Ada kendala lama diurus. Sampai sekarang barang belum diganti,Kakek tua mengeluh. Ada masalah lama diurus. Sampai sekarang barang belum diganti,0.9402999877929688
Aja lewatke diskon langsung nganti Rp 10 yuta ning kene!,Jangan lewatkan diskon langsung hingga Rp 10 juta di sini!,Jangan lewatkan diskon langsung sampai Rp 10 juta di sini!,0.9940392971038818
Pt kami lan 12 bank wis tapak asma pembiayaan lrt jabodetabek,Pt kami dan 12 bank sudah menandatangani pembiayaan lrt jabodebek,Pt kami dan 12 bank sudah tapak asma pembiayaan lrt jabodetabek,0.9215633273124695
"Nembe ngerti babagan panggonan iki saka kanca, wektu dhewe teka pengunjunge ora patia akeh, dadi dhewe milih kanggo lungguh ing lantai loro karo nikmati pemandangan ing njaba. Mbengi kuwi lagi ana pagelaran musik, aku kurang ngerti apa pagelaran musik iki ana saben dina apa ora.","Baru tahu tentang tempat ini dari teman, waktu kami datang pengunjungnya tidak terlalu banyak, jadi kami memilih untuk duduk di lantai dua sambil menikmati pemandangan di luar. Malam itu sedang ada pertunjukan musik, saya kurang tahu apakah pertunjukan musik ini ada tiap hari atau tidak.","Tadi malam datang pengunjung tidak terlalu banyak, jadi kami memilih untuk duduk di lantai kedua sambil menikmati pemandangan di luar. Tadi malam ada pertunjukan musik, saya kurang tahu apa pertunjukan musik ini ada setiap hari tidak.",0.9571164846420288
Aku pingin tuku 20 tiket dinggo laga persebaya vs arema sesok.,Saya ingin beli 20 tiket untuk laga persebaya vs arema besok.,Saya ingin membeli 20 tiket untuk pertandingan persebaya vs arema besok.,0.9825713634490967
"Panganan uwis oke, nanging kanggo nata panggonan lungguh kurang, katon rame banget dadi ora nyaman, rega lumayan kanthi kualitas sing kurang.","Makanan sudah oke, namun untuk penataan tempat duduk kurang, terlihat terlalu ramai sehingga tidak nyaman, harga lumayan dengan kualitas yang kurang.","Makanan sudah ok, tapi untuk duduk pun kurang, terasa ramai sekali jadi tidak nyaman, harga lumayan dengan kualitas yang kurang.""",0.951205313205719
"Aku seneng suwi-suwi ning kene, merga kahanane enak, pencahayaane apik, ana plihan isa ning jaba nggen utawa ning jero. Panganane lumayan.","Saya senang berlama-lama di sini, karena suasananya enak, pencahayaannya bagus, ada pilihan bisa di luar ruangan atau di dalam. Makanannya lumayan.","Saya suka lama-lama di sini, karena suasananya enak, pencahayaan bagus, ada pilihan bisa di dalam maupun di luar. Makanannya lumayan.",0.976269543170929
Kabeh sing diomongne pak rocky iku ora ana dasare. Nggumun yo kok isa dadi profesor.,Semua yang diomongin sama pak rocky itu tidak berdasar. Heran ya kok bisa jadi professor.,"Semua yang dibicarakan pak rocky itu tidak ada dasarnya. Menggumun yo kok bisa jadi profesor.""",0.9262656569480896
"Restoran iki nduweni lokasi sing prima ing bukit-bukit sing nduweni hawa sejuk lan pemandangan ijo nyegerake. Mesthi wae tujuan utamane yaiku masakan khas nusantara sing nikmat. Cekake, ngunjungi mrene dhewe entuk ngelakokake sisan wisata ilat, mripat, lan jiwa.","Restoran ini memiliki lokasi yang prima di perbukitan yang memiliki udara sejuk dan pemandangan hijau menyegarkan. Tentu saja tujuan utamanya adalah masakan khas nusantara yang nikmat. Singkatnya, berkunjung ke sini kita dapat melakukan sekaligus wisata lidah, mata, dan jiwa.","Restoran ini terletak di bukit-bukit yang memberikan udara sejuk dan pemandangan hijau menyegarkan. Tentu saja tujuan utama adalah masakan khas nusantara yang nikmat. Ceklah, kunjungi ke sini kita dapat menyaksikan sunset, matahari terbenam, dan jiwa.**",0.9313192963600159
"Bojoku sek ora terlalu seneng karo ramen, kanggo siki deknen ngomong nek enak lan gurih. Deknen malah mesen maneh kanggo deknen sakwise nyicipi pesenanku.","Istri saya yang tidak terlalu suka ramen, untuk kali ini dia bilang enak dan gurih. Dia malah memesan lagi untuk dirinya setelah mencicipi pesanan saya.","Istri saya memang tidak terlalu suka dengan ramen, untuk sekarang mereka berbicara kalau enak dan gurih. Mereka malah order lagi untuk mereka setelah mencicipi pesanan saya.""",0.9617140889167786
Panggone nyaman. Rasane enak. Regane uga saat. Weduse ora prengus. Pokoke cocok kanggo wong sing seneng njajan wedus.,Tempatnya nyaman. Rasanya enak. Harganya juga saat. Kambingnya tidak bau. Pokoknya recomend buat pecinta kuliner kambing.,Tempatnya nyaman. Rasanya enak. Harga juga masuk akal. Sedikit tidak mulus. Pokoknya cocok buat orang yang suka nόσih tokoh.,0.9153205752372742
"Salah siji restoran panganan laut paling apik ing kota iki. Apike teka pas preinan dina setu, yuyu isih apik lagi teka. Rega kompetitif, ora murah pancen nanging ora kelarangen kok.","Salah satu restoran seafood terbaik di kota ini. Sebaiknya datang pas liburan hari sabtu, kepiting masih bagus baru datang. Harga bersaing, tidak murah memang tapi tidak kemahalan kok.","Salah satu restoran makanan laut terbaik di kota ini. Baik datang pada malam hari atau pagi hari sangat disarankan. Harga kompetitif, tidak murah memang tapi tidak terlalu membebani kok.",0.9183706045150757
"Kanggo nggolek batagor sing asli, kowe ora perlu adoh-adoh nggoleke marang pelosok, cukup arahke kendaraan marang dalan saka djunjunan, dhewe isa nikmati batagor asli sing enak kanthi panggonan sing kapenak. Rasa batagor sing ditawakake ngugah salira tenan amarga batagor disajikake garing-garinge lan diguyang kuwah kacang sing seger","Untuk menemukan batagor yang otentik, anda tak perlu jauh-jauh mencarinya ke pelosok, cukup arahkan kendaraan ke jalan dari djunjunan, kita dapat menikmati batagor asli yang enak dengan tempat yang nyaman. Rasa batagor yang ditawarkan sangat menggugah selera karena batagor disajikan garing-garingnya serta disiram kuah kacang yang segar","Untuk mencari batagor yang asli, kamu tidak perlu jauh-jauhilah mencari ke pelosok, cukup arahkan kendaraan ke jalan yang bersebelahan, kita bisa menikmati batagor asli yang enak dengan tempat yang nyaman. Rasa batagor yang disajikan sangat menggoda selera memang karena batagor dibagikan tipis-tipisnya dan dikasih kuah kacang yang segar""",0.9539380073547363
"Citarasane biasa wae, ora ana sek spesial. Kudune ngenteni cukup suwi nganti teka panganane, pelayane uga kurang grapyak.","Citarasa biasa saja, tidak ada yang spesial. Harus menunggu cukup lama datangnya makanan, pelayan juga kurang ramah.","""Citaranya biasa saja, tidak ada yang spesial. Harusnya menunggu cukup lama sampai datang makanannya, pelayannya juga kurang ramah.""",0.9579048752784729
Roti ulang tahune spesial nganggo ndhog sakpiring ditambah mozzarella kanggo kowe,Kue ulang tahun spesial pakai telur sepiring plus mozzarella buat kamu,"""Roti ulang tahun spesial dengan membakarnya sapi sekali plus mozzarella untuk kamu""",0.8924874663352966
Arep nesu marang indosat! Kok sinyale ilang terus si,Mau marah ke indosat! Kok sinyalnya hilang melulu si,Mau marah ke indosat! Kok sinyalnya hilang terus si,0.9722210168838501
"Omah mangan sing ngusung konsep tradisional alias jadul iki pantes kowe coba. Kejaba rasane sing pas, warung iki duweni sawetara perkara unik kaya piring sing dienggo yaiku piring seng jaman mbiyen karo gelas ombeane. Jenis menune aneka werna banget. Lan sakkabehe enak enak!","Rumah makan yang mengusung konsep tradisional alias jadul ini patut anda coba. Selain rasanya yang pas, warung ini memiliki beberapa hal unik seperti piring yang digunakan adalah piring seng zaman dahulu berikut gelas minumnya. Jenis menunya sangat beragam. Dan semuanya enak enak!","Rumah makan yang mengedepankan konsep tradisional alias kuno ini layak kamu coba. Kejaba rasanya yang pas, rumah ini punya beberapa hal unik seperti piring yang dipakai adalah piring seng zaman dulu sama dengan gelas minumannya. Jenis menunya sangat beragam. Dan seluruhnya enak enak!""",0.9591193795204163
Kfc Palembang Square kerep dadi peyelamat pas luwe pas aku nginep ning sekitar hotel ning lokasi iku. Kabeh wong seneng kfc. Dadi. Kfc ning lokasi iki nyepetne sampeyan dinggo pesen pas sampeyan keluwen ning jero hotel.,Kfc Palembang Square seringkali menjadi penyelamat di saat lapar saat saya menginap di sekitaran hotel di lokasi itu. Semua orang suka kfc. So. Kfc di lokasi ini menyegerakan anda untuk memesan saat anda kelaparan di dalam hotel.,"Kfc Palembang Square sering jadi penyelamat pas lembur pas saya menginap di sekitar hotel di lokasi itu. Semua orang suka kfc. Jadi. Kfc di lokasi ini menyiapkan anda untuk pesan pas anda kelaparan di luar hotel. Semuanya bergantung pada anda untuk pesan pas anda kelaparan di dalam hotel.""",0.9519538283348083
Aneka werna ombean seger kasadia awit saka jus buah nganti rena-rena teh.,Berbagai macam minuman segar tersedia mulai dari jus buah sampai aneka teh.,Variasi warna minumannya segar terasa dingin dari jus buah sampai teh.,0.9244387745857239
"Dekwingi 10 Maret 2015, aku dijak anakku mangan awan ning kene. Aku pesen urang kremes lan jangan asem. Bener-bener enak. Lan sing spesial ning kene yaiku sambele, pedes nanging pancet gelem nambah. Jus blackberryne uga enak.","Kemarin 10 Maret 2015, saya diajak anak saya makan siang di sini. Saya pesan udang kremes dan sayur asam. Betul-betul enak. Dan yang spesial di sini adalah sambalnya, pedas tapi tetap mau menambah. Jus blackberrynya juga enak.","Pada tanggal 10 Maret 2015, saya diajak anak saya makan siang di sini. Saya pesan udang kremes dan tidak asam. Bener-benar enak. Dan yang spesial di sini adalah sambalnya, pedas tapi tidak terlalu asam. Jus blackberrynya juga enak.""",0.9697391986846924
Ndhuwe restoran kudu mewah rapi mosok iki lumuten jamuren pelayane kurang muasake mosok aku ditumpahi banyu sek ombeyane ana madune aku iki alergi madu,Punya restoran harus mewah rapi masa ini berlumut berjamur pelayan kurang memuaskan masa saya ditumpahkan air mana minumnya ada madu saya itu alergi madu,"""Memiliki restoran harus mewah rapi dulu nih lewat jamurannya pelayannya kurang memuaskan lewat sini alergi jamur",0.8832122683525085
"Aku nembe bae ganti kartu sing rusak, nanging tetep ora ana sinyal.","Saya baru saja ganti kartu yang rusak, tapi tetap tidak ada sinyal.","Saya baru saja ganti kartu yang rusak, tapi tetap tidak ada sinyal.",1.0
Adohi narkoba yaiku salah siji cara sing isa digunakake kanggo ningkatake kualitas anak bangsa.,Jauhi narkoba adalah salah satu cara yang bisa digunakan untuk meningkatkan kualitas anak bangsa.,"Jauh dari narkoba adalah salah satu cara yang bisa digunakan untuk meningkatkan kualitas anak bangsa.""",0.9759395122528076
"Kafe iki ndhuweni arsitektur bangunan kang apik banget. Amarga penasaran, aku njupuk wektu muteri karo ngenteni panganan teka. Ana galeri sing kebak karo koleksi-koleksi kayu lan ing njaba galeri, katon pemandangan bandung saka ndhuwur. Ing sakitare uga akeh kursi kang digawe saka kayu lan uga watu-watu. Saka panganane, regane kalebu lumayan standar cocok karo kafe-kafe. Aku seneng suasanane.","Kafe ini memiliki arsitektur bangunan yang sangat bagus. Karena penasaran, saya meluangkan waktu berkeliling sembari menunggu makanan datang. Ada galeri yang penuh dengan koleksi-koleksi kayu dan di luar galeri, tampak pemandangan bandung dari ketinggian. Di sekitar banyak juga kursi terbuat dari kayu dan juga bebatuan. Dari sisi makanan, harganya termasuk relatif standar sesuai dengan cafe-cafe. Saya suka suasananya.","Kafe ini memiliki arsitektur bangunan yang sangat menarik. Karena penasaran, saya menunggu waktu sampai jam makan dengan menunggu makanan datang. Ada galeri yang penuh dengan koleksi kayu dan di luar galeri, terlihat pemandangan bandung dari atas. Di dalam juga banyak kursi yang dibuat dari kayu dan batu. Dari prasmanan, harganya terbilang lumayan standar cocok dengan kafe-kafe. Saya suka suasana",0.9543471932411194
"Nganggoa kunci duplikat, bank bri ing tengah kutha dibobol maling, dhuwit rp 1 miliar muspra.","Gunakan kunci duplikat, bank bri di pusat kota dibobol maling, uang rp 1 miliar lenyap.","Gunakan kunci duplikat, bank bri di tengah kota dibobol maling, uang rp 1 miliar terselamatkan.",0.9793592691421509
"Mbengi sekitar jam pituan dijak pelanggan marang panggonan mangan iki, umume sih panganane luwih akeh sek di goreng-goreng ngono kaya pithik, babat, usus, ati ampela, nanging miturutku sih rasane biasa wae, lan minyake ing panganan akeh banget. Nanging variane cukup akeh:","Malam sekitar jam tujuan diajak klien ke tempat makan ini, over all sih makanannya lebih banyak yang di goreng-goreng begitu kayak ayam, babat, usus, ati ampela, tapi menurut saya sih rasanya biasa saja, dan minyaknya di makanan terlalu banyak. Tapi variannya cukup banyak:","Malam sekitar jam tujuh dijak pelanggan ke tempat makan ini, umumnya sih makanan lebih banyak yang digoreng-goreng begitu seperti ayam, babi, usus, hati ampela, tapi menurut saya sih rasanya biasa saja, dan minumannya di beberapa makanan banyak sekali. Tetapi variannya cukup banyak:""",0.9597783088684082
"Hai angga, dingge penerbitan tiket owahan jadwal kudu nglakokne pembayaran disik ya.","Hai angga, untuk penerbitan tiket perubahan jadwal diharuskan melakukan pembayaran dulu ya.","Hai angga, untuk penerbitan tiket owahan harus melakukan pembayaran terlebih dahulu ya.",0.954338788986206
Masku dodol iphone 8 kanggo tuku ps5,Kakak lelaki saya menjual iphone 8 untuk membeli ps5,"""Kak aku jual iphone 8 supaya bisa beli ps5""",0.8864373564720154
Aku mbela-mbelani saka bogor 7 jam kanggo mangan sup buntute nanging aku enteni saka jam 8.30 hurung buka uga. Akhire aku teka jam 10.00. Pesen sup buntute hurung ana kanthi alesan mau mbengi rame dadi kokine isih kesel. Wow alesan macem apa kaya kuwi? Beda tenan wektu aku mangan 1 taun kepungkur ya. Panggonane reged tenan kaya ora niat ndhuwe usaha.,Saya bela-belain dari bogor 7 jam demi makan sup buntutnya tetapi saya tunggu dari jam 8.30 belum buka juga. Akhirnya saya datang jam 10.00. Pesan sup buntut belum ada dengan alasan tadi malam ramai jadi chefnya masih tepar. Wow alasan macam apa seperti itu? Beda sekali waktu saya makan 1 tahun yang lalu ya. Tempat sangat kotor seperti tidak niat punya usaha.,"""Saya rela berkorban dari bogor selama 7 jam untuk makan sup buntunya tapi saya tiba pada jam 8.30 belum buka juga. Akhirnya saya datang jam 10.00. Pesan sup buntunya belum ada dengan alasan mau malamnya ramai jadi kokinya masih marah. Wow alasan macam apa kayak begitu? Bedan signifikan waktu saya makan 1 tahun sebelumnya. Tempatnya kotor sekali seperti tidak punya usaha.",0.9497923254966736
"Kanggo ngecek layanan mandiri verified by visa vbv ora isa lewat layanan mandiri call 14000, nanging mung isa lewat email lan kantor cabang bank mandiri.","Untuk pengecekan layanan mandiri verified by visa vbv tidak dapat melalui layanan mandiri call 14000, namun hanya bisa melalui email dan kantor cabang bank mandiri.","Untuk mengecek layanan mandiri verified by visa vbv tidak bisa melalui layanan mandiri call 14000, tetapi hanya bisa melalui email dan kantor cabang bank mandiri.""",0.9816077351570129
"Kudu njajal nggo nyantai utawa mangan mbengi nang 18th iki, pemandangan sek katon ki apik lan sek dadi daya tarik nang 18th yaiku ndue mester kaca. Regane lumayan larang amarga panggonane ana ing trans hotel, namung unda-undi karo rasa kepenake.","Harus coba untuk bersantai atau makan malam di the 18th ini, pemandangan yang didapat baik dan yang menjadi daya tarik di the 18th terdapat lantai kaca. Untuk harga cukup tergolong mahal karena terletak di trans hotel, tetapi sebanding dengan rasa kenyamanannya.","Harus mencoba untuk bersantai atau makan malam ke 18th tahun, pemandangan yang terlihat cukup indah dan yang menjadi daya tarik ke 18 adalah lantai kaca. Harganya cukup mahal karena tempatnya berada di trans hotel, tapi unda-undi sama rasa kenaikan.""",0.9280461072921753
Salah siji mal nganggo konsep sing lumayan unik. Akeh pilihan restoran dadi cocok dingge ngentekne wektu bareng kanca-kanca.,Salah satu mal dengan konsep yang cukup unik. Banyak pilihan restoran sehingga cocok untuk menghabiskan waktu bersama teman-teman.,"Salah satu mall dengan konsep yang agak unik. Banyak pilihan restoran sehingga cocok untuk berkumpul bersama teman-teman.""",0.9744701385498047
"Lokasine ana ing dalam utama dadi gampang dhewe kanggo tekan panggonane, yen ora nduwe kendaraan dhewe iki bisa ditekani kanggo kendaraan umum. Menu panganane akeh tenan lan ana pirang-pirang menu sing anyar pisanan aku nemu ing kedai iki, rasane enak kanggo rega sing standar, panggonane kapenak tenan.","Lokasinya berada di jalan utama sehingga memudahkan kami untuk mencapai tempatnya, jika tidak memiliki kendaraan pribadi tempat ini dapat dijangkau dengan kendaraan umum. Menu makanannya sangat banyak dan ada beberapa menu yang baru pertama kali saya temukan di kedai ini, rasanya pun enak dengan harga yang standar, tempatnya sangat nyaman.","Lokasinya berada di dalam utama sehingga mudah bagi kami untuk menemukan tempatnya, jika tidak punya kendaraan kami ini bisa ditumpangkan untuk kendaraan umum. Menu makanannya banyak sekali dan beberapa menu yang baru pemesanan saya temui di tempat ini, rasanya enak dengan harga yang standar, tempatnya sangat nyaman.",0.9619127511978149
Panggonan iki ora cocok kanggo kaluwarga sing nggawa bayi. Dalanane curam tenan. Kanggo anjungan foto ing njaba mung entuk diisi  paling akeh 10 uwong nanging isih akeh sing meksa munggah kanggo foto.,Tempat ini tidak cocok untuk keluarga yang membawa anak balita. Jalanan sangat curam. Untuk anjungan foto di luar hanya boleh diisi max 10 orang tetapi masih banyak yang memaksa naik untuk berfoto.,"Tempat ini tidak cocok buat keluarga yang bawa bayi. Jalannya curam sekali. Buat jebakan foto di luar hanya mendapat 10 orang tapi masih banyak yang mengejar untuk foto.""",0.9397462606430054
"Panggonan iki salah sawijine panggonan favoritku kanggo ndhelok bogor ing dina mbengi, kanthi suwasanane sing kapenak dikancani karo panganan lan ombeane lan pelayanane sing grapyak. Cahya kutha sing tenan-tenan ayu isa kethok saka kene. Panggonan sing direkomendasikake kanggo ngentekake wektu bareng pasangan, kaluwarga utawa kanca raket.","Tempat ini salah satu tempat favourite saya untuk melihat bogor di malam hari, dengan suasananya yang nyaman ditemani dengan makanan dan minumannya serta pelayanannya yang ramah. Cahaya kota yang benar-benar indah bisa terlihat dari sini. Tempat yang rekomendasi untuk menghabiskan waktu bersama pasangan, keluarga atau sahabat.","Tempat ini salah satu tempat favorit saya untuk melihat bogor di malam hari, dengan suasana yang nyaman didampingi dengan makanan dan minuman serta pelayanan yang ramah. Cahaya kota yang sangat-sangat indah bisa terlihat dari sini. Tempat yang direkomendasikan buat melepas waktu bareng pasangan, keluarga atau teman dekat.""",0.9609760046005249
"Gela karo proses mbatalne tiket, wis 43 dina nanging ora ndang ditransfer. loket ora gelem ngelayani","Kecewa dengan proses pembatalan tiket, sudah 43 hari tapi tak kunjung ditransfer. loket tidak mau melayani","Kecewa dengan proses pembatalan tiket, sudah 43 hari tetapi tidak sampai ditransfer. Loket tidak mau melayani""",0.9736242294311523
"Pilian mangan lan ngombene akeh kanggo dipilih. Lan panggone gede, dibagi dadi pirang-pirang bagian lan konsep. Lak rega cukupan pas kanggo ning sak.","Pilihan makan dan minuman banyak untuk dipilih. Dan tempatnya besar, dibagi menjadi beberapa bagian dan konsep. Untuk harga cukup pas buat di kantong.",Pilihan makanan dan minuman banyak untuk dipilih. Dan tempatnya広く分段 dan konsep. Kalau harga sesuai dengan kualitas untuk di sek.,0.9215621948242188
"Restoran gaya jaman bityen. Ana display kue-kue, es krim uga. Suwasanane nyaman. Panganan khas omahan. Isa dinggo rombongan utawa karo kaluwarga. Panganane enak. Sega ulame enak. Sega tutug oncome uga oke. Masakan eropa, asia, nusantara kasadia ning kene. Karek milih. Bocah-bocah seneng mangan es krime ning kene.","Restoran bergaya zaman dahulu. Ada display kue-kue, es krim juga. Suasana nyaman. Makanan khas rumahan. Bisa untuk rombongan maupun dengan keluarga. Makannya enak. Nasi ulamnya enak. Nasi tutug oncomnya juga oke. Masakan eropa, asia, nusantara tersedia di sini. Tinggal pilih. Anak-anak suka makan es krimnya di sini.","Restoran gaya zaman dulu. Ada display kue-kue, es krim juga. Suasananya nyaman. Makanan khas daerah. Bisa buat rombongan atau dengan keluarga. Makanannya enak. Sega ulamnya enak. Sega tutug oncomnya juga oke. Masakan eropa, asia, nusantara kasadia di sini. Karing pilih. Anak-anak suka makan es krim di sini.""",0.9640815854072571
"Salah sijine jeneng batagor sing kondhang ing bandung. Rasane nikmat, kanggo rega per buwahe rp. 10 ewu. Pesen 3 buwah kanggo aku cukup maregi amarga ukuran per buwahe cukup gedhe.","Salah satu nama batagor yang terkenal di bandung. Rasanya nikmat, untuk harga per buahnya rp. 10 ribu. Order 3 buah untuk saya cukup mengenyangkan karena ukurannya per buahnya cukup besar.","Salah satu nama batagor yang terkenal di bandung. Rasanya nikmat, untuk harga per buatnya rp. 10 ribu. Order 3 bujah untuk diri sendiri karena ukuran per buatannya cukup besar.""",0.9608224034309387
Tau percaya karo body lotion citra nggarai wulu tambah akeh,Pernah percaya kalau body lotion citra bikin bulu tambah banyak,"""Tau percaya dengan body lotion citra membuat kulit semakin kering",0.9119977951049805
Macet nang ngendi-ngendi yen lagi preinan.,Macet di mana-mana kalau lagi liburan,Macet di mana-mana kalau lagi weekend.,0.965169370174408
"Tulung dikabarne kronologi lengkape, pulsa awit karo keri karo nyebutne tim ya mas/mbak, tim bakale ngecek transaksi penggaweane pulsane","Mohon informasikan detail kronologi, pulsa awal dan akhir dengan mention tim ya kak, tim akan cek transaksi pemakaian pulsanya","Tolong diberitahukan kronologi kejadian, pulsa merah dengan menyebutkan bahwa tim kami akan memeriksa transaksi pembuatan pulsa""",0.8978554010391235
"Area mangan ing njabane nyenengake. Igane oke, rasane enak. Jus jeruke ditambah stroberine nikmat. Regane uga oke.","Area makan di luarnya menyenangkan. Iganya oke, rasanya enak. Jus orange plus stroberinya nikmat. Harganya pun oke.","""Area makan di luar sangat menyenangkan. Igannya oke, rasanya enak. Jus jeruknya ditambah stroberinya nikmat. Harga juga oke.""",0.9530454874038696
Kanggo kowe sek nggolek resto kanthi suwasana sek romantis ora salah maneh uga moro mrene. Lan yen kurang kowe pas-pasan pesen wae menu sek entheng-entheng. Aja diapusi karo gambar ana ing buku menu yen ora pengen nyesel. Menu sukine luwih oke namung kayane ngapae ya adoh-adoh macet-macetan mara mrene mung nggolek kuwi. Ing kutha luwih afdol kayane. Pemandangane jogja mbengine nyekel.,Buat anda yang mencari resto dengan suasana yang romantis tidak salah lagi ke sini saja. Dan kalau rendah anda pas-pasan pesan saja menu yang ringan-ringan. Jangan terkecoh dengan picture di buku menu kalau tidak mau menyesal. Menu sukinya lebih oke tapi kayaknya ngapain ya jauh-jauh bermacet ria ke sini cuma mencari itu. Di kota lebih afdol kayaknya. Pemandangan jogja malamnya memegang.,"Untuk kamu yang mencari resta dengan suasana yang romantis tidak salah lagi moralnya di sini. Dan jika kurang kamu terkesan dengan gambar yang ada di buku menu kalau tidak mau menyesal. Menu suka lebih baik tapi sepertinya mengecewakan ya jauh-jauh macet-macetan terselimuti di sini cuma cari itu. Di kota lebih baik sepertinya. Pemandangannya jogja terbayang dari atas.""",0.9002135992050171
Rasane meh pada karo resto sing liyane sing dodolan iwak laut. Aman resik lan pelayanane cepet,Rasanya hampir sama dengan resto yang lain yang jualan seafood. Aman bersih dan pelayanannya cepat.,"""Rasanya hampir sama dengan resto yang lain yang menjual ikan laut. Aman bersih dan pelayanan cepat""",0.9569881558418274
Hasil itung cepet dinyatakne seje karo hasil survei nggarai aku nggumun.,Hasil quick count dinyatakan berbeda dengan hasil survei membuat saya bertanya-tanya.,"""Hasil cepat survey dilakukan dan hasilnya menunjukkan perbedaan dengan survei sebelumnya.""",0.8772417902946472
"Kapisan marang mrene kuwi ngerayakake kelulusan adikku, panggonane kuwi loh, apik tenan. Desaine uga unik, apik, kapenak, kapenak, cocok tenan kanggo mangan mbengi bareng kaluwarga, pasangan, sedulur, lan kanca-kanca, pemandangane uga apik, panganane uga enak-enak. Regane sebanding karo pelayanane, ora gela marang mrene. Bener-bener direkomendasikake.","Pertama ke sini itu merayakan kelulusan adikku, tempatnya itu loh, keren banget. Desainnya juga unik, keren, nyaman, nyaman, cocok betul untuk makan malam bareng keluarga, pasangan, saudara, dan teman-teman, pemandangannya juga keren, makanannya juga enak-enak. Harga sebanding dengan pelayanannya, tidak menyesal ke sini. Sangat-sangat direkomendasikan.","Pertama ke sini itu menyenangkan keberhasilan adik saya, tempatnya itu lo, bagus sekali. Desainnya juga unik, bagus, nyaman, sangat sebenarnya untuk makan malam bersama keluarga, pasangan, teman, dan teman-teman, pemandangannya juga bagus, makanannya juga enak-enak. Harga sebanding dengan pelayanannya, tidak mengecewakan ke sini. Benar-benar direkomendasikan.",0.9575027227401733
"Kabisan ngerteni woconan mben uwong kuwi seje-seje, ana sing pisan moco langsung ngerti, ana uga sing butuh ping bolak-balik moco disik lagek ngerti.","Kemampuan memahami bacaan tiap orang itu beda-beda, ada yang sekali baca sudah paham, ada juga yang butuh berkali-kali baca dulu baru paham.","Pertama kali merasa berat, ketika bersamaan dengan orang lain juga mengalami, tetapi yang butuh perhatian langsung memahami, ada juga yang membutuhkan kontak berulang kali untuk memahami.",0.8796871304512024
Wow tenan kaget karo layanan satuan pengamanane bkpn bromo malang. Tenan diskriminasi banget. Yen aku mung pengen informasi babagan produke deknen. Dhewe diremehake. Cenderung ngusir. Kuciwa tenan!,Wow benar-benar terkejut sama layanan satuan pengamanannya bkpn bromo malang. Benar diskriminasi banget. Kalau kita hanya mau informasi tentang produk mereka. Kita disepelekan. Cenderung mengusir. Kecewa sekali!,"""Wow benar-benar kecewa dengan layanan satuan pengamannya bkpn bromo malang. Sangat diskriminasi sekali. Kalau saya cuma ingin informasi tentang produk mereka. Mereka meremehkan. cenderung mengusir. Sangat kecewa!""",0.9406375288963318
"Bandung terkenal dadi panggon produksi tahu lokal karo kuwalitas apik, salah siji sing paling apik isa digoleki ning warung talaga. Deweke nduwe pabrik dewe ning dalan Jendral sudirman, nanging ngembangne bisnise dadi sajian kuliner uga. Ana rena-rena pilihan sajian tahu. Direkomendasikne banget dinggo pecinta kuliner.","Bandung terkenal sebagai tempat produksi tahu lokal dengan kualitas prima, salah satu yang terbaik bisa dicari di warung talaga. Mereka punya pabrik sendiri di jalan Jendral sudirman, tapi mengembangkan bisnisnya menjadi sajian kuliner juga. Ada berbagai pilihan sajian tahu. Sangat direkomendasikan bagi pecinta kuliner.","Bandung terkenal sebagai tempat produksi tahu lokal dengan kualitas tinggi, salah satu yang terbaik bisa dicicip di warung talaga. Mereka memiliki pabrik sendiri di jalan Jendral sudirman, namun mengembangkan bisnismu menjadi sajian kuliner juga. Ada berbagai macam pilihan sajian tahu. Sangat direkomendasikan bagi para pecinta kuliner.""",0.9838805198669434
Tulung dikirimke meneh tagihanku sasi wingi,Mohon dikirimkan kembali tagihan saya bulan lalu,Tolong dikirimkan lagi tagihan saya bulan lalu,0.959116518497467
"Salah siji menu paling tak senengi iku mcflurry rena-rena rasa liyane paket karo iwak pitik loro. Rumangsaku, pitike mcd nduwe citarasa dewe ning bagian dodone yo teksture alus lan bumbune gurih.","Salah satu menu favorit saya adalah mcflurry aneka rasa selain menu paket dengan dua ayam. Menurut saya, ayam mcd memiliki citarasa tersendiri di bagian dadanya pun memiliki tekstur yang lembut dan bumbunya gurih.","Salah satu menu favorit saya itu mcflurry berbagai rasa lain paket dengan ayamnya saja. Rumernya, dagingnya mcd memiliki tekstur halus dan bumbunya gurih.""",0.9321914911270142
Aku ngrasa kaganggu ndelok parkiran mobil uwong nutupi dalan umum.,Saya merasa terganggu melihat parkiran mobil orang menutupi jalan umum.,Saya merasa malu melihat parkiran mobil orang menutupi jalan umum.,0.9845215678215027
"Satene gedi-gedi. Bumbune dipisah. Diwehi rajangan brambang lan lombok riwit didang, porsi lontong karo segane uga pas. Pokoke aku seneng.","Satenya besar-besar. Bumbunya dipisah. Dikasih irisan bawang merah dan cabe rawit dikukus, porsi lontong sama nasinya juga pas. Pokoknya saya suka.","""Satinya besar-besar. Bumbunya dipisahkan. Diajikan النتongan daging dan lombok cincang, porsi lontong dan nasi juga pas. Pokoknya aku suka.""",0.9269051551818848
"Yen didelok-delok, sandiaga uno karo nadiem makarim mirip yo","Kalau dilihat-lihat, sandiaga uno sama nadiem makarim mirip ya","Kalau dilihat-lihat, mungkin satu-satu sama nadiem makarim mirip yo",0.9275826215744019
Sugeng enjang. Wah kuciwa tenan mosok indihome internet ora kocek maneh. Aku kuwi mbayar larang. Aja nguciwakake dhewe sing dadi pelanggan,Selamat pagi. Wah kecewa berat masa indihome internet tidak kocek lagi. Saya itu bayar mahal. Jangan kecewakan kami sebagai pelanggan,"Selamat pagi. Wah, kecewa sekali kalau indihome internet tidak termurah lagi. Saya itu bayar mahal. Jangan heran sendiri kalau jadi pelanggan",0.9433677196502686
"Sopir ora teka ing panggonan kang dituju, nanging ing aplikasi wis picu munggah, lan gopay wis kapotong, kapok aku nganggi gojek","Driver tidak datang ke tempat tujuan, tetapi di aplikasi sudah picu naik, dan gopay sudah terpotong, kapok saya pakai gojek","Driver tidak datang ke tempat tujuan, tapi di aplikasi sudah teraktivasi, dan gopay sudah potong, kepalaku kasih gojek",0.9571353197097778
"Panganan ning kene menurutku kurang enak ya, merga aku wong minang, aku ora tek seneng pangana  jawa sing legi hehe","Makanan di sini menurut saya kurang enak ya, karena saya orang minang, saya tidak terlalu suka makanan jawa yang manis hehe","Makanan di sini menurut saya kurang enak ya, karena saya orang minang, saya tidak terlalu suka makanan jawa yang legi hehe",0.9883435368537903
"Pajak, kak, arep njaluk nomor efin, sakdurunge wis aktifasi, namung lali password akun djponline,","Pajak, kak, mau minta nomor efin, sebelumnya sudah aktifasi, tapi lupa password akun djponline,","Pajak, kak, mau minta nomor efin, sebelum sudah aktifasi, tapi lupa password akun djponline,",0.9934713244438171
Musim udan kaya iki saban udan mesthi ora tenang wedi kabanjiran.,Musim hujan begini setiap hujan pasti tidak tenang takut kebanjiran.,"""Musim hujan seperti ini tiap hujan selalu tidak tenang banjir.""",0.900307834148407
Sate wedus H. Ihsan iki cukop terkenal ning tegal. Lak ora iso marani panggon ning pusate. Sampeyan isa uga nemokne sate wedus H Ihsan ning pirang-pirang panggon mangan ning kutha tegal.,Sate kambing H. Ihsan ini cukup terkenal di tegal. Apabila tidak bisa mengunjungi lokasi di pusatnya. Anda bisa juga menemukan sate kambing H Ihsan di beberapa tempat makan di kota tegal.,"Sate babi H. Ihsan ini terkenal di tegal. Kalau tidak bisa ke tempatnya. Anda juga bisa menemukan sate babi H Ihsan di beberapa tempat makan di kota tegal.""",0.9738796949386597
"Saka okehe restoran sunda ing Bandung, miturutku Ciganea salah siji favoritku. Aku seneng amarga pithike khas, digorenge ora patio garing. Terus sambele uga ora kalah enak. Menu sing liya uga enak. Panggonane kaya omah, ora patio gedhe nanging cukuplah, lan uga resik.","Dari banyaknya restoran sunda di Bandung, menurut saya Ciganea salah satu favorit saya. Saya suka karena ayamnya khas, digorengnya tidak terlalu kering. Lalu sambalnya pun tidak kalah enak. Menu yang lain pun enak. Tempatnya seperti rumah, tidak terlalu besar tapi cukuplah, dan juga bersih.","Dari banyak restoran sunda di Bandung, menurut saya Ciganea salah satu favorit saya. Saya suka karena dagingnya khas, digorengnya tidak terlalu gurih. Terus sambalnya juga tidak kalah enak. Menu yang lain juga enak. Tempatnya seperti rumah, tidak terlalu besar tapi cukuplah, dan juga bersih.",0.9889593720436096
"Hotel iki uwes ngadeg saka telung puluh tahun sing kapungkur, sakdurunge aku lair. Panginepan kapisan ning kota iki. Saiki uwis akeh ngadeg hotel ning kene.","Hotel ini sudah berdiri sejak tiga puluh tahun yang lalu, sebelum saya lahir. Penginapan pertama di kota ini. Sekarang sudah banyak berdiri hotel di sini.","Hotel ini sudah berdiri sejak puluh tahun yang pertama, sebelum saya lahir. Tempat tinggal di kota ini. Sekarang sudah banyak hotel di sini.",0.9686988592147827
"Panganan ning kene pada kaya kfc liyane. Pithik gorenge krispi, gurih, lan enak.","Makanan di sini sama seperti kfc lainnya. Ayam gorengnya crispy, gurih dan enak","Makanan di sini sama seperti kfc lainnya. Ayam gorengnya crispy, gurih, dan enak.""",0.9920704364776611
"Piye ora nesu ora, kena php indosat terus kie. Pulsane kepotong ludes ora ana turahe.","Bagaimana tidak marah coba, kena php indosat terus nih. Pulsa selalu terpotong ludes tak tersisa.","Bagaimana tidak marah tidak, harusnya php indosat terus saja. Pulsa kepotongnya kepotongnya.",0.9094026684761047
"Pelayanane batik air bisnis class ing halim nguciwakake, gelas reged / mambu, tv ora ana nganggo alesan pesawat anyar, aling methuk saka medhuk pesawat diilangake","Pelayanan batik air bisnis class di halim mengecewakan, gelas kotor / bau, tv tidak ada dengan alasan pesawat baru, penjemputan dari turun pesawat dihilangkan","Pelayanan batik air bisnis class di halim mengecewakan, gelas kotor / bau, tv tidak ada pakai alesan pesawat baru, mudah ditemukan dari dalam pesawatnya dihilangkan""",0.9522789716720581
Ngganggo laurier dobel pas arep turu pas menstruasi ben ora bocor,Pakai laurier double pas mau tidur saat menstruasi biar tidak bocor,Pakai laurier double pas mau tidur pas menstruasi biar tidak bocor,0.9931132197380066
"Panggon mangane sederhana banget, nanging rasane juara. Komposisi bumbu kacange pas lan porsine ora tek akeh. Pengunjung sing teka rame banget.","Tempat makannya sangat sederhana, namun rasanya juara. Komposisi bumbu kacangnya pas dan porsinya tidak terlalu besar. Pengunjung yang datang sangat ramai.","""Tempat makannya sederhana sekali, tapi rasanya juara. Komposisi bumbu kanyangnya pas dan porsinya tidak terlalu banyak. Pengunjung yang datang ramai sekali.""",0.9642153978347778
"Panggonan lan arsitektur panggonan iki oke banget, mung yen panganane lan ombeane ing kene ora patia maer. Enak kanggo mateni bareng kanca-kanca.","Lokasi dan arsitektur tempat ini oke banget, cuma kalau makanan dan minuman di sini tidak terlalu istimewa. Enak buat bunuh bareng teman-teman.","Tempat dan arsitektur tempat ini oke banget, hanya kalau makanan dan minuman di sini tidak terlalu luar biasa. Enak buat kencan bersama teman-teman.""",0.9711965322494507
Rasa panganan biasa ae lan suasanane ora istimewa dadi pisan ketekan wis cukup.,Rasa makanan biasa saja dan suasana tidak istimewa sehingga sekali kedatangan sudah cukup.,Rasa makanan biasa saja dan suasana tidak istimewa jadi berulang kali terasa,0.9162142276763916
Sing nglarang GBK didadekake panggonan konser pada songong-songong banget dah. Suket ning lapangan sapa sing pengin ngopeni yen ora ana duwit konser. Urung meneh kursi sing seneng dirusak supporter bal. Aduh.,Yang melarang GBK dijadikan venue konser pada songong-songong amat dah. Rumput di lapangan siapa yang mau pelihara kalau tidak ada duit konser. Belum lagi kursi yang suka dirusak supporter bola. Aduh.,"""Perlawsan GBK dijadikan tempat konser pada saat-saat saja deh. Suket di lapangan siapa yang suka merusak kalau tidak ada uang konser. Udah sana ke kursi yang suka rusak supporter lagi. Aduh.""",0.8993565440177917
Gendeng ya. Pesen mix platter ae sampek luwih saka 30 menit. Takon nyang pelayane malah minggat. Ora responsif. Suwi.,Gila ya. Pesan mix platter saja sampai lebih dari 30 menit. Bertanya ke pelayannya malah kabur. Tidak responsif. Lama.,"Keesangan ya. Order mix platter saja sampai lebih dari 30 menit. Tanya ke pelayannya malah pergi. Tidak responsif. Lama.""",0.9588017463684082
"Pas jenuh karo oleh oleh khas bandung sing wis ana, dadi roti bakar tunggal isa dadi pilihan. Aku kerep tuku roti marie sing dibakar karo rasa sing enaakk, uga roti bakar karo rasa keju utawa coklate. Biasane aku tuku ning konter roti bakar tunggal ning paskal hyper square. Regane ancen rodok larang, nanging rumangsaku meh podo karo panganan oleh-oleh. Dadi ya ora isa uga diomongne larang. Lan toh rasane enak.","Saat jenuh dengan oleh oleh khas bandung yang sudah ada, maka roti bakar tunggal bisa menjadi pilihan. Saya sering beli roti marie yang dibakar dengan rasa yang yuummy, juga roti bakar dengan rasa keju atau coklatnya. Biasanya saya beli di counter roti bakar tunggal di paskal hyper square. Harganya memang agak mahal, tapi saya rasa hampir sama dengan makanan oleh-oleh. Jadi ya tidak bisa juga dibilang mahal. Dan toh rasanya enak.","""Saat jenuh dengan oleh-oleh khas bandung yang sudah ada, jadi roti bakar tunggal bisa menjadi pilihan. Saya biasanya membeli roti marie yang dibakar dengan rasa yang enak, juga roti bakar dengan rasa keju atau coklat. Biasanya saya membeli di konter roti bakar tunggal di pascal hyper square. Harga memang agak mahal, tapi rasa sedap sama dengan makanan oleh-oleh. Jadi ya tidak bisa diucapkan mahal. Dan rasa rasanya enak.""",0.9668307304382324
"Lunga bareng kaluwarga mangan mbengi, regane larang kanthi rasa sing biasa bae.","Pergi bersama keluarga makan malam, harganya mahal dengan rasa yang biasa saja.","Lomba bersama keluarga makan malam, harganya mahal tapi rasa yang biasa saja.",0.9661160111427307
"Sugeng siang, biaya administrasi rek simpedes tp 5.500, - / sasi. Maturnuwun era","Selamat siang, biaya administrasi rek simpedes rp 5.500, - / bulan. Terima kasih era","Selamat siang, biaya administrasi rek simpedes tp 5.500, - / sasi. Terima kasih atas kepercayaan anda",0.9524641036987305
"Panggonan kapenak lan enak, kala-kala didadekake panggonan foto pre-wedding","Tempat nyaman dan enak, kadang dijadikan tempat foto pre-wedding","""Tempat nyaman dan enak, kadang-kadang dijadikan tempat foto pre-wedding""",0.9596789479255676
"Pelayanane apik banget, lan muasne saka segi panggon, apik banget isa ndelok pemandangan kutha pas wengi saka segi panganan, apik pol! Panganane enak banget ora nyesel ngge mara rene.","Pelayanannya sangat bagus, sangat memuaskan dari segi tempat, indah sekali bisa melihat pemandangan kota di malam hari dari segi makanan, terbaik! Makanannya enak sekali tidak menyesal untuk datang ke sini.","Pelayanan sangat baik, dan mulut dari segi tempat, sangat bagus bisa melihat pemandangan kota pada malam hari dari segi makanan, baik sekali! Makanan sangat enak tidak menyesal deh ke sini.",0.9604805111885071
Arif tuku jaket billabong sek paling anyar,Arif membeli jaket billabong yang terbaru,"""Arif membeli jaket billabong yang terbaru""",0.9507410526275635
"Warung mangan sing uwis teka wiwit suwi lan uwis dadi kaya legenda kayane saiki uwis buka cabang. Terkenal amarga konsisteni rasa -ne uwis pirang-pirang tahun, sanadyan bangunan asli uwis dibongkar nanging kaasliane tetep dijaga lan tetep engel parkir. Sawetara wektu kepungkur ana setithik pangowahan nalika ibu chef utama uwis ora ketok maneh.","Warung makan yang telah hadir sejak lama dan telah menjadi semacam legenda, mungkin sekarang sudah buka cabang. Terkenal karena konsistensi rasa -nya selama bertahun-tahun, meskipun bangunan asli telah dipugar tetapi keaslian masih tetap dijaga dan tetap susah parkir. Beberapa waktu terakhir ada sedikit perubahan ketika ibu chef utama sudah tidak terlihat lagi.","""Warung makan yang sudah datang sejak lama dan telah menjadi semacam legenda seolah sekarang sudah buka cabang. Terkenal karena konsistensi rasa -nya sudah beberapa tahun, meskipun bangunan asli sudah dibongkar tetapi tetap berdiri parkir. Beberapa waktu lalu terjadi sedikit kecelakaan ketika ibu chef utama sudah tidak terlihat lagi.""",0.9544494152069092
Menehi bantuan nyang korban bencana dinggo pencitraan percuma. Apameneh dinggo publikasi. Sepurane banget. Muak aku.,Memberikan bantuan ke korban bencana untuk pencitraan percuma. Apalagi untuk publikasi. Maaf banget. Muak saya.,"""Hanya bantuan kepada korban bencana untuk pencitraan bermacam-macam. Dalam hal publikasi. Sangat memalukan. Malu saya.""",0.914239227771759
Rasa panganane biasa bae lan regane larang. Panggonane uga biasa. Lokasine ora patia adoh saka tengah kutha.,Rasa makanannya biasa saja dan harganya mahal. Tempatnya juga biasa. Lokasinya juga terlalu jauh dari pusat kota.,"""Rasa makanan biasa saja dan harganya mahal. Tempatnya juga biasa saja. Lokasi tidak terlalu jauh dari pusat kota.""",0.9696078896522522
Dingge mara nyang panggon iki dalane macet banget lan adoh saka pusat kutha. Saktekane ning kana ora ana bab sing spesial sing nggarai perjalanan adoh kebayar. Menune biasa ae.,Untuk menuju ke tempat ini jalannya sangat macet dan jauh dari pusat kota. Sesampainya di sana tidak ada hal yang spesial yang membuat perjalanan jauh terbayarkan. Menunya biasa saja.,Untuk ke sini jalan macet banget dan jauh dari pusat kota. Dari sana di sini tidak ada hal yang spesial yang membuat perjalanan jauh terbayarkan. Menunya biasa saja.,0.9660088419914246
Rasa rotine enak. Variasi roti lan pacetane sing didol akeh. Rega standar. Paling seneng karo roti taware. Seneng.,Rasa rotinya enak. Variasi roti dan cemilan yang dijual banyak. Harga standar. Paling suka sama roti tawarnya. Suka.,"""Rasa mung satu saja. Variasi roti dan rasa yang diberikan sangat banyak. Harga standar. Terlebih suka dengan roti tawar. Senang.""",0.9278714656829834
"Deknen kuwi sapa sih? Kok isi beritane deknen kabeh, mbokane deknen mantan narapidana kae","Dia ini siapa sih? Kok isi berita dia semua, bukannya dia mantan narapidana itu","Dikawan itu siapa sih? Kok isi ceritanya mereka semua, katanya mereka semua mantan narapidana ya",0.9357098937034607
"Pengin mangan karo nikmati suwasana paris? Ora usah adoh-adoh menyang prancis, cukup menyang paris van java alias bandung. Braga permai iki rekomendasi banget kanggo mangan karo santai-santai. Panganane enak, regane mlebu akal lan suwasanane kapenak banget apamaneh meja sing ning jaba. Mangan karo nikmati suwasana bandung jaman mbiyen.","Ingin makan sembari menikmati suasana paris? Enggak usah jauh-jauh ke prancis, cukup ke paris van java alias bandung. Braga permai ini rekomendasi banget buat makan sambil santai-santai. Makanannya enak, harganya masuk akal dan suasananya nyaman banget apalagi meja yang di luar. Makan sambil menikmati suasana bandung tempo dulu.","Ingin makan sambil menikmati suasana paris? Tidak usah jauh-jauh ke prancis, cukup ke paris van java alias bandung. Braga permai ini rekomendasi banget buat makan sambil santai-santai. Makanannya enak, harganya masuk akal dan suasana sangat nyaman terutama meja yang di luar. Makan sambil menikmati suasana bandung zaman dulu.""",0.980471670627594
Yogyakarta iki ing saben pojokan dalan akeh hotel. Nanging eman. Kanggo kelas bintang 3 bae rega luwih larang kanthi pelayanan sing ora sepadan.,Yogyakarta ini di tiap sudut jalan banyak hotel. Tapi sayang. Untuk kelas bintang 3 saja harga lebih mahal dengan pelayanan tidak setara.,Yogyakarta ini di setiap sudut jalan banyak hotel. Tetapi sayang. Untuk kelas bintang 3 saja harga lebih mahal dengan pelayanan yang tidak sebanding.,0.9869088530540466
Bakmine enak. Ditambah daging rica2ne mantep banget. Rasane si pedes-pedes nanging nikmat. Mangan siji krasa kurang tah.,Bakminya enak. Ditambah daging rica2nya super mantap. Rasanya sih pedas-pedas tapi nikmat. Makan satu berasa kurang deh.,"""Bakminya enak. Ditambah daging rico2nya mantap banget. Rasanya sih pedas-pedas tapi nikmat. Makan satu merasa kurang tah.""",0.9611301422119141
Aplikasi bni mobile banking tulung didandani soale arep aktivasi akun ora isa.,Aplikasi bni mobile banking mohon diperbaiki soalnya mau aktivasi akun tidak bisa.,Aplikasi bni mobile banking tolong dibimbing tentang aktivasi akun tidak bisa.,0.9450979828834534
Anti nganggo power bank wiwit handphone samsungku bocor bateraine sakbanjure dingokake kuwi.,Anti pakai power bank semenjak handphone samsung gue bocor baterenya setelah dipakaikan gituan.,"""Anti pakai power bank wiwit handphone samsung saya bocor baterainya selang waktu setelah di charge itu.""",0.9159243702888489
"Botol uc1000 angel banget dibukake tah, marakna tangan lara","Botol uc1000 susah banget dibukanya dah, bikin tangan sakit","Botol uc1000 benar-benar sulit dibuka, membuat tangan sakit",0.9248520731925964
"Nggolek suwasana nostalgia ing jogja, panggonan iki yaiku pilian sing pas! Menu panganane didominasi panganan-panganan sing kena pengaruh gaya panganan landa. Kasenenganku stik sirloin. Restoran iki uga ndhuweni toko roti kanthi pilian roti gaya jaman mbiyen.","Mencari suasana nostalgia di jogja, tempat ini adalah pilhan yang tepat! Menu makanan didominasi makanan-makanan yang dipengaruhi gaya makanan belanda. Favorit saya steak sirloin. Restoran ini juga memiliki toko roti dengan pilihan roti bergaya zaman dahulu.","Mencari suasana nostalgia di jogja, tempat ini adalah pilihan yang pas! Menu makanan didominasi makanan-makanan yang kena pengaruh gaya makanan barat. Kasenangan saya steak sirloin. Restoran ini juga punya toko roti dengan pilihan roti gaya zaman dahulu.""",0.9663330912590027
Ketua dpr ngapresiasi pilkada barengan sing mlaku damai.,Ketua dpr mengapresiasi pilkada serentak yang berlangsung damai.,Ketua dpr apresiasi pilkada serentak yang berjalan damai.,0.9647669792175293
Ngurus gaji karyawan dhewe wae ora isa jare arep ngurus bumn. Mikir nganggo utek,Mengurus gaji karyawan sendiri saja tidak becus konon mau mengurus bumn. Mikir pake otak,Urusi gaji karyawan kami saja tidak bisa setiap bulan mau urusi bumn. Mikir lah dengan utek,0.9086281061172485
Ning indonesia pilihan merek telepon seluler kan melimpah. Lak ora seneng cara xiaomi nglakokne bisnise ya kari milih merek liya. Digawa santai wae.,Di indonesia pilihan merek telepon seluler kan melimpah. Kalau tidak suka cara xiaomi menjalankan bisnisnya ya tinggal pilih merek lain. Dibawa santai saja.,Di indonesia pilihan telepon seluler kan melimpah. Kalau tidak suka cara xiaomi menjalankan bisnis ya cari milih merek lain. Ditawarkan santai saja.,0.9669201374053955
"Nate mangan ning poolside hotel hilton? Jan ora rekomendasi kanggo rasa lan rega. Panganane kurang rasane, aku nggawa 20 uwong, kabeh gela.","Pernah makan di poolside hotel hilton? Sangat tidak rekomendasi untuk rasa dan harga. Makanan kurang rasa, gue bawa 20 orang, semua kecewa.","Nate makan di poolside hotel hilton? Tidak rekomendasi untuk rasa dan harga. Makanannya kurang rasanya, saya bringin 20 orang, semua kecewa.""",0.964837908744812
Panggonane unik. Karo mangan uga dimanjakake kaliyan panggonan sing sarwa unik. Akeh kayu kayu lan galerine. Kanggo bocah uga aja kuatir. Ana dolanan bocahe. Dadi mangan dadi luwih santai.,Tempatnya unik. Sambil makan juga dimanjakan dengan tempat yang serba unik. Banyak kayu kayu dan galerinya. Buat anak juga jangan kuatir. Ada mainan anaknya. Jadi makan jadi lebih santai,Tempatnya unik. Untuk makan pun dimanjakan dengan tempat yang serba unik. Banyak kayu kayu dan galerinya. Untuk anak anak juga jangan khawatir. Ada permainannya. Jadi makan jadi lebih santai.,0.9742878675460815
"Yen marang rene aku mesthi pesen budin sambel roa. Budine digoreng dipasake karo sambel roa, enak. Panganan sing liyane uga enak nanging kanggo aku lan kaluwarga sing paling enak ing kene ya mangan budin karo ngombe kopi.","Kalau ke sini saya selalu pesan singkong sambal roa. Singkongnya digoreng dipadankan dengan sambal roa, enak. Makanan yang lainnya juga enak tetapi buat saya dan keluarga yang paling enak di sini ya makan singkong sambil minum kopi.","Kalau ke sini aku selalu pesan budin sambal roa. Budinnya digoreng disertai dengan sambal roa, enak. Makanan yang lain juga enak tapi buat aku dan keluarga yang paling suka di sini ya makan budin sambil minum kopi.""",0.9629455804824829
Telepone genggam eror pas kaping pisan diurupne,Telepon genggamnya eror pas pertama dinyalakan,Telepon genggam eror pas pukul 12 siang dicharge-charge,0.9063536524772644
Turu sing cukup saben dinane isa gawe awak ora kekeselen lan seger sawektu tangi ing dina esuk.,Tidur yang cukup tiap harinya bisa bikin badan tidak kecapekan dan segar ketika bangun di pagi hari.,Turu yang cukup sabar dalam sehari bisa bikin kepala tidak capek dan segar dalam sehari pagi.,0.9146767258644104
Restoran iki romantis tenan kanthi pemandangane sing apik tenan ing dina mbengi,Restoran ini sangat romantis dengan pemandangannya yang sangat indah di malam hari,Restoran ini sangat romantis dengan pemandangan yang bagus sekali di malam hari,0.9743507504463196
"Sugeng sonten ibu, bab produk perbankan mandiri apa sing entuk dhewe rewangi? Yogi","Selamat sore ibu, perihal produk perbankan bank mandiri apa yang dapat kami bantu? Yogi","Selamat sore ibu, berliterasi produk perbankan mandiri apa yang dapat kita rawat? Yogi",0.9436124563217163
"Suwasanane ing panggonan iki luwar biasa tenan. Pas kuwi dhewe teka ing sore ameh wengi, lan etuk panggonan sing ngadep ning air terjun. Gemricik banyu grojogan lan suwasana desa nambah nikmat suwasana mangan wengi dhewe pas kuwi. Panganan disajekake kanthi gaya tradisional lan rasane cukup apik kanggo ilate dhewe.","Suasananya di tempat ini sungguh luar biasa. Ketika itu kami datang pada senja menjelang malam, dan mendapatkan ruang yang menghadap ke air terjun. Gemericik air terjun dan suasana pedesaan menambah nikmat suasana makan malam kami ketika itu. Makanan disajikan dengan gaya tradisional dan rasanya cukup menarik untuk lidah kami.","Suasana di tempat ini luar biasa memang. Pada siang hari dan datang pada sore hari, serta mendapatkan tempat duduk yang menghadap ke air terjun. Gemericik air grojogan dan suasana desa menambah nikmat saat makan malam kami pada sore hari. Makanan disajikan dengan gaya tradisional dan rasanya cukup baik untuk lidah kami.""",0.9522010087966919
"Regane larang banget, padahal panganan sing didol panganan indonesia umume. Padahal kanggo nikmati panganan kaya ngene iki ing panggonan liyane adoh luwih murah. Sega goreng wae ing kene larang banget banget! Jengkel.","Harganya terlalu mahal, padahal makanan yang dijualkan makan indonesia umumnya. Padahal untuk menikmati makanan sejenis di tempat lain jauh lebih murah. Nasi goreng saja di sini mahal banget banget! Kesal.","Harganya terlalu mahal, padahal makanan yang sama-sama indonesia asal. Padahal untuk menikmati makanan begitu saja di tempat lain jauh lebih murah. Sega goreng saja di sini terlalu mahal banget! Kesal.""",0.9522177577018738
Ana ing akun mycare ku sek keblokir kuwi wis aku tambahake nomer im3 ku sek anyar,Dalam akun mycare saya yang terblokir tersebut sudah saya tambahkan nomer im3 saya yang baru,Ada di akun mycare yang dilewatkan itu sudah saya tambahkan nomor im3 itu yang baru,0.9314549565315247
120 peserta sing lulus iki bakale dibagi dadi 4 kelas karo jumlah masing masing 30 murid,120 peserta yang lulus ini akan dibagi menjadi 4 kelas dengan jumlah masing masing 30 siswa.,"""120 peserta yang lulus akan dibagi menjadi 4 kelas dengan jumlah masing masing 30 murid""",0.9695108532905579
"Apa iki, regane larang, pelayanane jan mines!","Apa ini, harga mahal, pelayanan minus!","Ini apa, harganya mahal, pelayanan buruk!""",0.9428496360778809
Aku ketemu karo deknen ing asrama panggonan dhewe manggon nalika isih mahasiswa,Saya bertemu dengannya di asrama tempat kami tinggal semasa mahasiswa dulu,Saya bertemu dengan mereka di asrama tempat kami tinggal ketika masih mahasiswa,0.9601626992225647
"Endi ki suwe banget konfirmasine? Iki uwis dibayar, uwis ngirimne bukti transfer, nanging e - tiket pancet ora metu? Aku gela, wegah digantung ngene.","Mana nih lama sekali konfirmasinya? Ini sudah dibayar, sudah mengirimkan bukti transfer, tetapi e - tiket tetap tidak keluar? Saya kecewa, tidak mau digantung begini.","Berapa lama sudah konfirmasi? Ini sudah bayar, sudah kirimkan bukti transfer, tapi e - tiket tidak keluar? Aku kecewa, tidak sejalan begitu.""",0.9404562711715698
"Ndelok film indonesia ning tv iki, kadang nggarai pegel. Merga kayak-kayake indonesia ora ana masalah, merga kabeh lagi mlaku-mlaku ning luar negeri.","Menonton film indonesia di tv ini, kadang bikin jengkel. Karena seakan-seakan indonesia tidak ada masalah, karena semuanya lagi jalan-jalan di luar negeri.","Nonton film indonesia di tv ini, kadang sampai bikin sakit. Karena sepertinya indonesia tidak bermasalah, karena semua sedang berjalan-jalan di luar negeri.""",0.9506338834762573
"Dasare ora ngerti kahanan kowe! Sinau beladiri udu nggo disombongke! Nanging kanggo nglindhungi awake dhewe! Gurumu dantemi apa maneh uwong tuwamu! Dasar iblis kowe, nyawa dibayar nyawa! Kowe ndhuwe utang siji nyawa! Lan nyawamu sing dadi bayarane!?","Dasar tak tau diri kau! Belajar beladiri bukan untuk di sombongkan! Tapi untuk melindungi diri sendiri! Guru lu aja lu pukulin apalagi orang tua lo! Dasar iblis kau, nyawa di bayar nyawa! Lu punya hutang satu nyawa! Dan nyawa lo yang jadi bayarannya!?","Dasarnya tidak tahu hidup lo! Belajar beladiri bukan untuk disombongkan! Tapi untuk melindungi diri sendiri! Gurumu penuh dusta! Dasar iblis lo, bayar dengan bayar! Kamu punya utang satu kehidupan! Dan kamu yang jadi bayarannya!",0.9310234785079956
"Lak nyang mangkok iwak pitik mesti tuku kwetiaew sirame, lak didelok kayake sing sitik, nangis pas dipangan beh, akeh banget lak kanggo porsiku, kwetiaw sirame sik juara ning kene timbang nggon liya, tenan. Sambele uga sekeca banget karo seleraku.","Kalau ke mangkok ayam pasti beli kwetiaw siramnya, kalau dilihat seperti yang sedikit, tetapi pas dimakan beuh, banyak sekali kalau buat porsi saya, kwetiaw siramnya masih juara di sini dari pada di tempat lain, sungguh. Sambelnya juga sesuai banget sama selera saya.","Kalau ke mangkok ayam harus beli kwetiaew sirame, kalau dilihat agak, menangis pas dibungkus beh, banyak banget kalau untuk porsinya, juara nih. Sambalnya juga menyegarkan sekali sama selera saya.",0.9128636717796326
Atlet enom tanah air melu serpong run 2018 dinggo ajang nguji coba,Atlet muda tanah air ikuti serpong run 2018 untuk ajang uji coba,Atletenom tanah air ikutan serpong run 2018 untuk ajang uji coba,0.955572247505188
"Penting lan sebarno negriku sing wis lara, pas oknum aparat dadi keparat, sing pener disalahne lan sing salah dipenerne","Penting dan sebarkan negeriku yang sudah sakit, kala oknum aparat jadi keparat, yang benar disalahkan dan yang salah dibenarkan","Penting dan sebarkan negri saya yang sudah sakit, pas oknum aparat jadi sakit, yang sakit müdahil, yang salah diperhatikan",0.9289814233779907
Bis harapan jawa adoh luwih kapenak dibanding sing liyane,Bus harapan jaya jauh lebih nyaman dibandingkan yang lainnya,"""Bersama harapan jawa jauh lebih nyaman dibandingkan yang lainnya""",0.9325660467147827
Tinggalen ae lak awakmu pancene wis waleh karo pacarmu lan pacaran ora ana gunane kanggo awakmu.,Tinggalkanlah kalau kamu memang sudah bosan sama pacar mu dan pacaran tidak ada gunanya buat kamu.,Tinggalin saja kalau kamu memang sudah bosan dengan pacarmu dan pacaran tidak ada gunanya untuk kamu.,0.9763941168785095
"Isih percoyo karo omongane? Dee sing nutup rapet-rapet bobroke sifate, dee uga sing mbukak tabir aibe.","Masih percaya sama omongannya? Dia yang menutup rapat-rapat kebobrokan sifatnya, dia juga yang membuka tabir aibnya.","Masih percaya dengan ucapannya? Dia yang menutup rapet-rapet karakternya, dia juga yang membuka tabirnya.""",0.936647891998291
"Kafe iki, nduwe pirang-pirang cemilan sing top banget, tahu ning lumboenk karo vulkano risols jenenge. Sensasine unik saka wujude karo rasane nggarai sir maneh si maneh, dinggo sing penasaran oleh njajal wis.","Kafe ini, punya beberapa cemilan yang top banget, tahu di lumboenk sama vulkano risols namanya. Sensasi unik dari tampilan sama rasanya bikin mau lagi mau lagi, bagi yang penasaran boleh dicoba deh.","Kafe ini, memiliki beberapa cemilan yang sangat top, tahu di dekatnya dengan gunung vulkano risols namanya. Sensasinya unik dari jenisnya dengan rasanya membuat kembali si maneh, untuk yang penasaran silakan coba ya.",0.9246490597724915
2018 kpk nduweni tekad kanggo nuntaskae kasus e-ktp lan lbi.,2018 kpk bertekad menuntaskan kasus e-ktp dan blbi.,"""2018 ini, pkl tekad untuk menyelesaikan kasus e-ktp dan lainnya.""",0.9164698719978333
Namung penerbangan ing indonesia sing ora tahu ngeregani wektu. Uwis mbayar larang pelayanane tetep nguciwakake,Cuma penerbangan di indonesia yang tidak pernah ngehargai waktu. Sudah bayar mahal tetap pelayanannya mengecewakan,Tapi penerbangan di indonesia yang tidak pernah mengecewakan waktu. Udah bayar mahal pelayanan tetap mengecewakan,0.9528889060020447
"Kanggo layanan bank ing akhir pekan sing lokasine ing bekasi, bapak isa teka marang kantor cab bank mandiri bekasi juanda","Untuk layanan bank di akhir pekan yang berlokasi di bekasi, bapak dapat datang ke kantor cab bank mandiri bekasi juanda.","Untuk layanan bank di akhir pekan yang lokasinya di bekasi, bapak bisa datang ke kantor cab bank mandiri bekasi juanda",0.9855844378471375
susah banget ndelok segara sing saiki reget didadekake panggonan guwak sampah sembarangan,Sedih banget melihat laut yang sekarang kotor dijadikan tempat buang sampah sembarangan,Sulit sekali melihat pantai yang sekarang kotor jadi sakit dilihat tempat sampah sembarangan,0.9521837830543518
"Salah siji panggon mangan lan panggon nangkring sing direkomendasikne kanca sing oke banget. Panggone pancene lumayan munggah lak saka kutha, lan rodok mlebu-mlebu sampek ora ketok lak saka dalan utama. Nanging panganane enak, panggone asik, regane uga standar. Sik sumbut karo regane lah. Oleh lak nyang Malang dolan mrene maneh.","Salah satu tempat makan dan tempat nongkrong yang direkomendasikan teman yang oke sekali. Tempatnya memang lumayan naik kalau dari kota, dan agak masuk-masuk sampai tidak terlihat kalau dari jalan utama. Tapi makanannya enak, tempatnya asik, harganya juga standar. Masih sepadan dengan harga lah. Bolehlah kalau ke Malang datang ke sini lagi.","Salah satu tempat makan dan tempat nongkrong yang sangat direkomendasikan teman yang oke sekali. Tempatnya memang agak tinggi terletak dari kota, dan sulit masuk-masuk sampai tidak terlihat apabila dari jalan utama. Namun makanannya enak, tempatnya asyik, harganya juga standar. Semakin seru jika ke Malang lagi. Oleh karena itu. Byah dianya lagi.",0.954403817653656
On the spot lagi tayang ing trans7,On the spot sedang tayang di trans7,"""On the spot lagi tayang di trans7""",0.919404923915863
"Bener-bener iwak pitik goreng sing gurih lan nggarai aku ketagihan, sambel sing pedes nggarai sensasi mangan luwih mantep karo sega anget lan es teh manis","Benar benar ayam goreng yang gurih dan membuat saya ketagihan, sambal yang pedas membuat sensasi makan lebih mantap dengan nasi hangat dan es teh manis","Betul ayam goreng yang gurih dan membuat saya ketagihan, sambal yang pedas membuat sensasi makan lebih mantap dengan nasi hangat dan es teh manis",0.9901899099349976
Aku wis ndaftar namung ora entuk sms seka 5111.,Saya sudah registrasi tapi tidak dapat sms dari 5111.,"""Saya sudah daftar tapi tidak mendapatkan sms dari 5111.""",0.9550487995147705
"Mumpung lagi mlaku-mlaku marang bandunh sekaliyan nyempatake nyoba batagor sek paling enak ing kota kembang iki nganti ora sadar dhewe mesen luwih akeh seka kapasitas mangan dhewe wong loro: Bakso tahu goreng, siomay goreng lan batagor kuah, ayam kremes, lan es cendol lan dhewe uga kudu mbungkus mulih tahu yun yin pesenan dhewe akhire.","Mumpung sedang berjalan-jalan ke bandunh sekalian menyempatkan mencoba batagor yang terenak di kota kembang ini sampai tidak sadar kami memesan lebih banyak dari kapasitas makan kami berdua: Bakso tahu goreng, siomay goreng dan batagor kuah, ayam kremes, dan es cendol dan kami masih harus membungkus pulang tahu yun yin pesanan kami akhirnya.","""Saatnya jalan-jalan ke bandung sekali sebaliknya mencoba batagor yang paling enak di kota bunga ini sampai tidak jadi kita pesan lebih banyak karena kapasitas makan kami berdua: Bakso tahu goreng, siomay goreng dan batagor kuah, ayam krimnya, dan es cendol serta kami juga harus membungkus pulang tahu yun yin pesanan kami akhirnya.""",0.9397872686386108
"Njajal pesen shabu-shabu, menu anyar ning gading resto. Kuwalitas rasane cukup enak, regane kejangkau uga. Rekomendasi lak nggawa tamu utawa mung mangan wengi karo kaluwarga.","Mencoba memesan shabu-shabu, menu baru di gading resto. Kualitas rasa cukup enak, harga terjangkau pula. Rekomendasi bilamana membawa tamu atau sekadar makan malam bersama keluarga.","Coba pesan shabu-shabu, menu baru di gading resto. Kualitas rasanya cukup enak, harganya juga terjangkau. Rekomendasi buat kalangan tamu atau cuma makan malam dengan keluarga.""",0.9671854972839355
Oke. Wis tak kirim lewat pesen langsung,Oke. Sudah saya kirim via pesan langsung,Oke. Sudah saya kirim via pesan langsung.,0.9854185581207275
"Kasamrawutan sing kadadean akhir debat loro pilgub jabar ing 14 mei 2018 sing kepungkur, marakke silang pendapat saka para kontestan debat.","Kericuhan yang terjadi pengujung debat kedua pilgub jabar pada 14 mei 2018 yang lalu, menimbulkan silang pendapat dari para kontestan debat.","Pertemuan yang diadakan akhir pekan di 14 mei 2018 yang terbakur, memicu silang pendapat dari para kontestan debat.",0.9192734956741333
Isuk iki lali nyepot helm mas gojek bar mudun saka motor gara-gara nguber bis,Pagi ini lupa lepas helm abang gojek setelah turun dari motor gara-gara mengejar bus,Pagi ini lupa pakain helm kak gojek lewat motor karena tersesat di hutan,0.9210366010665894
"Restoran iki tansah top. Suasanane nyaman banget kanggo ngobrol karo kanca, sedulur utawa pasangan. Panganane uga enak. Sanajan aku biasane ora mangan abot. Soale paling seneng marang mrene sore nyedhak mbengi","Restoran ini selalu top. Suasananya nyaman banget buat ngobrol dengan teman, saudara atau pasangan. Makanannya juga enak. Walaupun saya biasanya tidak makan berat. Soalnya paling suka ke sini sore menjelang malam","Restoran ini selalu top. Suasananya sangat nyaman untuk obrolan dengan teman, saudara atau pasangan. Makanannya juga enak. Meskipun biasanya saya tidak makan berat. Jadi paling suka ke sini sore dan malam hari""",0.9753725528717041
"Menu sing dhewe pesen urang, sapi, sapo kabehane enak, sampurna dimasake, rasane pas, kuwalitase dhuwur. Panggonane amba, pelayanane oke tenan. Kabehane grapyak lan grapyak karo bocah-bocah","Menu yang kita pesan udang, sapi, sapo semuanya enak, sempurna dimasaknya, rasanya pas, berkualitas tinggi.  Tempat luas, pelayanan oke banget. Semuanya ramah dan ramah sama anak-anak","""Menu yang kami pesan daging, sapi, sapi semua enak, sempurna dimasak, rasanya pas, besar ukuran. Tempatnya luas, pelayanannya ok sekali. Seluruhnya daging dan dagingnya enak, rasanya pas, besar ukuran. Tempatnya luas, pelayanannya ok sekali. Seluruhnya daging dan dagingnya enak, rasanya pas, besar ukuran. Tempatnya luas, pelayanannya ok sekali. Seluruhnya daging dan dagingnya enak, rasanya pas, besar ukuran. Tempatnya luas, pelayanannya ok sekali. Seluruhnya daging dan dagingnya enak, rasanya pas, besar ukuran. Tempatnya luas, pelayanannya ok sekali. Seluruhnya daging dan dagingnya enak, rasanya pas, besar ukuran. Tempatnya luas, pelayanannya ok sekali. Seluruhnya daging dan dagingnya enak, rasanya pas, besar ukuran. Tempatnya luas, pelayanannya ok sekali. Seluruhnya daging dan dagingnya enak, rasanya pas, besar ukuran. Tempatnya luas, pelayanannya ok sekali. Seluruhnya daging dan dagingnya enak, rasanya pas, besar ukuran. Tempatnya luas, pelayanannya ok sekali. Seluruhnya daging dan dagingnya enak, rasanya pas, besar ukuran. Tempatnya luas, pelayanannya ok sekali. Seluruhnya daging dan dagingnya enak, rasanya pas, besar ukuran. Tempatnya luas, pelayanannya ok sekali. Seluruhnya daging dan dagingnya enak, rasanya pas, besar ukuran. Tempatnya luas, pelayanannya ok sekali. Seluruhnya daging dan dagingnya enak, rasanya pas, besar ukuran. Tempatnya luas, pelayanannya ok sekali. Seluruhnya daging dan dagingnya enak, rasanya pas, besar ukuran. Tempatnya luas, pelayanannya ok sekali. Seluruhnya daging dan dagingnya enak, rasanya pas, besar ukuran. Tempatnya luas, pelayanannya ok sekali. Seluruhnya daging dan dagingnya enak, rasanya pas, besar ukuran. Tempatnya luas, pelayanannya ok sekali. Seluruhnya daging dan dagingnya enak, rasanya pas, besar ukuran. Tempatnya luas, pelayanannya ok sekali. Seluruhnya daging dan dagingnya enak, rasanya pas, besar ukuran. Tempatnya luas, pelayanannya ok sekali. Seluruhnya daging dan dagingnya enak, rasanya pas, besar ukuran. Tempatnya luas, pelayanannya ok sekali. Seluruhnya daging dan dagingnya enak, rasanya pas, besar ukuran. Tempatnya luas, pelayanannya ok sekali. Seluruhnya daging dan dagingnya enak, rasanya pas, besar ukuran. Tempatnya luas, pelayanannya ok sekali. Seluruhnya daging dan dagingnya enak, rasanya pas, besar ukuran. Tempatnya luas, pelayanannya ok sekali. Seluruhnya daging dan dagingnya enak, rasanya pas, besar ukuran. Tempatnya luas, pelayanannya ok sekali. Seluruhnya daging dan dagingnya enak, rasanya pas, besar ukuran. Tempatnya luas, pelayanannya ok sekali. Seluruhnya daging dan dagingnya enak, rasanya pas, besar ukuran. Tempatnya luas, pelayanannya ok sekali. Seluruhnya daging dan dagingnya enak, rasanya pas, besar ukuran. Tempatnya luas, pelayanannya ok sekali. Seluruhnya daging dan dagingnya enak, rasanya pas, besar ukuran. Tempatnya luas, pelayanannya ok sekali. Seluruhnya daging dan dagingnya enak, rasanya pas, besar ukuran. Tempatnya luas, pelayanannya ok sekali. Seluruhnya daging dan dagingnya enak, rasanya pas, besar ukuran. Tempatnya luas, pelayanannya ok sekali. Seluruhnya daging dan dagingnya enak, rasanya pas, besar ukuran. Tempatnya luas, pelayanannya ok sekali. Seluruhnya daging dan dagingnya enak, rasanya pas, besar ukuran. Tempatnya luas, pelayanannya ok sekali. Seluruhnya daging dan dagingnya enak, rasanya pas, besar ukuran. Tempatnya luas, pelayanannya ok sekali. Seluruhnya daging dan dagingnya enak, rasanya pas, besar ukuran. Tempatnya luas, pelayanannya ok sekali. Seluruhnya daging dan dagingnya enak, rasanya pas, besar ukuran. Tempatnya luas, pelayanannya ok sekali. Seluruhnya daging dan dagingnya enak, rasanya pas, besar ukuran. Tempatnya luas, pelayanannya ok sekali. Seluruhnya daging dan dagingnya enak, rasanya pas, besar ukuran.",0.8357725739479065
"Kesel ngantri, kesel golek panggon lungguh, kesel lungguh. Dinggo sing ora nduwe wektu suwe lan wis keluwen, mending ora mrene. Aku mrene pas liburan bodo panganan ning ruko-ruko kene uga rodok larang lan rasane standar.","Capek mengantre, capek mencari tempat duduk, cape duduk. Buat yang tidak punya waktu lama dan sudah kelaperan, mendingan tidak ke sini. Saya ke sini pas liburan lebaran makanan di ruko-ruko sekitar sini juga rada mahal dan rasanya standar.","Lezat mengantri, kesal mencari tempat duduk, kesal duduk. Untuk yang tidak punya waktu lama dan sudah keluhan, mending tidak ke sini. Saya ke sini saat liburan musim panas karena makanan di toko-toko sini juga mahal dan rasanya standar.""",0.9374504089355469
"Warung mangan nduwe suasana sing nyaman karo gaya kampung lawas. Luwih sekeco diparani wektu sore sampek dina wengi ning kahanan sing luwih romantis karo cahyaning remeng-remeng saka obor lan geni unggun. Panganan sing disajikne rena-rena, mulai panganan indonesia sampek panganan eropa serba ana. Cocok sanget kanggo ngentekne wektu karo kanca lak keluarga.",Resto ini memiliki suasana yang nyaman dengan gaya kampung tradisional. Lebih cocok dikunjungi saat sore hingga malam hari di suasana lebih romantis dengan cahaya temaram dari obor dan api unggun. Makanan yang disajikan bervariasi mulai makanan indonesia sampai european makanan serba ada. Sangat cocok untuk menhabiskan waktu bersama teman atau keluarga.,"""Warung makan memiliki suasana yang nyaman dengan gaya kampung lawas. Lebih yang direkomendasikan waktu sore sampai malam hari di suasanan yang lebih romantis dengan Cahaya obor dan api unggun. Makanan yang disajikan pun bervariasi, dari makanan indonesia sampai makanan eropa serba ada. Sangat cocok untuk melepas waktu dengan teman kalau keluarga.""",0.9378138184547424
"Menu masakan sing disajekne lumayan rena-rena karo rasa sing lumayan enak, kabehe pelayan lan wektu pelayanane ya cukup apik dadi awakdewe wareg mangan awan ning kana, mung nata panggene restoran sing mestere rena-rena munggah - mudun dadi kudu luwih ngati-ati dinggo wong tua lan bocah cilik, muga-muga isa luwih ditingkatne pelayanane lan rena-rena menune. Sukses terus kanggo boemi mitoha.","Menu masakan yang disajikan lumayan bervariasi dengan rasa yang lumayan enak, jumlah pelayan dan waktu pelayanannya pun cukup baik sehingga kami puas makan siang di sana, hanya tata letak restoran yang lantainya bervariasi naik - turun sehingga harus ekstra hati-hati untuk orang tua dan anak kecil, semoga bisa semakin ditingkatkan pelayanan dan variasi menunya. Sukses selalu untuk boemi mitoha.","""Menu masakan yang disajikan lumayan beragam dengan rasa yang lumayan enak, serta pelayanan dan waktu pelayanan yang sangat baik sehingga kami sebagai pelanggan merasa betah makan di sana, hanya baru saja establishment restoran yang beberapa hal hanya saja, di samping itu, saya sebagai orang tua dan anak kecil sering merasa kurang hati-hati dalam pelayanan dan rasa secara keseluruhan. Semoga bisa semakin meningkat pelayanannya dan keunikan menunya. Sukses terus untuk boemi mitoha.""",0.9235556125640869
"Tagihan mencolot loro kali lipat amarga promo entek tanpo kabar, ora bener iki.","Tagihan melonjak dua kali lipat gara-gara promo habis tanpa pemberitahuan, tidak benar ini.","Tagihan mengejutkannya dua kali lipat karena promo habis tanpa kabar, tidak benar ini.",0.9515367746353149
Njaluk informasine babagan daftar rega klambi kang didhol.,Minta informasi tentang daftar harga baju yang sedang dijual,Minta informasinya tentang daftar harga pakaian yang diduplikasi.,0.9289136528968811
Aku tansaya sengit karo jne amarga pangirimane mesthi telat,Saya semakin membenci jne karena pengirimannya selalu telat,Saya selalu marah dengan jne karena pengirimannya selalu terlambat,0.936107337474823
"Ora koyo warung mangan lan kafe biasane, konsep panggonane digawe unik. Akeh lampu-lampu, gambaran, semiantik. Panganan lan ombenane lumayan pas enak, sing garai kaget pas ndelok daftar menune. Ragene wuooow pas banget ning sak. Lan sing mesti rega mirah ora nggarai rasane maleh seje, pancet enak lan berkualitas.","Tidak seperti kebanyakan restoran dan kafe lain, konsep tempatnya dibuat unik. Banyak lampu-lampu, lukisan, semi antik. Makanan dan minuman lumayan cukup enak, yang buat kaget pas melihat daftar menunya. Harganya wuooow pas banget di kantong. Dan yang pasti harga murah tidak buat rasa jadi beda, tetap enak dan berkualitas.","Tidak seperti warung makan dan kafe biasanya, konsep tempatnya dibuat unik. Banyak lampu-lampu, pemandangan, semiantik. Makanan dan minuman lumayan pas enak, yang membuat kaget saat melihat daftar menunya. Harga nya woooow pas banget di sak. Dan yang wajib koh, harga terjangkau tanpa mengecewakan rasa. Pancarnya woooow pas banget di sak. Dan yang wajib koh, harga terjangkau tanpa mengecewakan rasa. Menungsa koyo aja ketipu.",0.9227374196052551
"Ana ing lantai 1 hotel yaiku lantai paling dhuwur, nyajikake pemandangan luar biasa ing arah bukit sing dithukuli wit-witan. Seger, resik, penak, luar biasa!","Terletak di lantai 1 hotel yang merupakan lantai tertinggi, menyajikan pemandangan luar biasa ke arah bukit yang ditumbuhi pepohonan. Segar, bersih, nyaman, luar biasa!","""Ada di lantai 1 hotel adalah lantai tertinggi, menyajikan pemandangan luar biasa di arah bukit yang menghadap ke laut. Segar, bersih, nyaman, luar biasa!""",0.9473578333854675
Sakdurunge aku lan pasangan mulih marang jakarta. Aku mampir ndhisik ing restoran iki. Pemandangane apik lan panganane uga murah meriah. Rekomendasi tenan,Sebelum saya dan pasangan pulang ke jakarta. Saya mampir dahulu ke restoran ini. Pemandangannya keren dan makanannya pun murah meriah. Rekomendasi sekali,"Sebelumnya saya dan pasangan jalan ke jakarta. Saya mampir disini lewat restoran ini. Pemandangannya bagus dan makanannya juga murah meriah. Rekomendasi sangat""",0.9644218683242798
Ngerasa bosen loh karo sakabehane. Bosen tenan ngelakokake rutinitas sing ngono-ngono wae.,Merasa jenuh loh sama semuanya. Bosen sekali melakukan rutinitas yang gitu-gitu saja.,Bosen banget deh dengan semuanya. Bosan benar-benar melelahkan rutinitas yang begitu saja saja.,0.9154219031333923
Eman kothake sing tekan lumayan penyok,Sayang kotaknya yang sampai agak penyok,Parah kondisi mobil yang datangnya lumayan rusak,0.8765771985054016
Kapisan njajal uwis disuguhi karo lalaine pelayan sing marakake dhewe ngenteni suwi wae 4 lagu marcell. Banjur uwis suwi ya ora sida pesenlah. Ora peduli arep enak kaya ngapa yen pelayanane elek karepe sing jenenge rasa.,Pertama mencoba sudah disuguhi dengan kelalaian pelayan yang bikin kita menunggu lama aja 4 lagu marcell. Terus sudah lama ya tidak jadi pesanlah. Tidak peduli mau enak kayak apa kalau pelayanannya buruk terserahlah yang namanya rasa.,Pertama coba sudah disuguhi dengan lalainnya pelayan yang membuat kami menunggu lama saja 4 lagu microphone. Kemudian sudah lama ya tidak seperti pesanlah. Tidak peduli mau enak seperti apa kalau pelayanan buruk begitu,0.9441949725151062
"Sego rawone enak banget, regane murah. Cedak universitas parahyangan. Panggonane unik nganggo kayu-kayu.","Nasi rawonnya sangat enak, harga terjangkau. Dekat universitas parahyangan. Tempatnya unik dengan kayu-kayu.","""Peginya enak banget, harganya murah. dekat universitas parahyangan. Tempat unik menggunakan kayu-kayu.""",0.9467917084693909
"Pesen soto karo iga bakar, ditambah suwasana sing adem. Rasane enak lan dilayani kanthi grapyak karo mbak diah, tisna, echa. Uwis ping pindo teka mrene lan mesthi marem karo kualitas panganan lan pelayanan:","Order soto sama iga bakar, ditambah suasana yang dingin. Rasanya enak dan dilayani dengan ramah sama mbak diah, tisna, echa. Sudah dua kali datang ke sini dan selalu puas dengan kualitas makanan dan pelayanan:","Pesanan soto dengan iga bakar, ditambah suasana yang sejuk. Rasanya enak dan disajikan dengan ramah oleh mbak diah, tisna, echa. Sudah beberapa kali datang ke sini dan selalu puas dengan kualitas makanan dan pelayanan:**",0.979324460029602
"Youtube akeh banget manfaate. Isa nonton film, ngrungokake lagu, kala-kala kanggo sinau.","Youtube banyak sekali manfaatnya. Bisa nonton film, dengar lagu, kadang untuk belajar.","Youtube banyak sekali manfaatnya. Bisa menonton film, mendengarkan lagu, sekala untuk belajar.",0.9755916595458984
"Udan ing dina isuk tenan marakna kesel, macet lan rega ojol dadi tenan ora isa dikendalikake marakna eneg","Hujan di pagi hari sungguh sangat kesal, macet dan harga ojol jadi super tak terkendali bikin eneg","Bukan hanya dinangis saja, macet dan harga ojek jadi benar-benar tidak bisa dikendalikan makin marah",0.8664528727531433
"Panganane lumayan enak-enak ing hawa anyes lan akeh variasine mulai saka restoran burangrang, saung purbasari lan area foodcourte.","Makanannya lumayan enak-enak di udara dingin dan banyak variasinya dari mulai restoran burangrang, saung purbasari dan area foodcourtnya.","Makanannya lumayan enak-enak di udara dingin dan banyak variasi mulai dari restoran penghasil, saung bambu dan area foodcourte.""",0.948419451713562
Tulung golekake alamat uwong iki. Bakal aku jak duel kaya uwong lanang nganggo samurai. Deknen uwis ngece ibuku sing paling aku tresnani lan hormati.,Tolong carikan alamat orang ini. Akan saya ajak duel secara jantan pakai samurai. Dia telah menghina ibuku yang paling aku cinta dan hormati.,"Tolong cari alamat orang ini. Sudah saya duga bagaian laki-laki bertarung. Dekannya sudah mengecewakan ibu saya yang paling saya cintai dan hormat.""",0.8998262882232666
"Panggon ngombe kopi cedek kampus UI, vietnamese kopi -ne enak, regane relatif sedeng, cocok dinggo ngontemplasi karo nggarap tesis","Tempat minum kopi dekat kampus UI, vietnamese kopi -nya enak, harganya relatif sedang, cocok untuk berkontemplasi sembari mengerjakan tesis","""Tempat minum kopi dekat kampus UI, vietnamese kopi -nya enak, harganya relatif terjangkau, cocok buat menyempatkan diri sambil mengerjakan tesis""",0.9522145390510559
"Panganane enak, lan pemandangane apik tenan,. Mung sing menyang lawangwangine kurang dadi ora kabeh uwong bisa ngerti yen lawangwangi ana nang kono kajaba wong sek lewat.","Makanannya enak, dan viewnya amazing,. Hanya sing menuju lawangwanginya kurang jadi tidak semua orang bisa tahu ada lawangwangi di situ kecuali orang yang lewat.","Makanannya enak, dan pemandangannya bagus sekali,. Hanya yang pergi ke tatanya kurang jadi tidak semua orang bisa mengerti kalau pergi ke sana secara bersamaan orang yang lewat.",0.9273980259895325
Aku mulai usaha lan ora tau wedi gagal.,Saya memulai usaha dan tidak pernah takut gagal.,"""Gue mulai usaha dan tidak pernah takut gagal.""",0.9461521506309509
Panggonan mangan kanthi nuansa doraemon. Rega panganane murah lan akeh pilihan. Panggonane ora patia amba nanging nyaman. Nang lantai 2 digawe kaya kamare nobita lkp kanthi meja sinau mesin waktu lan lawang nang ndi wae. Akeh golekan doraemon lan komik-komik sek isa diwaca sawetara ngenteni panganan. Kajaba iku sinambi ngrasakake panganane dhewe isa nonton film doraemon. Anakku seneng mangan. Lanjutan,Tempat makan dengan nuansa doraemon. Harga makanannya murah dan banyak pilihan. Tempatnya tidak terlalu luas tapi nyaman. Di lantai 2 di buat menyerupai kamar nobita lkp dengan meja belajar mesin waktu dan pintu ke mana saja. Banyak boneka doraemon dan komik-komik yang bisa dibaca saat menunggu makanan. Selain itu sambil menikmati hidangan kita bisa menonton film doraemon. Anak saya senang makan. Lanjutan,"Tempat makan dengan nuansa doraemon. Harga makanan murah dan banyak pilihan. Tempatnya tidak terlalu lebar tapi nyaman. Di lantai 2 dibuat seperti kamarnya nobita lkp dengan meja tidur mesin waktu dan pintu ke sana. Banyak golokan doraemon dan komik yang bisa dibaca para menunggu makanannya. Selain itu setelah makan terasa rasanya makanan kita bisa menonton film doraemon. Anak saya suka makan. Lanjutnya""",0.9609986543655396
"Aku nyang kafe dipakar bareng keluarga, pemandangane pancene keren banget. Panganane uga eco-eco. Dinggo nyantai nikmati sing disajikne lan pemandangane ning dipakar nyenengna banget. Awakdewe mrana dina minggu, lan rame banget sing dolan. Nanging ora ngenteni suwe, awakdewe langsung entuk meja. Dinggo panganan, bar awakdewe pesen ora kudu ngenteni suwe, panganan wis teka. Dinggo foto-foto uga apik banget.","Saya ke kafe dipakar bersama keluarga, pemandangannya memang keren banget. Makanannya juga enak-enak. Untuk bersantai menikmati sajian dan pemandangan di dipakar sangat menyenangkan. Kami ke sana hari minggu, dan sangat ramai pengunjung. Tapi tidak menunggu lama, kami langsung dapat meja. Untuk makanan, setelah kita order tidak perlu menunggu lama, makanan sudah datang. Untuk foto-foto juga sangat bagus.","""Saya ke kafe bersama keluarga, pemandangannya memang keren sekali. Makanannya juga enak-enak. Untuk relaxing menikmati yang disajikan dan pemandangan di rangsang sekali. Kami ke sana hari minggu, dan ramai sekali yang bermain. Tapi tidak menunggu lama, kami langsung dapatkan meja. Untuk makanan, kami langsung bisa mendapatkan tanpa menunggu lama, makanan sudah datang. Untuk foto-foto juga bagus sekali.""",0.9554614424705505
"Ora salah maneh iki kafe modern salah siji senengane wong depok kanggo mangan, nglumpuk tenanan panggone nyaman soale.","Tidak salah lagi ini kafe modern salah satu favorit warga depok buat makan, berkumpul seriusan tempatnya nyaman soalnya.","Tidak salah lagi ini kafe modern salah satu favorit orang depok buat makan, menyebrang memangnya tapi aneka macamnya, tetap nyaman soal.",0.9350327253341675
Kesel wae karo kelakuan nyinyir terus kelompok sebelah.,Kesal saja dengan kelakuan nyinyir terus kelompok sebelah.,Kesal saja dengan kelakuan menghiati terus kelompok sebelah.,0.9537879228591919
"Aku seneng mangan ning kene merga menu iwak pitike enak lan empuk, sambele pas ning ilat lan kahanane restorane uga nyaman. Liyane iku pelayanane uga apik lan regane mirah.","Saya suka makan di sini karena menu ayamnya enak dan empuk, sambal pas di lidah dan suasana restorannya juga nyaman. Selain itu pelayanan juga bagus dengan harga terjangkau.","Saya suka makan di sini karena menu ayamnya enak dan empuk, sambalnya pas di lidah dan suasana restoran juga nyaman. Selain itu pelayanannya juga bagus dan harga terjangkau.""",0.9898993968963623
Aku ki wis kesel arep nesu-nesu. Ben aku dewe ae wis sing njupuk maneh pakete lan tak kirim lewat ekspedisi liya ae. Gela pol embuh ping pira.,Gue itu sudah capek mau marah-marah. Biar gue sendiri aja deh yang ambil lagi paketnya dan gue kirim via ekspedisi lain saja. Kecewa berat entah keberapa kalinya.,Aku nih sudah capek mau marah-marah. Lagipula aku jadi pengen paketnya dan tak kirim lewat ekspedisi lain saja. Kesal maneh.,0.9200584888458252
"Reunion house iki wis tenan direkomendasikake kanggo mangan awan nang bandung. Panggonane kepenak, asyik kanggo nyantai guyonan karo sapa bae. Menune uga oke tenan.","Reunion house ini direkomendasikan banget buat makan siang di bandung. Tempatnya nyaman, asyik buat santai mengobrol bareng siapa saja. Menunya juga oke banget.","Reunion house ini sudah benar-benar direkomendasikan untuk makan siang ke bandung. Tempatnya nyaman, asyik buat nongkrong bercanda dengan siapa saja. Menunya juga oke banget.""",0.9554529786109924
Dingge meruhi promo-promo sing lagi ana ning tokopedia awakmu isa marani halaman iki.,Untuk mengetahui promo-promo yang sedang berlangsung di tokopedia kamu dapat mengunjungi halaman berikut.,Untuk melihat promo-promo yang sedang berlangsung di tokopedia Anda dapat menuju halaman ini.,0.9749067425727844
"Jarene jam iki anti banyu, nanging dienggo renang tok uwis mati","Katanya jam ini water resist, tapi dipakai berenang doang sudah mati","Katanya jam ini anti air, tapi dipakai swimming tok sudah mati",0.9292306900024414
Suasane asri. Akeh sing dodolan panganan. Panggonan sing nggo nongkrong lan kafene cocok kanggo kunjungan. Dhewe ndhuwe wektu belanja ing supermarket. Regane uga ora larang. Suasanane ing njero malle penak. Acne anyeslah. Lan barang-barang merekane mantap tenan lan akeh potongan rega,Suasananya asri. Banyak jualan makanan. Tempat nongkrong dan cafenya cocok untuk berkunjung. Kami sempat belanja disupermarket. Harganya juga tidak mahal. Suasana di dalam mallnya nyaman. Acnya dinginlah. Dan barang-barang brandednya mantap sekali dan banyak diskon,Suasana hutan. Banyak yang menjual makanan. Tempat yang recomendasikan tempat duduk dan kafe cocok buat kunjungan. Kami punya waktu belanja di supermarket. Harganya juga tidak mahal. Suasana di dalam mall sangat nyaman. Ac jeho dinginnya. Dan barang-barang brandednya mantap sekali dan banyak potongan harga,0.9535853266716003
Pemikirane sempit nanging ngrumangsa paling bener mangkel banget aku,Pemikiran sempit tapi sok benar kesal banget aku,Pikirannya sempit tapi paling benar tuch.,0.8822982907295227
Sek foto karo uwong kuwi udu adike bang doni. Jijik ah foto karo uwong kuwi.,Yang foto sama orang itu bukan adik bang doni. Jijik ah foto sama orang itu.,"""Yang foto itu bukan orang itu mau dong. Jijik ah foto sama orang itu.",0.9318769574165344
"Sakwijining musibah lagi wae kena kampung adat ning bajawa, flores. Kebakaran gedhe sing kadadean ing senin 13 / 8 sore ameh ngobongake kabeh kampung. Total 27 saka 33 omah adat sing ana entek dipangan geni bareng kabeh crita lan sejarahe.","Sebuah musibah baru saja menimpa kampung adat di bajawa, flores. Kebakaran hebat yang terjadi pada senin 13 / 8 sore hampir menghanguskan seluruh kampung. Total 27 dari 33 rumah adat yang ada habis dilalap api bersama semua cerita dan sejarahnya.","Sejauh ini musibah lagi saja kena kampung adat di bajawa, flores. Kebakaran besar yang terjadi pada senin 13 / 8 sore membakar semua kampung. Total 27 dari 33 rumah adat yang terbakar bersama seluruh cerita dan kesesaaraan.",0.9433496594429016
Marang rene wektu acara kantor. Ana musik langsung. Menu aneka werna. Cocok yen lunga rame-rame nanging selerane beda-beda. Ramene enak.,Ke sini waktu acara kantor. Ada live musik. Menu beragam. Cocok kalau pergi ramai-ramai tapi seleranya beda-beda. Ramennya enak.,"Ke sini waktu acara kantor. Ada musik langsung. Menu beragam. Cocok kalau pergi ramai-ramai tapi selera beda-beda. Ramnya enak.""",0.9784851670265198
"Aku karo keluarga mangan mbengi nang panggonan iki amarga kajaba iku menu utamane batagor uga ana menu liyane. Aku mung mesen 2 menu sek akhire teka sakwise 45 menit, kuwi sakwise  kaping pirang-pirang aku takon. Seko rasane sawetara seko menu sek sakwise aku jajal lumayan enak. Sarane sakdhurunge pesen luwih apik takon ndhisik regane piro suwi orane nggawe menu kang dipesen.","Saya bersama keluarga makan malam di tempat ini karena selain menu utama batagor terdapat menu lain. Saya hanya memesan 2 menu yang akhirnya datang setelah 45 menit, itu pun setelah beberapa kali saya tanyakan. Dari segi rasa beberapa menu yang sebelumnya pernah saya coba lumayan enak. Saran sebelum memesan lebih baik tanyakan berapa lama pembuatan menu yang dipesan","Saya dan keluarga makan malam di tempat ini karena selain itu menu utama batagor juga ada menu lain. Saya hanya memesan 2 menu yang akhirnya datang setelah 45 menit, itu setelah 3 kali saya bertanya. Secara rasa cukup enak. Sejauh ini pesan lebih baik sebelum setelah saya coba lumayan enak. Saran saya sebelum saat memesan lebih baik bertanya terlebih dahulu harganya berapa lama atau membuatnya membuat menu yang dipesan.",0.9524850845336914
Paket wis ditampa. Rodok gela merga pesen werna ireng dikirim werna kuning.,Paket sudah diterima. Sedikit kecewa karena order warna hitam dikirim warna kuning.,"Paket sudah dikirim. Permasalahan muncul karena pesan warna hitam dikirimkan warna kuning.""",0.9404588937759399
"Aku saka bali, dilalah pas dolan menyang kutho bandung, pas ning sanding kantor gubernur jawa barat alias cedeke gedung sate, awakdewe disarane mangan ning bancakan merga cedek. Bar mlebu awakdewe dikeki piring saka komplong sing wis ora apik eneh, kayake karaten. Akhire awakdewe milih panganan sing awakdewe sir, lan atusan laler miber teka ngendi-ngendi merga wis kadung awakdewe ya pancet mangan. Nggilani pol.","Saya dari bali, kebetulan sedang liburan ke kota bandung, ketika sedang di dekat kantor gubernur jawa barat alias dekat gedung sate, kami di-suggest makan di bancakan karena dekat. Setelah masuk kami pun diberi piring dari kaleng yang sudah tidak bagus lagi, sepertinya berkarat. Akhirnya kami memilih makanan yang kami suka, dan ratusan lalat beterbangan ke mana mana karena sudah terlanjur kami pun tetap makan. Sangat jijik","Saya dari bali, dikunjungi saat libur ke kota bandung, saat di samping kantor gubernur jawa barat alias gedung sate, kami di sarankan makan di bancakan karena dekat. Setelah masuk kami di sarankan makan terlebih dahulu di meja yang sudah tidak baik lagi, sepertinya sudah terlantar. Akhirnya kami pilih makanan yang kami, setelah bertanya ke pelayan di sana, kami di bilang makan di luar karena sudah penuh. Mengejutkan sekali.",0.9238929748535156
Ndelok sinetron ae anyak waleh opomeneh nonton isu apus-apus sing diramalke.,Nonton sinetron saja mulai bosan apalagi menonton isu bohong yang diramalkan.,Cuma sinetron saja banyak bohong satu punyanya tonton isu bekasasinya yang diramalkan.,0.9137772917747498
Aku tuku werna-werna roti. Piliane akeh nanging rasane biasa wae. Rotine garing kaya uwis pirang-pirang dina. Ora seger. Pelayanane uga suwi. Nguciwakake.,Saya beli berbagai macam roti. Pilihannya banyak tapi rasanya biasa saja. Rotinya kering seperti sudah berhari-hari. Tidak segar. Pelayanannya juga lama. Mengecewakan.,"Saya beli berbagai jenis roti. Pemilihan banyak tapi rasanya biasa saja. Rotinya kering seperti sudah beberapa hari. Tidak segar. Pelayannya juga lama. Mengecewakan.""",0.9677367806434631
Aja lali ngombe banyu mineral 8 -- 10 gelas saben dinane.,Jangan lupa minum air mineral 8 -- 10 gelas per harinya.,Jangan lupa minum air mineral 8 -- 10 gelas setiap harinya.,0.99062579870224
"Panggonane sing apik ing cedak ndhuwur bukit, bisa ndhelok pemandangan kutha saka ndhuwur.","Tempatnya yang indah di dekat atas bukit, bisa lihat pemandangan kota dari atas.","Tempatnya yang indah di dekat puncak gunung, bisa melihat pemandangan kota dari atas.",0.9874457120895386
"Numpak grab, mase crita sing wingi kena balangan watu ing dalan.Juanda pas badha jebule anake kancane","Naik grab, abangnya cerita yang kemarin kena lemparan batu di jalan.Juanda saat lebaran ternyata anak temannya","Naik grab, maka cerita yang kemarin kena percakapan batu di jalan.Juanda saat akan menuju kejutnya temanannya",0.9257183074951172
Sakkelompok mahasiswa sing bodo. Syukur aku udu mahasiswa daerah kono. Isin woy.,Sekelompok mahasiswa yang bodoh. Syukur deh gue bukan mahasiswa daerah situ. Malu woy.,"Masing-masing mahasiswa yang bodo. Syukur saya bukan mahasiswa daerah sana. Malas manah.""",0.9264944791793823
"Restone apik lan gede. Wektu marang rene pas mangan siang lan dina minggu rame tenan pengunjung. Panganane enak enak, gurame goreng lan sambele mantep.","Restonya bagus dan besar. Waktu ke sini saat makan siang dan hari minggu ramai sekali pengunjung. Makanannya enak enak, gurame goreng dan sambalnya mantap.","Restannya bagus dan luas. Waktu ke sini makan siang dan hari minggu ramai sekali pengunjung. Makanannya enak enak, gurame goreng dan sambalnya mantap.""",0.9820252060890198
"Aku klebu salah siji wong sing cukup setia karo kampung daun kat awal bukak tahun 2003 lak ora salah, kualitas panganan awite eco, ket tambah rame lan tambah mrene, panganan sing dirumantekne ora koyo biasane lan arang kading sing ngelayani kesane cuek banget, awakdewe pesen rena-rena macem panganan nanging sing teko kondisine wis anyep lan ora sekeca blas, mung panggone sing apik.","Saya termasuk salah satu orang yang cukup setia dengan kampung daun dari awal buka di tahun 2003 kalau tidak salah, kualitas makanan awalnya oke, tapi semenjak makin ramai dan makin ke sini, makanan yang disajikan tidak seperti biasanya dan terkadang pelayan terkesan cuek sekali, kita mesan beberapa jenis makanan tapi yang datang sudah dengan kondisi dingin dan tidak menarik, tempat menarik.","Saya kecewa salah satu orang yang cukup setia dengan kampung daun sejak awal membuka tahun 2003 jika tidak salah, kualitas makanan baik, ket ditambah ramai dan lebih ke sini, makanan yang dihidangkan tidak seperti biasanya dan harga yang sangat menggoda saja, kami pesan berbagai macam makanan tetapi yang datang kondisinya sudah lembek dan tidak menyenangkan sama sekali, hanya tempat yang bagus.""",0.9251287579536438
Blanja ing Giant diskon 20% kanggo kartu kredit bca.,Belanja di Giant diskon 20% dengan kartu kredit bca.,Belanja di Giant diskon 20% untuk kartu kredit bca.,0.9915448427200317
"Mas, dalan ning muara bulian anyar, lagek sesasian dibenakne, uwis rusak maneh. Sing nggarap kaya ora tenanan","Kang, jalan di muara bulian baru, baru sebulanan dibenarkan, sudah rusak lagi. Yang mengerjakan seperti tidak serius","Kak, jalan di muara bulian baru, jarang sesainya dibintangkan, sudah rusak lagi. Yang mengerjakan seperti tidak benar.",0.9439657330513
"Pancen ora enak kejebak macet, nanging luwih ora enak meneh yen kejebak masa lalu","Memang enggak enak terjebak macet, tapi lebih tidak enak lagi kalau terjebak masa lalu","Memang tidak enak terjebak macet, tapi lebih tidak enak lagi kalau terjebak masa lalu",0.995250940322876
"Sumpah, nyesel tenan nggawe orderan via aplikasi iki. Bisa-bisane tiket ekektronike ora ditokake. Lan proses konfirmasine suwi. Sakdurunge uwis ngalami babagan sing meh pada ing aplikasi sebelah, nanging layanane cepet tenan langsung wenehi solusi. Ora kudu nganti telepon layanan pelanggan ping 4.","Sumpah, menyesal sekali bikin orderan via aplikasi ini. Bisa-bisanya e - ticket tidak issued. Dan proses konfirmnya lama. Sebelumnya pernah mengalami hal yang hampir sama di aplikasi sebelah, tetapi pelayanannya cepat sekali langsung kasih solusi. Tidak harus sampai telpon layanan pelanggan 4 kali.","Sumpah, menyesal sekali membuat orderan via aplikasi ini. Terkada mungkin tiket sulit didapatkan. Dan proses konfirmasi lama. Sebelum sudah mengalami hal yang sama di aplikasi sebelah, tapi layanan cepat sekali langsung memberikan solusi. Tidak perlu telepon layanan pelanggan nomor 4.""",0.9366254806518555
"Uwis aku kirim pesen langsunge, tulung ndang dicek","Sudah saya kirim pesan langsungnya, tolong segera dicek","Sudah saya kirim pesan lewat WhatsApp, tolong dong dicek.",0.9424095153808594
"Aku nglakoni 5 transaksi ning tanggal 22 juni, kabeh ditolak nyatane kesuda saka rekening sampek 7 yuta, saka 5 transaksi lagek 3 transaksi sing dibalekne.","Saya melakukan 5 transaksi pada tanggal 22 juni, smuanya decline nyatanya terdebit dari rekening hampir 7 juta, dari 5 transaksi baru 3 transaksi yang dikembalikan.","Saya melakukan 5 transaksi pada tanggal 22 juni, semuanya ditolak secara nyata hingga 7 juta, dari 5 transaksi berturut-turut 3 transaksi yang dibatalkan.",0.9173391461372375
Mayoritas sing nganggo hak pilih ing pemilihan gubernur uwis nentukake pilian.,Mayoritas pengguna hak pilih di pemilihan gubernur telah menentukan pilihan.,Mayoritas yang menggunakan hak pilih dalam pemilihan gubernur telah menentukan pilihan.,0.9767125844955444
Wis ngenteni jne tibake dee tekane sesuk. Aku pengen nesu,Sudah menunggu jne ternyata dia datangnya besok. Ingin aku marah,Sudah menunggu jne tiba nya sebenarnya pada besok. Saya ingin marah.,0.9220666885375977
"Spotify rumit, kudu nganggo administrasi wulanan mbarang","Spotify ribet, pakai ada administrasi bulanan segala","Spotify rumit, harus gunakan administrasi bulan penuh",0.9242690801620483
"Pengen mangan oreo wae ribet tenan, mesti diputer - dijilat - dicelupake","Mau makan oreo aja ribet banget sih, mesti diputer - dijilat - dicelupkan","Ingin makan oreo saja ribet sekali, pasti ditolak - dijilat - dicelupkan",0.947340726852417
"Ngapuro, udu mung nomerku sing kaya ngono, aku takon kabeh sing nganggo ing daerah kono, ngomongake babagan sing pada, isih uga ora gelem ngaku uga yen tenan sinyale sing elek","Maaf, bukan nomer saya saja yang begitu, saya tanya semua yang pakai di daerah situ, mengatakan hal yang sama, masih tidak mau ngaku juga kalau memang sinyalnya yang jelek","Pertanyaan, bukan hanya nomor saya yang seperti itu, saya meminta semua yang pakai di daerah tersebut, berbicara tentang yang pada, masih tidak mau tahu juga kalau benar-benar sinyal yang buruk",0.9316657781600952
"Kisaran siare tulung diambakake, amarga akeh daerah sing hurung isa nikmati siaran net. Matur suwun.","Jangkauan siarnya tolong diperluas, karena banyak daerah yang belum bisa menikmati siaran net. Terima kasih.","Perkiraan saya terlalu optimis, karena banyak daerah yang belum bisa menikmati siaran net. Terima kasih.",0.9442473649978638
"Kok isa ditokne bangunan ing dhuwur kali, ing dalan saka rumah sakit menyang pasar Ciroyom, aneh.","Kok bisa dibiarkan bangunan di atas sungai, di jalan dari rumah sakit menuju pasar Ciroyom, aneh.","Kok bisa ditembak bangunan di atas sungai, di jalan dari rumah sakit ke pasar Ciroyom, aneh.",0.9837328791618347
"Krungu lambe saka lambe soal restoran iki, saking penasaran, aku jajal marani. Nanging sayange, lak menurutku biasa ae, ora kaya sing diceritakne wong-wong. Rasane ya biasa-biasa ae, ora sumbut karo regane. Kaya masakan sing tas sinau.","Dengar dari mulut ke mulut tentang restoran ini, saking penasaran, saya coba untuk berkunjung. Tapi sayang, kalau menurut saya, tidak seperti apa yang banyak diceritakan orang. Rasanya biasa-biasanya saja, tidak sesuai saja dengan harganya. Seperti masakan yang baru belajar.","Mendengar katanya dari katanya tentang restoran ini, dari penasaran, saya coba kunjungi. Namun sayangnya, jika menurut saya biasa saja, tidak seperti yang diceritakan orang-orang. Rasanya ya biasa-biasa saja, tidak terlalu terpengaruh dengan harganya. Seperti masakan yang tas sedan.",0.9457912445068359
Iphone iki. Kamerane peteng wassalam elek banget ora isa diandalake banget yen males nggawa kamera.,Iphone ini. Kamera gelapnya wassalam jelek banget tidak bisa diandalkan banget kalau malas bawa kamera.,"""Iphone ini. Kamernya buruk. Tidak bisa diandalkan sekali kalau malas membawa kamera.""",0.934152364730835
"Yen ora nduwe dhuwit kanggo tuku komik nanging uga pengen jagongan, teka bae marang rene. Koleksi komike komplit. Panganan ombenae sabenere mung fasilitas tambahan, nanging cukup lumayan. Regane uga murah khas mahasiswa.","Kalau tidak punya uang buat beli komik tapi juga ingin nongkrong, datang saja ke sini. Koleksi komiknya lengkap. Makanan minumannya sebenrnya hanya fasilitas tambahan, tapi cukup lumayan. Harganya juga murah khas mahasiswa.","Jika tidak punya uang untuk membeli komik tapi juga ingin berjualan, datang saja ke sini. Koleksi komiknya lengkap. Makanan minumannya zwar masing-masing hanya fasilitas tambahan, tapi cukup lumayan. Harganya juga murah khas mahasiswa.""",0.9569464325904846
"Aduh pak kok seolah-olah manas-manasi kubu sisih seh? Ojo to pak, iku mengko deweke kabeh tambah cemburu, iren, pegel, nyinyir, mutung kayak bocah cilik, nesu-nesu ora jelas jluntrunge lan tambah bosok ae utek lan atine.","Aduh pak kok seolah-olah memanas - manasi kubu sebelah sih? Jangan dong pak, itu nanti mereka tambah cemburu, iri, dengki, nyinyir, ngambek kayak anak kecil, marah-marah tidak jelas juntrungannya dan makin busuk saja otak dan hatinya.","""Aduh pak sembarang kok seolah-olah manas-manasi pihak lawan eh? Jangan ток ya dikota itu semua makin cemburu, ireng, pegel, nyinyirin, muncing kayak anak kecil, nakal-nakal tidak jelas tingkamnya dan makin buruk saja makin besoknya",0.8996620178222656
"Rekomendasi bangetlah. Cappucinone ketagihan, rega miring, lan valet parkir mbayar sakikhlase. Teka pas arep maghrib mesti luwih seru suwasanane.","Rekomendasi bangetlah. Cappuccinonya ketagihan, harga miring, dan valet parkir bayar seikhlasnya. Datang pas menjelang maghrib pasti lebih seru suasananya.","Sangat rekomendasi. Cappucinonnya ketagihan, harga murah, dan valet parkir bayar selagi. Datang pas mau pulang kafka mesti lebih seru suasana.",0.9240376353263855
Oke bos masiyo hape ujug-ujug ngehank dewe sedina,"Oke bos, walau handphone tiba-tiba ngehank sendiri selama sehari",Oke bos meskipun hape tiba-tiba crash sendiri sehari penuh,0.9200302362442017
Panggonan mangan kanthi suasana alam iki paling pas kanggo acara karo pasangan utawa karo kaluwarga. Panganane enak lan regane uga cukup kajangkau,Tempat makan dengan suasana alam ini paling tepat untuk acara dengan pasangan atau dengan keluarga. Makanannya enak dan harga juga cukup terjangkau,Tempat makan dengan suasana alam ini paling pas untuk acara dengan pasangan atau dengan keluarga. Makanan enak dan harganya juga cukup terjangkau,0.989365816116333
Yakin kuwi ikhlas? Tulus? Kuwi udu pencintraan tok ya?,Yakin itu ikhlas? Tulus? Bukannya itu hanya pencitraan saja ya?,"Pastinya itu ikhlas? Tulus? Itu bukan cinta tok ya?""",0.9161977767944336
"Aku melu lomba blog cinta rupiah bank indonesia - net media lan uwis nyubmit artikel nang 22 desember 2017 kepungkur, nanging sampek saiki status artikelku isih unpublished. Nyuwun tulung dijelasne.","Saya mengikuuti lomba blog cinta rupiah bank indoneisa - net media dan sudah men - submit artikle pada 22 desember 2017 lalu, tapi sampai sekarang status artikel saya masih unpublished. Mohon penjelasannya.","Saya ikut lomba blog cinta rupiah bank indonesia - net media dan sudah submit artikel pada 22 december 2017 lalu, tapi sampai sekarang status artikel saya masih unpublished. Mohon tolong dijelaskan.",0.954017162322998
"Kafe iki nyediakne panganan tradisional bergaya kafe cah nom. Liyane panggon sing nyaman, rega kelebu mirah lan kejangkau","Kafe ini menyediakan makanan tradisional bergaya kafe anak muda. Selain tempat yang nyaman, harga terbilang murah dan terjangkau","Kafe ini menyediakan makanan tradisional bergaya kafe cah nom. Selain itu, tempat yang nyaman, harga terjangkau dan mudah diakses",0.9462208151817322
"Stasiun tv owol, ora konsisten, nguciwokake panyengkuyunge persib - persiba, ora ndhuwe welas asih marang manungsa! Owol, lan cupu!","Stasiun tv payah, tidak konsisten, mengecewakan pendukung persib - persiba, tidak berprikemanusiaan! Payah, dan cupu!","Stasiun tv owol, tidak konsisten, mengecewakan penontonnya persib - persiba, tidak punya jiwa kepada manusia! Owol, dan terasa hambar kepada manusia! Owol, dan terasa hambar kepada manusia!",0.9117751121520996
"Panggone nyaman lan kesane adem. Satene uga enak lan ana menu liyane maneh ning panggon iki, ora mung sate","Tempatnya nyaman dan berkesan adem. Satenya juga enak dan ada menu lainnya lagi di tempat ini, tidak hanya sate","Tempatnya nyaman dan suasananya sejuk. Satenya juga enak dan ada menu lain lagi di tempat ini, tidak hanya sate",0.9821746349334717
"Pemandangane apik kanggo foto-foto, hawane sejuk, panganane rasane enak. Rega uga kajangkau. Mantep.","Pemandangannya bagus untuk foto-foto, udaranya sejuk, makanannya rasanya enak. Harga juga terjangkau. Mantap.","Pemandangannya bagus untuk foto foto, udaranya sejuk, makanannya rasanya enak. Harga juga terjangkau. Mantap.""",0.9887007474899292
Adikku seneng banget brownis primarasa,Adikku sangat suka brownis primarasa,Adikku suka banget makan bubur pada pagi hari,0.8752369284629822
Akeh klambi lan celono sing didol ning matahari mal,Banyak baju dan celana yang dijual di matahari mal,Banyak baju dan celana yang dijemur di matahari mal,0.957464337348938
"Minimal internetku pedhot dumadakan, 1 omah nganggo simpati kabeh semono uga ora isa nyambung internet","Minimal internet saya putus tiba-tiba, 1 rumah pakai simpati semua begitu juga tidak bisa connect internet","""Minimal internet saya terganggu, 1 rumah menggunakan simpati semua juga tidak bisa conect internet""",0.9357770085334778
Kaskus pancen kerep menehi informasi sing menarik lan paling anyar,Kaskus memang sering memberikan informasi yang menarik dan terbaru,"""Kaskus memang sering memberikan informasi yang menarik dan ter最新",0.9481387734413147
"Aku paling ora seneng kuwi, yen nyepaki pemilu, suasane tansah panas.","Saya paling tidak suka itu, kalau mendekati pemilu, suasananya selalu memanas.","""Saya paling tidak senang itu, jika ikut pemilu, suasananya selalu panas.""",0.9611726403236389
"Lumayan nyesel karo kaputusan mlebu jurusan film, pengen mlebu seni rupa sakasline. Nanging ragu karo bakar sing didhuweni.","Agak menyesal dengan keputusan masuk jurusan film, ingin masuk seni rupa sebenarnya. Tapi ragu dengan bakat yang dimiliki.","Lumayan menyesal dengan keputusan masuk jurusan film, ingin masuk seni rupa sesungguhnya. Tapi ragu dengan membakar yang didekrike.",0.9459721446037292
"Rasa bumbu sega gorenge ora seenak mbiyen maneh, cemplang lan luwih asin. Kudu ana sing ngontrol kualitas rasa ben kualitas tetep siyaga.","Rasa bumbu nasi gorengnya tidak seenak dulu lagi, terkesan hambar dan lebih asin. Perlu ada pengontrol kualitas rasa agar kualitas tetap terjaga.","Rasa bumbu nasi goreng tidak selezar dulu lagi, selain dan lebih asin. Harus ada yang mengontrol kualitas rasa biar kualitas tetap bagus.""",0.9355731010437012
"Sesuai rekomendasi, aku njajal mie goreng spesial lan rasane menurutku biasa banget ae lan kurang cocok ning ilat","Sesuai rekomendasi, saya mencoba mie goreng special dan rasanya menurut saya sangat biasa saja dan kurang cocok di lidah","Menurut rekomendasi, saya coba mie goreng spesial dan rasanya menurut saya biasa saja dan kurang cocok di lidah""",0.974590003490448
"Baksone enak kanggo dipangan, panggonane resik penyajiane panganan bakso sek caraku beda. Enak banget deh","Baksonya enak buat di makan, tempat bersih penyajian makanan bakso yang menurut saya beda. Enak banget deh","""Baksinya enak untuk dimakan, tempatnya bersih penyajian makanannya bakso yang caraku berbeda. Enak banget deh""",0.9505949020385742
Pelakune aja diserahake karo pak polisi. Kubur urip-urip bae.,Pelakunya jangan diserahkan sama pak polisi. Kubur hidup-hidup saja.,Pelakunya jangan diserahkan kepada pak polisi. Masih hidup-hidup saja.,0.9688318371772766
"Nggelakne banget, aku pesen tiket lan uwis tak bayar, padahal wektu iku urung kadaluwarsa pas aku transfer, nanging nganti saiki urung dikeki kode bookinge, malah dikeki notifikasi uwis kadaluwarsa, banjur duwite mlayune neng ngendi, pas aku hubungi liwat email gur ditanggepi pisan wae.","Sangat mengecewakan, saya pesan tiket dan sudah saya bayar, padahal waktu itu belum kadaluarsa pas saya transfer, tapi sampai sekarang belum dikasih kode bookingnya, malah dikasih notifikasi sudah kadaluarsa, lalu uangnya larinya ke mana, pas saya hubungi lewat email hanya ditanggapi sekali saja.","Sangat mengecewakan, saya pesan tiket dan sudah bayar, namun pada saat itu belum kadaluwarsa saat saya transfer, tapi sampai sekarang belum sampai notifikasi kadaluwarsa, malah dikirima notifikasi notifikasi sudah kadaluwarsa, lalu saya hubungi lewat email lalu ditanggapi selalu saja wae.",0.9426892995834351
"Lho nemene jne! Aku nelpon ora diangkat, tweet ora dibales, email ora dibales, pesen ora dibales!","Loh parahnya jne! Saya nelepon tidak diangkat, tweet tidak dibalas, email tidak dibalas, pesan tidak dibalas!","""Lho nemaknya jne! Aku telepon tidak diangkat, tweet tidak dibalas, email tidak dibalas, pesan tidak dibalas!""",0.9621385335922241
"Gela rasane karo pelayanan sing diwenehi hotel bintang papat iki. Pas aku nginep ning hotel iku, aku entuk perlakuan kurang ngenakne saka pelayan sing ana. Ditambah maneh karo jeding e sing ora ana tisune. Padahal regane lumayan larang. Nanging ora sesuai karo pelayanan sing diwenehne.","Kecewa rasanya dengan pelayanan yang diberikan hotel bintang empat ini. Saat saya menginap di hotel itu, saya mendapat perlakuan kurang mengenakkan dari pelayan yang ada. Ditambah lagi dengan kamar mandi yang tidak ada tisunya. Padahal harganya lumayan mahal. Tapi tidak sesuai dengan pelayanan yang diberikan.","Kecewa banget dengan pelayanan yang diberikan hotel bintang patas ini. Saat saya menginap di hotel tersebut, saya mendapatkan perlakuan kurang menyenangkan dari pelayan yang ada. Ditambah lagi dengan jamanya yang tidak ada tisunya. Padahal harganya lumayan mahal. Tetapi tidak sesuai dengan pelayanan yang diberikan.",0.9761109948158264
"Saka mambengi kok ora iso dienggo, layanan indosat kok kaya ngene. Ndaftar extra 2 gb 10 ewu ora isa-isa, eman-eman pulsaku malah entek ora isa dienggo apa-apa.","Dari semalam kok tidak bisa dipakai, layanan indosat kok kayak gini. Daftar extra 2 gb 10 ribu tidak bisa-bisa, sia-sia pulsa saya malah habis tidak dipakai apa-apa.","Dari malam kok tidak bisa di pakai, layanan indosat kok kayak begitu. Tanggal kasih extra 2 gb 10 ribu tidak bisa-bisa, kacau satu dua pulsaku malah habis tidak bisa di pakai apa-apa.""",0.954988420009613
"Panggonane lumayan asik, parkiran kasusun rapi. Gabungan sing aneh nanging enak, steak dikancani mi tak tak pedes banget. Hm.","Tempatnya lumayan asik, parkiran di susun rapi. Perpaduan yang aneh tapi enak, steak ditemani mi tak tak super pedas. Hm.","Tempatnya cukup asik, parkiran terorganisir rapi. Gabungan yang aneh tapi enak, steak disertai mi ditanak kan ya cukup pedas. Hm.",0.9498350024223328
"Koyoke isuk iki macet banget yo, wis tur ning bis luwih saka sejam, nanging ora sampek-sapek yok an.","Kayaknya pagi ini macet banget ya, sudah tur di bus lebih dari sejam, tetapi tidak sampai-sampai juga.","Seharusnya pagi ini macet banget ya, sudah בטal naik bis lebih dari satu jam, tapi tidak sampai-sampai ya.""",0.9324600696563721
"Aku pegel kat februari ditelpon mben dina ditelpon saka mnc tv. Aku ora tau langganan, aku ping bolak-balik nglarifikasi.","Saya kesal sejak februari ditelpon tiap hari di telpon dari mnc tv. Saya tidak pernah langganan, saya puluhan kali klarifikasi.","Saya sakit berat pada februari dibarengi dengan telepon panggilan dari mnc tv. Saya tidak pernah berlangganan, saya pelak mata saya berkali-kali memeriksa.",0.9157522916793823
Kemeruh banget to kowe mat. Ora usah sok-sokan ngekeki ceramah barang. Ceramahmu iku sesat.,Sok tahu banget sih lu mat. Tidak usah sok-sokan beri ceramah segala. Ceramah kamu sesat.,Kelebihan sekali loe kamu mat. Tidak usah sok-sokan menggariskan ceramah barang. Ceramahmu itu salah.,0.927081286907196
Bakso nganggo ceker utawa sikil pithik yaiku sensasi sing enak tenan. Enak banget pokoke kajaba bakso isih akeh menu liyane. Pokoke dianjurake tenan,Bakso dengan ceker atau kaki ayam merupakan sensasi yang menakjubkan. Enak banget deh pokoknya selain bakso masih banyak menu yang lain. Pokoknya direkomendasikan banget deh,Bakso dengan ceker atau kaki ayam adalah sensasi yang enak sekali. Enak banget pokoknya. Selain itu di pakar tenan,0.9313479065895081
"Xiaomi, samsung, gumantung si kowe pengin tipe apa lan jumbuh biaya sing kowe duwe, takok-takok wae menyang panggonan sing dodol hpne","Xiaomi, samsung, tergantung sih kamu mau tipe apa dan sesuai biaya yang kamu punya, tanya-tanya aja ke tempat yang jual hpnya","""Xiaomi, samsung, bergantung si kamu ingin tipe apa dan berapa biaya yang kamu punya, tak usah berlebihan saja ke tempat yang menjual hpnya""",0.9277668595314026
"Panggon parkir kesempiten, sampek mobil kudu dititipne nyang lahan parkir sing ana ning sebrang hotel.","Tempat parkir terlalu sempit, sampai mobil harus dititipkan ke lahan parkir yang ada di sebrang hotel.","Tempat parkir terbatas, sehingga mobil harus ditinggal di lahan parkir yang ada di seberang hotel.",0.953234851360321
"Merga skate park iki diubengi panggon klumpukan sing asyik, aku rasane ora bakal isa krasa waleh.","Karena skate park ini dikelilingi tempat berkumpul yang asik, saya merasa tidak akan pernah merasa bosan.","Terkadang skate park ini didekline tempat keramaian yang asyik, gue sih rasanya enggak bakal bisa krasa bosan.""",0.9019211530685425
Aku uwis lapor marang email mandiricare.co.id,Saya sudah lapor ke email mandiricare.co.id,Saya sudah melaporkan ke email mandiricare.co.id,0.9674505591392517
Aku uwis ndhuwe kode akses lan pin.,Saya sudah punya kode akses dan pin.,"""Saya sudah punya kode akses dan pin.""",0.9617031216621399
"Asli tenan indihome nemen tenan saiki, apa gunane mbayar larang larang edan emosi tenan","Asli dah indihome parah banget dah sekarang, apa gunanya bayar mahal mahal gila emosi nih benar-benar","Asli benar indihome membuat malu sejati sekarang, apa gunanya bayar mahal mahal mahal emosi benar-benar",0.9372086524963379
"Dhewe sakaluwarga nyempetake kanggo njajal panganan ing panggonan mangane iki kaya susuh sing kabeh kaca-kacane ditutupi karo ranting-ranting sing ngerambat. Eksotik, unik, apik tenan lan panganane uga enak.","Kami sekeluarga menyempatkan diri mencoba makan di tempat makannya ini seperti sarang yang semua kaca-kacanya ditutupi oleh ranting-ranting yang merambat. Eksotik, unik, keren banget dan makanannya pun enak.","Kami sekeluarga memesan untuk mencoba makanan di tempat makan ini sebagai pengganti yang semua kaca-kaca nya dilapisi dengan ranting-ranting yang berjamur. Eksotis, unik, sangat bagus dan makanannya pun enak.""",0.946587860584259
Aku cemburu nanging ora isa apa-apa,Saya cemburu tapi tidak bisa apa-apa,Aku cemburu tapi tidak bisa berbuat apa-apa,0.9687350988388062
"Rega ora patia larang, rasane uga enak, akeh pilian panganan khas Banjar liyane.","Harga tidak terlalu mahal, rasanya juga enak, banyak pilihan makanan khas Banjar lainnya. ","Harga tidak terlalu mahal, rasanya juga enak, banyak pilihan makanan khas Banjar lainnya.",1.0
Segel rapi sanajan kotak setithik peyot,Segel rapi walau kotak sedikit penyok,"""Segal atau tidak setimlah""",0.8093485236167908
Sopir gocar teka saka luwar kutha nyang jakarta dinggo golek penumpang ben entuk poin.,Supir gocar datang dari luar kota ke jakarta untuk mencari penumpang demi dapatkan poin.,Driver gocar datang dari luar kota ke jakarta untuk mencari penumpang agar mendapat poin.,0.9779777526855469
Ning kene isa metik stroberi dewe lan langsung dibayar lak pas gedhi-gedhi buahe lumayan uga legi stroberine lan ada kulinere pisan isa mangan sing liyane ning kene,Di sini bisa petik stroberi sendiri dan langsung dibayar kalau lagi besar besar buahnya lumayan juga manis stroberinya dan ada kuliner juga bisa makan yang lain di sini,"Di sini bisa memetik stroberi sendiri dan langsung dibayar kalau pas musimnya. ""Pertama-pertama buahnya lumayan juga manisnya lumayan juga leganya stroberinya dan ada makanannya pula sewaktu makan yang lain di sini",0.9303329586982727
"Lagek wae mau teka barange, apik kok","Baru saja tadi sampai barangnya, bagus kok","Mau datangnya sudah makin jarang, sepertinya",0.853836715221405
Bosen banget ndhelok sampah ing dalan kutha palangkaraya,Bosan banget melihat sampah di ruas jalan kota palangkaraya,Bosan sekali melihat sampah di jalan kota palangkaaya,0.9728565812110901
Lokasi restoran ing Kemang. Larang lan ora enak. Aja mara mrana deh.,Lokasi restoran di Kemang. Mahal dan tidak enak. Jangan ke situ deh.,"""Lokasi restoran di Kemang. Mahal dan tidak enak. Jangan ke sana lagi.""",0.9532744288444519
Rasa nikmat dipadu karo sambele. Daginge empuk. Rega jumbuh karo sing disajikne. Lokasi gampang ditemokne. Sip pokoke.,Rasa nikmat dipadu dengan sambelnya. Daging empuk. Harga sesuai dengan yang disajikan. Lokasi mudah ditemukan. Sip pokoknya.,"""Rasa nikmat ditemani sambal. Dagingnya empuk. Harga segar dengan yang disajikan. Lokasi mudah ditemui. Sip pokoke.""",0.9466923475265503
Bubur Ahong iki enak dipangan pas mangan wengi. Akeh menu liane sing isa dinikmati liyane bubur. Omah mangan iki rame diparani lan lumayan amba. Bubure uga enak.,Bubur Ahong ini enak dimakan saat makan malam. Banyak menu lainnya yang dapat dinikmati selain bubur. Rumah makan ini ramai dikunjungi dan cukup luas. Buburnya juga enak.,Bubur Ahong ini enak dicoba saat makan malam. Banyak menu lain yang bisa dinikmati selain bubur. Rumah makan ini ramai dijadikan dan agak luas. Buburnya juga enak.,0.9866681694984436
"Aku marang kene karo pacar, panggonane lumayan amba lan ana area indoor karo ing njabane. Aku njagong ing panggonan indoor sing ana pemandangan marang arah njaba, dadi ana jendela kace. kanggo panganane aku cukup puas. Saka sisi rega tenan padha karo apa sing ditawakake","Saya ke sini sama pacar, tempatnya cukup luas dan ada area indoor sama di luarnya. Saya duduk di tempat indoor yang ada pemandangan ke arah luar, jadi ada jendela kaca. untuk makanan saya cukup puas. Dari sisi harga memang sebanding dengan apa yang ditawarkan","Saya ke sini dengan pacar, tempatnya lumayan luas dan ada area indoor dengan di luar. Saya duduk di tempat indoor yang ada jendela kaca. Untuk makanannya saya cukup puas. Dari sisi harga sangat sejalan dengan apa yang ditawarkan",0.9715057015419006
Milih gubernur utawa ora yaiku pilian saban uwong.,Memilih gubernur atau tidak adalah pilihan setiap orang.,"""Pilih gubernur atau tidak adalah pilihan setiap orang.""",0.9617196917533875
Rasa uwis malih ora kaya mbiyen. Kesane anyep. Kudu ditingkatake cita rasane. Kanggo menu ombean minim banget mung ana soft drink,Rasa sudah berubah tidak seperti dulu. Terkesan hambar. Harus di tingkatkan cita rasanya. Untuk menu minuman sangat minim hanya ada soft drink,"""Rasa sudah balik tapi tidak seperti dulu. Kesannya hangat. Harus ditingkatkan cita rasa. Untuk menu minuman minim sekali hanya ada soft drink""",0.936265766620636
Sanadyan saiki regane uwes mlonjak munggah nanging percayao yen pesen sega padang bungkus ing singgalang jaya porsine badai tenaaan. Nganti saiki panggonan iki isih dadi salah siji panggonan nikmati masakan padang favoritku.,Meskipun sekarang harganya sudah melonjak naik tapi percayalah kalau pesan nasi padang bungkus di singgalang jaya porsinya badai abiiis. Sampai sekarang tempat ini masih menjadi salah satu tempat menikmati masakan padang favorit saya.,Apesar sekarang harganya udah menjulang tinggi tapi percayaah kalau pesan nasi padang bungkus di yang besar jaya porsinya badai benar-benar. Sampai sekarang tempat ini masih tetap satuan tempat menikmati masakan padang favorit saya.,0.9456764459609985
"Bebeke enak, alus, sambele enak. Panggone resik lan lumayan oke.","Bebeknya enak, lembut, sambelnya enak. Tempat bersih dan lumayan oke.","Bebeknya enak, halus, sambalnya enak. Tempatnya bersih dan cukup oke.",0.9840966463088989
"Manggon ana ing festival city link mal, resto iki nyajikake panganan cina panganan a la carte lan dimsum. Rasa panganane oke, panggonan uga cukup amba lan akeh keluwarga mangan ana ing kene. Favorite dhewe urang mayonaise.","Terletak di festival city link mal, resto ini menyajikan makanan cina makanan a la carte dan dimsum. Rasa makanan cukup oke, tempat cukup luas juga dan banyak keluarga bersantap di sini. Favorit kami udang mayonaise.","Lokasi berada di festival city link mal, resto ini menyajikan makanan china makanan a la carte dan dimsum. Rasa makanan ok, tempatnya juga cukup luas dan banyak keluarga makan di sini. Favorite kami tiram mayonaise.",0.9670044779777527
Panganan ing rumah sakit tansah ora enak,Makanan di rumah sakit selalu tidak enak,"Makanan di rumah sakit selalu tidak enak""",0.9819154143333435
"Lak mrene wajib banget tuku terong gorenge, panggone uga enak ana sing lesehan, ngindari jam mangan awan lak sir mrene merga kebeg banget","Kalau ke sini wajib banget beli terong gorengnya, tempatnya juga enak ada yang lesehan, hindari jam makan siang kalau mau ke sini karena penuh banget","Kalau ke sini wajib banget beli terong gorengnya, tempatnya pun enak ada yang satay, menghindari jam makan siang kalau mau ke sini karena penuh banget",0.9760787487030029
"Panggone cukup nyaman, ana ning dalan sudirman sing cedek karo pilihan panggen belonjo, lan restone cukup cedek karo panggen iku. Panganane enak, pilihane akeh dadi ora tek malehi. Panggone uga nyaman","Letaknya cukup nyaman, ada di jalan sudirman yang dekat dengan pilihan tempat belanja, dari resto pun cukup dekat ke tempat tersebut. Makanannya enak, pilihannya banyak jadi tidak terlalu membosankan. Tempatnya juga nyaman","Tempatnya cukup nyaman, berada di jalan sudirman yang dekat dengan pilihan tempat duduk, dan restonya cukup dekat dengan pilihan tersebut. Makanannya enak, pilihan juga banyak jadi tidak kekurangan. Tempatnya juga nyaman",0.9609561562538147
Resto iki duwe menu sing aneka werna nanging kakean menu China lan halal. Mi ayam jamur lan sega hainane sedep lan direkomendasikake. Bebeke uga enak. Resto iki saiki duwe cabang ing Istana Plaza.,Resto ini punya menu yang beragam tetapi kebanyakan menu China dan halal. Mi ayam jamur dan nasi hainannya sedap dan direkomendasikan. Bebeknya juga enak. Resto ini sekarang punya cabang di Istana Plaza.,"Resto ini memiliki menu yang beragam tetapi kebanyakan menu China dan halal. Mi ayam jamur dan nasi hainannya sedap dan direkomendasikan. Bebeknya juga enak. Resto ini sekarang memiliki cabang di Istana Plaza.""",0.9944785833358765
Mampir marang bandung. Nggolek ramen. Sing jarene saiki kekinian. Regane setimpal padha karo rasane. Yen marang bandung maneh mesti mampir maneh.,Mampir ke bandung. Mencari ramen. Yang katanya lagi kekinian. Harganya setimpal sesuai dengan rasanya. Kalau ke bandung lagi pasti mampir lagi.,Mampir ke bandung. Mencari ramen. Yang katanya sekarang kekinian. Harganya setimpal sama dengan rasanya. Kalau ke bandung lagi pasti mampir lagi.,0.9889925718307495
"Yen ana sing salah karo tindak tanduke aku entuk kok ngomong langsung karo aku, aja ngomong ing mburi. Ora asik kaya ngono. Pengecut!","Kalau ada yang salah dengan tingkah laku aku boleh kok bicara langsung ke aku, jangan bicara di belakang. Tidak asik kayak begitu. Pengecut!","""Kalau ada yang salah dengan tingkah laku saya dapat kok berbicara langsung dengan saya, jangan berbicara di belakang. Tidak asyik begitu. Pengecut!""",0.9639871716499329
Tolong konfirmasi kanggo pangiriman ing alamat panampa sing dileksanakake dina iki utawa dina ngesok mas suwun,Mohon konfirmasi untuk pengiriman ke alamat penerima akan dilakukan hari ini atau esok hari kak terima kasih,"""Tolong konfirmasi untuk pengiriman di alamat penerima yang ditentukan hari ini atau hari esok terima kasih""",0.9200122356414795
Panggen parkire kurang amba. Lan nganyelne banget lak pas awakdewe mangan terus dikongkon ngge mindahne mobil merga ana wong liya sing bar mangan lan arepe metu kendaraane. Iku ngganggu banget.,Tempat parkirnya kurang luas. Dan menyebalkan banget kalau pada saat kita makan kemudian disuruh untuk memindahkan mobil karena ada orang lain yang selesai makan dan akan keluar kendaraannya. Itu sangat mengganggu.,"Tempat parkirnya kurang luas. Dan sangat menyebalkan apabila saat kami makan terus dikongksi mengantarkan mobil karena ada orang lain yang sedang makan dan mau keluar kendaraannya. Ini sangat menggangu.""",0.9499266147613525
"Ya ngono sih, kesadharan tanggung jawab mahasiswa saiki kuwi kurang tenan. Akeh-akehe ora tanggung jawab kanthi apa sing uwis dadi tugase.","Ya gitu sih, kesadaran akan tanggung jawab mahasiswa sekarang itu kurang sekali. Kebanyakan tidak bertanggung jawab dengan apa yang sudah jadi tugasnya.","Ya begitu sih, terlepas dari tanggung jawab mahasiswa sekarang itu kurang nyata. Banyaknya tidak tanggung jawab dengan apa yang sudah menjadi tugasnya.",0.9574965834617615
"Sega uduk iki ana ing dalan rajiman lan bukake saka sore nganti mbengi. Menune si cukup sederhana, mung sega uduk lan aneka warna pelengkape. Biasane aku mangan sega udu karo pithik goreng lan sambel, sambele ora patia pedes.","Nasi uduk ini ada di jalan rajiman dan bukanya dari sore sampai malam. Menunya sih cukup sederhana, hanya nasi uduk dan berbagai pelengkapnya. Biasanya saya makan nasi uduk sama ayam goreng dan sambal, sambalnya tidak terlalu pedas.","""Susah bukan? Di jalan raymin dan bukuannya dari sore hingga malam. Menunya si cukup sederhana, cuma nasi uduk dan berbagai macam pelengkapnya. Biasanya saya makan nasi daun dengan ayam goreng dan sambal, sambalnya tidak terlalu pedas.""",0.9468759894371033
Ngomong-ngomong indomie pisanan ning 2018 ku mambengi tibake enak,Anw indomie pertama di 2018 ku semalam ternyata nikmat,Membicarakan indomie order di 2018 keh ternyata enak,0.8804938197135925
"Saksitike kertu internetku ora kenek digawe padahal kuota lokal e isik, aku manggon ning panggonan sing aktivasi lan kertune uga wis didaftarne.","Minimal kartu internet saya tidak dapat digunakan padahal kuota lokal masih, saya berada di lokasi aktivasi dan kartu juga sudah registrasi","Hidupku internet saya tidak boleh pakai sementara kuota lokalnya habis, saya tinggal di tempat yang sibuk dan juga tarifnya sudah terdaftar.",0.9151356816291809
Hypermart saiki ngenehi diskon 20% kanggo produk seger saben dina senen - kemis kanthi mandiri kartu hypermart,Hypermart sedang memberikan diskon 20% untuk produk segar setiap hari senin - kamis dengan mandiri kartu hypermart,Hypermart sekarang memberikan diskon 20% untuk produk segar setiap hari senen - kemis dengan mandiri kartu hypermart,0.9581095576286316
Pengen nesu wae aku karo indosat,Mau marah saja aku sama indosat,Ingin marah saja saya dengan indosat,0.9207949638366699
Karo ngenteni wektu ganti tahun dhewe njajal marang rene. Dhewe wong loro pesen pirang-pirang sushi. Ombeane milktea karo es krim vanilla nganggo batok krambil. Kanggo sushine lumayan nanging kakehan segane kayane. Nanging rasane enak. Regane kajangkau.,Sambil menunggu waktu pergantian tahun kita coba ke sini. Kita berdua pesan beberapa sushi. Minumannya milktea sama eskrim vanilla dengan batok kelapa. Untuk sushinya lumayan tapi kebanyakan nasinya sepertinya. Tetapi rasanya enak. Harganya terjangkau.,"""Kami menunggu waktu ganti tahun baru kami mencoba ke sini. Kami dua pesan beberapa sushi. Minumannya milktea dengan es krim vanilla menggunakan batang pisang. Untuk sushi cukup lumayan tetapi terlalu banyak segaranya kayaknya. Tetapi rasanya enak. Harganya terjangkau.""",0.9463515877723694
"Endi laporanku ora diproses-proses. Magu duitku ora bakal dibalikne, padahal pulsa lan kuotaku ilang.","Mana laporan aku tidak diproses-proses. Ragu duit aku akan dikembalikan, padahal pulsa dan kuota aku hilang.","Ini laporan saya tidak diproses-proses. Baru saja habis duit saya tidak akan dibalikkan, padahal pulsa dan kuota saya hilang.""",0.9528324007987976
"Dhewe kuciwa tenan karo pelayanan karyawan lion ing gate a6 bandar udara cengkareng. Aku diapusi, barang rusak lan reged satibane ing tujuan.","Kami sangat kecewa dengan pelayanan karyawan lion di gate a6 bandar udara cengkareng. Saya dibohongi, barang rusak dan kotor tiba tujuan.","Kami sangat kecewa dengan pelayanan karyawan lion di gate a6 bandar udara cengkrang. Saya diintimidasi, barang rusak dan kotor satebaliknya di tujuan.""",0.9594694972038269
Sing paling nguciwakake yaiku nalika pimpinan ora isa mbedakake lan ora gelem ngerti endi negarawan lan endi politisi kotor,Yang paling mengecewakan adalah ketika pemimpin tak bisa bedakan dan tak mau tahu mana negarawan dan mana politisi kotor,Yang paling mengecewakan adalah ketika pemimpin tidak bisa beda dan tidak mau mendengar pendapat masyarakat dan pendapat politisi kotor,0.9518565535545349
"Bubur iwak pitik sing lumayan rekomendasi ning sekitaran bandung, panggone strategis gampang digoleki, regane ora ngrogoh sak, panggone mesti rame diparani pengunjung mben dina nyambut gawe lan akhir minggu merga rasane sing enak.","Bubur ayam yang lumayan rekomendasi di sekitaran bandung, tempatnya strategis mudah dicari, harganya tidak merogoh kantong, tempatnya selalu ramai didatangi pengunjung setiap hari kerja maupun akhir pekan karena rasanya yang enak.","Bubur ayam yang lumayan rekomendasi di sekitaran bandung, tempatnya strategis mudah dijangkau, harganya tidak mencolok sebagus, tempatnya memang ramai dipenuhi pengunjung baik di hari kerja dan akhir minggu karena rasanya yang lezat.",0.9511549472808838
"Teka ing panggonan iki kanggo ngaso sakbanjure sayah macet ing lelungan, panganane oke, nanging jajan-jajane mantep, dadi kabayarake.","Mengunjungi tempat ini untuk istirahat setelah cape macet di perjalanan, makanan oke, tapi kue-kuenya mantap, jadi terbayarkan.","Teka di tempat ini untuk beristirahatkan setelah bekerja siang, makanannya oke, tapi jajanan-ajatannya mantap, jadi terbayar.",0.9285088777542114
"Terus aku sia-sia no nganyari nomer hape paling anyar nyang pelayanan pelanggan cabang bni lak data ning bni isik nomer hape lawas, piye seh pelayanane!","Lalu saya percuma dong update nomor telepon genggam terbaru ke pelayanan pelanggan cab bni kalau data di bni masih nomor handphone lama, bagaimana sih pelayanannya!","Terus saya sia-sia hanya mengeluh nomor hape terbaru ke pelayanan pelanggan cabang bni kalau data di bni masih nomor hape lama, bagaimana lagi pelayanannya!""",0.9232938885688782
"Aku wis kerep mara nikmati panganan ning roemah nenek. Aku seneng karo kahanane sing nyaman dinggo mangan bareng keluarga. Ning dina-dina tertentu ana tontonan musik langsung. Panganane uga nduwe pilian sing rena-rena saka tradisional, asia, sampek panganan kidulan","Saya sudah sering kali datang menikmati makanan di roemah nenek. Saya suka dengan suasananya yang nyaman untuk makan bersama keluarga. Di hari-hari tertentu ada hiburan live musik. Makanannya pun punya pilihan yang beragam dari yang tradisional, asia, sampai makanan barat","Saya sudah sering mara menikmati makanan di roemah nenek. Saya suka dengan suasana yang nyaman untuk berkumpul bersama keluarga. Dan hari-hari tertentu ada pertunjukan musik langsung. Makanannya juga memiliki pilihan yang beragam dari tradisional, asia, sampai makanan khas""",0.9682171940803528
"Akeh wong sing ora seneng nggo berobat nyang dokter. Ora mung kerna mbayare sing relatif lumayan larang dingge separone wong, nyang dokter ora selawase isa marekne. Akeh dokter sing salah diagnosis. Apa penting utawa wis lumrah, toh dokter uga manungsa.","Banyak orang yang kurang suka untuk berobat ke dokter. Selain biaya yang relatif cukup mahal bagi sebagian orang, ke dokter tak selamanya bisa menyembuhkan. Banyak dokter yang salah diagnosa. Pentingkah ataukah sudah lumrah, toh dokter juga manusia.","Banyak orang yang tidak suka pergi ke dokter. Tidak hanya karena bayarnya yang relatif lumayan mahal untuk sepasang orang, ke dokter tidak hanya bisa kunjungan. Banyak dokter yang salah diagnosis. Apa penting atau sudah terlambat, ke dokter tidak sekadar bisa kunjungi. Banyak dokter yang salah diagnosis. Apa penting atau sudah terlambat, ke dokter tidak sekadar bisa kunjungi.",0.9112445116043091
"Pelayanane apik, panggen parkir lumayan amba, kebon stroberi amba lan akeh stroberi sing wis cukup abang nggo dipethil. Panganan ning restoran rena-rena banget, rasane enak, sambel stroberine unik lan enak. Sega liwet stroberi kudu dijajal. Sejauh iki kabeh menu sing tak pangan ora ana sing nggarai gela rekomendasi banget dinggo dolane keluarga","Pelayanan baik, tempat parkir cukup luas, kebun stroberi luas dan banyak stroberi yang sudah cukup merah untuk dipetik. Makanan direstoran sangat beragam, rasanya enak, sambal stroberinya unik dan enak. Nasi liwet stroberi harus dicoba. Sejauh ini semua menu yang saya makan tidak ada yang mengecewakan sangat rekomendasi untuk wisata keluarga","Pelayanan bagus, parkir cukup luas, kebun stroberi luas dan banyak stroberi yang sudah cukup merah untuk dihaluskan. Makanan di restoran sangat beragam, rasanya enak, sambal stroberinya unik dan enak. Segarlah stroberi harus diuji. Selama ini semua menu yang saya makan tidak ada yang mengecewakan rekomendasi banget buat kunjungan keluarga",0.9631736874580383
"Demi apa wae tes cpns marakna macet, sialannnnnnn","Demi apa pun tes cpns bikin macet, sialannnnnnn","Demi apa saja tes cpns kemanapun macet, sialannnnnn",0.9505786895751953
"Ngenteni panganan suwi banget, pelayane galak, pas mangan pas kuwi aku pesen pizza tekone eh gosong nganti kasire pas aku mbayar ora ngguyu, pelayanane payah.","Menunggu makanannya lama banget, waitressnya galak, pas makanannya saat itu saya pesan pizza datang eh gosong sampai kasirnya pun pas saya bayar tidak senyum, pelayanannya payah.","Menunggu makanan lama sekali, pelayannya kasar, saat makan itu saya pesan pizza тёknya eh gosong sampai kasirnya saat saya bayar tidak menyenangkan, pelayanannya payah.",0.9412884712219238
