javanese,ground_truth,generated
"Cepak saka hotelku nginep, namung digawa mlaku, ing kene akeh tenan pilian panganane, panggonane sing amba, lan nyenengake","Dekat dengan hotel saya menginap, hanya ditempuh jalan kaki, di sini banyak sekali pilihan makanannya, tempat yang luas, dan menyenangkan","Masuk ke hotel saya menginap, tetapi disuruh jalan kaki, di sini banyak sekali pilihan makanannya, suasana yang sejuk, dan menyenangkan"
"Iya bener, deknen lagi jaga warung.","Iya benar, dia sedang jaga warung.","""Iya benar, dia lagi jaga warung."""
Kangkunge lumayan nanging yuyu saus padange nguciwakake dhewe dikei yuyu sing kopong akhir dhewe ora mangan yuyune lan dibalekake.,Kangkungnya lumayan tapi kepiting saus padangnya mengecewakan kami dikasih kepiting yang kopong akhir kami tidak makan keptingnya dan dikembalikan.,Kangkungnya lumayan tapi udang saus padang mengecewakan kami diberi udang yang kosong di akhir kami tidak makan udangnya dan dikembalikan.
"Manggon nang braga city walk sing sak gedung karo aston lan fave hotel, panggon iki nyaman banget dinggo nyangkruk-nyrangkruk. Kopi campur teh sing anyar lagek pisan iki aku njajal tibake enak banget, dipadu karo endog setengah mateng dadi kanca jagongan karo kanca-kanca. Panggon sing bebas rokokan tambah nyenengne karo nikmati pemandangan wira-wiri wong-wong sing mlebu metu mal iki.","Bertempat di braga city walk yang satu gedung dengan aston dan fave hotel, tempat ini sangat nyaman buat kongkow-kongkow. Kopi campur teh yang baru pertama kali saya nikmati ternyata sangat enak, dipadu dengan telur setengah matang menjadi pendamping mengobrol bersama teman-teman. Area yang bebas merokok semakin mengasyikkan sambil menikmati pemandangan lalu lalang orang-orang yang keluar masuk mal ini.","""Tempat duduk di braga city walk yang berhadapan dengan aston dan fave hotel, tempat ini sangat nyaman untuk bersantai. Kopi campur teh yang baru saja saya coba ternyata sangat lezat, dipadukan dengan telur setengah matang sehingga menemanilah obrolan bersama teman-teman. Tempat bebas rokok menambah kesenangan sambil menikmati pemandangan orang-orang yang masuk ke dalam mal ini."""
"Gianyar nompo bantuan sosial 2018 gedene rp 44, 9 milyat","Gianyar terima bantuan sosial 2018 sebesar rp 44, 9 miliar","Gianyar terima bantuan sosial 2018 sebesar rp 44, 9 milyat"
Iki salah siji conto generasi sing ora kangge. Ora malah migunani dinggo bangsa nanging malah dadi sesuatu sing mbahayani dinggo bangsa! Mantep jeraten ae nggawe uu ite,Ini salah satu contoh generasi yang tidak berguna. Bukan malah bermanfaat untuk bangsa tapi malah jadi sesuatu yang berbahaya bagi bangsa! Mantap jerat saja pakai uu ite,"""Ini salah satu contoh generasi yang salah. Daripada memajukan bangsa malah menjadi sesuatu yang memusnahkan bangsa! Hebat sekali dong buat uu itu"""
"Sore konco, wektu iki lagi dilakokne pemeliharaan dadi aplikasi ora isa diakses.","Sore sahabat, saat ini sedang dilakukan pemeliharaan sehingga aplikasi tidak dapat diakses.","""Siang teman, kali ini sedang dilakukan pemeliharaan sehingga aplikasi tidak bisa diakses."""
Tenan ringkih dhewe iki aku uga jiden saktenane,Memang lemah kita ini aku juga penakut sebenarnya,Jangan percaya diri anda juga saya kemarin baru belajar
"Terakhir nyang hanamasa regane 120 ewu / wong. Nanging puase luwih saka iku. Isa njupuk panganan sakpuase, nanging rasa ora nggelakne, pinter-pintere awakdewe ae ngeracik dewe. Lak penggemar daging sapi mesti seneng mrene","Terakhir ke hanamasa harganya 120 ribu / orang. Tapi puasnya lebih dari itu. Bisa ambil makanan sepuasnya, tapi rasa tidak mengecewakan, pintar-pintar kita saja meracik sendiri. Kalau penggemar daging sapi pasti suka ke sini","""Terakhir yang dihitung harganya 120 ribu / orang. Namun puas lebih dari itu. Bisa pilih makanan sesuai puas, tapi rasa tidak mengecewakan, sendiri-sendiri saja kita mencicipi. Kalau penggemar daging sapi pasti suka di sini"""
"Kanggo menyang ing the peak mesthi wae karasa adoh banget saka pusat kutha bandung, lan aksese sing lumayan mbingungake lan dalan cilike mbelak-mbelok. Nanging kowe bisa ora bakal kesasar amarga meh ing saben enggokan ana tanda marang ing the peak. Panggonane apik banget kanggo kowe sing nggolek suasana mbengi romantis, kanthi pemandangan mbengi kutha sing apik tenan.","Untuk menuju ke the peak memang terasa sangat jauh dari pusat kota bandung, dan aksesnya yang agak membingungkan dan jalan kecil berkelok-kelok. Namun anda mungkin tidak akan tersesat karena hampir di tiap belokan ada signage menuju ke the peak. Tempatnya sangat bagus untuk anda yang mencari suasana malam romantis, dengan pemandangan malam kota yang menakjubkan.","""Untuk ke the peak harusnya saja jangan terlalu jauh dari pusat kota bandung, dan akses yang agak membingungkan dan jalan sedikit berkelok. Tetapi anda tidak akan bisa tersesat karena di setiap tikungan ada tanda menuju the peak. Tempatnya cantik sekali untuk anda yang mencari suasana malam romantis, dengan pemandangan malam kota yang sangat cantik."""
Kebon raya bogor isa didadekne salah siji tujuan destinasi wisata,Kebun raya bogor bisa dijadikan salah satu tujuan destinasi wisata,Kebun raya bogor dapat didatangi sebagai salah satu destinasi wisata
"The peak panggone ning cedeke lembang, waratan duwur ning bandung sing adem lan panggone sing apik banget nanging dalan ngge moro panggonan iki kelok-kelok banget lan tikungan landep lan curam, ora disarane dingge motoran pas udan-udan lan wengi. Ning the peak ana nggen mangan sing pemandangane kutha bandung sing indah saka nggunung, rega panganane sing larang banget lan ora sumbut.","The peak berlokasi di dekat lembang, dataran tinggi di bandung yang sejuk dan lokasi yang sangat baik namun jalan untuk mencapai tempat ini sangat berkelok disertai tikungan tajam nan curam, tidak disarankan untuk berkendara saat hujan dan malam hari. Di the peak terdapat restoran dengan pemandangan kota bandung yang indah dari perbukitan, harga makanan yang sangat mahal dan sangat tidak sesuai.","""The peak berada di ketinggian di atas lembang, jauh di tuh di bandung yang sejuk dan tempat yang sangat indah dari atas gunung, harga makanan yang sangat mahal dan tidak sesuai."""
Aku kapok nganggo jasa lion air,Saya kapok menggunakan jasa lion air,"""Saya kapok pakai jasa lion air"""
Akeh bab sing isa dhewe tindakake kanggo ngisi wektu luwang.,Banyak hal yang dapat kita lakukan untuk mengisi waktu luang.,Banyak hal yang bisa kita lakukan untuk mengisi waktu luang.
Saya apatis ngelaporake bab-bab kaya iki. Amarga nganti minggu wingi isih tetep hurung digarap. Mung janji-janji terus.,Semakin apatis melaporkan hal-hal seperti ini. Karena sampai minggu lalu masih tetap belum dikerjakan. Hanya janji-janji terus.,"""Saya apatis melaporkan hal-hal seperti ini. Karena sampai minggu ini masih tetap belum digarap. Hanya janji-janji terus."""
Rega dhuwur banget porsi sithik banget ora janji maneh aku teko kanggo kepindho. Panganane ora beda adoh karo emakku dong!,Harga selangit porsi seiprit tidak janji lagi saya datang untuk yang kedua kali. Masakannya tidak beda jauh sama ema saya dong!,"Harga mahal banget porsi amat amat tidak ada janji lagi saya ke buat kepindho. Makanan tidak beda jauh sama ibu saya dong!"""
"Anyar lan kashediya, 5 sekat mangan awan kotak kotak mangan yooyee kotak bekal anti bocor 590","Baru dan tersedia, 5 sekat makan siang kotak kotak makan yooyee kotak bekal anti bocor 590","Baru dan berkualitas, 5 segitiga makan siang kotak kotak makan yooyee kotak bekal anti bocor 590"""
"Ora ngerti ya kenangapa resto iki manggoni ranking 12 saka 1800an resto sing ana ing jakarta. Regane larang! Panggonane ndhelik, lan rasa panganane biasa bae. Aja percaya banget karo review sing nyesatake.","Tidak mengerti ya kenapa resto ini menduduki peringkat 12 dari 1800an resto yang ada di jakarta. Harga mahal! Lokasi tersembunyi, dan rasa makanan biasa saja. Jangan terlalu percaya sama review yang menyesatkanlah.","""Tidak mengerti ya kenapa resto ini dikasih ranking 12 dari 1800an resto yang ada di jakarta. Harga mahal! Tempatnya agak sempit, dan rasa makanannya biasa saja. Jangan percaya banget sama review yang menyesatkan."""
Bledosan ning aksi protes ning afghanistan mateni wong 68,Ledakan dalam aksi protes di afghanistan tewaskan 68 orang,Tiga orang tewas dalam aksi protes di afghanistan
"Aku teka marang restoran kuwi bareng karo kancaku. Kancaku kakehan kaget ndhelok pemandangane sing apik tenan ing mbengi. Aku ndhuweni kasempatan njajal stik impore, enak tenan apa maneh sause. Mmm yummi. Yen ana kasempatan aku pengen teka maneh marang kana.","Saya berkunjung ke restoran itu bersama dengan teman saya. Teman saya kebanyakan terkejut melihat pemandangannya yang sangat indah di malam hari. Saya berkesempatan mencoba steak impornya, sangat enak apalagi sausnya. Mmm yummi. Kalau ada kesempatan saya ingin berkunjung lagi ke sana.","""Saya ke restoran itu bersama teman saya. Teman saya sangat terkejut melihat pemandangan yang indah sekali di malam hari. Saya tidak pernah berkesempatan mencoba steak importnya, enak sekali apa lagi sausnya. Mmm yummi. Kalau ada kesempatan saya ingin kembali ke sana."""
Akses menyang dusun bambu isa ditekani kira-kira ing wektu 1 - 2 jam nganggo mobil pribadi. Mara menyang dusun bambu diusahakake pas wektu wengi amarga awake dhewe isa ndelok cetha pemandangan sing ana lan wektu sing pas kanggo mangan wengi.,Akses menuju dusun bambu bisa ditempuh kira-kira dalam waktu 1 - 2 jam menggunakan mobil pribadi. Berkunjung ke dusun bambu diusahakan saat petang hari karena kita dapat melihat jelas pemandangan yang ada dan waktu yang pas untuk makan malam.,Akses ke dusun bambu bisa ditempuh kira-kira dalam 1 - 2 jam menggunakan kendaraan pribadi. Kunjungan ke dusun bambu dilakukan sebaiknya pada waktu pagi karena kita dapat menikmati pemandangan yang ada dan waktu yang tepat untuk makan siang.
"Panganane oke padha karo xo suki liyane. Nanging sanajan dina prei gedhe kaya badha iki udhu artine meseme prei lan pesenan ombe, lan liya-liyane kudu mesen ping akeh. Tulung dijaga kepuasan pelanggane. Matur suwun,","Makanan oke sama seperti xo suki lainnya. Tetapi walaupun hari libur besar seperti lebaran ini bukan berarti senyumnya libur dan order minum, dan lain-lain harus order berkali-kali. Tolong di jaga kepuasan pelanggannya. Terima kasih.","""Makanan oke sama xo suki lain. Tapi malam hari prei besar seperti kemarin itu maksudnya besar itu bermakna besar dan pesanan minuman, dan lain-lain harus memesan banyak. Tolong dijaga kepuasan pelanggan. Terima kasih,"""
"Restoran iki yaiku panggon kuliner sing wajib diparani umpama nyang bandung. Ora mung panganane sing manjakne ilat panganan sunda banget, restoran iki uga dibangun nganggo konsep mangan santai ning jero kali dadi nawarne pengalaman kuliner sing berkesan banget. Kudu dijajal dinggo sopo ae sing nyang bandung.","Restoran ini adalah sebuah destinasi kuliner yang wajib dikunjungi bila ke bandung. Selain makanan yang sangat memanjakan lidah makanan sunda, restoran ini juga dibangun dengan konsep makan santai di dalam saung yang dikelilingi alam hutan dan pegunungan yang dihias pepohonan rindang dan dihibur oleh gemericik air sungai sehingga menawarkan pengalaman kuliner yang teramat mengesankan. Harus dicoba bagi siapapun yang ke bandung.","""Restoran ini adalah tempat kuliner yang wajib dikunjungi seperti di bandung. Bukan hanya makanannya yang memikat tetapi juga bangunan yang dibangun dengan konsep santai di tepi kali sehingga memberikan pengalaman kuliner yang sangat berkesan. Harus dicoba untuk apa saja yang di bandung."""
Mbalik ngaktifne paket data indosat merga isa akses youtube unlimited.,Kembali mengaktifkan paket data indosat karena dapat akses youtube unlimited.,"""Kembali mengaktifkan paket data indosat karena bisa akses youtube unlimited."""
Aku nembe ngerti ketemu kancaku sek makarya nang trans tv,Saya baru saja bertemu teman saya yang bekerja di trans tv,"""Saya tahu bertemu teman saya sek lavoro di trans tv"""
"Omah mangan ning dalan anggrek iki nduwe keistimewaan jenis seafood sing rena-rena lan ana sing isih urip dinggo dipilih lan dimasak pas kuwi uga. Rena-rena jenis panganan isa dipilih lan wektu ngenteni sing sediluk nggarai adewe ora tek kesuwen keluwen ngenteni. Menu kerapu kukuse enak banget lan gurih, apa meneh lak dimasak karo iwak sing isih seger. Lokasine lumayan adem, regane mirah.","Rumah makan di jalan anggrek ini memiliki keistimewaan jenis seafood yang beragam dan ada yang masih hidup untuk dipilih dan dimasak saat itu juga. Berbagai jenis masakan dapat dipilih dan waktu tunggu yang singkat membuat kita tidak terlalu lama kelaparan menunggu. Menu kerapu kukusnya sangat enak dan gurih, apalagi bila dimasak dengan ikan yang masih segar. Lokasi cukup sejuk, harga murah.","""Rumah makan di jalan anggrek ini punya keistimewaan jenis seafood yang beberapa-beberapa dan ada yang masih muda untuk dipilih dan dimasak saat itu juga. Jenis makanan bisa dipilih dan waktu menunggu yang sediluk sehingga perut tidak terlalu kenyang menunggu. Menu kepanggang kukus enak sekali dan gurih, apalagi kalau dimasak dengan ikan yang masih segar. Lokasi cukup adem, harganya murah."""
"Kaya biasane awakdewe mesti golek kuliner sing liya timbangane sing liyane, awakdewe entuk ning panggen iki yaiku the restaurant padma hotel. Awakdewe pesen menu sing ana. Ana saka indonesia, eropa lan cina, tibake kabeh masakane enak kabeh.","Seperti biasa kami selalu mencari kuliner yang lain daripada yang lain, dapatlah kami di tempat ini yaitu the restaurant padma hotel. Kami memesan menu yang ada. Ada dari indonesia, eropa dan chinese, ternyata semua masakannya enak semuanya.","Seperti biasanya kami harus mencari kuliner yang berbeda selain yang lain, kami mendapat di tempat ini yaitu the restaurant padma hotel. Kami memesan menu yang ada. Ada dari indonesia, eropa dan cina, tiba seluruhnya masakan enak seluruhnya."
Iya kuwi sing nggawe aku kesel. Iki udu salahe sing ngelamar nanging jelas 100% salahe pihak sing ana ing ndhuwur sing embuh piye carane dheweke koordinasi. Nyesek aku kuwi sanajan iki kasus kancaku sing ing lampung.,Iya itu yang bikin saya kesal. Ini bukan kesalahan sang pelamar tapi jelas 100% kesalahan pihak yang di atas yang entah bagaimana cara mereka berkordinasi. Nyesek saya itu walaupun ini kasus teman saya yang di lampung.,"Iya itu yang buat saya kesel. Ini bukan salahnya yang ngelamar tapi jerih payahnya yang punya di atas yang tahu bagaimana caranya mereka koordinasi. Menyesal saya itu kejadian kemarin-kemarin itu kasus teman saya yang di lampung."""
"Pelayanane cukup suwi, nanging suwasanane sing diwenehi apik lan unik, dadi karo ngenteni panganan isa nikmati suwasana ing restoran iki, menu sing disajikake aneka werna lan enak,","Pelayanannya agak lama, tetapi suasana yang diberikan keren dan unik, jadi sambil menunggu makanan bisa menikmati suasana di resto ini, menu yang disajikan beragam dan enak,","Pelayanan cukup lama, tetapi suasana yang diberikan cukup baik dan unik, sehingga sambil menunggu makanan bisa menikmati suasana di restoran ini, menu yang disajikan bervariasi dan enak."
"Panganan ing kene enak-enak kanthi akeh variasine. Kabehane enak kanthi pemandangan apik. Pelayanane sing maksimal saka mbak diah lan gina saka ngewiwiti teka nganti rampung, dilayani kanthi apik tenan.","Makanan di sini enak-enak dengan banyak variasi. Semuanya enak dengan pemandangan bagus. Pelayanan yang maksimal dari mbak diah dan gina dari awal datang sampai selesai, dilayani dengan sangat baik.","Makanan di sini enak-enak dengan banyak variasi. Semua enak dengan pemandangan yang bagus. Pelayanan yang maksimal dari mbak diah dan gina saking selalu menanyakan sampai selesai, dilayani dengan sangat baik."""
"Ana ing ajang piala dunia 2018 sesuk, telkomsel njupuk bagian minangka pandukung penyiaran resmi ing perhelatan sepak bola donya kasebut.","Dalam ajang piala dunia 2018 nanti, telkomsel mengambil bagian sebagai pendukung penyiaran resmi dalam perhelatan sepak bola dunia tersebut.","Di ajang piala dunia 2018 mendatang, telkomsel mengambil bagian sebagai pendukung siaran resmi dalam perhelatan sepak bola dunia tersebut."
De'e biasane tuku tisu paseo,Dia biasanya membeli tisu paseo,"""Dia biasanya membeli tisu paseo"""
"Buse ora nyaman, mbak, ora sumbut karo sing diomongne bosmu, urung maneh panganane kurang enak banget, terus panggon wisata tujuane sing nggelakne:","Busnya tidak nyaman, mbak, tidak sesuai dengan yang diomongin atasan Anda, belum lagi makanannya kurang enak banget, lalu tempat wisata tujuannya yang mengecewakan:","Banyak tidak nyaman, mas, tidak bisa sama yang diomongkan bosnya, masih belum lagi makanannya sangat tidak enak sekali, terus tempat wisata tujuannya yang mengecewakan:"""
"Cukup gampang golek lokasi iki, mung ngikuti wae arah menyang tengah kota. Mengko ning kiwa dalan ketok parkiran mobil sing cukup akeh, nengkono panggonan kafe iki. Rasane kafe iki pancen arang sepi, pengunjunge akeh banget.","Cukup mudah mencari lokasi ini, tinggal mengikuti saja arah ke tengah kota. Nanti di kiri jalan terlihat parkiran mobil yang cukup banyak, disitulah tempat kafe ini. Rasanya kafe ini memang jarang sepi, banyak sekali pengunjung.","Cukup mudah cari lokasi ini, hanya mengikuti saja arah ke tengah kota. Meski di jalan sebelah kanan ada beberapa parkiran mobil yang cukup banyak, di sana terdapat tempat kafe ini. Rasanya kafe ini sangat tenang, pengunjung sangat banyak."
"Gela aku karo provider iki, nganti sebel, nesu, emosi, aku metu, gara gara, sinyal sing ora bener.","Kecewa saya dengan provider ini, sampai kesal, marah, emosi, saya keluar, gara gara, sinyal yang tidak benar.","""Jengkel saya sama provider ini, sampai marah, jengkel, emosi, saya marah, karena, sinyal yang tidak benar."""
"Sarung bantal, seprei lan slimute uwis ora putih...terus temboke wes akeh lumut..","Sarung bantal, seprai dan selimutnya tidak lagi putih...trus dindingnya sudah banyak lumut..","""Bantal, seprai dan selimut sudah tidak putih..dan dinding sudah banyak lumut.."
"Lan pas dheweke teka, saya rusak wae iki acara. Gilo banget aku karo dheweke, asli! Ngapuro yoo aku ora seneng banget karo dheweke","Dan ketika dia tiba, makin rusak saja ini acara. Jijik banget gue sama dia, asli! Maaf yaah gue enggak suka banget sama dia","Dan ketika dia pergi, saya merusak saja acara ini. Gila banget saya dengan dia, sungguh! Berhenti dong ya saya tidak suka banget dengan dia"
"Dhewe ana acara mangan mbengi wektu kuwi, es krime ora dipisah karo espresso dadi ora isa nyampur sing cocok karo selerane awakedhewe. Salmon steake uga kurang seger, kulit salmone atos, ketoke suwi ing kulkas utawa freezer. Sanajan iku menu utama sing kudune enak.","Kami ada acara makan malam waktu itu, ice krimnya tidak dipisahkan dengan espresso jadi tidak bisa mencampur sesuai selera masing-masing. Salmon steaknya juga kurang segar, kulit salmonnya keras, keliatannya lama di kulkas atau freezer. Padahal itu menu utama yang seharusnya enak.","""Kami punya acara makan malam waktu itu, es krim tidak dipisahkan dari espresso sehingga tidak bisa mencampur yang cocok dengan selera masing-masing. Salmon steaknya pun kurang segar, kulit salmonnya, mungkin lama di kulkas atau freezer. Makanan itu menu utama yang seharusnya enak."""
"Panggonane gampang ditemukake. Resik lan higienis, pelayanane apik, dhewe bisa diskusi babagan panganan kang kasadia. Asik.","Tempatnya mudah ditemukan. Bersih dan higienis, pelayanannya bagus, kita bisa diskusi tentang masakan yang tersedia. Asik.","Tempatnya mudah ditemukan. Bersih dan higienis, pelayanan baik, kita bisa diskusi mengenai makanan yang baik. Asik."
Buffet mangan mbengi paling top. Regane pas karo sing dientukake. Rasane enak piliane akeh. Regane kadang didiskon yen teko rombongan. Sukses terus ya.,Buffet makan malam paling top. Harga sesuai yang didapat. Rasanya enak pilihannya banyak. Harga kadang didiskon jika datang rombongan. Sukses selalu ya.,Buffet makan malam paling top. Harga sesuai yang ditawarkan. Rasanya enak pilihan banyak. Harga kadang didiskon kalau ke rombongan. Sukses terus ya.
Panggon sing apik yen dinikmati wengi. Cukup nyaman. Ragane lumayan murah. Senenganku stik tenderloine. Cukup enak.,Tempat yang bagus kalau dinikmati malam hari. Cukup nyaman. Harga cukup terjangkau. Favorit saya steak tenderloinnya. Cukup enak.,"""Tempat yang bagus kalau dinikmati malam hari. Cukup nyaman. Harga cukup murah. Favorit saya steak tenderloinnya. Cukup enak."""
"Njajal kanggo buka puasa ing kene. Kanggo rega sing kagolong larang ana ing antara hotel berbintang sakelasae, rasa sing ditawakake tenan nguciwakake. Pastane ora ana rasane, panganan liyane uga ora ana rasane. Beda tenan karo apa sing biasa ditawakake. Lan pelayanane uga kurang profesional pas ngelakoni pembayaran nganggo kartu kredit.","Mencoba untuk buka puasa di sini. Dengan harga yang tergolong mahal di antara hotel berbintang sekelasnya, rasa yang ditawarkan sangat mengecewakan. Pastanya hambar, makanan lain juga hambar. Sangat berbeda dengan apa yang biasa ditawarkan. Dan pelayanan juga kurang profesional pada saat melakukan pembayaran dengan mengunakan kartu kredit.","Cobalah untuk buka puasa di sini. Untuk harga yang tergolong mahal ada diantara hotel berbintang sekelasnya, rasa yang ditawarkan sungguh mengecewakan. Terutama tidak ada rasa, makanan lainnya pun tidak ada rasa. Bedanya jauh dengan apa yang biasanya ditawarkan. Dan pelayanan pun kurang profesional saat melakukan pembayaran pakai kartu kredit."
"Aku uga bingung loh, sing ndukung tokoh kuwi meh kabeh setipe bisane mung ngenyek-ngenyek, fitnah, tembung-tembung kasar, nyebarna isu ngapusi, ngutamakake emosi, akal sehate ora pernah dinggo.","Gue juga bingung loh, pendukung tokoh itu hampir semuanya setipe bisanya cuma maki-maki, fitnah, kata-kata kasar, menyebar isu bohong, mengutamakan emosi, akal sehat tidak pernah dipakai.","Saya juga bingung loh, yang mendukung tokoh itu meh semua sepanda bisa hanya mengenyek-ngenyek, fitnah, ejek-ejek kasar, menyebarkan isu palsu, memicu emosi, akal sehat tidak pernah digunakan."""
"Omah mangan nusa indah saiki gelakne ah. Reget, uwong ditokne wae ngrokok ning ruangan nggo ac, pangganan suwe tekane.","Rumah makan nusa indah sekarang mengecewakan ah. Kotor, orang didiamkan saja merokok di ruangan ber ac, makanan lama datangnya.","Rumah makan nusa indah saat ini tertawa ah. Hujan, orang ditutupi asap rokok di ruangan non ac, penataan lama.**"
Nadia nggoleki hem kanggo adike ning uniqlo,Nadia mencari kemeja untuk adiknya di uniqlo,"""Nadia belikan baju untuk adik laki-laki di uniqlo"""
"101 dalmatians: The series yaiku seri kartun tipi sing digawe karo disney television animation, kerjo bareng karo jumbo pictures.","101 dalmatians: The series adalah sebuah seri animasi televisi yang diproduksi oleh disney television animation, bekerja sama dengan jumbo pictures.","101 dalmatians: The series merupakan serial animasi televisi yang diproduksi oleh disney television animation, bekerja sama dengan jumbo pictures."
Kantor kang nyambungake korsel - korut dibuka pekan iki,Kantor penghubung korsel - korut dibuka pekan ini,"""Kantor yang menghubungkan korea selatan - utara dibuka pekan ini"""
Menehi berkah bareng sinde! Etukna 50 paket umroh saben tuku minimal rp 15.000 ning alfamart.,Berbagi berkah bersama sinde! Dapatkan 50 paket umroh setiap pembelian minimal rp 15.000 di alfamart.,Kami beri berkah bersama sinde! Dapatkan 50 paket umroh setiap beli minimal rp 15.000 di alfamart.
"Tuku kaos, topi utawa jam tangan ning lapak monoton roomstore busa ditawa khusus nganggo aplikasi ning hape bosku.","Beli kaos, topi atau jam tangan di lapak monoton roomstore bisa diego khusus pakai aplikasi di hape boskuh.","Beli kaos, topi atau jam tangan di lapak monoton roomstore boleh ditukarkan khusus dengan aplikasi di hape bos ku"
"Aplikasi google maps akeh paedahe, aku puas nganggone!","Aplikasi google maps sangat bermanfaat, saya puas menggunakannya!","Aplikasi google maps sangat membantu, saya puas menggunakannya!"
"Kanggo malem minggu ing kene pasangan diwenehi panggonan sing ora kapenak, amarga pas uwong lewat ing kana panggonane dhewe obah-obah, luwih pase mirip kaya warung pinggir dalan. Ora sesuai karo rega panganane sing disajikake, kudune pasangan uga diwenehi panggonan sing apik uduk sembarang nerima tamu lan dideleh ing panggonan kaya kuwi.","Untuk malam minggu di sana pasangan diberi tempat yang tidak nyaman, karena saat orang lewat di sana tempat kami goyang-goyang, lebih tepatnya mirip seperti warung pinggir jalan. Tidak sesuai dengan harga makanan yang disajikan, seharusnya pasangan juga diberi tempat yang bagus bukan sembarang terima tamu dan taruh di tempat seperti itu.","Untuk malam minggu di sini pasangan diberikan tempat yang tidak nyaman, karena saat orang lewat di sana tempat kami bandingkan, lebih mirip warung pinggir jalan. Tidak sesuai dengan harga makanannya yang disajikan yang seharusnya pasangan juga diberikan tempat yang baik bukan sembarang menerima tamu dan didekorasi di tempat seperti itu."""
Menu panganan cukup rena-rena lan nggarai sir mesen kabeh. Mirah? Jelas ae!,Menu makanan cukup bervariasi dan bikin mau dipesan semuanya. Murah? Pastinya!,"""Menu makanan cukup beragam dan membuat saya memesan hampir semuanya. Kejam? Jelas saja!"""
Bagikno sak akeh-akehe. Ben wong iki diproses. Kangen ndelok video njaluk sepiro karo nangis-nangis terus wadul nyang mbok e terus omong lak perlakuane kuwi ora sengaja.,Bagikan sebanyak-banyaknya. Biar ini orang diproses. Kangen melihat video minta maaf sambil nangis-nangis lalu ngadu ke emak lalu bilang kalau perlakuan itu tidak sengaja.,"Bagikanlah sebanyak-banyaknya. Biar orang itu diproses. Rindu lihat video minta maaf sambil nangis terus bahasnya mbok e terus bilang kalo itu bukan sengaja."""
"Soto kudus iki anane ning pinggir dalan, kaping pisan arep mangan rada ora mantep uga sih. Amarga pengen ngerti rasa kudus yo dijajal sek. Ee saktenane uga enak lho, lan ana uga pilihan kanggo nyampurake, pokoke enak tenan. Regane murah pol deh. ","Soto kudus ini adanya di kaki lima, pertama kali mau makan agak ragu juga sih. Karena ingin tahu rasa kudus ya dicoba dulu. Ee ternyata enak juga lho, dan ada juga pilhan untuk mencampurnya, pokoknya enak sekali deh. Harganya murah meriah deh.","Soto kudus ini terletak di pinggir jalan, agak jauh mau makan agak tidak memuaskan juga sih. Karena ingin coba rasa kudus pun didalami. Eh ternyata juga enak lho, dan ada juga pilihan untuk mencicipi, pokoknya enak sekali. Harga murah sekali deh. """
Olahraga wengi isa dadi pilihan kanggo ngisi wektu lowong.,Olahraga di malam hari dapat menjadi pilihan untuk mengisi waktu luang.,Olahraga malam bisa menjadi pilihan untuk mengisi waktu luang.
Restoran seafood. Menu spesiale yuyu sing dipangan karo kulite. Kanggo aku kurang enak. Kulite isih rada atos. Pelayanane biasa-biasa bae.,Restoran seafood. Menu spesialnyanya kepiting yang dimakan dengan kulitnya. Untuk saya kurang enak. Kulitnya masih agak keras. Pelayanannya biasa-biasa saja.,"Restoran seafood. Menu spesialnya udang yang disajikan dengan kulitnya. Untuk saya kurang enak. Kulitnya masih agak kasar. Pelayanan biasa-biasa saja."""
"Enak lumayan, nanging regane larang amarga porsine luwih sithik. Ana pilihan infused kangen water sek cukup kanggo 4 uwong","Enak lumayan, tapi harganya mahal karena porsinya sedikit kecil. Ada pilihan infused kangen water yang cukup untuk 4 orang","Enak lumayan, meskipun harganya mahal karena porsinya lebih kecil. Ada pilihan infused kangen water secukupnya buat 4 orang"
"Dinggo daerah banda aceh lan sekitare sik lancar, ora ana gangguan blas.","Untuk daerah banda aceh dan sekitarnya masih lancar, tidak ada gangguan sama sekali.","Untuk daerah banda aceh dan sekitarnya masih lancar, tidak ada gangguan sama sekali."
Emosi karo gojek sing kerep nyasar yen arep menyang omahku.,Emosi dengan gojek yang selalu nyasar kalau mau ke rumah saya.,Emosi dengan gojek yang sering salah arah kalau mau ke rumah saya.
"Kafe sing nyaman, enak lan murah kanthi desain kafe sing unik lan marakna krasan. Panganan enak lan kopi enak lan fasilitas wifi sing cepet lan tv kabel","Kafe yang nyaman, enak dan murah dengan desain kafe yang unik dan bikin betah. Makanan enak dan kopi enak serta fasilitas wifi yang cepat dan tv kabel","Kafe yang nyaman, enak dan murah dengan desain kafe yang unik dan menarik. Makanan enak dan kopi enak serta fasilitas wifi yang cepat dan tv kabel"
"Uwis sewulan luwih ora mangan indomie, sakpisane mangan langsung nggawe rong porsi indomie goreng jumbo.","Sudah sebulan lebih tidak makan indomie, sekalinya makan langsung bikin dua porsi indomie goreng jumbo.","Sudah lama tidak makan indomie, secara makan langsung bikin perut porsi indomie goreng jumbo."
"Mangan sikil wedus bagian pupu sing empuk lan lumayan gedhi dinggo ukuran medium, pas dingge wong siji, mangan tanpa sega, karo es lemon tea. Seger kurange mung panggone kebul-kebul, wajar kan jenenge uga wedus bakar hehehe","Makan kaki kambing paha yang empuk dan lumayam besar untuk ukuran medium, pas untuk satu orang, makan tanpa nasi, dengan es lemon tea. Segar kekurangannya hanya tempatnya berasap, wajar kan namanyan jg kambing bakar hehehe","Makan kaki ayam bagian paha yang empuk dan cukup besar untuk ukuran medium, cocok untuk orang satu, makan tanpa nasi, dengan es lemon tea. Segar plus hanya namanya saja, wajar kan namanya juga ayam bakar hehehe"
"Panggone lumayan unik, rasa panganane biasa, menu sing ditawakne uga biasa, mung panggone karo keunikane sing menarik, cara nyeluk pelayane nganggo nutuk kentongan,. Aku pas mrana wengi, diambah udan, udarane lumayan adem nyrusuk belung, sempet ngenteni kira-kira limolas menit ben iso entuk panggon, merga bek blok wektu iku. Disaranke lak sir mrana sore-sore.","Tempatnya cukup unik, rasa makanan standar, menu yang ditawarkan juga biasa, hanya saja yang menarik tempat dan keunikannya, cara memanggil pelayannya dengan memukul kentongan,. Aku pas ke sana pada malam hari, ditambah hujan, udaranya cukup dingin menusuk tulang, sempat menunggu kira-kira 15 menit untuk bisa dapat tempat, karena penuh blok pada saat itu. Disarankan kalau mau ke sana sore-sore.","""Tempatnya cukup unik, rasa makanannya biasa, menu yang ditawarkan juga biasa, hanya tempatnya dan keunikan yang menarik, cara menyapa pelayannya menggunakan entu kentong,. Saya pas kesana hujan, ditambah angin, anginnya cukup adem menyegarkan, sempat menunggu kira-kira lima belas menit sebelum dapat kasih tempat, karena bek blok waktu itu. Dianjurkan kalau mau kesana sore-sore."""
"Ning pilkada 2018, polri dijaluk ningkatne pengamanan ning sekitar tps.","Dalam pilkada 2018, polri diminta meningkatkan pengamanan di sekitar tps.","Untuk pilkada 2018, polri tingkatkan keamanan di sekitar tps."
"Ora bosen apa film indonesia sing main deknen terus, udu ngomong deknen ora apik, nanging yen pemaine kuwi kuwi bae uga bosen ndheloke.","Tidak bosan apa film indonesia yang main dia terus, bukan bilang dia tidak bagus, tetapi kalau pemain itu itu melulu jenuh juga melihatnya.","Tidak bosan apa film indonesian yang aktingnya terus, dulu katanya aktingnya tidak bagus, tapi kalau pemainnya itu itu saja bosan lihatnya."
Wingi Dian tuku kathok anyar liwat aplikasi Lazada,Kemarin Dian membeli celana baru lewat aplikasi Lazada,"Baru kali ini Dian membeli kathok baru melalui aplikasi Lazada"""
"Dhewe arep menyang lembang kanthi kahanan luwe. Pas ndhelok saung pengkolan iki dhewe langsung mandhek kanggo mangan. Dhewe milih lesehan ing tingkat 2 dadi entuk pemandangan sek apik. Pesenane dhewe yaiku cumi goreng glepung, gurame goreng krispi, oseng genjer lan rong menu tahu sek aku lali jenenge. Umume ora ana sek istimewa saka hidangan kuwi. Mbok menawa pilihanku. Lanjutane","Kami dalam perjalanan ke lembang dalam keadaan lapar. Saat melihat saung pengkolan ini kami langsung berhenti untuk makan. Kami memilih lesehan di lantai 2 sehingga mendapatkan pemandangan yang indah. Pesanan kami adalah cumi goreng tepung, gurame goreng crispy, tumis genjer dan dua menu tahu yang saya lupa namanya. Secara keseluruhan tidak ada yang istimewa dari hidangan tersebut. Mungkin pilihan saya. Lanjutan","""Kami pergi ke lembang dengan akomodasi lama. Setelah melihat saung-saung yang berada di sana kami langsung turun ke bawah untuk makan. Kami memilih lesehan di tingkat 2 sehingga mendapatkan pemandangan yang bagus. Pemesanan kami adalah cumi goreng tepung, gurame goreng krispi, tumis lobak dan satu menu tahu yang saya lupa namanya. Rasanya tidak ada yang istimewa dari hidangan tersebut. Sayang pilihan saya. Lanjutannya"" 
This explains a trip to Lembang, Indonesian, including food preferences."
Entuk bonus tcahs 12.500 nanging ora isa dienggo kanggo tuku pulsa sing regane 10 ewu h aneh,Dapat bonus tcash 12.500 tapi tidak bisa dipakai buat beli pulsa yang seharga 10 ribu h aneh,Dapat bonus tcahs 12.500 tapi tidak bisa digunakan untuk beli pulsa yang harganya 10 ribu aneh
"Kaping kapisan aku marang rana, meja-meja mulai tuwa lan uga menu panganan sing ora patio variatif. Nanging regane ora bisa diomong murah, amarga kudune kanthi rega-rega sakmono bisa entuk sing luwih apik. Utamane pas aku marang kamar mandi, reged tenan lan mambu ora enak:","Saat pertama ke sana, meja-meja mulai usang dan juga menu makanan yang tidak begitu bervariatif. Namun harganya tidak bisa dibilang murah, karena seharusnya dengan harga-harga segitu bisa dapat yang lebih baik. Terutama saat saya ke toilet, sangat kotor dan berbau tidak sedap:","""Kali pertama saya ke sana, meja-meja sudah tua dan juga menu makanan yang tidak terlalu variatif. Namun harganya tidak bisa dikatakan murah, karena seharusnya dengan harga-harga begitu bisa dapat yang jauh lebih baik. Terutama ketika saya ke kamar mandi, kotor sekali dan tidak nyaman:"""
"Ombean apa sih kok cara nggombene aneh, rasane uga aneh maneh","Minuman apa sih kok cara minumnya aneh, rasanya aneh juga lagi","Kalau ombean apa sih yang cara nggombennya aneh, rasanya pun aneh lagi"
"Tanggal 12 february iku ulang taune pacarku, lan aku ngajak dee dinggo mangan nyang sawiji restoran sing terkenal ning surabaya. Aku pengen menehi kado ulang taun karo mangan sing enak ning kana. Nanging. Pas iku aku teka kira kira jam setengah 3. Panggon kebeg dadi awakdewe kudu ngenteni. Daftar tunggu pas kuwi sekitar 4 meja.","Tanggal 12 february adalah ulang tahun pacar saya, dan saya mengajak dia untuk makan di sebuah restaurant yang terkenal di surabaya. Saya ingin memberi kado ulang tahun dengan makan yang enak di sana. Tapi. Saat itu saya datang kira kira jam setengah 3. Tempat penuh sehingga kami harus menunggu. Daftar tunggu pada saat itu sekitar 4 meja.","Tanggal 12 february itu ulang tahun pacarku, dan saya mengajak dia makan di sebuah restoran yang terkenal di surabaya. Saya ingin memberikan hadiah ulang tahun dengan makan yang enak di sana. Namun. Saat itu saya datang kira kira jam setengah 3. Tempatnya penuh jadi kami harus menunggu. Daftar tunggu saat itu sekitar 4 meja."
"Ora seneng ndelok bocah sma saiki, yen nganggo jilbab rambute pada disengajakake metu, maksude apa?","Tidak suka melihat anak sma sekarang, kalau pakai jilbab rambutnya pada disengajakan keluar, maksudnya apa?","Tidak suka melihat anak sma sekarang, kalau pakai jilbab rambutnya pada disengaja nampak, maksudnya apa?"
Calon-calon pemimpin negeri iki cukup kuwat nyiapake strategi kanggo kemenangane.,Calon-calon pemimpin negeri ini cukup kuat mempersiapkan strategi untuk kemenangannya.,Calon-calon pemimpin negeri ini cukup kuat menyiapkan strategi untuk kemenangan.
Adikku lagi ndhelok harry potter ing trans tv,Adik saya sedang menonton harry potter di trans tv,Adikku sedang menonton harry potter di trans tv
"Salah siji restoran paling tak senengi ning bandung. Panggonane nylepit, nanging isih kenek dijangkau. Menu panganane enak, sunda banget. Pemadangane ya apik, kahanane pancen nggarai mripat lan ilat kabeh puas. Bar mangan sampek wareg. maleh sir turu ning saunge.","Salah satu restoran favorit saya di bandung. Lokasinya terpencil, tetapi masih terjangkau. Menu makanannya enak, sunda sekali. Pemandangannya indah, suasananya memang membuat mata dan lidah semua terpuaskan. Selesai makan sampai kenyang, jadi ingin tidur di saungnya.","Salah satu restoran paling tidak disukai di bandung. Tempatnya berdekatan, tapi masih agak susah dijangkau. Menu makanannya enak, khas sunda banget. Pemandangan ya bagus, suasana memang bikin rileks dan nyaman. Makan sampai kenyang. malah tidur di sofa."""
Endi taring kpk? Kasus ecek-ecek puluan yuta kowe cekel senajan nganti ing bolongan semut! Waras kowe kpk?,Mana taring kpk? Kasus ecek-ecek puluhan juta kamu tangkap sampai ke lubang semut sekalipun! Waraskah anda kpk?,Kapan taring kpk? Kasus ecek-ecek puluhan juta kalian cekel semut sampai di lubang semut! Benar kalian kpk?
"Menu ning panggen iki asline sederhana banget nanging sing nduwe kreatif. Sajian mie, roti lan panganan penutupe di campur karo rena-rena pilihan. Panggone asik dingge nglumpuk karo kanca-kanca. Dingge regane ora tek larang sumbut karo rasane.","Menu di tempat ini sebetulnya sederhana banget tapi pemiliknya kreatif. Sajian mie, roti dan makanan penutupnya di mix sama berbagai pilihan. Tempatnya asik buat berkumpul dengan teman-teman. Untuk harganya tidak terlalu mahal sesuai sama rasanya.","""Menu di tempat ini sejatinya sangat sederhana namun yang punya kreatifitas. Sajian mie, roti dan makanan penutupnya di campur dengan berbagai pilihan. Tempatnya asik buat ngumpul sama temen-temen. Buat harganya tidak terlalu mahal sesuai rasanya."""
"Restoran kanthi metode penyajian bedha. Piring panggonan mangan diganti karo godhong gedhang. Menu panganan khas sunda kanthi citarasa sing enak. Saka segi rega cukup kakancan, panggonan mangan amba lan akeh pilian meja, parkir cukup amba.","Restoran dengan metode penyajian berbeda. Piring tempat makan diganti dengan lembaran daun pisang. Menu makanan khas sunda dengan citarasa yang enak. Dari segi harga cukup bersahabat, tempat makan luas dan banyak pilihan meja, parkir cukup luas.","Restoran dengan metode penyajian berbeda. Piring tempat makan diganti dengan daun pisang. Menu khas sunda dengan cita rasa yang enak. Dari segi harga cukup terjangkau, tempat makan luas dan banyak pilihan meja, tempat parkir cukup luas."
"Restoran alas daun nyajikake menu khas sunda sek ora beda adoh karo restoran khas sunda liyane, nanging sek nggawe beda yaiku ora nganggo piring lan mung diwenehi godhong gedhang sek diselehake ing meja sek ngganteni piring. Dadi kaya uwong ing India sek mangan didhasarkae godhong gedhang.","Restoran alas daun menyajikan menu khas sunda yang tidak jauh berbeda dengan restoran khas sunda lainnya, tapi yang membuatnya berbeda adalah tanpa piring, dan hanya diberi daun pisang yang diletakkan di meja sebagai pengganti piring. Jadi mirip orang di india yang makan beralaskan daun pisang.","""Restoran alas daun menyajikan menu khas sunda yang tidak jauh berbeda dari restoran khas sunda lainnya, namun yang membedakannya adalah tidak menggunakan piring dan hanya diberi daun pisang di atas meja setelah mengantarkan piring. Jadi seolah orang di India yang makan didasarakan daun pisang."""
Rasa sotone miturutku pedes nanging gurih. Ngombe sirup markisa sing seger karo es liline sing enak.,Rasa sotonya menurut saya pedas tapi gurih. Minum sirup markisa yang segar sama es lilinnya yang enak.,"Rasa sotonya menurut saya pedas tapi gurih. Minum sirup markisa yang menyegarkan dengan es lilin yang enak."""
"Aku mara ning restoran iki kanggo mangan wengi bareng rencang. Aku mesen stik pithik sing sebenere aku lali jenenge. Rasane biasa banget wae, anyep. Pithike kandhel lan krasa atos lan garing banget. Ora ana sing istimewa.","Saya mengunjungi restoran ini untuk makan malam bersama teman. Saya memesan steak ayam yang sebenarnya saya lupa namanaya. Rasanya sangat biasa saja, hambar. Ayamnya tebal dan terasa keras dan kering sekali. Tidak ada yang istimewa.","Saya pergi ke restoran ini untuk makan malam bersama rencan. Saya memesan ayam goreng yang sepertinya saya lupa namanya. Rasanya biasa saja, biasa. Ayamnya kering dan rasa bumbu pun tidak istimewa. Tidak ada yang istimewa."""
Dhewe kan saling sengit siji liyane kawit 4 taun kepungkur.,Kita kan saling membenci satu sama lain sejak 4 tahun yang lalu.,"""Kami kan saling gayu satu sama lain sejak 4 tahun lalu."""
Bapak biasane nganggo semir sepatu kiwi,Ayah biasanya memakai semir sepatu kiwi,"""Bapak biasanya pakai semir sepatu kiwi"""
Richeese factory yaiku restoran waralaba sing nyajikake pithik kanthi rasa pedes kanthi macem-macem level. Cocok tenan kanggo kowe sing tresna rasa pedes.,Richeese factory adalah restaurat waralaba yang menyajikan ayam dengan rasa pedas dengan berbagai level. Sangat cocok untuk anda pecinta rasa pedas.,Richeese factory adalah restoran waralaba yang menyajikan ayam dengan rasa pedas beragam level. Cocok sekali bagi anda yang menyukai rasa pedas.
"Pas rapat ning hotel sensa, aku pesen batagor riri nganggo aplikasi gofood / gojek. Pesenan teka ora suwe merga tibake paket batagor lan siomay wes di-pak ning plastik vakum. Rega sing enek ning aplikasi gojek / gojek urung termasuk pajek segedhe 10%.","Saat rapat di hotel sensa, saya memesan batagor riri menggunakan aplikasi gofood / gojek. Pesanan tiba dalam waktu tidak lama karena ternyata paket batagor dan siomay sudah di-pack dalam plastik vakum. Harga yang tertera dalam aplikasi gojek / gojek belum termasuk pajak sebesar 10%.","""Saat rapat di hotel sensa, saya memesan batagor riri menggunakan aplikasi gofood / gojek. Pemesanan datang tidak lama setelah pemesanan batagor dan siomay sudah dikemas dalam plastik vakum. Harga yang murah di aplikasi gojek / gojek tidak termasuk pajak yang besar 10%."""
Aku moro ing restoran iki ora pas jam mangan awan. Nanging restorane lumayan rame lan untunge awakdewe isa ndang entuk panggonan lungguh. Lebar lungguh panganan lan ombenane langsung disajikake. Sambel ijone kurang karasa pedes kanggo awakdewe. Panganane enak cukup puas mangan ing kene.,Saya mengunjungi restoran ini bukan saat jam makan siang. Tapi restorannya cukup ramai dan untungnya kami bisa cepat dapat duduk. Begitu duduk makanan dan minuman langsung dihidangkan. Sambal hijaunya kurang terasa pedas buat kami. Makanan enak cukup puas makan di sini.,"""Saya datang ke restoran ini bukan pada jam makan malam. Namun restoran lumayan ramai dan untung kami bisa dapat tempat duduk agak jauh. Luas tempat duduk dan minuman langsung disajikan. Sambal ijonnya kurang rasa pedas bagi kami. Makanan enak cukup memuaskan makan di sini."""
"Gampang cemburu ndelok dee guyonan karo wedokan, nanging awakdewe uduk sopo-sopone","Suka cemburu melihat doi bercanda sama cewek, tetapi kita bukan siapa-siapanya","Gampang cemburu lihat dia berpura-pura dengan tatapan, tapi kami sudah bukan siapa-siapa"
Pungkasane aku mangan pesen lewat pesen kirim. Anakku seneng tenan gedel isi iwake. Restoran jaman mbien sing terkenal tenan. Regane sing cukup kajangkau kantong sak lan rasa panganane sing cukup enak.,Terakhir saya makan pesan via delivery order. Anak saya sangat suka perkedel isi daging -nya. Restoran zaman dahulu yang sangat terkenal. Harga yang cukup terjangkau kantong dan rasa masakan yang cukup enak.,"Akhirnya saya makan pesan lewat pesan kirim. Anak saya sangat suka biang isinya. Restoran zaman dulu yang terkenal sekali. Harga yang cukup terjangkau kantong serta rasa makanannya yang cukup enak."""
Parkiran angel bnaget sampek muter ping 3. Saran: Parkir ning cedek hotel ae terus mlaku. Restoran ning area perumahan.,Parkiran susah bener sampai berputar 3x. Saran: Parkir di dekat hotel saja terus jalan kaki. Restoran di area perumahan.,"""Parkiran susah banget sampai putar 3. Saran: parkir jarak dekat hotel lalu jalan kaki. Restoran di area perumahan."""
"Aku gumun karo telkomsel, kuotane akeh kok nanging cepet banget enteke, padahal ora akeh mbukak aplikasi abot. Nyurigakake","Suka heran sama telkomsel, kuotanya banyak kok tapi cepat banget abisnya, padahal tidak banyak buka aplikasi berat. Mencurigakan","""Saya minta maaf atas telkomsel, kuota banyak kok tapi cepat sekali habisnya, padahal tidak banyak buka aplikasi bot. Sayang sekali"""
Bocah saiki lagek gerang wis wani nyolong,Anak sekarang baru gede sudah berani mencuri,Anak muda kini mulai berani mencuri
"Nduwe kesempatan nikmati santap isuk merga lagi nginep ning hotel iki. Minangka pengunjung anyar kaya aku lan paling sing liyane isa ae bakal antusias merga suwasana santap isuk sing diwernani karo pemandangan saka sisih wetan, merga saka sisih kuwi ana kaendahan bangunan hotel sepisan kolam renange. Liyane kuwi uga ana barisan bukit lan nggunung bakal nambah pengenan dingge foto-foto.","Berkesempatan menikmati santap pagi karena sedang menginap di hotel ini. Sebagai pengunjung baru seperti saya dan mungkin yang lainnya barangkali akan antusias terhadap suasana santap pagi yang diwarnai dengan pemandangan dari sisi timur, karena dari sisi tersebut terdapat keindahan bangunan hotel berikut kolam renangnya. Selain itu juga terdapat barisan bukit dan pegunungan akan menambah keinginan untuk berfoto ria.","Memiliki kesempatan menikmati sarapan pagi karena sedang menginap di hotel ini. Sebagai pengunjung baru seperti saya dan yang lainnya pun akan antusias karena suasana sarapan pagi yang diwarnai oleh pemandangan dari sisi timur, sebab dari sisi tersebut ada ketinggian bangunan hotel bersebelahan dengan kolam renangnya. Selain itu juga ada beberapa bukit dan gunung yang akan menambah daya tarik untuk foto-foto."""
"Telekomunikasi ora mung kanggo kutha gedhe, nanging uga nganthi marang daerah pelosok lan perbatasan negara cc: Telkomsel","Telekomunikasi bukan hanya untuk kota besar, tapi juga sampai ke daerah pelosok dan perbatasan negara cc: Telkomsel","Telekomunikasi bukan hanya untuk kota besar, tetapi juga menjangkau daerah terpencil dan perbatasan negara"
Apike wektu turu paling sithik iku limang jam.,Sebaiknya jam tidur minimal lima jam.,Selama ini waktu tidur paling singkat itu lima jam.
"Aku bareng kanca kerja sengaja nyoba mangan awan ning kene, kanggo panggonan kagolong cukup kapenak yen ning lantai dhuwur. Rasa pithik bakar ning kene tenan dak rekomendasikake karo sambel pelem.","Saya bersama rekan kerja sengaja mencoba makan siang di sini, untuk tempat terbilang cukup nyaman jika di lantai atas. Rasa ayam bakar di sini sangat saya rekomendasikan bersama sambal mangga.","Saya bareng teman kerja sengaja mencoba makan siang di sini, untuk tempat yang tergolong cukup nyaman apabila di lantai atas. Rasa ayam bakar di sini sungguh rekomendasikan dengan sambal pelem."
Aku gela karo pelayanane. Siktasan aku pesen grabfood pesenen ora diterna nanging wis dimarekne. Tulung gae selektif milih tukang nyambut gawe.,Saya kecewa dengan pelayanannya. Barusan saya pesan grabfood pesanan tidak diantar tapi sudah diselesaikan. Mohon untuk selektif memilih pekerja.,"Saya tidak suka dengan pelayanan. Awal saya memesan grabfood pesanan tidak ditanggapi namun sudah di markah. Tolong selektif memilih tukang ambil barang."""
"Wis ilang handphone xiaomi redmi note 5 werna gold 64 / 4 ning daerah duri kidul, jembatan lima, tambora, jakarta barat.","Telah hilang handphone xiaomi redmi note 5 warna gold 64 / 4 di daerah duri selatan, jembatan lima, tambora, jakarta barat.","Sudah hilang handphone xiaomi redmi note 5 werna gold 64 / 4 di daerah duri kidul, jembatan lima, tambora, jakarta barat."
Aku ora kuciwa karo produke apple,Saya tidak kecewa dengan produk apple,"""Saya tidak kecewa dengan produksi apple"""
"Youtube saben dina saya akeh iklane, njengelake!","Youtube semakin hari semakin banyak iklannya, menyebalkan!","""Youtube setiap hari saya banyak iklannya, menjengkelkan!"""
"Iku indomie karo mangkoke wis wira-wiri, kepisah sisan isi lan adahe.","Itu indomie sama mangkoknya sudah berkeliaran, terpisah pula isi sama wadahnya.","Ini indomie dengan makannya sudah beredar, terpisah masih ada sisa isi dan daunnya."
Dhewe marang kafe iki kanggo mangan serabi. Serabine kanggo dhewe kandel banget ing bagian tengah. Akeh tenan piliah topping serabine nganti mumet milihe. Ternyata regane luwih larang saka warung setiabudi. Kuciwa.,Kami ke kafe ini untuk makan serabi. Serabinya bagi kami terlalu tebal di bagian tengah. Banyak sekali pilihan topping serabi sampai pusing memilihnya. Ternyata harganya lebih mahal dari warung setiabudi. Kecewa.,Kami ke kafe ini untuk makan serabi. Serabinya untuk kami sangat enak di bagian tengah. Ada banyak pilihan topping serabinya sampai perut kami memuntahkannya. Ternyata harganya lebih mahal dari warung setiabudi. Kecewa
"Bistik murah, cocok kanggo sing anggarane cilik nanging pingin mangan murah lan wareg, kajaba bistik uga panganan liyane enak lan murah. Susanane lumayan rame, umume akeh kaluwarga utawa bocah sekolahan.","Steak murah, cocok untuk yang budgetnya kecil tapi ingin makanan murah dan kenyang, selain steak juga makanan lainnya enak dan murah. Suasananya lumayan ramai, biasanya banyak keluarga atau anak sekolahan.","Bistik murah, cocok buat yang ke jejich kecil tapi bisa makan murah dan puas, meskipun bistik juga makanan lainnya enak dan murah. Suasana lumayan ramai, umumnya keluarga atau anak sekolah."""
"Pertemuan antarane pihak bank bri, bpbat sungai gelam - jambi, lan pokdakan sek ana ing desa pudak. Kanggo ngrembug bentuk panyaluran dana csr saka bank bri","Pertemuan antara pihak bank bri, bpbat sungai gelam - jambi, dan pokdakan yang ada di desa pudak. Untuk mendiskusikan bentuk penyaluran dana csr dari bank bri","""Rapat antara pihak bank bri, bpbat sungai gelam - jambi, dan pokdakan yang ada di desa pudak. Untuk membahas bentuk penyaluran dana csr dari bank bri"""
"Panggonan iki menarik tenan, pemandangan apik, ana arena dolanan ing njaba kanggo sakulawarga. Tenan disaranake kanggo kaluwarga sing ndhuwe bocah cilik. Panganan halal lan menu rena-rena.","Tempat ini sangat menarik, pemandangan bagus, ada arena bermain di luar untuk sekeluarga. Sangat disarankan untuk keluarga dengan anak kecil. Makanan halal dan menu bervariasi.","Tempat ini sangat menarik, pemandangan bagus, ada arena bermain didalam untuk keluarga. Sangat direkomendasikan untuk keluarga yang memiliki anak kecil. Makanan halal dan menu-menu lainnya."
"Hotel arep check-in wae ruwet. Nunggu amarga ngresiki kamar suwe banget, gela lah. Iki pisanane aku mrana. Terus langsung diwenehi kesan pisanan sing ora apik.","Hotel mau  check-in aja ribet. Menunggu karena membersihkan kamar lama banget, kecewa dah. Ini pertama kalinya gue ke sana. Terus langsung dikasih first impression yang tidak bagus.","""Hotel mau check-in saja susah. Menunggu sampai masuk kamar lama sekali, jengkel deh. Ini pertama kalinya saya ke sini. Terus langsung dikasih kesan pemesanan yang tidak bagus."""
"Amarga kartu oktrip wektu iki yaiku saka bni, mulakna isi ulang isa dilakokake ing mitra-mitra sing kerja sama karo bni.","Karena kartu oktrip saat ini adalah dari bni, maka isi ulang bisa dilakukan di mitra-mitra yang bekerjasama dengan bni.","Karena kartu oktrip kali ini berasal dari bni, maka isi ulang dapat dilakukan pada mitra-mitra yang kerja sama dengan bni."
Ngge kabeh seh apik. Karyawane yo grapyak grapyak. Lan pemandangane apik. Nanging panganane kelarangen. Larang banget malah. Dompet kudu kandel.,Secara keseluruhannya sih bagus. Karyawanya juga ramah ramah. Dan pemandangannya bagus. Tapi makanannya terlalu mahal. Mahal banget malah. Dompet harus tebal.,"Secara umum sih bagus. Karyawan juga ramah ramah. Dan pemandangan bagus. Tapi makanannya agak mahal. Mahal banget malah. Dompet harus kedelai."""
"Mangan karo kaluwarga bakal luwih nyenengake kanthi kabeh fasilitas sing ana. Lokasine sing apik, panganane sing cukup enak kanthi aneka werna pilian. Lan pemandangan lan suwasana dadi andalan","Makan bersama keluarga akan lebih menyenangkan dengan semua fasilitas yang ada. Lokasi yang bagus, makanan yang cukup enak dengan beragam pilihan. Dan pemandangan serta suasana jadi andalan","Makan malam bersama keluarga akan lebih menyenangkan dengan semua fasilitas yang ada. Lokasi yang bagus, makanan yang cukup enak dengan berbagai pilihan. Dan pemandangan serta suasana jadi keunggulan"
"Sega goreng mafia sing manggon ning dalan setiabudi awakdewe pilih merga pingin golek panganan sing cepet. Ditambah yaiku salah siji kuliner sing wajib diparani ning bandung. Aku milih sega goreng sing favorit ning kene yaiku sega goreng bandit sing tingkat pedese ning level 3. Panganan sing disajikne cukup cepet, nanging sayange sega goreng sing tak pesen segane atos, bumbon rempahe ketutupan.","Nasi goreng mafia yang terletak di jalan setiabudi kami pilih karena ingin mencari makanan yang cepat. Ditambah merupakan salah satu kuliner yang wajib dikunjungi di bandung. Saya memilih nasi goreng yang favorit di sini yaitu nasi goreng bandit hingga tingkat kepedasan di level 3. Makanan yang disajikan cukup cepat, namun sayangnya nasi goreng yang saya pesan nasinya keras, bumbu rempahnya tertutupi.","Sega goreng mafia yang berjualan di jalan setiabudi kami pilih karena ingin mencari makanan yang cepat. Ditambah ya itu salah satu kuliner wajib ke bandung. Saya memilih sega goreng yang favorit di sini yaitu sega goreng bandit yang tingkat pedasnya di level 3. Makanan yang disajikan cukup cepat, namun sayangnya sega goreng yang saya pesan sega nya salah ya, bumbunya merpah tertutup."
Iki yaiku sop stengkel paling enak ning aceh tamiang.,Ini adalah sop stengkel terenak di aceh tamiang.,"Ini adalah sup tulang paling enak di aceh tamiang."""
Kanggo kakang admin tulung doooooonk bales pesen langsungku,Untuk kakak admin tolong doooooonk balas pesan langsung saya,"""Untuk para admin tolong dong dong dong balasin pesan langsungku"""
"Pemandangan sing utama ing sky lounge grandia iki memang isa ngeculake keselmu. Malah isa dadi, para pelancong nggolek area iki ndhisik, dibandingake ngaso ing kamar.","Pemandangan yang utama di sky lounge grandia ini memang dapat melepas penat anda. Bahkan bisa jadi, para pelancong mencari area ini terlebih dahulu, dibandingkan beristirahat di kamar.","Pemandangan utama di sky lounge grandia ini memang bisa menghilangkan kelelahan. Bahkan bisa jadi, para pelancong mencari area ini selain, beristirahat di kamar."
"Dhewe teka panggonan iki amarga lokasine sing cedhak karo panggonan dhewe nginep. Dhewe mesen sega bakar lan pasta. Sega bakare enak, akeh pilian, lan ora pedes, isa kanggo bocah-bocah. Dene pasta mung ana sak macem, nanging rasane uga enak. Rega panganan uga ora larang lan kajangkau kanggo panganan ing ngisor 30 ewu. Ing panggonan iki uga gratis wifi.","Kami mengunjungi tempat ini karena lokasinya yang berdekatan dengan tempat kami menginap. Kami memesan nasi bakar dan pasta. Nasi bakarnya enak, banyak pilihan, dan tidak pedas, bisa untuk anak-anak. Sedang pasta hanya ada satu macam, namun rasanya pun enak. Harga makanan pun tidak mahal dan terjangkau untuk makanan di bawah 30 ribu. Di tempat ini juga gratis wifi.","""Kami datang ke tempat ini karena lokasinya yang dekat dengan tempat kami menginap. Kami memesan nasi bakar dan pasta. Nasi bakarnya enak, banyak pilihan, dan tidak pedas, cocok untuk anak-anak. Untuk pasta hanya ada seperti itu, tetapi rasanya juga enak. Harga makanan juga tidak mahal dan terjangkau untuk makanan di malam hari 30 ribu. Di tempat ini juga gratis wifi."""
"Kanggo ngenthukne pemandangan sing apik kanthi cahyo lampu warna-warni, apike teka ing wayah wengi. Amarga nduweni latar mburi pemandangan jembatan Pasupati sing dadi simbol kota.","Untuk mendapatkan pemandangan yang bagus dengan cahaya lampu warna-warni, sebaiknya berkunjung pada malam hari. Karena memiliki latar belakang pemandangan jembatan Pasupati yang merupakan simbol kota.","Untuk menikmati pemandangan yang indah dengan cahaya lampu berwarna-berani, indah di malam hari. Karena memiliki latar belakang pemandangan jembatan Pasupati yang menjadi simbol kota."
"Aku teka ning resto sapulidi iki merga ana rekomendasi saka internet sing tau tak waca lak pemandangan sing apik banget lan panggon mangan pas ning sawah sing nggarai aku sir teka nyang panggon iki. Nanging pas aku teka kabeh ganti dadi elek, mulai panggon parkir sing isa diarani enek, dalan akses amoh lan panggon akses sing cilik.","Saya datang ke resto sapulidi ini karena rekomendasi dari internet yang pernah saya baca bahwa pemandangan yang sangat bagus dan tempat makan tepat di sawah yang membuat saya tertarik untuk datang ke tempat ini. Namun ketika saya sampai semua hal berubah menjadi buruk, mulai dari tempat parkir yang bisa dikatakan tersedia, jalan akses rusak dan kecilnya tempat akses.","""Saya ke resto sapulidi ini karena ada rekomendasi dari internet yang saya baca kalau pemandangan yang sangat bagus dan tempat makan di sawah yang membuat saya jauh ke tempat ini. Tapi begitu saya ke sana semua berubah jadi buruk, mulai tempat parkir yang bisa dianehkan ruwet, jalan akses menuju dan tempat akses yang sempit."""
"Amarga ngelih, aku pesen indomie.","Karena lapar, saya pesan indomie.","""Karena lapar, saya memesan indomie."""
"Sate wedhus lan gule wedhuse maknyus, penyajian panganane uga cepet tenan. Panggonane cukup resik","Sate kambing dan gulai kambingnya maknyus, penyajian makanannya juga sangat cepat. Tempatnya cukup bersih","Sate udang dan kuah udangnya sangat lezat, penyajian makanan pun sangat cepat. Tempatnya cukup bersih"
"Sup guramene enak, pelayanane cepet, grapyak. Restoran resik. Amarga porsi sega sithik tenan, kanggo sing doyan mangan mesthi nambah.","Sup guramenya enak, pelayanan cepat, ramah. Restoran bersih. Karena porsi nasi sangat sedikit, buat yang doyan makan pasti menambah.","Sup gurame enak, pelayanan cepat, ramah. Restoran bersih. Alasan porsi nasi cukup lezat, buat yang doyan makan tentu tambah."""
"Restorane ana pemandangan curuge, panggonan mangan kaya saung. Saunge ana akeh saka ngisor munggah nganthi ing ndhuwur, saya munggah saya katon pemandangan curuge.","Restorannya ada pemandangan air terjunnya, tempat makan berupa saung. Saungnya ada banyak dari bawah naik hingga ke atas, semakin ke atas semakin terlihat pemandangan air terjunnya.","""Restorannya memiliki pemandangan curug, tempat makan seperti saung. Saungnya terdapat banyak dari ujung bawah ke atas, saya naik saya duduk pemandangan curug."""
"Pelayane grapyak. Nggarai terus pingin teka maneh. Kebeneran uga kerep nginep ning kene, hotele resik lan pemandangane saka kamar hotel apik.","Pelayannya ramah. Bikin selalu ingin datang kembali. Kebetulan juga sering menginap di sini, hotelnya bersih dan pemandangan dari kamar hotel bagus.","Pelayanan ramah. Memaklumi terus ingin kembali. Benar-benar sering menginap di sini, hotel bersih dan pemandangan dari kamar hotel bagus."
"Mangan mbengi karo kabeh kaluwarga ing dina ulang taun bojo ndhuweni kesan tenan kanthi suasana sing narik ati ing hotel. Pelayanan sing grapyak tenan saka mas tian. Ora kudu ngenteni suwi, panganan lan ombean sing dipesen.","Makan malam bersama seluruh keluarga di hari ulang tahun suami menjadi sangat berkesan dengan suasana yang menawan di hotel. Pelayanan yang sangat ramah dari mas tian. Tidak perlu menunggu lama, makanan dan minuman yang dipesan.","Makan malam bersama semua keluarga pada malam tahun baru istri memiliki kesan yang sangat indah dengan suasana yang menarik di hotel. Pelayanan yang ramah sangat dari mas tian. Tidak perlu menunggu lama, makanan dan minuman yang dipesan."
"Obong terus pak, suwek-suwek wae persatuan lan kesatuan Indonesia nganggo retorika mu.","Bakar terus pak, cabik-cabik saja persatuan dan kesatuan Indonesia dengan retorika mu.","""Bohong terus pak, suwek-suwek saja persatuan dan kesatuan Indonesia pakai retorika kamu."""
"Manggon ana ing pinggiran bukit, panggonane amba, nyenengake lan nyaman. Nduwe pemandangan sek nyenengake mripat, kaya gunung, kebon, lan kutha bandung nalika didhelok saka ndhuwur. Pegawaine cekatan lan grapyak. Menu panganane akehe menu steak sanajan uga ana menu sega goreng, gurame, lan liya-liyane. Restoran sing direkomendasikake kanggo diparani nalika teka ing bandung.","Terletak di tepi bukit, tempatnya luas, menyenangkan dan nyaman. Memiliki pemandangan yang memanjakan mata, seperti gunung, perkebunan, dan kota bandung jika dilihat dari atas. Pegawainya cekatan dan ramah. Menu makanan di dominasi oleh menu steak walaupun ada juga menu nasi goreng, gurame, dll. Restoran yang direkomendasikan untuk dikunjungi ketika datang ke bandung.","""Tempat duduk di tepi bukit, pemandangan luas, menghibur dan nyaman. Dengan pemandangan yang menghibur pandangan seperti gunung, kebun, dan kota bandung saat dilihat dari atas. Pelayanan cepat dan ramah. Menu makanan beragam menu steak dan juga ada menu nasi goreng, gurame, dan lain-lain. Restoran yang direkomendasikan untuk dikunjungi saat ke bandung."""
Bca lagi ngadakake acara ulang tahun lan ngundang kabeh karyawane kanggo melu acara kuwi.,Bca sedang mengadakan acara ulang tahun dan mengundang seluruh karyawannya untuk mengikuti acara tersebut.,"""Bca mengadakan acara ulang tahun dan mengundang seluruh karyawannya untuk mengikuti acara tersebut."""
"Kawit mbukak cendana bistro aku wis njajal panganan, dinggo aku kurang cocok, panganane biasa-biasa ora ana sing spesial.","Sejak buka cendana bistro saya sudah coba makanan, untuk saya kurang cocok, makanannya biasa-biasa tidak ada yang spesial.","Untuk pertama kalinya saya mencoba makanan, untuk saya kurang cocok, makanannya biasa-biasa tidak ada yang spesial."
Minimal biaya transaksi wulan 11 sing kudune dibalekake wulan 12 wingi ora mlebu ing rekeningku kie.,Minimal biaya transaksi bulan 11 yang harusnya direfund bulan 12 kemarin tidak masuk ke rekening saya nih.,"Biaya transaksi bulan 11 yang seharusnya dibayarkan bulan 12 kemarin tidak masuk ke dalam rekening saya ini."""
"Sakwise kalap blanja, dhewe mutusake kanggo mangan ing warung tenda pinggir dalan. Ana ing lelungan marang hotel, dhewe lewat dalan cilik kanggo nyingkir saka macet, lan ketemu warteg iki. Pas teka rame banget! Dhewe kudu antri sediluk. Dhewe pesen sega uduk, pithik bakar madu, usus, kubis goreng. Rasane enak! Pithik bakar madune parah nggawe kemaningan banget!","Setelah kalap belanja, kami memutuskan untuk makan di warung tenda pinggir jalan. Dalam perjalanan pulang ke hotel, kita lewat jalan kecil untuk menghindari macet, dan bertemu warteg ini. Pas datang ramai banget! Kita mesti antre sebentar. Kami pesan nasi uduk, ayam bakar madu, usus, kol goreng. Rasanya enak! Ayam bakar madunya parah bikin ketagihan banget!","Seperti biasa berbelanja, kami memutuskan untuk makan di warung tenda pinggir jalan. Dalam perjalanan menuju hotel, kami melewati jalan kecil untuk menghindari macet, dan bertemu warteg ini. Saat tiba ramai sekali! Kami harus antri lama. Kami memesan nasi uduk, ayam bakar madu, usus, kubis goreng. Rasanya enak! Ayam bakar madunya parah membuat kepuasan sekali!"""
Beritane sing ora berkualitas lan ora ndidik pol. Kebeg kepentingan lan golek rai.,Pemberitaanya yang tidak berkualitas dan sangat tidak mendidik. Penuh kepentingan dan pencitraan,"Beritanya yang tidak berkualitas dan tidak mendidik sekali. Kepentingan pribadi dan cari untung."""
Bakul alon nanggepi. Ana masalah suwe diurus. Nganti saiki barang urung diganti,Penjual lambat menanggapi. Ada kendala lama diurus. Sampai sekarang barang belum diganti,Pemilik toko mengeluh. Ada masalah lama diurus. Sampai sekarang barang belum diganti
Aja lewatke diskon langsung nganti Rp 10 yuta ning kene!,Jangan lewatkan diskon langsung hingga Rp 10 juta di sini!,"""Bawa pulang diskon langsung sampai Rp 10 juta di sini!"""
Pt kami lan 12 bank wis tapak asma pembiayaan lrt jabodetabek,Pt kami dan 12 bank sudah menandatangani pembiayaan lrt jabodebek,"""Pt kami dan 12 bank telah menandatangani perjanjian asuransi pembiayaan lrt jabodetabek"""
"Nembe ngerti babagan panggonan iki saka kanca, wektu dhewe teka pengunjunge ora patia akeh, dadi dhewe milih kanggo lungguh ing lantai loro karo nikmati pemandangan ing njaba. Mbengi kuwi lagi ana pagelaran musik, aku kurang ngerti apa pagelaran musik iki ana saben dina apa ora.","Baru tahu tentang tempat ini dari teman, waktu kami datang pengunjungnya tidak terlalu banyak, jadi kami memilih untuk duduk di lantai dua sambil menikmati pemandangan di luar. Malam itu sedang ada pertunjukan musik, saya kurang tahu apakah pertunjukan musik ini ada tiap hari atau tidak.","Kepilih dari teman, waktu kami datang pengunjung tidak banyak, jadi kami memilih untuk duduk di lantai atas sambil menikmati pemandangan di luar. Malam itu lagi ada pertunjukan musik, saya kurang tahu apa pertunjukan musik ini setiap hari apa tidak."""
Aku pingin tuku 20 tiket dinggo laga persebaya vs arema sesok.,Saya ingin beli 20 tiket untuk laga persebaya vs arema besok.,"""Aku ingin membeli 20 tiket untuk pertandingan persebaya vs arema besok."""
"Panganan uwis oke, nanging kanggo nata panggonan lungguh kurang, katon rame banget dadi ora nyaman, rega lumayan kanthi kualitas sing kurang.","Makanan sudah oke, namun untuk penataan tempat duduk kurang, terlihat terlalu ramai sehingga tidak nyaman, harga lumayan dengan kualitas yang kurang.","Makanan sudah oke, tapi untuk menaruh barang kalau lama kurang, agak ramai jadi tidak nyaman, harga lumayan dengan kualitas yang kurang."
"Aku seneng suwi-suwi ning kene, merga kahanane enak, pencahayaane apik, ana plihan isa ning jaba nggen utawa ning jero. Panganane lumayan.","Saya senang berlama-lama di sini, karena suasananya enak, pencahayaannya bagus, ada pilihan bisa di luar ruangan atau di dalam. Makanannya lumayan.","""Saya suka beberapa kali ke sini, karena tempatnya enak, pencahayaannya bagus, bisa di dalam maupun di luar. Makanannya lumayan."""
Kabeh sing diomongne pak rocky iku ora ana dasare. Nggumun yo kok isa dadi profesor.,Semua yang diomongin sama pak rocky itu tidak berdasar. Heran ya kok bisa jadi professor.,"Semua yang dikatakan pak rocky itu tidak ada dasarnya. Ngbasa ya kok bisa jadi profesor."""
"Restoran iki nduweni lokasi sing prima ing bukit-bukit sing nduweni hawa sejuk lan pemandangan ijo nyegerake. Mesthi wae tujuan utamane yaiku masakan khas nusantara sing nikmat. Cekake, ngunjungi mrene dhewe entuk ngelakokake sisan wisata ilat, mripat, lan jiwa.","Restoran ini memiliki lokasi yang prima di perbukitan yang memiliki udara sejuk dan pemandangan hijau menyegarkan. Tentu saja tujuan utamanya adalah masakan khas nusantara yang nikmat. Singkatnya, berkunjung ke sini kita dapat melakukan sekaligus wisata lidah, mata, dan jiwa.","""Restoran ini memiliki lokasi yang prima di bukit-bukit yang memiliki udara sejuk dan pemandangan hijau menyegarkan. Tentu saja tujuan utamanya adalah masakan khas nusantara yang nikmat. Cobalah, berkunjung ke sini kita dapat mengalihkan ke beberapa wisata alam, singgah, dan jiwa."""
"Bojoku sek ora terlalu seneng karo ramen, kanggo siki deknen ngomong nek enak lan gurih. Deknen malah mesen maneh kanggo deknen sakwise nyicipi pesenanku.","Istri saya yang tidak terlalu suka ramen, untuk kali ini dia bilang enak dan gurih. Dia malah memesan lagi untuk dirinya setelah mencicipi pesanan saya.","Pasangan saya tidak terlalu suka dengan ramen, untuk kali ini dia mengomentarkan bahwa enak dan gurih. Dia malah memesan lagi demi dia mencicipi pesanan saya."
Panggone nyaman. Rasane enak. Regane uga saat. Weduse ora prengus. Pokoke cocok kanggo wong sing seneng njajan wedus.,Tempatnya nyaman. Rasanya enak. Harganya juga saat. Kambingnya tidak bau. Pokoknya recomend buat pecinta kuliner kambing.,Tempatnya nyaman. Rasanya enak. Harga juga sewajarnya. Kebersihannya tidak bermasimah. Pokoknya cocok buat orang yang suka makan makanan basah.
"Salah siji restoran panganan laut paling apik ing kota iki. Apike teka pas preinan dina setu, yuyu isih apik lagi teka. Rega kompetitif, ora murah pancen nanging ora kelarangen kok.","Salah satu restoran seafood terbaik di kota ini. Sebaiknya datang pas liburan hari sabtu, kepiting masih bagus baru datang. Harga bersaing, tidak murah memang tapi tidak kemahalan kok.","Salah satu restoran makanan laut terbaik di kota ini. Ikan paling enak ketika musim hujan, kepiting masih enak kalau musim panas. Harga kompetitif, tidak murahan memang tapi tidak mahal kok."""
"Kanggo nggolek batagor sing asli, kowe ora perlu adoh-adoh nggoleke marang pelosok, cukup arahke kendaraan marang dalan saka djunjunan, dhewe isa nikmati batagor asli sing enak kanthi panggonan sing kapenak. Rasa batagor sing ditawakake ngugah salira tenan amarga batagor disajikake garing-garinge lan diguyang kuwah kacang sing seger","Untuk menemukan batagor yang otentik, anda tak perlu jauh-jauh mencarinya ke pelosok, cukup arahkan kendaraan ke jalan dari djunjunan, kita dapat menikmati batagor asli yang enak dengan tempat yang nyaman. Rasa batagor yang ditawarkan sangat menggugah selera karena batagor disajikan garing-garingnya serta disiram kuah kacang yang segar","Untuk mencari batagor yang asli, anda tidak perlu jauh-jauh mencari ke pelosok, cukup arahkan kendaraan ke jalan dari djunjunan, kami dapat menikmati batagor asli yang enak di tempat yang nyaman. Rasa batagor yang ditawarkan sangat memuaskan karena batagor disajikan renyah renyah dan diguyangkau ke atas kuwah kacang yang segar"
"Citarasane biasa wae, ora ana sek spesial. Kudune ngenteni cukup suwi nganti teka panganane, pelayane uga kurang grapyak.","Citarasa biasa saja, tidak ada yang spesial. Harus menunggu cukup lama datangnya makanan, pelayan juga kurang ramah.","Citarasanya biasa saja, tidak ada yang spesial. Seharusnya menunggu cukup lama hingga keluar makanannya, pelayannya juga kurang ramah."""
Roti ulang tahune spesial nganggo ndhog sakpiring ditambah mozzarella kanggo kowe,Kue ulang tahun spesial pakai telur sepiring plus mozzarella buat kamu,Roti ulang tahun spesial dengan whipped cream di atas piring ditambah mozzarella untuk anda
Arep nesu marang indosat! Kok sinyale ilang terus si,Mau marah ke indosat! Kok sinyalnya hilang melulu si,Punya tagihan pulsa indosat tapi sinyal hilang terus ya
"Omah mangan sing ngusung konsep tradisional alias jadul iki pantes kowe coba. Kejaba rasane sing pas, warung iki duweni sawetara perkara unik kaya piring sing dienggo yaiku piring seng jaman mbiyen karo gelas ombeane. Jenis menune aneka werna banget. Lan sakkabehe enak enak!","Rumah makan yang mengusung konsep tradisional alias jadul ini patut anda coba. Selain rasanya yang pas, warung ini memiliki beberapa hal unik seperti piring yang digunakan adalah piring seng zaman dahulu berikut gelas minumnya. Jenis menunya sangat beragam. Dan semuanya enak enak!","Rumah makan yang membawa konsep tradisional alias jaman dulu ini pantas anda coba. Setelah rasanya yang pas, warung ini punya beberapa hal unik seperti piring yang digunakan yaitu piring tembaga era dulu serta gelas minumannya. Jenis menunya sangat beragam. Dan sambalnya enak enak!"""
Kfc Palembang Square kerep dadi peyelamat pas luwe pas aku nginep ning sekitar hotel ning lokasi iku. Kabeh wong seneng kfc. Dadi. Kfc ning lokasi iki nyepetne sampeyan dinggo pesen pas sampeyan keluwen ning jero hotel.,Kfc Palembang Square seringkali menjadi penyelamat di saat lapar saat saya menginap di sekitaran hotel di lokasi itu. Semua orang suka kfc. So. Kfc di lokasi ini menyegerakan anda untuk memesan saat anda kelaparan di dalam hotel.,"""Kfc Palembang Square sering jadi penyelamat pas gue tinggal di sekitar hotel di lokasi itu. Semua orang suka kfc. Jadi. Kfc di lokasi itu dekat dengan anda untuk pesan ketika anda kelelahan di balik hotel."""
Aneka werna ombean seger kasadia awit saka jus buah nganti rena-rena teh.,Berbagai macam minuman segar tersedia mulai dari jus buah sampai aneka teh.,Berbagai macam minuman segar menyegarkan mulai dari jus buah hingga berbagai jenis teh.
"Dekwingi 10 Maret 2015, aku dijak anakku mangan awan ning kene. Aku pesen urang kremes lan jangan asem. Bener-bener enak. Lan sing spesial ning kene yaiku sambele, pedes nanging pancet gelem nambah. Jus blackberryne uga enak.","Kemarin 10 Maret 2015, saya diajak anak saya makan siang di sini. Saya pesan udang kremes dan sayur asam. Betul-betul enak. Dan yang spesial di sini adalah sambalnya, pedas tapi tetap mau menambah. Jus blackberrynya juga enak.","Pada hari 10 Maret 2015, saya dijak anak saya makan siang di sini. Saya pesan ayam kremes dan jangan asam. Benar-benar enak. Dan yang spesial di sini adalah sambalnya, pedas tapi manis. Jus blackberrynya juga enak."
Ndhuwe restoran kudu mewah rapi mosok iki lumuten jamuren pelayane kurang muasake mosok aku ditumpahi banyu sek ombeyane ana madune aku iki alergi madu,Punya restoran harus mewah rapi masa ini berlumut berjamur pelayan kurang memuaskan masa saya ditumpahkan air mana minumnya ada madu saya itu alergi madu,"Mesti punya restoran mewah rapi gak sih jamurnya pelayannya kurang memuaskan sih kok aku ditumpahi air minum biar diajarnya banyu saya ada madu"""
"Aku nembe bae ganti kartu sing rusak, nanging tetep ora ana sinyal.","Saya baru saja ganti kartu yang rusak, tapi tetap tidak ada sinyal.","Saya tukar saja kartu yang rusak, tapi tetap tidak ada sinyal."
Adohi narkoba yaiku salah siji cara sing isa digunakake kanggo ningkatake kualitas anak bangsa.,Jauhi narkoba adalah salah satu cara yang bisa digunakan untuk meningkatkan kualitas anak bangsa.,Menyalahi narkoba adalah salah satu cara yang bisa digunakan untuk meningkatkan kualitas anak bangsa.
"Kafe iki ndhuweni arsitektur bangunan kang apik banget. Amarga penasaran, aku njupuk wektu muteri karo ngenteni panganan teka. Ana galeri sing kebak karo koleksi-koleksi kayu lan ing njaba galeri, katon pemandangan bandung saka ndhuwur. Ing sakitare uga akeh kursi kang digawe saka kayu lan uga watu-watu. Saka panganane, regane kalebu lumayan standar cocok karo kafe-kafe. Aku seneng suasanane.","Kafe ini memiliki arsitektur bangunan yang sangat bagus. Karena penasaran, saya meluangkan waktu berkeliling sembari menunggu makanan datang. Ada galeri yang penuh dengan koleksi-koleksi kayu dan di luar galeri, tampak pemandangan bandung dari ketinggian. Di sekitar banyak juga kursi terbuat dari kayu dan juga bebatuan. Dari sisi makanan, harganya termasuk relatif standar sesuai dengan cafe-cafe. Saya suka suasananya.","""Kafe ini memiliki arsitektur bangunan yang sangat indah. Karena penasaran, saya menunggu waktu sambil menikmati makanan datang. Ada galeri yang penuh dengan koleksi-koleksi kayu dan di samping galeri, terdapat pemandangan bandung dari atas. Di bagian luar juga banyak kursi yang terbuat dari kayu dan batu-batu. Dari makanan, harganya agak mahal standar cocok dengan kafe-kafe. Saya suka suasananya."""
"Nganggoa kunci duplikat, bank bri ing tengah kutha dibobol maling, dhuwit rp 1 miliar muspra.","Gunakan kunci duplikat, bank bri di pusat kota dibobol maling, uang rp 1 miliar lenyap.","Menggunakan kunci duplikat, bank bri di tengah kota dibobol maling, uang rp 1 miliar muspra."""
"Mbengi sekitar jam pituan dijak pelanggan marang panggonan mangan iki, umume sih panganane luwih akeh sek di goreng-goreng ngono kaya pithik, babat, usus, ati ampela, nanging miturutku sih rasane biasa wae, lan minyake ing panganan akeh banget. Nanging variane cukup akeh:","Malam sekitar jam tujuan diajak klien ke tempat makan ini, over all sih makanannya lebih banyak yang di goreng-goreng begitu kayak ayam, babat, usus, ati ampela, tapi menurut saya sih rasanya biasa saja, dan minyaknya di makanan terlalu banyak. Tapi variannya cukup banyak:","""Malam sekitar jam setengah sepuluh dibawa pelanggan ke tempat makan ini, umumnya sih makanan lebih banyak di goreng-goreng begitu seperti ayam, perut, usus, hati ampela, tapi menurut saya sih rasanya biasa saja, dan minumannya di dalam makanan banyak banget. Namun variasinya cukup banyak:"""
"Hai angga, dingge penerbitan tiket owahan jadwal kudu nglakokne pembayaran disik ya.","Hai angga, untuk penerbitan tiket perubahan jadwal diharuskan melakukan pembayaran dulu ya.","""Hai agung, untuk penerbitan tiket perjalanan jadwal harus melakukan pembayaran sebelum ya."""
Masku dodol iphone 8 kanggo tuku ps5,Kakak lelaki saya menjual iphone 8 untuk membeli ps5,Pasanganku kayaknya akan membeli iphone 8 untuk membeli ps5
Aku mbela-mbelani saka bogor 7 jam kanggo mangan sup buntute nanging aku enteni saka jam 8.30 hurung buka uga. Akhire aku teka jam 10.00. Pesen sup buntute hurung ana kanthi alesan mau mbengi rame dadi kokine isih kesel. Wow alesan macem apa kaya kuwi? Beda tenan wektu aku mangan 1 taun kepungkur ya. Panggonane reged tenan kaya ora niat ndhuwe usaha.,Saya bela-belain dari bogor 7 jam demi makan sup buntutnya tetapi saya tunggu dari jam 8.30 belum buka juga. Akhirnya saya datang jam 10.00. Pesan sup buntut belum ada dengan alasan tadi malam ramai jadi chefnya masih tepar. Wow alasan macam apa seperti itu? Beda sekali waktu saya makan 1 tahun yang lalu ya. Tempat sangat kotor seperti tidak niat punya usaha.,"""Saya bela-bela dari bogor 7 jam buat makan sup buntutnya tapi saya menunggu dari jam 8.30 belum buka juga. Akhirnya saya datang jam 10.00. Pesen sup buntutnya belum ada dengan alasan akan tidur malam jadi kesannya masih kecewa. Wow alasan macam apa sih? Bedanya jauh waktu saya makan 1 tahun lalu ya. Tempatnya ramai sekali seolah tidak berniat melakukan usaha."""
"Kanggo ngecek layanan mandiri verified by visa vbv ora isa lewat layanan mandiri call 14000, nanging mung isa lewat email lan kantor cabang bank mandiri.","Untuk pengecekan layanan mandiri verified by visa vbv tidak dapat melalui layanan mandiri call 14000, namun hanya bisa melalui email dan kantor cabang bank mandiri.","Untuk melakukan verifikasi verified by visa vbv tidak bisa melalui layanan mandiri call 14000, tetapi hanya dapat melalui email dan kantor cabang bank mandiri."""
"Kudu njajal nggo nyantai utawa mangan mbengi nang 18th iki, pemandangan sek katon ki apik lan sek dadi daya tarik nang 18th yaiku ndue mester kaca. Regane lumayan larang amarga panggonane ana ing trans hotel, namung unda-undi karo rasa kepenake.","Harus coba untuk bersantai atau makan malam di the 18th ini, pemandangan yang didapat baik dan yang menjadi daya tarik di the 18th terdapat lantai kaca. Untuk harga cukup tergolong mahal karena terletak di trans hotel, tetapi sebanding dengan rasa kenyamanannya.","Perlu mencoba buat santai atau makan malam di 18th tahun ini, pemandangan yang sopan berawal dari daya tarik 18th yaitu memiliki master kaca. Harga cukup mahal karena tempatnya di trans hotel, namun jauh-jauh dari rasa kepenake."""
Salah siji mal nganggo konsep sing lumayan unik. Akeh pilihan restoran dadi cocok dingge ngentekne wektu bareng kanca-kanca.,Salah satu mal dengan konsep yang cukup unik. Banyak pilihan restoran sehingga cocok untuk menghabiskan waktu bersama teman-teman.,Salah satu mal memiliki konsep yang cukup unik. Banyak pilihan restoran sehingga cocok untuk bersantai bersama teman-teman.
"Lokasine ana ing dalam utama dadi gampang dhewe kanggo tekan panggonane, yen ora nduwe kendaraan dhewe iki bisa ditekani kanggo kendaraan umum. Menu panganane akeh tenan lan ana pirang-pirang menu sing anyar pisanan aku nemu ing kedai iki, rasane enak kanggo rega sing standar, panggonane kapenak tenan.","Lokasinya berada di jalan utama sehingga memudahkan kami untuk mencapai tempatnya, jika tidak memiliki kendaraan pribadi tempat ini dapat dijangkau dengan kendaraan umum. Menu makanannya sangat banyak dan ada beberapa menu yang baru pertama kali saya temukan di kedai ini, rasanya pun enak dengan harga yang standar, tempatnya sangat nyaman.","Lokasinya berada di dalam pusat perbelanjaan sehingga mudah bagi kita untuk menekan tempatnya, jika tidak memiliki kendaraan kita ini bisa ditekan untuk kendaraan umum. Menu makanan sangat banyak dan ada beberapa menu baru yang saya temukan di kedai ini, rasanya enak untuk harga yang standar, tempatnya nyaman sekali."""
Panggonan iki ora cocok kanggo kaluwarga sing nggawa bayi. Dalanane curam tenan. Kanggo anjungan foto ing njaba mung entuk diisi  paling akeh 10 uwong nanging isih akeh sing meksa munggah kanggo foto.,Tempat ini tidak cocok untuk keluarga yang membawa anak balita. Jalanan sangat curam. Untuk anjungan foto di luar hanya boleh diisi max 10 orang tetapi masih banyak yang memaksa naik untuk berfoto.,"Tempat ini kurang cocok untuk keluarga yang membawa bayi. Jalanannya sangat curam. Untuk pemandangan foto di luar hanya bisa diisi paling banyak 10 orang tapi masih banyak yang memaksakan diri untuk berfoto."""
"Panggonan iki salah sawijine panggonan favoritku kanggo ndhelok bogor ing dina mbengi, kanthi suwasanane sing kapenak dikancani karo panganan lan ombeane lan pelayanane sing grapyak. Cahya kutha sing tenan-tenan ayu isa kethok saka kene. Panggonan sing direkomendasikake kanggo ngentekake wektu bareng pasangan, kaluwarga utawa kanca raket.","Tempat ini salah satu tempat favourite saya untuk melihat bogor di malam hari, dengan suasananya yang nyaman ditemani dengan makanan dan minumannya serta pelayanannya yang ramah. Cahaya kota yang benar-benar indah bisa terlihat dari sini. Tempat yang rekomendasi untuk menghabiskan waktu bersama pasangan, keluarga atau sahabat.","""Tempat ini salah satu tempat favorit saya untuk melihat bogor pada malam hari, dengan suasana yang sangat nyaman dipadukan dengan makanan dan minuman serta pelayanan yang ramah. Cahaya kota yang sangat cantik bisa disaksikan dari sini. Tempat yang sangat direkomendasikan untuk menghabiskan waktu bersama pasangan, keluarga maupun teman-teman."""
"Gela karo proses mbatalne tiket, wis 43 dina nanging ora ndang ditransfer. loket ora gelem ngelayani","Kecewa dengan proses pembatalan tiket, sudah 43 hari tapi tak kunjung ditransfer. loket tidak mau melayani","Gelal karo proses pembatalan tiket, sudah 43 hari tapi belum ditransfer. loket enggak mau melayani"""
"Pilian mangan lan ngombene akeh kanggo dipilih. Lan panggone gede, dibagi dadi pirang-pirang bagian lan konsep. Lak rega cukupan pas kanggo ning sak.","Pilihan makan dan minuman banyak untuk dipilih. Dan tempatnya besar, dibagi menjadi beberapa bagian dan konsep. Untuk harga cukup pas buat di kantong.","Pilihan makan dan bicara banyak yang bisa dipilih. Dan tempatnya besar, dibagi jadi beberapa bagian dan konsep. Kalau harga cukup sesuai untuk di sana."
"Restoran gaya jaman bityen. Ana display kue-kue, es krim uga. Suwasanane nyaman. Panganan khas omahan. Isa dinggo rombongan utawa karo kaluwarga. Panganane enak. Sega ulame enak. Sega tutug oncome uga oke. Masakan eropa, asia, nusantara kasadia ning kene. Karek milih. Bocah-bocah seneng mangan es krime ning kene.","Restoran bergaya zaman dahulu. Ada display kue-kue, es krim juga. Suasana nyaman. Makanan khas rumahan. Bisa untuk rombongan maupun dengan keluarga. Makannya enak. Nasi ulamnya enak. Nasi tutug oncomnya juga oke. Masakan eropa, asia, nusantara tersedia di sini. Tinggal pilih. Anak-anak suka makan es krimnya di sini.","""Restoran bergaya jaman dahulu. Ada display kue-kue, es krim juga. Suasana nyaman. Makanan khas daerah. Bisa buat rombongan atau keluarga. Makanan enak. Segar ulamnya enak. Segar tahu oncomnya juga oke. Masakan eropa, asia, nusantara tersedia di sini. Pilihan banyak. Anak-anak suka makan es krim di sini."""
"Salah sijine jeneng batagor sing kondhang ing bandung. Rasane nikmat, kanggo rega per buwahe rp. 10 ewu. Pesen 3 buwah kanggo aku cukup maregi amarga ukuran per buwahe cukup gedhe.","Salah satu nama batagor yang terkenal di bandung. Rasanya nikmat, untuk harga per buahnya rp. 10 ribu. Order 3 buah untuk saya cukup mengenyangkan karena ukurannya per buahnya cukup besar.","Salah satu legenda batagor yang terkenal di bandung. Rasa yang nikmat, untuk harga per buahnya rp. 10 ribu. Pesan 3 buah untuk saya cukup kenyang karena ukuran per buahnya cukup besar."""
Tau percaya karo body lotion citra nggarai wulu tambah akeh,Pernah percaya kalau body lotion citra bikin bulu tambah banyak,"""Ketahuilah dengan body lotion citra membuat kulit semakin banyak"""
Macet nang ngendi-ngendi yen lagi preinan.,Macet di mana-mana kalau lagi liburan,Macet ke mana-mana kalau lagi hujan deras.
"Tulung dikabarne kronologi lengkape, pulsa awit karo keri karo nyebutne tim ya mas/mbak, tim bakale ngecek transaksi penggaweane pulsane","Mohon informasikan detail kronologi, pulsa awal dan akhir dengan mention tim ya kak, tim akan cek transaksi pemakaian pulsanya","Mohon disampaikan kronologi singkat, pulsa habis dan keri karo menyebutkan tim ya mas/mbak, tim akan cek transaksi penggunaannya pulsa"
"Area mangan ing njabane nyenengake. Igane oke, rasane enak. Jus jeruke ditambah stroberine nikmat. Regane uga oke.","Area makan di luarnya menyenangkan. Iganya oke, rasanya enak. Jus orange plus stroberinya nikmat. Harganya pun oke.","Area makan di dalamnya menyenangkan. Pilihan baik, rasanya enak. Jus jeruk ditambah stroberi nikmat. Harga juga OK."""
Kanggo kowe sek nggolek resto kanthi suwasana sek romantis ora salah maneh uga moro mrene. Lan yen kurang kowe pas-pasan pesen wae menu sek entheng-entheng. Aja diapusi karo gambar ana ing buku menu yen ora pengen nyesel. Menu sukine luwih oke namung kayane ngapae ya adoh-adoh macet-macetan mara mrene mung nggolek kuwi. Ing kutha luwih afdol kayane. Pemandangane jogja mbengine nyekel.,Buat anda yang mencari resto dengan suasana yang romantis tidak salah lagi ke sini saja. Dan kalau rendah anda pas-pasan pesan saja menu yang ringan-ringan. Jangan terkecoh dengan picture di buku menu kalau tidak mau menyesal. Menu sukinya lebih oke tapi kayaknya ngapain ya jauh-jauh bermacet ria ke sini cuma mencari itu. Di kota lebih afdol kayaknya. Pemandangan jogja malamnya memegang.,"""Untuk anda yang mencari resto dengan suasana yang romantis tidak salah juga datang ke sini. Dan jika kurang anda pas-pasan pesan saja menu yang enteng-enteng. Jangan lupa memesan dengan gambar di buku menu kalau tidak ingin nyesel. Menu favorit saya lebih oke tapi kayaknya ngapae ya adoh-adoh macet-macetan jangan ke sini cuma cari itu. Di kota lebih afdol kayaknya. Pemandangan jogja terbentang."""
Rasane meh pada karo resto sing liyane sing dodolan iwak laut. Aman resik lan pelayanane cepet,Rasanya hampir sama dengan resto yang lain yang jualan seafood. Aman bersih dan pelayanannya cepat.,Rasanya sama dengan resto lain yang jual iwak laut. Aman bersih dan pelayanan cepat
Hasil itung cepet dinyatakne seje karo hasil survei nggarai aku nggumun.,Hasil quick count dinyatakan berbeda dengan hasil survei membuat saya bertanya-tanya.,"""Hasil hitung cepat menyatakan beda dari hasil survei sehingga saya menanyakan."""
"Kapisan marang mrene kuwi ngerayakake kelulusan adikku, panggonane kuwi loh, apik tenan. Desaine uga unik, apik, kapenak, kapenak, cocok tenan kanggo mangan mbengi bareng kaluwarga, pasangan, sedulur, lan kanca-kanca, pemandangane uga apik, panganane uga enak-enak. Regane sebanding karo pelayanane, ora gela marang mrene. Bener-bener direkomendasikake.","Pertama ke sini itu merayakan kelulusan adikku, tempatnya itu loh, keren banget. Desainnya juga unik, keren, nyaman, nyaman, cocok betul untuk makan malam bareng keluarga, pasangan, saudara, dan teman-teman, pemandangannya juga keren, makanannya juga enak-enak. Harga sebanding dengan pelayanannya, tidak menyesal ke sini. Sangat-sangat direkomendasikan.","""Kami ke sini untuk merayakan kelulusan adik saya, tempatnya itu cantik sekali. Desainnya juga unik, cantik, nyaman, nyaman, sangat cocok untuk makan malam bersama keluarga, pasangan, teman, dan teman-teman, pemandangannya pun cantik, makanan pun lezat-lezat. Harga sepadan dengan pelayanan, tidak mengecewakan ke sini. Sangat direkomendasikan."""
"Kabisan ngerteni woconan mben uwong kuwi seje-seje, ana sing pisan moco langsung ngerti, ana uga sing butuh ping bolak-balik moco disik lagek ngerti.","Kemampuan memahami bacaan tiap orang itu beda-beda, ada yang sekali baca sudah paham, ada juga yang butuh berkali-kali baca dulu baru paham.","Susah mengerti wajahnya orang itu satu-satu, ada yang masih melempar pandangan sesekali ya, ada yang butuh waktu bolak-balik melempar pandangan juga baru mengerti."
Wow tenan kaget karo layanan satuan pengamanane bkpn bromo malang. Tenan diskriminasi banget. Yen aku mung pengen informasi babagan produke deknen. Dhewe diremehake. Cenderung ngusir. Kuciwa tenan!,Wow benar-benar terkejut sama layanan satuan pengamanannya bkpn bromo malang. Benar diskriminasi banget. Kalau kita hanya mau informasi tentang produk mereka. Kita disepelekan. Cenderung mengusir. Kecewa sekali!,"Wow sungguh mengejutkan dengan layanan satuan keamanan bkpn bromo malang. Sangat diskriminatif. Kalau saya hanya ingin informasi mengenai produknya saja. Kami diremehkan. Biasanya mengusir. Sangat kecewa!"""
"Bandung terkenal dadi panggon produksi tahu lokal karo kuwalitas apik, salah siji sing paling apik isa digoleki ning warung talaga. Deweke nduwe pabrik dewe ning dalan Jendral sudirman, nanging ngembangne bisnise dadi sajian kuliner uga. Ana rena-rena pilihan sajian tahu. Direkomendasikne banget dinggo pecinta kuliner.","Bandung terkenal sebagai tempat produksi tahu lokal dengan kualitas prima, salah satu yang terbaik bisa dicari di warung talaga. Mereka punya pabrik sendiri di jalan Jendral sudirman, tapi mengembangkan bisnisnya menjadi sajian kuliner juga. Ada berbagai pilihan sajian tahu. Sangat direkomendasikan bagi pecinta kuliner.","Bandung dikenal sebagai tempat produksi tahu lokal berkualitas tinggi, salah satu yang terbaik bisa dicicipi di warung talaga. Mereka memiliki pabrik sendiri di jalan Jendral sudirman, tetapi mengembangkan bisnise menjadi juga penyajian kuliner. Ada beberapa pilihan menyajikan tahu. Sangat direkomendasikan bagi pecinta kuliner."
Tulung dikirimke meneh tagihanku sasi wingi,Mohon dikirimkan kembali tagihan saya bulan lalu,Mohon dikirim kembali tagihan saya sebelumnya
"Salah siji menu paling tak senengi iku mcflurry rena-rena rasa liyane paket karo iwak pitik loro. Rumangsaku, pitike mcd nduwe citarasa dewe ning bagian dodone yo teksture alus lan bumbune gurih.","Salah satu menu favorit saya adalah mcflurry aneka rasa selain menu paket dengan dua ayam. Menurut saya, ayam mcd memiliki citarasa tersendiri di bagian dadanya pun memiliki tekstur yang lembut dan bumbunya gurih.","Salah satu menu paling tidak favorit saya adalah mcflurry berbagai rasa dalam satu paket dengan ayam fillet. Rumahnya, fillet mcd memiliki cita rasa sendiri dalam bagian dagingnya juga teksturnya halus dan bumbu gurih."""
Aku ngrasa kaganggu ndelok parkiran mobil uwong nutupi dalan umum.,Saya merasa terganggu melihat parkiran mobil orang menutupi jalan umum.,Saya merasa mengganggu melihat parkiran mobil orang menutup jalan umum.
"Satene gedi-gedi. Bumbune dipisah. Diwehi rajangan brambang lan lombok riwit didang, porsi lontong karo segane uga pas. Pokoke aku seneng.","Satenya besar-besar. Bumbunya dipisah. Dikasih irisan bawang merah dan cabe rawit dikukus, porsi lontong sama nasinya juga pas. Pokoknya saya suka.","""Satanya besar-besar. Bumbu dipisahkan. Diinakkan daun brambak dan lombok bawang merah, porsi lontong dan sayur juga pas. Pokoknya saya suka."""
"Yen didelok-delok, sandiaga uno karo nadiem makarim mirip yo","Kalau dilihat-lihat, sandiaga uno sama nadiem makarim mirip ya","Kalau dilihat-lihat, sandiaga uno sama nadiem makarim mirip juga"
Sugeng enjang. Wah kuciwa tenan mosok indihome internet ora kocek maneh. Aku kuwi mbayar larang. Aja nguciwakake dhewe sing dadi pelanggan,Selamat pagi. Wah kecewa berat masa indihome internet tidak kocek lagi. Saya itu bayar mahal. Jangan kecewakan kami sebagai pelanggan,Selamat pagi. Wah kecewa sekali ternyata indihome internet tidak gratis lagi. Saya itu bayar mahal. Jangan mengecewakan kami yang jadi pelanggan
"Sopir ora teka ing panggonan kang dituju, nanging ing aplikasi wis picu munggah, lan gopay wis kapotong, kapok aku nganggi gojek","Driver tidak datang ke tempat tujuan, tetapi di aplikasi sudah picu naik, dan gopay sudah terpotong, kapok saya pakai gojek","""Sopir tidak datang ke tempat tujuan, tetapi di aplikasi sudah terpicu upload, dan gopay sudah dikapotong, jadi saya hubungi gojek"""
"Panganan ning kene menurutku kurang enak ya, merga aku wong minang, aku ora tek seneng pangana  jawa sing legi hehe","Makanan di sini menurut saya kurang enak ya, karena saya orang minang, saya tidak terlalu suka makanan jawa yang manis hehe","Makanan di sini menurut saya kurang enak ya, karena saya orang minang, saya tidak terlalu suka makanan jawa yang pedas hehe"
"Pajak, kak, arep njaluk nomor efin, sakdurunge wis aktifasi, namung lali password akun djponline,","Pajak, kak, mau minta nomor efin, sebelumnya sudah aktifasi, tapi lupa password akun djponline,","Pajak, pak, saya minta nomor efin, sebelum sempat aktifasi, tetapi lupa password akun djponline"
Musim udan kaya iki saban udan mesthi ora tenang wedi kabanjiran.,Musim hujan begini setiap hujan pasti tidak tenang takut kebanjiran.,Musim hujan seperti ini setiap kali hujan selalu tidak tenang khawatir banjir.
Sate wedus H. Ihsan iki cukop terkenal ning tegal. Lak ora iso marani panggon ning pusate. Sampeyan isa uga nemokne sate wedus H Ihsan ning pirang-pirang panggon mangan ning kutha tegal.,Sate kambing H. Ihsan ini cukup terkenal di tegal. Apabila tidak bisa mengunjungi lokasi di pusatnya. Anda bisa juga menemukan sate kambing H Ihsan di beberapa tempat makan di kota tegal.,"""Sate babi H. Ihsan ini cukup terkenal di tegal. Kalau tidak bisa datang ke tempat di pusat. Anda juga bisa menemukan sate babi H. Ihsan di beberapa tempat makan di kota tegal."""
"Saka okehe restoran sunda ing Bandung, miturutku Ciganea salah siji favoritku. Aku seneng amarga pithike khas, digorenge ora patio garing. Terus sambele uga ora kalah enak. Menu sing liya uga enak. Panggonane kaya omah, ora patio gedhe nanging cukuplah, lan uga resik.","Dari banyaknya restoran sunda di Bandung, menurut saya Ciganea salah satu favorit saya. Saya suka karena ayamnya khas, digorengnya tidak terlalu kering. Lalu sambalnya pun tidak kalah enak. Menu yang lain pun enak. Tempatnya seperti rumah, tidak terlalu besar tapi cukuplah, dan juga bersih.","Dari beberapa restoran sunda di Bandung, Ciganea salah satu favorit saya. Saya suka karena ayam khasnya, digoreng tidak terlalu kering. Sambalnya juga tidak kalah enak. Menu lainnya juga enak. Tempatnya seperti rumah, tidak terlalu besar tapi cukup, dan juga bersih."""
"Hotel iki uwes ngadeg saka telung puluh tahun sing kapungkur, sakdurunge aku lair. Panginepan kapisan ning kota iki. Saiki uwis akeh ngadeg hotel ning kene.","Hotel ini sudah berdiri sejak tiga puluh tahun yang lalu, sebelum saya lahir. Penginapan pertama di kota ini. Sekarang sudah banyak berdiri hotel di sini.","""Hotel ini sudah berdiri sejak puluhan tahun yang lalu, sebelum saya lahir. Perjalanan panjang di kota ini. Kini sudah banyak hotel di sini."""
"Panganan ning kene pada kaya kfc liyane. Pithik gorenge krispi, gurih, lan enak.","Makanan di sini sama seperti kfc lainnya. Ayam gorengnya crispy, gurih dan enak","Makanan di sini seperti kfc lain. Ayam gorengnya krispi, gurih, dan enak."
"Piye ora nesu ora, kena php indosat terus kie. Pulsane kepotong ludes ora ana turahe.","Bagaimana tidak marah coba, kena php indosat terus nih. Pulsa selalu terpotong ludes tak tersisa.","Bagaimana tidak marah tidak, kena php indosat terus ini. Pulsa saya potong habis tidak ada sisa."""
"Pelayanane batik air bisnis class ing halim nguciwakake, gelas reged / mambu, tv ora ana nganggo alesan pesawat anyar, aling methuk saka medhuk pesawat diilangake","Pelayanan batik air bisnis class di halim mengecewakan, gelas kotor / bau, tv tidak ada dengan alasan pesawat baru, penjemputan dari turun pesawat dihilangkan","Pelayanan batik air business class di halim mengecewakan, gelas kotor / berjamur, tv tidak ada pakai alasannya pesawat baru, awalnya jendela pesawat terbuka"
Ngganggo laurier dobel pas arep turu pas menstruasi ben ora bocor,Pakai laurier double pas mau tidur saat menstruasi biar tidak bocor,"""Menggunakan laurier dobel saat akan tidur saat menstruasi agar tidak bocor"""
"Panggon mangane sederhana banget, nanging rasane juara. Komposisi bumbu kacange pas lan porsine ora tek akeh. Pengunjung sing teka rame banget.","Tempat makannya sangat sederhana, namun rasanya juara. Komposisi bumbu kacangnya pas dan porsinya tidak terlalu besar. Pengunjung yang datang sangat ramai.","Tempat asalnya sederhana banget, tapi rasa juara. Komposisi bumbu kacangnya pas dan porsi tidak terlalu banyak. Pengunjung yang datang ramai banget."
"Panggonan lan arsitektur panggonan iki oke banget, mung yen panganane lan ombeane ing kene ora patia maer. Enak kanggo mateni bareng kanca-kanca.","Lokasi dan arsitektur tempat ini oke banget, cuma kalau makanan dan minuman di sini tidak terlalu istimewa. Enak buat bunuh bareng teman-teman.","Tempat dan arsitektur tempat ini oke banget, hanya kalau makanannya dan minumannya di sini tidak patia mahal. Enak untuk menemani teman-teman."""
Rasa panganan biasa ae lan suasanane ora istimewa dadi pisan ketekan wis cukup.,Rasa makanan biasa saja dan suasana tidak istimewa sehingga sekali kedatangan sudah cukup.,Rasa makanan biasa saja dan suasana tidak istimewa jadi akhirnya bosan cukup.
Sing nglarang GBK didadekake panggonan konser pada songong-songong banget dah. Suket ning lapangan sapa sing pengin ngopeni yen ora ana duwit konser. Urung meneh kursi sing seneng dirusak supporter bal. Aduh.,Yang melarang GBK dijadikan venue konser pada songong-songong amat dah. Rumput di lapangan siapa yang mau pelihara kalau tidak ada duit konser. Belum lagi kursi yang suka dirusak supporter bola. Aduh.,Yang melarang GBK dijadikan tempat konser terlalu jauh banget deh. Kasih dong lapangan yang mau buka kalau tidak ada duit konser. Jangan lagi kursi yang suka dirusak oleh supporter bal. Aduh.
Gendeng ya. Pesen mix platter ae sampek luwih saka 30 menit. Takon nyang pelayane malah minggat. Ora responsif. Suwi.,Gila ya. Pesan mix platter saja sampai lebih dari 30 menit. Bertanya ke pelayannya malah kabur. Tidak responsif. Lama.,"Sayang ya. Pesan mix platter sampai lebih dari 30 menit. Ditanyakan pada pelayannya malah kabur. Tidak responsif. Lama."""
"Pas jenuh karo oleh oleh khas bandung sing wis ana, dadi roti bakar tunggal isa dadi pilihan. Aku kerep tuku roti marie sing dibakar karo rasa sing enaakk, uga roti bakar karo rasa keju utawa coklate. Biasane aku tuku ning konter roti bakar tunggal ning paskal hyper square. Regane ancen rodok larang, nanging rumangsaku meh podo karo panganan oleh-oleh. Dadi ya ora isa uga diomongne larang. Lan toh rasane enak.","Saat jenuh dengan oleh oleh khas bandung yang sudah ada, maka roti bakar tunggal bisa menjadi pilihan. Saya sering beli roti marie yang dibakar dengan rasa yang yuummy, juga roti bakar dengan rasa keju atau coklatnya. Biasanya saya beli di counter roti bakar tunggal di paskal hyper square. Harganya memang agak mahal, tapi saya rasa hampir sama dengan makanan oleh-oleh. Jadi ya tidak bisa juga dibilang mahal. Dan toh rasanya enak.","""Saat bosan dengan oleh-oleh khas bandung yang sudah pernah ada, roti bakar tunggal bisa jadi pilihan. Saya sering beli roti marie yang dibakar dengan rasa yang enak, atau roti bakar dengan rasa keju atau coklate. Biasanya saya beli di counter roti bakar tunggal di paskal hyper square. Harga memang mahal, tapi rasa makanan oleh-olehnya sama. Jadi tidak bisa juga dibilang mahal. Terlepas dari harganya rasa makanannya enak."""
"Lunga bareng kaluwarga mangan mbengi, regane larang kanthi rasa sing biasa bae.","Pergi bersama keluarga makan malam, harganya mahal dengan rasa yang biasa saja.","Lama bareng keluarga makan malam, harganya terjangkau dengan rasa yang biasa saja."""
"Sugeng siang, biaya administrasi rek simpedes tp 5.500, - / sasi. Maturnuwun era","Selamat siang, biaya administrasi rek simpedes rp 5.500, - / bulan. Terima kasih era","Selamat siang, biaya administrasi rek simpedes tp 5.500, - / bulan. Terima kasih era"
"Panggonan kapenak lan enak, kala-kala didadekake panggonan foto pre-wedding","Tempat nyaman dan enak, kadang dijadikan tempat foto pre-wedding","Tempat yang nyaman dan enak, kadang-kadang dijadikan tempat foto pre-wedding"
"Pelayanane apik banget, lan muasne saka segi panggon, apik banget isa ndelok pemandangan kutha pas wengi saka segi panganan, apik pol! Panganane enak banget ora nyesel ngge mara rene.","Pelayanannya sangat bagus, sangat memuaskan dari segi tempat, indah sekali bisa melihat pemandangan kota di malam hari dari segi makanan, terbaik! Makanannya enak sekali tidak menyesal untuk datang ke sini.","Pelayanan sangat baik, dan memuaskan dari segi tempat, sangat bagus bisa melihat kota pada malam hari dari segi makanan, sangat bagus! Makanan sangat enak tidak menyesal pergi ke sini."""
Arif tuku jaket billabong sek paling anyar,Arif membeli jaket billabong yang terbaru,"""Arif membeli jaket billabong terbaru"""
"Warung mangan sing uwis teka wiwit suwi lan uwis dadi kaya legenda kayane saiki uwis buka cabang. Terkenal amarga konsisteni rasa -ne uwis pirang-pirang tahun, sanadyan bangunan asli uwis dibongkar nanging kaasliane tetep dijaga lan tetep engel parkir. Sawetara wektu kepungkur ana setithik pangowahan nalika ibu chef utama uwis ora ketok maneh.","Warung makan yang telah hadir sejak lama dan telah menjadi semacam legenda, mungkin sekarang sudah buka cabang. Terkenal karena konsistensi rasa -nya selama bertahun-tahun, meskipun bangunan asli telah dipugar tetapi keaslian masih tetap dijaga dan tetap susah parkir. Beberapa waktu terakhir ada sedikit perubahan ketika ibu chef utama sudah tidak terlihat lagi.","""Warung makan yang sudah lama berdiri dan sudah menjadi semacam legenda sepertinya sekarang sudah buka cabang. Terkenal karena konsistensi rasa -nya sudah beberapa tahun, meskipun bangunan asli sudah dibongkar namun tetap menjaga keaslian serta masih tersedia parkir. Beberapa waktu lalu ada sedikit perubahan ketika ibu chef utama tidak lagi ada."""
Menehi bantuan nyang korban bencana dinggo pencitraan percuma. Apameneh dinggo publikasi. Sepurane banget. Muak aku.,Memberikan bantuan ke korban bencana untuk pencitraan percuma. Apalagi untuk publikasi. Maaf banget. Muak saya.,"Mengabaikan bantuan ke korban bencana demi pencitraan percuma. Apalagi untuk publikasi. Sungguh memalukan. Saya muak."""
Rasa panganane biasa bae lan regane larang. Panggonane uga biasa. Lokasine ora patia adoh saka tengah kutha.,Rasa makanannya biasa saja dan harganya mahal. Tempatnya juga biasa. Lokasinya juga terlalu jauh dari pusat kota.,"""Rasa makanan biasa saja dan harga mahal. Tempatnya juga biasa. Lokasi tidak jauh dari tengah kota."""
Dingge mara nyang panggon iki dalane macet banget lan adoh saka pusat kutha. Saktekane ning kana ora ana bab sing spesial sing nggarai perjalanan adoh kebayar. Menune biasa ae.,Untuk menuju ke tempat ini jalannya sangat macet dan jauh dari pusat kota. Sesampainya di sana tidak ada hal yang spesial yang membuat perjalanan jauh terbayarkan. Menunya biasa saja.,Untuk pergi ke tempat ini jalan sangat macet dan jauh dari pusat kota. Sayangnya di sana tidak ada hal yang spesial yang membuat perjalanan jauh terbayar. Menunya biasa saja.
Rasa rotine enak. Variasi roti lan pacetane sing didol akeh. Rega standar. Paling seneng karo roti taware. Seneng.,Rasa rotinya enak. Variasi roti dan cemilan yang dijual banyak. Harga standar. Paling suka sama roti tawarnya. Suka.,Rasa rotine enak. Variasi roti dan porsi yang didole banyak. Harga standar. Paling suka dengan roti tawar. Suka.
"Deknen kuwi sapa sih? Kok isi beritane deknen kabeh, mbokane deknen mantan narapidana kae","Dia ini siapa sih? Kok isi berita dia semua, bukannya dia mantan narapidana itu","Yang itu siapa sih? Kok isi beritanya semua, bukankah itu mantan narapidana kan"
"Pengin mangan karo nikmati suwasana paris? Ora usah adoh-adoh menyang prancis, cukup menyang paris van java alias bandung. Braga permai iki rekomendasi banget kanggo mangan karo santai-santai. Panganane enak, regane mlebu akal lan suwasanane kapenak banget apamaneh meja sing ning jaba. Mangan karo nikmati suwasana bandung jaman mbiyen.","Ingin makan sembari menikmati suasana paris? Enggak usah jauh-jauh ke prancis, cukup ke paris van java alias bandung. Braga permai ini rekomendasi banget buat makan sambil santai-santai. Makanannya enak, harganya masuk akal dan suasananya nyaman banget apalagi meja yang di luar. Makan sambil menikmati suasana bandung tempo dulu.","""Ingin makan sambil menikmati suasana paris? Tidak perlu jauh-jauh ke prancis, cukup ke paris van java alias bandung. Braga permai ini rekomendasi banget buat makan sambil santai-santai. Makanannya enak, harganya masuk akal dan suasana sangat nyaman apalagi duduk di luar. Makan sambil menikmati suasana bandung zaman dulu."""
Yogyakarta iki ing saben pojokan dalan akeh hotel. Nanging eman. Kanggo kelas bintang 3 bae rega luwih larang kanthi pelayanan sing ora sepadan.,Yogyakarta ini di tiap sudut jalan banyak hotel. Tapi sayang. Untuk kelas bintang 3 saja harga lebih mahal dengan pelayanan tidak setara.,Yogyakarta ini di setiap sudut jalan banyak hotel. Tapi harganya mahal. Untuk kelas bintang 3 saja harganya lebih mahal daripada pelayanan yang tidak sepadan.
Bakmine enak. Ditambah daging rica2ne mantep banget. Rasane si pedes-pedes nanging nikmat. Mangan siji krasa kurang tah.,Bakminya enak. Ditambah daging rica2nya super mantap. Rasanya sih pedas-pedas tapi nikmat. Makan satu berasa kurang deh.,Bakminen enak. Ditambah daging rica2nya mantap banget. Rasanya si pedes-pedes tapi nikmat. Makan sekali kayanya kurang deh.
Aplikasi bni mobile banking tulung didandani soale arep aktivasi akun ora isa.,Aplikasi bni mobile banking mohon diperbaiki soalnya mau aktivasi akun tidak bisa.,Aplikasi bni mobile banking mohon diperbaiki soalnya saya mau aktivasi akun tidak bisa.
Anti nganggo power bank wiwit handphone samsungku bocor bateraine sakbanjure dingokake kuwi.,Anti pakai power bank semenjak handphone samsung gue bocor baterenya setelah dipakaikan gituan.,"""Anti menggunakan power bank kecil hape samsung saya bocor bangkernya dari tadi makanya saya itu."""
"Botol uc1000 angel banget dibukake tah, marakna tangan lara","Botol uc1000 susah banget dibukanya dah, bikin tangan sakit","Botol uc1000 susah banget dibuka tah, maksudnya tangan kasar"
"Nggolek suwasana nostalgia ing jogja, panggonan iki yaiku pilian sing pas! Menu panganane didominasi panganan-panganan sing kena pengaruh gaya panganan landa. Kasenenganku stik sirloin. Restoran iki uga ndhuweni toko roti kanthi pilian roti gaya jaman mbiyen.","Mencari suasana nostalgia di jogja, tempat ini adalah pilhan yang tepat! Menu makanan didominasi makanan-makanan yang dipengaruhi gaya makanan belanda. Favorit saya steak sirloin. Restoran ini juga memiliki toko roti dengan pilihan roti bergaya zaman dahulu.","Mencari suasana nostalgia di jogja, tempat ini adalah pilihan yang tepat! Menu makanannya didominasi makanan-makanan yang terkena pengaruh gaya makanan modern. Kesukaan saya steak sirloin. Restoran ini juga memiliki toko roti dengan berbagai pilihan roti gaya zaman dulu."""
Ketua dpr ngapresiasi pilkada barengan sing mlaku damai.,Ketua dpr mengapresiasi pilkada serentak yang berlangsung damai.,Ketua DPR apresiasi pilkada barengan yang jalan damai.
Ngurus gaji karyawan dhewe wae ora isa jare arep ngurus bumn. Mikir nganggo utek,Mengurus gaji karyawan sendiri saja tidak becus konon mau mengurus bumn. Mikir pake otak,Merawat gaji karyawan kita saja tidak mampu nauk mengurus bumn. Mikir pake otak
Ning indonesia pilihan merek telepon seluler kan melimpah. Lak ora seneng cara xiaomi nglakokne bisnise ya kari milih merek liya. Digawa santai wae.,Di indonesia pilihan merek telepon seluler kan melimpah. Kalau tidak suka cara xiaomi menjalankan bisnisnya ya tinggal pilih merek lain. Dibawa santai saja.,"Di indonesia pilihan merek telepon seluler kan melimpah. Kalau tidak suka cara xiaomi menjalankan bisnis ya cari milih merek lain. Digawain santai saja."""
"Nate mangan ning poolside hotel hilton? Jan ora rekomendasi kanggo rasa lan rega. Panganane kurang rasane, aku nggawa 20 uwong, kabeh gela.","Pernah makan di poolside hotel hilton? Sangat tidak rekomendasi untuk rasa dan harga. Makanan kurang rasa, gue bawa 20 orang, semua kecewa.","""Nate makan di poolside hotel hilton? Tidak rekomendasi buat rasa dan harga. Makanannya kurang rasanya, saya membawa 20 orang, semua kecewa."""
Panggonane unik. Karo mangan uga dimanjakake kaliyan panggonan sing sarwa unik. Akeh kayu kayu lan galerine. Kanggo bocah uga aja kuatir. Ana dolanan bocahe. Dadi mangan dadi luwih santai.,Tempatnya unik. Sambil makan juga dimanjakan dengan tempat yang serba unik. Banyak kayu kayu dan galerinya. Buat anak juga jangan kuatir. Ada mainan anaknya. Jadi makan jadi lebih santai,Tempatnya unik. Dengan makan juga dimanjakan keindahan tempat yang sangat unik. Banyak banyak dan galerinya. Untuk anak juga jika khawatir. Ada mainan anak-anaknya. Jadi makan jadi lebih santai.
"Yen marang rene aku mesthi pesen budin sambel roa. Budine digoreng dipasake karo sambel roa, enak. Panganan sing liyane uga enak nanging kanggo aku lan kaluwarga sing paling enak ing kene ya mangan budin karo ngombe kopi.","Kalau ke sini saya selalu pesan singkong sambal roa. Singkongnya digoreng dipadankan dengan sambal roa, enak. Makanan yang lainnya juga enak tetapi buat saya dan keluarga yang paling enak di sini ya makan singkong sambil minum kopi.","""Kalau ke sini saya pasti memesan budin sambel roa. Budinya digoreng ditemani sambel roa, enak. Makanan lain pun enak tapi yang paling enak buat saya dan keluarga ya makan budin sambil minum kopi."""
Telepone genggam eror pas kaping pisan diurupne,Telepon genggamnya eror pas pertama dinyalakan,Ponsel genggam error ketika dihubungi
Turu sing cukup saben dinane isa gawe awak ora kekeselen lan seger sawektu tangi ing dina esuk.,Tidur yang cukup tiap harinya bisa bikin badan tidak kecapekan dan segar ketika bangun di pagi hari.,"Bisa banget deh setiap dinya bisa bikin kita tidak kecewa dan seger setiap malam di hari esok."""
Restoran iki romantis tenan kanthi pemandangane sing apik tenan ing dina mbengi,Restoran ini sangat romantis dengan pemandangannya yang sangat indah di malam hari,"""Restoran ini sangat romantis dengan pemandangan yang sangat indah di malam hari"""
"Sugeng sonten ibu, bab produk perbankan mandiri apa sing entuk dhewe rewangi? Yogi","Selamat sore ibu, perihal produk perbankan bank mandiri apa yang dapat kami bantu? Yogi","Selamat pagi ibu, dari produk perbankan mandiri apa yang dapat kami bawakan? Yogi"
"Suwasanane ing panggonan iki luwar biasa tenan. Pas kuwi dhewe teka ing sore ameh wengi, lan etuk panggonan sing ngadep ning air terjun. Gemricik banyu grojogan lan suwasana desa nambah nikmat suwasana mangan wengi dhewe pas kuwi. Panganan disajekake kanthi gaya tradisional lan rasane cukup apik kanggo ilate dhewe.","Suasananya di tempat ini sungguh luar biasa. Ketika itu kami datang pada senja menjelang malam, dan mendapatkan ruang yang menghadap ke air terjun. Gemericik air terjun dan suasana pedesaan menambah nikmat suasana makan malam kami ketika itu. Makanan disajikan dengan gaya tradisional dan rasanya cukup menarik untuk lidah kami.","Kesulitan di tempat ini luar biasa. Saat itu kami datang di sore hari membawa kelelahan, dan tempat yang menghadap ke air terjun. Gerombolan air terjun dan suasana pedesaan menambah nikmat suasana makan malam kami pada saat itu. Makanan disajikan dengan gaya tradisional dan rasa cukup baik untuk memulihkan kelelahan kami."""
"Regane larang banget, padahal panganan sing didol panganan indonesia umume. Padahal kanggo nikmati panganan kaya ngene iki ing panggonan liyane adoh luwih murah. Sega goreng wae ing kene larang banget banget! Jengkel.","Harganya terlalu mahal, padahal makanan yang dijualkan makan indonesia umumnya. Padahal untuk menikmati makanan sejenis di tempat lain jauh lebih murah. Nasi goreng saja di sini mahal banget banget! Kesal.","Harganya sangat mahal, padahal makanan yang didatangkan makanan indonesia umumnya. Padahal untuk menikmati makanan seperti ini di tempat lain mahal lebih murah. Buang air ini saja di sini sangat mahal mahal! Jengkel."
Ana ing akun mycare ku sek keblokir kuwi wis aku tambahake nomer im3 ku sek anyar,Dalam akun mycare saya yang terblokir tersebut sudah saya tambahkan nomer im3 saya yang baru,Ada di akun mycare saya yang itu sudah saya tambahkan nomor im3 saya yang baru
120 peserta sing lulus iki bakale dibagi dadi 4 kelas karo jumlah masing masing 30 murid,120 peserta yang lulus ini akan dibagi menjadi 4 kelas dengan jumlah masing masing 30 siswa.,"""120 peserta yang lulus ini akan dibagi menjadi 4 kelas dengan jumlah masing masing 30 murid"""
"Apa iki, regane larang, pelayanane jan mines!","Apa ini, harga mahal, pelayanan minus!","Apa ini, harganya mahal, pelayanannya juga buruk!"
Aku ketemu karo deknen ing asrama panggonan dhewe manggon nalika isih mahasiswa,Saya bertemu dengannya di asrama tempat kami tinggal semasa mahasiswa dulu,"""Saya bertemu dengan dosen di asrama tempat kami tinggal makan selama masih mahasiswa"""
"Endi ki suwe banget konfirmasine? Iki uwis dibayar, uwis ngirimne bukti transfer, nanging e - tiket pancet ora metu? Aku gela, wegah digantung ngene.","Mana nih lama sekali konfirmasinya? Ini sudah dibayar, sudah mengirimkan bukti transfer, tetapi e - tiket tetap tidak keluar? Saya kecewa, tidak mau digantung begini.","Kenapa si ini lama sekali konfirmasi? Saya sudah bayar, sudah kirim bukti transfer, tapi e - tiket tidak muncul tidak muncul? Saya bosan, sungguh kejam begini."
"Ndelok film indonesia ning tv iki, kadang nggarai pegel. Merga kayak-kayake indonesia ora ana masalah, merga kabeh lagi mlaku-mlaku ning luar negeri.","Menonton film indonesia di tv ini, kadang bikin jengkel. Karena seakan-seakan indonesia tidak ada masalah, karena semuanya lagi jalan-jalan di luar negeri.","Melihat film indonesia di tv ini, kadang bikin sakit kepala. Karena sepertinya indonesia tidak punya masalah, karena semua sedang menjalani hidup di luar negeri."
"Dasare ora ngerti kahanan kowe! Sinau beladiri udu nggo disombongke! Nanging kanggo nglindhungi awake dhewe! Gurumu dantemi apa maneh uwong tuwamu! Dasar iblis kowe, nyawa dibayar nyawa! Kowe ndhuwe utang siji nyawa! Lan nyawamu sing dadi bayarane!?","Dasar tak tau diri kau! Belajar beladiri bukan untuk di sombongkan! Tapi untuk melindungi diri sendiri! Guru lu aja lu pukulin apalagi orang tua lo! Dasar iblis kau, nyawa di bayar nyawa! Lu punya hutang satu nyawa! Dan nyawa lo yang jadi bayarannya!?","""Dasarnya tidak pernah mengerti keberanianmu! Belajar bela diri bukan buat sombong! Tapi untuk melindungi diri kita! Gurumu jangan pernah kami sebut lagi orang tua kalian! Dasar iblis kalian, nyawa dibayar nyawa! Kalian punya utang satu nyawa! Dan nyawa kalian yang jadi pembayarannya!?"""
"Lak nyang mangkok iwak pitik mesti tuku kwetiaew sirame, lak didelok kayake sing sitik, nangis pas dipangan beh, akeh banget lak kanggo porsiku, kwetiaw sirame sik juara ning kene timbang nggon liya, tenan. Sambele uga sekeca banget karo seleraku.","Kalau ke mangkok ayam pasti beli kwetiaw siramnya, kalau dilihat seperti yang sedikit, tetapi pas dimakan beuh, banyak sekali kalau buat porsi saya, kwetiaw siramnya masih juara di sini dari pada di tempat lain, sungguh. Sambelnya juga sesuai banget sama selera saya.","""Kalau di mangkok ayam putih harus beli kwetiaw sirame, kalau dilihat tampaknya yang itu, menangis pas dimakan hati-hati, banyak banget kalau untuk porsi saya, kwetiaw sirame si juara di sini timbang dulu, memang. Sambalnya juga sangat sedap sekali dengan selera saya."""
Atlet enom tanah air melu serpong run 2018 dinggo ajang nguji coba,Atlet muda tanah air ikuti serpong run 2018 untuk ajang uji coba,"""Atlet muda tanah air ikut serpong run 2018 sebagai ajang uji coba"""
"Penting lan sebarno negriku sing wis lara, pas oknum aparat dadi keparat, sing pener disalahne lan sing salah dipenerne","Penting dan sebarkan negeriku yang sudah sakit, kala oknum aparat jadi keparat, yang benar disalahkan dan yang salah dibenarkan","Penting dan sebetulnya negara kita yang sudah sakit, ketika oknum aparat menjadi penyakit, yang terzne disalahzakan dan yang salah disalahzakannya"
Bis harapan jawa adoh luwih kapenak dibanding sing liyane,Bus harapan jaya jauh lebih nyaman dibandingkan yang lainnya,"""Bis harapan jawa jauh lebih enak dibanding yang lain."""
Tinggalen ae lak awakmu pancene wis waleh karo pacarmu lan pacaran ora ana gunane kanggo awakmu.,Tinggalkanlah kalau kamu memang sudah bosan sama pacar mu dan pacaran tidak ada gunanya buat kamu.,Tinggalkan saja kalau kamu benar-benar sudah putus dengan pacarmu dan pacaran tidak ada gunanya untuk kamu.
"Isih percoyo karo omongane? Dee sing nutup rapet-rapet bobroke sifate, dee uga sing mbukak tabir aibe.","Masih percaya sama omongannya? Dia yang menutup rapat-rapat kebobrokan sifatnya, dia juga yang membuka tabir aibnya.","Masih percaya dengan kata-katanya? Dia yang menutup rapat-rapat bibirnya sifatnya, dia juga yang membuka tabirnya."""
"Kafe iki, nduwe pirang-pirang cemilan sing top banget, tahu ning lumboenk karo vulkano risols jenenge. Sensasine unik saka wujude karo rasane nggarai sir maneh si maneh, dinggo sing penasaran oleh njajal wis.","Kafe ini, punya beberapa cemilan yang top banget, tahu di lumboenk sama vulkano risols namanya. Sensasi unik dari tampilan sama rasanya bikin mau lagi mau lagi, bagi yang penasaran boleh dicoba deh.","""Kafe ini, menawarkan beberapa camilan yang top banget, tahu di atas lumpur vulkanis namanya. Sensasinya unik dari bentuk dan rasanya membuat kembali lagi, buat yang penasaran coba deh."""
2018 kpk nduweni tekad kanggo nuntaskae kasus e-ktp lan lbi.,2018 kpk bertekad menuntaskan kasus e-ktp dan blbi.,"""2018 kpk memiliki tekad untuk menyelesaikan kasus e-ktp dan lainnya."""
Namung penerbangan ing indonesia sing ora tahu ngeregani wektu. Uwis mbayar larang pelayanane tetep nguciwakake,Cuma penerbangan di indonesia yang tidak pernah ngehargai waktu. Sudah bayar mahal tetap pelayanannya mengecewakan,Hanya penerbangan di indonesia yang tidak tahu mengendalikan waktu. Sudah bayar mahal pelayanannya tetap mengecewakan
"Kanggo layanan bank ing akhir pekan sing lokasine ing bekasi, bapak isa teka marang kantor cab bank mandiri bekasi juanda","Untuk layanan bank di akhir pekan yang berlokasi di bekasi, bapak dapat datang ke kantor cab bank mandiri bekasi juanda.","Untuk layanan bank pada akhir pekan yang lokasinya di bekasi, bapak dapat datang ke kantor cab bank mandiri bekasi juanda"
susah banget ndelok segara sing saiki reget didadekake panggonan guwak sampah sembarangan,Sedih banget melihat laut yang sekarang kotor dijadikan tempat buang sampah sembarangan, sulit sekali melihat laut yang sekarang penuh dengan tempat sampah sembarangan
"Salah siji panggon mangan lan panggon nangkring sing direkomendasikne kanca sing oke banget. Panggone pancene lumayan munggah lak saka kutha, lan rodok mlebu-mlebu sampek ora ketok lak saka dalan utama. Nanging panganane enak, panggone asik, regane uga standar. Sik sumbut karo regane lah. Oleh lak nyang Malang dolan mrene maneh.","Salah satu tempat makan dan tempat nongkrong yang direkomendasikan teman yang oke sekali. Tempatnya memang lumayan naik kalau dari kota, dan agak masuk-masuk sampai tidak terlihat kalau dari jalan utama. Tapi makanannya enak, tempatnya asik, harganya juga standar. Masih sepadan dengan harga lah. Bolehlah kalau ke Malang datang ke sini lagi.","Salah satu tempat makan dan tempat nongkrong yang direkomendasikan teman yang oke banget. Tempatnya memang agak tinggi kalau dari kota, dan agak jauh masuk-masuk sampai tidak terlalu jauh dari jalan utama. Tapi makanan enak, tempat asik, harganya juga standar. Sayang kalau di Kota Malang berkunjung kesini lagi."""
On the spot lagi tayang ing trans7,On the spot sedang tayang di trans7,"""Lagi tayang di trans7"""
"Bener-bener iwak pitik goreng sing gurih lan nggarai aku ketagihan, sambel sing pedes nggarai sensasi mangan luwih mantep karo sega anget lan es teh manis","Benar benar ayam goreng yang gurih dan membuat saya ketagihan, sambal yang pedas membuat sensasi makan lebih mantap dengan nasi hangat dan es teh manis","Benar-benar ayam goreng yang gurih dan membuat saya ketagihan, sambal yang pedas membuat sensasi makan lebih mantap dengan nasi hangat dan es teh manis"
Aku wis ndaftar namung ora entuk sms seka 5111.,Saya sudah registrasi tapi tidak dapat sms dari 5111.,"""Saya sudah mendaftar tapi tidak dapat sms dari 5111."""
"Mumpung lagi mlaku-mlaku marang bandunh sekaliyan nyempatake nyoba batagor sek paling enak ing kota kembang iki nganti ora sadar dhewe mesen luwih akeh seka kapasitas mangan dhewe wong loro: Bakso tahu goreng, siomay goreng lan batagor kuah, ayam kremes, lan es cendol lan dhewe uga kudu mbungkus mulih tahu yun yin pesenan dhewe akhire.","Mumpung sedang berjalan-jalan ke bandunh sekalian menyempatkan mencoba batagor yang terenak di kota kembang ini sampai tidak sadar kami memesan lebih banyak dari kapasitas makan kami berdua: Bakso tahu goreng, siomay goreng dan batagor kuah, ayam kremes, dan es cendol dan kami masih harus membungkus pulang tahu yun yin pesanan kami akhirnya.","""Mumpung sedang lewat lewat jadi sempat nyoba batagor se yang paling enak di kota kembang ini sampai tidak sadar kita memesan lebih banyak dari kapasitas makan kita dua orang: Bakso tahu goreng, siomay goreng dan batagor kuah, ayam kremes dan es cendol dan kita juga harus membungkus kembali tahu yang pesanan kita akhirnya."""
"Njajal pesen shabu-shabu, menu anyar ning gading resto. Kuwalitas rasane cukup enak, regane kejangkau uga. Rekomendasi lak nggawa tamu utawa mung mangan wengi karo kaluwarga.","Mencoba memesan shabu-shabu, menu baru di gading resto. Kualitas rasa cukup enak, harga terjangkau pula. Rekomendasi bilamana membawa tamu atau sekadar makan malam bersama keluarga.","Mencoba pesan shabu-shabu, menu baru di gading resto. Kualitas rasanya cukup enak, harganya juga terjangkau. Rekomendasi buat tamu maupun makan malam dengan keluarga."""
Oke. Wis tak kirim lewat pesen langsung,Oke. Sudah saya kirim via pesan langsung,Oke. Sudah saya kirim lewat pesan langsung
"Kasamrawutan sing kadadean akhir debat loro pilgub jabar ing 14 mei 2018 sing kepungkur, marakke silang pendapat saka para kontestan debat.","Kericuhan yang terjadi pengujung debat kedua pilgub jabar pada 14 mei 2018 yang lalu, menimbulkan silang pendapat dari para kontestan debat.","Berbeda pendapat yang diungkapkan kedua kandidat dalam debat terakhir pilgub jabar pada 14 mei 2018 yang berakhir, masing-masing saling menyangkal argumen."
Isuk iki lali nyepot helm mas gojek bar mudun saka motor gara-gara nguber bis,Pagi ini lupa lepas helm abang gojek setelah turun dari motor gara-gara mengejar bus,Pagi ini baru jatuh dari motor gara-gara mengejar bis
"Restoran iki tansah top. Suasanane nyaman banget kanggo ngobrol karo kanca, sedulur utawa pasangan. Panganane uga enak. Sanajan aku biasane ora mangan abot. Soale paling seneng marang mrene sore nyedhak mbengi","Restoran ini selalu top. Suasananya nyaman banget buat ngobrol dengan teman, saudara atau pasangan. Makanannya juga enak. Walaupun saya biasanya tidak makan berat. Soalnya paling suka ke sini sore menjelang malam","""Restoran ini sering didatangi. Suasana sangat nyaman untuk berbicara dengan teman, kerabat atau pasangan. Makanannya juga enak. Saya biasanya tidak makan terlalu banyak. Jadi suka ke sini sore malam."""
"Menu sing dhewe pesen urang, sapi, sapo kabehane enak, sampurna dimasake, rasane pas, kuwalitase dhuwur. Panggonane amba, pelayanane oke tenan. Kabehane grapyak lan grapyak karo bocah-bocah","Menu yang kita pesan udang, sapi, sapo semuanya enak, sempurna dimasaknya, rasanya pas, berkualitas tinggi.  Tempat luas, pelayanan oke banget. Semuanya ramah dan ramah sama anak-anak","""Menu yang kami pesan daging, sapi, semua enak, bumbu dimasak dengan baik, rasa pas, kuwaliatan sedang. Tempatnya bersih, pelayanannya oke sekali. Semuanya ramai dan ramai dengan anak-anak"""
"Kesel ngantri, kesel golek panggon lungguh, kesel lungguh. Dinggo sing ora nduwe wektu suwe lan wis keluwen, mending ora mrene. Aku mrene pas liburan bodo panganan ning ruko-ruko kene uga rodok larang lan rasane standar.","Capek mengantre, capek mencari tempat duduk, cape duduk. Buat yang tidak punya waktu lama dan sudah kelaperan, mendingan tidak ke sini. Saya ke sini pas liburan lebaran makanan di ruko-ruko sekitar sini juga rada mahal dan rasanya standar.","Kesan menunggu, kesan mencari tempat duduk, kesan menunggu. Untuk yang tidak punya waktu lama dan sudah bosan, mending tidak kemari. Saya kemari pada liburan biasa makanan di ruko-ruko ini juga mahal mahal dan rasanya standar."""
"Warung mangan nduwe suasana sing nyaman karo gaya kampung lawas. Luwih sekeco diparani wektu sore sampek dina wengi ning kahanan sing luwih romantis karo cahyaning remeng-remeng saka obor lan geni unggun. Panganan sing disajikne rena-rena, mulai panganan indonesia sampek panganan eropa serba ana. Cocok sanget kanggo ngentekne wektu karo kanca lak keluarga.",Resto ini memiliki suasana yang nyaman dengan gaya kampung tradisional. Lebih cocok dikunjungi saat sore hingga malam hari di suasana lebih romantis dengan cahaya temaram dari obor dan api unggun. Makanan yang disajikan bervariasi mulai makanan indonesia sampai european makanan serba ada. Sangat cocok untuk menhabiskan waktu bersama teman atau keluarga.,"""Warung makan menampilkan suasana yang nyaman dengan gaya pedesaan. Lebih spesial apabila saat sore hingga malam hari di tempat yang lebih romantis dengan cahaya dari obor dan api unggun. Makanan yang disajikan pun beragam, mulai makanan indonesia hingga makanan eropa serba ada. Sangat cocok untuk menghabiskan waktu bersama teman maupun keluarga."""
"Menu masakan sing disajekne lumayan rena-rena karo rasa sing lumayan enak, kabehe pelayan lan wektu pelayanane ya cukup apik dadi awakdewe wareg mangan awan ning kana, mung nata panggene restoran sing mestere rena-rena munggah - mudun dadi kudu luwih ngati-ati dinggo wong tua lan bocah cilik, muga-muga isa luwih ditingkatne pelayanane lan rena-rena menune. Sukses terus kanggo boemi mitoha.","Menu masakan yang disajikan lumayan bervariasi dengan rasa yang lumayan enak, jumlah pelayan dan waktu pelayanannya pun cukup baik sehingga kami puas makan siang di sana, hanya tata letak restoran yang lantainya bervariasi naik - turun sehingga harus ekstra hati-hati untuk orang tua dan anak kecil, semoga bisa semakin ditingkatkan pelayanan dan variasi menunya. Sukses selalu untuk boemi mitoha.","""Menu masakan yang disajikan lumayan beragam dengan rasa yang lumayan enak, selain pelayan dan waktu pelayanan cukup baik jadi kami terlalu jauh makan siang di sana, hanya selain tempat restoran yang sangat ramah - jauh sehingga harus lebih hati-hati untuk orang tua dan anak kecil, semoga bisa lebih ditingkatkan pelayanan dan sedikit sedikit menunya. Sukses terus untuk ibu mitoha."""
"Tagihan mencolot loro kali lipat amarga promo entek tanpo kabar, ora bener iki.","Tagihan melonjak dua kali lipat gara-gara promo habis tanpa pemberitahuan, tidak benar ini.","Tagihan mencuat dua kali lipat karena promo habis tanpa kabar, tidak fair ini."
Njaluk informasine babagan daftar rega klambi kang didhol.,Minta informasi tentang daftar harga baju yang sedang dijual,Minta info mengenai bagian daftar harga yang diduplikasi.
Aku tansaya sengit karo jne amarga pangirimane mesthi telat,Saya semakin membenci jne karena pengirimannya selalu telat,Saya tanya keras ke jne karena pengirimannya selalu terlambat
"Ora koyo warung mangan lan kafe biasane, konsep panggonane digawe unik. Akeh lampu-lampu, gambaran, semiantik. Panganan lan ombenane lumayan pas enak, sing garai kaget pas ndelok daftar menune. Ragene wuooow pas banget ning sak. Lan sing mesti rega mirah ora nggarai rasane maleh seje, pancet enak lan berkualitas.","Tidak seperti kebanyakan restoran dan kafe lain, konsep tempatnya dibuat unik. Banyak lampu-lampu, lukisan, semi antik. Makanan dan minuman lumayan cukup enak, yang buat kaget pas melihat daftar menunya. Harganya wuooow pas banget di kantong. Dan yang pasti harga murah tidak buat rasa jadi beda, tetap enak dan berkualitas.","""Tidak seperti warung makan dan kafe lainnya, konsep tempatnya dibuat unik. Banyak lampu-lampu, gambaran, semiantik. Makanan dan minuman lumayan pas enak, yang mengejutkan saat melihat daftar menunya. Harganya wuooow sesungguhnya di sak. Dan yang harus harga murah tidak membuat rasa malah seje, pantic enak dan berkualitas."""
"Ana ing lantai 1 hotel yaiku lantai paling dhuwur, nyajikake pemandangan luar biasa ing arah bukit sing dithukuli wit-witan. Seger, resik, penak, luar biasa!","Terletak di lantai 1 hotel yang merupakan lantai tertinggi, menyajikan pemandangan luar biasa ke arah bukit yang ditumbuhi pepohonan. Segar, bersih, nyaman, luar biasa!","Di lantai 1 hotel terdapat lantai terendah, menyajikan pemandangan luar biasa di arah bukit yang ditumbuhi pepohonan. Segar, bersih, nyaman, luar biasa!"""
Sakdurunge aku lan pasangan mulih marang jakarta. Aku mampir ndhisik ing restoran iki. Pemandangane apik lan panganane uga murah meriah. Rekomendasi tenan,Sebelum saya dan pasangan pulang ke jakarta. Saya mampir dahulu ke restoran ini. Pemandangannya keren dan makanannya pun murah meriah. Rekomendasi sekali,Sebelum pergi kembali ke jakarta. Aku mampir makan di restoran ini. Pemandangannya bagus dan makanan juga murah meriah. Rekomendasi banget
Ngerasa bosen loh karo sakabehane. Bosen tenan ngelakokake rutinitas sing ngono-ngono wae.,Merasa jenuh loh sama semuanya. Bosen sekali melakukan rutinitas yang gitu-gitu saja.,"Terasa bosan lo karo semua. Bosan banget ngelakuin rutinitas yang begitu-begitu doang."""
Eman kothake sing tekan lumayan penyok,Sayang kotaknya yang sampai agak penyok,Beban hidup yang berat sehingga seolah-olah sangat menekan
Kapisan njajal uwis disuguhi karo lalaine pelayan sing marakake dhewe ngenteni suwi wae 4 lagu marcell. Banjur uwis suwi ya ora sida pesenlah. Ora peduli arep enak kaya ngapa yen pelayanane elek karepe sing jenenge rasa.,Pertama mencoba sudah disuguhi dengan kelalaian pelayan yang bikin kita menunggu lama aja 4 lagu marcell. Terus sudah lama ya tidak jadi pesanlah. Tidak peduli mau enak kayak apa kalau pelayanannya buruk terserahlah yang namanya rasa.,"Pagi ini sudah disuguhi oleh lalaine pelayan yang sangat lambatnya kami menunggu selama 4 lagu marcell. Terus sudah lama ya tidak sesuai pesanlah. Apalagi mau enak seperti apa kalau pelayanannya buruk sekali yang namanya rasa."""
"Sego rawone enak banget, regane murah. Cedak universitas parahyangan. Panggonane unik nganggo kayu-kayu.","Nasi rawonnya sangat enak, harga terjangkau. Dekat universitas parahyangan. Tempatnya unik dengan kayu-kayu.","Sego rawonnya enak banget, harganya murah. Kedek universitas parahyangan. Tempatnya unik pakai kayu-kayu."
"Pesen soto karo iga bakar, ditambah suwasana sing adem. Rasane enak lan dilayani kanthi grapyak karo mbak diah, tisna, echa. Uwis ping pindo teka mrene lan mesthi marem karo kualitas panganan lan pelayanan:","Order soto sama iga bakar, ditambah suasana yang dingin. Rasanya enak dan dilayani dengan ramah sama mbak diah, tisna, echa. Sudah dua kali datang ke sini dan selalu puas dengan kualitas makanan dan pelayanan:","Pesan soto dengan iga bakar, ditambah suasana yang sejuk. Rasanya enak dan dilayani dengan ramah oleh mbak diah, tisna, echa. Sudah beberapa kali datang ke sini dan selalu puas dengan kualitas makanan dan pelayanan:"
"Youtube akeh banget manfaate. Isa nonton film, ngrungokake lagu, kala-kala kanggo sinau.","Youtube banyak sekali manfaatnya. Bisa nonton film, dengar lagu, kadang untuk belajar.","""Youtube banyak sekali manfaatnya. Bisa nonton film, mendengarkan lagu, pun buat belajar."""
"Udan ing dina isuk tenan marakna kesel, macet lan rega ojol dadi tenan ora isa dikendalikake marakna eneg","Hujan di pagi hari sungguh sangat kesal, macet dan harga ojol jadi super tak terkendali bikin eneg","Hujan di pagi hari sangat meresahkan, macet dan harga ojek jadi sangat tidak bisa dikendalikan akhirnya bosan"
"Panganane lumayan enak-enak ing hawa anyes lan akeh variasine mulai saka restoran burangrang, saung purbasari lan area foodcourte.","Makanannya lumayan enak-enak di udara dingin dan banyak variasinya dari mulai restoran burangrang, saung purbasari dan area foodcourtnya.","Masakan cukup enak-enak dengan suasana dingin serta banyak varietas mulai dari restoran burangrang, saung purbasari dan area foodcourte."
Tulung golekake alamat uwong iki. Bakal aku jak duel kaya uwong lanang nganggo samurai. Deknen uwis ngece ibuku sing paling aku tresnani lan hormati.,Tolong carikan alamat orang ini. Akan saya ajak duel secara jantan pakai samurai. Dia telah menghina ibuku yang paling aku cinta dan hormati.,Tolong cari alamat orang ini. Saya akan bela seperti pria bertopeng samurai. Dia sudah campur tangan ibu saya yang saya sayangi dan hormati.
"Panggon ngombe kopi cedek kampus UI, vietnamese kopi -ne enak, regane relatif sedeng, cocok dinggo ngontemplasi karo nggarap tesis","Tempat minum kopi dekat kampus UI, vietnamese kopi -nya enak, harganya relatif sedang, cocok untuk berkontemplasi sembari mengerjakan tesis","Tempat nongkrong kopi dekat kampus UI, vietnamese kopi -nya enak, harganya relatif terjangkau, cocok untuk bertempla dengan mengetik tesis"
"Panganane enak, lan pemandangane apik tenan,. Mung sing menyang lawangwangine kurang dadi ora kabeh uwong bisa ngerti yen lawangwangi ana nang kono kajaba wong sek lewat.","Makanannya enak, dan viewnya amazing,. Hanya sing menuju lawangwanginya kurang jadi tidak semua orang bisa tahu ada lawangwangi di situ kecuali orang yang lewat.","Makanan enak, dan pemandangan sangat bagus,. Hanya yang ke langit malamnya kurang jadi tidak semua orang bisa tahu kalau langit malam ada di sini kalau malam hari."""
Aku mulai usaha lan ora tau wedi gagal.,Saya memulai usaha dan tidak pernah takut gagal.,Saya mulai usaha dan tidak takut gagal.
Panggonan mangan kanthi nuansa doraemon. Rega panganane murah lan akeh pilihan. Panggonane ora patia amba nanging nyaman. Nang lantai 2 digawe kaya kamare nobita lkp kanthi meja sinau mesin waktu lan lawang nang ndi wae. Akeh golekan doraemon lan komik-komik sek isa diwaca sawetara ngenteni panganan. Kajaba iku sinambi ngrasakake panganane dhewe isa nonton film doraemon. Anakku seneng mangan. Lanjutan,Tempat makan dengan nuansa doraemon. Harga makanannya murah dan banyak pilihan. Tempatnya tidak terlalu luas tapi nyaman. Di lantai 2 di buat menyerupai kamar nobita lkp dengan meja belajar mesin waktu dan pintu ke mana saja. Banyak boneka doraemon dan komik-komik yang bisa dibaca saat menunggu makanan. Selain itu sambil menikmati hidangan kita bisa menonton film doraemon. Anak saya senang makan. Lanjutan,Sebuah tempat makan dengan nuansa doraemon. Harga makanan murah dan banyak pilihan. Tempatnya tidak terlalu luas tetapi nyaman. Di lantai 2 dibuat seperti kamar nobita dengan meja belajar mesin waktu dan jendela di mana saja. Banyak kocokan doraemon dan komik-komik yang bisa dibaca sambil menunggu makanan. Jika itu sambil menikmati makanannya kita bisa menonton film doraemon. Anak saya suka makan. Lanjutan
"Aku nyang kafe dipakar bareng keluarga, pemandangane pancene keren banget. Panganane uga eco-eco. Dinggo nyantai nikmati sing disajikne lan pemandangane ning dipakar nyenengna banget. Awakdewe mrana dina minggu, lan rame banget sing dolan. Nanging ora ngenteni suwe, awakdewe langsung entuk meja. Dinggo panganan, bar awakdewe pesen ora kudu ngenteni suwe, panganan wis teka. Dinggo foto-foto uga apik banget.","Saya ke kafe dipakar bersama keluarga, pemandangannya memang keren banget. Makanannya juga enak-enak. Untuk bersantai menikmati sajian dan pemandangan di dipakar sangat menyenangkan. Kami ke sana hari minggu, dan sangat ramai pengunjung. Tapi tidak menunggu lama, kami langsung dapat meja. Untuk makanan, setelah kita order tidak perlu menunggu lama, makanan sudah datang. Untuk foto-foto juga sangat bagus.","""Saya ke kafe bareng keluarga, pemandangan sangat keren. Makanannya juga enak. Untuk bersantai menikmati yang disajikan dan pemandangan di luar sangat menyenangkan. Kami pergi pada hari minggu, dan ramai sekali yang bermain. Namun tidak perlu menunggu lama, kami langsung mendapat meja. Untuk makanan juga tidak perlu menunggu lama, makanan sudah datang. Untuk foto-foto pun sangat bagus."""
"Ora salah maneh iki kafe modern salah siji senengane wong depok kanggo mangan, nglumpuk tenanan panggone nyaman soale.","Tidak salah lagi ini kafe modern salah satu favorit warga depok buat makan, berkumpul seriusan tempatnya nyaman soalnya.","Bukan salah juga nih kafe modern salah satu favorit orang depok buat ngemil, nyatu-nyatu panggونه nyaman soalnya."
Kesel wae karo kelakuan nyinyir terus kelompok sebelah.,Kesal saja dengan kelakuan nyinyir terus kelompok sebelah.,Penasaran saja sama kelakuan sinis terus kelompok sebelah.
"Aku seneng mangan ning kene merga menu iwak pitike enak lan empuk, sambele pas ning ilat lan kahanane restorane uga nyaman. Liyane iku pelayanane uga apik lan regane mirah.","Saya suka makan di sini karena menu ayamnya enak dan empuk, sambal pas di lidah dan suasana restorannya juga nyaman. Selain itu pelayanan juga bagus dengan harga terjangkau.","Saya menyukai makan di sini karena menu ayam suwenya enak dan empuk, sambalnya pas di lidah dan suasana restonya juga nyaman. Selain itu pelayanannya juga baik dan harganya murah."
Aku ki wis kesel arep nesu-nesu. Ben aku dewe ae wis sing njupuk maneh pakete lan tak kirim lewat ekspedisi liya ae. Gela pol embuh ping pira.,Gue itu sudah capek mau marah-marah. Biar gue sendiri aja deh yang ambil lagi paketnya dan gue kirim via ekspedisi lain saja. Kecewa berat entah keberapa kalinya.,"""Saya ini sudah lelah mau marah-marah. Sayang saya saja yang selalu mengejar paket dan saya kirimit lewat ekspedisi lain saja. Jengkel banget deh."""
"Reunion house iki wis tenan direkomendasikake kanggo mangan awan nang bandung. Panggonane kepenak, asyik kanggo nyantai guyonan karo sapa bae. Menune uga oke tenan.","Reunion house ini direkomendasikan banget buat makan siang di bandung. Tempatnya nyaman, asyik buat santai mengobrol bareng siapa saja. Menunya juga oke banget.","Reunion house ini memang benar direkomendasikan untuk makan malam ke bandung. Tempatnya nyaman, asyik buat santai ngobrol sama orang apa saja. Menunya juga oke sekali."
Dingge meruhi promo-promo sing lagi ana ning tokopedia awakmu isa marani halaman iki.,Untuk mengetahui promo-promo yang sedang berlangsung di tokopedia kamu dapat mengunjungi halaman berikut.,Untuk melihat promo-promo yang sedang berlangsung di tokopedia kalian bisa mengunjungi halaman ini.
"Jarene jam iki anti banyu, nanging dienggo renang tok uwis mati","Katanya jam ini water resist, tapi dipakai berenang doang sudah mati","Jaraknya jauh, tapi kalo ke pantai salah satu tujuan"
Suasane asri. Akeh sing dodolan panganan. Panggonan sing nggo nongkrong lan kafene cocok kanggo kunjungan. Dhewe ndhuwe wektu belanja ing supermarket. Regane uga ora larang. Suasanane ing njero malle penak. Acne anyeslah. Lan barang-barang merekane mantap tenan lan akeh potongan rega,Suasananya asri. Banyak jualan makanan. Tempat nongkrong dan cafenya cocok untuk berkunjung. Kami sempat belanja disupermarket. Harganya juga tidak mahal. Suasana di dalam mallnya nyaman. Acnya dinginlah. Dan barang-barang brandednya mantap sekali dan banyak diskon,Suasana asri. Banyak yang jualan makanan. Tempat yang cocok buat kunjungan. Kita punya waktu belanja di supermarket. Harga juga tidak terlampau mahal. Suasana di dalam mall memang tak terbantahkan. Ac nya cukup dinginlah. Dan barang-barang merk nya cukup mantap dan banyak potongan harga
Pemikirane sempit nanging ngrumangsa paling bener mangkel banget aku,Pemikiran sempit tapi sok benar kesal banget aku,Pemikirannya sempit tapi ngrumangsa paling benar bikin marah banget aku
Sek foto karo uwong kuwi udu adike bang doni. Jijik ah foto karo uwong kuwi.,Yang foto sama orang itu bukan adik bang doni. Jijik ah foto sama orang itu.,"""Sek foto sama orang itu dulu masih adik doni. Jijik ah foto sama orang itu."""
"Sakwijining musibah lagi wae kena kampung adat ning bajawa, flores. Kebakaran gedhe sing kadadean ing senin 13 / 8 sore ameh ngobongake kabeh kampung. Total 27 saka 33 omah adat sing ana entek dipangan geni bareng kabeh crita lan sejarahe.","Sebuah musibah baru saja menimpa kampung adat di bajawa, flores. Kebakaran hebat yang terjadi pada senin 13 / 8 sore hampir menghanguskan seluruh kampung. Total 27 dari 33 rumah adat yang ada habis dilalap api bersama semua cerita dan sejarahnya.","Kali ini musibah lagi deh terkena kampung adat di bajawa, flores. Kebakaran besar yang terjadi pada Senin 13 / 8 sore membakar seluruh kampung. Total 27 dari 33 rumah adat yang ada hancur terbakar bersamaan semua cerita dan sejarahnya."""
Marang rene wektu acara kantor. Ana musik langsung. Menu aneka werna. Cocok yen lunga rame-rame nanging selerane beda-beda. Ramene enak.,Ke sini waktu acara kantor. Ada live musik. Menu beragam. Cocok kalau pergi ramai-ramai tapi seleranya beda-beda. Ramennya enak.,Kami ke sini waktu acara kantor. Ada musik langsung. Menu beragam. Cocok kalau berkumpul ramai-ramai namun selera berbeda-beda. Ramai enak.
"Aku karo keluarga mangan mbengi nang panggonan iki amarga kajaba iku menu utamane batagor uga ana menu liyane. Aku mung mesen 2 menu sek akhire teka sakwise 45 menit, kuwi sakwise  kaping pirang-pirang aku takon. Seko rasane sawetara seko menu sek sakwise aku jajal lumayan enak. Sarane sakdhurunge pesen luwih apik takon ndhisik regane piro suwi orane nggawe menu kang dipesen.","Saya bersama keluarga makan malam di tempat ini karena selain menu utama batagor terdapat menu lain. Saya hanya memesan 2 menu yang akhirnya datang setelah 45 menit, itu pun setelah beberapa kali saya tanyakan. Dari segi rasa beberapa menu yang sebelumnya pernah saya coba lumayan enak. Saran sebelum memesan lebih baik tanyakan berapa lama pembuatan menu yang dipesan","""Saya dan keluarga makan malam di tempat ini karena selain itu menu utamanya batagor juga ada menu lainnya. Saya hanya memesan 2 menu akhirnya datang hampir 45 menit, itu hampir hampir beberapa saya tanya. Setelah rasanya beberapa dari beberapa saya cobalah lumayan enak. Saran saya sebelum memesan lebih baik tanya harganya berapa lama orang memesan."""
Paket wis ditampa. Rodok gela merga pesen werna ireng dikirim werna kuning.,Paket sudah diterima. Sedikit kecewa karena order warna hitam dikirim warna kuning.,Paket sudah diterima. Jadi kecewa karena pesan warna hitam dikirim warna kuning.
"Aku saka bali, dilalah pas dolan menyang kutho bandung, pas ning sanding kantor gubernur jawa barat alias cedeke gedung sate, awakdewe disarane mangan ning bancakan merga cedek. Bar mlebu awakdewe dikeki piring saka komplong sing wis ora apik eneh, kayake karaten. Akhire awakdewe milih panganan sing awakdewe sir, lan atusan laler miber teka ngendi-ngendi merga wis kadung awakdewe ya pancet mangan. Nggilani pol.","Saya dari bali, kebetulan sedang liburan ke kota bandung, ketika sedang di dekat kantor gubernur jawa barat alias dekat gedung sate, kami di-suggest makan di bancakan karena dekat. Setelah masuk kami pun diberi piring dari kaleng yang sudah tidak bagus lagi, sepertinya berkarat. Akhirnya kami memilih makanan yang kami suka, dan ratusan lalat beterbangan ke mana mana karena sudah terlanjur kami pun tetap makan. Sangat jijik","""Saya dari bali, terkejut pas jalan ke kediaman gubernur bandung, saat di samping kantor gubernur jawa barat alias gedung sate, kami diminta makan di luar karena kedekatannya. Setelah masuk kami diberikan piring dari komplong yang sudah tidak baik lagi, sepertinya bekas. Akhirnya kami memilih makanan yang kami inginkan, dan saus lama kami datang karena sudah terlambat kami ya beri makan. Menjengkelkan sekali."""
Ndelok sinetron ae anyak waleh opomeneh nonton isu apus-apus sing diramalke.,Nonton sinetron saja mulai bosan apalagi menonton isu bohong yang diramalkan.,"Lihat sinetron segerombongan banyak wajah orang yang menonton berita apus-apus yang diramal."""
Aku tuku werna-werna roti. Piliane akeh nanging rasane biasa wae. Rotine garing kaya uwis pirang-pirang dina. Ora seger. Pelayanane uga suwi. Nguciwakake.,Saya beli berbagai macam roti. Pilihannya banyak tapi rasanya biasa saja. Rotinya kering seperti sudah berhari-hari. Tidak segar. Pelayanannya juga lama. Mengecewakan.,"""Saya membeli beberapa jenis roti. Pilihannya banyak tapi rasa biasa saja. Rotinya kering seperti beberapa hari lalu. Tidak segar. Pelayanan juga lama. Menyebalkan."""
Aja lali ngombe banyu mineral 8 -- 10 gelas saben dinane.,Jangan lupa minum air mineral 8 -- 10 gelas per harinya.,Jangan lupa minum air mineral 8 -- 10 gelas setiap harinya.
"Panggonane sing apik ing cedak ndhuwur bukit, bisa ndhelok pemandangan kutha saka ndhuwur.","Tempatnya yang indah di dekat atas bukit, bisa lihat pemandangan kota dari atas.","Tempatnya yang baik di tengah bukit, bisa melihat pemandangan kota dari atas."
"Numpak grab, mase crita sing wingi kena balangan watu ing dalan.Juanda pas badha jebule anake kancane","Naik grab, abangnya cerita yang kemarin kena lemparan batu di jalan.Juanda saat lebaran ternyata anak temannya","Ganti grab, cerita yang baru kemarin terkena batu di jalan. Juanda pas berumput menjadi anak istrinya"
Sakkelompok mahasiswa sing bodo. Syukur aku udu mahasiswa daerah kono. Isin woy.,Sekelompok mahasiswa yang bodoh. Syukur deh gue bukan mahasiswa daerah situ. Malu woy.,"""Kalian sekumpulan mahasiswa yang bodoh. Syukur saya bukan mahasiswa di daerah ini. Jangan tahu apa woy."""
"Restone apik lan gede. Wektu marang rene pas mangan siang lan dina minggu rame tenan pengunjung. Panganane enak enak, gurame goreng lan sambele mantep.","Restonya bagus dan besar. Waktu ke sini saat makan siang dan hari minggu ramai sekali pengunjung. Makanannya enak enak, gurame goreng dan sambalnya mantap.","""Restonya bagus dan besar. Waktu ke sini baik siang maupun malam hari ramai sekali pengunjung. Makanan enak enak, gurame goreng dan sambalnya mantap."""
"Aku klebu salah siji wong sing cukup setia karo kampung daun kat awal bukak tahun 2003 lak ora salah, kualitas panganan awite eco, ket tambah rame lan tambah mrene, panganan sing dirumantekne ora koyo biasane lan arang kading sing ngelayani kesane cuek banget, awakdewe pesen rena-rena macem panganan nanging sing teko kondisine wis anyep lan ora sekeca blas, mung panggone sing apik.","Saya termasuk salah satu orang yang cukup setia dengan kampung daun dari awal buka di tahun 2003 kalau tidak salah, kualitas makanan awalnya oke, tapi semenjak makin ramai dan makin ke sini, makanan yang disajikan tidak seperti biasanya dan terkadang pelayan terkesan cuek sekali, kita mesan beberapa jenis makanan tapi yang datang sudah dengan kondisi dingin dan tidak menarik, tempat menarik.","""Saya pernah salah satu orang yang cukup setia dengan kampung daun sejak awal dibuka tahun 2003 jika tidak salah, kualitas makanan sayur daunnya masih terjaga, meskipun semakin ramai dan semakin ke sini, makanan yang dimaintakan tidak seperti umumnya dan arang kading yang melayani cukup cuek, kami pesen berbagai macam makanan namun yang terakhir kondisinya sudah busuk dan tidak seka pada umumnya, hanya tempat yang masih baik."""
Blanja ing Giant diskon 20% kanggo kartu kredit bca.,Belanja di Giant diskon 20% dengan kartu kredit bca.,Belanja di Giant diskon 20% untuk kartu kredit bca.
"Mas, dalan ning muara bulian anyar, lagek sesasian dibenakne, uwis rusak maneh. Sing nggarap kaya ora tenanan","Kang, jalan di muara bulian baru, baru sebulanan dibenarkan, sudah rusak lagi. Yang mengerjakan seperti tidak serius","""Mas, jalan di muara bulian baru, baru kemarin diperbaiki, sudah rusak lagi. Yang mengerjakan tidak benar-benar"""
"Pancen ora enak kejebak macet, nanging luwih ora enak meneh yen kejebak masa lalu","Memang enggak enak terjebak macet, tapi lebih tidak enak lagi kalau terjebak masa lalu","Memang tidak enak terjebak macet, tapi lebih tidak enak lagi kalau terjebak masa lalu"
"Sumpah, nyesel tenan nggawe orderan via aplikasi iki. Bisa-bisane tiket ekektronike ora ditokake. Lan proses konfirmasine suwi. Sakdurunge uwis ngalami babagan sing meh pada ing aplikasi sebelah, nanging layanane cepet tenan langsung wenehi solusi. Ora kudu nganti telepon layanan pelanggan ping 4.","Sumpah, menyesal sekali bikin orderan via aplikasi ini. Bisa-bisanya e - ticket tidak issued. Dan proses konfirmnya lama. Sebelumnya pernah mengalami hal yang hampir sama di aplikasi sebelah, tetapi pelayanannya cepat sekali langsung kasih solusi. Tidak harus sampai telpon layanan pelanggan 4 kali.","""Sumpah, menyesal sekali membuat orderan via aplikasi ini. Bisa-bisanya tiket elektronik tidak ditanyakan. Dan proses konfirmasi lama. Sebelumnya sudah mengalami masalah yang lebih parah di aplikasi sebelah, tetapi layanan cepat sekali langsung memberikan solusi. Tidak perlu menunggu telepon layanan pelanggan selama 4."""
"Uwis aku kirim pesen langsunge, tulung ndang dicek","Sudah saya kirim pesan langsungnya, tolong segera dicek","Sudah saya kirim pesan langsungnya, tolong di check"
"Aku nglakoni 5 transaksi ning tanggal 22 juni, kabeh ditolak nyatane kesuda saka rekening sampek 7 yuta, saka 5 transaksi lagek 3 transaksi sing dibalekne.","Saya melakukan 5 transaksi pada tanggal 22 juni, smuanya decline nyatanya terdebit dari rekening hampir 7 juta, dari 5 transaksi baru 3 transaksi yang dikembalikan.","Saya melakukan 5 transaksi pada tanggal 22 juni, semua ditolak ternyata saldo dari rekening sampai 7 juta, dari 5 transaksi kemudian 3 transaksi yang dibatalkan."
Mayoritas sing nganggo hak pilih ing pemilihan gubernur uwis nentukake pilian.,Mayoritas pengguna hak pilih di pemilihan gubernur telah menentukan pilihan.,Mayoritas yang menggunakan hak pilih pada pemilihan gubernur telah menentukan pilihan.
Wis ngenteni jne tibake dee tekane sesuk. Aku pengen nesu,Sudah menunggu jne ternyata dia datangnya besok. Ingin aku marah,Sempurna banget! Aku suka banget sama si dia. Aku ingin ia sebagai kekasihku.
"Spotify rumit, kudu nganggo administrasi wulanan mbarang","Spotify ribet, pakai ada administrasi bulanan segala","Spotify rumit, harus pakai administrasi wulanan ke luar negeri"""
"Pengen mangan oreo wae ribet tenan, mesti diputer - dijilat - dicelupake","Mau makan oreo aja ribet banget sih, mesti diputer - dijilat - dicelupkan","Pengen makan oreo saja ribet sekali, mesti diputarnya - didilet - diselundupkan"
"Ngapuro, udu mung nomerku sing kaya ngono, aku takon kabeh sing nganggo ing daerah kono, ngomongake babagan sing pada, isih uga ora gelem ngaku uga yen tenan sinyale sing elek","Maaf, bukan nomer saya saja yang begitu, saya tanya semua yang pakai di daerah situ, mengatakan hal yang sama, masih tidak mau ngaku juga kalau memang sinyalnya yang jelek","Maaf, itu hanya nomor saya yang seperti itu, saya bilang ke semua yang pakai di daerah ini, bilangin ke semua yang meyakini kalau itu memang sinyal yang buruk"
"Kisaran siare tulung diambakake, amarga akeh daerah sing hurung isa nikmati siaran net. Matur suwun.","Jangkauan siarnya tolong diperluas, karena banyak daerah yang belum bisa menikmati siaran net. Terima kasih.","Kisaran siarannya tolong dikirimkan, soalnya banyak daerah yang belum bisa menikmati siaran net. Terima kasih"
"Kok isa ditokne bangunan ing dhuwur kali, ing dalan saka rumah sakit menyang pasar Ciroyom, aneh.","Kok bisa dibiarkan bangunan di atas sungai, di jalan dari rumah sakit menuju pasar Ciroyom, aneh.","Kenapa bisa diletakkan bangunan di atas sungai, di jalan dari rumah sakit ke pasar Ciroyom, aneh."
"Krungu lambe saka lambe soal restoran iki, saking penasaran, aku jajal marani. Nanging sayange, lak menurutku biasa ae, ora kaya sing diceritakne wong-wong. Rasane ya biasa-biasa ae, ora sumbut karo regane. Kaya masakan sing tas sinau.","Dengar dari mulut ke mulut tentang restoran ini, saking penasaran, saya coba untuk berkunjung. Tapi sayang, kalau menurut saya, tidak seperti apa yang banyak diceritakan orang. Rasanya biasa-biasanya saja, tidak sesuai saja dengan harganya. Seperti masakan yang baru belajar.","Kita sering dengar dari orang-orang tentang restoran ini, sehingga penasaran untuk mencobanya. Namun sayangnya, menurut saya biasa saja, tidak sebagaimana yang diceritakan orang-orang. Rasanya ya biasa-biasa saja, tidak sesuai dengan harganya. Seperti masakan yang dipelajari di kursus."""
Iphone iki. Kamerane peteng wassalam elek banget ora isa diandalake banget yen males nggawa kamera.,Iphone ini. Kamera gelapnya wassalam jelek banget tidak bisa diandalkan banget kalau malas bawa kamera.,"""Iphone ini. Kamernya sangat lambat sangat tidak bisa diandalkan sangat kalau malas pakai kamera."""
"Yen ora nduwe dhuwit kanggo tuku komik nanging uga pengen jagongan, teka bae marang rene. Koleksi komike komplit. Panganan ombenae sabenere mung fasilitas tambahan, nanging cukup lumayan. Regane uga murah khas mahasiswa.","Kalau tidak punya uang buat beli komik tapi juga ingin nongkrong, datang saja ke sini. Koleksi komiknya lengkap. Makanan minumannya sebenrnya hanya fasilitas tambahan, tapi cukup lumayan. Harganya juga murah khas mahasiswa.","""Kalau tidak punya uang buat beli komik tetapi juga ingin jalan-jalan, datang saja ke sini. Koleksi komik lengkap. Makan siang makanannya semua memuaskan walau fasilitas tambahan, tapi cukup lumayan. Harga juga murah khas mahasiswa."""
"Aduh pak kok seolah-olah manas-manasi kubu sisih seh? Ojo to pak, iku mengko deweke kabeh tambah cemburu, iren, pegel, nyinyir, mutung kayak bocah cilik, nesu-nesu ora jelas jluntrunge lan tambah bosok ae utek lan atine.","Aduh pak kok seolah-olah memanas - manasi kubu sebelah sih? Jangan dong pak, itu nanti mereka tambah cemburu, iri, dengki, nyinyir, ngambek kayak anak kecil, marah-marah tidak jelas juntrungannya dan makin busuk saja otak dan hatinya.","""Sayang pak kok seolah-olah manas-manasi kubu sisih seh? Jangan pak, itu kalau kita semua tambah cemburu, iri, sakit, jengkel, seperti anak kecil, gesit-gesit tidak jelas janggulnya, busuk-busuk juga bahasa kita."""
"Rekomendasi bangetlah. Cappucinone ketagihan, rega miring, lan valet parkir mbayar sakikhlase. Teka pas arep maghrib mesti luwih seru suwasanane.","Rekomendasi bangetlah. Cappuccinonya ketagihan, harga miring, dan valet parkir bayar seikhlasnya. Datang pas menjelang maghrib pasti lebih seru suasananya.","Rekomendasi banget lah. Cappucininya ketagihan, harga murah, dan valet parkir bayar seikhlasnya. Tiba pas mau maghrib pasti lebih seru suwasananya."
Oke bos masiyo hape ujug-ujug ngehank dewe sedina,"Oke bos, walau handphone tiba-tiba ngehank sendiri selama sehari",Baik bos sekalian hape tiba-tiba hang satu hari
Panggonan mangan kanthi suasana alam iki paling pas kanggo acara karo pasangan utawa karo kaluwarga. Panganane enak lan regane uga cukup kajangkau,Tempat makan dengan suasana alam ini paling tepat untuk acara dengan pasangan atau dengan keluarga. Makanannya enak dan harga juga cukup terjangkau,Tempat makan dengan suasana alam ini sangat cocok untuk acara dengan pasangan atau keluarga. Makanan enak dan harganya juga cukup terjangkau
Yakin kuwi ikhlas? Tulus? Kuwi udu pencintraan tok ya?,Yakin itu ikhlas? Tulus? Bukannya itu hanya pencitraan saja ya?,"""Kamu yakin itu ikhlas? Tulus? Itu cuma pencitraan doang ya?"""
"Aku melu lomba blog cinta rupiah bank indonesia - net media lan uwis nyubmit artikel nang 22 desember 2017 kepungkur, nanging sampek saiki status artikelku isih unpublished. Nyuwun tulung dijelasne.","Saya mengikuuti lomba blog cinta rupiah bank indoneisa - net media dan sudah men - submit artikle pada 22 desember 2017 lalu, tapi sampai sekarang status artikel saya masih unpublished. Mohon penjelasannya.","""Saya ikut lomba blog cinta rupiah bank indonesia - net media dan sudah submit artikel pada tanggal 22 Desember 2017 lalu, namun sampai sekarang status artikel saya masih unpublished. Mohon tolong di jelaskan."""
"Kafe iki nyediakne panganan tradisional bergaya kafe cah nom. Liyane panggon sing nyaman, rega kelebu mirah lan kejangkau","Kafe ini menyediakan makanan tradisional bergaya kafe anak muda. Selain tempat yang nyaman, harga terbilang murah dan terjangkau","""Tempat kopi ini menyajikan makanan tradisional bergaya kafe cah nom. Selain suasana tempat yang nyaman, harga cukup murah dan terjangkau"""
"Stasiun tv owol, ora konsisten, nguciwokake panyengkuyunge persib - persiba, ora ndhuwe welas asih marang manungsa! Owol, lan cupu!","Stasiun tv payah, tidak konsisten, mengecewakan pendukung persib - persiba, tidak berprikemanusiaan! Payah, dan cupu!","Stasiun tv owol, tidak konsisten, mengancamkan para pendukung persib - persiba, tidak punya belas kasih terhadap manusia! Owol, dan cupu!"""
"Panggone nyaman lan kesane adem. Satene uga enak lan ana menu liyane maneh ning panggon iki, ora mung sate","Tempatnya nyaman dan berkesan adem. Satenya juga enak dan ada menu lainnya lagi di tempat ini, tidak hanya sate","Tempatnya nyaman dan terasa adem. Satenya juga enak dan ada menu lain lagi di tempat ini, bukan hanya sate"""
"Pemandangane apik kanggo foto-foto, hawane sejuk, panganane rasane enak. Rega uga kajangkau. Mantep.","Pemandangannya bagus untuk foto-foto, udaranya sejuk, makanannya rasanya enak. Harga juga terjangkau. Mantap.","Pemandangan bagus buat foto-foto, udara sejuk, makanan rasanya enak. Harga juga terjangkau. Mantep."
Adikku seneng banget brownis primarasa,Adikku sangat suka brownis primarasa,Adikku sangat suka brownis primrasa
Akeh klambi lan celono sing didol ning matahari mal,Banyak baju dan celana yang dijual di matahari mal,Banyak kambing dan kerbau yang biasa dijemur di bawah matahari sore
"Minimal internetku pedhot dumadakan, 1 omah nganggo simpati kabeh semono uga ora isa nyambung internet","Minimal internet saya putus tiba-tiba, 1 rumah pakai simpati semua begitu juga tidak bisa connect internet","Minimal internet saya mati dari tadi, 1 rumah pakai simpati semuanya juga tidak bisa sambung internet"
Kaskus pancen kerep menehi informasi sing menarik lan paling anyar,Kaskus memang sering memberikan informasi yang menarik dan terbaru,"""Kaskus memang sering memberikan informasi yang menarik dan terbaru"""
"Aku paling ora seneng kuwi, yen nyepaki pemilu, suasane tansah panas.","Saya paling tidak suka itu, kalau mendekati pemilu, suasananya selalu memanas.","Saya paling tidak suka itu, kalau menyiapkan pemilu, suasananya masih panas."
"Lumayan nyesel karo kaputusan mlebu jurusan film, pengen mlebu seni rupa sakasline. Nanging ragu karo bakar sing didhuweni.","Agak menyesal dengan keputusan masuk jurusan film, ingin masuk seni rupa sebenarnya. Tapi ragu dengan bakat yang dimiliki.","Lumayan menyesal atas keputusan masuk jurusan film, pengen masuk seni rupa sekilasnya. Tapi ragu dengan bakat yang dimiliki."
"Rasa bumbu sega gorenge ora seenak mbiyen maneh, cemplang lan luwih asin. Kudu ana sing ngontrol kualitas rasa ben kualitas tetep siyaga.","Rasa bumbu nasi gorengnya tidak seenak dulu lagi, terkesan hambar dan lebih asin. Perlu ada pengontrol kualitas rasa agar kualitas tetap terjaga.","Rasa bumbu nasi goreng tidak setawa dulu, lebih asin. Harus ada yang mengontrol kualitas rasa jika kualitas tetap siaga."
"Sesuai rekomendasi, aku njajal mie goreng spesial lan rasane menurutku biasa banget ae lan kurang cocok ning ilat","Sesuai rekomendasi, saya mencoba mie goreng special dan rasanya menurut saya sangat biasa saja dan kurang cocok di lidah","Sesuai rekomendasi, saya mencoba mie goreng spesial dan rasanya menurut saya biasa saja dan kurang cocok di perut"""
"Baksone enak kanggo dipangan, panggonane resik penyajiane panganan bakso sek caraku beda. Enak banget deh","Baksonya enak buat di makan, tempat bersih penyajian makanan bakso yang menurut saya beda. Enak banget deh","Baksonya enak buat dimakan, tempatnya bersih penyajian baksonya berbeda. Seusai banget deh"
Pelakune aja diserahake karo pak polisi. Kubur urip-urip bae.,Pelakunya jangan diserahkan sama pak polisi. Kubur hidup-hidup saja.,"Pelakunya langsung diserahkan ke pak polisi. Kubur hidup-hidup bagai."""
"Nggelakne banget, aku pesen tiket lan uwis tak bayar, padahal wektu iku urung kadaluwarsa pas aku transfer, nanging nganti saiki urung dikeki kode bookinge, malah dikeki notifikasi uwis kadaluwarsa, banjur duwite mlayune neng ngendi, pas aku hubungi liwat email gur ditanggepi pisan wae.","Sangat mengecewakan, saya pesan tiket dan sudah saya bayar, padahal waktu itu belum kadaluarsa pas saya transfer, tapi sampai sekarang belum dikasih kode bookingnya, malah dikasih notifikasi sudah kadaluarsa, lalu uangnya larinya ke mana, pas saya hubungi lewat email hanya ditanggapi sekali saja.","Menggelakannya, saya pesan tiket dan sudah saya bayar, padahal waktu itu belum kadaluwarsa ketika saya transfer, namun sampai sekarang belum dikekikan kode bookingnya, malah dikekikan notifikasi sudah kadaluwarsa, baru kali ini uangnya hilang di mana, ketika saya hubungi lewat email tidak ditanggapi sama sekali."
"Lho nemene jne! Aku nelpon ora diangkat, tweet ora dibales, email ora dibales, pesen ora dibales!","Loh parahnya jne! Saya nelepon tidak diangkat, tweet tidak dibalas, email tidak dibalas, pesan tidak dibalas!","""Ho nenene! Aku telpon tidak diangkat, tweet tidak dibalas, email tidak dibalas, pesan tidak dibalas!"""
"Gela rasane karo pelayanan sing diwenehi hotel bintang papat iki. Pas aku nginep ning hotel iku, aku entuk perlakuan kurang ngenakne saka pelayan sing ana. Ditambah maneh karo jeding e sing ora ana tisune. Padahal regane lumayan larang. Nanging ora sesuai karo pelayanan sing diwenehne.","Kecewa rasanya dengan pelayanan yang diberikan hotel bintang empat ini. Saat saya menginap di hotel itu, saya mendapat perlakuan kurang mengenakkan dari pelayan yang ada. Ditambah lagi dengan kamar mandi yang tidak ada tisunya. Padahal harganya lumayan mahal. Tapi tidak sesuai dengan pelayanan yang diberikan.","Sedih rasanya dengan pelayanan yang diberikan hotel bintang 4. Saat saya menginap di hotel tersebut, saya mendapat perlakuan kurang menyenangkan dari pelayan yang ada. Ditambah lagi dengan kebersihan yang tidak ada tisunya. Meskipun harganya cukup mahal. Namun tidak sesuai dengan pelayanan yang diberikan."""
"Saka mambengi kok ora iso dienggo, layanan indosat kok kaya ngene. Ndaftar extra 2 gb 10 ewu ora isa-isa, eman-eman pulsaku malah entek ora isa dienggo apa-apa.","Dari semalam kok tidak bisa dipakai, layanan indosat kok kayak gini. Daftar extra 2 gb 10 ribu tidak bisa-bisa, sia-sia pulsa saya malah habis tidak dipakai apa-apa.","Dari tadi malam kok tidak bisa pakai, layanan indosat kok kayak gini. Daftar paket extra 2 gb 10 ribu tidak bisa-bisa, embayam pulsa saya malah habis tidak bisa pakai apa-apa."""
"Panggonane lumayan asik, parkiran kasusun rapi. Gabungan sing aneh nanging enak, steak dikancani mi tak tak pedes banget. Hm.","Tempatnya lumayan asik, parkiran di susun rapi. Perpaduan yang aneh tapi enak, steak ditemani mi tak tak super pedas. Hm.","Tempatnya lumayan asik, parkingnya susun rapi. Campuran yang aneh tapi enak, steak dikasih mie tanya pedes banget. Hm."
"Koyoke isuk iki macet banget yo, wis tur ning bis luwih saka sejam, nanging ora sampek-sapek yok an.","Kayaknya pagi ini macet banget ya, sudah tur di bus lebih dari sejam, tetapi tidak sampai-sampai juga.","""Karena kemarin pagi macet sekali, lebih dari satu setengah jam, tetapi tidak sampai cepat."""
"Aku pegel kat februari ditelpon mben dina ditelpon saka mnc tv. Aku ora tau langganan, aku ping bolak-balik nglarifikasi.","Saya kesal sejak februari ditelpon tiap hari di telpon dari mnc tv. Saya tidak pernah langganan, saya puluhan kali klarifikasi.","""Saya sakit di bulan februari ditelpon pada hari ditelpon oleh mnc tv. Saya tidak pernah berlangganan, saya terus bolak-balik meminta klarifikasi."""
Kemeruh banget to kowe mat. Ora usah sok-sokan ngekeki ceramah barang. Ceramahmu iku sesat.,Sok tahu banget sih lu mat. Tidak usah sok-sokan beri ceramah segala. Ceramah kamu sesat.,Pusing banget deh kau mat. Jangan sok-sokan jadi pengekeki ceramah barang. Ceramahmu itu sesat.
Bakso nganggo ceker utawa sikil pithik yaiku sensasi sing enak tenan. Enak banget pokoke kajaba bakso isih akeh menu liyane. Pokoke dianjurake tenan,Bakso dengan ceker atau kaki ayam merupakan sensasi yang menakjubkan. Enak banget deh pokoknya selain bakso masih banyak menu yang lain. Pokoknya direkomendasikan banget deh,Bakso dengan ceker atau kaki ayam adalah sensasi yang sangat enak. Sangat enak kok kalau bakso masih banyak menu lainnya. Pokoknya dianjurkan banget
"Xiaomi, samsung, gumantung si kowe pengin tipe apa lan jumbuh biaya sing kowe duwe, takok-takok wae menyang panggonan sing dodol hpne","Xiaomi, samsung, tergantung sih kamu mau tipe apa dan sesuai biaya yang kamu punya, tanya-tanya aja ke tempat yang jual hpnya","""Xiaomi, samsung, tergantung si kamu mau tipe apa dan berapa biaya yang kamu punya, baik-baik saja ke tempat yang agak dodol hpnya"""
"Panggon parkir kesempiten, sampek mobil kudu dititipne nyang lahan parkir sing ana ning sebrang hotel.","Tempat parkir terlalu sempit, sampai mobil harus dititipkan ke lahan parkir yang ada di sebrang hotel.","Tempat parkir sempit, hingga mobil harus disediakan di lahan parkir yang ada di seberang hotel."
"Merga skate park iki diubengi panggon klumpukan sing asyik, aku rasane ora bakal isa krasa waleh.","Karena skate park ini dikelilingi tempat berkumpul yang asik, saya merasa tidak akan pernah merasa bosan.","Begitu skate park ini ditemani tempat berkumpul yang seru, saya rasa tidak akan bisa merasa bosan."""
Aku uwis lapor marang email mandiricare.co.id,Saya sudah lapor ke email mandiricare.co.id,Saya telah lakukan pelaporan ke email mandiricare.co.id
Aku uwis ndhuwe kode akses lan pin.,Saya sudah punya kode akses dan pin.,"""Saya sudah punya kode akses dan pin."""
"Asli tenan indihome nemen tenan saiki, apa gunane mbayar larang larang edan emosi tenan","Asli dah indihome parah banget dah sekarang, apa gunanya bayar mahal mahal gila emosi nih benar-benar","Asli benar indihome sama sekali tidak bertanggung jawab, apa gunanya bayar mahal mahal sedemikian emosi berat berat"
"Dhewe sakaluwarga nyempetake kanggo njajal panganan ing panggonan mangane iki kaya susuh sing kabeh kaca-kacane ditutupi karo ranting-ranting sing ngerambat. Eksotik, unik, apik tenan lan panganane uga enak.","Kami sekeluarga menyempatkan diri mencoba makan di tempat makannya ini seperti sarang yang semua kaca-kacanya ditutupi oleh ranting-ranting yang merambat. Eksotik, unik, keren banget dan makanannya pun enak.","Kami sekeluarga menyempatkan diri untuk mencoba makanan di tempat makannya ini seperti parit yang seluruh kaca- kacanya tertutup dengan ranting yang merambat. Eksotik, unik, sangatlah indah dan makanannya pun enak."
Aku cemburu nanging ora isa apa-apa,Saya cemburu tapi tidak bisa apa-apa,"""Aku iri tapi tidak bisa apa-apa"""
"Rega ora patia larang, rasane uga enak, akeh pilian panganan khas Banjar liyane.","Harga tidak terlalu mahal, rasanya juga enak, banyak pilihan makanan khas Banjar lainnya. ","Harga tidak patia larang, rasanya juga enak, banyak pilihan makanan khas Banjar lainnya."
Segel rapi sanajan kotak setithik peyot,Segel rapi walau kotak sedikit penyok,"Segel rapi dalam satu kotak hanya sedikit kotor"""
Sopir gocar teka saka luwar kutha nyang jakarta dinggo golek penumpang ben entuk poin.,Supir gocar datang dari luar kota ke jakarta untuk mencari penumpang demi dapatkan poin.,Sopir gocar duduk dari luar kota di jakarta untuk mencari penumpang biar dapet poin
Ning kene isa metik stroberi dewe lan langsung dibayar lak pas gedhi-gedhi buahe lumayan uga legi stroberine lan ada kulinere pisan isa mangan sing liyane ning kene,Di sini bisa petik stroberi sendiri dan langsung dibayar kalau lagi besar besar buahnya lumayan juga manis stroberinya dan ada kuliner juga bisa makan yang lain di sini,Di sini bisa memetik stroberi langsung dan dibayar saat saat itu juga buah stroberinya cukup mahal juga lagi selain makanan ada kulinernya juga bisa makan yang lain di sini
"Lagek wae mau teka barange, apik kok","Baru saja tadi sampai barangnya, bagus kok","Sama saja kalau mau bawa barangnya, bagus kok"
Bosen banget ndhelok sampah ing dalan kutha palangkaraya,Bosan banget melihat sampah di ruas jalan kota palangkaraya,Bosen banget melihat sampah di jalan kota palangkaraya
Lokasi restoran ing Kemang. Larang lan ora enak. Aja mara mrana deh.,Lokasi restoran di Kemang. Mahal dan tidak enak. Jangan ke situ deh.,Lokasi restoran di Kemang. Selain mahal dan tidak enak. Jangan pernah kemarilah.
Rasa nikmat dipadu karo sambele. Daginge empuk. Rega jumbuh karo sing disajikne. Lokasi gampang ditemokne. Sip pokoke.,Rasa nikmat dipadu dengan sambelnya. Daging empuk. Harga sesuai dengan yang disajikan. Lokasi mudah ditemukan. Sip pokoknya.,Rasa nikmat dipadukan dengan sambalnya. Dagingnya empuk. Harga sesuai dengan yang disajikan. Lokasi mudah ditemukan. Sip pokoke.
Bubur Ahong iki enak dipangan pas mangan wengi. Akeh menu liane sing isa dinikmati liyane bubur. Omah mangan iki rame diparani lan lumayan amba. Bubure uga enak.,Bubur Ahong ini enak dimakan saat makan malam. Banyak menu lainnya yang dapat dinikmati selain bubur. Rumah makan ini ramai dikunjungi dan cukup luas. Buburnya juga enak.,Nasi campur Ahong ini enak digoreng sewaktu makan malam. Banyak menu lain yang bisa dinikmati selain bubur. Rumah makan ini ramai dipenuhi dan agak sempit. Buburnya juga enak.
"Aku marang kene karo pacar, panggonane lumayan amba lan ana area indoor karo ing njabane. Aku njagong ing panggonan indoor sing ana pemandangan marang arah njaba, dadi ana jendela kace. kanggo panganane aku cukup puas. Saka sisi rega tenan padha karo apa sing ditawakake","Saya ke sini sama pacar, tempatnya cukup luas dan ada area indoor sama di luarnya. Saya duduk di tempat indoor yang ada pemandangan ke arah luar, jadi ada jendela kaca. untuk makanan saya cukup puas. Dari sisi harga memang sebanding dengan apa yang ditawarkan","""Saya ke sini bersama pacar, tempatnya lumayan luas dan ada area indoor di sampingnya. Saya duduk di tempat indoor yang ada pemandangan ke arah samping, jadi ada jendela kaca. untuk makanan saya cukup puas. dari sisi harga benar-benar sesuai dengan yang ditawarkan"""
Milih gubernur utawa ora yaiku pilian saban uwong.,Memilih gubernur atau tidak adalah pilihan setiap orang.,Pilih gubernur atau tidak memilih gubernur adalah pilihan setiap orang.
Rasa uwis malih ora kaya mbiyen. Kesane anyep. Kudu ditingkatake cita rasane. Kanggo menu ombean minim banget mung ana soft drink,Rasa sudah berubah tidak seperti dulu. Terkesan hambar. Harus di tingkatkan cita rasanya. Untuk menu minuman sangat minim hanya ada soft drink,Rasa sudah tidak seperti dulu. Kesannya beda. Harusnya ditingkatkan cita rasanya. Untuk menu minumnya minim banget hanya ada soft drink
Sanadyan saiki regane uwes mlonjak munggah nanging percayao yen pesen sega padang bungkus ing singgalang jaya porsine badai tenaaan. Nganti saiki panggonan iki isih dadi salah siji panggonan nikmati masakan padang favoritku.,Meskipun sekarang harganya sudah melonjak naik tapi percayalah kalau pesan nasi padang bungkus di singgalang jaya porsinya badai abiiis. Sampai sekarang tempat ini masih menjadi salah satu tempat menikmati masakan padang favorit saya.,"""Awalnya harganya sudah melonjak naik tapi percaya deh kalau pesan nasi padang bungkus di singgalang jaya porsinya badai tahan. Sampai sekarang tempat ini masih jadi salah satu tempat menikmati masakan padang favorit saya."""
"Bebeke enak, alus, sambele enak. Panggone resik lan lumayan oke.","Bebeknya enak, lembut, sambelnya enak. Tempat bersih dan lumayan oke.","Bebeknya enak, familiar, sambalnya enak. Tempatnya bersih dan lumayan oke."
"Manggon ana ing festival city link mal, resto iki nyajikake panganan cina panganan a la carte lan dimsum. Rasa panganane oke, panggonan uga cukup amba lan akeh keluwarga mangan ana ing kene. Favorite dhewe urang mayonaise.","Terletak di festival city link mal, resto ini menyajikan makanan cina makanan a la carte dan dimsum. Rasa makanan cukup oke, tempat cukup luas juga dan banyak keluarga bersantap di sini. Favorit kami udang mayonaise.","Tempat duduk ada di festival city link mal, resto ini menyajikan makanan cina makanan a la carte dan dimsum. Rasa makanan oke, tempat juga cukup luas dan banyak keluarga makan di sini. Favorit kita daging mayonaise."
Panganan ing rumah sakit tansah ora enak,Makanan di rumah sakit selalu tidak enak,Makanan di rumah sakit tidak enak
"Lak mrene wajib banget tuku terong gorenge, panggone uga enak ana sing lesehan, ngindari jam mangan awan lak sir mrene merga kebeg banget","Kalau ke sini wajib banget beli terong gorengnya, tempatnya juga enak ada yang lesehan, hindari jam makan siang kalau mau ke sini karena penuh banget","Kalau ke sini wajib banget beli terong gorengnya, tempatnya juga enak ada yang lesehan, menghindari jam makan siang kalau ke sini karena kebeg banget"
"Panggone cukup nyaman, ana ning dalan sudirman sing cedek karo pilihan panggen belonjo, lan restone cukup cedek karo panggen iku. Panganane enak, pilihane akeh dadi ora tek malehi. Panggone uga nyaman","Letaknya cukup nyaman, ada di jalan sudirman yang dekat dengan pilihan tempat belanja, dari resto pun cukup dekat ke tempat tersebut. Makanannya enak, pilihannya banyak jadi tidak terlalu membosankan. Tempatnya juga nyaman","Tempatnya cukup nyaman, ada di jalan sudirman yang dekat dengan pilihan makanan, serta restonya cukup dekat dengan tempat tersebut. Makanannya enak, pilihannya banyak jadi tidak terlalu mahal. Tempatnya juga nyaman"""
Resto iki duwe menu sing aneka werna nanging kakean menu China lan halal. Mi ayam jamur lan sega hainane sedep lan direkomendasikake. Bebeke uga enak. Resto iki saiki duwe cabang ing Istana Plaza.,Resto ini punya menu yang beragam tetapi kebanyakan menu China dan halal. Mi ayam jamur dan nasi hainannya sedap dan direkomendasikan. Bebeknya juga enak. Resto ini sekarang punya cabang di Istana Plaza.,"""Resto ini memiliki menu yang beragam namun kebanyakan menu China dan halal. Mi ayam jamur dan nasi Hainannya enak dan direkomendasikan. Bebeknya juga enak. Resto ini sekarang memiliki cabang di Istana Plaza."""
Mampir marang bandung. Nggolek ramen. Sing jarene saiki kekinian. Regane setimpal padha karo rasane. Yen marang bandung maneh mesti mampir maneh.,Mampir ke bandung. Mencari ramen. Yang katanya lagi kekinian. Harganya setimpal sesuai dengan rasanya. Kalau ke bandung lagi pasti mampir lagi.,Mampir ke bandung. Mencari ramen. Yang jara sekarangnya kekinian. Harga setara dengan rasa. Kalau ke bandung lagi pasti mampir lagi.
"Yen ana sing salah karo tindak tanduke aku entuk kok ngomong langsung karo aku, aja ngomong ing mburi. Ora asik kaya ngono. Pengecut!","Kalau ada yang salah dengan tingkah laku aku boleh kok bicara langsung ke aku, jangan bicara di belakang. Tidak asik kayak begitu. Pengecut!","""Kalau ada yang salah dengan tindak tanduk saya sebaiknya bicara langsung dengan saya, jangan di belakang. Tidak asik begitu. Pengecut!"""
Tolong konfirmasi kanggo pangiriman ing alamat panampa sing dileksanakake dina iki utawa dina ngesok mas suwun,Mohon konfirmasi untuk pengiriman ke alamat penerima akan dilakukan hari ini atau esok hari kak terima kasih,Tolong konfirmasi untuk pengiriman di alamat yang dialamatkan kemarin atau hari ini terima kasih
Panggen parkire kurang amba. Lan nganyelne banget lak pas awakdewe mangan terus dikongkon ngge mindahne mobil merga ana wong liya sing bar mangan lan arepe metu kendaraane. Iku ngganggu banget.,Tempat parkirnya kurang luas. Dan menyebalkan banget kalau pada saat kita makan kemudian disuruh untuk memindahkan mobil karena ada orang lain yang selesai makan dan akan keluar kendaraannya. Itu sangat mengganggu.,"Parkingnya kurang luas. Terus masuk keluar mobil terus makin sesak karena ada mobil lain yang bar baru makan dan mau nunggu kendaraan. Itu sangat mengganggu."""
"Ya ngono sih, kesadharan tanggung jawab mahasiswa saiki kuwi kurang tenan. Akeh-akehe ora tanggung jawab kanthi apa sing uwis dadi tugase.","Ya gitu sih, kesadaran akan tanggung jawab mahasiswa sekarang itu kurang sekali. Kebanyakan tidak bertanggung jawab dengan apa yang sudah jadi tugasnya.","Iya sih, kesadaran tanggung jawab mahasiswa sekarang itu kurang mendalam. Banyak-banyak yang tidak bertanggung jawab begitu sudah menjadi tugasnya."
"Sega uduk iki ana ing dalan rajiman lan bukake saka sore nganti mbengi. Menune si cukup sederhana, mung sega uduk lan aneka warna pelengkape. Biasane aku mangan sega udu karo pithik goreng lan sambel, sambele ora patia pedes.","Nasi uduk ini ada di jalan rajiman dan bukanya dari sore sampai malam. Menunya sih cukup sederhana, hanya nasi uduk dan berbagai pelengkapnya. Biasanya saya makan nasi uduk sama ayam goreng dan sambal, sambalnya tidak terlalu pedas.","""Sering kali ini ada di jalan rajiman dan buka dari sore sampai malam. Menunya si cukup sederhana, hanya nasi uduk dan berbagai macam pelengkap. Biasanya aku makan nasi uduk dengan ayam goreng dan sambal, sambalnya tidak terlalu pedas."""
Ngomong-ngomong indomie pisanan ning 2018 ku mambengi tibake enak,Anw indomie pertama di 2018 ku semalam ternyata nikmat,"""Bicara mengenai indomie pesanan pada tahun 2018 saya merasa terbawa kembali kenekannya enak"""
"Saksitike kertu internetku ora kenek digawe padahal kuota lokal e isik, aku manggon ning panggonan sing aktivasi lan kertune uga wis didaftarne.","Minimal kartu internet saya tidak dapat digunakan padahal kuota lokal masih, saya berada di lokasi aktivasi dan kartu juga sudah registrasi","Kesal banget kartu internet saya tidak bisa digunakan padahal kuota lokal sekarang, saya pergi ke tempat yang aktivasi dan kartu saya juga sudah terdaftar"
Hypermart saiki ngenehi diskon 20% kanggo produk seger saben dina senen - kemis kanthi mandiri kartu hypermart,Hypermart sedang memberikan diskon 20% untuk produk segar setiap hari senin - kamis dengan mandiri kartu hypermart,Hypermart saat ini menghadirkan diskon 20% untuk produk segar setiap hari senen - kemis dengan mandiri kartu hypermart
Pengen nesu wae aku karo indosat,Mau marah saja aku sama indosat,"""Pengin banget gue sama indosat"""
Karo ngenteni wektu ganti tahun dhewe njajal marang rene. Dhewe wong loro pesen pirang-pirang sushi. Ombeane milktea karo es krim vanilla nganggo batok krambil. Kanggo sushine lumayan nanging kakehan segane kayane. Nanging rasane enak. Regane kajangkau.,Sambil menunggu waktu pergantian tahun kita coba ke sini. Kita berdua pesan beberapa sushi. Minumannya milktea sama eskrim vanilla dengan batok kelapa. Untuk sushinya lumayan tapi kebanyakan nasinya sepertinya. Tetapi rasanya enak. Harganya terjangkau.,"""Kami menunggu waktu pergantian tahun kami mencoba ke sini. Kami dua orang memesan beberapa sushi. Minuman kami adalah milktea dengan es krim vanilla menggunakan batok bambu. Untuk sushinya lumayan tetapi agak banyak dagingnya sepertinya. Tetapi rasanya enak. Harga terjangkau."""
"Endi laporanku ora diproses-proses. Magu duitku ora bakal dibalikne, padahal pulsa lan kuotaku ilang.","Mana laporan aku tidak diproses-proses. Ragu duit aku akan dikembalikan, padahal pulsa dan kuota aku hilang.","Baru laporanku tidak diproses-proses. Mau uang saya tidak akan dikembalikan, padahal pulsa dan kuota saya hilang."
"Dhewe kuciwa tenan karo pelayanan karyawan lion ing gate a6 bandar udara cengkareng. Aku diapusi, barang rusak lan reged satibane ing tujuan.","Kami sangat kecewa dengan pelayanan karyawan lion di gate a6 bandar udara cengkareng. Saya dibohongi, barang rusak dan kotor tiba tujuan.","Kami sangat kecewa dengan pelayanan petugas lion di gate a6 bandara cengkareng. Saya dipermainkan, barang rusak dan kotor sampai tujuan."
Sing paling nguciwakake yaiku nalika pimpinan ora isa mbedakake lan ora gelem ngerti endi negarawan lan endi politisi kotor,Yang paling mengecewakan adalah ketika pemimpin tak bisa bedakan dan tak mau tahu mana negarawan dan mana politisi kotor,Yang paling mengganggu adalah ketika pemimpin tidak bisa bedakan dan tidak mau mengerti apa beda negarawan dan apa beda politisi kotor
"Bubur iwak pitik sing lumayan rekomendasi ning sekitaran bandung, panggone strategis gampang digoleki, regane ora ngrogoh sak, panggone mesti rame diparani pengunjung mben dina nyambut gawe lan akhir minggu merga rasane sing enak.","Bubur ayam yang lumayan rekomendasi di sekitaran bandung, tempatnya strategis mudah dicari, harganya tidak merogoh kantong, tempatnya selalu ramai didatangi pengunjung setiap hari kerja maupun akhir pekan karena rasanya yang enak.","Bubur ayam bebek yang cukup rekomendasi di sekitaran bandung, tempatnya strategis mudah dicapai, harganya tidak menggores kantong, tempatnya harus ramai dipenuhi pengunjung dari hari kerja hingga akhir pekan karena rasa yang enak."""
"Teka ing panggonan iki kanggo ngaso sakbanjure sayah macet ing lelungan, panganane oke, nanging jajan-jajane mantep, dadi kabayarake.","Mengunjungi tempat ini untuk istirahat setelah cape macet di perjalanan, makanan oke, tapi kue-kuenya mantap, jadi terbayarkan.","Datang ke tempat ini bagi jalan pulang malam hari saya macet di antrian, makanannya enak, tetapi makanan ringan-makannya mantap, jadi terbayar banget."""
"Terus aku sia-sia no nganyari nomer hape paling anyar nyang pelayanan pelanggan cabang bni lak data ning bni isik nomer hape lawas, piye seh pelayanane!","Lalu saya percuma dong update nomor telepon genggam terbaru ke pelayanan pelanggan cab bni kalau data di bni masih nomor handphone lama, bagaimana sih pelayanannya!","Terus saya sia-sia tidak mendapatkan nomer hape paling baru yang pelayanan pelanggan cabang bni saat data di bni ini nomer hape lama, gimana sih pelayanan!"
"Aku wis kerep mara nikmati panganan ning roemah nenek. Aku seneng karo kahanane sing nyaman dinggo mangan bareng keluarga. Ning dina-dina tertentu ana tontonan musik langsung. Panganane uga nduwe pilian sing rena-rena saka tradisional, asia, sampek panganan kidulan","Saya sudah sering kali datang menikmati makanan di roemah nenek. Saya suka dengan suasananya yang nyaman untuk makan bersama keluarga. Di hari-hari tertentu ada hiburan live musik. Makanannya pun punya pilihan yang beragam dari yang tradisional, asia, sampai makanan barat","Saya sudah beberapa kali berkesempatan menikmati makan di rumah nenek. Saya suka dengan suasana yang nyaman untuk berkumpul berama keluarga. Pada hari-hari tertentu ada pertunjukan musik langsung. Makanannya juga memiliki pilihan yang beragam dari tradisional, asia, sampai makanan barat."
"Akeh wong sing ora seneng nggo berobat nyang dokter. Ora mung kerna mbayare sing relatif lumayan larang dingge separone wong, nyang dokter ora selawase isa marekne. Akeh dokter sing salah diagnosis. Apa penting utawa wis lumrah, toh dokter uga manungsa.","Banyak orang yang kurang suka untuk berobat ke dokter. Selain biaya yang relatif cukup mahal bagi sebagian orang, ke dokter tak selamanya bisa menyembuhkan. Banyak dokter yang salah diagnosa. Pentingkah ataukah sudah lumrah, toh dokter juga manusia.","""Banyak orang yang tidak suka pergi berobat ke dokter. Bukan cuma karena biayanya yang relatif agak mahal bagi sebagian orang, dokter tidak selalu bisa memprediksikannya. Banyak dokter yang salah diagnosis. Apa penting atau sudah lumrah, toh dokter juga manusia."""
"Pelayanane apik, panggen parkir lumayan amba, kebon stroberi amba lan akeh stroberi sing wis cukup abang nggo dipethil. Panganan ning restoran rena-rena banget, rasane enak, sambel stroberine unik lan enak. Sega liwet stroberi kudu dijajal. Sejauh iki kabeh menu sing tak pangan ora ana sing nggarai gela rekomendasi banget dinggo dolane keluarga","Pelayanan baik, tempat parkir cukup luas, kebun stroberi luas dan banyak stroberi yang sudah cukup merah untuk dipetik. Makanan direstoran sangat beragam, rasanya enak, sambal stroberinya unik dan enak. Nasi liwet stroberi harus dicoba. Sejauh ini semua menu yang saya makan tidak ada yang mengecewakan sangat rekomendasi untuk wisata keluarga","""Pelayanan baik, ruang parkir cukup luas, kebun stroberi luas dan banyak stroberi yang sudah cukup besar buat dipetik. Makanan di restoran-restoran terbilang enak, rasa sambal stroberi unik dan enak. Segar lidah stroberi wajib dicoba. Sejauh ini semua menu yang saya makan tidak ada yang membuat kecewa rekomendasi sangat cocok buat berkunjung keluarga"""
"Demi apa wae tes cpns marakna macet, sialannnnnnn","Demi apa pun tes cpns bikin macet, sialannnnnnn","""Demi apa sih tes cpns maknya macet, sialannnnnnn"""
"Ngenteni panganan suwi banget, pelayane galak, pas mangan pas kuwi aku pesen pizza tekone eh gosong nganti kasire pas aku mbayar ora ngguyu, pelayanane payah.","Menunggu makanannya lama banget, waitressnya galak, pas makanannya saat itu saya pesan pizza datang eh gosong sampai kasirnya pun pas saya bayar tidak senyum, pelayanannya payah.","Menunggu makanan lama sekali, pelayannya kasar, pas makan pas itu saya pesan pizza ayamnya eh gosong sampai kasir pas saya bayar tidak berterima kasih, pelayanan payah."
