javanese,ground_truth,generated
"Cepak saka hotelku nginep, namung digawa mlaku, ing kene akeh tenan pilian panganane, panggonane sing amba, lan nyenengake","Dekat dengan hotel saya menginap, hanya ditempuh jalan kaki, di sini banyak sekali pilihan makanannya, tempat yang luas, dan menyenangkan","banjo sing first import form Amerika, usaha awak siting tenan, tenan sing apik lan tenan tenan.
Bersihkan lantamaku malam hari, cuma duduhkan langsung, di sini banyak tempat makan, tempatnya yang nyaman, dan menyenangkan banget dengan awan sitong tempat tingan, tempat tingan yang bagus dan tempat tingan juga."
"Iya bener, deknen lagi jaga warung.","Iya benar, dia sedang jaga warung.","Lӓubү this, really, see [that] [again] guard warung. Iya beser bar, dekne lagi jaga warung. Lӓubү this, really, see [that] [again] guard warung. Iya beser bar, dekne lagi jaga warung. Lӓubү this, really, see [that] [again] guard warung. Iya beser bar, dekne lagi jaga warung. Lӓubү this, really, see [that] [again] guard warung. Iya beser bar, dekne lagi jaga warung. Lӓubү this, really, see [that] [again] guard warung. Iya beser bar, dekne lagi jaga warung. Lӓubү this, really, see [that] [again] guard warung. Iya beser bar, dekne lagi jaga warung. Lӓubү this, really, see [that] ["
Kangkunge lumayan nanging yuyu saus padange nguciwakake dhewe dikei yuyu sing kopong akhir dhewe ora mangan yuyune lan dibalekake.,Kangkungnya lumayan tapi kepiting saus padangnya mengecewakan kami dikasih kepiting yang kopong akhir kami tidak makan keptingnya dan dikembalikan.,"Kangen dadi seje dibalik balik sing kejongan
1. Menurunnya harga suwi tetapi pas iku di saus, lembap,... di dekatnya, ujungnya, dia tidak di sini tidak dekatnya di sini tidak di sini di sini. Suka lagi membaling kembali yang lain di depannya."
"Manggon nang braga city walk sing sak gedung karo aston lan fave hotel, panggon iki nyaman banget dinggo nyangkruk-nyrangkruk. Kopi campur teh sing anyar lagek pisan iki aku njajal tibake enak banget, dipadu karo endog setengah mateng dadi kanca jagongan karo kanca-kanca. Panggon sing bebas rokokan tambah nyenengne karo nikmati pemandangan wira-wiri wong-wong sing mlebu metu mal iki.","Bertempat di braga city walk yang satu gedung dengan aston dan fave hotel, tempat ini sangat nyaman buat kongkow-kongkow. Kopi campur teh yang baru pertama kali saya nikmati ternyata sangat enak, dipadu dengan telur setengah matang menjadi pendamping mengobrol bersama teman-teman. Area yang bebas merokok semakin mengasyikkan sambil menikmati pemandangan lalu lalang orang-orang yang keluar masuk mal ini.","Sambange nu berjejan adempo, nyangkalo lalek njjowakde dina oranye, varih!
Di briga kota walk dekat gedung karana aston lan fave hotel, tempat ini nyaman buat yang bertukar bertukar. kopi campur ternyata yang baru ke 1 ini mau mencoba tiba beberapa waktu agak ke daerah terbaru terdapat sebagian bagian benar benar mengalah kanca agak tergang"
"Gianyar nompo bantuan sosial 2018 gedene rp 44, 9 milyat","Gianyar terima bantuan sosial 2018 sebesar rp 44, 9 miliar","nu misah bantos. Te marupok alir nyewatka ring 2018, iku dhewe tonekna, panggone tanur vulu, dipercaya nganti motornya? Patokan karo, gede-nenene, nganti kakuenan lohan pasang motor? Tuku hirup nangkuher suwe. Panganane lohan Harian kotor banter tahun. Pelayanannya kurang profesional. Jatuh kecoklan.
1 ) Gianyar nehu bantuan sosial 2018 jenenge rp 44.900.000
2 ) Transasi sosial 2018 jenenge rp 44.900.000
3 ) Transasi sosial 2018 jenenge rp 44.900.000
4 ) Transasi sosial 2018 jenenge rp 44.900.000
5 ) Transasi sosial 2018 jenenge rp 44.900.000
6 ) Transasi sos"
Iki salah siji conto generasi sing ora kangge. Ora malah migunani dinggo bangsa nanging malah dadi sesuatu sing mbahayani dinggo bangsa! Mantep jeraten ae nggawe uu ite,Ini salah satu contoh generasi yang tidak berguna. Bukan malah bermanfaat untuk bangsa tapi malah jadi sesuatu yang berbahaya bagi bangsa! Mantap jerat saja pakai uu ite,";U
This one of the generational story which not make you worse. It actually improve the society but also make something bad for the society. Sweet water ae nyipu ae mung kuwi kuwi ;U
Iki salah siji contoh generasi yang tidak sebaiknya. Iya lain malah membantai bangsa tapi juga membuat keadilan untuk bangsa! Enteng jejeru ae nyipu ae hanya sekali kuipin;U"
"Sore konco, wektu iki lagi dilakokne pemeliharaan dadi aplikasi ora isa diakses.","Sore sahabat, saat ini sedang dilakukan pemeliharaan sehingga aplikasi tidak dapat diakses.","Ora mesti ada pakema - apa apa. Mau ganti aplikasi ya.
Tagline, sekarang lagi dilakukan pemeliharaan karena aplikasi tidak bisa diakses. Mungkin Anda ingin mengganti aplikasi saja."
Tenan ringkih dhewe iki aku uga jiden saktenane,Memang lemah kita ini aku juga penakut sebenarnya,"mlean asuhaku blocks..""My place is far from here, this is also my home, my parents are looking after me.""
Tenan ringkih dhewe iki aku uga jiden saktenane mlean asuhaku blocks..""My place is far from here, this is also my home, my parents are looking after me."""
"Terakhir nyang hanamasa regane 120 ewu / wong. Nanging puase luwih saka iku. Isa njupuk panganan sakpuase, nanging rasa ora nggelakne, pinter-pintere awakdewe ae ngeracik dewe. Lak penggemar daging sapi mesti seneng mrene","Terakhir ke hanamasa harganya 120 ribu / orang. Tapi puasnya lebih dari itu. Bisa ambil makanan sepuasnya, tapi rasa tidak mengecewakan, pintar-pintar kita saja meracik sendiri. Kalau penggemar daging sapi pasti suka ke sini","., namun lebih pilih jangan lambang lagi. Selalu pilih better.

  1. Terakhir dihanamase regas 120 uang / orang. Namanya gawe 120 ekor. Banget panggonakannyalah. Mba isa pakemeh panggonan, namun kalau lebih pilih jangan lambang lagi. Selalu pilih better..


jawaMean: terus
hanamasaRegas 120 uang / orang
terus
dewanegara2 Indonesia
namaagama2 Islam
panggonan Dijaga
uangdiwarakan
oranorang
panggonan terpaksa
oranpaulunkan
pilihpilih"
"Kanggo menyang ing the peak mesthi wae karasa adoh banget saka pusat kutha bandung, lan aksese sing lumayan mbingungake lan dalan cilike mbelak-mbelok. Nanging kowe bisa ora bakal kesasar amarga meh ing saben enggokan ana tanda marang ing the peak. Panggonane apik banget kanggo kowe sing nggolek suasana mbengi romantis, kanthi pemandangan mbengi kutha sing apik tenan.","Untuk menuju ke the peak memang terasa sangat jauh dari pusat kota bandung, dan aksesnya yang agak membingungkan dan jalan kecil berkelok-kelok. Namun anda mungkin tidak akan tersesat karena hampir di tiap belokan ada signage menuju ke the peak. Tempatnya sangat bagus untuk anda yang mencari suasana malam romantis, dengan pemandangan malam kota yang menakjubkan.","Kanggo ke 3 malamsa gabungne nanging jembarah ing
For reaching to the peak far away from the city center, and the access is not easy to be found, and the access which is little and difficult to make me be confused and the road is not smooth to go and come. However, you can not be confused because it is long in the level of the way, and the way is not smooth to go and come. For being good to you who want to see the scenery of romantic, with the view of the city which is good"
Kebon raya bogor isa didadekne salah siji tujuan destinasi wisata,Kebun raya bogor bisa dijadikan salah satu tujuan destinasi wisata,"nggomo nu wilayah iku panjang, suit room iku banget bervariatip misalny suwi suwi desain, padahal kutha kajeh suit room suwi suwi desain, pemandangane nyaji bareng kuangkotirebat
Kebon raya bogor adalah tempat yang banyak sekali tempatnya misalnya tempat wisata ini memang mempunyai banyak wilayahnya suara suara desain, padahal kota kajeng suit room suwi suwi desain, pemandangan merokok tinggi"
"The peak panggone ning cedeke lembang, waratan duwur ning bandung sing adem lan panggone sing apik banget nanging dalan ngge moro panggonan iki kelok-kelok banget lan tikungan landep lan curam, ora disarane dingge motoran pas udan-udan lan wengi. Ning the peak ana nggen mangan sing pemandangane kutha bandung sing indah saka nggunung, rega panganane sing larang banget lan ora sumbut.","The peak berlokasi di dekat lembang, dataran tinggi di bandung yang sejuk dan lokasi yang sangat baik namun jalan untuk mencapai tempat ini sangat berkelok disertai tikungan tajam nan curam, tidak disarankan untuk berkendara saat hujan dan malam hari. Di the peak terdapat restoran dengan pemandangan kota bandung yang indah dari perbukitan, harga makanan yang sangat mahal dan sangat tidak sesuai.","Jukar kudu njukir sing kutha sing asing karo nggawe rogo.
Peak panggonane ngede kece hehe, telah lanjutkan penulisan artikel ini, saya sekarang di peak ini hehehe, panggonan yang indah banget buat kecewa saya buat panggonan ini sulit buat kecewaan saya, tidak menurut"
Aku kapok nganggo jasa lion air,Saya kapok menggunakan jasa lion air,"uga mulek ajaah. Saka gawean nggarai, pinggin-pinggin lanosis wanggul lan uga mitoro tuku! ;)
I used lion air and discount coupon. From reducing stress, reducing noise and noise cancellation and also from not returning plane and from not getting scabies and from not getting lice and from not getting head lice! ;)"
Akeh bab sing isa dhewe tindakake kanggo ngisi wektu luwang.,Banyak hal yang dapat kita lakukan untuk mengisi waktu luang.,"Ngeceke kanggo dhewe nani ora ana tonane seje lage,: )
Multiple babies are being used to make entertainment during the evening. They are being made for us to watch because they are being made for much higher than us.
Like this translation. Give us your feedback in the comments below and don't forget to contribute to our language survey to help protect and improve the Indonesian language."
Saya apatis ngelaporake bab-bab kaya iki. Amarga nganti minggu wingi isih tetep hurung digarap. Mung janji-janji terus.,Semakin apatis melaporkan hal-hal seperti ini. Karena sampai minggu lalu masih tetap belum dikerjakan. Hanya janji-janji terus.,Saya sangat marah sih ketika lagi mengambil pengajian kasihi karena dua kali seminggu yang lalu juga tidak dapat menyediakan makanan pilihnya bergerak. Sehingga hanya janji-janji tetap berlaku.
Rega dhuwur banget porsi sithik banget ora janji maneh aku teko kanggo kepindho. Panganane ora beda adoh karo emakku dong!,Harga selangit porsi seiprit tidak janji lagi saya datang untuk yang kedua kali. Masakannya tidak beda jauh sama ema saya dong!,":)

Indonesia: : Panganane ora beda adoh emakku emakasatungesa dingge wanggah
Tags: uphness uphnessing uphrightness up to the minute Indonesian is changing quickly again... let's see what's new... translation Indonesian is changing quickly again... let's see what's new... translation"
"Anyar lan kashediya, 5 sekat mangan awan kotak kotak mangan yooyee kotak bekal anti bocor 590","Baru dan tersedia, 5 sekat makan siang kotak kotak makan yooyee kotak bekal anti bocor 590","ml pergi hargausi mekok. Tagide tahu podekortva oksigen lan kapedula kotak bekal bejereyan kecil. Aku sasadi 2 kotak. Kabarkan pas harga karo tahu putih sort menurunkan harganya.
Begini dan atau lain-lainnya, 5 lembar makanan gauh biru kotak kotak makanan sangat kecil kotak sayur gocar gusar kalam kalam lam lam, bukan hari oksigen danoksigen, kapadaya lam lam kecil. Aku sebut 2 lembar. Beritaku kaburan ya begitu sama sama sama sama sama sama sama sama sama sama sama. Berkurang sekitar 10 persen."
"Ora ngerti ya kenangapa resto iki manggoni ranking 12 saka 1800an resto sing ana ing jakarta. Regane larang! Panggonane ndhelik, lan rasa panganane biasa bae. Aja percaya banget karo review sing nyesatake.","Tidak mengerti ya kenapa resto ini menduduki peringkat 12 dari 1800an resto yang ada di jakarta. Harga mahal! Lokasi tersembunyi, dan rasa makanan biasa saja. Jangan terlalu percaya sama review yang menyesatkanlah.","- _


import quantmod
import yfinance as yf

stock = yf.Ticker(""tbk.a"")
hist = stock.history(period=""max"")
hist.to_csv(""tbk_a.csv"")"
Bledosan ning aksi protes ning afghanistan mateni wong 68,Ledakan dalam aksi protes di afghanistan tewaskan 68 orang,"taun dina 17. Pemandangan kabaang akepa lan patut dipertahankan. Sapak iepe-iepan banget ngrasakna.
Protest terhadap keganasan afghanistan mati suatu lansana dua tahun lalu nomor 68 tahun. Lengkap dengan detail yang memadai tetapi tidak memiliki potongan kata."
"Aku teka marang restoran kuwi bareng karo kancaku. Kancaku kakehan kaget ndhelok pemandangane sing apik tenan ing mbengi. Aku ndhuweni kasempatan njajal stik impore, enak tenan apa maneh sause. Mmm yummi. Yen ana kasempatan aku pengen teka maneh marang kana.","Saya berkunjung ke restoran itu bersama dengan teman saya. Teman saya kebanyakan terkejut melihat pemandangannya yang sangat indah di malam hari. Saya berkesempatan mencoba steak impornya, sangat enak apalagi sausnya. Mmm yummi. Kalau ada kesempatan saya ingin berkunjung lagi ke sana.","Tak dadi aku taknye malahadditional sekitar tukaran uang rubel lan rupiah.
Karo saya datang ke tempat bersama saudara saya. Saudara saya kenangnya sangat menyegarkan pemandangan yang indah di panggen. Saya mendapatkan kesempatan untuk menikmati stek impor, enak di sana bahkan lebih enak lagi. Mmm yummi. Walaupun ada kesempatan saya datang lagi ke tempat ini. Tidak jadi saya tidak mau lagi."
Akses menyang dusun bambu isa ditekani kira-kira ing wektu 1 - 2 jam nganggo mobil pribadi. Mara menyang dusun bambu diusahakake pas wektu wengi amarga awake dhewe isa ndelok cetha pemandangan sing ana lan wektu sing pas kanggo mangan wengi.,Akses menuju dusun bambu bisa ditempuh kira-kira dalam waktu 1 - 2 jam menggunakan mobil pribadi. Berkunjung ke dusun bambu diusahakan saat petang hari karena kita dapat melihat jelas pemandangan yang ada dan waktu yang pas untuk makan malam.,"Anak-dadi dipandu kok buruan nglajang.
Translate the following text from Javanese to Indonesian.
Akses menyang dusun bambu isa ditekini kira-kira ing wektu 1 - 2 jam nganggo mobil pribadi. Mara menyang dusun bambu diusahakake pas wektu wengi amarga awake dhewe isa ndeloke cetha pemandangan sing ana lan wektu sing pas kanggo mangan wengi. Anak-dadi dipandu kok buruan nglajang."
"Panganane oke padha karo xo suki liyane. Nanging sanajan dina prei gedhe kaya badha iki udhu artine meseme prei lan pesenan ombe, lan liya-liyane kudu mesen ping akeh. Tulung dijaga kepuasan pelanggane. Matur suwun,","Makanan oke sama seperti xo suki lainnya. Tetapi walaupun hari libur besar seperti lebaran ini bukan berarti senyumnya libur dan order minum, dan lain-lain harus order berkali-kali. Tolong di jaga kepuasan pelanggannya. Terima kasih.","{@}ndalate dan palakapon {@} pelayanney sing ngelani pingatan pelayan ing melak.
Makanannya selas-kelas seperti sama enaknya. Tapi karenahharian besar sehingga jadi lebih enak lagi nany akrab dengan rasa saus dan pesanannya, masing-masing harus mencari beberapa. Harus dijaga kepuasan pengunjung. Terus saja menjagakeaan kualitas service oleh pelayannya yang berkaitan dengan menei."
"Restoran iki yaiku panggon kuliner sing wajib diparani umpama nyang bandung. Ora mung panganane sing manjakne ilat panganan sunda banget, restoran iki uga dibangun nganggo konsep mangan santai ning jero kali dadi nawarne pengalaman kuliner sing berkesan banget. Kudu dijajal dinggo sopo ae sing nyang bandung.","Restoran ini adalah sebuah destinasi kuliner yang wajib dikunjungi bila ke bandung. Selain makanan yang sangat memanjakan lidah makanan sunda, restoran ini juga dibangun dengan konsep makan santai di dalam saung yang dikelilingi alam hutan dan pegunungan yang dihias pepohonan rindang dan dihibur oleh gemericik air sungai sehingga menawarkan pengalaman kuliner yang teramat mengesankan. Harus dicoba bagi siapapun yang ke bandung.",Restoran ini adalah tempat makan which must be reserved as a replacement of going to bandung. Only food which is high in interest than food from bandung. This restaurant is built based on the concept of santai meal in the middle of the river so that you can experience the great cuisine that is very impressive. It must be tested as a replacement of going to bandung.
Mbalik ngaktifne paket data indosat merga isa akses youtube unlimited.,Kembali mengaktifkan paket data indosat karena dapat akses youtube unlimited.,"Ngasrio 2 juta kasim. Isike lho, indosat. 
balance paket data indosat merapak balance data internet indosat gue dua juta kasim. Ora ke ya elne, indosat!
Return only the translated text: Mbalik ngaktifne paket data indosat indosat merga isa akses youtube unlimited. Ngasrio 2 juta kasim. Iske lho, indosat."
Aku nembe ngerti ketemu kancaku sek makarya nang trans tv,Saya baru saja bertemu teman saya yang bekerja di trans tv,". kami menanggechani korupsi! panganan terlalu ngurang. perumahan terlalu menunggak.

 Translate the following text from Javanese to Indonesian. Return only the translated text: Aku nembe ngerti ketemu kancaku sek makarya nang trans tv. kami menanggechani korupsi! panganan terlalu ngurang. perumahan terlalu menunggak.
1.'. Aku butuh mengenali kawanku yang bekerja di trans tv. mereka menanggung korupsi! makanan terlalu mengecewakan. rumah terlalu mahal.

2.'. Aku butuh mengenali kawanku yang bekerja di trans tv. mereka menanggung korupsi! makanan terlalu mengecewakan. rumah terlalu mahal."
"Omah mangan ning dalan anggrek iki nduwe keistimewaan jenis seafood sing rena-rena lan ana sing isih urip dinggo dipilih lan dimasak pas kuwi uga. Rena-rena jenis panganan isa dipilih lan wektu ngenteni sing sediluk nggarai adewe ora tek kesuwen keluwen ngenteni. Menu kerapu kukuse enak banget lan gurih, apa meneh lak dimasak karo iwak sing isih seger. Lokasine lumayan adem, regane mirah.","Rumah makan di jalan anggrek ini memiliki keistimewaan jenis seafood yang beragam dan ada yang masih hidup untuk dipilih dan dimasak saat itu juga. Berbagai jenis masakan dapat dipilih dan waktu tunggu yang singkat membuat kita tidak terlalu lama kelaparan menunggu. Menu kerapu kukusnya sangat enak dan gurih, apalagi bila dimasak dengan ikan yang masih segar. Lokasi cukup sejuk, harga murah.","Ora pesen yen dimasak ku tani lan yen regane kukuh.
Daerah ini memiliki menu seafood yang sangat populernya. Selain pilih yang lebih dipilih dan waktu menunggu yang sedikit lan habis wait list, menu sering kali kurupan kukus enak sekali dan lezat dan suwara juga tidak perlu masak di tangan saja dan biasanya pilihan dan waktu menunggu yang terbatas."
"Kaya biasane awakdewe mesti golek kuliner sing liya timbangane sing liyane, awakdewe entuk ning panggen iki yaiku the restaurant padma hotel. Awakdewe pesen menu sing ana. Ana saka indonesia, eropa lan cina, tibake kabeh masakane enak kabeh.","Seperti biasa kami selalu mencari kuliner yang lain daripada yang lain, dapatlah kami di tempat ini yaitu the restaurant padma hotel. Kami memesan menu yang ada. Ada dari indonesia, eropa dan chinese, ternyata semua masakannya enak semuanya.","Mbeurane enak sekitar 500-600 rupiah per panganan. Sing paling enak reget, sing njengkep karo keluarga biasa. Ing ngasri karo jimbaran aiki, wektu saka dadi sakulih, awakdewe penting nglampok ke 3. Lewat ingglia can be. Ithik enak, sing nginyapne karo kenahe karo keluarga buta kuota. Ing ngasri can be. Ithik cukup pas, enak lan ora buat kanggo kerap naik 3. Lewat ngasri can be. Ithik cukup pas, enak lan ora"
Iya kuwi sing nggawe aku kesel. Iki udu salahe sing ngelamar nanging jelas 100% salahe pihak sing ana ing ndhuwur sing embuh piye carane dheweke koordinasi. Nyesek aku kuwi sanajan iki kasus kancaku sing ing lampung.,Iya itu yang bikin saya kesal. Ini bukan kesalahan sang pelamar tapi jelas 100% kesalahan pihak yang di atas yang entah bagaimana cara mereka berkordinasi. Nyesek saya itu walaupun ini kasus teman saya yang di lampung.,"Kasus iki kuwi nggelakne lan ngganti hidung lan aku mbalik nganggo test karo sing kasus ngeluare sekeja kuwi sanajan kasus sing ngeluare sekeje iki ora ana. Kasus iki ora ana tekad karo sing ana ing ndhuwur lan aku mbalik nganggo test karo sing kasus ngeluare sekeja kuwi sanajan kasus sing ngeluare sekeje iki ora ana. Kasus iki nggawe akureka kuwi sanajan aku kasih esok kanggo karo lan kasih tahu kanggo kakene. Kasus iki ngganti hidupeneh karo

1. Iya kuwi sing nggawe aku kesel. Iki"
"Pelayanane cukup suwi, nanging suwasanane sing diwenehi apik lan unik, dadi karo ngenteni panganan isa nikmati suwasana ing restoran iki, menu sing disajikake aneka werna lan enak,","Pelayanannya agak lama, tetapi suasana yang diberikan keren dan unik, jadi sambil menunggu makanan bisa menikmati suasana di resto ini, menu yang disajikan beragam dan enak,","thakire mantep, dheweke padha karo wawarja reel akhire kuwi
Pelayanan cukup lama, tetapi kecewanan yang benar dan unik, demikian pelayannya yang baik dan ekspresinya yang gila, sehingga untuk menikmatinya sendiri merasa merasa suasananya di restoran ini, yang beragam macam menu yang disajikan berbagai macam menu menu yang menarik, mending bersama rekan rekan akhir pekan ini."
"Panganan ing kene enak-enak kanthi akeh variasine. Kabehane enak kanthi pemandangan apik. Pelayanane sing maksimal saka mbak diah lan gina saka ngewiwiti teka nganti rampung, dilayani kanthi apik tenan.","Makanan di sini enak-enak dengan banyak variasi. Semuanya enak dengan pemandangan bagus. Pelayanan yang maksimal dari mbak diah dan gina dari awal datang sampai selesai, dilayani dengan sangat baik.","Prakata enar, panganan enak karo banyak variasi. Sekali nikmati karo indahnya pemandangane. Pelayanan sing maksimal saka ibu dhewe lan bikin saka nganti rampung, dilayani dengan sebaik-baikinya dulene. Translated back: Makanan di sini enak dengan berbagai macam pilihan. Seluruh makanan enak dengan pemandangan indah. Pelayanan yang baik dari ibu jariyah dan membuatnya dari awal hingga selesai. Bahasa sing jarang, makanan enak dengan banyak pilihan. Secara lengkap, makanan enak dengan pemandangan indah. Pelayanan yang baik dari ibu"
"Ana ing ajang piala dunia 2018 sesuk, telkomsel njupuk bagian minangka pandukung penyiaran resmi ing perhelatan sepak bola donya kasebut.","Dalam ajang piala dunia 2018 nanti, telkomsel mengambil bagian sebagai pendukung penyiaran resmi dalam perhelatan sepak bola dunia tersebut.","Layane layene, berjani berani.
En nambah pesan saat piala dunia 2018 sakapayaya aba abaaya10 minit, telkomsel terpanggu banget as organizer sepuluh perhelatan sepak golwan dunya, pesen. Layane layene, bergila bergila, tenyani menononanun."
De'e biasane tuku tisu paseo,Dia biasanya membeli tisu paseo,"rm integri. Gunanya lobu lo seje siji ijgn mampir lagi. de'e biasaun tukuhsuwa tp integrith paseoran rm ekstrim. gunanya loh semu joedhik sekeluar pemandangannya mampir lagi.
from javanese to indonesian: De'e biasane tuku tisu paseo rm integri. Gunanya lobu lo sejae siijo ijgn mampir lagi. de'e biasaun tukuhsuwa tp rm integrim paseoran rm ekstrim. gunanya loh semu yojok sekeluar pemandanginya mampir lagi."
"Buse ora nyaman, mbak, ora sumbut karo sing diomongne bosmu, urung maneh panganane kurang enak banget, terus panggon wisata tujuane sing nggelakne:","Busnya tidak nyaman, mbak, tidak sesuai dengan yang diomongin atasan Anda, belum lagi makanannya kurang enak banget, lalu tempat wisata tujuannya yang mengecewakan:","''Ora mangan enak'' uga egeleg pas saaat ana marang banjur larang saaat ana. Ora wis ora enak uga egeleg pas saaat ana marang banjur larang saaat ana. Ora wis ora enak uga egeleg pas saaat ana marang banjur larang saaat ana. Ora wis ora enak uga egeleg pas saaat ana marang banjur larang saaat ana. Ora bos! Manganane wis bosmu marang pilihan banget. Ingged!
Body ora nyesthetic, sister, not very comfortable, please not so many food so that it does not taste so good, then tourist destination you go can be like this: ''It is good food is''. Similarly agree tourist destination you go has ''It is good food is''."
"Cukup gampang golek lokasi iki, mung ngikuti wae arah menyang tengah kota. Mengko ning kiwa dalan ketok parkiran mobil sing cukup akeh, nengkono panggonan kafe iki. Rasane kafe iki pancen arang sepi, pengunjunge akeh banget.","Cukup mudah mencari lokasi ini, tinggal mengikuti saja arah ke tengah kota. Nanti di kiri jalan terlihat parkiran mobil yang cukup banyak, disitulah tempat kafe ini. Rasanya kafe ini memang jarang sepi, banyak sekali pengunjung.","Tapi kahanane sekitar sangat patuhu. Tapi nggawa ishani panasyah.
Paham enough suatu ini yasi ke kuut ing siuwa jaluru, menanggo naik jalanan jalanan, kemiri bentuk rumi margnit kuta parkir mobil cukup akeh, nangasa umumane wilayah kafe iki. Rasane kafe iki panggonne arang sepi, pengunjung akeh. Tapi suasanane sekitarnya kurang banget. Tapi menggugah suara."
"Gela aku karo provider iki, nganti sebel, nesu, emosi, aku metu, gara gara, sinyal sing ora bener.","Kecewa saya dengan provider ini, sampai kesal, marah, emosi, saya keluar, gara gara, sinyal yang tidak benar.","Lagu-lagu pop, status user others, nganti ora ana larangan whooping cough!!!, deh ilikne ok je, tenng aku dinggo utawa max sike lage, ning tyvolo stick ben. Stik stick one lan two, bejo, kane, kanok, kalebu kening ground lan pasturen uga! Maling bener, iku ground ya iku ground lan pasturen iku pasturen. Ana, provider ini telkomsel.

1. Iklan aku ke provider iki, tenang, pesan pun, pesan banget, pelayanan pun, kabar-babar kuotanya ngalung iki, terus pesan, gara-gara ground lan sinyal pun bener. Lagu pop, status user others, tenang pesan pun, kanca kanca pesan, tenang ora ana larangian sakaakoen whooping cough! De"
"Sarung bantal, seprei lan slimute uwis ora putih...terus temboke wes akeh lumut..","Sarung bantal, seprai dan selimutnya tidak lagi putih...trus dindingnya sudah banyak lumut..",berlimpah tukonan..........................................................................................................................................................................................................
"Lan pas dheweke teka, saya rusak wae iki acara. Gilo banget aku karo dheweke, asli! Ngapuro yoo aku ora seneng banget karo dheweke","Dan ketika dia tiba, makin rusak saja ini acara. Jijik banget gue sama dia, asli! Maaf yaah gue enggak suka banget sama dia","ing acara iki. Uwuz gelap kanggo kami ing acara iki, ora akeh tempat amarga golek ora beh perlu. Aacara malah dheweke rusak, acara iki kami ora seneng, ora nyaman, ora ora regane. Sing ora nyawe ora nyawe mrike mas, ora nyawe ora mas.
Pas kami berkiri, aku sek sih ini acara. Acara malu aku ke kami, hehe. Menengah malah kami rusak, acara kami tidak suka, tidak menyenangkan, tidak sesuai predikat, tidak buah buah."
"Dhewe ana acara mangan mbengi wektu kuwi, es krime ora dipisah karo espresso dadi ora isa nyampur sing cocok karo selerane awakedhewe. Salmon steake uga kurang seger, kulit salmone atos, ketoke suwi ing kulkas utawa freezer. Sanajan iku menu utama sing kudune enak.","Kami ada acara makan malam waktu itu, ice krimnya tidak dipisahkan dengan espresso jadi tidak bisa mencampur sesuai selera masing-masing. Salmon steaknya juga kurang segar, kulit salmonnya keras, keliatannya lama di kulkas atau freezer. Padahal itu menu utama yang seharusnya enak.","Juss, menu sange macem-macem macem banget. Mung pesenan itsel crkne karo es krime ora nyediki apa kangen. Ya, es krime banget dadi ora isa nyampur sing cocok karo selerane awakedhewe.
Saya ada acara menanggan malam kaliya, es krime tidak dipisahkan ke Espresso supaya tidak menjadi tidak isa rasa sesuwun. Salmon steake sungguh tidak seger, kulit salmon atos, ketulurnya sangat tidak seger, tergolong panas di kulkas atau freezer. Padahal itu menu makanan utama yang"
"Panggonane gampang ditemukake. Resik lan higienis, pelayanane apik, dhewe bisa diskusi babagan panganan kang kasadia. Asik.","Tempatnya mudah ditemukan. Bersih dan higienis, pelayanannya bagus, kita bisa diskusi tentang masakan yang tersedia. Asik.","nglumpakakne.

1. Nggawe nyaman. Mantap. Pelayanan bagus, sukane masih stik, mungewe masyarakat umum regane stik kaya banget

2. Buat yang sulit ditemui. Akhir-akhir pelayanannya bagus, tuku tawon, minyone kudu stik stik"
Buffet mangan mbengi paling top. Regane pas karo sing dientukake. Rasane enak piliane akeh. Regane kadang didiskon yen teko rombongan. Sukses terus ya.,Buffet makan malam paling top. Harga sesuai yang didapat. Rasanya enak pilihannya banyak. Harga kadang didiskon jika datang rombongan. Sukses selalu ya.,"menu makan malam memang tergoda, paling murah. rasa enak banget, sangat banyak pilihan. kadang harganya didiskon jika mengeluarkan waktu berbagi"
Panggon sing apik yen dinikmati wengi. Cukup nyaman. Ragane lumayan murah. Senenganku stik tenderloine. Cukup enak.,Tempat yang bagus kalau dinikmati malam hari. Cukup nyaman. Harga cukup terjangkau. Favorit saya steak tenderloinnya. Cukup enak.,Enak banget. Panggon makanan hits. Lan tempat dulu klo ground stike banget. Sekarang oke. Seluruh sisa ragane kan ragene lain yaitu tenderloine. Luwih enak. Enak banget. Ingkang ngegana karo sonfonang. Kajangne. Cukup awak lan dhewe tekan. Dadi banget. Nyerne seken. Sugihn
"Njajal kanggo buka puasa ing kene. Kanggo rega sing kagolong larang ana ing antara hotel berbintang sakelasae, rasa sing ditawakake tenan nguciwakake. Pastane ora ana rasane, panganan liyane uga ora ana rasane. Beda tenan karo apa sing biasa ditawakake. Lan pelayanane uga kurang profesional pas ngelakoni pembayaran nganggo kartu kredit.","Mencoba untuk buka puasa di sini. Dengan harga yang tergolong mahal di antara hotel berbintang sekelasnya, rasa yang ditawarkan sangat mengecewakan. Pastanya hambar, makanan lain juga hambar. Sangat berbeda dengan apa yang biasa ditawarkan. Dan pelayanan juga kurang profesional pada saat melakukan pembayaran dengan mengunakan kartu kredit.","Lan lan ana rasane, panganane liyane uga ora ana rasane. Lan apa sing ditawakake beda karo apa sing biasa ditawakake. Lan pelayanane uga kurang profesional pas ngelakoni pembayaran nganggo kartu kredit.
Njajam buat buka hari raya di sini. Untuk mengejar hari raya di antara hotel bintang 5 sampai sekarang, pelayannya agak kotor. Sehingga pembayaran dengan kartu kredit tidak enak. Dan lainnya"
"Aku uga bingung loh, sing ndukung tokoh kuwi meh kabeh setipe bisane mung ngenyek-ngenyek, fitnah, tembung-tembung kasar, nyebarna isu ngapusi, ngutamakake emosi, akal sehate ora pernah dinggo.","Gue juga bingung loh, pendukung tokoh itu hampir semuanya setipe bisanya cuma maki-maki, fitnah, kata-kata kasar, menyebar isu bohong, mengutamakan emosi, akal sehat tidak pernah dipakai.","Co aku juga bingung loh, jika dukap membantuh tokoh sama madu. Selalu berpindah perihalan, fitnah selalu, kasar lagi, menyebabkan isu bergeser, menghormati keadaan tidak pernah dijalankan. Ini baru aku pelajari. Sekarang aku sudah pasti, setiap tokoh yang tertangkap selalu kasar, fitnah selalu, kebanyakan setiap kasus dijelekkan, mengecewakan, memandang orang, kebajikan tidak pernah dijalankan. Ini baru aku pelajari. Sekarang aku sudah pasti, setiap tokoh yang ditangkap selalu kasar, fitnah selalu"
"Omah mangan nusa indah saiki gelakne ah. Reget, uwong ditokne wae ngrokok ning ruangan nggo ac, pangganan suwe tekane.","Rumah makan nusa indah sekarang mengecewakan ah. Kotor, orang didiamkan saja merokok di ruangan ber ac, makanan lama datangnya.","Kabansen kok, uwong sesuk dadi pinggiran bandung lah, nanging saiki lokasi saiki larang nusabaru macem-macem. Pelayan nusa malah kurang. Ngenteni saiki or ning ngistarik sakunya amarga wiwit mangan kejam, taruh thekong saiki nggawe tujuan nggawe grame banget.
Home of Makan Place nusa indah now laughs. Regret, people came across. Upset, some are becoming a part of the district bandung is. Now the location is now a place to eat new many things."
Nadia nggoleki hem kanggo adike ning uniqlo,Nadia mencari kemeja untuk adiknya di uniqlo,". Ii kupas lan sing njebul kanthi area sing kelas, njaba mampir lan lan. Nimu ning ngetokane bab kanthi. Nabasi saka jero njaba izin isi dulur mengisi twRRboard. Ngantoni panganan santap larang dheweva ngganti stang panganan favorihne. Mange ngenteki nyaman banget lan pengen kabaee ngenteki ngganti stang. Ngekompi ungKHir nggawe kabeh hem thisppat, lesu ngenti sensasi minyake. Ngekompi karo pggo ngenteki lan pggo nggawa.
1. Nadia mengelangi harganya bagi banding uniqlo. Ada penuh dan area yang klas, menghalangi izinkan isipadu berlebar untuk memuat twRRboard. Sebentar selama dibawah menghentakkan bab berat merekaapabila mengganti area banding makanan favorit"
"101 dalmatians: The series yaiku seri kartun tipi sing digawe karo disney television animation, kerjo bareng karo jumbo pictures.","101 dalmatians: The series adalah sebuah seri animasi televisi yang diproduksi oleh disney television animation, bekerja sama dengan jumbo pictures.","Dijelaskan kalbu dadi seri pertama sing nyajikake wujud dalmatian. Serial iki disiarkan di indonesia ngrasiakane 1989-1993. Menurut cerita, sing paling gampang ngadepake kecelakaan adalah singgo gurame. Kalau dikononi, gurame bakal ngadepake sekejana 10 kali kecelakaan sing surut. Nanging, gurame bakal ngadepake kejutan pisanan.
101 dalmatians: The series is an animation series based on the Walt Disney Television Animation, together with Disney Pictures. It was broadcast in indonesia from 1989-1993. According to the story, the most difficult to deal with accidents including fish. If you are verified, fish will deal with as many as 10 times the accident that has passed. However, fish will deal with a surprise first"
Kantor kang nyambungake korsel - korut dibuka pekan iki,Kantor penghubung korsel - korut dibuka pekan ini,". Korut dibuka di Jakarta, namun dijalankan di Kuala Lumpur. Korut yaiku luwih kenceng banget utawa kalau monggokane korut iki. Lan kabayar kabayar ya iku ngenteni korut kudu isi uga nglengkapi paket luwih luwih luwasi. Lan kabayar kabayar isi korut iki cukup simpel. Nyalukake ganti.
Kantor yang terhubung ke luar negeri - jual barang di luar negeri - jual di jakarta, tapi dijalankan di kuala limpo. Jual lebih berhagi atau kalau minta korut ini diisi - dan kadang - kadang berganti. Dan kadang - kadang berganti. Dan kadang - kadang terjaga korut."
Menehi berkah bareng sinde! Etukna 50 paket umroh saben tuku minimal rp 15.000 ning alfamart.,Berbagi berkah bersama sinde! Dapatkan 50 paket umroh setiap pembelian minimal rp 15.000 di alfamart.,"Mung paket umroh cilik siluman ngloji. Mungakake lumayau 100 paket umroh cilik, saklu-kirian milih alfamart.
There is no greeting. Come in, this is 50 pack tour package per person minimum Rp 15.000 at alfamart. Only small package alfamart loosing. Make more tour package per person 100, then they will choose alfamart."
"Tuku kaos, topi utawa jam tangan ning lapak monoton roomstore busa ditawa khusus nganggo aplikasi ning hape bosku.","Beli kaos, topi atau jam tangan di lapak monoton roomstore bisa diego khusus pakai aplikasi di hape boskuh.","Otomatis ko riuk saka panggon ngpost; ko bapak ujeng
translate this text from javanese to indonesian. get kaos, topi or jam tangan in lapak monoton roomstore busa ditawa khusus nganggo aplikasi ning hape bosku. otomatis ko riuk saka panggon ngpost; ko bapak ujeng
1. ambillah kaos, topi ataupun jam tangan di lapak monoton roomstore busa ditawa khusus menggunakan aplikasi di pakej bosku. otomatis ko riuk saka panggon ngpost; ko bapak ujeng
2. ambillah kaos, topi ataupun jam tangan di lapak roomstore busa ditawa khusus menggunakan aplikasi di pakej bosku. otomatis ko riuk saka panggon ngpost; ko bapak"
"Aplikasi google maps akeh paedahe, aku puas nganggone!","Aplikasi google maps sangat bermanfaat, saya puas menggunakannya!",http://maps.google.com/maps?source=sq&hl=id&ie=UTF8&msaid=&inputurl=pusat+tanggungjawab%3F+sekarang+na+petang+%231+alamat%3A+menuju%3Apusat+tanggungjawab%3F+sekarang+na+petang%3A+jabat%3A+jabatan+ku%2C+jabat%3A+ku+jabatan+ku+jabatan+ku+jabatan+ku+jabatan+ku+jabatan+ku+jabatan+ku+jabatan+ku+jabatan+ku+jabatan+ku+jabatan+ku+jabatan+ku+jabatan+ku+jabatan+ku+jabatan+ku+jabatan+ku+jabatan+ku+jabatan+ku+jabatan+ku+jabatan+ku+jabatan+ku+jabatan+ku+jabatan+ku+jabatan+ku+jabatan
"Kanggo malem minggu ing kene pasangan diwenehi panggonan sing ora kapenak, amarga pas uwong lewat ing kana panggonane dhewe obah-obah, luwih pase mirip kaya warung pinggir dalan. Ora sesuai karo rega panganane sing disajikake, kudune pasangan uga diwenehi panggonan sing apik uduk sembarang nerima tamu lan dideleh ing panggonan kaya kuwi.","Untuk malam minggu di sana pasangan diberi tempat yang tidak nyaman, karena saat orang lewat di sana tempat kami goyang-goyang, lebih tepatnya mirip seperti warung pinggir jalan. Tidak sesuai dengan harga makanan yang disajikan, seharusnya pasangan juga diberi tempat yang bagus bukan sembarang terima tamu dan taruh di tempat seperti itu.","Dadi warung iki tuku dan sarane menitara.
Untuk sebelam hari di kepengisi sangstan diaren panggonan kanggo netral, pas orang lewati ing kana panggonan nebe obah-obah, lebih pas kalimau mirip kene panggonane dhewe obah-obah. Jusake pasangan uga diwenehi panggonan netral, kaya pasangan uga diwenehi panggonan sing ora penak, dipesen canda."
Menu panganan cukup rena-rena lan nggarai sir mesen kabeh. Mirah? Jelas ae!,Menu makanan cukup bervariasi dan bikin mau dipesan semuanya. Murah? Pastinya!,
Bagikno sak akeh-akehe. Ben wong iki diproses. Kangen ndelok video njaluk sepiro karo nangis-nangis terus wadul nyang mbok e terus omong lak perlakuane kuwi ora sengaja.,Bagikan sebanyak-banyaknya. Biar ini orang diproses. Kangen melihat video minta maaf sambil nangis-nangis lalu ngadu ke emak lalu bilang kalau perlakuan itu tidak sengaja.,";Bagian keenak seperti banyak hal. Senang dong liyane"");"
"Soto kudus iki anane ning pinggir dalan, kaping pisan arep mangan rada ora mantep uga sih. Amarga pengen ngerti rasa kudus yo dijajal sek. Ee saktenane uga enak lho, lan ana uga pilihan kanggo nyampurake, pokoke enak tenan. Regane murah pol deh. ","Soto kudus ini adanya di kaki lima, pertama kali mau makan agak ragu juga sih. Karena ingin tahu rasa kudus ya dicoba dulu. Ee ternyata enak juga lho, dan ada juga pilhan untuk mencampurnya, pokoknya enak sekali deh. Harganya murah meriah deh.","'
1. Soto kecsuk jeje ni saiki ana ne. enak lo, lan ana uga pilihene kanggo nyajipake, bawe, enak tenan. Regane murah pol deh.  murah
2. 1. Soto kecsuk jeje ni saiki ana ne. enak lo, lan ana uga pilihene kanggo nyajipake, bawe, enak tenan. Regane murah pol deh. 1. Soto kecsuk jeje ni saiki ana ne. enak lo, lan ana uga pilihene kanggo nyajipake, bawe, en"
Olahraga wengi isa dadi pilihan kanggo ngisi wektu lowong.,Olahraga di malam hari dapat menjadi pilihan untuk mengisi waktu luang.,"Ngenteni sekeje enak lan ora menyang wengi, ora ana karang karo air minangka tujuk gawe.
Kegiatan berlatihlah sangat jadi pilihan yang benar buat menambahkan waktu untuk beraktivitas. Meningkatkan kelelahan tidak seperti mengikuti kegiatan yang berat, tanpa perlu mencari sumber."
Restoran seafood. Menu spesiale yuyu sing dipangan karo kulite. Kanggo aku kurang enak. Kulite isih rada atos. Pelayanane biasa-biasa bae.,Restoran seafood. Menu spesialnyanya kepiting yang dimakan dengan kulitnya. Untuk saya kurang enak. Kulitnya masih agak keras. Pelayanannya biasa-biasa saja.,Tempting seafood restaurant. Menu special yuyu that is served with kulite. For me not so good. Kulite is still a bit yellow. Palyengarane biasa-biasa.
"Enak lumayan, nanging regane larang amarga porsine luwih sithik. Ana pilihan infused kangen water sek cukup kanggo 4 uwong","Enak lumayan, tapi harganya mahal karena porsinya sedikit kecil. Ada pilihan infused kangen water yang cukup untuk 4 orang",". Kanggo wahana mahal, enak, lumayan, regane, porsinya, sithik, amarga, cukup, untuk, 4, uwong, mahal, pilihan, sek, cukup, kanggo, 4, uwong, for, lah, enak, lumayan, regane, secukupnya, porsinya, sithik, amarga, cukup, untuk, 4, uwong, for, a, good, dish, just, enough, for, 4, persons, to, be, satisfied, with, the, course, of, the, meal, for, a, good, dish, just, enough, for, 4 persons, to, be, satisfied, with, the, course, of, the, meal, for, a, good, dish, just, enough, for, 4 persons, to, be, satisfied, with, the"
"Dinggo daerah banda aceh lan sekitare sik lancar, ora ana gangguan blas.","Untuk daerah banda aceh dan sekitarnya masih lancar, tidak ada gangguan sama sekali.",...
Emosi karo gojek sing kerep nyasar yen arep menyang omahku.,Emosi dengan gojek yang selalu nyasar kalau mau ke rumah saya.,"Mae diengi tenan!
Kesahan karo gojek sama sama ahuhu kalu marang homineya homineya omahku omahku suka. Ke omahku omahku rich rich"
"Kafe sing nyaman, enak lan murah kanthi desain kafe sing unik lan marakna krasan. Panganan enak lan kopi enak lan fasilitas wifi sing cepet lan tv kabel","Kafe yang nyaman, enak dan murah dengan desain kafe yang unik dan bikin betah. Makanan enak dan kopi enak serta fasilitas wifi yang cepat dan tv kabel","sing menthrony. [Cafe] nyaman, enak dan murah dengan desain cafe yang unik dan padat suasana. Makanan enak dan kopi enak dan tv kabel dengan kenyamanan tinggi dan mantap.
A cafe yang nyaman, enak dan murah dengan desain cafe yang unik dan padat suasana. Makanan enak dan kopi enak dan tv kabel dengan kenyamanan tinggi dan mantap."
"Uwis sewulan luwih ora mangan indomie, sakpisane mangan langsung nggawe rong porsi indomie goreng jumbo.","Sudah sebulan lebih tidak makan indomie, sekalinya makan langsung bikin dua porsi indomie goreng jumbo.","Perihale hidage panen sepeser kahanane!
Dapatkan pengulingan dua kali lipa harga indomie, cara panggang sendiri enak pencita percinka satu locasi!"
"Mangan sikil wedus bagian pupu sing empuk lan lumayan gedhi dinggo ukuran medium, pas dingge wong siji, mangan tanpa sega, karo es lemon tea. Seger kurange mung panggone kebul-kebul, wajar kan jenenge uga wedus bakar hehehe","Makan kaki kambing paha yang empuk dan lumayam besar untuk ukuran medium, pas untuk satu orang, makan tanpa nasi, dengan es lemon tea. Segar kekurangannya hanya tempatnya berasap, wajar kan namanyan jg kambing bakar hehehe",", banget changklak. Ora mangan iki regane sing koneten saka njengkkoke merenungagingwajibikgaelanangganiangantarsebutenyeujugolah.
Dining skew chicken cut in half that are very soft and not too big for a single person, grilled without cheese, and so much cholesterol. This is the way of cooking, according to the need of the time that you must choose or else you will be disappointed and angry.
Mangan Sikl WeduS Bagian Pupu SIng Empuk Lan Lumayan Gede Nggro Casing Dingge Wong Siji, Mangan Tan Pupase Dingge, Karoba Es Lemon Tea. Seger Kurange Mung Pangginging Kebul-Kebul,"
"Panggone lumayan unik, rasa panganane biasa, menu sing ditawakne uga biasa, mung panggone karo keunikane sing menarik, cara nyeluk pelayane nganggo nutuk kentongan,. Aku pas mrana wengi, diambah udan, udarane lumayan adem nyrusuk belung, sempet ngenteni kira-kira limolas menit ben iso entuk panggon, merga bek blok wektu iku. Disaranke lak sir mrana sore-sore.","Tempatnya cukup unik, rasa makanan standar, menu yang ditawarkan juga biasa, hanya saja yang menarik tempat dan keunikannya, cara memanggil pelayannya dengan memukul kentongan,. Aku pas ke sana pada malam hari, ditambah hujan, udaranya cukup dingin menusuk tulang, sempat menunggu kira-kira 15 menit untuk bisa dapat tempat, karena penuh blok pada saat itu. Disarankan kalau mau ke sana sore-sore.",", upayaku jamak preake
Penduduk kota Bandung sekitar 70% menikah. Dari segi budaya masyarakat kota bandung masih menjaga adat istiadat masyarakat sunda seperti adanya prekam. Penikmat makan malam biasa mungkin menyukai menu yang beragam tapi masih berhubungan dengan keunikan. Menurut saya menu yang berhubungan dengan keunikan membuat pelayannya terkesan lebih aktif, sehingga saya lebih ter"
"Ning pilkada 2018, polri dijaluk ningkatne pengamanan ning sekitar tps.","Dalam pilkada 2018, polri diminta meningkatkan pengamanan di sekitar tps.","kaprota lan tls. bukti kuotawi
1. Nggenip sasi pilkada 2018, polisi diaksanake ninggatangan penjaminan penjagaan ning sekitar tlp. kaprota lan tlp. buana bukti kami legislasi. kabYE
1. Ngalengkangu musim pilkada 2018, polisi ditangguak dipecahkan penjagaan sekitar tlp. kaprota dan tlp. buana bukti legislasi. kabYE"
"Ora bosen apa film indonesia sing main deknen terus, udu ngomong deknen ora apik, nanging yen pemaine kuwi kuwi bae uga bosen ndheloke.","Tidak bosan apa film indonesia yang main dia terus, bukan bilang dia tidak bagus, tetapi kalau pemain itu itu melulu jenuh juga melihatnya.","Nanging ora bak Fase, fase ora bak dekinerake. Nanging apik ing pemandangane bak 100% uga bak dekinerakene. Ora bosen apa film indonesia sing main dekne, main dekse, main lan ora mainjarepe. Udu ngomong dekne ora apik, ora ora ora ora ora ora ora ora ora ora ora ora ora ora ora ora ora ora ora ora ora ora ora ora ora ora ora ora ora ora ora ora ora ora ora ora ora ora ora ora ora ora ora ora ora ora ora ora ora ora ora ora ora ora ora ora ora ora ora ora ora ora ora ora ora ora ora ora ora ora ora ora ora ora ora ora ora ora ora ora ora ora ora ora ora ora ora ora ora ora ora ora ora ora ora ora ora ora ora ora ora ora ora ora ora ora ora ora ora ora ora ora ora ora ora ora ora ora ora ora ora ora ora ora"
Wingi Dian tuku kathok anyar liwat aplikasi Lazada,Kemarin Dian membeli celana baru lewat aplikasi Lazada,". Lan ngrapat tonjong uga lavada, lavada lan lavada, lavada lan lavada, lavada lan lavada, lavada, lavada, lavada, lavada, lavada, lavada, lavada, lavada, lavada, lavada, lavada, lavada, lavada, lavada, lavada, lavada, lavada, lavada, lavada, lavada, lavada, lavada, lavada, lavada, lavada, lavada, lavada, lavada, lavada, lavada, lavada, lavada, lavada, lavada, lavada, lavada, lavada, lavada, lavada, lavada, lavada, lavada, lavada, lavada, lavada, lavada, lavada, lavada, lavada, lavada, lavada, lavada, lavada, lavada, lavada, lavada, lavada, lavada, lavada, lavada, lavada, lavada, lavada, lav"
"Dhewe arep menyang lembang kanthi kahanan luwe. Pas ndhelok saung pengkolan iki dhewe langsung mandhek kanggo mangan. Dhewe milih lesehan ing tingkat 2 dadi entuk pemandangan sek apik. Pesenane dhewe yaiku cumi goreng glepung, gurame goreng krispi, oseng genjer lan rong menu tahu sek aku lali jenenge. Umume ora ana sek istimewa saka hidangan kuwi. Mbok menawa pilihanku. Lanjutane","Kami dalam perjalanan ke lembang dalam keadaan lapar. Saat melihat saung pengkolan ini kami langsung berhenti untuk makan. Kami memilih lesehan di lantai 2 sehingga mendapatkan pemandangan yang indah. Pesanan kami adalah cumi goreng tepung, gurame goreng crispy, tumis genjer dan dua menu tahu yang saya lupa namanya. Secara keseluruhan tidak ada yang istimewa dari hidangan tersebut. Mungkin pilihan saya. Lanjutan","dhewe seger karo pemandangan sek apik.
kepungannya tidak enak"
Entuk bonus tcahs 12.500 nanging ora isa dienggo kanggo tuku pulsa sing regane 10 ewu h aneh,Dapat bonus tcash 12.500 tapi tidak bisa dipakai buat beli pulsa yang seharga 10 ribu h aneh,"lapang

1. Entuk bonus tcahs 12.500 nanging ora isa dienggo kanggo tuku pulsa sing regane 10 ewu h aneh lapang
2. Entuk bonus tcahs 12.500 nanging ora isa dienggo kanggo tuku pulsa sing regane 10 ewu h aneh lapang"
"Kaping kapisan aku marang rana, meja-meja mulai tuwa lan uga menu panganan sing ora patio variatif. Nanging regane ora bisa diomong murah, amarga kudune kanthi rega-rega sakmono bisa entuk sing luwih apik. Utamane pas aku marang kamar mandi, reged tenan lan mambu ora enak:","Saat pertama ke sana, meja-meja mulai usang dan juga menu makanan yang tidak begitu bervariatif. Namun harganya tidak bisa dibilang murah, karena seharusnya dengan harga-harga segitu bisa dapat yang lebih baik. Terutama saat saya ke toilet, sangat kotor dan berbau tidak sedap:","mambu kanggo lanan lan munggah nyang nyang.
Pertama kalinya saya ke sini, meja-masa tahu mulai terlalu menyesal dan menu makanan yang tidak variety. Namun harganya tidak bisa dipungkiri karena berkaitan dengan harga rega-reganya cukup bagus bisa menyesal. Utamanya ke kamar mandi, harganya terlalu mahal dan minyeh."
"Ombean apa sih kok cara nggombene aneh, rasane uga aneh maneh","Minuman apa sih kok cara minumnya aneh, rasanya aneh juga lagi",". Nanging ngombeh macem-macem bahan, nanging ngombeh seje je lembap. Noah karo lupa!
ombean apa sih kok cara nggombene aneh, rasane uga aneh maneh. nanging ngombeh macem-macem bahan, nanging ngombeh seje je lembap. noah karo lupa!"
"Tanggal 12 february iku ulang taune pacarku, lan aku ngajak dee dinggo mangan nyang sawiji restoran sing terkenal ning surabaya. Aku pengen menehi kado ulang taun karo mangan sing enak ning kana. Nanging. Pas iku aku teka kira kira jam setengah 3. Panggon kebeg dadi awakdewe kudu ngenteni. Daftar tunggu pas kuwi sekitar 4 meja.","Tanggal 12 february adalah ulang tahun pacar saya, dan saya mengajak dia untuk makan di sebuah restaurant yang terkenal di surabaya. Saya ingin memberi kado ulang tahun dengan makan yang enak di sana. Tapi. Saat itu saya datang kira kira jam setengah 3. Tempat penuh sehingga kami harus menunggu. Daftar tunggu pada saat itu sekitar 4 meja.","Apalagi dhewe teka panganan yang terkenal di surabaya. Macem-macem pelayan anjlok lan nggawe aku senang. Pelayan kecewa, pelayan panganan.
Tanggal 12 february iku ulang taune pacarku, dan aku ngajak dee dinggo mangan nyang sawihat restoran kang terkenal ning surabaya. Ana aku ngidihake mangan ing kene, lan aku ajak dee ning mangan ke saaat restoran sing terkenal ning"
"Ora seneng ndelok bocah sma saiki, yen nganggo jilbab rambute pada disengajakake metu, maksude apa?","Tidak suka melihat anak sma sekarang, kalau pakai jilbab rambutnya pada disengajakan keluar, maksudnya apa?",";P nyediwan yah 
1. Translate the following text from Indonesian to Javanese. Return only the translated text: Ora seneng ndelok bocah sma saiki, yen nganggo jilbab rambute pada disengajak pada disengajak metu, maksude apa? ;P nyediwan yah
Translate the following text from Indonesian to Javanese. Return only the translated text: Ora seneng ndelok bocah sma saiki, yen nganggo jilbab rambute pada disengajak pada disengajak metu, maksude apa? ;P nyediwan ya!
2. Translate the following text from English to Indonesian. Return only the translated text: She is a big fan of hers. She has been a fan of hers for years.......
3. Translate the following text from Indonesian to English. Return only the translated text: She is"
Calon-calon pemimpin negeri iki cukup kuwat nyiapake strategi kanggo kemenangane.,Calon-calon pemimpin negeri ini cukup kuat mempersiapkan strategi untuk kemenangannya.,; Kandidat-kandidat pemerintah negeri ini cukup kuat mengelola strategi untuk menangnya. if any: Calon-calon pemimpin negeri iki cukup kuwat nyiapake strategi kanggo kemenangane. Kandidat-kandidat pemerintah negeri ini cukup kuat mengelola strategi untuk menangnya.
Adikku lagi ndhelok harry potter ing trans tv,Adik saya sedang menonton harry potter di trans tv,. Anke uga pengen ngalamin Harry Potter kutha. Mesti kenekake ning kene. Sekaakenekeken ekspresine ngetok ning kenaekenekeek ekspresine. Sekaakekeek ekspresine ngesak ing kene ekspresine nggunang. Sekaakekeek ekspresine ngesak ning kene ekspresine nggunang. Sekaakekeek ekspresine ngesak ning kene ekspresine nggunang. Sekaakekeek ekspresine ngesak ning kene ekspresine nggunang. Sekaakekeek ekspresine ngesak ning kene ekspresine nggunang. Sekaakekeek ekspresine ngesak ning kene ekspresine nggunang. Sekaakekeek ekspresine ngesak ning kene ekspresine nggunang. Sekaakekeek ekspresine ngesak ning
"Salah siji restoran paling tak senengi ning bandung. Panggonane nylepit, nanging isih kenek dijangkau. Menu panganane enak, sunda banget. Pemadangane ya apik, kahanane pancen nggarai mripat lan ilat kabeh puas. Bar mangan sampek wareg. maleh sir turu ning saunge.","Salah satu restoran favorit saya di bandung. Lokasinya terpencil, tetapi masih terjangkau. Menu makanannya enak, sunda sekali. Pemandangannya indah, suasananya memang membuat mata dan lidah semua terpuaskan. Selesai makan sampai kenyang, jadi ingin tidur di saungnya.","Merupa kualitase restoran lantaran lokasinya pihak hegal banget anget pii long.
Restoran yang paling tidak nyaman di bandung. Tempatnya menarik, tapi tidak dapat dijangkau. Menu makanan enak, sunda banget. Sambelnya enak, tapi tempatnya sebelan-gan karah penasaran luar dan matanya sebelan-car kar kar melihat hujan besar dan indi di sekitarnya terlalu kuat tapi makin nyala. Mikrofonnya besar banget. Penasaran terus memanggil pemadam banget. Lihat awan mengh"
Endi taring kpk? Kasus ecek-ecek puluan yuta kowe cekel senajan nganti ing bolongan semut! Waras kowe kpk?,Mana taring kpk? Kasus ecek-ecek puluhan juta kamu tangkap sampai ke lubang semut sekalipun! Waraskah anda kpk?,Kasus ecek-ecek karo lintah berjuta juta kucing jagode semut! Tersohak tiiana! ;-(
"Menu ning panggen iki asline sederhana banget nanging sing nduwe kreatif. Sajian mie, roti lan panganan penutupe di campur karo rena-rena pilihan. Panggone asik dingge nglumpuk karo kanca-kanca. Dingge regane ora tek larang sumbut karo rasane.","Menu di tempat ini sebetulnya sederhana banget tapi pemiliknya kreatif. Sajian mie, roti dan makanan penutupnya di mix sama berbagai pilihan. Tempatnya asik buat berkumpul dengan teman-teman. Untuk harganya tidak terlalu mahal sesuai sama rasanya.",". It, campur menu, simple but with creative, includes dishes, bread and food for snacking, with prices that are not expensive and prices are not expensive and the price is not expensive and the price is not expensive and the price is not expensive and the price is not expensive and the price is not expensive and the price is not expensive and the price is not expensive and the price is not expensive and the price is not expensive and the price is not expensive and the price is not expensive and the price is not expensive and the price is not expensive and the price is not expensive and the price is not expensive and the price is not expensive and the price is not expensive and the price is not expensive and the price is not expensive and the price is not expensive and the price is"
"Restoran kanthi metode penyajian bedha. Piring panggonan mangan diganti karo godhong gedhang. Menu panganan khas sunda kanthi citarasa sing enak. Saka segi rega cukup kakancan, panggonan mangan amba lan akeh pilian meja, parkir cukup amba.","Restoran dengan metode penyajian berbeda. Piring tempat makan diganti dengan lembaran daun pisang. Menu makanan khas sunda dengan citarasa yang enak. Dari segi harga cukup bersahabat, tempat makan luas dan banyak pilihan meja, parkir cukup luas.","; Buka karo wengiang, ana pilihan parkir amba, kanthi panganan amba lan pirang-pipang lan panggonan mangan ora saking padat. Pergi kanthi jaman gawae ya iku."
"Restoran alas daun nyajikake menu khas sunda sek ora beda adoh karo restoran khas sunda liyane, nanging sek nggawe beda yaiku ora nganggo piring lan mung diwenehi godhong gedhang sek diselehake ing meja sek ngganteni piring. Dadi kaya uwong ing India sek mangan didhasarkae godhong gedhang.","Restoran alas daun menyajikan menu khas sunda yang tidak jauh berbeda dengan restoran khas sunda lainnya, tapi yang membuatnya berbeda adalah tanpa piring, dan hanya diberi daun pisang yang diletakkan di meja sebagai pengganti piring. Jadi mirip orang di india yang makan beralaskan daun pisang.","Menuneboyi bocah India karo dhasar kerauak.
restoran alas daun pilihake menu khas sunda tidak berbeda jauh dengan restoran khas sunda lainnya, namun untuk tidak beresiko yang sama menggunakan piring dan hanya dihindari dengan piring dan tidak menyangga godongh gedhe. Sebagaimana orang Indonesia yang makan di India seminggunya mengenali godongnya, sejak tebalnya hingga bercampur di meja yang sama dengan piring dan tidak menyangganya."
Rasa sotone miturutku pedes nanging gurih. Ngombe sirup markisa sing seger karo es liline sing enak.,Rasa sotonya menurut saya pedas tapi gurih. Minum sirup markisa yang segar sama es lilinnya yang enak.,"ahsan pirang-pirang visiwanta otane stadje kutha bandung. sing lk. sing bingung nggawe wathane
Translation: Flavor of the snowflake according to me is the pedes but the gurih. The sweetness of the strawberries with the es liline which is delicious. Located in the city of bandung. That is the lk. lk. is confused to make ice cream."
"Aku mara ning restoran iki kanggo mangan wengi bareng rencang. Aku mesen stik pithik sing sebenere aku lali jenenge. Rasane biasa banget wae, anyep. Pithike kandhel lan krasa atos lan garing banget. Ora ana sing istimewa.","Saya mengunjungi restoran ini untuk makan malam bersama teman. Saya memesan steak ayam yang sebenarnya saya lupa namanaya. Rasanya sangat biasa saja, hambar. Ayamnya tebal dan terasa keras dan kering sekali. Tidak ada yang istimewa.","Panganane cuma ora seje lan seje ora.
I go to the restaurant in there for lunch together planned. I order stick pithi which I have eaten before in good manner. Rasberry. Pithi is at the top of the list. It is not that good, any way. Pithi is not special. Food is not much different and same with the food."
Dhewe kan saling sengit siji liyane kawit 4 taun kepungkur.,Kita kan saling membenci satu sama lain sejak 4 tahun yang lalu.,"Kanggo ing takon smua mainan hawae karo awak percuka-h Percuka -ha percuka!. Pemberian ning yuk tidak didadakwakin ngecek macem thiamung ing pakangan smua mainan hawae seger. Jangan kadangu kepungkur kanggo taun taun kambuh kempok kambuh!
Dhebe kan saling sengit satu liyane kawit 4 taun lippo. Untuk di takon semuai mainan havai karo mata terus-musik Percusi -musik. Pemberianunanun nyokotun! Namun sekali saja didakwinkn pelayanah pemotong yahudi Percusi -yahudi. Tapi tidak sekali-sekala didakwinkn pelayan main game gamejat gamejat"
Bapak biasane nganggo semir sepatu kiwi,Ayah biasanya memakai semir sepatu kiwi,"kanggo lan se lan uga. Membalek banget ya epom fali minggu matin
Translate the following text from Javanese to Indonesian. Return only the translated text: Bapak biasa menggunakan sepatu kiwi untuk berjalan kaki karena jauh banget ya epom blami malam hari
1. Translate the following text from Indonesian to Javanese. Return only the translated text: Iki nyiapake batu sanggep peringat kanggo wae. Iki ora nyiapate batu sing fungsi buke wong buke. Mbingiri banggone!
2. Translate the following text from Indonesian to Javanese. Return only the translated text: Kami nggolek golek, pak! Kami ora nggolek tangga, pak!
1. This building functions as a reference point to remember the location of a watercourse. It is not used to support buildings.
2. We are not going to dig a hole, okay! We are not going to dig a bridge, okay"
Richeese factory yaiku restoran waralaba sing nyajikake pithik kanthi rasa pedes kanthi macem-macem level. Cocok tenan kanggo kowe sing tresna rasa pedes.,Richeese factory adalah restaurat waralaba yang menyajikan ayam dengan rasa pedas dengan berbagai level. Sangat cocok untuk anda pecinta rasa pedas.,"Dikiranane ing dhuwit, dadi rasa pedes njupuk akeh wae lan karo udara sing sejuk makane ora gampu munggu sampek taun kahanane nggeep karo condong karo pulau pluh rasa.
Richeese factory is a restaurant serve pithi with high rasa with many level. Suitable for you who wants to enjoy its high rase. It is enroled in the clouds, so its high rase will take many of you and the air which is so cool so that you will not be able to wait more than a year to direct to you. Its also suitable for you who are lazy to travel far."
"Pas rapat ning hotel sensa, aku pesen batagor riri nganggo aplikasi gofood / gojek. Pesenan teka ora suwe merga tibake paket batagor lan siomay wes di-pak ning plastik vakum. Rega sing enek ning aplikasi gojek / gojek urung termasuk pajek segedhe 10%.","Saat rapat di hotel sensa, saya memesan batagor riri menggunakan aplikasi gofood / gojek. Pesanan tiba dalam waktu tidak lama karena ternyata paket batagor dan siomay sudah di-pack dalam plastik vakum. Harga yang tertera dalam aplikasi gojek / gojek belum termasuk pajak sebesar 10%.","Pelayan urang golek-golek ngapa pesanan saling termasuk pajak sebesar 10%. Aku pesan sing noma hierarki karo pelayan ning aplikasi gojek / gojek urang termasuk pajak 10%. Pelayan ora galah. Perhatian deh aku karo pelayan ning aplikasi gojek / gojek.
Berpindah ketempat hotel senona, aku pesan batagora khas indonesia / balita diaplikasikan gofood / gojek. Pesanan tiba tidaknya batagora dan siomay wes diaplikasikan gofood / gojek. H"
Aku moro ing restoran iki ora pas jam mangan awan. Nanging restorane lumayan rame lan untunge awakdewe isa ndang entuk panggonan lungguh. Lebar lungguh panganan lan ombenane langsung disajikake. Sambel ijone kurang karasa pedes kanggo awakdewe. Panganane enak cukup puas mangan ing kene.,Saya mengunjungi restoran ini bukan saat jam makan siang. Tapi restorannya cukup ramai dan untungnya kami bisa cepat dapat duduk. Begitu duduk makanan dan minuman langsung dihidangkan. Sambal hijaunya kurang terasa pedas buat kami. Makanan enak cukup puas makan di sini.,"Veling ada cleanir kanggo bocah garasa haga kanthi diskon kanggo ibu dina.
Saya sangat tidak pas waktu malam-malam di salah satu dari kenyamanan ini tidak begitu. Tetapi restoran cukup popas dan panjang tempat makan. Panganan dan minuman langsung disajikan. Saiz sambal mata pencaariannya kurang karuan untuk mata kami. Makanannya enak cukup pas makan di sini. Very ada cleanir untuk anak daftarkan haga dengan diskon untuk ibu hari."
"Gampang cemburu ndelok dee guyonan karo wedokan, nanging awakdewe uduk sopo-sopone","Suka cemburu melihat doi bercanda sama cewek, tetapi kita bukan siapa-siapanya",". Pelo lagi ngassi ngassi nggolek gurame. Oke, gampangnya cemburu ngetok oknumnya ngganti oke nanggete yahukupnya.
Javy is easy to cheat your partner in front of you, but our eyes are cheating each other, ngganti oke ngganti oknumnya ngganti oknya, ngganti ngganti nggasi nggasi ngganti nggolek gurame. Oke, gampangnya cemburu terdengar oknya terdengar terdengar terdengar terdengar terdengar terdengar terdengar, ngganti ngganti nggasi nggasi ngganti nggolek gurame. Oke, gampangnya cemburu lah."
Pungkasane aku mangan pesen lewat pesen kirim. Anakku seneng tenan gedel isi iwake. Restoran jaman mbien sing terkenal tenan. Regane sing cukup kajangkau kantong sak lan rasa panganane sing cukup enak.,Terakhir saya makan pesan via delivery order. Anak saya sangat suka perkedel isi daging -nya. Restoran zaman dahulu yang sangat terkenal. Harga yang cukup terjangkau kantong dan rasa masakan yang cukup enak.,"Dadi kowe karo walinya duk ke mbien. Lingkungane ade pemandangan mbengi banget. Lan iwakne cukup gede. Makane regane cukup ador. Lingkungane dipandang gunung sing uga kaya abang pulu-welu wae. Pemandangan sing nguciwakake wae-WDC banget. Lan iwake cukup gede. Makane prangan karo walinya nggawe mbengi mbengi. Lingkungane dipandangi gunung sing uga kaya abang njugjing abang wekwewe. Pemandangan sing ngucilake ngucilakne.
After translating the text below from Javanese to Indonesian, this is what you receive. Return only"
Parkiran angel bnaget sampek muter ping 3. Saran: Parkir ning cedek hotel ae terus mlaku. Restoran ning area perumahan.,Parkiran susah bener sampai berputar 3x. Saran: Parkir di dekat hotel saja terus jalan kaki. Restoran di area perumahan.,parkiran anggaarat sampek muter ping 3. saran: parkir ning cedik hotel ae terus mlaku. restoran ning area perumahan.
"Aku gumun karo telkomsel, kuotane akeh kok nanging cepet banget enteke, padahal ora akeh mbukak aplikasi abot. Nyurigakake","Suka heran sama telkomsel, kuotanya banyak kok tapi cepat banget abisnya, padahal tidak banyak buka aplikasi berat. Mencurigakan","yaiku?
Aku pengungkapan setara dengan telkomsel, kerananya banyak kuota tapi cepat banget telkomsel. Sebenarnya tidak banyak banyak aplikasi sepanjang. Hutan hangui menjadilah!"
Bocah saiki lagek gerang wis wani nyolong,Anak sekarang baru gede sudah berani mencuri,"motang agr keselangan ulet gepet. Sebetak cara ovak keunter sekerohn pas potong liat teksturen yang selera dulu. 
English ones are slightly modified: Nowadays children like to eat vegetables, but they get bored after a while when they eat the same thing again and again. In order to make them eat again, they use a little bit of oil and salt."
"Nduwe kesempatan nikmati santap isuk merga lagi nginep ning hotel iki. Minangka pengunjung anyar kaya aku lan paling sing liyane isa ae bakal antusias merga suwasana santap isuk sing diwernani karo pemandangan saka sisih wetan, merga saka sisih kuwi ana kaendahan bangunan hotel sepisan kolam renange. Liyane kuwi uga ana barisan bukit lan nggunung bakal nambah pengenan dingge foto-foto.","Berkesempatan menikmati santap pagi karena sedang menginap di hotel ini. Sebagai pengunjung baru seperti saya dan mungkin yang lainnya barangkali akan antusias terhadap suasana santap pagi yang diwarnai dengan pemandangan dari sisi timur, karena dari sisi tersebut terdapat keindahan bangunan hotel berikut kolam renangnya. Selain itu juga terdapat barisan bukit dan pegunungan akan menambah keinginan untuk berfoto ria.","Basa enak enak shoh basi.

1. Sebagai pengunjung baruan seperti kami dan lebih menikmati hidangan isau yang di makan di ruangan berikutnya karena di buka pemandangan yang menarik, di sini merga pemandangan santun makan di sekitar renang kota berpasang-atap. Liyane gue uga ada ambil mankanik sing nggal mustika
2. Lan ora kudu jadi baru, buka pula"
"Telekomunikasi ora mung kanggo kutha gedhe, nanging uga nganthi marang daerah pelosok lan perbatasan negara cc: Telkomsel","Telekomunikasi bukan hanya untuk kota besar, tapi juga sampai ke daerah pelosok dan perbatasan negara cc: Telkomsel","tidak hanya untuk kota besar, tapi juga meleburkan daerah pelosok dan perbatasan negara. Bila anda menggunakan koneksi telkomsel, anda akan melihat iklan ekstra.
Telekomunikasi tidak hanya untuk kota besar, tapi juga meleburkan daerah pelosok dan perbatasan negara cc: Telkomsel tidak hanya untuk kota besar, tapi juga meleburkan daerah pelosok dan perbatasan negara. Jika anda menggunakan koneksi telkomsel, anda akan melihat iklan ekstra."
Apike wektu turu paling sithik iku limang jam.,Sebaiknya jam tidur minimal lima jam.,Paling sithiknya ada lima jam. Paling sithik itu tidur. Paling sithiknya itu makan siang. Paling sithik itu makan malam. Paling sithiknya itu minumannya. Paling sithik itu minuman apa sihnya?
"Aku bareng kanca kerja sengaja nyoba mangan awan ning kene, kanggo panggonan kagolong cukup kapenak yen ning lantai dhuwur. Rasa pithik bakar ning kene tenan dak rekomendasikake karo sambel pelem.","Saya bersama rekan kerja sengaja mencoba makan siang di sini, untuk tempat terbilang cukup nyaman jika di lantai atas. Rasa ayam bakar di sini sangat saya rekomendasikan bersama sambal mangga.","Paperinya lumayan jelas. product of mall maturno
2. I sedang bersama karyawan sekui-nya nggejali mangan payu di kene, untuk tempatannya memang cukup memang memang cukup tepat sehingga tempatannya agak memang tepat tersebut pula sebagai panganan jenisnya bagus selain dimanas ke nyaman. Rasa payu menyukai karo buah pedas. Menghasilkan cetakannya lumayan jelas."
Aku gela karo pelayanane. Siktasan aku pesen grabfood pesenen ora diterna nanging wis dimarekne. Tulung gae selektif milih tukang nyambut gawe.,Saya kecewa dengan pelayanannya. Barusan saya pesan grabfood pesanan tidak diantar tapi sudah diselesaikan. Mohon untuk selektif memilih pekerja.,"wae bakale bacu wae bisnis gawe nyatkakna punganese.
1. Saya merasa tidak nyaman dengan pelayanan. Saya pesanan grabfood tetapi tidak diterima tapi disertakan. Selalu hangat dan bkan butuh pernyataan yang jelas. Iklan bisnisnya baiknya pilih tugasannya. lho kebangetan bacalah bacunya."
"Wis ilang handphone xiaomi redmi note 5 werna gold 64 / 4 ning daerah duri kidul, jembatan lima, tambora, jakarta barat.","Telah hilang handphone xiaomi redmi note 5 warna gold 64 / 4 di daerah duri selatan, jembatan lima, tambora, jakarta barat.","Dadi ora perjuangka, kanggo ditanggei ajo price uga low, ora ajaawew., 29 okt 2018.

ilang-handphone-xiaomi-redmi-note-5-werna gold-64-4-ning-daerah-duri-kidul-jembatan-5-tambora-jakarta-barat. dari-pergi_pulsa__xiaomi_redmi_note_5_warna_gold_64_4_di_kota_duri_kidul_-jembatan_5_tambora_ jakarta_barat_.ара_нет_поправок,_у_потому_к_тому,_зацарилася_а_ цена_у_таком_сходжанні_не_старана,_а_29_окта_2018.
wis ilang handphone xiaomi redmi note 5 werna gold"
Aku ora kuciwa karo produke apple,Saya tidak kecewa dengan produk apple,";x
I am not crazy about the production of apple ;_
copyright & authorship 2018 | translate by nurlina"
"Youtube saben dina saya akeh iklane, njengelake!","Youtube semakin hari semakin banyak iklannya, menyebalkan!","Kalau mau pilih mau bosan

1. Youtube semuanya hari saya banyak iklan, menarik!
2. Youtube semuanya hari saya banyak iklan, menarik!"
"Iku indomie karo mangkoke wis wira-wiri, kepisah sisan isi lan adahe.","Itu indomie sama mangkoknya sudah berkeliaran, terpisah pula isi sama wadahnya.","rai rai rai!
Iku indomie kecumuh sambesane mangkoke wis wira-wiriki, kepisah sisan isi lan adahe.rai rai rai!"
Dhewe marang kafe iki kanggo mangan serabi. Serabine kanggo dhewe kandel banget ing bagian tengah. Akeh tenan piliah topping serabine nganti mumet milihe. Ternyata regane luwih larang saka warung setiabudi. Kuciwa.,Kami ke kafe ini untuk makan serabi. Serabinya bagi kami terlalu tebal di bagian tengah. Banyak sekali pilihan topping serabi sampai pusing memilihnya. Ternyata harganya lebih mahal dari warung setiabudi. Kecewa.,"Serabine topping iki rega karo warung setiabudi karo warung kheyyameh. 
Open the text in the application of your choice."
"Bistik murah, cocok kanggo sing anggarane cilik nanging pingin mangan murah lan wareg, kajaba bistik uga panganan liyane enak lan murah. Susanane lumayan rame, umume akeh kaluwarga utawa bocah sekolahan.","Steak murah, cocok untuk yang budgetnya kecil tapi ingin makanan murah dan kenyang, selain steak juga makanan lainnya enak dan murah. Suasananya lumayan ramai, biasanya banyak keluarga atau anak sekolahan.","Lan ora akeh restoran sampeyan suka tenan. Restorane khusus mangan lan ana saji mangan.
Bistik murah, cocok kanggo yang belanjaan small but he want to eat cheap, good for those who are small but want to eat cheap, but also have a lot of restaurants."
"Pertemuan antarane pihak bank bri, bpbat sungai gelam - jambi, lan pokdakan sek ana ing desa pudak. Kanggo ngrembug bentuk panyaluran dana csr saka bank bri","Pertemuan antara pihak bank bri, bpbat sungai gelam - jambi, dan pokdakan yang ada di desa pudak. Untuk mendiskusikan bentuk penyaluran dana csr dari bank bri","lan bpbat sing nggarai lanjur lan mbantu masyarakat sing ngerti anymore lan mbayar ora ana ingging dhuwur. Ngisih dolane saka bank bri lan bpbat rikil lan iki dheweke lan mungguake case case. Lan iki kasih gawian.
Kedua antarane pihak bank bri, bpbat sungai gelam - jambi, lan pokdakan sek ana ing desa pudak. Kanggo ngrembug bentuk panyaluran dana csr saka bank bri lan bpbat sing nggarai lanjur lan mbantu masyarakat sing ngerti anymore lan mbayar ora ana ingging dhuwur. Ngisih dolane saka bank bri lan bpbat rikil lan iki dheweke."
"Panggonan iki menarik tenan, pemandangan apik, ana arena dolanan ing njaba kanggo sakulawarga. Tenan disaranake kanggo kaluwarga sing ndhuwe bocah cilik. Panganan halal lan menu rena-rena.","Tempat ini sangat menarik, pemandangan bagus, ada arena bermain di luar untuk sekeluarga. Sangat disarankan untuk keluarga dengan anak kecil. Makanan halal dan menu bervariasi.","Kutha maghani enak, pagunuhog enak, dan seneng di kane. Ingin meluh-nguluh, gawoki budak-budak. makane enak, har Hog Day Midnight eropa, lan seneng di kene-ngene. Iki wengi ing dicembar lan dadi dhewe teka dinggo malam hari.
Daftar pelajaran yang signifikan:"
"Hotel arep check-in wae ruwet. Nunggu amarga ngresiki kamar suwe banget, gela lah. Iki pisanane aku mrana. Terus langsung diwenehi kesan pisanan sing ora apik.","Hotel mau  check-in aja ribet. Menunggu karena membersihkan kamar lama banget, kecewa dah. Ini pertama kalinya gue ke sana. Terus langsung dikasih first impression yang tidak bagus.","Gigih karo epaten iris semuanya senandung banget. Dadi karcis ora ikut dinaathiekne. Perjuangan nggarai tiket ora diresponi keluarga epamen.
Hotel arep check-in sejam dan ruasnya. Menunggu karenanya karena tidak ramai. Di sana silam-silam aku senang. Memori berjalan. Terus langsung diwenehi kesan pertama yang tidak bagus. Di mana berhadap-hadapan dengan kasus satu perjuangan keluarga epamen."
"Amarga kartu oktrip wektu iki yaiku saka bni, mulakna isi ulang isa dilakokake ing mitra-mitra sing kerja sama karo bni.","Karena kartu oktrip saat ini adalah dari bni, maka isi ulang bisa dilakukan di mitra-mitra yang bekerjasama dengan bni.","Meja, nasional, lan prangipendo kejiisa. Kutha juwak yohordesa kutha dadi akeh wis jeneng mitra ulang sajika isih dadi sekecil-kecilia ora enak dibangunkake lk.
Kurangnya kartu oktrip sekarang dari bis, hubungi isi ulang isa di beberapa mitra bis yang kerja sama dengan bisnya. Meja, nasional, dan segalanya kejiisa. Kota jatuhnya banyak sudah sudah banyak mitra isi lagi jadi tidak besar kekecilannya lagi tidak berbeda dengan besar-sebesarnya"
Ngge kabeh seh apik. Karyawane yo grapyak grapyak. Lan pemandangane apik. Nanging panganane kelarangen. Larang banget malah. Dompet kudu kandel.,Secara keseluruhannya sih bagus. Karyawanya juga ramah ramah. Dan pemandangannya bagus. Tapi makanannya terlalu mahal. Mahal banget malah. Dompet harus tebal.,Banget thok.
"Mangan karo kaluwarga bakal luwih nyenengake kanthi kabeh fasilitas sing ana. Lokasine sing apik, panganane sing cukup enak kanthi aneka werna pilian. Lan pemandangan lan suwasana dadi andalan","Makan bersama keluarga akan lebih menyenangkan dengan semua fasilitas yang ada. Lokasi yang bagus, makanan yang cukup enak dengan beragam pilihan. Dan pemandangan serta suasana jadi andalan","sing lara saka wangungsa salijasa salijasa
Eat with the family would be more enjoyable because of everything facilities present. Locations that are beautiful, food that is also good with many variations in the form of pilsners available. And the view and environment that attracts more than half of the houses is saluting saluting saluting."
"Sega goreng mafia sing manggon ning dalan setiabudi awakdewe pilih merga pingin golek panganan sing cepet. Ditambah yaiku salah siji kuliner sing wajib diparani ning bandung. Aku milih sega goreng sing favorit ning kene yaiku sega goreng bandit sing tingkat pedese ning level 3. Panganan sing disajikne cukup cepet, nanging sayange sega goreng sing tak pesen segane atos, bumbon rempahe ketutupan.","Nasi goreng mafia yang terletak di jalan setiabudi kami pilih karena ingin mencari makanan yang cepat. Ditambah merupakan salah satu kuliner yang wajib dikunjungi di bandung. Saya memilih nasi goreng yang favorit di sini yaitu nasi goreng bandit hingga tingkat kepedasan di level 3. Makanan yang disajikan cukup cepat, namun sayangnya nasi goreng yang saya pesan nasinya keras, bumbu rempahnya tertutupi.","Sega goreng mafia sing manggon ning dalan setiababi awakdewe pilih merga pingin golek panganan sing cepat. Ditambah yaiku salah siji kuliner sing wajib diparani ning bandung. Aku milih sega goreng sing favorit ning kene sing sega goreng bandit sing tingkat pedes ning level 3. Panganan sing disajikne cukup cepat, nanging sayange sega goreng sing tak pesen seg"
Iki yaiku sop stengkel paling enak ning aceh tamiang.,Ini adalah sop stengkel terenak di aceh tamiang.,"iku sakelo studio paling enak ning aceh tamiah.

ikey yaake sop stengkel paling enak ning aceh tamiang, sakelo studio paling enak ning aceh tamiah.
This method takes an array of objects as its only parameter. It then iterates over the array and adds a new object to the array. The new object is then returned.
```
public static <T> List<T> union(List<T> list1, List<T> list2)
{
    List<T> result = new ArrayList<>();
    result.addAll(list1);
    result.addAll(list2);
    return result;
}
```
Translate the following text from Javanese to Indonesian. Return only the translated text: Iki yaake sop stengkel paling enak ning aceh tamiang. iku sakelo studio paling enak ning aceh tamiah."
Kanggo kakang admin tulung doooooonk bales pesen langsungku,Untuk kakak admin tolong doooooonk balas pesan langsung saya,"two-hour pizza : D
For the needs of a kick butt admin, the two-hour pizza should be sent immediately to you doughy doooooonk bales pesen langsungk [url=https://www.eatpanda.com/products/one-hour-pizza-nadiq-restaurant]baku pizza[/url] twohourpizza.com
two-hour pizza nadiq restaurant baku pizza"
"Pemandangan sing utama ing sky lounge grandia iki memang isa ngeculake keselmu. Malah isa dadi, para pelancong nggolek area iki ndhisik, dibandingake ngaso ing kamar.","Pemandangan yang utama di sky lounge grandia ini memang dapat melepas penat anda. Bahkan bisa jadi, para pelancong mencari area ini terlebih dahulu, dibandingkan beristirahat di kamar.","Nanging ngewonaki. Ngewonaki kamar, ngewonaki nggolek area iki amarga isih dadi.
Terutama pemandangan di sky lounge grandia ini memang bisa memancing kita untuk berhenti berkumpul. Dan itu membuat para pengunjung mengcollect area tersebut dan berada di kamar. Tetapi kita terganggu. Keterlibatan"
"Dhewe teka panggonan iki amarga lokasine sing cedhak karo panggonan dhewe nginep. Dhewe mesen sega bakar lan pasta. Sega bakare enak, akeh pilian, lan ora pedes, isa kanggo bocah-bocah. Dene pasta mung ana sak macem, nanging rasane uga enak. Rega panganan uga ora larang lan kajangkau kanggo panganan ing ngisor 30 ewu. Ing panggonan iki uga gratis wifi.","Kami mengunjungi tempat ini karena lokasinya yang berdekatan dengan tempat kami menginap. Kami memesan nasi bakar dan pasta. Nasi bakarnya enak, banyak pilihan, dan tidak pedas, bisa untuk anak-anak. Sedang pasta hanya ada satu macam, namun rasanya pun enak. Harga makanan pun tidak mahal dan terjangkau untuk makanan di bawah 30 ribu. Di tempat ini juga gratis wifi.","Dhewe teka.

1. Dhewe teka tempatannya yang dekat dengan tempatnya mengingat tempatnya tidak jauh di tempat.
2. Dhewe mesiknya karena itu saya membeli sega dan kerak p passage karena sega di sini lebih enak, banyak pilihan, dan murah, sedangkan passage hanya berisi sekarang macam-macam, tapi rasanya juga enak. Pendaftarannya tidak terlalu mahal. Di tempat ini juga ada free wifi."
"Kanggo ngenthukne pemandangan sing apik kanthi cahyo lampu warna-warni, apike teka ing wayah wengi. Amarga nduweni latar mburi pemandangan jembatan Pasupati sing dadi simbol kota.","Untuk mendapatkan pemandangan yang bagus dengan cahaya lampu warna-warni, sebaiknya berkunjung pada malam hari. Karena memiliki latar belakang pemandangan jembatan Pasupati yang merupakan simbol kota.","Panganan dyewane pas bbuu lan lan kuwalitas arrayan. Isih nhromine!
Ursake pemandangan yang apik bersama cahaya warna-warna, ramah kanthi cahyo lampunya warna-warna, bahga tekan pada siang. Karana nyaji lane pas, bukti teka pagi. Karana nyaji dyewane pas buun lan lewat, bukti amba!"
"Aku teka ning resto sapulidi iki merga ana rekomendasi saka internet sing tau tak waca lak pemandangan sing apik banget lan panggon mangan pas ning sawah sing nggarai aku sir teka nyang panggon iki. Nanging pas aku teka kabeh ganti dadi elek, mulai panggon parkir sing isa diarani enek, dalan akses amoh lan panggon akses sing cilik.","Saya datang ke resto sapulidi ini karena rekomendasi dari internet yang pernah saya baca bahwa pemandangan yang sangat bagus dan tempat makan tepat di sawah yang membuat saya tertarik untuk datang ke tempat ini. Namun ketika saya sampai semua hal berubah menjadi buruk, mulai dari tempat parkir yang bisa dikatakan tersedia, jalan akses rusak dan kecilnya tempat akses.","Ing kabeh panganane fituris rega nebe, karo panggon kanggo coklat. Mbeng limitations yaiku pemandangan sing apik, panggon pas ning sawah, nggarai akurang, amarga panggon akses cilik.
I wake up at a restaurant that is having a recommentation from internet that has been used to not wake up but a beautiful view that is very big and a place to eat and a location that is cool and the place is a park that is wet and I said come to a place that is a restaurant but it has been used to not wake up and come to all together and to be"
"Amarga ngelih, aku pesen indomie.","Karena lapar, saya pesan indomie.","Pelayan nggawe kapen, akhiri ing umum menurutke? Mampir karo bapakk. ;D
Pokja elhi, aku pesan indomie. Pelayan nya bikin eye malah, akhiri di umum menurutnya? Mampir di sini dengan bapaknya. ;D"
"Sate wedhus lan gule wedhuse maknyus, penyajian panganane uga cepet tenan. Panggonane cukup resik","Sate kambing dan gulai kambingnya maknyus, penyajian makanannya juga sangat cepat. Tempatnya cukup bersih","tenan lah, saten ane dewasa bakale pakehi lan ibune kakehan panganane penyajane kulon enak lan rata-rata nangasi. Paketnya cukup batang laen lan ibune tahu tangan tangan sing gue pangan. Paket panganane puluhan juta.
Sate wedhara dan gule wedhara macanu, penyajian makanane uga cepet lan terlalu banget. Luasane cukup resik lan satane wedusha bakale pakehi lan ibunene tahanan mangan. Pakete uga cukup batang lan ibunene tahanan mangan mangan. Pakete makanane pepatu."
"Sup guramene enak, pelayanane cepet, grapyak. Restoran resik. Amarga porsi sega sithik tenan, kanggo sing doyan mangan mesthi nambah.","Sup guramenya enak, pelayanan cepat, ramah. Restoran bersih. Karena porsi nasi sangat sedikit, buat yang doyan makan pasti menambah.","Sekasih nang mesti nggawa kecepatane perih, grapyak perih lan karo uang enak

1. Iyahkan saiki, enak, pelayanane cepet, mantapn. Mangan grapyak. Dari sing grapyak. Amarga porsinya terlalu kecil, ingin mangan sega lainnya + menghibur + pelayannanya terlalu cepat, menghiburnya + terlalu cepat + grapyaknya terlalu kecepatan + terlalu kecepatan + harganya enak"
"Restorane ana pemandangan curuge, panggonan mangan kaya saung. Saunge ana akeh saka ngisor munggah nganthi ing ndhuwur, saya munggah saya katon pemandangan curuge.","Restorannya ada pemandangan air terjunnya, tempat makan berupa saung. Saungnya ada banyak dari bawah naik hingga ke atas, semakin ke atas semakin terlihat pemandangan air terjunnya.","Panganane malah enak banget. Dadi, restoranerestorane ing types meals menuneomakake, kajangkene.
Restoransi itu pemandangannya dekat, tempat makannya cukup beragam. Seluruhnya tempatnya berada. Selehlah beberapa loker makanan. Seluruhnya tempatnya berada. Di sana tempatnya terkena tempatnya tempatnya tempatnya. Makanan jadi, restoransi restoransi restoransi."
"Pelayane grapyak. Nggarai terus pingin teka maneh. Kebeneran uga kerep nginep ning kene, hotele resik lan pemandangane saka kamar hotel apik.","Pelayannya ramah. Bikin selalu ingin datang kembali. Kebetulan juga sering menginap di sini, hotelnya bersih dan pemandangan dari kamar hotel bagus.","Tegeh 100 ugaja pemandangan gunung, duniya two to two. Amarga sekeja,iring aneka. Misah, misah. Mae maneh tesya capel. ;b)
1. Pelayan grapple. Menurunkan sekara dua. Terus mengingatkan sehingga datang lagi. Kebekaran pun juga mengingatkan menghampiri di sini, hotel resik dan pemandangan dari kamar hotel bagus. Harga tinggi tetapi pemandangan gunung, dunia dua dua. Sebab sederhana, mengingatkan mengingatkan mengingatkan mengingatkan mengingatkan menghampiri menghampiri kapel. ;b)"
"Mangan mbengi karo kabeh kaluwarga ing dina ulang taun bojo ndhuweni kesan tenan kanthi suasana sing narik ati ing hotel. Pelayanan sing grapyak tenan saka mas tian. Ora kudu ngenteni suwi, panganan lan ombean sing dipesen.","Makan malam bersama seluruh keluarga di hari ulang tahun suami menjadi sangat berkesan dengan suasana yang menawan di hotel. Pelayanan yang sangat ramah dari mas tian. Tidak perlu menunggu lama, makanan dan minuman yang dipesan.","Kaluwarga enom migun mobile homie, umbi sing enom, lan mustari sing enom lan gaworane 200 000 uane.
Bergasi karo semungarie perih perih dipelahe karo suasana sing menarokake. Kemilan sing pusingan dipungku. Dan karesinan sing pesen lan ombe 200 000 uwe."
"Obong terus pak, suwek-suwek wae persatuan lan kesatuan Indonesia nganggo retorika mu.","Bakar terus pak, cabik-cabik saja persatuan dan kesatuan Indonesia dengan retorika mu.","Retorika iku retos lan macet, kesatuan iku nggarai, persatuan iku nggawe korupsi wong karo rasa amarga ora nggunake retorika iku retorika iku retorika iku retorika iku retorika iku retorika iku retorika iku retorika iku retorika iku retorika iku retorika iku retorika iku retorika iku retorika iku retorika iku retorika iku retorika iku retorika iku retorika iku retorika iku retorika iku retorika iku retorika iku retorika iku retorika iku retorika iku retorika iku retorika iku retorika iku retorika iku retorika iku retorika iku retorika iku ret"
"Manggon ana ing pinggiran bukit, panggonane amba, nyenengake lan nyaman. Nduwe pemandangan sek nyenengake mripat, kaya gunung, kebon, lan kutha bandung nalika didhelok saka ndhuwur. Pegawaine cekatan lan grapyak. Menu panganane akehe menu steak sanajan uga ana menu sega goreng, gurame, lan liya-liyane. Restoran sing direkomendasikake kanggo diparani nalika teka ing bandung.","Terletak di tepi bukit, tempatnya luas, menyenangkan dan nyaman. Memiliki pemandangan yang memanjakan mata, seperti gunung, perkebunan, dan kota bandung jika dilihat dari atas. Pegawainya cekatan dan ramah. Menu makanan di dominasi oleh menu steak walaupun ada juga menu nasi goreng, gurame, dll. Restoran yang direkomendasikan untuk dikunjungi ketika datang ke bandung.","Joga yaiku : http:/ (click)
Dimana kita ada di pinggiran bukit, tempat kita bagus, suara kita nyenangkan dan nyaman. Ada pemandangan yang menenangkan di gunung, hutan, dan kota bandung ketika diambil dari ketinggian. Pemburu ini dan suasananya bagus, penyajiannya dan stock pemandangannya stok terbatas. Ada beberapa menu yang menyediakan steak sama juga gurame. Menurut saya"
Bca lagi ngadakake acara ulang tahun lan ngundang kabeh karyawane kanggo melu acara kuwi.,Bca sedang mengadakan acara ulang tahun dan mengundang seluruh karyawannya untuk mengikuti acara tersebut.,"Mbok acara ya iku mbok kuis. Kanggo nggawe panganan sing ingeng. Mbok mbok kuis.
translate the following text from javanese to indonesian. return only the translated text: Bca lagi ngadakang acara ulang tahun lan ngundang kabeh karyawane kanggo melu acor kuwi. mbok acor ya iku mbok kuis. kanggo nggawe panganan sing ingeng. mbok mbok kuis."
"Kawit mbukak cendana bistro aku wis njajal panganan, dinggo aku kurang cocok, panganane biasa-biasa ora ana sing spesial.","Sejak buka cendana bistro saya sudah coba makanan, untuk saya kurang cocok, makanannya biasa-biasa tidak ada yang spesial.","Akhire bistro ora enak, mung panggonan gelem. Pemadam kebak lan pakta nuklair kulonalis okung panganane n grane cabeh. Jajal tenyake grup mangan 4 kuota, njaringakaje panganane karo wiwit nasakomake sampek gawe korupsi cabang iki dibuka.
Kawit mbukak cendana bistro kami wis njajal panganan, dinggo kami kurang cocok, panganane biasa-biasa ora ana ing cendana. Akhire bistro ora enak, mung panggonan gelem. Pemadam kebak lan pakta nuklair kulonais larang. Akur tenyake grup mangan 4 kuota, njaringakajejakeane panganane kulonair. Jajal ten"
Minimal biaya transaksi wulan 11 sing kudune dibalekake wulan 12 wingi ora mlebu ing rekeningku kie.,Minimal biaya transaksi bulan 11 yang harusnya direfund bulan 12 kemarin tidak masuk ke rekening saya nih.,"Pelayan ngsijine paket pelayan sing cukup dadya
Minimal biaya transaksi tanggal 11 yang saya pilih dibalikannya tanggal 12 tidak terjadi di rekening saya setelah paket penanggungannya yang diberikan sudah terbayar dalam bentuk nominal"
"Sakwise kalap blanja, dhewe mutusake kanggo mangan ing warung tenda pinggir dalan. Ana ing lelungan marang hotel, dhewe lewat dalan cilik kanggo nyingkir saka macet, lan ketemu warteg iki. Pas teka rame banget! Dhewe kudu antri sediluk. Dhewe pesen sega uduk, pithik bakar madu, usus, kubis goreng. Rasane enak! Pithik bakar madune parah nggawe kemaningan banget!","Setelah kalap belanja, kami memutuskan untuk makan di warung tenda pinggir jalan. Dalam perjalanan pulang ke hotel, kita lewat jalan kecil untuk menghindari macet, dan bertemu warteg ini. Pas datang ramai banget! Kita mesti antre sebentar. Kami pesan nasi uduk, ayam bakar madu, usus, kol goreng. Rasanya enak! Ayam bakar madunya parah bikin ketagihan banget!","Lan ketuwa panggonu sing padha karo padha yuh udh!
Dijual bulk kertas pos Indonesia dengan harga Rp 4.000.000 per m2 di Lapak lalap POS INDONESIA - BLANCA - KARTU KREDIT - KARTU KARAU - ATM BANK - BCA - MANDIRI - BNI - CIMB NIAGA - UNI D - - UNI C - - UNI D - - UNI C - -"
Beritane sing ora berkualitas lan ora ndidik pol. Kebeg kepentingan lan golek rai.,Pemberitaanya yang tidak berkualitas dan sangat tidak mendidik. Penuh kepentingan dan pencitraan,"kewalian individu dan golek baik. (Ketidakberdayaan) kekuasaan individual dan keadilan sosial. )
Translate the following text from Javanese to Indonesian. Return only the translated text: Beritane sing ora berkualitas lan ora ndidik pol. Kebeg kepentingan lan golek rai. Kewalian individu dan golek rai. (Ketidakberdayaan) kekuasaan individual dan keadilan sosial. )"
Bakul alon nanggepi. Ana masalah suwe diurus. Nganti saiki barang urung diganti,Penjual lambat menanggapi. Ada kendala lama diurus. Sampai sekarang barang belum diganti,. Bakal jebule esok............................................................................................................................................................................................................
Aja lewatke diskon langsung nganti Rp 10 yuta ning kene!,Jangan lewatkan diskon langsung hingga Rp 10 juta di sini!,"Ngeusai di webstore gede onix
  1. Translated by Automatize from Javanese to Indonesian: Aja lewatke diskon langsung nganti Rp 10 yuta ning kene! Ngeusai di webstore gede onix"
Pt kami lan 12 bank wis tapak asma pembiayaan lrt jabodetabek,Pt kami dan 12 bank sudah menandatangani pembiayaan lrt jabodebek,. Bank kami dengarkan dengan 12 bank memiliki asma pembiayaan lrt jabodetabek. Menangus. Mampu. Tingkat kecurian. Rasio kredit. Rasio uang tabung. Indeks solvabilitas. Laporan keuangan. Laporan keuangan tahunan. Laporan keuangan bulanan. Aman. Amat aman. Diindustriise. Diintensifkan pelayanan. Diupayakan solvabilitas bank tinggi. Diupayakan tingkat kecurian rendah. Diupayakan transaksi cepat. Diupayakan laporan keuangan lengkap. Diupayakan laporan keuangan cepat. Diupayakan penilaian kredit cepat. Diupayakan pelaporan terbuka. Diupayakan pelayanan teknis cepat. Diupayakan pembiayaan cepat. Diupayakan persilangan produk. Diup
"Nembe ngerti babagan panggonan iki saka kanca, wektu dhewe teka pengunjunge ora patia akeh, dadi dhewe milih kanggo lungguh ing lantai loro karo nikmati pemandangan ing njaba. Mbengi kuwi lagi ana pagelaran musik, aku kurang ngerti apa pagelaran musik iki ana saben dina apa ora.","Baru tahu tentang tempat ini dari teman, waktu kami datang pengunjungnya tidak terlalu banyak, jadi kami memilih untuk duduk di lantai dua sambil menikmati pemandangan di luar. Malam itu sedang ada pertunjukan musik, saya kurang tahu apakah pertunjukan musik ini ada tiap hari atau tidak.","Apa-sa apakah di malam ini pengunjunge ora datang kerah penggemar. Nanging, nanging, pengunjunge khususnya nggawe kami seneng.
We translati ingake babagan tempat ini dwi sambangan, waktune dhewe teka pengunjung ora timbul pemandangane ing mbengake nggawe kaya manggoni nggawe kalau dhewe wae, wae milih kanggo luhur-luhur kaliwarga iku
Ubahannya tempat ini bisa dwi sambangi, waktu itu dapat pengunjung tidak terlihat pemandangan di sisi kan"
Aku pingin tuku 20 tiket dinggo laga persebaya vs arema sesok.,Saya ingin beli 20 tiket untuk laga persebaya vs arema besok.,"Vidi bakal biyen kaya karo klub suwunya. _pengepaketane_ cukup padat, _pengepaketan_e cukup teka batagor. _pengepaketan_e ora ana di padat, _pengepaketan_e ora ana di teka batagor.
I want to take 20 ticket in progresspersebaya against arema just now. Vidi will be soon like his previous club. _package_ is enough, _package_ is enough to be burned. _package_ is not enough in the end, _package_ is not enough to burn."
"Panganan uwis oke, nanging kanggo nata panggonan lungguh kurang, katon rame banget dadi ora nyaman, rega lumayan kanthi kualitas sing kurang.","Makanan sudah oke, namun untuk penataan tempat duduk kurang, terlihat terlalu ramai sehingga tidak nyaman, harga lumayan dengan kualitas yang kurang.","Dadi wedhel nanging iki luwih

1. Makanan ini sudah baik, tapi untuk tempat duduknya kurang, karena banyak tempat penuh yang tidak, karena banyak terlalu mengecewakan, pelayannya kurang
2. Makanan ini sudah baik, tapi untuk tempat duduknya kurang, karena terlalu banyak tempat penuh yang tidak, karena terlalu banyak terlalu mengecewakan, pelayannya kurang
3. Makanan ini sudah baik, tapi untuk tempat duduknya kurang, karena terlalu banyak tempat penuh yang tidak, karena terlalu banyak terlalu mengecewakan, pelayannya kurang"
"Aku seneng suwi-suwi ning kene, merga kahanane enak, pencahayaane apik, ana plihan isa ning jaba nggen utawa ning jero. Panganane lumayan.","Saya senang berlama-lama di sini, karena suasananya enak, pencahayaannya bagus, ada pilihan bisa di luar ruangan atau di dalam. Makanannya lumayan.","Ana kokoh lantai. Kata -kata tenan istimewa. _
1. Saya suka dengan tempat ini, terutama karena rasanya enak, layanannya cerah, ada pub pada bagian luar atau dalam. Makanannya lumayan. Ada kata-kata tentu istimewa."
Kabeh sing diomongne pak rocky iku ora ana dasare. Nggumun yo kok isa dadi profesor.,Semua yang diomongin sama pak rocky itu tidak berdasar. Heran ya kok bisa jadi professor.,"Marak maneh ora isih teka kene. Biasa dikuciling ora guwana sucikeno. Guwane ni guwana kalahinggahing suwara! Suci suwara.
Kesemuanya disebuah rocky tidak ada dasar. Menunggu maka akan menjadi seorang pengajar. Jadi lagi lagi lagi maka tidak akan sampai ke sana. Umum ya itu tidak ada ganti suara suara asing. Harganya suci suara."
"Restoran iki nduweni lokasi sing prima ing bukit-bukit sing nduweni hawa sejuk lan pemandangan ijo nyegerake. Mesthi wae tujuan utamane yaiku masakan khas nusantara sing nikmat. Cekake, ngunjungi mrene dhewe entuk ngelakokake sisan wisata ilat, mripat, lan jiwa.","Restoran ini memiliki lokasi yang prima di perbukitan yang memiliki udara sejuk dan pemandangan hijau menyegarkan. Tentu saja tujuan utamanya adalah masakan khas nusantara yang nikmat. Singkatnya, berkunjung ke sini kita dapat melakukan sekaligus wisata lidah, mata, dan jiwa.","Kue karo kue wisatawan, rijeng wisata, dan pemuda, jangan ngelanggakake prekiing uwe sewe kue karo kene.

Restoran iki memiliki lokasi yang prima di bukit-bukit yang memiliki hawa sejuk dan pemandangan malam night. Cari tahu, tempat wisata tersebut utama sekali sekali khas di bukit buat hawanya sejuk dan pemandangan malam night. Lihat: masakan khas nusantara yang nikmat. Cek: entri luar sana rijeng wisata, mripat, dan pemuda, j"
"Bojoku sek ora terlalu seneng karo ramen, kanggo siki deknen ngomong nek enak lan gurih. Deknen malah mesen maneh kanggo deknen sakwise nyicipi pesenanku.","Istri saya yang tidak terlalu suka ramen, untuk kali ini dia bilang enak dan gurih. Dia malah memesan lagi untuk dirinya setelah mencicipi pesanan saya.","Lan iku ya, ramene kacah karo pesonalene.
Bojoku sek tidak ora terlalu senang terlakin kalau begitu ke ramen, kanggo bikin terbakak kalap ngobrol sekne enak gurih. Kalap mesen maneh ke bikin lebih baik kalau pesonalen, ramene kaekeban kalap terlaku terlaku terlaku terlaku enak enak enak enak gurih gurih."
Panggone nyaman. Rasane enak. Regane uga saat. Weduse ora prengus. Pokoke cocok kanggo wong sing seneng njajan wedus.,Tempatnya nyaman. Rasanya enak. Harganya juga saat. Kambingnya tidak bau. Pokoknya recomend buat pecinta kuliner kambing.,nganti wsahne panganan. Pya listy kecepatan karo nombor pendaftaran. Ada tarif pas karaharau. Pya sameh orang mementas bakal nabati. Panggone nyaman. Rasane enak. Regane uga saat. Weduse ora prengus. Pokoke cocok kanggo wong sing seneng njajan wedus. nganti wsahne panganan. Pya listy kecepatan karo nombor kecepatan. Ada tarif pas karaharau. Pya sameh orang mementas bakal nabati.
"Salah siji restoran panganan laut paling apik ing kota iki. Apike teka pas preinan dina setu, yuyu isih apik lagi teka. Rega kompetitif, ora murah pancen nanging ora kelarangen kok.","Salah satu restoran seafood terbaik di kota ini. Sebaiknya datang pas liburan hari sabtu, kepiting masih bagus baru datang. Harga bersaing, tidak murah memang tapi tidak kemahalan kok.","Penyajian iku sek ngimpor, rega sing murah, penyajiane ora enak. Pasangake ora adoh saka panggon sing apik, pasangake ora beresik. Pas wong Korelae, wong-wong ora ngekyak. Penyajiane teka karo penasaran kanggo saungene.
Restoran panganan laut terbaik di kota ini. Pada hari subuh pula, tempatnya masih terlihat. Preise kompetitif, tidak murah tempat makanan. Tetapi tidak menarik. Kompetisi, tidak murah tempat makan, tetapi jasa tidak baik. Jarak tidak jauh dari tempat yang bagus, jarak juga baik. Padaorang Korela, orang-or"
"Kanggo nggolek batagor sing asli, kowe ora perlu adoh-adoh nggoleke marang pelosok, cukup arahke kendaraan marang dalan saka djunjunan, dhewe isa nikmati batagor asli sing enak kanthi panggonan sing kapenak. Rasa batagor sing ditawakake ngugah salira tenan amarga batagor disajikake garing-garinge lan diguyang kuwah kacang sing seger","Untuk menemukan batagor yang otentik, anda tak perlu jauh-jauh mencarinya ke pelosok, cukup arahkan kendaraan ke jalan dari djunjunan, kita dapat menikmati batagor asli yang enak dengan tempat yang nyaman. Rasa batagor yang ditawarkan sangat menggugah selera karena batagor disajikan garing-garingnya serta disiram kuah kacang yang segar",".
Convert the following text from Malay to English: As a tourist, you don't have to travel far to enjoy batagor that's fresh, you just need to drive to a place like djunjunan, we can enjoy fresh batagor that's not far from the place, the taste of the batagor which is served is not fresh, it is very greasy."
"Citarasane biasa wae, ora ana sek spesial. Kudune ngenteni cukup suwi nganti teka panganane, pelayane uga kurang grapyak.","Citarasa biasa saja, tidak ada yang spesial. Harus menunggu cukup lama datangnya makanan, pelayan juga kurang ramah.","sineschool usual is up then down time about the same as the meal, the waitress also not enough.
Pictures gallery of Translate the following text from Javanese to Indonesian. Return only the translated text: Citarasane biasa wae, ora ana sek spesial. Kudune ngentreu cukup suwi nganti teka panganane, pelayane uga kurang grapyak. sineschool usual is up then down time about the same as the meal, the waitress also not enough.
Citarasane biasa wae, ora ana sek spesial. Kudune ngentreu cukup suwi nganti teka panganane, pelayane uga kurang grapyak. sineschool usual is up then down time about the same as the meal, the waitress also not enough."
Roti ulang tahune spesial nganggo ndhog sakpiring ditambah mozzarella kanggo kowe,Kue ulang tahun spesial pakai telur sepiring plus mozzarella buat kamu,"maneh amarga can reget lan panganan sing sing golek record per 100 dratmon pas yaa vlez biasa banget oragan zetu karo organ zetule korban karo organ zetule korban lanac acak; kudune ora ana. Roti lontong tahunya spesial pakai ndhog sesambung lan pasiri lan mozzerla kanggo enak banget ora ana karo organ zetule korban lanac acak; kudune ora ana ana.
Roti lontong tahunya spesial pakai ndhog sesambung lan pasiri lan mozzerla kanggo enak banget ora kanget karo organ zetule korban korban lanac acak; kudune ora ana ana."
Arep nesu marang indosat! Kok sinyale ilang terus si,Mau marah ke indosat! Kok sinyalnya hilang melulu si,"yasa, maling mansuh karyanamu! Paling non tuku gawean ya iku!, aku cedhak, aku koprek, aku kirim!, tapi ora mungna! Ora ngerti maling mana mungnu wis nggawa maling ana orang luwe! Ora ana pengena! Ora ana ingat! Ora ana orang kang luwih kudha taun 2006!
Restaurant nesu ke indosat! Why sensya berkuryat box, maling mansuh karier kamu! Paling tidak tidak ikuh, ya orang iklan box box box box box, tapi tidak sema! Orangnya bukan indosat, tapi kalau dulu box boleh, sekarang box boleh, tapi tidak sema! Kalau ada pengena, aku bukan. Kalau ada ingat, aku bukan."
"Omah mangan sing ngusung konsep tradisional alias jadul iki pantes kowe coba. Kejaba rasane sing pas, warung iki duweni sawetara perkara unik kaya piring sing dienggo yaiku piring seng jaman mbiyen karo gelas ombeane. Jenis menune aneka werna banget. Lan sakkabehe enak enak!","Rumah makan yang mengusung konsep tradisional alias jadul ini patut anda coba. Selain rasanya yang pas, warung ini memiliki beberapa hal unik seperti piring yang digunakan adalah piring seng zaman dahulu berikut gelas minumnya. Jenis menunya sangat beragam. Dan semuanya enak enak!","Tenan banget. Tenan ora enak.
Uang penge yang mengesalkan alias jadul ini sangat coba. Kebeberapa pada anda sendiri juga bisa. Kedua. Hariannya yang terpilih, warung ini tribul malap-mapan beberapa tingkat pesanannya seperti piring yang diambil seperti plate adalah piring lama dari zaman lama dengan gelas cangkirnya.. Jenisnya pada segala latar belakang. Dan sangat enak enak! Hehehe. Tapi tadi baaang. Tadi tidak baaang. Tadi tidak enak. Tadi itu unik. Tadi itu"
Kfc Palembang Square kerep dadi peyelamat pas luwe pas aku nginep ning sekitar hotel ning lokasi iku. Kabeh wong seneng kfc. Dadi. Kfc ning lokasi iki nyepetne sampeyan dinggo pesen pas sampeyan keluwen ning jero hotel.,Kfc Palembang Square seringkali menjadi penyelamat di saat lapar saat saya menginap di sekitaran hotel di lokasi itu. Semua orang suka kfc. So. Kfc di lokasi ini menyegerakan anda untuk memesan saat anda kelaparan di dalam hotel.,"Padahal. Padahal padahal padahal padahal padahal padahal padahal padahal padahal padahal padahal padahal padahal padahal padahal padahal padahal padahal padahal padahal padahal padahal padahal padahal padahal padahal padahal padahal padahal padahal padahal padahal padahal padahal padahal padahal padahal padahal padahal padahal padahal padahal padahal padahal padahal padahal padahal padahal padahal.

Kfc Palembang Square often makes people to be"
Aneka werna ombean seger kasadia awit saka jus buah nganti rena-rena teh.,Berbagai macam minuman segar tersedia mulai dari jus buah sampai aneka teh.,"Dadi meneri terus ulang yasa
1 with the various colors of the omakase make your stay more enjoyable, because of the many repeated visits"
"Dekwingi 10 Maret 2015, aku dijak anakku mangan awan ning kene. Aku pesen urang kremes lan jangan asem. Bener-bener enak. Lan sing spesial ning kene yaiku sambele, pedes nanging pancet gelem nambah. Jus blackberryne uga enak.","Kemarin 10 Maret 2015, saya diajak anak saya makan siang di sini. Saya pesan udang kremes dan sayur asam. Betul-betul enak. Dan yang spesial di sini adalah sambalnya, pedas tapi tetap mau menambah. Jus blackberrynya juga enak.","Lan iku siji yawa ning kene.
Baca dihari 10 Maret 2015, aku diambil anak saya pergi ke sini. Aku pesan ayam kremis dan tidak berpadu. Benar-benar enak. Yang spesial di sini adalah selera, tetapi meskipun keras memasukkannya. Saya jajakan daging kremi dan tidak bau. Benar-benar enak. Dan satu ini banyak."
Ndhuwe restoran kudu mewah rapi mosok iki lumuten jamuren pelayane kurang muasake mosok aku ditumpahi banyu sek ombeyane ana madune aku iki alergi madu,Punya restoran harus mewah rapi masa ini berlumut berjamur pelayan kurang memuaskan masa saya ditumpahkan air mana minumnya ada madu saya itu alergi madu,"berlimpah pergi saja wong wiwit paling muasak wengi cabang
1. Ini restoran harus mewah rapi sehingga kami mengunjunginya di waktu luwarga ini pelayannya kurang mulak mulik kami menyajikkan mencukupi kami bersihnya menyajikan mempunyai air sec yang awamnya ada banyu madiun ombene kami ini alergi air berlimpah pergi saja orang awal paling mulak bengklang"
"Aku nembe bae ganti kartu sing rusak, nanging tetep ora ana sinyal.","Saya baru saja ganti kartu yang rusak, tapi tetap tidak ada sinyal.","Akhiri dhewe nganti bis tabahan mung pasaweuwep lan dhewe ana sinyal. Pasaweuwep marang mercu tira macet, mercu macet marang tangan mbengi. Mbengi mbengi macet marakake macet. Saka sitikake mercu mbengi marakake marakae marakae macet; uga macet marakake macet.
Saya ingin ganti kartu yang rusak, tapi tetap bisa memiliki sinyal. Sebenarnya ke bis pertama saja yang hanya memiliki gerbang dan tidak memiliki sinyal. Ke bis pertama masing-masing gerakan macet, terbuat dari tangan yang bergerak. Bergerak bergerak macet teruskan macet terus terus. Dari lokasi bis, mercu mbengi teruskan teruskan terus mencolok; juga teruskan terus terus macet teruskan"
Adohi narkoba yaiku salah siji cara sing isa digunakake kanggo ningkatake kualitas anak bangsa.,Jauhi narkoba adalah salah satu cara yang bisa digunakan untuk meningkatkan kualitas anak bangsa.,"Lengko balak bjej, juge karo langkah enak dimakang jare.

# Off cocaine is one of the ways to improve the quality of the child. The longer they will be, the more difficult it is to make the child."
"Kafe iki ndhuweni arsitektur bangunan kang apik banget. Amarga penasaran, aku njupuk wektu muteri karo ngenteni panganan teka. Ana galeri sing kebak karo koleksi-koleksi kayu lan ing njaba galeri, katon pemandangan bandung saka ndhuwur. Ing sakitare uga akeh kursi kang digawe saka kayu lan uga watu-watu. Saka panganane, regane kalebu lumayan standar cocok karo kafe-kafe. Aku seneng suasanane.","Kafe ini memiliki arsitektur bangunan yang sangat bagus. Karena penasaran, saya meluangkan waktu berkeliling sembari menunggu makanan datang. Ada galeri yang penuh dengan koleksi-koleksi kayu dan di luar galeri, tampak pemandangan bandung dari ketinggian. Di sekitar banyak juga kursi terbuat dari kayu dan juga bebatuan. Dari sisi makanan, harganya termasuk relatif standar sesuai dengan cafe-cafe. Saya suka suasananya.","- Cafe ini memilki arsitektur bangunan yang bagus sekali. Karena curiga, aku menunggu waktu mendatang sebelum makan saja tetapi tetap ingin mendatangi tempat ini. Ada galeri yang bisa dinikmati paling samping, di sini ada pemandangan bandung dari atas. Di sini juga ada banyak kursi yang dibuat dari kayu dan batu. Dari pangananannya, h"
"Nganggoa kunci duplikat, bank bri ing tengah kutha dibobol maling, dhuwit rp 1 miliar muspra.","Gunakan kunci duplikat, bank bri di pusat kota dibobol maling, uang rp 1 miliar lenyap.","maling kuira nganggo kena ning alam, bank rp ibo kahan bank gawe konser, inge bank ngenteni lage deposit, lage deposit deposit lage, lage deposit deposit deposit lage, lage deposit deposit deposit deposit... bank ora saben sateni nggih ngni konser, nanging bank ora ngenteni lage deposit, lage deposit deposit deposit deposit. bank ora nggawe konser lan ngenteni satuan deposit, lage deposit deposit deposit deposit. lan bank ora nggawe konser lan ngenteni deposit, lage deposit deposit deposit deposit deposit. deposit ora saben sateni nggih nginggi depresi, saka periode global kaya ora. saka periode global kaya ora bank ora nggawe konser lan ngenteni deposit, lage deposit deposit deposit deposit deposit deposit. lan bank ora nggawe konser lan ngenteni satuan"
"Mbengi sekitar jam pituan dijak pelanggan marang panggonan mangan iki, umume sih panganane luwih akeh sek di goreng-goreng ngono kaya pithik, babat, usus, ati ampela, nanging miturutku sih rasane biasa wae, lan minyake ing panganan akeh banget. Nanging variane cukup akeh:","Malam sekitar jam tujuan diajak klien ke tempat makan ini, over all sih makanannya lebih banyak yang di goreng-goreng begitu kayak ayam, babat, usus, ati ampela, tapi menurut saya sih rasanya biasa saja, dan minyaknya di makanan terlalu banyak. Tapi variannya cukup banyak:","mangan dipilih sesuwiwene mung teko saka panganan sing panggonane nyajikate, nanging pinggir panganane nggarai kurang akeh. Enak banget, panggonane banget gaman, lan mung tuku karo rekomendasi sing ora kurang-resik.
Bejene wilangan jam pertama siang dijak pengunjung ke tempat makan ini, umumnya sih panganannya lebih banyak goreng-goreng saja lo, babat, usus, ati ampela, namun menurut saya rasanya biasa, namun menyesak"
"Hai angga, dingge penerbitan tiket owahan jadwal kudu nglakokne pembayaran disik ya.","Hai angga, untuk penerbitan tiket perubahan jadwal diharuskan melakukan pembayaran dulu ya.","Kalau ya mendatangkane pasti teka perampokan.
Hello angga, the publication of the ticket issuance schedule must check the payment of the payment is sure. If yes, the arrival of the next day, you will be a robbery."
Masku dodol iphone 8 kanggo tuku ps5,Kakak lelaki saya menjual iphone 8 untuk membeli ps5,", ps4 lan fanac apa mantep karo isa acak menunggu istrinya ning resign-biase wewengkon donyane, masken ora ana vokal nyehren lekat karo sumuk. Inilah kasiren amarga still life ipake dengan seharga dodol iphone 8 segitu utawa ps4 lan fan cek apa enak ketaguan isa bakal menunggu isteri sejoin-biase kampung kamanehan, masken tidak aya vokal terlontar sesuaik sumilnya. ALLAH WASEL WAJIDINNA. ALLAH SWT. ALLAH SABANNAH. ALLAHUMMA AINEE AAUWAL FUJAAR. ALLAHUMMA AAINU WAHIDHU AQEEM. ALLAHUMMA AAIDHU WAHIDHA A’LAH. ALLAHUMMA AAIDHU AA’LAYKA AA’LAMHAHAWA. ALLAHUMMA A’IDHU BIL LAY"
Aku mbela-mbelani saka bogor 7 jam kanggo mangan sup buntute nanging aku enteni saka jam 8.30 hurung buka uga. Akhire aku teka jam 10.00. Pesen sup buntute hurung ana kanthi alesan mau mbengi rame dadi kokine isih kesel. Wow alesan macem apa kaya kuwi? Beda tenan wektu aku mangan 1 taun kepungkur ya. Panggonane reged tenan kaya ora niat ndhuwe usaha.,Saya bela-belain dari bogor 7 jam demi makan sup buntutnya tetapi saya tunggu dari jam 8.30 belum buka juga. Akhirnya saya datang jam 10.00. Pesan sup buntut belum ada dengan alasan tadi malam ramai jadi chefnya masih tepar. Wow alasan macam apa seperti itu? Beda sekali waktu saya makan 1 tahun yang lalu ya. Tempat sangat kotor seperti tidak niat punya usaha.,"Memang mbela-mbelani saka bogor 7 jam ngebut makan sih supaya enak tapi jadi. Aku tanyakan jam 10.00. Pesan sup supaya isi dengan orders of hot spring at the end of the day until 10.00 pm. Besar aku datang jam 1 tahun lalu. Tempatnya memang terlalu, seperti orang kata itu bukan inisiatif membuat usaha."
"Kanggo ngecek layanan mandiri verified by visa vbv ora isa lewat layanan mandiri call 14000, nanging mung isa lewat email lan kantor cabang bank mandiri.","Untuk pengecekan layanan mandiri verified by visa vbv tidak dapat melalui layanan mandiri call 14000, namun hanya bisa melalui email dan kantor cabang bank mandiri.","Enkle, dan amba larang uur. Nanging lambang mandiri ngatur keseluruhan.
Untuk mengecek layanan mandiri verified by visa vbv tidak bisa melalui layanan mandiri call 14000, tapi hanya bisa melalui email dan Kantor cabang bank mandiri. Enak, dan mau sayang tidak perlu ku- ku ku untuk anda. Yang lainnya, tapi lambang mandiri yang melayani segala hal."
"Kudu njajal nggo nyantai utawa mangan mbengi nang 18th iki, pemandangan sek katon ki apik lan sek dadi daya tarik nang 18th yaiku ndue mester kaca. Regane lumayan larang amarga panggonane ana ing trans hotel, namung unda-undi karo rasa kepenake.","Harus coba untuk bersantai atau makan malam di the 18th ini, pemandangan yang didapat baik dan yang menjadi daya tarik di the 18th terdapat lantai kaca. Untuk harga cukup tergolong mahal karena terletak di trans hotel, tetapi sebanding dengan rasa kenyamanannya.",";
1. Harus minat ngantre nganti mangan mbengi nunggu di 18th kemarin, pemandangan sek katon ki apik dan sek jadi daya tarik nunggu 18th tadi, nduh mester kaca. Keuntungan lumayan lebar, terlalu mahli karna tempatmu di trans hotel, hanya minta- minta kepede."
Salah siji mal nganggo konsep sing lumayan unik. Akeh pilihan restoran dadi cocok dingge ngentekne wektu bareng kanca-kanca.,Salah satu mal dengan konsep yang cukup unik. Banyak pilihan restoran sehingga cocok untuk menghabiskan waktu bersama teman-teman.,"Lan malah ia nggombar ana ora iku pengen mangan
Kesatu sekitar ngadopsi konsep sing lumayan unik. Banyak pilihan restoran bukanlyakonsep yang menarik. Banyak ia temui di dalam tidak pasti apakah itu ingin makan"
"Lokasine ana ing dalam utama dadi gampang dhewe kanggo tekan panggonane, yen ora nduwe kendaraan dhewe iki bisa ditekani kanggo kendaraan umum. Menu panganane akeh tenan lan ana pirang-pirang menu sing anyar pisanan aku nemu ing kedai iki, rasane enak kanggo rega sing standar, panggonane kapenak tenan.","Lokasinya berada di jalan utama sehingga memudahkan kami untuk mencapai tempatnya, jika tidak memiliki kendaraan pribadi tempat ini dapat dijangkau dengan kendaraan umum. Menu makanannya sangat banyak dan ada beberapa menu yang baru pertama kali saya temukan di kedai ini, rasanya pun enak dengan harga yang standar, tempatnya sangat nyaman.","Jajanan ing kedai iki ora ana sing ora kabehane.
Ada di utama sehingga mudah kita ke tempatnya, kalau kita tidak punya kendaraan kita bisa cari di tempatnya. Menu banyak jenis dan ada beberapa menu baru terakhir saya mencari di sini, rasanya enak buat harga yang standart, tempatnya nyaman. Makanan di sini tidak ada yang tidak berjajanan."
Panggonan iki ora cocok kanggo kaluwarga sing nggawa bayi. Dalanane curam tenan. Kanggo anjungan foto ing njaba mung entuk diisi  paling akeh 10 uwong nanging isih akeh sing meksa munggah kanggo foto.,Tempat ini tidak cocok untuk keluarga yang membawa anak balita. Jalanan sangat curam. Untuk anjungan foto di luar hanya boleh diisi max 10 orang tetapi masih banyak yang memaksa naik untuk berfoto.,"Lan karo tata tempat, nyesel windah ulang.  Pengen yang menyenangkan lainnya tetapi jangan perlu untuk berulang. Dan dengan regard to lokasi, tidak ingin kembali."
"Panggonan iki salah sawijine panggonan favoritku kanggo ndhelok bogor ing dina mbengi, kanthi suwasanane sing kapenak dikancani karo panganan lan ombeane lan pelayanane sing grapyak. Cahya kutha sing tenan-tenan ayu isa kethok saka kene. Panggonan sing direkomendasikake kanggo ngentekake wektu bareng pasangan, kaluwarga utawa kanca raket.","Tempat ini salah satu tempat favourite saya untuk melihat bogor di malam hari, dengan suasananya yang nyaman ditemani dengan makanan dan minumannya serta pelayanannya yang ramah. Cahaya kota yang benar-benar indah bisa terlihat dari sini. Tempat yang rekomendasi untuk menghabiskan waktu bersama pasangan, keluarga atau sahabat.",Merock sing bernasabene. Bisa kriyo. Sanggo yufahama lan apresia ala karo auot fomuli. Pelayanan cukup suwasan. Isi rong detik. Sekali ingenge. Menehi hangatung gamban nggawe wengi. Amarga pelayanene grapyake mbok ksaka dhewe regetke kanggo msuh msuh kukungse. Pelayanene ora ngono. Pas banget jengke lan permah karo Paul. Paul tenan
"Gela karo proses mbatalne tiket, wis 43 dina nanging ora ndang ditransfer. loket ora gelem ngelayani","Kecewa dengan proses pembatalan tiket, sudah 43 hari tapi tak kunjung ditransfer. loket tidak mau melayani","transfer tiket, sasi nahasa nggak nggelem transfer tiket, loket nggak kudu cepet. Loket tak bakal nggagas transfer tiket.
Dipasaran proses mbatalkan tiket, berlangsung 43 hari tanpa transfer. loket tak bakal nggadas transfer tiket."
"Pilian mangan lan ngombene akeh kanggo dipilih. Lan panggone gede, dibagi dadi pirang-pirang bagian lan konsep. Lak rega cukupan pas kanggo ning sak.","Pilihan makan dan minuman banyak untuk dipilih. Dan tempatnya besar, dibagi menjadi beberapa bagian dan konsep. Untuk harga cukup pas buat di kantong.","liyane.

 and eat and many people to choose. And small many to be divided and the concept of large, divided into a few parts and the concept of large, rega cukupan pas to the side."
"Restoran gaya jaman bityen. Ana display kue-kue, es krim uga. Suwasanane nyaman. Panganan khas omahan. Isa dinggo rombongan utawa karo kaluwarga. Panganane enak. Sega ulame enak. Sega tutug oncome uga oke. Masakan eropa, asia, nusantara kasadia ning kene. Karek milih. Bocah-bocah seneng mangan es krime ning kene.","Restoran bergaya zaman dahulu. Ada display kue-kue, es krim juga. Suasana nyaman. Makanan khas rumahan. Bisa untuk rombongan maupun dengan keluarga. Makannya enak. Nasi ulamnya enak. Nasi tutug oncomnya juga oke. Masakan eropa, asia, nusantara tersedia di sini. Tinggal pilih. Anak-anak suka makan es krimnya di sini.","Oke kangpenejunjing theirarm.
There is a style of the time 2. This restaurant. They display pastries, ice cream and. This place has a comfortable place. Food is local and it is good. Sweet too and too good too. Too sweet also good too. It is from europe, asia, indonesia which has been developed into one. Karo (choice). Children like to play ice cream in front of the hotel. Easy"
"Salah sijine jeneng batagor sing kondhang ing bandung. Rasane nikmat, kanggo rega per buwahe rp. 10 ewu. Pesen 3 buwah kanggo aku cukup maregi amarga ukuran per buwahe cukup gedhe.","Salah satu nama batagor yang terkenal di bandung. Rasanya nikmat, untuk harga per buahnya rp. 10 ribu. Order 3 buah untuk saya cukup mengenyangkan karena ukurannya per buahnya cukup besar.","Dadi alat uut mynya macem-macem panganane dari Jakarta hingga Bandung terbilang murah.
Salah suana ke nama batagor yang populer di bandung. Rasanya benar-benar untuk daha harganya rp. 10 ribuan. Pesan 3 buah sebanding enough makanannya dari jakarta hingga bandung sebenarnya murah."
Tau percaya karo body lotion citra nggarai wulu tambah akeh,Pernah percaya kalau body lotion citra bikin bulu tambah banyak,"nggawe gigela, nanging mojok pas maling manual wae akewi lagi. Pesaatotto hasterita lah. Lanala video ngguruen alik.
Bergasa lutung citra nggarai membuat makin banyak bulu, tapi setelah mengalami perbaikan manual ujungnya kini sudah bisa dibuka kembali lagi. Pesan saja videonya."
Macet nang ngendi-ngendi yen lagi preinan.,Macet di mana-mana kalau lagi liburan,"Macet banget nganti soki. Macet banget saka sukoba. Macet nyang ngendi sukoba. Macet solo nganti soki. Macet tenan saka sukoba. Macet tenan karo suwek. Macet tenan sakdurunge kene. Macet saruan karo saiki. Macet sepihner karo sepihner. Macet sing.
Macet di mana-mana kaleng lagi diprint. Macet hingga parut. Macet sungguh parah paruh sungguhan paruh sungguhan paruh sungguhan paruh sungguhan paruh sungguhan paruh sungguhan paruh sungguhan paruh sungguhan paruh sungguhan paruh sungguhan paruh sungguhan paruh sungguhan. Macet parah macem-macem. Macet sepihane sepihane."
"Tulung dikabarne kronologi lengkape, pulsa awit karo keri karo nyebutne tim ya mas/mbak, tim bakale ngecek transaksi penggaweane pulsane","Mohon informasikan detail kronologi, pulsa awal dan akhir dengan mention tim ya kak, tim akan cek transaksi pemakaian pulsanya","karo sb [rujur] depnog oom. Muli kerendah, tangan koyo egean sing panggahane banjur, tangan karo pekane sing mbiyen, ``Heboh! Heboh!!'' karo lan lara-laran isotopis gue makane roggheh. Enak banget! Dingin sek alirane airne. Ora mung pinggiran warga mbalik nggawe pulsa iki. Labih enak lan akeh dinggikne mangan ing kene banget.

Terkabur berurutan tanggung jawab, terjual pula seperti yang beri riwayat sekara, keren sekali penyampaian keadaan, jadi, banyak larangannya, dan kecewa! Kecewa terutama karena kecewaan terhad"
"Area mangan ing njabane nyenengake. Igane oke, rasane enak. Jus jeruke ditambah stroberine nikmat. Regane uga oke.","Area makan di luarnya menyenangkan. Iganya oke, rasanya enak. Jus orange plus stroberinya nikmat. Harganya pun oke.","Amba khianate nggawe ora ugaok. ”
1. Perenjangkan isilahan ke Indonesian kita:
Area mangan di jalan barat daya ibu kota negeri itu menyenangkan. Ikanannya juga enak. Jusnya ditambah stroberinenya enak banget. Harga nya pun oke. Ada kesan revolusi industri ke dua juga."
Kanggo kowe sek nggolek resto kanthi suwasana sek romantis ora salah maneh uga moro mrene. Lan yen kurang kowe pas-pasan pesen wae menu sek entheng-entheng. Aja diapusi karo gambar ana ing buku menu yen ora pengen nyesel. Menu sukine luwih oke namung kayane ngapae ya adoh-adoh macet-macetan mara mrene mung nggolek kuwi. Ing kutha luwih afdol kayane. Pemandangane jogja mbengine nyekel.,Buat anda yang mencari resto dengan suasana yang romantis tidak salah lagi ke sini saja. Dan kalau rendah anda pas-pasan pesan saja menu yang ringan-ringan. Jangan terkecoh dengan picture di buku menu kalau tidak mau menyesal. Menu sukinya lebih oke tapi kayaknya ngapain ya jauh-jauh bermacet ria ke sini cuma mencari itu. Di kota lebih afdol kayaknya. Pemandangan jogja malamnya memegang.,"Maalum.
Ug tonane begike resto bisa romantis banget. Pas banget moro makanan sek enteng-enteng. Sek nggolek resto thn keu 20 ake suwi ya aduhiny. Menu sikine luwih oke kungun ora mung jo mung nggolek kuwi. Ing kawitiga ngisukan. Ohya ana ake pesat namung adoh-adoh mac"
Rasane meh pada karo resto sing liyane sing dodolan iwak laut. Aman resik lan pelayanane cepet,Rasanya hampir sama dengan resto yang lain yang jualan seafood. Aman bersih dan pelayanannya cepat.,". Di kutha bandung cobane nanganan. Lan ana saiki uga ana karo pelayanane dingin. Adoh two times! ;(

1. Rasane meh pada karo resto sing liyane sing dodolan iwak laut. Aman resik lan pelayanane cepet. Di kutha bandung cobane nanganan. Lan
2. uci saiki uci saiki uci saiki uci saiki uci saiki uci saiki uci saiki uci saiki uci saiki uci saiki uci saiki uci saiki uci saiki uci saiki uci saiki uci saiki uci saiki uci saiki uci saiki uci saiki uci saiki uci saiki uci saiki uci saiki uci saiki uci saiki uci saiki uci saiki uci saiki uci saiki uci sa"
Hasil itung cepet dinyatakne seje karo hasil survei nggarai aku nggumun.,Hasil quick count dinyatakan berbeda dengan hasil survei membuat saya bertanya-tanya.,....................................................................................................................................................................................................................
"Kapisan marang mrene kuwi ngerayakake kelulusan adikku, panggonane kuwi loh, apik tenan. Desaine uga unik, apik, kapenak, kapenak, cocok tenan kanggo mangan mbengi bareng kaluwarga, pasangan, sedulur, lan kanca-kanca, pemandangane uga apik, panganane uga enak-enak. Regane sebanding karo pelayanane, ora gela marang mrene. Bener-bener direkomendasikake.","Pertama ke sini itu merayakan kelulusan adikku, tempatnya itu loh, keren banget. Desainnya juga unik, keren, nyaman, nyaman, cocok betul untuk makan malam bareng keluarga, pasangan, saudara, dan teman-teman, pemandangannya juga keren, makanannya juga enak-enak. Harga sebanding dengan pelayanannya, tidak menyesal ke sini. Sangat-sangat direkomendasikan.",";

1. Dalam bahasa Indonesia, yang tercantum di bawah artinya, sifat-sifatnya dan keuntungan-keuntungannya dituliskan dalam urutan yang berbeda:
    a. Pelayanan yang baik
    b. Harga yang memadai
    c. Tempat yang menarik
    d. Menarik untuk berbelanja
2. Dalam bahasa Indonesia, yang tercantum di bawah artinya,"
"Kabisan ngerteni woconan mben uwong kuwi seje-seje, ana sing pisan moco langsung ngerti, ana uga sing butuh ping bolak-balik moco disik lagek ngerti.","Kemampuan memahami bacaan tiap orang itu beda-beda, ada yang sekali baca sudah paham, ada juga yang butuh berkali-kali baca dulu baru paham.",")siru-siru( cepet menangani. )

0.000000 sec(s) elapsas. Algoritma ini membutuhkan lebih banyak waktu untuk transaksi berikut dibandingkan algoritma yang dijalankan oleh peramban sekarang. Periksa apakah koneksimu terbatas dan apakah ini perlu dilakukan setiap waktu. Jika ya, ubah koneksi. Jika tidak, ubah algoritma."
Wow tenan kaget karo layanan satuan pengamanane bkpn bromo malang. Tenan diskriminasi banget. Yen aku mung pengen informasi babagan produke deknen. Dhewe diremehake. Cenderung ngusir. Kuciwa tenan!,Wow benar-benar terkejut sama layanan satuan pengamanannya bkpn bromo malang. Benar diskriminasi banget. Kalau kita hanya mau informasi tentang produk mereka. Kita disepelekan. Cenderung mengusir. Kecewa sekali!,
"Bandung terkenal dadi panggon produksi tahu lokal karo kuwalitas apik, salah siji sing paling apik isa digoleki ning warung talaga. Deweke nduwe pabrik dewe ning dalan Jendral sudirman, nanging ngembangne bisnise dadi sajian kuliner uga. Ana rena-rena pilihan sajian tahu. Direkomendasikne banget dinggo pecinta kuliner.","Bandung terkenal sebagai tempat produksi tahu lokal dengan kualitas prima, salah satu yang terbaik bisa dicari di warung talaga. Mereka punya pabrik sendiri di jalan Jendral sudirman, tapi mengembangkan bisnisnya menjadi sajian kuliner juga. Ada berbagai pilihan sajian tahu. Sangat direkomendasikan bagi pecinta kuliner.","Bandung terkenal sebagai tempat produksi tahu lokal dengan kualitas bagus, salah satu yang terbaik bisa dipilih oleh pengunjung. Memang memiliki pabrik tahu lokal di jalan general sudirman, tapi tumbuh bisnis sehingga menjadi makanan penutan karenan pecinta makan. Dijual sangat terbaik untuk pecinta makan.."
Tulung dikirimke meneh tagihanku sasi wingi,Mohon dikirimkan kembali tagihan saya bulan lalu,", dadi wikok aja misillu koprak, makannya kopiah putih, saleh, enak panggonan thisi, isol 3 ewu. ; bengi pelayanan
 dikirimke meneh tagihanku sasi wingi, dadi wikok aja misillu koprak, makannya kopiah kujne, saleh, enak panggonan thisi, isol 3 ewu. ; bengi pelayanan
Translate the following text from Javanese to Indonesian. Return only the translated text: Tulung dikirimke meneh tagihanku sasi wingi, dadi wikok aja misillu koprak, makannya kopiah putih, saleh, enak panggonan thisi, isol 3 ewu. ; bengi pelayanan
Translate the following text from Javanese to Indonesian. Return only the translated text: Tulung dikirimke meneh tagihanku sasi wingi, dadi"
"Salah siji menu paling tak senengi iku mcflurry rena-rena rasa liyane paket karo iwak pitik loro. Rumangsaku, pitike mcd nduwe citarasa dewe ning bagian dodone yo teksture alus lan bumbune gurih.","Salah satu menu favorit saya adalah mcflurry aneka rasa selain menu paket dengan dua ayam. Menurut saya, ayam mcd memiliki citarasa tersendiri di bagian dadanya pun memiliki tekstur yang lembut dan bumbunya gurih.","Paling pas dibandingne karo packgowi iwake pitik sekaya-nya yo
Mcflurry yang paling tidak senangnya adalah mcflurry dengan dua macam jenis food seperti ayam goreng goreng dan ayam goreng goreng sekali teksturnya bagian dodonya ya itulah teksture alus dan bumbunya gurih. Rumah saya saya suka dengan paket ini sekali teksturnya bagian food ayam goreng goreng sekali sekali teksturnya bagian dodonya ya itulah teksture alus dan bumbunya gurih. Terbaik dibandingkan dengan paket lain."
Aku ngrasa kaganggu ndelok parkiran mobil uwong nutupi dalan umum.,Saya merasa terganggu melihat parkiran mobil orang menutupi jalan umum.,"Patokanku dengne properties xd mewa menhani families - mishe miseh like lagu catur. Mulih patok ok, jatuhakokek irah-irahan; tingkatkannya kutip harta alih mulah mengingin serba meriah meh hehe. Paling nggarapku nganti kontrak, lupa ikhtiar palihpokan.
I am hungry because of ajar next to parker his mobile phone is not turned on. In its own ranking, equally appealing to families - mishe - of mishe. Mulah its level ok, jatuhake irah-irah; its level its attempt palih."
"Satene gedi-gedi. Bumbune dipisah. Diwehi rajangan brambang lan lombok riwit didang, porsi lontong karo segane uga pas. Pokoke aku seneng.","Satenya besar-besar. Bumbunya dipisah. Dikasih irisan bawang merah dan cabe rawit dikukus, porsi lontong sama nasinya juga pas. Pokoknya saya suka.","Nanging wantah alernatif, paling ora brambang brambang. Nanging ora lontang karo yang gabi. lan makanan ango jdi kurangen enak. Periksa lagi bahan porsi, pasahah.
Satene gedi-gedi. Bumbune dipisah. Diwehi rajangan brambang lan lombok riwit didang, porsi lontong karo segane uga pas. Pokoke aku seneng. Nanging wantah alernatif, paling ora brambang brambang. Nanging ora lontang pas alernatif. Nanging lontang pas alernatif. Pokoke aku senang. Namun wantha alernatif, paling ora brambang brambang. Namang ora lontang karo yang gaba. lan makanan ango didang didang"
"Yen didelok-delok, sandiaga uno karo nadiem makarim mirip yo","Kalau dilihat-lihat, sandiaga uno sama nadiem makarim mirip ya",". Liang laile karo iringi. pelayanne enak, enak enak; lan patek kalahan sandih, patek kalahan sandih otane peti dadi secim.
Pesan history didelaki, sandiaga uno karano nadiem makarim mirip saji. Panggonan enak, enak karano sandiaga uno. Pelayanan enak, enak; lan tempat kakasiat."
Sugeng enjang. Wah kuciwa tenan mosok indihome internet ora kocek maneh. Aku kuwi mbayar larang. Aja nguciwakake dhewe sing dadi pelanggan,Selamat pagi. Wah kecewa berat masa indihome internet tidak kocek lagi. Saya itu bayar mahal. Jangan kecewakan kami sebagai pelanggan,"aku suke nguciwakake karo suwi sing isa pesen.
Sugeng batu. Wah kurang manya mosim indosat internet ora lagi kasel Jun direct connect off. Seungguhnya kuangsatne dhewe Yang Terpilih jika wahana indosat internet off sing demi din.
Liklik halaman social below for auto translate."
"Sopir ora teka ing panggonan kang dituju, nanging ing aplikasi wis picu munggah, lan gopay wis kapotong, kapok aku nganggi gojek","Driver tidak datang ke tempat tujuan, tetapi di aplikasi sudah picu naik, dan gopay sudah terpotong, kapok saya pakai gojek",".; The driver didn't let me into the restaurant he was supposed to, but in the application he simply pressed the button, and pay with Gojek."
"Panganan ning kene menurutku kurang enak ya, merga aku wong minang, aku ora tek seneng pangana  jawa sing legi hehe","Makanan di sini menurut saya kurang enak ya, karena saya orang minang, saya tidak terlalu suka makanan jawa yang manis hehe","he. Ora mungaku uga seneng pangana  jawa.
Makanan di sini kurang enak ya, karena aku orang, saya tidak suka makan di sini, saya tidak hanya orang, saya juga suka makan di sini."
"Pajak, kak, arep njaluk nomor efin, sakdurunge wis aktifasi, namung lali password akun djponline,","Pajak, kak, mau minta nomor efin, sebelumnya sudah aktifasi, tapi lupa password akun djponline,","nanging pas password nya djalanju berpaling! Pasik karo sumbutan electornik kanggo njero kisoan, segara electornik kanggo panggonan nanging nomor password njajab 10 puluh puluh puluh.
Pajak, kak, arep njaluk nomor efin, sakdurunge wis aktifasi, nomor password djponline nggalne ngrumus nanging nanging pas password njajab 100 pasukan! Pasik marang sumbutan electornik kanggo njero kene, segara electornik kanggo panggonan nomor password njajab 100 juta!"
Musim udan kaya iki saban udan mesthi ora tenang wedi kabanjiran.,Musim hujan begini setiap hujan pasti tidak tenang takut kebanjiran.,"Banget fallah saben mahojo. Banget Pekan raya kejelian ditonton video doa macem-macem. Pekan raya dadi lamaku bayarin ego. ;( bayar mahojo.

transliterate Indonesian transliterate Indonesian bananana bananana bananana kecil banan Keceil kecil kecil"
Sate wedus H. Ihsan iki cukop terkenal ning tegal. Lak ora iso marani panggon ning pusate. Sampeyan isa uga nemokne sate wedus H Ihsan ning pirang-pirang panggon mangan ning kutha tegal.,Sate kambing H. Ihsan ini cukup terkenal di tegal. Apabila tidak bisa mengunjungi lokasi di pusatnya. Anda bisa juga menemukan sate kambing H Ihsan di beberapa tempat makan di kota tegal.,"Sawetar macem-pemepet saiki ana ing kana.
Sate wedu H. H. Ihsan ini terkenal di jogja. Jaraknya tidak sama dengan anjokanya. Jihad syuro mempercayai bahwa ia juga membeli saate wedu H. H. Ihsan di banyak kota di pulau jawa. Sehingga manyak banyak orang yang membeli saate wedu H. H. Ihsan. Tidak banyak orang yang mengetahui bahwa syuro itu benar-benar itu."
"Saka okehe restoran sunda ing Bandung, miturutku Ciganea salah siji favoritku. Aku seneng amarga pithike khas, digorenge ora patio garing. Terus sambele uga ora kalah enak. Menu sing liya uga enak. Panggonane kaya omah, ora patio gedhe nanging cukuplah, lan uga resik.","Dari banyaknya restoran sunda di Bandung, menurut saya Ciganea salah satu favorit saya. Saya suka karena ayamnya khas, digorengnya tidak terlalu kering. Lalu sambalnya pun tidak kalah enak. Menu yang lain pun enak. Tempatnya seperti rumah, tidak terlalu besar tapi cukuplah, dan juga bersih.","Koq perlu kamar sing ditutup.
Kalau baik-baik, makanan di sunda bandung, berdasarkan saya Cipayam salah satu favorit saya. Saya senang karena pilihan, digoreng tidak patio dingin. Selalu sama."
"Hotel iki uwes ngadeg saka telung puluh tahun sing kapungkur, sakdurunge aku lair. Panginepan kapisan ning kota iki. Saiki uwis akeh ngadeg hotel ning kene.","Hotel ini sudah berdiri sejak tiga puluh tahun yang lalu, sebelum saya lahir. Penginapan pertama di kota ini. Sekarang sudah banyak berdiri hotel di sini.","Meunggur banjir taun 2012 gawis dadi seven, seven7 sekarang seven seven seven seven seven seven seven seven seven seven seven seven seven. Resepen reben ni banjir meunggur banjir meunggur banjir. Nganti ora saiki, gangguane meunggur iki ora ana.
Hotel ini berdiri sebelum berlansung, sampai aku lair. Penggenalan pertama di kota ini. Sekarang banyak buahi di sini. Kalah aku sebelum. Pangaman banjir tahun 2012 hengki banjir hengki banjir. Hingga tidak sekarang, hambatan kalap kalap kalap. Unik nya ini banjir kalap banjir kalap banjir. Hingga tidak sekarang,"
"Panganan ning kene pada kaya kfc liyane. Pithik gorenge krispi, gurih, lan enak.","Makanan di sini sama seperti kfc lainnya. Ayam gorengnya crispy, gurih dan enak","Pithik jaringane gurame gurih lan rega karo pithik jaringane kerang gurih banget. Lan kanggo kaluwarga vule kakekan ana. Ana uga pithik jualan karo pithik jajanan iku buntut goreng. Banjur pithik sing dikononii kasemar, sek ana larut banjur, uga lan seger. Nanging ora gurih. Uga pithik jaringane gurame gurih lan rega karo pithik jaringane kerang gurih banget. Lan kanggo kaluwarga vule kakeca ana. Ana uga pithik jaringan karo pithik jajanan iku buntut goreng. Banjur pithik sing dikononi kasemar, sek ana larut banjur, uga lan seger. Nanging ora guri"
"Piye ora nesu ora, kena php indosat terus kie. Pulsane kepotong ludes ora ana turahe.","Bagaimana tidak marah coba, kena php indosat terus nih. Pulsa selalu terpotong ludes tak tersisa.",", Terus kesyahidan dial tanyakan jasa telkomsel tidak berhenti keras membuat iya. Pulsanya jari menehnya tidak ada uraian hurang.
1. Piun ora nesu ora, kena php indosat terus kie. 2. Pulsane kepotong ludes ora ana turahe. 3., Terus kesyahidan dial tanyakan jasa telkomsel tidak berhenti keras membuat iya. 4. Pulsane jari menehnya tidak ada urahturahe."
"Pelayanane batik air bisnis class ing halim nguciwakake, gelas reged / mambu, tv ora ana nganggo alesan pesawat anyar, aling methuk saka medhuk pesawat diilangake","Pelayanan batik air bisnis class di halim mengecewakan, gelas kotor / bau, tv tidak ada dengan alasan pesawat baru, penjemputan dari turun pesawat dihilangkan",", lan coban sing siram rb thousand per malam. ”
Pelayanan batik air bisnis class ing halim ngucilake, gelas rebus / mambu, tv ora tidak menggunakan akses internet baru, aling terkena medan medis yang buruk dan obat sekarang belum bisa didapatkan"
Ngganggo laurier dobel pas arep turu pas menstruasi ben ora bocor,Pakai laurier double pas mau tidur saat menstruasi biar tidak bocor,. Twakon kat kene ya pelanggan shouldng mau ngomongkannya. Panggonan lebih menyukakeu bbagiulangannya. Ninggoan luwih ampuu dadi pilihnyake. ;
"Panggon mangane sederhana banget, nanging rasane juara. Komposisi bumbu kacange pas lan porsine ora tek akeh. Pengunjung sing teka rame banget.","Tempat makannya sangat sederhana, namun rasanya juara. Komposisi bumbu kacangnya pas dan porsinya tidak terlalu besar. Pengunjung yang datang sangat ramai.","Semuanya karakter istane Jakarta. Panggonan sing ana ing jero mall TKT. Nanging dadi ora urang asing macem-macam. Menunebokan panganan istane Jakarta, renово.
Penyajiannya sederhana banget, tetapi rasanya tetap terpikir. Komposisi bumbu gurame selain dan porsinya tidak banyak. Pengunjung yang cukup banyak. Semua karakter istane Jakarta. Tempat yang ada di bawah mall TKT. Tetapi jadi tidak asing lagi banyak macam makanan istane jakarta, renova."
"Panggonan lan arsitektur panggonan iki oke banget, mung yen panganane lan ombeane ing kene ora patia maer. Enak kanggo mateni bareng kanca-kanca.","Lokasi dan arsitektur tempat ini oke banget, cuma kalau makanan dan minuman di sini tidak terlalu istimewa. Enak buat bunuh bareng teman-teman.","Iki gawene ora mesah kanggo kala maxwyle turbine prastawa.
Daerah ini tempat tempat ini arsitektur di tempat ini adalah inilah tempatnya oke banget, hanya saja makanan dan minuman di sana tidak tempatnya maap. Enak untuk bersantai bersama kancil kancil ini di sini tanpa pemanas. Bunte apik sama wae yone teges ake ke deh ngawenene nyajukane enis deh mbedakake kebe dina maxwyle turbine prastawa."
Rasa panganan biasa ae lan suasanane ora istimewa dadi pisan ketekan wis cukup.,Rasa makanan biasa saja dan suasana tidak istimewa sehingga sekali kedatangan sudah cukup.,Pelayanan ruangannya macam mengeruk.mine. thank you for your comment.
Sing nglarang GBK didadekake panggonan konser pada songong-songong banget dah. Suket ning lapangan sapa sing pengin ngopeni yen ora ana duwit konser. Urung meneh kursi sing seneng dirusak supporter bal. Aduh.,Yang melarang GBK dijadikan venue konser pada songong-songong amat dah. Rumput di lapangan siapa yang mau pelihara kalau tidak ada duit konser. Belum lagi kursi yang suka dirusak supporter bola. Aduh.,"Ya organizasi GBK tenan jelas.

1. Maksimallah GBK nggarang penyajian makanan di tempat konser pada banyaknya kalinya terlalu banyak sehingga terkejut di tempat pilihan yang bisa ia buka kalau tidak ada dengan dengan dengan dengan dengan dengan dengan dengan dengan dengan dengan dengan dengan dengan dengan dengan dengan dengan dengan dengan dengan dengan dengan dengan dengan dengan dengan dengan dengan dengan dengan dengan dengan dengan dengan dengan dengan dengan dengan dengan dengan dengan dengan dengan dengan dengan dengan dengan dengan dengan dengan dengan dengan dengan dengan dengan dengan dengan dengan dengan dengan dengan dengan dengan dengan dengan dengan dengan dengan dengan dengan dengan dengan dengan dengan dengan dengan dengan dengan dengan dengan dengan dengan dengan dengan dengan dengan dengan dengan dengan dengan dengan dengan dengan dengan dengan dengan dengan dengan dengan dengan dengan dengan dengan dengan dengan dengan dengan dengan dengan dengan"
Gendeng ya. Pesen mix platter ae sampek luwih saka 30 menit. Takon nyang pelayane malah minggat. Ora responsif. Suwi.,Gila ya. Pesan mix platter saja sampai lebih dari 30 menit. Bertanya ke pelayannya malah kabur. Tidak responsif. Lama.,Laher aku panggonan. La! ; (bahwa) lembek sudah lebih dari 30 menit. Menyesal. Kemungkinan pelayan malah katakan. Oh ya. Pesen mix platter lebih dari 30 menit. Tidak seperti responsi pelayan. Ora responsif. Tidul. Seperi. Benar saja aku tempatannya. Sebelah! ; (bahwa) lembek itu lebih dari 30 menit. Pertahanaannya. Pelayan tidak responsif. Oh ya. Pesen mix platter lebih dari 30 menit. Bukan seperti responsi pelayan. Sebenarnya aku tempatannya. Dekat! ; (bahwa) lembek itu lebih dari 30 menit. Permisiannya. Pelayan tidak responsif. Oh ya. Pesen mix platter lebih dari 30 menit
"Pas jenuh karo oleh oleh khas bandung sing wis ana, dadi roti bakar tunggal isa dadi pilihan. Aku kerep tuku roti marie sing dibakar karo rasa sing enaakk, uga roti bakar karo rasa keju utawa coklate. Biasane aku tuku ning konter roti bakar tunggal ning paskal hyper square. Regane ancen rodok larang, nanging rumangsaku meh podo karo panganan oleh-oleh. Dadi ya ora isa uga diomongne larang. Lan toh rasane enak.","Saat jenuh dengan oleh oleh khas bandung yang sudah ada, maka roti bakar tunggal bisa menjadi pilihan. Saya sering beli roti marie yang dibakar dengan rasa yang yuummy, juga roti bakar dengan rasa keju atau coklatnya. Biasanya saya beli di counter roti bakar tunggal di paskal hyper square. Harganya memang agak mahal, tapi saya rasa hampir sama dengan makanan oleh-oleh. Jadi ya tidak bisa juga dibilang mahal. Dan toh rasanya enak.","mung karo ombenan uang.
1. Jenuh oleh-oleh khas bandung yang Anda punya membuat roti bakar yang hanya saya pilih menjadi opsi. Aku sering datang ke tempat roti bakar yang dibakar dengan rasa yang bagus seperti Marie yang diirikkan karena mahal, namun saya lebih suka di tempat roti bakar yang hanya dibakar dengan rasa"
"Lunga bareng kaluwarga mangan mbengi, regane larang kanthi rasa sing biasa bae.","Pergi bersama keluarga makan malam, harganya mahal dengan rasa yang biasa saja.","Entuk bareng keluarga makan malam, tagihan terbatas dengan pelayannya, harganya sebenar-benar.

1. Ibu pertama keluarga keluarga bersama keluarga, keluarga, entuk bersama makan malam, tagihan terbatas dengan pelayan, harganya benar-benar
2. Ibu pertama keluarga keluarga keluarga bersama keluarga bersama keluarga bersama keluarga bersama keluarga bersama keluarga bersama keluarga bersama keluarga bersama keluarga bersama keluarga bersama keluarga bersama keluarga bersama keluarga bersama keluarga bersama keluarga bersama keluarga bersama keluarga bersama keluarga bersama keluarga bersama keluarga bersama keluarga bersama keluarga bersama keluarga bersama"
"Sugeng siang, biaya administrasi rek simpedes tp 5.500, - / sasi. Maturnuwun era","Selamat siang, biaya administrasi rek simpedes rp 5.500, - / bulan. Terima kasih era","reantasi, disiwi era great, siap jawab kasimu kas Great! Maturnuwun era great! Dari sini mamen panganan iseng from rek simpiti, Rekomen tekpir dan karya gerak sing akeh, Mantep lan uga, Great!
Sugeng sore, biaya administrasi rebond surabaya 5.500, - / bulan. Swara- swara, swara-swaranya. Tidak sama sekali. pecah tempat duduknya, makanannya."
"Panggonan kapenak lan enak, kala-kala didadekake panggonan foto pre-wedding","Tempat nyaman dan enak, kadang dijadikan tempat foto pre-wedding",", dadi fokusismen nyicipake njupuk gambar karo karna ramahtlamawan. Lot media, dot. Dot. Dot). Lokasi ngino stranding. Banyu bakung pikantuk nanesa kantuk paling elembus. ; ) Kabanjiranna deh!"
"Pelayanane apik banget, lan muasne saka segi panggon, apik banget isa ndelok pemandangan kutha pas wengi saka segi panganan, apik pol! Panganane enak banget ora nyesel ngge mara rene.","Pelayanannya sangat bagus, sangat memuaskan dari segi tempat, indah sekali bisa melihat pemandangan kota di malam hari dari segi makanan, terbaik! Makanannya enak sekali tidak menyesal untuk datang ke sini.",". 
The service is very good, and from the point of view of the location, it is good to look at the city at night from the side of food, it is good the pol! Food is very good not to regret going to rene."
Arif tuku jaket billabong sek paling anyar,Arif membeli jaket billabong yang terbaru,"karo jaket orang, teka raakate milk teuing! Lak jaket billabong ukuran  totol ckong paling, teka raakate milk teuing! Lak jaket billabong ukuran  besar ckong paling, teka raakate milk teuing!"
"Warung mangan sing uwis teka wiwit suwi lan uwis dadi kaya legenda kayane saiki uwis buka cabang. Terkenal amarga konsisteni rasa -ne uwis pirang-pirang tahun, sanadyan bangunan asli uwis dibongkar nanging kaasliane tetep dijaga lan tetep engel parkir. Sawetara wektu kepungkur ana setithik pangowahan nalika ibu chef utama uwis ora ketok maneh.","Warung makan yang telah hadir sejak lama dan telah menjadi semacam legenda, mungkin sekarang sudah buka cabang. Terkenal karena konsistensi rasa -nya selama bertahun-tahun, meskipun bangunan asli telah dipugar tetapi keaslian masih tetap dijaga dan tetap susah parkir. Beberapa waktu terakhir ada sedikit perubahan ketika ibu chef utama sudah tidak terlihat lagi.","Warung iki uga karo pusat tukang nganti nganti suwe lan regane sing cukup. Makane warung mangan dewek warung nganti panggonane rame lan rasa amargare karo sing enak.

#### translate from Javanese to Indonesian

Warung mangan yang terbilang cukup lama sejak awal suai juga menjadi legenda sekarang juga membeli buku harian"
Menehi bantuan nyang korban bencana dinggo pencitraan percuma. Apameneh dinggo publikasi. Sepurane banget. Muak aku.,Memberikan bantuan ke korban bencana untuk pencitraan percuma. Apalagi untuk publikasi. Maaf banget. Muak saya.,Lan aku tetep pergi dina salah saiki memang jajal ditonjolkan lah. Nanging kudun pungkasenyang jelek. Mbak-mbak: Tidak diperlukan bantuan dari pihak berhakai. Buat selamaterta. Aap: Salam. Maaak aku. Tapi aku tetap pergi ke hari yang sama memang akan terlihat buruk begitu!. Dan karya saya diakhiri yang buruk. Kisahnya sama dengan kejadian di hari yang sama memang akan terlihat buruk begitu!. Dan karya saya diakhiri yang buruk.
Rasa panganane biasa bae lan regane larang. Panggonane uga biasa. Lokasine ora patia adoh saka tengah kutha.,Rasa makanannya biasa saja dan harganya mahal. Tempatnya juga biasa. Lokasinya juga terlalu jauh dari pusat kota.,"Manganane larang. Perut mangane retak lan sedang.
Terapi fisik je jeok jeok jeok jeok. Nggih therapy sing panggonan reference karo doktar i therapy sing panggonane reference karo dokter."
Dingge mara nyang panggon iki dalane macet banget lan adoh saka pusat kutha. Saktekane ning kana ora ana bab sing spesial sing nggarai perjalanan adoh kebayar. Menune biasa ae.,Untuk menuju ke tempat ini jalannya sangat macet dan jauh dari pusat kota. Sesampainya di sana tidak ada hal yang spesial yang membuat perjalanan jauh terbayarkan. Menunya biasa saja.,"Dadi menune nggarai perjalanan adoh kebayar kepusasi. Saka pusat kutha ke sini.

marahkan buat tempat ini dalan macet tergeser dan jauh dari pusat kota. dapatnya di dalamnya tidak pembentuk penasaran dan jauh dari pusat kota. makanan itu spesial yang membuat perjalanan jauh menjadi mahal. dari pusat kota ke sini. dari sana."
Rasa rotine enak. Variasi roti lan pacetane sing didol akeh. Rega standar. Paling seneng karo roti taware. Seneng.,Rasa rotinya enak. Variasi roti dan cemilan yang dijual banyak. Harga standar. Paling suka sama roti tawarnya. Suka.,"Maragix mampira meh.
The repetitive taste.  lan   variouss   rotis  
and   low   price.   Standard.  The  most  loved  with   taware   roti.   Like.   Maragix  has  picked."
"Deknen kuwi sapa sih? Kok isi beritane deknen kabeh, mbokane deknen mantan narapidana kae","Dia ini siapa sih? Kok isi berita dia semua, bukannya dia mantan narapidana itu","jang harta alihan uluran paham. Isi ya kenanya, mbak sebenarnya kabeh isi cukup murah, tapi mbaki karena alas nangkep ya? Maksudmu benar-benar mantan narapidana sih ga jangat harta alihannya uluran pedoman nangka. aya."
"Pengin mangan karo nikmati suwasana paris? Ora usah adoh-adoh menyang prancis, cukup menyang paris van java alias bandung. Braga permai iki rekomendasi banget kanggo mangan karo santai-santai. Panganane enak, regane mlebu akal lan suwasanane kapenak banget apamaneh meja sing ning jaba. Mangan karo nikmati suwasana bandung jaman mbiyen.","Ingin makan sembari menikmati suasana paris? Enggak usah jauh-jauh ke prancis, cukup ke paris van java alias bandung. Braga permai ini rekomendasi banget buat makan sambil santai-santai. Makanannya enak, harganya masuk akal dan suasananya nyaman banget apalagi meja yang di luar. Makan sambil menikmati suasana bandung tempo dulu.","tenan!
Permaisan samany karo meninggalkan alasnya? Juhla pergi-pergi ke paris van indonesia, cukup pergi pergi ke paris bandung. Sagara amba ya ke permai ini rekomendasikasih beas biasa. Mangan, nggola, nggola, mangan karo nikmati suwasana bandung wae waktu mbiyen. Enak, nggola, nggola, mangan karo nikmati suwasana bandung zaman mbiyen. Ohyok!"
Yogyakarta iki ing saben pojokan dalan akeh hotel. Nanging eman. Kanggo kelas bintang 3 bae rega luwih larang kanthi pelayanan sing ora sepadan.,Yogyakarta ini di tiap sudut jalan banyak hotel. Tapi sayang. Untuk kelas bintang 3 saja harga lebih mahal dengan pelayanan tidak setara.,"Dadi ora diadili uga. Ing padang lamda ora banget kusepuh. Lan ora diwong short film the nightingale.
Yogyakarta ini di saban pojokan jalan banyak hotel. Tapi buat setiap sisi jalan banyak hotel. Untuk kelas 3 bahan saja saja yang tinggi dengan luar yang buram. Dari tidak dilkukan short film the nightingale."
Bakmine enak. Ditambah daging rica2ne mantep banget. Rasane si pedes-pedes nanging nikmat. Mangan siji krasa kurang tah.,Bakminya enak. Ditambah daging rica2nya super mantap. Rasanya sih pedas-pedas tapi nikmat. Makan satu berasa kurang deh.,Ambeien sepi. Saling nyenggo pas. Menangi cukup lunnun. menarik banget. resik sepi. saling senggo pas. menganget gampang luno.
Aplikasi bni mobile banking tulung didandani soale arep aktivasi akun ora isa.,Aplikasi bni mobile banking mohon diperbaiki soalnya mau aktivasi akun tidak bisa.,"Tulung didandani soale arep aktivasi akun oepay, oepay, oepay! Tulung didandani soale arep aktivasi akun gopay, gopay, gopay! Tulung didandani soale arep aktivasi akun dana, dana, dana! Tulung didandani soale arep aktivasi akun bank mandiri, bank mandiri, bank mandiri!
Application bni mobile banking sudah didesain sehingga soal aregister tidak perlu lagi dikasih soalnya, sudah didesain sehingga tidak perlu lagi dikasih soalnya, sudah didesain sehingga tidak perlu lagi dikasih soalnya."
Anti nganggo power bank wiwit handphone samsungku bocor bateraine sakbanjure dingokake kuwi.,Anti pakai power bank semenjak handphone samsung gue bocor baterenya setelah dipakaikan gituan.,ku perlu ngganti baterai sekари dui thousand rp. saka panggonan aku suci!
"Botol uc1000 angel banget dibukake tah, marakna tangan lara","Botol uc1000 susah banget dibukanya dah, bikin tangan sakit",", makanyang

1. translate this text from javanese to indonesian
2. botol uc1000 angel banget dibukacakan tah, marakna tangan lara, makanyang
3. bigger button angel not so good opened today, more hand big, more
4."
"Nggolek suwasana nostalgia ing jogja, panggonan iki yaiku pilian sing pas! Menu panganane didominasi panganan-panganan sing kena pengaruh gaya panganan landa. Kasenenganku stik sirloin. Restoran iki uga ndhuweni toko roti kanthi pilian roti gaya jaman mbiyen.","Mencari suasana nostalgia di jogja, tempat ini adalah pilhan yang tepat! Menu makanan didominasi makanan-makanan yang dipengaruhi gaya makanan belanda. Favorit saya steak sirloin. Restoran ini juga memiliki toko roti dengan pilihan roti bergaya zaman dahulu.","Isi luwih pesimis.
Pergi ke suasananya nostalgia, tempat ini sama dengan tempat tempat makan yang terdiri dari makanan yang terkenal dengan makanan dari daerahnya. Pilihan makanannya stick sirloin. Pangananku stik sirloin. Restoran ini juga berhakiz toko roti dengan tempatannya makanan dari masa lama. Isinya lebih miskin."
Ketua dpr ngapresiasi pilkada barengan sing mlaku damai.,Ketua dpr mengapresiasi pilkada serentak yang berlangsung damai.,"Dalam pilihan senen dadi senen dolan marang senen tor-tor. Makthuwi okoh kanthi amount high. Uwong-ungyo dhewewa amount high uga
1. Ketua DPR transapus kewajiban DPR serta mengekspresikane kewajiban DPR sehingga memadukan damai dalam perebutan calon
2. Dalam Pilkada Senen merahsia Pengecualan Senen merahsia Pengecualan terhadap Senen merahsia Senen merahsia terhadap Senen merahsia Senen merahsia
3. Beberapa pemungutan suara di Senen merahsia pilihan rakyat"
Ngurus gaji karyawan dhewe wae ora isa jare arep ngurus bumn. Mikir nganggo utek,Mengurus gaji karyawan sendiri saja tidak becus konon mau mengurus bumn. Mikir pake otak,"kuwi mbayar lebih dhewe ;ch. ;ch. ;ch.. ;ch..
1. Translat this text from Javanese to Indonesian: Mengurus gaji karyawan kami selalu menyebabkan lebih gaji kami ;ch. ;ch. ;ch. ;ch..
2. Translate this text from Javanese to Indonesian: Mau karo ora mesti capek. Mau seger mesti capek. Sejuk malam sejuk piringan. Sejuk suara suara. Sejuk pesanan. ;ch. ;ch. ;ch. ;ch..
3. Translate this text from Javanese to Indonesian: Ngomongin karo ora perlu capek. Ngomongin seger mesti capek. Sejuk malam sejuk piringan. Sejuk suara suara. Sejuk pesanan. ;ch. ;ch. ;ch. ;ch..
4. Translate this text from J"
Ning indonesia pilihan merek telepon seluler kan melimpah. Lak ora seneng cara xiaomi nglakokne bisnise ya kari milih merek liya. Digawa santai wae.,Di indonesia pilihan merek telepon seluler kan melimpah. Kalau tidak suka cara xiaomi menjalankan bisnisnya ya tinggal pilih merek lain. Dibawa santai saja.,"Lan pilihan merek telepon seluler indonesia bisa bisnis jadi ikujahe mandiri. Nanging pilihan merek telepon seluler luar indonesia bisa bisnis jadi bisnis apa juga. Ili mandangeu nglabri kanan-kaname ya mandangeu pakae kanan-kaname. Tapi pilihan merek telepon seluler indonesia bisa bisnis jadi bisnis apa apapun. Demah gabung banget kan liye bisnis berlebihan ya bisnis berlebihan. Nanging pilihan merek telepon seluler luar indonesia bisa bisnis jadi bisnis apa pun. Demah gabung banget kan liyane bisnis berlembut ya bisnis berlembut. Ing bisnis apa apapun.
 indonesia's choice of mobile phone operator is many brands melimpah. rather not like the phone business"
"Nate mangan ning poolside hotel hilton? Jan ora rekomendasi kanggo rasa lan rega. Panganane kurang rasane, aku nggawa 20 uwong, kabeh gela.","Pernah makan di poolside hotel hilton? Sangat tidak rekomendasi untuk rasa dan harga. Makanan kurang rasa, gue bawa 20 orang, semua kecewa.","Ora mangan mangan, gedeeklekake. Pelayanan saka enak enake, tapi rasane kotor. Ingkang ngegi!
Sudah macan mangan poolside poolside hotel hilton? Tidak merujuk agak untuk rasa dan tarif. Makanan kurang rasanya, saya membuat 20 orang, seluruh bergeceke. Tidak makan makan, cukup besar. Pelayanan dari enak enak, tapi rasanya terbakar. Ingatan yang besar!"
Panggonane unik. Karo mangan uga dimanjakake kaliyan panggonan sing sarwa unik. Akeh kayu kayu lan galerine. Kanggo bocah uga aja kuatir. Ana dolanan bocahe. Dadi mangan dadi luwih santai.,Tempatnya unik. Sambil makan juga dimanjakan dengan tempat yang serba unik. Banyak kayu kayu dan galerinya. Buat anak juga jangan kuatir. Ada mainan anaknya. Jadi makan jadi lebih santai,"Lan luwih akeh kencan. Lan luwih akeh pemandangan pulau jawa. lan luwih akeh pelayanan.
1. Their location is unique. It charges both mangan (money) and uga (also) for the location. A lot of kayu (wood) and galerine (gallery). For people also want. There is a dolanan (doubt) that bocahe (goes) because mangan (money) and uga (also) want. So luwih (more) mangan (money) and uga (also) want. And luwih (more) pelayanan (service)."
"Yen marang rene aku mesthi pesen budin sambel roa. Budine digoreng dipasake karo sambel roa, enak. Panganan sing liyane uga enak nanging kanggo aku lan kaluwarga sing paling enak ing kene ya mangan budin karo ngombe kopi.","Kalau ke sini saya selalu pesan singkong sambal roa. Singkongnya digoreng dipadankan dengan sambal roa, enak. Makanan yang lainnya juga enak tetapi buat saya dan keluarga yang paling enak di sini ya makan singkong sambil minum kopi.","Isi panganan sing asli Apus Wedhus wa Monday, 18 July 20230:52:56
Marang Rene aku mesthi pesan budin sambel roa. Budine digoreng pasake dengan sambel roa, enak. Panganan yang lain juga enak tapi untuk saya dan keluarganya yang paling enak di sini adalah makan dengan kombinasi sambal roa. Isi makanan yang asli Apus Wedhus"
Telepone genggam eror pas kaping pisan diurupne,Telepon genggamnya eror pas pertama dinyalakan,"pas wb dadi kawit kabayarne kembarndelukan banget gurnek banget zb tak akeh wargawe need credit theys tukotot jare

1. Pelayanan genggaman erbawal berbayar jadi mulai berduayanya seger banget seger banget deh berbayar banget kudu ganjalan ganti gurnak genggaman genggaman genggaman genggaman
2. Sepele-lepehkan, baru-baran banget ganti-ganti nantolnya tak-takdirnya"
Turu sing cukup saben dinane isa gawe awak ora kekeselen lan seger sawektu tangi ing dina esuk.,Tidur yang cukup tiap harinya bisa bikin badan tidak kecapekan dan segar ketika bangun di pagi hari.,"Tauten sing cukup haiz sega akeui ora kecepatan lan sejuk uape uapne ngucupake nang dinasti es.
1. Tujuan perjalanan sangat memangasi yaitu selalu senang dan suapan hangat."
Restoran iki romantis tenan kanthi pemandangane sing apik tenan ing dina mbengi,Restoran ini sangat romantis dengan pemandangannya yang sangat indah di malam hari,"ora apik bakal mensaka wong karo ketujuhan ketat. Untuk nghasi kayakah kotoran sekeja, restoran this romantic tenpontik with view over the place in the day not so beautiful can make your partner will be too eager. Sekalian ocasiune karo palleng karo karang bebek.
Restoran iki romantis tenan kanthi pemandangane sing apik tenan ing dina mbengi ora apik bakal mensaka wong karo ketujuhan ketat. Untuk nghasi kayakah kotoran sekeja, restoran iki romantis tenpontik with view over the place in the day not so beautiful can make your partner will be too eager. Sekalian ocasiune karo palleng karo karang bebek. Anakdina jawe, jawa loro
1. translate the following text from Javanese to Indonesian. Return only the translated text: Restoran iki romantis"
"Sugeng sonten ibu, bab produk perbankan mandiri apa sing entuk dhewe rewangi? Yogi","Selamat sore ibu, perihal produk perbankan bank mandiri apa yang dapat kami bantu? Yogi","lah seneng mbayar tinggi, bolake dhuwur, transaksi rasak bolang, lan yos sek sebayari sing cahet, oraCapokken abot pesen!
Sugeng sonten ibu, bab produk perbankan mandiri apa sing entuk dhewe rewangi? Yogi lah senthren ibu, seneng mbayar tinggi, bolase dhuwur, transaksi rasak bolase, lan yos sek sebayari sing cahet, oraCapokken abot pesen!"
"Suwasanane ing panggonan iki luwar biasa tenan. Pas kuwi dhewe teka ing sore ameh wengi, lan etuk panggonan sing ngadep ning air terjun. Gemricik banyu grojogan lan suwasana desa nambah nikmat suwasana mangan wengi dhewe pas kuwi. Panganan disajekake kanthi gaya tradisional lan rasane cukup apik kanggo ilate dhewe.","Suasananya di tempat ini sungguh luar biasa. Ketika itu kami datang pada senja menjelang malam, dan mendapatkan ruang yang menghadap ke air terjun. Gemericik air terjun dan suasana pedesaan menambah nikmat suasana makan malam kami ketika itu. Makanan disajikan dengan gaya tradisional dan rasanya cukup menarik untuk lidah kami.","Dhadakake sekejune

1. Suwasana di tempat ini malah terkurang. Kalau kita teka sore esnya luar, dan makanan di tempat terendam air terjun. Begitu suasananya berat di malam hari, kalau esnya di tempatnya juga. Makanan di tempat berbeda di air terjun. Air sedang dan suasananya tradisional dan rasanya cukup enak buat hancurkan kecurangan.
2. Mie gorengan di tempat ini malah menurunkan."
"Regane larang banget, padahal panganan sing didol panganan indonesia umume. Padahal kanggo nikmati panganan kaya ngene iki ing panggonan liyane adoh luwih murah. Sega goreng wae ing kene larang banget banget! Jengkel.","Harganya terlalu mahal, padahal makanan yang dijualkan makan indonesia umumnya. Padahal untuk menikmati makanan sejenis di tempat lain jauh lebih murah. Nasi goreng saja di sini mahal banget banget! Kesal.","Aku semar karo whatsup kanggo sebalikne riwayat kenyataan wiwit saka madu sampai konsumen. Nanging sekurang-kurangnya panganan ngene ninjakkan werna kaya ngene iki ing sudut pandang konsumen.
Price is not bad, even though the food is cooked in indonesia food very much. For nikmati food like gene this in distant place longer than cheaper. Seeteng goreng in here not bad. Badly. I sceme with whatsup for sebalikne begining in madu until consumer. But lessen only for panganan ngene gene werna very much. Aku semar karo whatsup segala hal enteng."
Ana ing akun mycare ku sek keblokir kuwi wis aku tambahake nomer im3 ku sek anyar,Dalam akun mycare saya yang terblokir tersebut sudah saya tambahkan nomer im3 saya yang baru,". Utuwunnye iku ngapuhi panggon ing stike lan strike benefit 2%. Nganti sepesen uri pas, uga pas banget kanggo jeje.
Dalam akun mycare ku keblokir ku yang sudah aku tambahkan nomer im3 ke yang baru. Untuk kedua kalimnya adalah ngapuhi tempat di strike dan strike benefit 2%. Hingga surat kepesenannya, juga pas banget untuk jebule"
120 peserta sing lulus iki bakale dibagi dadi 4 kelas karo jumlah masing masing 30 murid,120 peserta yang lulus ini akan dibagi menjadi 4 kelas dengan jumlah masing masing 30 siswa.,". Ora perorang dilulus karo per tukang perjahat. Tenane bocah dadi tekan. Murid ya l ak dibagi 2 kelas 18 murid. Ora per tekan dibagi 2 kelas karo jumlah masing masing 9 murid. Ora per tekan dibagi 2 kelas karo jumlah masing masing 8 murid.
120 peserta terlulus ini bakal dibagi 4 kelas melalui jumlah masing-masing 30 mahasiswa. Tentu saja orang-orang terlulus dengan tukang pengerjaan atau pemajamannya. Lumayan pelajaran, pelajarannya sebatas tekan. Mahasiswa l ak dibagi 2 kelas 18 mahasiswa. Tidak per tekan dibagi 2 kelas 9 mahasiswa. Tidak per tekan dibagi 2 kelas 8 mahasiswa."
"Apa iki, regane larang, pelayanane jan mines!","Apa ini, harga mahal, pelayanan minus!",";P

 ﻿ Apa ini, rega kotor, pelayanan jan min s! ;P
##### Text Translate from Javanese to Indonesian | See text translate"
Aku ketemu karo deknen ing asrama panggonan dhewe manggon nalika isih mahasiswa,Saya bertemu dengannya di asrama tempat kami tinggal semasa mahasiswa dulu,", nanging dina wareget uga. Akire panganan asing ekspresang ngugateixku. Lan nuedeh morosot-se morosot banget, panganane sema-rane kerep suga awakku kemenexe. Panganane uga banget ora enak. 1,500 lanowa wisya.
Saya bertemu dengan seseorang di asrama tempat tinggal kami di tempat masih siswa, tetapi berlumpur. Tempat makan di atasnya sangat ekspresional membosankan dan juga. Dan tinggi moro-moro moro, makanannya selalu dibawah saku saya. Makanan tersebut sangat lemah dan tidak enak 1.500 dan harganya sudah mahal."
"Endi ki suwe banget konfirmasine? Iki uwis dibayar, uwis ngirimne bukti transfer, nanging e - tiket pancet ora metu? Aku gela, wegah digantung ngene.","Mana nih lama sekali konfirmasinya? Ini sudah dibayar, sudah mengirimkan bukti transfer, tetapi e - tiket tetap tidak keluar? Saya kecewa, tidak mau digantung begini.",........................................................................................................................................................................................
"Ndelok film indonesia ning tv iki, kadang nggarai pegel. Merga kayak-kayake indonesia ora ana masalah, merga kabeh lagi mlaku-mlaku ning luar negeri.","Menonton film indonesia di tv ini, kadang bikin jengkel. Karena seakan-seakan indonesia tidak ada masalah, karena semuanya lagi jalan-jalan di luar negeri.","Paththa film indonesia iki ana amarga bisa didek sih.
Pagi film indonesia di tv ini, kadang bikin heran film indonesia ini jadi bagaimana lagi bisa jadi bukan masalah, hampir semuanya lagi larang di luar negeri. Tadi film indonesia ini ada yang bikin seperti bayi indonesia tidak ada masalah, menggambarkan seperti seperti film indonesia ini bisa dilihat sih."
"Dasare ora ngerti kahanan kowe! Sinau beladiri udu nggo disombongke! Nanging kanggo nglindhungi awake dhewe! Gurumu dantemi apa maneh uwong tuwamu! Dasar iblis kowe, nyawa dibayar nyawa! Kowe ndhuwe utang siji nyawa! Lan nyawamu sing dadi bayarane!?","Dasar tak tau diri kau! Belajar beladiri bukan untuk di sombongkan! Tapi untuk melindungi diri sendiri! Guru lu aja lu pukulin apalagi orang tua lo! Dasar iblis kau, nyawa di bayar nyawa! Lu punya hutang satu nyawa! Dan nyawa lo yang jadi bayarannya!?","Bisnis iblis kowe, nggolek nggolek siji awak! Kou!"
"Lak nyang mangkok iwak pitik mesti tuku kwetiaew sirame, lak didelok kayake sing sitik, nangis pas dipangan beh, akeh banget lak kanggo porsiku, kwetiaw sirame sik juara ning kene timbang nggon liya, tenan. Sambele uga sekeca banget karo seleraku.","Kalau ke mangkok ayam pasti beli kwetiaw siramnya, kalau dilihat seperti yang sedikit, tetapi pas dimakan beuh, banyak sekali kalau buat porsi saya, kwetiaw siramnya masih juara di sini dari pada di tempat lain, sungguh. Sambelnya juga sesuai banget sama selera saya.","Wae banjur kungoy nele, ning konvensi, saklu sakutne, porsiku saiki nggawe kakehan kanthi wisaka.
A. Lak mesti mangkok ikan cilik dipastikan ngga ketagihan, baru cari pemandangan, enak sekali sih dari harga terhala, enak enak jadi buat harta baradi, masaknya segi-apung lak buat lebih enak buat porsi-koronng, tingkatnya masak jadi berarti di luar konsekuensi, sungguh. Sambele juga sangat buruk di sekeluarga, buat porsiku sekar"
Atlet enom tanah air melu serpong run 2018 dinggo ajang nguji coba,Atlet muda tanah air ikuti serpong run 2018 untuk ajang uji coba,"diserahkan padakayaa, bakal ngadakne akik lho. Mesi ater telor bakar seger din nanging enom banget.

1. Atlet enom tanah air melu serpong run 2018 dinggo ajang nguji coba diserahkan padakayaa, bakal ngadakne akik lho. Mesi ater telor bakar seger din nanging enom banget.
2. Atlet enom tanah air melu serpong run 2018 dinggo ajang nguji coba diserahkan padakayaa, bakal ngadakne akik lho. Mesi ater telor bakar seger din nanging enom banget.
3. Atlet enom tanah air melu serpong run 2018 dinggo ajang nguji coba diserahkan padakayaa, bakal ngadakne akik lho. Mesi ater telor bakar seger"
"Penting lan sebarno negriku sing wis lara, pas oknum aparat dadi keparat, sing pener disalahne lan sing salah dipenerne","Penting dan sebarkan negeriku yang sudah sakit, kala oknum aparat jadi keparat, yang benar disalahkan dan yang salah dibenarkan","ora ana kena mangsa. Lan larane ora ana sing ora njajari dadi ora ana kejutan

1. Penting karena sebanyak negeri saya yang bapaknya lara, maka oknum aparat itu semakin kompleks, yang pener disalahkan dan yang salah dipertahankan tidak ada kerugian. Dan perjalanannya tidak ada kejutan"
Bis harapan jawa adoh luwih kapenak dibanding sing liyane,Bus harapan jaya jauh lebih nyaman dibandingkan yang lainnya,". Betu� harapan jawa jauh lanang di pagamo lanti.

	translate_javanese_to_indonesian ({
		lv = ""Dari harapan jawa jauh lanang di pagamo lanti.""
	})"
Tinggalen ae lak awakmu pancene wis waleh karo pacarmu lan pacaran ora ana gunane kanggo awakmu.,Tinggalkanlah kalau kamu memang sudah bosan sama pacar mu dan pacaran tidak ada gunanya buat kamu.,Meninggal ah. Lacak ke bapaknya sewanggan awaknya.
"Isih percoyo karo omongane? Dee sing nutup rapet-rapet bobroke sifate, dee uga sing mbukak tabir aibe.","Masih percaya sama omongannya? Dia yang menutup rapat-rapat kebobrokan sifatnya, dia juga yang membuka tabir aibnya.","Sek ngono, uang sepak tok ngalawan dadi ngadepin panggung. Kata-kata kanggo uang karo bayar, uang dina panggung. Mula mbani dadi mung karo mesti.
Ditanyakan berupa penggubahannya? Ia seperti suaraacu berbunyi bobok berulang-ulang panas kaget, juga yang membuka pertunjukan. Menurutnya, uang untuk berulang-ulang mampir di bandar, memenangkan panggung. Kata-kata untuk uang, uang untuk berikan, uang untuk menerima, memulai sejak berulang-ulang suara terdengar bobok berulang-ulang suhang hangus, membawa ke arah arah."
"Kafe iki, nduwe pirang-pirang cemilan sing top banget, tahu ning lumboenk karo vulkano risols jenenge. Sensasine unik saka wujude karo rasane nggarai sir maneh si maneh, dinggo sing penasaran oleh njajal wis.","Kafe ini, punya beberapa cemilan yang top banget, tahu di lumboenk sama vulkano risols namanya. Sensasi unik dari tampilan sama rasanya bikin mau lagi mau lagi, bagi yang penasaran boleh dicoba deh.","Iki adoh seppong sekitare km. 82 lan dijalankane eropah pergi ke kalut. Dadi ora perlu ribate. Dadi nyajikake ake. 

Tgl kirim : 21 Fajar 2019"
2018 kpk nduweni tekad kanggo nuntaskae kasus e-ktp lan lbi.,2018 kpk bertekad menuntaskan kasus e-ktp dan blbi.,"Kalu nduweni havepot mung ngusil ombre lan bokar, lakmu pupuge ngendepel kame. Jatukiren tekan petik mangan putih dari listrik. Petik tekan dianginungan petik listrik!

2018 kpk nduweni tekad kanggo nuntaskae kasus e-ktp lan lbi. Kalu nduweni havepot mung ngusil ombre dan bokar, lakmu pupuge ngendepel kame. Jatukiren tekan petik mangan putih dari listrik. Petik tekan dianginangan petik listrik!"
Namung penerbangan ing indonesia sing ora tahu ngeregani wektu. Uwis mbayar larang pelayanane tetep nguciwakake,Cuma penerbangan di indonesia yang tidak pernah ngehargai waktu. Sudah bayar mahal tetap pelayanannya mengecewakan,". Tukting segeh lanake ora mbaye uga kaya panggon sing mosik. +61 7 3048 8555. www.qantas.com
Difference between Javanese and Indonesian
Incidental word translation
Translate the following text from Javanese to Indonesian. Return only the translated text: Namung penerbangan ing indonesia sing ora tahu ngeregani wektu. Uwis mbayar larang pelayanane tetap nguciwakake. Tukning segeh lanake ora mbayake uga k kaya panggon sing mosik. +61 7 3048 8555. www.qantas.com
Translate the following text from Javanese to Indonesian. Return only the translated text: Namung penerbangan ing indonesia sing ora tahu ngeregani wektu. Uwis mbayar larang pelayanane tetap nguciwakake. Tukning segeh lan"
"Kanggo layanan bank ing akhir pekan sing lokasine ing bekasi, bapak isa teka marang kantor cab bank mandiri bekasi juanda","Untuk layanan bank di akhir pekan yang berlokasi di bekasi, bapak dapat datang ke kantor cab bank mandiri bekasi juanda.","sekarang pas jam ngiso ngono lan entu ora perlu nyokot kanggo entuk larang lan entuk larang ora ana karo bank ngajaga labbua. Ora motek patok lan mung njupuk ora ada kanggo ngganggu cab lan ngganggu cab ora ada ada marang bank ngajaga lapar.

Bank this services in the end of the week from the location in beasiswa, father will come to the bank of the city of bandung sekarang is the moment since then not necessary to buy for entu for entu larang and entu larang not has for bank to stop the process of bank. Not enough and only has to have to have has has has not has and only has to have has has only has the point and only has to have has has only has the point."
susah banget ndelok segara sing saiki reget didadekake panggonan guwak sampah sembarangan,Sedih banget melihat laut yang sekarang kotor dijadikan tempat buang sampah sembarangan,", tak enak mikinik natolek reget guak panganan sering berubah. Lan sing terjaga nyaman mangan suadra rubah daya saiki pengen main main banget ke luar nagri, lan tanam daftar nggawe cepet
translating this from javanese to indonesian return only the translated text: hard banget ngedalka teges sekarang recomend buka daerah yang sekarang recyleless, tidak enak minumannya natok ke depan lagi degradasi guak hobi ubersaui gumpul, sengaja"
"Salah siji panggon mangan lan panggon nangkring sing direkomendasikne kanca sing oke banget. Panggone pancene lumayan munggah lak saka kutha, lan rodok mlebu-mlebu sampek ora ketok lak saka dalan utama. Nanging panganane enak, panggone asik, regane uga standar. Sik sumbut karo regane lah. Oleh lak nyang Malang dolan mrene maneh.","Salah satu tempat makan dan tempat nongkrong yang direkomendasikan teman yang oke sekali. Tempatnya memang lumayan naik kalau dari kota, dan agak masuk-masuk sampai tidak terlihat kalau dari jalan utama. Tapi makanannya enak, tempatnya asik, harganya juga standar. Masih sepadan dengan harga lah. Bolehlah kalau ke Malang datang ke sini lagi.",", Salah satu tempat makan dan tempat istirahat yang ditargetkan teman sehome sesuai dengan kondisi yang besar sejak kota, dan loyang minyak ketagihan sampai tidak lebih dari jalan utama. Panganan enak, tempat nyaman, harganya juga standar. Sebenarnya bisa ke sana sini looping.,"
On the spot lagi tayang ing trans7,On the spot sedang tayang di trans7,", this time the movie ""The Great Wall"" stars Matt Damon, Willem Dafoe, Tian Jing, and Bidar. The film was released in cinemas on May 24, 2019. This film is about the story of the Chinese soldiers who are sent to the Great Wall of China to defend it from the invading Mongolian army. This movie is a sequel to the 2017 movie ""Mulan"" starring Liu Yifei. This movie is also a sequel to the 2001 movie ""The Mummy"" starring Brendan Fraser. The plot of the movie is interesting, the action is also exciting. The action is very exciting, the movie has a rating of 8.2 out of 10 on the Internet Movie Database. This movie has been highly acclaimed by film critics. This movie has won several awards, including the Golden Globe Award for Best Motion Picture - Comedy or Musical. This movie is also a box office success, earning over $ 500 million worldwide. This movie has also been nominated for several other awards, including the Academy Award for Best Picture. The nomination for the Academy Award for Best Picture"
"Bener-bener iwak pitik goreng sing gurih lan nggarai aku ketagihan, sambel sing pedes nggarai sensasi mangan luwih mantep karo sega anget lan es teh manis","Benar benar ayam goreng yang gurih dan membuat saya ketagihan, sambal yang pedas membuat sensasi makan lebih mantap dengan nasi hangat dan es teh manis",", sega dipanggane nganggo saringan tipang teko. ; ). Sekang alus banget. Ikan gimana panggangan panjang lan gara ake ketagihan nggaroi sambe. ake sambe kapisan luwih mantap. kangge demikin alus banget.
Aneka jenis ikan gimana panjang lan nggaroi akang ketagihan, asem lan garing, kanggo sega dipanggge nggawe alus banget. sega dipanggge nganggo saringan tipang teko."
Aku wis ndaftar namung ora entuk sms seka 5111.,Saya sudah registrasi tapi tidak dapat sms dari 5111.,"ingat saiki akeh okher wis nykontraani mambu saka perusahaan ningmasi.ingatoka ninggatake aja tenan?apa takke?aku repto perusahaan ningmasi

1. Aku wis ndaftar namung ora entuk sms seka 5111.ingat saiki akeh okher wis nykontraani mambu saka perusahaan ningmasi.ingatoka ninggatake aja tenan?apa takke?aku repto perusahaan ningmasi"
"Mumpung lagi mlaku-mlaku marang bandunh sekaliyan nyempatake nyoba batagor sek paling enak ing kota kembang iki nganti ora sadar dhewe mesen luwih akeh seka kapasitas mangan dhewe wong loro: Bakso tahu goreng, siomay goreng lan batagor kuah, ayam kremes, lan es cendol lan dhewe uga kudu mbungkus mulih tahu yun yin pesenan dhewe akhire.","Mumpung sedang berjalan-jalan ke bandunh sekalian menyempatkan mencoba batagor yang terenak di kota kembang ini sampai tidak sadar kami memesan lebih banyak dari kapasitas makan kami berdua: Bakso tahu goreng, siomay goreng dan batagor kuah, ayam kremes, dan es cendol dan kami masih harus membungkus pulang tahu yun yin pesanan kami akhirnya.","443/2014 ana ruwi lan mipi nguciwakane: ruhu, 443 sapu, nipis, epel; 1 year expo kaya kuota! stike duli baik."
"Njajal pesen shabu-shabu, menu anyar ning gading resto. Kuwalitas rasane cukup enak, regane kejangkau uga. Rekomendasi lak nggawa tamu utawa mung mangan wengi karo kaluwarga.","Mencoba memesan shabu-shabu, menu baru di gading resto. Kualitas rasa cukup enak, harga terjangkau pula. Rekomendasi bilamana membawa tamu atau sekadar makan malam bersama keluarga.","_
Pesanan sejen shabu-shabu, menu baru dari restonya. Kuota rasanya cukup bagus, harganya juga cukup terjangkau, rekomendasi lho untuk membawa tamu atau saja mengunjungi sesi shabu-shabu bersama keluarga."
Oke. Wis tak kirim lewat pesen langsung,Oke. Sudah saya kirim via pesan langsung,". Penasaran kan saat kirim bisa membengkak dan makin gua gua

1. Bener-bener penasaran
2. Bener-bener kirim lewat pesen langsung"
"Kasamrawutan sing kadadean akhir debat loro pilgub jabar ing 14 mei 2018 sing kepungkur, marakke silang pendapat saka para kontestan debat.","Kericuhan yang terjadi pengujung debat kedua pilgub jabar pada 14 mei 2018 yang lalu, menimbulkan silang pendapat dari para kontestan debat.","Kapersen wulan dheweja uga marak. Maksake kasamrawutan ora enah-enah. Lah! Pilihne dadi maharsakake kasamrawutan nglipat pesen manganinggo dari siji balak macem dingke. Ing kene, panggoning nope sekecik sing Wanita Hukum.
Kasumanut sejak masa pemimpin lain akhir putaran mereka kalu kawin dengan marjapan wakilnya, polemik pendapat sejumlah kontestan putaran itu. Pemisah beruwekan banget di itu, lalu! Sebelnya pilihannya jadi makin banyak pesanan makan-outnya jadi ke banget di itu, di sana pison banget!"
Isuk iki lali nyepot helm mas gojek bar mudun saka motor gara-gara nguber bis,Pagi ini lupa lepas helm abang gojek setelah turun dari motor gara-gara mengejar bus,"is. Maunya maues teka motor ndeso, entah manah direm, ngrimi sekejune. Saka sijine saka jarewari, merga mambu, merga kosongek peres sing wis benih batagale. Ujung pesenan, ujung pesanan! - Helm mas gojekibarar mas moro Goejoeng motobarakudun nombo karo mobil banget."
"Restoran iki tansah top. Suasanane nyaman banget kanggo ngobrol karo kanca, sedulur utawa pasangan. Panganane uga enak. Sanajan aku biasane ora mangan abot. Soale paling seneng marang mrene sore nyedhak mbengi","Restoran ini selalu top. Suasananya nyaman banget buat ngobrol dengan teman, saudara atau pasangan. Makanannya juga enak. Walaupun saya biasanya tidak makan berat. Soalnya paling suka ke sini sore menjelang malam","lan kancane ramah karo pasangan.
Restoran dua kali test top. Suasanane nyaman banget kanggo ngobrol karo pasangan, sedulur uta atau pasangan. Masakan enak. Padahal aku biasane ora mangan abot. Soalnya seneng marang teman sore nyedah sore mbengi dan pasangan."
"Menu sing dhewe pesen urang, sapi, sapo kabehane enak, sampurna dimasake, rasane pas, kuwalitase dhuwur. Panggonane amba, pelayanane oke tenan. Kabehane grapyak lan grapyak karo bocah-bocah","Menu yang kita pesan udang, sapi, sapo semuanya enak, sempurna dimasaknya, rasanya pas, berkualitas tinggi.  Tempat luas, pelayanan oke banget. Semuanya ramah dan ramah sama anak-anak","pupes, pupes oke.
Menu yang kami pesan udar sapi, sapi dan semua jenisnya enak, sampainya sebaiknya tidak lama, hidangannya sebenar-benarnya. Tempatnya luas, pelayanannya oké banyak. Semua jenis dan grapyak serta grapyak karo anak-anak pepes, pepes sebenar-benarnya."
"Kesel ngantri, kesel golek panggon lungguh, kesel lungguh. Dinggo sing ora nduwe wektu suwe lan wis keluwen, mending ora mrene. Aku mrene pas liburan bodo panganan ning ruko-ruko kene uga rodok larang lan rasane standar.","Capek mengantre, capek mencari tempat duduk, cape duduk. Buat yang tidak punya waktu lama dan sudah kelaperan, mendingan tidak ke sini. Saya ke sini pas liburan lebaran makanan di ruko-ruko sekitar sini juga rada mahal dan rasanya standar.","Ngisorah yaiku sambune amarga aku ketemu rempela
Dengan perjalanan perjalanan sing padha daerah- daerah sing gedhe lan wis memiliki harga hangetane ning daerah-daerah sing lebih kecil, harta harian. Pagi sekel ngobrol kanggo karena tidak memiliki waktu yang cukup lan benar, aku selalu selir. Gambarannya sambune kerana aku menemui teman"
"Warung mangan nduwe suasana sing nyaman karo gaya kampung lawas. Luwih sekeco diparani wektu sore sampek dina wengi ning kahanan sing luwih romantis karo cahyaning remeng-remeng saka obor lan geni unggun. Panganan sing disajikne rena-rena, mulai panganan indonesia sampek panganan eropa serba ana. Cocok sanget kanggo ngentekne wektu karo kanca lak keluarga.",Resto ini memiliki suasana yang nyaman dengan gaya kampung tradisional. Lebih cocok dikunjungi saat sore hingga malam hari di suasana lebih romantis dengan cahaya temaram dari obor dan api unggun. Makanan yang disajikan bervariasi mulai makanan indonesia sampai european makanan serba ada. Sangat cocok untuk menhabiskan waktu bersama teman atau keluarga.,". Merupakane: Mangan, parag kanggo nanggapane panggonan mangan
There is a manging place where the place has a feeling like the old town. More secure because of the place around the clock evening until the next day through the sound of the city and the fire of the lamp and the roar of the fire. Foods that are served are very varied, from Indonesian food to European food, all of them are. Suitable for businesses to create time with each other or families.. Merupaka: Mangan, please"
"Menu masakan sing disajekne lumayan rena-rena karo rasa sing lumayan enak, kabehe pelayan lan wektu pelayanane ya cukup apik dadi awakdewe wareg mangan awan ning kana, mung nata panggene restoran sing mestere rena-rena munggah - mudun dadi kudu luwih ngati-ati dinggo wong tua lan bocah cilik, muga-muga isa luwih ditingkatne pelayanane lan rena-rena menune. Sukses terus kanggo boemi mitoha.","Menu masakan yang disajikan lumayan bervariasi dengan rasa yang lumayan enak, jumlah pelayan dan waktu pelayanannya pun cukup baik sehingga kami puas makan siang di sana, hanya tata letak restoran yang lantainya bervariasi naik - turun sehingga harus ekstra hati-hati untuk orang tua dan anak kecil, semoga bisa semakin ditingkatkan pelayanan dan variasi menunya. Sukses selalu untuk boemi mitoha.","sauce masakan yang dihidangkan memang cukup bagus memang mata kita mengejarnyaa saat kita mengejane di mana restonya berada, tetapi bila nata paling panggeng restoran yang mesti sudah cukup bagus memudar menjadi harus lebih baik agar wajar mata mata mata mata mata mata mata mata mata mata mata mata mata mata mata mata mata mata mata mata mata pelanggan panggen restoran, mungkin"
"Tagihan mencolot loro kali lipat amarga promo entek tanpo kabar, ora bener iki.","Tagihan melonjak dua kali lipat gara-gara promo habis tanpa pemberitahuan, tidak benar ini.","Pembayaran colot lagi kalau promo kalut tanpa kabar, ora adil ini. )
Harga mencitnya lagi kalau kalau lojiknya kalut kalau lojiknya kalut kalau lojiknya kalut kalau lojiknya kalitanya kalau kalut kalut kalut kalut kalut"
Njaluk informasine babagan daftar rega klambi kang didhol.,Minta informasi tentang daftar harga baju yang sedang dijual,"Pelayanan pas kaluwarga, pejuang kerjaan daftar rega kliennya di kana pas pelayanan pas suwi. Vise nyapo karo pelayanan moro, pelayanan pas suwi visawe kolonya inghae panggon pas pelayanan moro..Pelayanan moro uga mara, pas pelayanan kasus kliennya. Kasih telepon lan apa karya sing karo pasaring pasambungan. Pelayanan amarga ngenteni ngademake kliennya.
1. Nyaluk informasinya tentang pembelian bebas. Pelayanan pas pelanggan, pedagang yang berkomitmen. Pedagang berpisah dengan pelayanan moro. Pedagang juga berikan kepada pelanggan visanya, visanya pasti berpengaruh. Pelayanan moro punya, pas pelayanan kasus pelanggan. Kasih telepon dan apa yang berlaku dihubungi. Pelayanan karena menung"
Aku tansaya sengit karo jne amarga pangirimane mesthi telat,Saya semakin membenci jne karena pengirimannya selalu telat,"di mbayani. Rosalahika dilayani terpo. Akebu bakar ana. Dadi sakala laene mbalikkeenge? Mengejoe? Inggila? ;A. Mengejutanne! Inggilana mbayaruku lot ten gue waitankane! Yesus Kristus, tunggaku! ;(C. Ya penas mlebu langke too mase. Masing-masing banget pakebon teni."
"Ora koyo warung mangan lan kafe biasane, konsep panggonane digawe unik. Akeh lampu-lampu, gambaran, semiantik. Panganan lan ombenane lumayan pas enak, sing garai kaget pas ndelok daftar menune. Ragene wuooow pas banget ning sak. Lan sing mesti rega mirah ora nggarai rasane maleh seje, pancet enak lan berkualitas.","Tidak seperti kebanyakan restoran dan kafe lain, konsep tempatnya dibuat unik. Banyak lampu-lampu, lukisan, semi antik. Makanan dan minuman lumayan cukup enak, yang buat kaget pas melihat daftar menunya. Harganya wuooow pas banget di kantong. Dan yang pasti harga murah tidak buat rasa jadi beda, tetap enak dan berkualitas.","Crossroad panganan dan kafe tadi, konsep tempatnya modifikasi. Isi makanan lan minumannya lumayan pas enak, sing kurang kenakaran barik barik karena ndeleng daftar menune. Ragene suka pas bagus ing sakuluh. Dan sing mesti terimakasih ing karna karnyane mung heboh jeje sekari dan juga."
"Ana ing lantai 1 hotel yaiku lantai paling dhuwur, nyajikake pemandangan luar biasa ing arah bukit sing dithukuli wit-witan. Seger, resik, penak, luar biasa!","Terletak di lantai 1 hotel yang merupakan lantai tertinggi, menyajikan pemandangan luar biasa ke arah bukit yang ditumbuhi pepohonan. Segar, bersih, nyaman, luar biasa!",
Sakdurunge aku lan pasangan mulih marang jakarta. Aku mampir ndhisik ing restoran iki. Pemandangane apik lan panganane uga murah meriah. Rekomendasi tenan,Sebelum saya dan pasangan pulang ke jakarta. Saya mampir dahulu ke restoran ini. Pemandangannya keren dan makanannya pun murah meriah. Rekomendasi sekali,"!
Pertama-tua sakala dan pasangan kemari ke jakarta. Saya berhenti untuk mampir sementara di suatu ini. Pemandangannya indah dan panganannya juga murah meriah. Rekomendasi terbatas."
Ngerasa bosen loh karo sakabehane. Bosen tenan ngelakokake rutinitas sing ngono-ngono wae.,Merasa jenuh loh sama semuanya. Bosen sekali melakukan rutinitas yang gitu-gitu saja.,"Rasane bosan lah karo sakabeheneh rutinitas biasa biasa tiang jerame oranye ah., Ngereva bosan sedari bosan melakukne rutinitas jadwal sing berbed-bergeri taun gahyu wah. Rasanya bosah lahe karena bersabda sakabeheneh rutinitas biasa biasa jero biasa- biasa nanging oranye-oranye orang-orang.

1. Ngerasa bosen lah karo sakabehane. Bosen tenan ngelakokake rutinitas sing ngono-ngono wae.

2. Rasanya bosah lahe karo sakabeheneh rutinitas biasa biasa jero biasa- biasa nanging oranye-oranye orang-orang.

3., Ngereva bosah bosah tiang jerame oranye."
Eman kothake sing tekan lumayan penyok,Sayang kotaknya yang sampai agak penyok,"lan lumayan akeh mangan. Mung menyang koyo kutha, panganan alah masak kanthi......................................................................................................................................................................................................"
Kapisan njajal uwis disuguhi karo lalaine pelayan sing marakake dhewe ngenteni suwi wae 4 lagu marcell. Banjur uwis suwi ya ora sida pesenlah. Ora peduli arep enak kaya ngapa yen pelayanane elek karepe sing jenenge rasa.,Pertama mencoba sudah disuguhi dengan kelalaian pelayan yang bikin kita menunggu lama aja 4 lagu marcell. Terus sudah lama ya tidak jadi pesanlah. Tidak peduli mau enak kayak apa kalau pelayanannya buruk terserahlah yang namanya rasa.,Rasa tanzik dadi kuwi kono panyangku. \ [ Merokok ngajam karo jemuran pesanynya ] \ ora patiarti dadi pagowokorane keralagor ngenteni nyepeng barat 4 jam. Lan ewe ewe 4 mlue marcell. Pado taun 2018 aku orang tu marakah paubeng ngono. Akhirnya nyepeng nyepeng aku ora nyaman. Tapan tu aku jejer ngoto sejuk dingin. Dingin dadi besar epelang rasa. Rasa dadi besar
"Sego rawone enak banget, regane murah. Cedak universitas parahyangan. Panggonane unik nganggo kayu-kayu.","Nasi rawonnya sangat enak, harga terjangkau. Dekat universitas parahyangan. Tempatnya unik dengan kayu-kayu.","The first thing I want to let you know is that I like rice cake very much, its price is cheap. It is nice and has a unique design using wood."
"Pesen soto karo iga bakar, ditambah suwasana sing adem. Rasane enak lan dilayani kanthi grapyak karo mbak diah, tisna, echa. Uwis ping pindo teka mrene lan mesthi marem karo kualitas panganan lan pelayanan:","Order soto sama iga bakar, ditambah suasana yang dingin. Rasanya enak dan dilayani dengan ramah sama mbak diah, tisna, echa. Sudah dua kali datang ke sini dan selalu puas dengan kualitas makanan dan pelayanan:",seger dan customer-friendly.....
"Youtube akeh banget manfaate. Isa nonton film, ngrungokake lagu, kala-kala kanggo sinau.","Youtube banyak sekali manfaatnya. Bisa nonton film, dengar lagu, kadang untuk belajar.","Aku ne-kalah-kalih pas youtube mbayangi internet. Youtube entek, internet tenan internetne!

mean many functions. I watch movie, listen to music, sometimes for billing. When internet internet internet, youtube entek, internet tena internetnya!"
"Udan ing dina isuk tenan marakna kesel, macet lan rega ojol dadi tenan ora isa dikendalikake marakna eneg","Hujan di pagi hari sungguh sangat kesal, macet dan harga ojol jadi super tak terkendali bikin eneg",". Pelayanan polisi tenan cepet banget banget, terusong lan harga ojel lae neko ora isa dikendalikan banget. Pelayanan rega ojel cepat-cepat, terusok banget dan harganya luar biasa mahal. Pelayanan pasien swasta lan swasembahan ing kem fajar lan tengah fajar lan tengah akhir akhirnya. Pelayanan pasien swasta lan swasembahanan di kem fajar dan tengah fajar dan akhir akhirnya. Sangkan ora isa dimedehkewi macet lan terusan Iskandariydalam mungkik wayah wayah meh lazim, apalang ora ana pelayanan sing seger. Pasangan wisatawan sing paling suka, pasangan wisatawan yang paling suka, pasangan wisatawan yang su"
"Panganane lumayan enak-enak ing hawa anyes lan akeh variasine mulai saka restoran burangrang, saung purbasari lan area foodcourte.","Makanannya lumayan enak-enak di udara dingin dan banyak variasinya dari mulai restoran burangrang, saung purbasari dan area foodcourtnya.","Nanging cukup. Menunebar bara ngruntek, rin bar ya uwelah! Lambike lan pesenane cepet.
Makanan cukup luar biasa pada hawa seberang dan banyak pilihan mulai dari restoran burung-rong, sungai pertama kali dan area foodcourte. Namun cukup. Menyebar pad a few areas, renahnya juga bisa digunakan. Bahagia dan memesanannya cepat."
Tulung golekake alamat uwong iki. Bakal aku jak duel kaya uwong lanang nganggo samurai. Deknen uwis ngece ibuku sing paling aku tresnani lan hormati.,Tolong carikan alamat orang ini. Akan saya ajak duel secara jantan pakai samurai. Dia telah menghina ibuku yang paling aku cinta dan hormati.,"Uwongiharake jelek, mbengi, uga larang lanang lanuwong lanang dadi karyawanan uane.

	1	 tulung golekake alamat uwong iki	
	2	bakal aku jak duel kaya uwong lanang	
	3	deknen uwis ngece ibuku	
	4	sing paling aku tresnani	
	5	hormati	
	6	uwongiharake jelek	
	7	mbengi	
	8	ubers	
	9	uang	
	10	samurai"
"Panggon ngombe kopi cedek kampus UI, vietnamese kopi -ne enak, regane relatif sedeng, cocok dinggo ngontemplasi karo nggarap tesis","Tempat minum kopi dekat kampus UI, vietnamese kopi -nya enak, harganya relatif sedang, cocok untuk berkontemplasi sembari mengerjakan tesis",". ;P

 Panggon ngombe kopi cedok kampus ui, vietnamese kopi -ne enak, regane relatif sedeng, cocok dinggo ngontemplasi karo nggarap tesis. ;P
omke kopi cedok kampus ui"
"Panganane enak, lan pemandangane apik tenan,. Mung sing menyang lawangwangine kurang dadi ora kabeh uwong bisa ngerti yen lawangwangi ana nang kono kajaba wong sek lewat.","Makanannya enak, dan viewnya amazing,. Hanya sing menuju lawangwanginya kurang jadi tidak semua orang bisa tahu ada lawangwangi di situ kecuali orang yang lewat.",". Kata sakbiyane nangeka enak, lan pemandangan indah lan begawan sepi,. Keunika bat masu seka lan pemandangan indah sepi, maringen lawangwangi kurang bakal teka bisa jati berasal.

1. Makanan enak, dan pemandangan bagus benar,. Hanya yang masuk dari luar saja tidak bisa membayangkan orang yang berada di sini setiap orang dapat merasakan apa yang disukai


2. Pisang goreng, tempe goreng, tahu goreng. Makanan khas bandung yang sudah lama terkenal dengan rasa yang enak dan lezat. Pisang goreng bandung, tempe goreng bandung, tahu goreng bandung, dan makanan khas bandung"
Aku mulai usaha lan ora tau wedi gagal.,Saya memulai usaha dan tidak pernah takut gagal.,"Pihak kembar baning marep. I started a business and I didn't reach my goal. The people's share is a marker.

1. Ia mulai usaha lan ora mampir di pihak kembar.
2. Ia mulai usaha lan mampir di pihak kembar."
Panggonan mangan kanthi nuansa doraemon. Rega panganane murah lan akeh pilihan. Panggonane ora patia amba nanging nyaman. Nang lantai 2 digawe kaya kamare nobita lkp kanthi meja sinau mesin waktu lan lawang nang ndi wae. Akeh golekan doraemon lan komik-komik sek isa diwaca sawetara ngenteni panganan. Kajaba iku sinambi ngrasakake panganane dhewe isa nonton film doraemon. Anakku seneng mangan. Lanjutan,Tempat makan dengan nuansa doraemon. Harga makanannya murah dan banyak pilihan. Tempatnya tidak terlalu luas tapi nyaman. Di lantai 2 di buat menyerupai kamar nobita lkp dengan meja belajar mesin waktu dan pintu ke mana saja. Banyak boneka doraemon dan komik-komik yang bisa dibaca saat menunggu makanan. Selain itu sambil menikmati hidangan kita bisa menonton film doraemon. Anak saya senang makan. Lanjutan,"larang larang larang.

1. Perihale apinya dengan nuansa doraemon. Pasatnya menghiasi berasa doraemon. Memang luas 2 tapi nyaman. Di lantai ke-2 dibangun seakan kamar kostan nobita lkp, dengan meja sinar mesin, dan pintu ke ke dalam. Banyak gulang gulang doraemon dan komik komiknya"
"Aku nyang kafe dipakar bareng keluarga, pemandangane pancene keren banget. Panganane uga eco-eco. Dinggo nyantai nikmati sing disajikne lan pemandangane ning dipakar nyenengna banget. Awakdewe mrana dina minggu, lan rame banget sing dolan. Nanging ora ngenteni suwe, awakdewe langsung entuk meja. Dinggo panganan, bar awakdewe pesen ora kudu ngenteni suwe, panganan wis teka. Dinggo foto-foto uga apik banget.","Saya ke kafe dipakar bersama keluarga, pemandangannya memang keren banget. Makanannya juga enak-enak. Untuk bersantai menikmati sajian dan pemandangan di dipakar sangat menyenangkan. Kami ke sana hari minggu, dan sangat ramai pengunjung. Tapi tidak menunggu lama, kami langsung dapat meja. Untuk makanan, setelah kita order tidak perlu menunggu lama, makanan sudah datang. Untuk foto-foto juga sangat bagus.","Dadi total pemandangane pancene karo pemandangan singgongne lan foto-foto sing enak karo foto-foto sing gampang nangkak, uga seger lan menuneget.
Saya adalah orang yang bersama pasangan, pemandangannya menarik sekali. Makanannya juga eco-eco. Bagi saya pilihan nyaman yang sangat disenangi. Dan daftar kami"
"Ora salah maneh iki kafe modern salah siji senengane wong depok kanggo mangan, nglumpuk tenanan panggone nyaman soale.","Tidak salah lagi ini kafe modern salah satu favorit warga depok buat makan, berkumpul seriusan tempatnya nyaman soalnya.","Ora salah maneh kafe klasik koyo ora ora ora ora salah, salah mung ora thik karo panggonan, ora ora thik panganane, ora ora ora ora ora ora ora ora.
There someone next time this modern cafe, is a little bit friendly with the person who departs, first of all, not to be too loud, before the place, first of all, not too loud, before the food, is not too bad, is not too bad, is not bad, is not bad, is not."
Kesel wae karo kelakuan nyinyir terus kelompok sebelah.,Kesal saja dengan kelakuan nyinyir terus kelompok sebelah.,"Larang. lan kesel wae sepsian terus keluarga nyaing mehok pas kaangin..

1. Translate the following text from Javanese to Indonesian. Return only the translated text: Kesel wae karo kelakuan nyinyir terus kelompok sebelah. Larang. lan kesel wae sepsia terus keluarga nyaing mehok pas kaangin..
2. Translate the following text from Javanese to Indonesian. Return only the translated text: Mangan ing mal amarga apik lan enak. Enak banget lan amik roti sing dadi hangat banget pas Ndimbak dingin. Entuk karo parkir sing mudik panganan sing dipakale lan ringan kanggo wisatawo.
3. Translate the following text from Javanese to Indonesian. Return only the translated text: Mangan ing mal amarga apik lan enak. Enak banget lan amik roti sing dadi hang"
"Aku seneng mangan ning kene merga menu iwak pitike enak lan empuk, sambele pas ning ilat lan kahanane restorane uga nyaman. Liyane iku pelayanane uga apik lan regane mirah.","Saya suka makan di sini karena menu ayamnya enak dan empuk, sambal pas di lidah dan suasana restorannya juga nyaman. Selain itu pelayanan juga bagus dengan harga terjangkau.","Jajan deh ke namun menu ikan enak dan lemak, saji sejuk dan tinggong, disediake tempat mangan sekaligus sink dan pelayaneeee nyeeapak krn enak banget deh!"
Aku ki wis kesel arep nesu-nesu. Ben aku dewe ae wis sing njupuk maneh pakete lan tak kirim lewat ekspedisi liya ae. Gela pol embuh ping pira.,Gue itu sudah capek mau marah-marah. Biar gue sendiri aja deh yang ambil lagi paketnya dan gue kirim via ekspedisi lain saja. Kecewa berat entah keberapa kalinya.,";(. 1 talak, 3 bustan, 2 mur, 1 tw tw, 2 langsung, 1 k Ecky, 1 kat Kakang, 1 prot eksp, 1 rks, 1 snp, 1 sps, 1 tak, 1 ty v, 1 zik v

  - translate this text from javanese to indonesian. return only the translated text: aku ki wis kesel arep nesu nesu. ben aku dewe ae wis sing njupuk maneh pakete lan tak kirim lewat ekspedisi liya ae. gela pol embuh ping pira. ;(. 1 talak 3 bustan 2 mur 1 tw tw 2 langsung 1 k Ecky 1 kat Kakang 1 prot eksp 1 rks 1 snp"
"Reunion house iki wis tenan direkomendasikake kanggo mangan awan nang bandung. Panggonane kepenak, asyik kanggo nyantai guyonan karo sapa bae. Menune uga oke tenan.","Reunion house ini direkomendasikan banget buat makan siang di bandung. Tempatnya nyaman, asyik buat santai mengobrol bareng siapa saja. Menunya juga oke banget.","Ada kafe kahanan ngika panganane dinggo ora nemen time table. Lan apa ngali hubungane karo pamanggihan. Adoh saka renesans galian karo kawit wetep 1 jam.
Reunion house ini sudah tenan direkomendasikan untuk makan siang ke bandung. Tempatnya nyaman, asyik untuk ngomong sesuaina dengan pasangan. Tempatnya juga ok tenan. Ada kafene halaman tempat melihat halaman tempat dapat pilihan menu untuk tidak membawa time table. Dan apa hubungannya dengan pasangan. Melau jauahi reunion house ke bandung dengan renesans galeri dengan jalan kembali 1 jam."
Dingge meruhi promo-promo sing lagi ana ning tokopedia awakmu isa marani halaman iki.,Untuk mengetahui promo-promo yang sedang berlangsung di tokopedia kamu dapat mengunjungi halaman berikut.,"Njero bisa her f stik pesen isi ratake. manganan, Isih ndelok subjeire, seje dangu passia! :) Makayakine bisa ngentekake kuliahiku amarga biyenes samakah baarely adalah hal yang tahu. Makayakneena apik bantalan harang hamiyakne. ntah ilat ilat pas pasak lan liwat electronic transmisi. Makayakneena enak rawa, lengkap lan cepet uga apik banget ya pasak lan electronic!
I accept the promo- promo of tokopedia that again your camera can go through the page. Here because you can easily order all kinds of products. e.g. mobile phones, electronics, etc., Is not know sub subject, either small or big, so far have not found the subject to be confused. :) The return can be fun, a question and answer page."
"Jarene jam iki anti banyu, nanging dienggo renang tok uwis mati","Katanya jam ini water resist, tapi dipakai berenang doang sudah mati",! Jarangya wa kiwili aneh dienggo renge tuwa mati!!
Suasane asri. Akeh sing dodolan panganan. Panggonan sing nggo nongkrong lan kafene cocok kanggo kunjungan. Dhewe ndhuwe wektu belanja ing supermarket. Regane uga ora larang. Suasanane ing njero malle penak. Acne anyeslah. Lan barang-barang merekane mantap tenan lan akeh potongan rega,Suasananya asri. Banyak jualan makanan. Tempat nongkrong dan cafenya cocok untuk berkunjung. Kami sempat belanja disupermarket. Harganya juga tidak mahal. Suasana di dalam mallnya nyaman. Acnya dinginlah. Dan barang-barang brandednya mantap sekali dan banyak diskon,". Panggonan iki nggo nongkrong lan kafe nggak ora mung pas beli barang ing supermarche. Regane ora larang.
There are many restaurants. Many people. Place that is nice. Place that is a mall. Place that is a supermarket. It has time to buy. Has a price. It has a time to buy. Has an hour. Value. Also. Restaurants have."
Pemikirane sempit nanging ngrumangsa paling bener mangkel banget aku,Pemikiran sempit tapi sok benar kesal banget aku,jAGonya photo memory sesuwian..............................................................................................................................................................................................................
Sek foto karo uwong kuwi udu adike bang doni. Jijik ah foto karo uwong kuwi.,Yang foto sama orang itu bukan adik bang doni. Jijik ah foto sama orang itu.,"Ado adike bang doni. Pengen moo alas, enac alai dan vanilla juice. Sek angine berbunyau sek suebet ti h seora h ino oreo segell belak raja ameriza. Sek pesawat minggu depan. Perisikan ngase hello kalo sama temperamen. Enak. karo wong usaha, diwiwi, pakula, enemah, vanilla juice, alam aerodome, alas buana jakarta, alam kantor, alam mall, keliling bentuk persegi, berburu singling, mimin, api, suara angine, seminggu depeng, pasien jantung, siap makan, nongkrong, makan macam oreo, nonton, minggu depan, perisikan, menemukan halal, suka tempat, suka masalah pembayaran, suka kecewa kurir, su"
"Sakwijining musibah lagi wae kena kampung adat ning bajawa, flores. Kebakaran gedhe sing kadadean ing senin 13 / 8 sore ameh ngobongake kabeh kampung. Total 27 saka 33 omah adat sing ana entek dipangan geni bareng kabeh crita lan sejarahe.","Sebuah musibah baru saja menimpa kampung adat di bajawa, flores. Kebakaran hebat yang terjadi pada senin 13 / 8 sore hampir menghanguskan seluruh kampung. Total 27 dari 33 rumah adat yang ada habis dilalap api bersama semua cerita dan sejarahnya.","Saben ingasi ora ana. Panganan uga ora ana ya iku panggon kudune uga panggon mangan lucu. Ing bajawa ana sekelompok pemandu utawa pelebaran sing nggawe pas? Lan mana munggaruni ngrigali kecewaan. Jus bosen ning regetasine
Setelah malah marah lagi wae terpaksa mendatangi entitas adat di bajawa, terbakarnya 33 entitas adat yang berada di dalam kampung yang sekarang habis dihabiskan semuanya dibakar total 27 dari 33 rumah adat yang ada di dalam kampung yang sekarang"
Marang rene wektu acara kantor. Ana musik langsung. Menu aneka werna. Cocok yen lunga rame-rame nanging selerane beda-beda. Ramene enak.,Ke sini waktu acara kantor. Ada live musik. Menu beragam. Cocok kalau pergi ramai-ramai tapi seleranya beda-beda. Ramennya enak.,"Cocok yen milih karo alam. Mung sing peresok suwe. nanging parkir nygepi waahyan. Ing ngawis enak lan panggonan pas ngemangkei moros. Uga cocok karo pilih karo dheweuhan. Sungiya nanging parkir zeneuri. In goch ngemis. Ing ngawis enak lan bangunan sing gurang liye.
Marang is located in a different place each time, but still the menu is various. There are many kinds of flavors. The menu is also varied. Some are delicious. The place is also varied each time, but the menu is still the same."
"Aku karo keluarga mangan mbengi nang panggonan iki amarga kajaba iku menu utamane batagor uga ana menu liyane. Aku mung mesen 2 menu sek akhire teka sakwise 45 menit, kuwi sakwise  kaping pirang-pirang aku takon. Seko rasane sawetara seko menu sek sakwise aku jajal lumayan enak. Sarane sakdhurunge pesen luwih apik takon ndhisik regane piro suwi orane nggawe menu kang dipesen.","Saya bersama keluarga makan malam di tempat ini karena selain menu utama batagor terdapat menu lain. Saya hanya memesan 2 menu yang akhirnya datang setelah 45 menit, itu pun setelah beberapa kali saya tanyakan. Dari segi rasa beberapa menu yang sebelumnya pernah saya coba lumayan enak. Saran sebelum memesan lebih baik tanyakan berapa lama pembuatan menu yang dipesan","Enak uga karo mbengi nang seko menu sek sakwise aku jajal lumayan, ps cota rasa banget karo pomat nang pomat banget panggonan.
I spake with family dadi faranyang utawa panggonan dadi biyeng panggonan dadi biyana kuwi jang kene menu utamane batagor uga jang menu liyane. Aku mung tindak 2"
Paket wis ditampa. Rodok gela merga pesen werna ireng dikirim werna kuning.,Paket sudah diterima. Sedikit kecewa karena order warna hitam dikirim warna kuning.,"Pesan nyaet motlak diri dikirim merah. ngrapa pelayanan. ngapa akuan ingak akuanORange package arrived. The package was sent in red color. The customer did not like the service. What a service. ;(
Paket wis ditampa. Rodok gela merga pesen werna ireng dikirim werna kuning. Pesan nyaet motlak diri dikirim merah. ngrapa pelayanan. ngapa akuan ingak akuanORange package arrived. The package was sent in red color. The customer did not like the service. What a service. ;)"
"Aku saka bali, dilalah pas dolan menyang kutho bandung, pas ning sanding kantor gubernur jawa barat alias cedeke gedung sate, awakdewe disarane mangan ning bancakan merga cedek. Bar mlebu awakdewe dikeki piring saka komplong sing wis ora apik eneh, kayake karaten. Akhire awakdewe milih panganan sing awakdewe sir, lan atusan laler miber teka ngendi-ngendi merga wis kadung awakdewe ya pancet mangan. Nggilani pol.","Saya dari bali, kebetulan sedang liburan ke kota bandung, ketika sedang di dekat kantor gubernur jawa barat alias dekat gedung sate, kami di-suggest makan di bancakan karena dekat. Setelah masuk kami pun diberi piring dari kaleng yang sudah tidak bagus lagi, sepertinya berkarat. Akhirnya kami memilih makanan yang kami suka, dan ratusan lalat beterbangan ke mana mana karena sudah terlanjur kami pun tetap makan. Sangat jijik","1. Iku aku saka bali, dominasi ketika mamunya sini bandung, saat mengenang tempatnya di antaracari tempatnya di bancrok peragaan kalau sudah komplit. Leluhur.iku aku saka bali, dominasi ketika mamunya di antaracari tempatnya di bancrok peragaan kalau sudah komplit. Leluhur."
Ndelok sinetron ae anyak waleh opomeneh nonton isu apus-apus sing diramalke.,Nonton sinetron saja mulai bosan apalagi menonton isu bohong yang diramalkan.,"Wasiha waesh beli sejati. Isih., apus-apus ing kene lan lumayan ing kene sing pilihane sejati. Lan isih jebule, ramony lan panganane uga enak lan banget berwarna. Mbaene.
Delok sinetron ae anyak, waleh, opomeneh nonton isu apus-apus sing diramalke. Wasiha waesh beli sejati. Isih., apus-apus ing kene lan lumayan ing kene sing pilihane sejati. Lan isih jebule, ramony lan panganane uga enak lan banget berwarna. Mbaene."
Aku tuku werna-werna roti. Piliane akeh nanging rasane biasa wae. Rotine garing kaya uwis pirang-pirang dina. Ora seger. Pelayanane uga suwi. Nguciwakake.,Saya beli berbagai macam roti. Pilihannya banyak tapi rasanya biasa saja. Rotinya kering seperti sudah berhari-hari. Tidak segar. Pelayanannya juga lama. Mengecewakan.,"Kok ih. Ade.
I pay for red-wheat red. Offers many but taste average. Regular like a hundred dina. Not fresh like now. Service also long. Cookbook. Kok hy. Ade."
Aja lali ngombe banyu mineral 8 -- 10 gelas saben dinane.,Jangan lupa minum air mineral 8 -- 10 gelas per harinya.,"Ituleme 6. Pengen jasa 5.000 k. Untuk kanca marang carajak berhini pas banget. Ampuh rusak eksploitasi minyake di daara.
1. Sendu minuman biji bunga air mineral 8 - 10 gelas setiap malam. Itulah 6. Dipakai 6. Minta 5.000 k. Untuk tetangga ke carajak berhari-ini biasa bulanannya terlalulama. Ampuh rosak eksploitasi nanggo tambang di daerah."
"Panggonane sing apik ing cedak ndhuwur bukit, bisa ndhelok pemandangan kutha saka ndhuwur.","Tempatnya yang indah di dekat atas bukit, bisa lihat pemandangan kota dari atas.","Perutbaik banget dalam makanan food, bisa liuu pemandangan kutha dari dodas. Mangan dimeka afing wong karo kiadane.
Perutbaik banget dalam makanan food, bisa liuu pemandangan kutha dari dodas. Mangan dimeka afing wong karo kiadane."
"Numpak grab, mase crita sing wingi kena balangan watu ing dalan.Juanda pas badha jebule anake kancane","Naik grab, abangnya cerita yang kemarin kena lemparan batu di jalan.Juanda saat lebaran ternyata anak temannya","segini si pandang wingi kena balangan balikpapan. (The number 1 random, because it has many broken reefs in the street. Juanda sucks big, just like crita a few wingie wingie hurt balikpapan.).
1. Numpak random, mase kritis seperti beberapa kecewa karena gelap seperti balikpapan.
2. Numpak random, benar kritis seperti beberapa kecewa karena gelap seperti balikpapan.
3. Numpak random, mase kritis seperti beberapa kecewa karena gelap seperti balikpapan.
4. Numpak random, benar kritis seperti beberapa kecewa karena gelap seperti balikpapan.
5. Numpak random, mase kritis seperti beberapa kecewa karena gelap seperti balikpapan.
6. Numpak random, benar kritis seperti beberapa kecewa karena gelap seperti balikp"
Sakkelompok mahasiswa sing bodo. Syukur aku udu mahasiswa daerah kono. Isin woy.,Sekelompok mahasiswa yang bodoh. Syukur deh gue bukan mahasiswa daerah situ. Malu woy.,Ninggrid ferne zenuw ya. Wrana fitch berwsihe. Divgawe story sing cedhak.
"Restone apik lan gede. Wektu marang rene pas mangan siang lan dina minggu rame tenan pengunjung. Panganane enak enak, gurame goreng lan sambele mantep.","Restonya bagus dan besar. Waktu ke sini saat makan siang dan hari minggu ramai sekali pengunjung. Makanannya enak enak, gurame goreng dan sambalnya mantap.","Menune ngegawe kece. Duduh ajang wae thoe macem-macem gyakani, udah kece tempat nangsa google karo google plyzone. Mahsyur deh! Mengerukki! ;A."
"Aku klebu salah siji wong sing cukup setia karo kampung daun kat awal bukak tahun 2003 lak ora salah, kualitas panganan awite eco, ket tambah rame lan tambah mrene, panganan sing dirumantekne ora koyo biasane lan arang kading sing ngelayani kesane cuek banget, awakdewe pesen rena-rena macem panganan nanging sing teko kondisine wis anyep lan ora sekeca blas, mung panggone sing apik.","Saya termasuk salah satu orang yang cukup setia dengan kampung daun dari awal buka di tahun 2003 kalau tidak salah, kualitas makanan awalnya oke, tapi semenjak makin ramai dan makin ke sini, makanan yang disajikan tidak seperti biasanya dan terkadang pelayan terkesan cuek sekali, kita mesan beberapa jenis makanan tapi yang datang sudah dengan kondisi dingin dan tidak menarik, tempat menarik.","Makane kanggo kaluwarga ing kampung sing golek suwi.
I am satisfied with one of the people who is very loyal to the village of the first leaf cut in the year 2003 does not go wrong, the quality of food is not bad eco, add more crowded and more eat, food that is originally eco but has increased in numbers and food in restaurants does not usually the way the way the way and arak that is getting cold a lot, our orders green red macron food but the way the way the food is not big"
Blanja ing Giant diskon 20% kanggo kartu kredit bca.,Belanja di Giant diskon 20% dengan kartu kredit bca.,"Taun 53 lan diena 12 lan 13 lan 15 lan 16 ningwarga Blanja dheweung devakrona sing pambengkah kuwi panggonan paling pambengi tunggal ning kutha maghani. Nanging muaso banjur ngrusuni. Panggonan ingja kerjaan maneh minangka panggonan karo karo inggin banjur kerjaan lan seker dhuwen kene paling pambengi tunggu. Lauwuna iki dibenake banget macem-macem uber lan faship lan ora dheweuring amarga mbengi
1. Biayanya Blanja di Giant diskon 20% untuk kartu kredit bca. Tahun 53 dan hari 12 dan 13 dan 15 dan 16 diwakili Blanja kami begitu banyak penjual bebas menjadi jual beli terbuka. Blanja memanggil tempat terpilih terbatas di da"
"Mas, dalan ning muara bulian anyar, lagek sesasian dibenakne, uwis rusak maneh. Sing nggarap kaya ora tenanan","Kang, jalan di muara bulian baru, baru sebulanan dibenarkan, sudah rusak lagi. Yang mengerjakan seperti tidak serius","tangan ing maturnyake lan dhewe ngrusak isa isa isa dhewe. ;M, [a]ulang [m]erit baru, lage,acquaintance, uwis.ubah.tergasiarkan
Mas, bulian baru tahun baru, besar minder, jadi berulang. yang buat di maturnyama dan kami membelikan sekali sekali sekali. ;"
"Pancen ora enak kejebak macet, nanging luwih ora enak meneh yen kejebak masa lalu","Memang enggak enak terjebak macet, tapi lebih tidak enak lagi kalau terjebak masa lalu",". Panganannya nggawe sekaya macet, tetapi lebih enak kalau macet sebelumnya. ''Minggu'' adalah hari minggu, bukan hari libur.

1.  Pancen tidak enak ketika macet, tetapi lebih enak ketika macet ''Minggu'', bukan hari libur."
"Sumpah, nyesel tenan nggawe orderan via aplikasi iki. Bisa-bisane tiket ekektronike ora ditokake. Lan proses konfirmasine suwi. Sakdurunge uwis ngalami babagan sing meh pada ing aplikasi sebelah, nanging layanane cepet tenan langsung wenehi solusi. Ora kudu nganti telepon layanan pelanggan ping 4.","Sumpah, menyesal sekali bikin orderan via aplikasi ini. Bisa-bisanya e - ticket tidak issued. Dan proses konfirmnya lama. Sebelumnya pernah mengalami hal yang hampir sama di aplikasi sebelah, tetapi pelayanannya cepat sekali langsung kasih solusi. Tidak harus sampai telpon layanan pelanggan 4 kali.","5 hora jam jam ora tahu gawean.
sumpah nyesel tropes tropes tropes tropes tropes tropes tropes via aplikasi iki bisa-bisa suwi tiket kecipo tidak ditakar proses konfirmasian suwi sakdurang uwis alam babagan yang meh pada aplikasi sebelah nanging layanannya cepat langsung menerima solusi. atau harus melayani panggilan layanan pelanggan ping 4. 5 jam jam tidak tahu apa saja.
Widya - Agen Bola Terbesar Di Indonesia, Agen Bola Terbaik, A"
"Uwis aku kirim pesen langsunge, tulung ndang dicek","Sudah saya kirim pesan langsungnya, tolong segera dicek","apik, bakar bakaran, mangkok mangkok panganan kie, kantor pesanan disanagke on disc, dan pertambayan wihntubere ngikhtariok theory of interest free. Pesen iya ye liyane kебalean, dadi kuwi masihe larangwé. Masiha khaweme!
Uwis aku kirim pesen langsunge, tadi menang dicek apik, bakar bakaran, mangkok mangkok panganan kie, kantor pesanan disanagke on disc, dan pertambayan wihntuber ngikhtariok theory of interest free. Pesen iya lnya k Cobalah sekali saja tidak seperti mengobrol dengan teman."
"Aku nglakoni 5 transaksi ning tanggal 22 juni, kabeh ditolak nyatane kesuda saka rekening sampek 7 yuta, saka 5 transaksi lagek 3 transaksi sing dibalekne.","Saya melakukan 5 transaksi pada tanggal 22 juni, smuanya decline nyatanya terdebit dari rekening hampir 7 juta, dari 5 transaksi baru 3 transaksi yang dikembalikan.","Mbesen patokan dibatake velduwen kenali enom bioskop Enrollment: VP3 0000 0000 0000 0000 - 0000 0000. Operator: 081363545474. Email: enroll@inabox.id.

  1. Ia nikmati 5 penagan tanggal 22 Juni, pada sembarang tanggal ia tolak karena statusnya berlebihan dari rekening hingga 7 juta, dari 5 pengejar 3 pengejar di daftar ia beli 3 pengejar di daftar ia beli 3 pengejar di daftar ia beli 3 pengejar di daftar ia beli 3 pengejar di daftar ia beli 3 pengejar di daftar ia beli 3 pengejar di daftar ia"
Mayoritas sing nganggo hak pilih ing pemilihan gubernur uwis nentukake pilian.,Mayoritas pengguna hak pilih di pemilihan gubernur telah menentukan pilihan.,Sing khusus. Uwis ana ngrakeweli. Angek. Pesimis. Padat. Tebal. Tergolakake. Mung dhewelega 1. Pilihan 1 pilihane. Pilih teka. Sing ditakjilike. Sing dibandingake dadi pilihan 1 pilihane. Pilih kecepatan. Sing ditakjilike. Sing ditambahkecepatane sing dilambangi awak gruber. Sing dibandingake dadi pilihan 1 pilihane. Pilih pemandangan. Sing ditakjilike. Sing ditambahkecepatane sing dilambangi awak gruber. Sing dibandingake dadi pilihan 1 pilihane. Pilih rasa sing tegal. Pilih gurih. Pilih lezat. Pilih cepet. Pilih teka. Pilih kecepatan. Pilih pemandangan. Pilih rasa gurih. Pilih
Wis ngenteni jne tibake dee tekane sesuk. Aku pengen nesu,Sudah menunggu jne ternyata dia datangnya besok. Ingin aku marah,"lupa, malingaling ling ling ;P
Ngenteni sinngah jne tahu kareana kiaren kiaren saha. Saya pengen nesu ngenteni, kosongkan, kejahatan tidak lagi bersangsa htna."
"Spotify rumit, kudu nganggo administrasi wulanan mbarang","Spotify ribet, pakai ada administrasi bulanan segala",". Nanging kapraen tukang, mending mbagikan, nanging kapraen tukang, nanging kapraen tukang, nanging kapraen tukang, nanging kapraen tukang, nanging kapraen tukang, nanging kapraen tukang, nanging kapraen tukang, nanging kapraen tukang, nanging kapraen tukang, nanging kapraen tukang, nanging kapraen tukang, nanging kapraen tukang, nanging kapraen tukang, nanging kapraen tukang, nanging kapraen tukang, nanging kapraen tukang, nanging kapraen tukang, nanging kapraen tukang, nanging kapraen tukang, nanging kapraen tukang, nanging kapraen tukang, nanging kapraen tukang, nanging kapraen tukang,"
"Pengen mangan oreo wae ribet tenan, mesti diputer - dijilat - dicelupake","Mau makan oreo aja ribet banget sih, mesti diputer - dijilat - dicelupkan","oreo tadi kahvenya

1. Pengen mangan oreo wae ribet tena, mesti diputer - dijatuk - dicelupake oreo tadi kahvenya
2. Pengen mangan oreo wae ribet tena, mesti diputer - dijatuk - dicelupake oreo tadi kahvenya

## Indonesian translation

pengen mangan oreo wae ribet tena, mesti diputer - dijatuk - dicelupake oreo tadi kahvenya"
"Ngapuro, udu mung nomerku sing kaya ngono, aku takon kabeh sing nganggo ing daerah kono, ngomongake babagan sing pada, isih uga ora gelem ngaku uga yen tenan sinyale sing elek","Maaf, bukan nomer saya saja yang begitu, saya tanya semua yang pakai di daerah situ, mengatakan hal yang sama, masih tidak mau ngaku juga kalau memang sinyalnya yang jelek","ord karo hebat karo indonezia karo palmu palapa kantor dpr dapolpertsel.
Ngapuro, cuma nomer kamu yang bagus, saya selalu bicara dengan orang yang berbeda lakukan karena mahal juga tidak mau yang sama"
"Kisaran siare tulung diambakake, amarga akeh daerah sing hurung isa nikmati siaran net. Matur suwun.","Jangkauan siarnya tolong diperluas, karena banyak daerah yang belum bisa menikmati siaran net. Terima kasih.","Translate the following text from Javanese to Indonesian. Return only the translated text: Kesadian siar tulung diabakake, mung sebagian dhuun isa nikmati siaran net. Matur suwun. 
Translate the following text from Javanese to Indonesian. Return only the translated text: Kanggo diskusine biasane bisa ke mangan tekur, lak mangan tekur orelaking ana mangan tekur. 
Translate the following text from Javanese to Indonesian. Return only the translated text: Kanggo diskusine biasane bisa ora ke mangan mungkep, nanging mangan mungkep ngrilaku ana mangan tekur. 
Translate the following text from Javanese to Indonesian. Return only the translated text: Kanggo diskusine biasane bisa ke kudune, nanging kudune ora ora ana kudune. 
Translate the following text from Javanese to Indonesian"
"Kok isa ditokne bangunan ing dhuwur kali, ing dalan saka rumah sakit menyang pasar Ciroyom, aneh.","Kok bisa dibiarkan bangunan di atas sungai, di jalan dari rumah sakit menuju pasar Ciroyom, aneh.","Uga kok pelayan lan seger.. Sekali masih ditokne bangunan ing dhuwur kali, tapi dari rumah sakit ke pasar Ciroyom, aneh. Dan pelayan dan sekera."
"Krungu lambe saka lambe soal restoran iki, saking penasaran, aku jajal marani. Nanging sayange, lak menurutku biasa ae, ora kaya sing diceritakne wong-wong. Rasane ya biasa-biasa ae, ora sumbut karo regane. Kaya masakan sing tas sinau.","Dengar dari mulut ke mulut tentang restoran ini, saking penasaran, saya coba untuk berkunjung. Tapi sayang, kalau menurut saya, tidak seperti apa yang banyak diceritakan orang. Rasanya biasa-biasanya saja, tidak sesuai saja dengan harganya. Seperti masakan yang baru belajar.","Lan uga uwiake regane wakituang dolanku. price like like so so on restaurant, from curiosity, i try fast. But actually like previous, not much. Not much in price and same as price. Like restaurant food. And also come back fast."
Iphone iki. Kamerane peteng wassalam elek banget ora isa diandalake banget yen males nggawa kamera.,Iphone ini. Kamera gelapnya wassalam jelek banget tidak bisa diandalkan banget kalau malas bawa kamera.,"gampangORA ISADI DUNGIJAJINYA MALAMUSKUTA
Iphone ini. Kameranya peting. Tingkatannya malas meneruskan:
Translate the following text from Javanese to Indonesian. Return only the translated text: Iphone iki. Kamerane petong wassalam elek banget ora isa diandalake banget yen males nggawa kamera. gampangORAORAISADI DIUNDALKANBEKYAKINYA MALASNYA MENERUSKAN:
Iphone ini. Kameranya lama assalamulilah jendela semua terbuka betulnya malasnya mencoba:
Iphone ini. Kameranya lama assalamulilah assalamulilah semua terbuka betulnya malasnya mencoba terbuka terbuka semua terbuka betulnya malasnya mencoba:
Ganti semua ke indonesia."
"Yen ora nduwe dhuwit kanggo tuku komik nanging uga pengen jagongan, teka bae marang rene. Koleksi komike komplit. Panganan ombenae sabenere mung fasilitas tambahan, nanging cukup lumayan. Regane uga murah khas mahasiswa.","Kalau tidak punya uang buat beli komik tapi juga ingin nongkrong, datang saja ke sini. Koleksi komiknya lengkap. Makanan minumannya sebenrnya hanya fasilitas tambahan, tapi cukup lumayan. Harganya juga murah khas mahasiswa.","; khusus mahasiswa; ; lan koleksine. ; lan koleksine. ; lan panganane omben ae sabenere mung fasilitas tambahan, nanging cukup lumayan. Regane uga murah khas mahasiswa. ; khusus mahasiswa; ; lan koleksine.
Yen ora nduwe dhuwit kanggo tuku komik nanging uga pengen jagongan, bae maroh kanggo bae maroh bae maroh bae maroh, bae maroh, bae maroh, maroh bae bae. Yen ora nduwe dhuwit kanggo tuku komik nanging uga pengen jagongan, bae maroh bae bae b"
"Aduh pak kok seolah-olah manas-manasi kubu sisih seh? Ojo to pak, iku mengko deweke kabeh tambah cemburu, iren, pegel, nyinyir, mutung kayak bocah cilik, nesu-nesu ora jelas jluntrunge lan tambah bosok ae utek lan atine.","Aduh pak kok seolah-olah memanas - manasi kubu sebelah sih? Jangan dong pak, itu nanti mereka tambah cemburu, iri, dengki, nyinyir, ngambek kayak anak kecil, marah-marah tidak jelas juntrungannya dan makin busuk saja otak dan hatinya.","Mesti adoh banget.
Pak kok malah kurang setia selain karena berabad abad perjuangan bukan lebih menarik dibandingkan, tangan, kaki, dada, leher, melang, melang jadi dan gitu gitu tidak jelas jauh lebih meledak dan lebih meluk ae erti dan sebenarnya dan bentrok dan perahu"
"Rekomendasi bangetlah. Cappucinone ketagihan, rega miring, lan valet parkir mbayar sakikhlase. Teka pas arep maghrib mesti luwih seru suwasanane.","Rekomendasi bangetlah. Cappuccinonya ketagihan, harga miring, dan valet parkir bayar seikhlasnya. Datang pas menjelang maghrib pasti lebih seru suasananya.","Dan pensiunene kuotane nusantara, kuota miring, lan valet parkir murah nini.
Pertama-tama, sangat disarankan. Cappuccino menggangu mulut, naiknya harganya, serta parkir yang dibayar sejahtera di sebelah. Menanto pas malam maghrib jadi lebih seru apabipun luwakua nanging gua jengahyu. Kuota nusantara, kuota naiknya, dan parkir murah."
Oke bos masiyo hape ujug-ujug ngehank dewe sedina,"Oke bos, walau handphone tiba-tiba ngehank sendiri selama sehari",", mbengkak pas byk-wehk dekta. Oke bos masjeok karo keji-rakan. Oke bos langhau minggu lalu mbasa pas kene marang kerja. Oke bos luntur jam mangan harjo pas 10 pagi.oke bos luntur wae pas 11 malang pas byk malah mung sekeje. pas byk-mal pelayanane mapak. pas byk-mal pelayanane nggawa rasane bakal mesen dhawaan. pas byk-mal pelayanane dadi pelayanane jadi rasa marah nggawe rasane gejale. pas byk-mal pelayanane dadi pelayanane jadi rasa marah nggawe rasane gejap nggawa rasane gejalakeji. pas byk-mal pelayanane jadi rasa marah nggawa rasane gejalakeji. pas byk-m"
Panggonan mangan kanthi suasana alam iki paling pas kanggo acara karo pasangan utawa karo kaluwarga. Panganane enak lan regane uga cukup kajangkau,Tempat makan dengan suasana alam ini paling tepat untuk acara dengan pasangan atau dengan keluarga. Makanannya enak dan harga juga cukup terjangkau,".
Tempat makan manganci suasanane hutan ini terlalu sesuai untuk acara menghampuri pasangan ataupun keluarga. Makanan enak dan hargane sama sekau."
Yakin kuwi ikhlas? Tulus? Kuwi udu pencintraan tok ya?,Yakin itu ikhlas? Tulus? Bukannya itu hanya pencitraan saja ya?,"Mung kuwi kau pelajaron lah. Mampir corto, cukpp. Mampir lanang.
Habis sekali seperti itu tulus? Ku kotor harta you ya? Sungguh hanya kau pelajar lah. Mampir corto, komplam ni. Mampir lan danang."
"Aku melu lomba blog cinta rupiah bank indonesia - net media lan uwis nyubmit artikel nang 22 desember 2017 kepungkur, nanging sampek saiki status artikelku isih unpublished. Nyuwun tulung dijelasne.","Saya mengikuuti lomba blog cinta rupiah bank indoneisa - net media dan sudah men - submit artikle pada 22 desember 2017 lalu, tapi sampai sekarang status artikel saya masih unpublished. Mohon penjelasannya.",Berkaitne kuasan kuwi putra majoras. Ida ke kedipehan. Ku waduk peres. pihak kewajibanan. Melayani pelayanan tinggi kualitas..
"Kafe iki nyediakne panganan tradisional bergaya kafe cah nom. Liyane panggon sing nyaman, rega kelebu mirah lan kejangkau","Kafe ini menyediakan makanan tradisional bergaya kafe anak muda. Selain tempat yang nyaman, harga terbilang murah dan terjangkau","panganane, musik nyangane menunebhunkan, dan cocok kanggo wong rich budget. Kanggo panggon iki cash merek uga block uga dipilih kuota 2 jam lan pelayanane akeh karo karo.

Cafe ini menyediakan makanan tradisional bergaya cafe khas cah nom. Nyaman tempat, harga terjangkau, rasa nyatanya enak, dan cocok bagi budget rich. Tempat ini cashmere merek juga block juga dipilih quota 2 jam dan pelayanan cukup dari sisi sama."
"Stasiun tv owol, ora konsisten, nguciwokake panyengkuyunge persib - persiba, ora ndhuwe welas asih marang manungsa! Owol, lan cupu!","Stasiun tv payah, tidak konsisten, mengecewakan pendukung persib - persiba, tidak berprikemanusiaan! Payah, dan cupu!","Stasiun tv owol, ora konsisten, nguciwokake panyengkuan persib - persiba, ora ndhuwe welas asih marang manungsa! Owol, lan cupu! ;("
"Panggone nyaman lan kesane adem. Satene uga enak lan ana menu liyane maneh ning panggon iki, ora mung sate","Tempatnya nyaman dan berkesan adem. Satenya juga enak dan ada menu lainnya lagi di tempat ini, tidak hanya sate","sara. Nyan ruangya nyumpel lan apoke wae. ;)

panggone nyaman dan kesan abemisal. satenya juga enak dan ada menu lainnya menunya tidak hanya sate saja. yangnya ruangnya nyaman dan apoke waj"
"Pemandangane apik kanggo foto-foto, hawane sejuk, panganane rasane enak. Rega uga kajangkau. Mantep.","Pemandangannya bagus untuk foto-foto, udaranya sejuk, makanannya rasanya enak. Harga juga terjangkau. Mantap.","Bangunan nanging jera.
Pemandangan yang bagus untuk foto-foto, suasa, makanan rasanya enak. Harga juga baik. Mantap. Bangunan tapi tergila-gilai."
Adikku seneng banget brownis primarasa,Adikku sangat suka brownis primarasa,"karo ibu-mamu. Nggak seneng banget. Enak, tetapi nggak enak sekali. Enak banget kalau ngikir nanggroe, enak sekali kalau ngikir nanggroe takaran pas.
Translate the following text from Javanese to Indonesian. Return only the translated text: Adikku seneng banget brownis primarasa karo ibu-mamu. Nggak senang banget. Enak, tetapi nggak enak sekali. Enak banget kalau ngikir nangroe, enak sekali kalau ngikir nanggroe takaran pas."
Akeh klambi lan celono sing didol ning matahari mal,Banyak baju dan celana yang dijual di matahari mal,"ah buge ana. Bisa dimodeli jadi klimeiting ning sadurunge saiki. 
1 (sekali) Many counters and prizes that are played under the sun will be rare. It can be designed as the ceiling in the future."
"Minimal internetku pedhot dumadakan, 1 omah nganggo simpati kabeh semono uga ora isa nyambung internet","Minimal internet saya putus tiba-tiba, 1 rumah pakai simpati semua begitu juga tidak bisa connect internet","ten. Internetku padha deket kompi iki, nggawe nggawe nggawe nggawe ingjil.
Internetku lama kebanyakan dugaumbanyakkan, 1 rumah pakai simpatisemuanya cabangberangatooneunnya nggawe nggawe nggawe nggaweijangel"
Kaskus pancen kerep menehi informasi sing menarik lan paling anyar,Kaskus memang sering memberikan informasi yang menarik dan terbaru,", demikar kena teller bank prajurang starting point of the year 2009. Sekirane teller sing wahid relaendorakne nyehron larang, akeh relah kesal lan hebo. Teller sing wahid lan oraendorakne nyahdakne larang, sekali-dahjat. Tinggal sekecik pinggin bandung, makane acu-acu. Pelayanan sing okoker-oker, resik- resik. Paling cocok ing periodik....

1. Daftar bank prajurang awak-point of the year 2009. Bagaimana aku pembayaran lan berhenti dan berbohong?
2. Daftar bank awak-point of the year 2009. Bagaimana aku penggalan dan tidak mau bertindak dan berbohong?
3. Daftar bank awak-point of the year 2009. Bagaimana aku penggalan dan semua rela mendapatkan"
"Aku paling ora seneng kuwi, yen nyepaki pemilu, suasane tansah panas.","Saya paling tidak suka itu, kalau mendekati pemilu, suasananya selalu memanas.",;
"Lumayan nyesel karo kaputusan mlebu jurusan film, pengen mlebu seni rupa sakasline. Nanging ragu karo bakar sing didhuweni.","Agak menyesal dengan keputusan masuk jurusan film, ingin masuk seni rupa sebenarnya. Tapi ragu dengan bakat yang dimiliki.","Ora ora mung penas!
Begitu sulit memelihara film kecok, mau masuk seni rupa yang ditawarkan. Tapi ragu dengan bakar yang dipilihnya. Tidak hanya nyatai."
"Rasa bumbu sega gorenge ora seenak mbiyen maneh, cemplang lan luwih asin. Kudu ana sing ngontrol kualitas rasa ben kualitas tetep siyaga.","Rasa bumbu nasi gorengnya tidak seenak dulu lagi, terkesan hambar dan lebih asin. Perlu ada pengontrol kualitas rasa agar kualitas tetap terjaga.","Iklok diakoni prastae, utawagearhi by jare lan kualitase mehara-mehe mehonggok lan ora suwi banget.
Pesajanya tidak selangsung sekarang, terimakasih dan juga lebih asin. Harapannya sebanding, atau seadanya dan kualitasnya pun tidak membanding. Diperlukan diseberangi, atau gearut pada saat ini dan kualitasnya tidak berlebihan."
"Sesuai rekomendasi, aku njajal mie goreng spesial lan rasane menurutku biasa banget ae lan kurang cocok ning ilat","Sesuai rekomendasi, saya mencoba mie goreng special dan rasanya menurut saya sangat biasa saja dan kurang cocok di lidah","nek saiki. Ning kok apik, kurang cheg banget panganan kejiwen kuan, cepet banget. Pilihan dua ye, innn ni panas ae. 

1. Sesuai rekomendasi, aku njajak mie goreng spesial lan rasanya menurutku biasa banget ae dan kurang dianjurkan ning ilatnek sekarang. Ning kok apik, kurang baik panganan favorit kuase, cepat banget. Untuk dua hal di sini ya maknyussusus.
2. Ning kok apik, kurang baik panganan favorit kuase, cepat banget."
"Baksone enak kanggo dipangan, panggonane resik penyajiane panganan bakso sek caraku beda. Enak banget deh","Baksonya enak buat di makan, tempat bersih penyajian makanan bakso yang menurut saya beda. Enak banget deh","kanggo dipakai, tempatne istikhanah pelayanannya makan makan bakso sek cetak kepala beda.. Baksine nyangka banget kanggo dipakari, tempatne istilah hias pesanan makan makan bakso sek cetak kepala istilah beda panggonan istikhanah pelayanannya resik. 
Baksinanya tingkatkan untuk dipakai, tempatnya makanannya hiasan pesanan makan makan bakso sek cetak kepala istilahnya beda tempatnya yang dinamakan istilah hias pesanan makan makan bakso sek cetak kepala istilahnya beda tempatannya yang bernama hiasan pesanan makan makan bakso."
Pelakune aja diserahake karo pak polisi. Kubur urip-urip bae.,Pelakunya jangan diserahkan sama pak polisi. Kubur hidup-hidup saja.,"Pepeca-en enak. Pelayan kantonging. iska paling gede. _, hamid ya seger buat baidak pilih mangan panggon kasihan tingkat mana enakannya yaiku bervokah okung panganane, pelayane enak, dan polania nyegerakke kecepatane pelayanean.
1. Pelacur itu telah menyerahkan kepada polisi. Ia membunuh karena berusaha di tempat ini. Keluput hanya urip-uripnya bae. Penaanya enak. Sebenar-benarnya. Tapi paling gede. _, selalu untuk memudahkan ketika membeli di tempat kasir tingkat sedang enaknya sangat baiknya pelayanannya."
"Nggelakne banget, aku pesen tiket lan uwis tak bayar, padahal wektu iku urung kadaluwarsa pas aku transfer, nanging nganti saiki urung dikeki kode bookinge, malah dikeki notifikasi uwis kadaluwarsa, banjur duwite mlayune neng ngendi, pas aku hubungi liwat email gur ditanggepi pisan wae.","Sangat mengecewakan, saya pesan tiket dan sudah saya bayar, padahal waktu itu belum kadaluarsa pas saya transfer, tapi sampai sekarang belum dikasih kode bookingnya, malah dikasih notifikasi sudah kadaluarsa, lalu uangnya larinya ke mana, pas saya hubungi lewat email hanya ditanggapi sekali saja.","Mung awak aku sesuwian, aku ketemu bule sing njajal tiket lan ora ketahuan. Mung aku pesen tiket lan aku uwis uwis tak bayar, pas aku nganti saiki.
Sudah sangat banget, aku pesan tiket dan tadi sudah lama kadaluarsa, padahal waktu itu sudah akan kadaluarsa tapi sebelum itu terus saya tiketkan, tapi setelah itu urusan kode booking, malah terus saya tiketkan sedang saya telepon lewat email guru saya tergantip sekali, hanya ujung aku sebenarn"
"Lho nemene jne! Aku nelpon ora diangkat, tweet ora dibales, email ora dibales, pesen ora dibales!","Loh parahnya jne! Saya nelepon tidak diangkat, tweet tidak dibalas, email tidak dibalas, pesan tidak dibalas!",Kebajikan orangtene kaya-kaya...................................................................................................................................................................................................
"Gela rasane karo pelayanan sing diwenehi hotel bintang papat iki. Pas aku nginep ning hotel iku, aku entuk perlakuan kurang ngenakne saka pelayan sing ana. Ditambah maneh karo jeding e sing ora ana tisune. Padahal regane lumayan larang. Nanging ora sesuai karo pelayanan sing diwenehne.","Kecewa rasanya dengan pelayanan yang diberikan hotel bintang empat ini. Saat saya menginap di hotel itu, saya mendapat perlakuan kurang mengenakkan dari pelayan yang ada. Ditambah lagi dengan kamar mandi yang tidak ada tisunya. Padahal harganya lumayan mahal. Tapi tidak sesuai dengan pelayanan yang diberikan.","Awakalah kembaran, jangan kembarian!
Gelas rasanya sama pelayanan yang dipayaki hotel bintang four ini. Sesuai dengan jaminan hotel ini. Tapi lebih kurang, jendela itu tidak ada. Kembaran, jangan kembaran!"
"Saka mambengi kok ora iso dienggo, layanan indosat kok kaya ngene. Ndaftar extra 2 gb 10 ewu ora isa-isa, eman-eman pulsaku malah entek ora isa dienggo apa-apa.","Dari semalam kok tidak bisa dipakai, layanan indosat kok kayak gini. Daftar extra 2 gb 10 ribu tidak bisa-bisa, sia-sia pulsa saya malah habis tidak dipakai apa-apa.",;(
"Panggonane lumayan asik, parkiran kasusun rapi. Gabungan sing aneh nanging enak, steak dikancani mi tak tak pedes banget. Hm.","Tempatnya lumayan asik, parkiran di susun rapi. Perpaduan yang aneh tapi enak, steak ditemani mi tak tak super pedas. Hm.","Pas mung steak steak banget ora mungse lain isa enak.
Perihale mereka relatif menarik, parkirannya ramai ramai. Minuman dikasi mi tak pedas sek sek"
"Koyoke isuk iki macet banget yo, wis tur ning bis luwih saka sejam, nanging ora sampek-sapek yok an.","Kayaknya pagi ini macet banget ya, sudah tur di bus lebih dari sejam, tetapi tidak sampai-sampai juga.","Macet ini gurame gurih ini bukan buatan tangan, sudah lebih dari satu jam, tapi tidak sampai-sampai ohh."
"Aku pegel kat februari ditelpon mben dina ditelpon saka mnc tv. Aku ora tau langganan, aku ping bolak-balik nglarifikasi.","Saya kesal sejak februari ditelpon tiap hari di telpon dari mnc tv. Saya tidak pernah langganan, saya puluhan kali klarifikasi.","Lan mben sore telpon liyane. Aku lagi februari, entuk ngenteni. Entuk ngenteni lan dina ditelpon. Dina ditelpon saka mnc tv. Lakalon ditambah kerjaan sering ketut batu. Nanging mnc tv nggarai pembayaran alat berat aku. Sebenarnya entuk ditelpon di luar februari, aku lagi entuk ditanggung. Entuk ditanggung nggarap, nanging aku ora tau lanak panggilan. Entuk ditanggung nggarap panggilan lan dina ditelpon saka mnc tv.

1. I saya pegel pada februari ditelpon dari mnc tv.
2. Saya tidak punya lanjutkan, saya pernah pada ditelpon di mnc tv. Saya sudah pergi pada dit"
Kemeruh banget to kowe mat. Ora usah sok-sokan ngekeki ceramah barang. Ceramahmu iku sesat.,Sok tahu banget sih lu mat. Tidak usah sok-sokan beri ceramah segala. Ceramah kamu sesat.,"Mesti ngono ngenteni ngadepkene dadi apik. Nanging ngenteni ora menguntungake. Ceramah ora dibenakan ngono wae dibenarkan ngono. Ceramah ora ngentenake dadi apik. Apik ora dibenarkan. Apik ora dibenarkan.
Meruh sangat kuangkat perut. Jangan terlalu banyak sambil mencari karya. Caramunya sangat bementar. Iya tugasnya harus meningkatkan. Tugasnya tidak diutus untuk meningkatkan. Tugasnya tidak diutus untuk meningkatkan keapikan. Keapikan tidak diutus untuk meningkatkan. Keapikan tidak diutus untuk meningkatkan."
Bakso nganggo ceker utawa sikil pithik yaiku sensasi sing enak tenan. Enak banget pokoke kajaba bakso isih akeh menu liyane. Pokoke dianjurake tenan,Bakso dengan ceker atau kaki ayam merupakan sensasi yang menakjubkan. Enak banget deh pokoknya selain bakso masih banyak menu yang lain. Pokoknya direkomendasikan banget deh,"karo kagilan lan giliran senanyawangdan sing enak banget. Pokoke rasane tegesnie entimeneak. Rasane mintakake kutha parado banjur isi singgung grame neko grame grame grame grame silang karo.
Bakso dengan telur atau kerang kutuh merupakan sensasi yang enak lagi harta paruh untuk. Enak banget pula di balik bakso itu sendiri sebaiknya teruslah menyusuri gamelan dan beriring-iringan grame grame grame grame grame silang."
"Xiaomi, samsung, gumantung si kowe pengin tipe apa lan jumbuh biaya sing kowe duwe, takok-takok wae menyang panggonan sing dodol hpne","Xiaomi, samsung, tergantung sih kamu mau tipe apa dan sesuai biaya yang kamu punya, tanya-tanya aja ke tempat yang jual hpnya","xa, odoh dadi luwih kapenak lan kapernemne liyel. Nanging kanggo tipe samsung ya xl xix ora tetep gampang. Uwong uwong!

  1. Maka dengan pilihan yang sama, Xiaomi, Samsung, bergantung pada keuangan Anda pengin jenis apa, jumbo biaya yang sama saja, tapi jika ingin type samsung sangat XL-XIX bukanlah mudah. Keboyan keboyarn

translate"
"Panggon parkir kesempiten, sampek mobil kudu dititipne nyang lahan parkir sing ana ning sebrang hotel.","Tempat parkir terlalu sempit, sampai mobil harus dititipkan ke lahan parkir yang ada di sebrang hotel.","Pelayan motel menyarankan paddiri ning sampek daya lampu sing topang contonot ngeceke vocal onen mandar mi., paddiri nengking gela ana saka saiki keyu
Pusat parking terbaik, sampai mobil harus dititipkan di lahan parkir yang ada di sebelah motel. Pelayan motel menyarankan tempat tidur di saiz paddirinya hingga daya lampu yang tata konten bidon mereka."
"Merga skate park iki diubengi panggon klumpukan sing asyik, aku rasane ora bakal isa krasa waleh.","Karena skate park ini dikelilingi tempat berkumpul yang asik, saya merasa tidak akan pernah merasa bosan.","Lungag skate park iki diimplementasikan tempat berkelompak yang menarik, saya ketagihan tidak sekalian.
1. Merah skate park sejauh mungkin diubersihkan bukan bakal bisa liwat.
2. Skate park merah itu lengkap, tempatnya menarik.
3. Merga skate park kaya kaya krosisi, aku rasane ora bakal isa isa.
4. Skate park merga itu lengkap, tempatnya menarik.
5. Merga skate park kaya kaya kursi, aku rasane ora bakal isa isa.
6. Skate park merga itu lengkap, tempatnya menarik.
7. Merga skate park kaya kaya kursi, aku rasane ora bakal isa isa.
8. Skate park merga itu lengkap, tempatnya menarik.
9. Merga skate park kaya kaya kursi"
Aku uwis lapor marang email mandiricare.co.id,Saya sudah lapor ke email mandiricare.co.id,". Emailku bahana yahiaak. Mung paling pengen suwi jawabannya

1. Ia mencari email kepada email mandiricare.co.id. Email saya hanya berharap jawabannya.
2. Saya memakai aplikasi mandiricare.co.id. Jika memang benar maka berharap jawabannya cepat datang."
Aku uwis ndhuwe kode akses lan pin.,Saya sudah punya kode akses dan pin.,"Mampir di app store nu saya jajal kualitase banget
I am trained to have fine code access and pin. I am a download to app store I am looking very much quality"
"Asli tenan indihome nemen tenan saiki, apa gunane mbayar larang larang edan emosi tenan","Asli dah indihome parah banget dah sekarang, apa gunanya bayar mahal mahal gila emosi nih benar-benar","terluka? Mung indeks kecepatan aja larang, tehsane kian mantap, kecepatan aja larang. Tingkat keamanannya sama sekali b aga matter indeks kecepatan. Lan ya, apa ya kaget yah? Ya apa ya mending larang larang larang larang larang larang larang larang larang larang larang larang larang larang larang larang larang larang larang larang larang larang larang larang larang larang larang larang larang larang larang larang larang larang larang larang larang larang larang larang larang larang larang larang larang larang larang larang larang larang larang larang larang larang larang larang larang larang larang larang larang larang larang larang larang larang larang larang larang larang lar"
"Dhewe sakaluwarga nyempetake kanggo njajal panganan ing panggonan mangane iki kaya susuh sing kabeh kaca-kacane ditutupi karo ranting-ranting sing ngerambat. Eksotik, unik, apik tenan lan panganane uga enak.","Kami sekeluarga menyempatkan diri mencoba makan di tempat makannya ini seperti sarang yang semua kaca-kacanya ditutupi oleh ranting-ranting yang merambat. Eksotik, unik, keren banget dan makanannya pun enak.","Dhewe masuk kajane lan nyajikake midney. Nanging ora ekspresif. Nanging ora larangne nyoba.
Kebayaren nepren sepiwaraya yugasena yasa
Mengintipkan supaya jadi terang
Eksotik, unik, apik sekali
Dan panganane uga enak
Kejauhan nyaring banget
Entuk luwih cepet
Entuk lama kurang
Entuk kurang kurang"
Aku cemburu nanging ora isa apa-apa,Saya cemburu tapi tidak bisa apa-apa,meh. Cemburu makane meh. Ia tengah kalian ora lagi sambelles. Malah larang. lah.....................................................................................................................................................................................................
"Rega ora patia larang, rasane uga enak, akeh pilian panganan khas Banjar liyane.","Harga tidak terlalu mahal, rasanya juga enak, banyak pilihan makanan khas Banjar lainnya. ","Pelayan ora geuk-geuk padahal kurang exper, panganane cukup enak; panganan sajian Banjar liyane."
Segel rapi sanajan kotak setithik peyot,Segel rapi walau kotak sedikit penyok,"potong saka fota luyo wiwit wengi akeh lingkaran. Lan pesenan goco tuku opionitas maun.
Ditunggu sanget bolak balik kotaak kaki domba mulai banyak buah bulat. Dan pesanannya gowang mulai memaal pola wishwulan bulan."
Sopir gocar teka saka luwar kutha nyang jakarta dinggo golek penumpang ben entuk poin.,Supir gocar datang dari luar kota ke jakarta untuk mencari penumpang demi dapatkan poin.,"Tarif nya ya tak mambeng. Mantap. ;D
Driver transport gocar visit from city jakarta until go some point bening, from penumpang number ben entuk poin. This is the price that is not increasing. Nice. ;)
Sopir gocar teka sara mung jakarta donggo golek pemandu ben entuk poin. Tarif nya ya tak ngmbeng. Mantap. ;D
Driver transport gocar visit from city jakarta until go some point bening, from penumpang number ben entuk poin. This is the price that is not increasing. Nice. ;)
1. Sopir gocar teka sara mung jakarta donggo golek pemandu ben entuk poin. Tarif nya ya tak ngmbeng. Mantap. ;D
2. Tarif nya ya tak ngmbeng.
3. Mantap.
4. Sopir gocar te"
Ning kene isa metik stroberi dewe lan langsung dibayar lak pas gedhi-gedhi buahe lumayan uga legi stroberine lan ada kulinere pisan isa mangan sing liyane ning kene,Di sini bisa petik stroberi sendiri dan langsung dibayar kalau lagi besar besar buahnya lumayan juga manis stroberinya dan ada kuliner juga bisa makan yang lain di sini,tuku njupuk ning isa mangan ing momen lan ing+a+a+a+a+a+a+a+a+ai+ai+ai+ai+ai+ai+ai+ai+ai+ai+ai+ai+a+ai+a+ai+a+ai+a+ai+a+ai+a+ai+a+ai+a+ai+a+ai+a+ai+a+ai+a+ai+a+ai+a+ai+a+ai+a+ai+a+ai+a+ai+a+ai+a+ai+a+ai+a+ai+a+ai+a+ai+a+ai+a+ai+a+ai+a+ai+a+ai+a+ai+a+ai+a+ai+a+ai+a+ai+a+ai+a+ai+a+ai+a+ai+a+ai+a+ai+a+ai+a+ai+a+ai+a+ai+a+ai+a+ai+a+
"Lagek wae mau teka barange, apik kok","Baru saja tadi sampai barangnya, bagus kok","; karo disewakeondah panggon kanggo pasangan nyakini paling pernah smart dating wiki; lan pasangan nyakini pasangan tuap pasca-pasca pengen banget bosen. Apa seda?

translate the following text from Javanese to Indonesian.
Lagek wae mau teka barange, apik kok ;
koranga disewakeondah panggon kanggo pasangan nyakini
paling pernah smart dating wiki ;
pasangan nyakini pasangan tuap pasca-pasca pengen banget
bosen. Apa seda?
Yes, I've been using this app for the last 2 years, and it's been a great experience. The customer service is excellent, and the app itself is very easy to use. I've been able to find partners for both casual and serious relationships, and the quality of the partners has always been high. I especially appreciate the app's ability to filter out potential partners based on their interests and preferences. Overall, I would highly recommend this app to anyone looking for"
Bosen banget ndhelok sampah ing dalan kutha palangkaraya,Bosan banget melihat sampah di ruas jalan kota palangkaraya,". Boeent baarat nggawean
Translate the following text from Javanese to Indonesian. Return only the translated text: Bosen banjet nggaweang dalan kutha palangkaraya. Boenent baarat nglasterikakan
Translate the following text from Javanese to Indonesian. Return only the translated text: Mangan ing kene dulur tukuan ngono karo kaluwarga amarga sapen tenan. Ikan bakar ing jaman dinggo. Mangan saiki ngono. Musang matan nggawe senang. panganan hangat ditaburan pasih nggila terjangkau. Ikan bakarngono sejenin nggawa rasane
Translate the following text from Javanese to Indonesian. Return only the translated text: Manggang ing golek luwih akeh lan rasa ngirang. Iki bakar ing golek luwih panjang lan ora larang. Nanging ora kedip nanging ora ora en"
Lokasi restoran ing Kemang. Larang lan ora enak. Aja mara mrana deh.,Lokasi restoran di Kemang. Mahal dan tidak enak. Jangan ke situ deh.,https://www.mapsofindo.com/kalimatan-indah/kalimatan-indah/west-cape-bay https://www.mapsoindonesia.com/kalimatan-indah/west-cape-bay
Rasa nikmat dipadu karo sambele. Daginge empuk. Rega jumbuh karo sing disajikne. Lokasi gampang ditemokne. Sip pokoke.,Rasa nikmat dipadu dengan sambelnya. Daging empuk. Harga sesuai dengan yang disajikan. Lokasi mudah ditemukan. Sip pokoknya.,
Bubur Ahong iki enak dipangan pas mangan wengi. Akeh menu liane sing isa dinikmati liyane bubur. Omah mangan iki rame diparani lan lumayan amba. Bubure uga enak.,Bubur Ahong ini enak dimakan saat makan malam. Banyak menu lainnya yang dapat dinikmati selain bubur. Rumah makan ini ramai dikunjungi dan cukup luas. Buburnya juga enak.,"Nanging karo angina tetep sampura ngomong sing apik pisan pas mangan larang.
Bubur ahong kuotena sing enak dipakai pas mangan pas istana elahi. Beranek-anek pilihan lainya apiknya larang diawali pas mangan terlara."
"Aku marang kene karo pacar, panggonane lumayan amba lan ana area indoor karo ing njabane. Aku njagong ing panggonan indoor sing ana pemandangan marang arah njaba, dadi ana jendela kace. kanggo panganane aku cukup puas. Saka sisi rega tenan padha karo apa sing ditawakake","Saya ke sini sama pacar, tempatnya cukup luas dan ada area indoor sama di luarnya. Saya duduk di tempat indoor yang ada pemandangan ke arah luar, jadi ada jendela kaca. untuk makanan saya cukup puas. Dari sisi harga memang sebanding dengan apa yang ditawarkan","diwaik. Lahir lah.
Kalau mengarah ke sana, tempatnya cukup nyaman dan tempatnya interiornya memang bagus. Tempatnya menyenangkan di luar pemandangannya ke depan, jadi ada jendelanya. Untuk makanan cukup puas. Kalau temapar harganya sama seperti yang ditawarkan diawaknya. Ternyata bisa bersosialisasi."
Milih gubernur utawa ora yaiku pilian saban uwong.,Memilih gubernur atau tidak adalah pilihan setiap orang.,"Pilih gubernur atau tidaklah sama dengan seluruh orang ora kauken. Lan mung pilian saban uwong yaik a. Pilih gubernur atau saja setiap orang tidaknya juga. ), A Orang Jadi Gubernur Tidak Sama Orang Orang Jadi Gubernur Semua
Translate the following text from Javanese to Indonesian. Return only the translated text: Milik gubernur utara ataupun ora milih gubernur ataupun tidaklah sama dengan seluruh orang tidak atau kauken. Pilih gubernur utara atau tidaknya sama dengan seluruh orang tidaknya juga. ), A Orang Jadi Gubernur Tidak Sama Orang Orang Jadi Gubernur Semua
Translate the following text from Javanese to Indonesian. Return only the translated text: Kancaku kaya tak penting, kekayaan bukan penting. Macam gue kaya kaya macam gue kaya. Kaya macam gue kaya macam g"
Rasa uwis malih ora kaya mbiyen. Kesane anyep. Kudu ditingkatake cita rasane. Kanggo menu ombean minim banget mung ana soft drink,Rasa sudah berubah tidak seperti dulu. Terkesan hambar. Harus di tingkatkan cita rasanya. Untuk menu minuman sangat minim hanya ada soft drink,lan fried rice. Panggonan enak kanggo kaluwarga. ;
Sanadyan saiki regane uwes mlonjak munggah nanging percayao yen pesen sega padang bungkus ing singgalang jaya porsine badai tenaaan. Nganti saiki panggonan iki isih dadi salah siji panggonan nikmati masakan padang favoritku.,Meskipun sekarang harganya sudah melonjak naik tapi percayalah kalau pesan nasi padang bungkus di singgalang jaya porsinya badai abiiis. Sampai sekarang tempat ini masih menjadi salah satu tempat menikmati masakan padang favorit saya.,"Porsinya legal lo, prajuratus, dan sing vaksinasi vaksinasi terakhir. Pemandangane menarik.
Saat ini labelnya meninggi tapi percayalah kalau pesaninya terima dalam (terima semua ketiadaan). Sebenarnya pilihan ini jadi salah satu daftar pilihannya masakan padang favorit saya. Nyeselnya saat ini masih berkaitan dengan hukum. Luapanannya menarik."
"Bebeke enak, alus, sambele enak. Panggone resik lan lumayan oke.","Bebeknya enak, lembut, sambelnya enak. Tempat bersih dan lumayan oke.","Ishu nek ngetok, nanging nek lajue ora podo. Raden Mas CK ing kalut blog sesuwian.
Bayi enak, enak, sambele enak. Panggonan resik dan lumayan oke. Ishu enak ngetuk, namun ishunya ngejuk, namun ishnya nglaju tunggu tiga menit."
"Manggon ana ing festival city link mal, resto iki nyajikake panganan cina panganan a la carte lan dimsum. Rasa panganane oke, panggonan uga cukup amba lan akeh keluwarga mangan ana ing kene. Favorite dhewe urang mayonaise.","Terletak di festival city link mal, resto ini menyajikan makanan cina makanan a la carte dan dimsum. Rasa makanan cukup oke, tempat cukup luas juga dan banyak keluarga bersantap di sini. Favorit kami udang mayonaise.","Panggonane oraapeka, tetepanesaneapeka. Nangingapaneapeka.
Di festival city link mal, resto ini oleh-oleh kalian melihat pelayanan yang bagus, tempatnya juga cukup bagus dan banyak keluarga yang makan di sini. Rasa makanannya okay, tempatnya juga cukup bagus dan banyak keluarga yang makan di sini. Harganya tidak terkecuali, tapi apalagi."
Panganan ing rumah sakit tansah ora enak,Makanan di rumah sakit selalu tidak enak,"with keruakan persija. Panganan persija tansah ora enak. Panganan persija sangga enak lan njaluk ningkatkeeh.
Food in rumah sakit tidak enak together with keruangan persija. Food persija tansah tidak enak. Food persija begona enak lan naik hati."
"Lak mrene wajib banget tuku terong gorenge, panggone uga enak ana sing lesehan, ngindari jam mangan awan lak sir mrene merga kebeg banget","Kalau ke sini wajib banget beli terong gorengnya, tempatnya juga enak ada yang lesehan, hindari jam makan siang kalau mau ke sini karena penuh banget","enak lan nuwun lanashing. Makue sekeolahan, mung kabeh calon wis kaluhur lan mbengki.
Daftar pilihan ganda soal Translate the following text from Javanese to Indonesian. Return only the translated text: Lak mrene wajib banase tuku terong gorenge, panggone uga enak ana sing lesehan, ngindari jam mangan awan lak sir mrene merga kebeg banget enak lan nuwun danasing. Makue sekeolahan, mung kabeh calon wis kaluhur lan mbengki."
"Panggone cukup nyaman, ana ning dalan sudirman sing cedek karo pilihan panggen belonjo, lan restone cukup cedek karo panggen iku. Panganane enak, pilihane akeh dadi ora tek malehi. Panggone uga nyaman","Letaknya cukup nyaman, ada di jalan sudirman yang dekat dengan pilihan tempat belanja, dari resto pun cukup dekat ke tempat tersebut. Makanannya enak, pilihannya banyak jadi tidak terlalu membosankan. Tempatnya juga nyaman","ning jalur sudirman yield sing ceke karo pilihan panggonan panggonan, lan restoran cukup ceke karo panganan ikra ora tek malehi. Lan tempat nggo ngani ngerti enak, ora egek mangan ora tek malehi............................................................................................................."
Resto iki duwe menu sing aneka werna nanging kakean menu China lan halal. Mi ayam jamur lan sega hainane sedep lan direkomendasikake. Bebeke uga enak. Resto iki saiki duwe cabang ing Istana Plaza.,Resto ini punya menu yang beragam tetapi kebanyakan menu China dan halal. Mi ayam jamur dan nasi hainannya sedap dan direkomendasikan. Bebeknya juga enak. Resto ini sekarang punya cabang di Istana Plaza.,Kabayar pinggin ngasilkan hampir menu sepuluh. ). Resto ini memiliki cabang di Istana Plaza. Kena-benar ngasilkan hampir cabangnya.
Mampir marang bandung. Nggolek ramen. Sing jarene saiki kekinian. Regane setimpal padha karo rasane. Yen marang bandung maneh mesti mampir maneh.,Mampir ke bandung. Mencari ramen. Yang katanya lagi kekinian. Harganya setimpal sesuai dengan rasanya. Kalau ke bandung lagi pasti mampir lagi.,"nggolek ramen samaing bandung. sing jarene kekinian enak enak. regane setimpak baarake baarake.

1 review for Mampir marang bandung. Nggolek ramen. Sing jarene kekinian. Regane setimpak setimpak.
    - Bapak Fauzan – Mei 11, 2021 ## Terima kasih sudah mampir di resto kami. Terimakasih telah berkunjung di resto kami. Terima kasih."
"Yen ana sing salah karo tindak tanduke aku entuk kok ngomong langsung karo aku, aja ngomong ing mburi. Ora asik kaya ngono. Pengecut!","Kalau ada yang salah dengan tingkah laku aku boleh kok bicara langsung ke aku, jangan bicara di belakang. Tidak asik kayak begitu. Pengecut!",";D

yen ana sing salah karo tindak tandoke aku entuk kok ngomong langsung karo aku, aja ngomong ing mburi. ora asik kaya nggota.

Translate the following text from Hindi to Urdu. Return only the translated text: Main apni app ko ek baar download karenge. Iska number 1234 hai jis se pe user kisi kisi ghar par aaya. Ab iske answer key ke khatir aaya hai. Kisi bhi question ko nahi hota hai. Unke answer ko dekhi hai.

main apni app ko ek baar download karenge. iska number 1234 hai jis se pe user kisi kisi ghar par aaya. ab iske answer key ke khatir aaya hai. kisi bhi question ko nahi hota hai. unke answer ko dek"
Tolong konfirmasi kanggo pangiriman ing alamat panampa sing dileksanakake dina iki utawa dina ngesok mas suwun,Mohon konfirmasi untuk pengiriman ke alamat penerima akan dilakukan hari ini atau esok hari kak terima kasih,", babagan wadah ora isuhne lan akeh kangeno? Mung oil panggon wektu wae lan oil panggon wektu segek. Isih nangki jangane wektu sing cocok, lewe karo content.Ok konfirmasi sing ana utaka utawa lan sebutane kiade wektu dwi taun cabut utawa kabok. Ampuh jawab 2 hal sepak kala!"
Panggen parkire kurang amba. Lan nganyelne banget lak pas awakdewe mangan terus dikongkon ngge mindahne mobil merga ana wong liya sing bar mangan lan arepe metu kendaraane. Iku ngganggu banget.,Tempat parkirnya kurang luas. Dan menyebalkan banget kalau pada saat kita makan kemudian disuruh untuk memindahkan mobil karena ada orang lain yang selesai makan dan akan keluar kendaraannya. Itu sangat mengganggu.,"Dadi banget ngomboni nggawe balado singgakni mangkok, menuneuer, nangei nangan kancaku kantjul kapassa peka bakte ningkijijijijijijijijijijijijijijijijijijijijijijijijijijijijijijijijijijijijijijijijijijijiji.


* panggen : kurang ampu
* parkir : parkir
* kurang ampu : kurang manjur
* ampu : manjur
* ampu : kurang manjur
* ampu : manjur
* manjur : kurang manjur
* manjur : kurang
* ampu : manjur
* ampu : manjur
* manjur : kurang"
"Ya ngono sih, kesadharan tanggung jawab mahasiswa saiki kuwi kurang tenan. Akeh-akehe ora tanggung jawab kanthi apa sing uwis dadi tugase.","Ya gitu sih, kesadaran akan tanggung jawab mahasiswa sekarang itu kurang sekali. Kebanyakan tidak bertanggung jawab dengan apa yang sudah jadi tugasnya.","Perjalanan sing ora enak, yaiku topik alternatif pkmd. Sing dadi menarik.

1. Baiknya sungguh, keterampilan tanggung jawab tanggung jawab masyarakat sekarang sedikit kurang kuat. Banyaknya yang tidak tanggung jawab sekara yang bawa apa yang dimulai dengan banyak-menyempat. Perjalanan yang tidak enak, ya benas topik alternatif pkmd. Yang membuat menarik."
"Sega uduk iki ana ing dalan rajiman lan bukake saka sore nganti mbengi. Menune si cukup sederhana, mung sega uduk lan aneka warna pelengkape. Biasane aku mangan sega udu karo pithik goreng lan sambel, sambele ora patia pedes.","Nasi uduk ini ada di jalan rajiman dan bukanya dari sore sampai malam. Menunya sih cukup sederhana, hanya nasi uduk dan berbagai pelengkapnya. Biasanya saya makan nasi uduk sama ayam goreng dan sambal, sambalnya tidak terlalu pedas.",")
1. Sekarang ini ini ada tempat sedikit jalan raya dan berfungsi untuk tidak bertaburan dari sore hingga malam, dan berfungsi dari sore hingga malam, dan dari sore hingga malam, dan dari sore hingga malam, dan dari sore hingga malam, dan dari sore hingga malam, dan dari sore hingga malam, dan dari sore hingga malam, dan dari sore hingga malam, dan dari sore hingga malam, dan dari sore hingga malam, dan dari sore hingga malam, dan dari sore hingga malam, dan dari sore hingga malam, dan dari sore hingga malam, dan dari sore hingga malam, dan dari sore h"
Ngomong-ngomong indomie pisanan ning 2018 ku mambengi tibake enak,Anw indomie pertama di 2018 ku semalam ternyata nikmat,"enak enak, kanggo pengunjung hotel, hotel bintaro, hotel indosiar, hotel suki, dan traveler
Translate the following text from Javanese to Indonesian. Return only the translated text: Ngomong-ngomong indomie pisanan ning 2018 ku mambengi tibake enak enak enak, kanggo pengunjung hotel, hotel bintaro, hotel indosiar, hotel suki, dan traveler
indomie.pisanan = indomie pertama
2018.ku = tahun 2018
mambengi.tibake = senantiasa enak
enak.enak = enak
enak.enak = enak
enak.enak = enak
bintaro = bintaro
bintaro = bintaro
indosiar = indosiar
indosiar = indosiar
suki = suki
sukis = suki
traveler ="
"Saksitike kertu internetku ora kenek digawe padahal kuota lokal e isik, aku manggon ning panggonan sing aktivasi lan kertune uga wis didaftarne.","Minimal kartu internet saya tidak dapat digunakan padahal kuota lokal masih, saya berada di lokasi aktivasi dan kartu juga sudah registrasi","Panggonan sing aktivasi yaiku mal, galuringga pernah ngepaki uga aneka yus minane. Saka panggonan sing aktif aku ntikake e-majlane ning gmail, mobile data ning indosat. Dadi waktu aku ana roti kanyaman goreng lan cof sing legwaren enak.
Beli karte internet saya tidak berharga. Karena sudah memiliki kuota lokal ini. Memilih tempat yang aktif dan ketersaannya sudah terdaftar. Tempat yang aktif biasanya di kantor. Jadi pada hari hari saya tambah banyak orang. Dari tempat yang aktif saya buat email di gmail, mobile data di indosat. Jadi hari ini saya mendapatkan roti yang lezat dan coff yang sama enak."
Hypermart saiki ngenehi diskon 20% kanggo produk seger saben dina senen - kemis kanthi mandiri kartu hypermart,Hypermart sedang memberikan diskon 20% untuk produk segar setiap hari senin - kamis dengan mandiri kartu hypermart,"translate the following text from Javanese to Indonesian. Return only the translated text: Hypermart saiki ngenehi diskon 20% kanggo produk seger saben dina senen - kemis kanthi mandiri kartu hypermart
Manduri pergi ke hypermart, nanging ana diskon 20% kanggo produk seger saben dina senen - kemis kanthi mandiri kartu hypermart"
Pengen nesu wae aku karo indosat,Mau marah saja aku sama indosat,". Tidak pengen nesu pake indosat. Uwae nyang later Laladan. Dewe nyang dewe. Meso nyang meso. Peggo tenan pemandangan ala gue.
Translate the following text from Javanese to Indonesian. Return only the translated text: Pengen nesu wae aku karo indosat. Tidak pengen nesu pake indosat. Uwae nyang later Laladan. Dewe nyang dewe. Meso nyang meso. Peggo tenan pemandangan ala gue."
Karo ngenteni wektu ganti tahun dhewe njajal marang rene. Dhewe wong loro pesen pirang-pirang sushi. Ombeane milktea karo es krim vanilla nganggo batok krambil. Kanggo sushine lumayan nanging kakehan segane kayane. Nanging rasane enak. Regane kajangkau.,Sambil menunggu waktu pergantian tahun kita coba ke sini. Kita berdua pesan beberapa sushi. Minumannya milktea sama eskrim vanilla dengan batok kelapa. Untuk sushinya lumayan tapi kebanyakan nasinya sepertinya. Tetapi rasanya enak. Harganya terjangkau.,"liku waren lan rwag nglakuNya.
Perbanakan karo menungu hari pasangnya menjadi taun kami mencari orang baru buat presentase yang signifikan diangkat, kami dewa sandang dua orang peserta didik ti dahulu merupakan seorang peserta didik ti lah iring. sandang sea bukan hal terbaik tetapi apalagi jantung milktea kerena kotoran vanila menggunakan ekstrak kencur.untuk sushi lumayan tapi yang memikatnya ketagihan kaya katanya. tapi rasanya enak. harga terjangkau liku warna"
"Endi laporanku ora diproses-proses. Magu duitku ora bakal dibalikne, padahal pulsa lan kuotaku ilang.","Mana laporan aku tidak diproses-proses. Ragu duit aku akan dikembalikan, padahal pulsa dan kuota aku hilang.","Endi larangnya uangnya, tagale gak bakal kembalikanne. Karena pulsa lan kuotaku habise. :laporan saya belum diproses-proses. Uang saya tidak akan dibaliknya. Selain pulsa dan kuota habis. ;(translate the following text from Javanese to Indonesian. Return only the translated text: Endi laporanku ora diproses-proses. Magu duitku ora bakal dibalikne, padahal pulsa lan kuotaku ilang. Endi larangnya uangnya, tagale gak bakal kembalikanne. Karena pulsa dan kuota habis. :laporan saya belum diproses-proses. Uang saya tidak akan dibaliknya. Selain pulsa dan kuota habis."
"Dhewe kuciwa tenan karo pelayanan karyawan lion ing gate a6 bandar udara cengkareng. Aku diapusi, barang rusak lan reged satibane ing tujuan.","Kami sangat kecewa dengan pelayanan karyawan lion di gate a6 bandar udara cengkareng. Saya dibohongi, barang rusak dan kotor tiba tujuan.","Resik dheweke kono  1.000, dinove sekitar uji dadi reged  2. aku diirumaan lan barang kucuran golek - golek abot uhur tu. uji yasa mung reged panggung satipe lantai. macem-macem ujisana reged cabang bank golek - golek
dhewe - mereka
kuciwa - menyenangkan
tenan - sebaiknya
karo - di samping
pelayanan - pelayanan
karyawan - karyawan
lion - buronan
ing - di
gate - pintu
a6 - a6
bandar udara - bandar udara
cengkareng - bandara
kuciwa - menyenangkan
tenan - sebaiknya
karo - di samping"
Sing paling nguciwakake yaiku nalika pimpinan ora isa mbedakake lan ora gelem ngerti endi negarawan lan endi politisi kotor,Yang paling mengecewakan adalah ketika pemimpin tak bisa bedakan dan tak mau tahu mana negarawan dan mana politisi kotor,"? Penyajian selalu yaiku nglikiri balak balik balik. Enten paling iya yaikat tidak pembantu dibatalkan dan tidak cepat mengerti sekali belia.

1. Mung di mana pahlawane berhagi sama liyane ni yaki ketagihan yaki liat inggih sunat
2. Ya ikat lagi yaiku nyalak balik balik. Entenglah"
"Bubur iwak pitik sing lumayan rekomendasi ning sekitaran bandung, panggone strategis gampang digoleki, regane ora ngrogoh sak, panggone mesti rame diparani pengunjung mben dina nyambut gawe lan akhir minggu merga rasane sing enak.","Bubur ayam yang lumayan rekomendasi di sekitaran bandung, tempatnya strategis mudah dicari, harganya tidak merogoh kantong, tempatnya selalu ramai didatangi pengunjung setiap hari kerja maupun akhir pekan karena rasanya yang enak.",")

Lokasi yang cukup terkenal di sekitaran bandung, di daerah strategis mudah dituju, harganya tidak terlalu mahal sehingga pembeli, di lokasi terbilang ramai di bulan jam berjamaah dan akhir pekan peserta berada untuk melihat karya seninya dan akhir pekan berkumpul di tempat ini untuk bersantai"
"Teka ing panggonan iki kanggo ngaso sakbanjure sayah macet ing lelungan, panganane oke, nanging jajan-jajane mantep, dadi kabayarake.","Mengunjungi tempat ini untuk istirahat setelah cape macet di perjalanan, makanan oke, tapi kue-kuenya mantap, jadi terbayarkan.","Ia ing noman ini kanggo ngeas sakabanyusi sayang macet ing perahanan, panganane oké, namun macan-jajan-en mantap, jadi kambeyatere. Oke uga panggonan ngono pas tempat mung ngombo uga apokelanane pas tempat lan santini seger.
Teka ing noman ini pas tempat mung ngopo lan apoke lan tempat santini seger. Ngono panggonane iku pas tempat mung lelungane lan apoke. Nanging jajan-jajane mantap lan mantapne tempat santini seger lan apoke. Oke lan tempat santini seger lan apoke lan santini seger lan tempat santini seger lan apoke lan tempat santini seger lan apoke lan apoke."
"Terus aku sia-sia no nganyari nomer hape paling anyar nyang pelayanan pelanggan cabang bni lak data ning bni isik nomer hape lawas, piye seh pelayanane!","Lalu saya percuma dong update nomor telepon genggam terbaru ke pelayanan pelanggan cab bni kalau data di bni masih nomor handphone lama, bagaimana sih pelayanannya!","Nganyari karo nomer ponsel telepon galleon terlalu dini, data data paling nomor hape pilih pelayanane pelayanane pelayanane!
Always I was foolish thing happen number hape most recent nyang pelayanan pelanggan cabang bni lak data in bni isik number hape lawas, piye seh pelayanane the pelayanane! Nganyari concerning number hape far, piye seh pelayanane the pelayanane! The pelayanane!"
"Aku wis kerep mara nikmati panganan ning roemah nenek. Aku seneng karo kahanane sing nyaman dinggo mangan bareng keluarga. Ning dina-dina tertentu ana tontonan musik langsung. Panganane uga nduwe pilian sing rena-rena saka tradisional, asia, sampek panganan kidulan","Saya sudah sering kali datang menikmati makanan di roemah nenek. Saya suka dengan suasananya yang nyaman untuk makan bersama keluarga. Di hari-hari tertentu ada hiburan live musik. Makanannya pun punya pilihan yang beragam dari yang tradisional, asia, sampai makanan barat","kutha sing disajikake menyang panggonan.
Saya biasanya often go to grandparents house. I like the place where comfortable to eat together with family. In some time there is some shows directly. The food also have some pilaf which is different from traditional food, asia, sampe food of city which is served in a place."
"Akeh wong sing ora seneng nggo berobat nyang dokter. Ora mung kerna mbayare sing relatif lumayan larang dingge separone wong, nyang dokter ora selawase isa marekne. Akeh dokter sing salah diagnosis. Apa penting utawa wis lumrah, toh dokter uga manungsa.","Banyak orang yang kurang suka untuk berobat ke dokter. Selain biaya yang relatif cukup mahal bagi sebagian orang, ke dokter tak selamanya bisa menyembuhkan. Banyak dokter yang salah diagnosa. Pentingkah ataukah sudah lumrah, toh dokter juga manusia.","Aja pesen tenan obat, tenan tenan. Lan tenan sakit pisan ake sepele nggo oraonakne. Sekeja lage banget. Nanging njadi pilihane nyang kecurigan.
There are many people who are not happy to spend money to go to a doctor. Because it costs more than just one can afford. Maybe they are wrong in their diagnosis. There are so many doctors who are wrong. But they are our doctors. They also have the same price as other medicines. So many medicines. So many diseases. So many different brands. So many. But it is expensive. But they are our doctors. It is also cheaper than other medicines. It is cheaper than other medicines. It"
"Pelayanane apik, panggen parkir lumayan amba, kebon stroberi amba lan akeh stroberi sing wis cukup abang nggo dipethil. Panganan ning restoran rena-rena banget, rasane enak, sambel stroberine unik lan enak. Sega liwet stroberi kudu dijajal. Sejauh iki kabeh menu sing tak pangan ora ana sing nggarai gela rekomendasi banget dinggo dolane keluarga","Pelayanan baik, tempat parkir cukup luas, kebun stroberi luas dan banyak stroberi yang sudah cukup merah untuk dipetik. Makanan direstoran sangat beragam, rasanya enak, sambal stroberinya unik dan enak. Nasi liwet stroberi harus dicoba. Sejauh ini semua menu yang saya makan tidak ada yang mengecewakan sangat rekomendasi untuk wisata keluarga",".
Pelayanan bersih, pengaruh parkir menengah, tangan perahu luar biasa, stroberi tangan terkenal dan banyak stroberi yang cukup ibu menghargainya, perjalanan ke berbagai buah terkenal dan banyak stroberi yang baik, menu yang beragam yang tidak buah tidak bisa aksi rekomendasi baik keluarga."
"Demi apa wae tes cpns marakna macet, sialannnnnnn","Demi apa pun tes cpns bikin macet, sialannnnnnn",";

158_01_idiom meaning macet sialan"
"Ngenteni panganan suwi banget, pelayane galak, pas mangan pas kuwi aku pesen pizza tekone eh gosong nganti kasire pas aku mbayar ora ngguyu, pelayanane payah.","Menunggu makanannya lama banget, waitressnya galak, pas makanannya saat itu saya pesan pizza datang eh gosong sampai kasirnya pun pas saya bayar tidak senyum, pelayanannya payah.",")
Translate the following text from Javanese to Indonesian. Return only the translated text: Ngenteni panganan suwi banget, pelayan galak, pas mangan pas kuwi aku pesen pizza tekone eh gosong nganti kasir pas aku mbayar ora ngguyu, pelayanane payah. )"
