javanese,ground_truth,generated
"Cepak saka hotelku nginep, namung digawa mlaku, ing kene akeh tenan pilian panganane, panggonane sing amba, lan nyenengake","Dekat dengan hotel saya menginap, hanya ditempuh jalan kaki, di sini banyak sekali pilihan makanannya, tempat yang luas, dan menyenangkan","Cepak saja hotel saya keinip, namun digawa mlaku, di sini akan pilihan makanan, makanannya yang amba, dan menyenengakan"
"Iya bener, deknen lagi jaga warung.","Iya benar, dia sedang jaga warung.","Iya bener, deknen lagi jaga warung."
Kangkunge lumayan nanging yuyu saus padange nguciwakake dhewe dikei yuyu sing kopong akhir dhewe ora mangan yuyune lan dibalekake.,Kangkungnya lumayan tapi kepiting saus padangnya mengecewakan kami dikasih kepiting yang kopong akhir kami tidak makan keptingnya dan dikembalikan.,Tempatnya lumayan dengan yuyu saus padang nguciwakakan dhewe dikei yuyu yang kopong akhir dhewe tidak makan y
"Manggon nang braga city walk sing sak gedung karo aston lan fave hotel, panggon iki nyaman banget dinggo nyangkruk-nyrangkruk. Kopi campur teh sing anyar lagek pisan iki aku njajal tibake enak banget, dipadu karo endog setengah mateng dadi kanca jagongan karo kanca-kanca. Panggon sing bebas rokokan tambah nyenengne karo nikmati pemandangan wira-wiri wong-wong sing mlebu metu mal iki.","Bertempat di braga city walk yang satu gedung dengan aston dan fave hotel, tempat ini sangat nyaman buat kongkow-kongkow. Kopi campur teh yang baru pertama kali saya nikmati ternyata sangat enak, dipadu dengan telur setengah matang menjadi pendamping mengobrol bersama teman-teman. Area yang bebas merokok semakin mengasyikkan sambil menikmati pemandangan lalu lalang orang-orang yang keluar masuk mal ini.","Manggon nang braga city walk yang sak gedung karo aston dan fave hotel, tempat ini nyaman banget dinggu nyangkruk-nyangkruk. Kopi campur"
"Gianyar nompo bantuan sosial 2018 gedene rp 44, 9 milyat","Gianyar terima bantuan sosial 2018 sebesar rp 44, 9 miliar","Gianyar nompo bantuan sosial 2018 gedene rp 44, 9 milyat"
Iki salah siji conto generasi sing ora kangge. Ora malah migunani dinggo bangsa nanging malah dadi sesuatu sing mbahayani dinggo bangsa! Mantep jeraten ae nggawe uu ite,Ini salah satu contoh generasi yang tidak berguna. Bukan malah bermanfaat untuk bangsa tapi malah jadi sesuatu yang berbahaya bagi bangsa! Mantap jerat saja pakai uu ite,Saya salah sampai conto generasi yang tidak kangge. Saya malah migunannya dinggu bangsa nanging malah dadi sesuatu yang mbahay
"Sore konco, wektu iki lagi dilakokne pemeliharaan dadi aplikasi ora isa diakses.","Sore sahabat, saat ini sedang dilakukan pemeliharaan sehingga aplikasi tidak dapat diakses.","Sore konco, wektu ini lagi dilakoknya pemeliharaan dapat aplikasi tidak diakses."
Tenan ringkih dhewe iki aku uga jiden saktenane,Memang lemah kita ini aku juga penakut sebenarnya,Tenan ringkih dhewe ini saya juga jiden saktenan
"Terakhir nyang hanamasa regane 120 ewu / wong. Nanging puase luwih saka iku. Isa njupuk panganan sakpuase, nanging rasa ora nggelakne, pinter-pintere awakdewe ae ngeracik dewe. Lak penggemar daging sapi mesti seneng mrene","Terakhir ke hanamasa harganya 120 ribu / orang. Tapi puasnya lebih dari itu. Bisa ambil makanan sepuasnya, tapi rasa tidak mengecewakan, pintar-pintar kita saja meracik sendiri. Kalau penggemar daging sapi pasti suka ke sini",Terakhir nyang hanamasa harganya 120 ewu / wong. Namun puasan luwih saka iku. Isa njupuk panganan sakpuas
"Kanggo menyang ing the peak mesthi wae karasa adoh banget saka pusat kutha bandung, lan aksese sing lumayan mbingungake lan dalan cilike mbelak-mbelok. Nanging kowe bisa ora bakal kesasar amarga meh ing saben enggokan ana tanda marang ing the peak. Panggonane apik banget kanggo kowe sing nggolek suasana mbengi romantis, kanthi pemandangan mbengi kutha sing apik tenan.","Untuk menuju ke the peak memang terasa sangat jauh dari pusat kota bandung, dan aksesnya yang agak membingungkan dan jalan kecil berkelok-kelok. Namun anda mungkin tidak akan tersesat karena hampir di tiap belokan ada signage menuju ke the peak. Tempatnya sangat bagus untuk anda yang mencari suasana malam romantis, dengan pemandangan malam kota yang menakjubkan.","Tempatnya menyangkan di the peak mesthi wae karasa adoh banget saka pusat kutha bandung, dan aksese yang lumayan mbingungkan"
Kebon raya bogor isa didadekne salah siji tujuan destinasi wisata,Kebun raya bogor bisa dijadikan salah satu tujuan destinasi wisata,Kebon raya bogor adalah salah sampai tujuan destinasi wisata
"The peak panggone ning cedeke lembang, waratan duwur ning bandung sing adem lan panggone sing apik banget nanging dalan ngge moro panggonan iki kelok-kelok banget lan tikungan landep lan curam, ora disarane dingge motoran pas udan-udan lan wengi. Ning the peak ana nggen mangan sing pemandangane kutha bandung sing indah saka nggunung, rega panganane sing larang banget lan ora sumbut.","The peak berlokasi di dekat lembang, dataran tinggi di bandung yang sejuk dan lokasi yang sangat baik namun jalan untuk mencapai tempat ini sangat berkelok disertai tikungan tajam nan curam, tidak disarankan untuk berkendara saat hujan dan malam hari. Di the peak terdapat restoran dengan pemandangan kota bandung yang indah dari perbukitan, harga makanan yang sangat mahal dan sangat tidak sesuai.","The peak panggone di cedeke lembang, waratan duwur di bandung yang adem dan panggone yang apik banget di dalan yang moro panggonan ini kelok-kelok"
Aku kapok nganggo jasa lion air,Saya kapok menggunakan jasa lion air,Aku kapok nganggo jasa lion air
Akeh bab sing isa dhewe tindakake kanggo ngisi wektu luwang.,Banyak hal yang dapat kita lakukan untuk mengisi waktu luang.,Akeh bab yang isa dhewe tindakake kanggo ngisi wektu luwang.
Saya apatis ngelaporake bab-bab kaya iki. Amarga nganti minggu wingi isih tetep hurung digarap. Mung janji-janji terus.,Semakin apatis melaporkan hal-hal seperti ini. Karena sampai minggu lalu masih tetap belum dikerjakan. Hanya janji-janji terus.,Saya apatis ngelaporakan bab-bab kaya iki. Amarga nganti minggu wingi isih tetep hurung digarap. Namun janji-janji terus.
Rega dhuwur banget porsi sithik banget ora janji maneh aku teko kanggo kepindho. Panganane ora beda adoh karo emakku dong!,Harga selangit porsi seiprit tidak janji lagi saya datang untuk yang kedua kali. Masakannya tidak beda jauh sama ema saya dong!,Rega dhuwur banget porsi sithik banget tidak janji adalah aku teko kanggo kepindho. Panganannya tidak beda adoh
"Anyar lan kashediya, 5 sekat mangan awan kotak kotak mangan yooyee kotak bekal anti bocor 590","Baru dan tersedia, 5 sekat makan siang kotak kotak makan yooyee kotak bekal anti bocor 590","Anyar dan kashediya, 5 sekat makan awan kotak kotak makan yooyee kotak bekal anti bocor 590"
"Ora ngerti ya kenangapa resto iki manggoni ranking 12 saka 1800an resto sing ana ing jakarta. Regane larang! Panggonane ndhelik, lan rasa panganane biasa bae. Aja percaya banget karo review sing nyesatake.","Tidak mengerti ya kenapa resto ini menduduki peringkat 12 dari 1800an resto yang ada di jakarta. Harga mahal! Lokasi tersembunyi, dan rasa makanan biasa saja. Jangan terlalu percaya sama review yang menyesatkanlah.","Ora ngerti ya kenangapa resto ini manggoni ranking 12 saka 1800an resto yang ana ingin jakarta. Reganya larang! Panggonannya ndhelik, dan rasa"
Bledosan ning aksi protes ning afghanistan mateni wong 68,Ledakan dalam aksi protes di afghanistan tewaskan 68 orang,Bledosan di aksi protes di afghanistan mateni wong 68
"Aku teka marang restoran kuwi bareng karo kancaku. Kancaku kakehan kaget ndhelok pemandangane sing apik tenan ing mbengi. Aku ndhuweni kasempatan njajal stik impore, enak tenan apa maneh sause. Mmm yummi. Yen ana kasempatan aku pengen teka maneh marang kana.","Saya berkunjung ke restoran itu bersama dengan teman saya. Teman saya kebanyakan terkejut melihat pemandangannya yang sangat indah di malam hari. Saya berkesempatan mencoba steak impornya, sangat enak apalagi sausnya. Mmm yummi. Kalau ada kesempatan saya ingin berkunjung lagi ke sana.",Saya teka restoran ke bareng karo kancaku. Saya kakehan kaget ndhelok pemandangan yang ada tenan di mbengi. Saya ndhelok pe
Akses menyang dusun bambu isa ditekani kira-kira ing wektu 1 - 2 jam nganggo mobil pribadi. Mara menyang dusun bambu diusahakake pas wektu wengi amarga awake dhewe isa ndelok cetha pemandangan sing ana lan wektu sing pas kanggo mangan wengi.,Akses menuju dusun bambu bisa ditempuh kira-kira dalam waktu 1 - 2 jam menggunakan mobil pribadi. Berkunjung ke dusun bambu diusahakan saat petang hari karena kita dapat melihat jelas pemandangan yang ada dan waktu yang pas untuk makan malam.,Akses menyang dusun bambu isa ditekani kira-kira di wektu 1 - 2 jam nganggo mobil pribadi. Mara menyang dusun bambu diusahakakan pas wek
"Panganane oke padha karo xo suki liyane. Nanging sanajan dina prei gedhe kaya badha iki udhu artine meseme prei lan pesenan ombe, lan liya-liyane kudu mesen ping akeh. Tulung dijaga kepuasan pelanggane. Matur suwun,","Makanan oke sama seperti xo suki lainnya. Tetapi walaupun hari libur besar seperti lebaran ini bukan berarti senyumnya libur dan order minum, dan lain-lain harus order berkali-kali. Tolong di jaga kepuasan pelanggannya. Terima kasih.",Panganan oke padha karo xo suki liyan. Nanging sanajan dina prei gedhe kaya badha ini udhu artinya meseme prei dan pesan
"Restoran iki yaiku panggon kuliner sing wajib diparani umpama nyang bandung. Ora mung panganane sing manjakne ilat panganan sunda banget, restoran iki uga dibangun nganggo konsep mangan santai ning jero kali dadi nawarne pengalaman kuliner sing berkesan banget. Kudu dijajal dinggo sopo ae sing nyang bandung.","Restoran ini adalah sebuah destinasi kuliner yang wajib dikunjungi bila ke bandung. Selain makanan yang sangat memanjakan lidah makanan sunda, restoran ini juga dibangun dengan konsep makan santai di dalam saung yang dikelilingi alam hutan dan pegunungan yang dihias pepohonan rindang dan dihibur oleh gemericik air sungai sehingga menawarkan pengalaman kuliner yang teramat mengesankan. Harus dicoba bagi siapapun yang ke bandung.",Restoran ini adalah kuliner yang wajib diparani umpama yang bandung. Ora mung panganan yang manjaknya ilat panganan sunda banget
Mbalik ngaktifne paket data indosat merga isa akses youtube unlimited.,Kembali mengaktifkan paket data indosat karena dapat akses youtube unlimited.,Mbalik beraktifkan paket data indosat merupakan isa akses youtube unlimited.
Aku nembe ngerti ketemu kancaku sek makarya nang trans tv,Saya baru saja bertemu teman saya yang bekerja di trans tv,Saya nembe ngerti ketemu kancaku sekarang makarya nang trans tv
"Omah mangan ning dalan anggrek iki nduwe keistimewaan jenis seafood sing rena-rena lan ana sing isih urip dinggo dipilih lan dimasak pas kuwi uga. Rena-rena jenis panganan isa dipilih lan wektu ngenteni sing sediluk nggarai adewe ora tek kesuwen keluwen ngenteni. Menu kerapu kukuse enak banget lan gurih, apa meneh lak dimasak karo iwak sing isih seger. Lokasine lumayan adem, regane mirah.","Rumah makan di jalan anggrek ini memiliki keistimewaan jenis seafood yang beragam dan ada yang masih hidup untuk dipilih dan dimasak saat itu juga. Berbagai jenis masakan dapat dipilih dan waktu tunggu yang singkat membuat kita tidak terlalu lama kelaparan menunggu. Menu kerapu kukusnya sangat enak dan gurih, apalagi bila dimasak dengan ikan yang masih segar. Lokasi cukup sejuk, harga murah.",Omah makan di dalan anggrek ini keistimewaan jenis seafood yang rena-rena dan ana yang isih urip yang dipilih dan dimasak pas
"Kaya biasane awakdewe mesti golek kuliner sing liya timbangane sing liyane, awakdewe entuk ning panggen iki yaiku the restaurant padma hotel. Awakdewe pesen menu sing ana. Ana saka indonesia, eropa lan cina, tibake kabeh masakane enak kabeh.","Seperti biasa kami selalu mencari kuliner yang lain daripada yang lain, dapatlah kami di tempat ini yaitu the restaurant padma hotel. Kami memesan menu yang ada. Ada dari indonesia, eropa dan chinese, ternyata semua masakannya enak semuanya.","Kaya biasanya awakdewe mesti golek kuliner yang liya timbangan yang liyan, awakdewe entuk di panggen ini yaiku restaurant padma"
Iya kuwi sing nggawe aku kesel. Iki udu salahe sing ngelamar nanging jelas 100% salahe pihak sing ana ing ndhuwur sing embuh piye carane dheweke koordinasi. Nyesek aku kuwi sanajan iki kasus kancaku sing ing lampung.,Iya itu yang bikin saya kesal. Ini bukan kesalahan sang pelamar tapi jelas 100% kesalahan pihak yang di atas yang entah bagaimana cara mereka berkordinasi. Nyesek saya itu walaupun ini kasus teman saya yang di lampung.,Iya kuwi yang nggawe aku kesel. Iki udu salah yang ngelamar di jelas 100% salah pihak yang ana yang ndhuwur y
"Pelayanane cukup suwi, nanging suwasanane sing diwenehi apik lan unik, dadi karo ngenteni panganan isa nikmati suwasana ing restoran iki, menu sing disajikake aneka werna lan enak,","Pelayanannya agak lama, tetapi suasana yang diberikan keren dan unik, jadi sambil menunggu makanan bisa menikmati suasana di resto ini, menu yang disajikan beragam dan enak,","Pelayanan cukup suwi, nanging suwasanannya yang diwenehi apik dan unik, jadi karo ngentenya makanannya yang nikmati suwasan"
"Panganan ing kene enak-enak kanthi akeh variasine. Kabehane enak kanthi pemandangan apik. Pelayanane sing maksimal saka mbak diah lan gina saka ngewiwiti teka nganti rampung, dilayani kanthi apik tenan.","Makanan di sini enak-enak dengan banyak variasi. Semuanya enak dengan pemandangan bagus. Pelayanan yang maksimal dari mbak diah dan gina dari awal datang sampai selesai, dilayani dengan sangat baik.",Panganan di sini enak-enak tidak akan variasinya. Kabehan enak tidak pemandangan apik. Pelayanan yang maksimal tidak
"Ana ing ajang piala dunia 2018 sesuk, telkomsel njupuk bagian minangka pandukung penyiaran resmi ing perhelatan sepak bola donya kasebut.","Dalam ajang piala dunia 2018 nanti, telkomsel mengambil bagian sebagai pendukung penyiaran resmi dalam perhelatan sepak bola dunia tersebut.","Ana yang ajang piala dunia 2018 sesuk, telkomsel adalah bagian minangka pandukung penyiaran resmi di perhelatan sepak bola don"
De'e biasane tuku tisu paseo,Dia biasanya membeli tisu paseo,De'e biasanya tuka tisu paseo
"Buse ora nyaman, mbak, ora sumbut karo sing diomongne bosmu, urung maneh panganane kurang enak banget, terus panggon wisata tujuane sing nggelakne:","Busnya tidak nyaman, mbak, tidak sesuai dengan yang diomongin atasan Anda, belum lagi makanannya kurang enak banget, lalu tempat wisata tujuannya yang mengecewakan:","Buse ora nyaman, mbak, ora sumbut karo yang diomongan bosmu, urung maneh panganannya kurang enak banget, terus tempat wisata tu"
"Cukup gampang golek lokasi iki, mung ngikuti wae arah menyang tengah kota. Mengko ning kiwa dalan ketok parkiran mobil sing cukup akeh, nengkono panggonan kafe iki. Rasane kafe iki pancen arang sepi, pengunjunge akeh banget.","Cukup mudah mencari lokasi ini, tinggal mengikuti saja arah ke tengah kota. Nanti di kiri jalan terlihat parkiran mobil yang cukup banyak, disitulah tempat kafe ini. Rasanya kafe ini memang jarang sepi, banyak sekali pengunjung.","Cukup gampang golek lokasi ini, mung ngikuti wae arah menyang tengah kota. Mengko di kiwa dalan ketok parkiran mobil"
"Gela aku karo provider iki, nganti sebel, nesu, emosi, aku metu, gara gara, sinyal sing ora bener.","Kecewa saya dengan provider ini, sampai kesal, marah, emosi, saya keluar, gara gara, sinyal yang tidak benar.","Gela aku karo provider ini, nganti sebel, nesu, emosi, aku metu, gara gara, sinyal yang tidak bener."
"Sarung bantal, seprei lan slimute uwis ora putih...terus temboke wes akeh lumut..","Sarung bantal, seprai dan selimutnya tidak lagi putih...trus dindingnya sudah banyak lumut..","Sarung bantal, seprei dan slimute uwis tidak putih...terus temboke yang akan lumut.."
"Lan pas dheweke teka, saya rusak wae iki acara. Gilo banget aku karo dheweke, asli! Ngapuro yoo aku ora seneng banget karo dheweke","Dan ketika dia tiba, makin rusak saja ini acara. Jijik banget gue sama dia, asli! Maaf yaah gue enggak suka banget sama dia","Lan pas dheweke teka, saya rusak tidak ini acara. Gilo banget aku karo dheweke, asli! Ngapuro yoo aku tidak"
"Dhewe ana acara mangan mbengi wektu kuwi, es krime ora dipisah karo espresso dadi ora isa nyampur sing cocok karo selerane awakedhewe. Salmon steake uga kurang seger, kulit salmone atos, ketoke suwi ing kulkas utawa freezer. Sanajan iku menu utama sing kudune enak.","Kami ada acara makan malam waktu itu, ice krimnya tidak dipisahkan dengan espresso jadi tidak bisa mencampur sesuai selera masing-masing. Salmon steaknya juga kurang segar, kulit salmonnya keras, keliatannya lama di kulkas atau freezer. Padahal itu menu utama yang seharusnya enak.","Dhewe ana acara makan mbengi wektu kuwi, es krime tidak dipisah karo espresso dahi tidak isa nyampur yang coco"
"Panggonane gampang ditemukake. Resik lan higienis, pelayanane apik, dhewe bisa diskusi babagan panganan kang kasadia. Asik.","Tempatnya mudah ditemukan. Bersih dan higienis, pelayanannya bagus, kita bisa diskusi tentang masakan yang tersedia. Asik.","Tempatnya gampang ditemukakan. Resik dan higienis, pelayanannya apik, dhewe bisa diskusi babagan tempatnya kang kasadia."
Buffet mangan mbengi paling top. Regane pas karo sing dientukake. Rasane enak piliane akeh. Regane kadang didiskon yen teko rombongan. Sukses terus ya.,Buffet makan malam paling top. Harga sesuai yang didapat. Rasanya enak pilihannya banyak. Harga kadang didiskon jika datang rombongan. Sukses selalu ya.,Buffet makan mbengi paling top. Reganya pas karo yang dientukakan. Rasanya enak pilianya akan. Reganya kadang didiskon yen teko rombongan
Panggon sing apik yen dinikmati wengi. Cukup nyaman. Ragane lumayan murah. Senenganku stik tenderloine. Cukup enak.,Tempat yang bagus kalau dinikmati malam hari. Cukup nyaman. Harga cukup terjangkau. Favorit saya steak tenderloinnya. Cukup enak.,Panggon yang adalah dinikmati wengi. Cukup nyaman. Ragan lumayan murah. Senenganku stik tenderloine. Cukup enak.
"Njajal kanggo buka puasa ing kene. Kanggo rega sing kagolong larang ana ing antara hotel berbintang sakelasae, rasa sing ditawakake tenan nguciwakake. Pastane ora ana rasane, panganan liyane uga ora ana rasane. Beda tenan karo apa sing biasa ditawakake. Lan pelayanane uga kurang profesional pas ngelakoni pembayaran nganggo kartu kredit.","Mencoba untuk buka puasa di sini. Dengan harga yang tergolong mahal di antara hotel berbintang sekelasnya, rasa yang ditawarkan sangat mengecewakan. Pastanya hambar, makanan lain juga hambar. Sangat berbeda dengan apa yang biasa ditawarkan. Dan pelayanan juga kurang profesional pada saat melakukan pembayaran dengan mengunakan kartu kredit.","Njajal kanggo buka puasa di kene. Namun rega yang kagolong larang ana di antara hotel berbintang sakelasae, rasa yang ditawakakan tenan di"
"Aku uga bingung loh, sing ndukung tokoh kuwi meh kabeh setipe bisane mung ngenyek-ngenyek, fitnah, tembung-tembung kasar, nyebarna isu ngapusi, ngutamakake emosi, akal sehate ora pernah dinggo.","Gue juga bingung loh, pendukung tokoh itu hampir semuanya setipe bisanya cuma maki-maki, fitnah, kata-kata kasar, menyebar isu bohong, mengutamakan emosi, akal sehat tidak pernah dipakai.","Saya juga bingung loh, yang mendukung tokoh kuwi meh kabeh setipe bisa mung ngenyek-ngenyek, fitnah, tembung-tembung ka"
"Omah mangan nusa indah saiki gelakne ah. Reget, uwong ditokne wae ngrokok ning ruangan nggo ac, pangganan suwe tekane.","Rumah makan nusa indah sekarang mengecewakan ah. Kotor, orang didiamkan saja merokok di ruangan ber ac, makanan lama datangnya.","Omah makan nusa indah saiki gelaknya ah. Reget, uwong ditoknya wae ngrokok di ruangan nggo ac, makanan sua"
Nadia nggoleki hem kanggo adike ning uniqlo,Nadia mencari kemeja untuk adiknya di uniqlo,Nadia digoleki hem kanggo adike di uniqlo
"101 dalmatians: The series yaiku seri kartun tipi sing digawe karo disney television animation, kerjo bareng karo jumbo pictures.","101 dalmatians: The series adalah sebuah seri animasi televisi yang diproduksi oleh disney television animation, bekerja sama dengan jumbo pictures.","101 dalmatians: The series yaiku seri kartun tipi yang digawe karo disney television animation, kerjo bareng karo jumbo pictures."
Kantor kang nyambungake korsel - korut dibuka pekan iki,Kantor penghubung korsel - korut dibuka pekan ini,Kantor yang menyambungkan korsel - korut dibuka pekan ini
Menehi berkah bareng sinde! Etukna 50 paket umroh saben tuku minimal rp 15.000 ning alfamart.,Berbagi berkah bersama sinde! Dapatkan 50 paket umroh setiap pembelian minimal rp 15.000 di alfamart.,Menehi berkah bareng sinde! Etuknya 50 paket umroh saben tuku minimal rp 15.000 dan alfamart.
"Tuku kaos, topi utawa jam tangan ning lapak monoton roomstore busa ditawa khusus nganggo aplikasi ning hape bosku.","Beli kaos, topi atau jam tangan di lapak monoton roomstore bisa diego khusus pakai aplikasi di hape boskuh.","Tuku kaos, topi utawa jam tangan di lapak monoton roomstore busa ditawa khusus di aplikasi di hape bosku."
"Aplikasi google maps akeh paedahe, aku puas nganggone!","Aplikasi google maps sangat bermanfaat, saya puas menggunakannya!","Aplikasi google maps adalah paedah, adalah puas nganggone!"
"Kanggo malem minggu ing kene pasangan diwenehi panggonan sing ora kapenak, amarga pas uwong lewat ing kana panggonane dhewe obah-obah, luwih pase mirip kaya warung pinggir dalan. Ora sesuai karo rega panganane sing disajikake, kudune pasangan uga diwenehi panggonan sing apik uduk sembarang nerima tamu lan dideleh ing panggonan kaya kuwi.","Untuk malam minggu di sana pasangan diberi tempat yang tidak nyaman, karena saat orang lewat di sana tempat kami goyang-goyang, lebih tepatnya mirip seperti warung pinggir jalan. Tidak sesuai dengan harga makanan yang disajikan, seharusnya pasangan juga diberi tempat yang bagus bukan sembarang terima tamu dan taruh di tempat seperti itu.","Kalau malem minggu di sini pasangan diwenehi panggonan yang tidak kapenak, amarga pas uwong lewat di kana panggonan dhewe obah"
Menu panganan cukup rena-rena lan nggarai sir mesen kabeh. Mirah? Jelas ae!,Menu makanan cukup bervariasi dan bikin mau dipesan semuanya. Murah? Pastinya!,Menu panganan cukup rena-rena dan nggarai sir mesen kabeh. Mirah? Jelas ae!
Bagikno sak akeh-akehe. Ben wong iki diproses. Kangen ndelok video njaluk sepiro karo nangis-nangis terus wadul nyang mbok e terus omong lak perlakuane kuwi ora sengaja.,Bagikan sebanyak-banyaknya. Biar ini orang diproses. Kangen melihat video minta maaf sambil nangis-nangis lalu ngadu ke emak lalu bilang kalau perlakuan itu tidak sengaja.,Bagikno sak akan-akan. Ben tidak ini diproses. Namun video dijaluk sepiro karo nangis-nangis terus wadul yang mbok
"Soto kudus iki anane ning pinggir dalan, kaping pisan arep mangan rada ora mantep uga sih. Amarga pengen ngerti rasa kudus yo dijajal sek. Ee saktenane uga enak lho, lan ana uga pilihan kanggo nyampurake, pokoke enak tenan. Regane murah pol deh. ","Soto kudus ini adanya di kaki lima, pertama kali mau makan agak ragu juga sih. Karena ingin tahu rasa kudus ya dicoba dulu. Ee ternyata enak juga lho, dan ada juga pilhan untuk mencampurnya, pokoknya enak sekali deh. Harganya murah meriah deh.","Soto kudus ini akan di pinggir dalan, kaping pisan arep makan rada tidak mantep juga sih. Amarga pengen ngerti rasa kudus yo dijaja"
Olahraga wengi isa dadi pilihan kanggo ngisi wektu lowong.,Olahraga di malam hari dapat menjadi pilihan untuk mengisi waktu luang.,Olahraga tidak adalah pilihan tidak berisi wektu lowong.
Restoran seafood. Menu spesiale yuyu sing dipangan karo kulite. Kanggo aku kurang enak. Kulite isih rada atos. Pelayanane biasa-biasa bae.,Restoran seafood. Menu spesialnyanya kepiting yang dimakan dengan kulitnya. Untuk saya kurang enak. Kulitnya masih agak keras. Pelayanannya biasa-biasa saja.,Restoran seafood. Menu spesiale yuyu yang dipangan karo kulite. Kanggo aku kurang enak. Kulite isih rada atos. Pelayanan biasa-biasa ba
"Enak lumayan, nanging regane larang amarga porsine luwih sithik. Ana pilihan infused kangen water sek cukup kanggo 4 uwong","Enak lumayan, tapi harganya mahal karena porsinya sedikit kecil. Ada pilihan infused kangen water yang cukup untuk 4 orang","Enak lumayan, tidak harganya larang amarga porsinya luwih sithik. Ana pilihan infused kangen water yang cukup tidak 4 uw"
"Dinggo daerah banda aceh lan sekitare sik lancar, ora ana gangguan blas.","Untuk daerah banda aceh dan sekitarnya masih lancar, tidak ada gangguan sama sekali.","Dinggu daerah banda aceh dan sekitare sik lancar, tidak ada gangguan blas."
Emosi karo gojek sing kerep nyasar yen arep menyang omahku.,Emosi dengan gojek yang selalu nyasar kalau mau ke rumah saya.,Emosi karo gojek yang kerep nyasar yen arep menyang omahkan.
"Kafe sing nyaman, enak lan murah kanthi desain kafe sing unik lan marakna krasan. Panganan enak lan kopi enak lan fasilitas wifi sing cepet lan tv kabel","Kafe yang nyaman, enak dan murah dengan desain kafe yang unik dan bikin betah. Makanan enak dan kopi enak serta fasilitas wifi yang cepat dan tv kabel","Kafe yang nyaman, enak dan murah kanthi desain kafe yang unik dan maraknya krasan. Panganan enak dan kopi enak dan"
"Uwis sewulan luwih ora mangan indomie, sakpisane mangan langsung nggawe rong porsi indomie goreng jumbo.","Sudah sebulan lebih tidak makan indomie, sekalinya makan langsung bikin dua porsi indomie goreng jumbo.","Uwis sewulan luwih tidak makan indomie, sakpisan makan langsung tidak harga porsi indomie goreng jumbo."
"Mangan sikil wedus bagian pupu sing empuk lan lumayan gedhi dinggo ukuran medium, pas dingge wong siji, mangan tanpa sega, karo es lemon tea. Seger kurange mung panggone kebul-kebul, wajar kan jenenge uga wedus bakar hehehe","Makan kaki kambing paha yang empuk dan lumayam besar untuk ukuran medium, pas untuk satu orang, makan tanpa nasi, dengan es lemon tea. Segar kekurangannya hanya tempatnya berasap, wajar kan namanyan jg kambing bakar hehehe","Makan sikil wedus bagian pupu yang empuk dan lumayan gedhi dinggu ukuran medium, pas dinggu wong siji, makan tanpa sega, karo"
"Panggone lumayan unik, rasa panganane biasa, menu sing ditawakne uga biasa, mung panggone karo keunikane sing menarik, cara nyeluk pelayane nganggo nutuk kentongan,. Aku pas mrana wengi, diambah udan, udarane lumayan adem nyrusuk belung, sempet ngenteni kira-kira limolas menit ben iso entuk panggon, merga bek blok wektu iku. Disaranke lak sir mrana sore-sore.","Tempatnya cukup unik, rasa makanan standar, menu yang ditawarkan juga biasa, hanya saja yang menarik tempat dan keunikannya, cara memanggil pelayannya dengan memukul kentongan,. Aku pas ke sana pada malam hari, ditambah hujan, udaranya cukup dingin menusuk tulang, sempat menunggu kira-kira 15 menit untuk bisa dapat tempat, karena penuh blok pada saat itu. Disarankan kalau mau ke sana sore-sore.","Panggone lumayan unik, rasa panganan biasa, menu yang ditawaknya juga biasa, mung panggone karo keunikan yang menarik, cara nye"
"Ning pilkada 2018, polri dijaluk ningkatne pengamanan ning sekitar tps.","Dalam pilkada 2018, polri diminta meningkatkan pengamanan di sekitar tps.","Ning pilkada 2018, polri dijaluk dikatnya pengamanan di sekitar tps."
"Ora bosen apa film indonesia sing main deknen terus, udu ngomong deknen ora apik, nanging yen pemaine kuwi kuwi bae uga bosen ndheloke.","Tidak bosan apa film indonesia yang main dia terus, bukan bilang dia tidak bagus, tetapi kalau pemain itu itu melulu jenuh juga melihatnya.","Orang bosan apa film indonesia yang main deknya terus, uda ngomong deknya tidak ada apik, nyaman pemain kuwi"
Wingi Dian tuku kathok anyar liwat aplikasi Lazada,Kemarin Dian membeli celana baru lewat aplikasi Lazada,Wingi Dian tuka kathok anyar liwat aplikasi Lazada
"Dhewe arep menyang lembang kanthi kahanan luwe. Pas ndhelok saung pengkolan iki dhewe langsung mandhek kanggo mangan. Dhewe milih lesehan ing tingkat 2 dadi entuk pemandangan sek apik. Pesenane dhewe yaiku cumi goreng glepung, gurame goreng krispi, oseng genjer lan rong menu tahu sek aku lali jenenge. Umume ora ana sek istimewa saka hidangan kuwi. Mbok menawa pilihanku. Lanjutane","Kami dalam perjalanan ke lembang dalam keadaan lapar. Saat melihat saung pengkolan ini kami langsung berhenti untuk makan. Kami memilih lesehan di lantai 2 sehingga mendapatkan pemandangan yang indah. Pesanan kami adalah cumi goreng tepung, gurame goreng crispy, tumis genjer dan dua menu tahu yang saya lupa namanya. Secara keseluruhan tidak ada yang istimewa dari hidangan tersebut. Mungkin pilihan saya. Lanjutan",Dhewe arep menyang lembang kanthi kahanan luwe. Pas dhelok saung pengkolan ini dhewe langsung mandhek kanggo makan. Dhewe milih lese
Entuk bonus tcahs 12.500 nanging ora isa dienggo kanggo tuku pulsa sing regane 10 ewu h aneh,Dapat bonus tcash 12.500 tapi tidak bisa dipakai buat beli pulsa yang seharga 10 ribu h aneh,Tidak bonus tcahs 12.500 di sini tidak di sini tuku pulsa yang harganya 10 ewu h aneh
"Kaping kapisan aku marang rana, meja-meja mulai tuwa lan uga menu panganan sing ora patio variatif. Nanging regane ora bisa diomong murah, amarga kudune kanthi rega-rega sakmono bisa entuk sing luwih apik. Utamane pas aku marang kamar mandi, reged tenan lan mambu ora enak:","Saat pertama ke sana, meja-meja mulai usang dan juga menu makanan yang tidak begitu bervariatif. Namun harganya tidak bisa dibilang murah, karena seharusnya dengan harga-harga segitu bisa dapat yang lebih baik. Terutama saat saya ke toilet, sangat kotor dan berbau tidak sedap:","Kaping kapisan aku marang rana, meja-meja mulai tuwa dan uga menu panganan yang tidak patio variatif. Namun harganya tidak bisa dio"
"Ombean apa sih kok cara nggombene aneh, rasane uga aneh maneh","Minuman apa sih kok cara minumnya aneh, rasanya aneh juga lagi","Ombean apa sih kok cara bergombene aneh, rasanya juga aneh maneh"
"Tanggal 12 february iku ulang taune pacarku, lan aku ngajak dee dinggo mangan nyang sawiji restoran sing terkenal ning surabaya. Aku pengen menehi kado ulang taun karo mangan sing enak ning kana. Nanging. Pas iku aku teka kira kira jam setengah 3. Panggon kebeg dadi awakdewe kudu ngenteni. Daftar tunggu pas kuwi sekitar 4 meja.","Tanggal 12 february adalah ulang tahun pacar saya, dan saya mengajak dia untuk makan di sebuah restaurant yang terkenal di surabaya. Saya ingin memberi kado ulang tahun dengan makan yang enak di sana. Tapi. Saat itu saya datang kira kira jam setengah 3. Tempat penuh sehingga kami harus menunggu. Daftar tunggu pada saat itu sekitar 4 meja.","Tanggal 12 february iku ulang taune pacarkan, dan aku ngajak dee dinggu makan nyang sawiji restoran yang terkenal di surabaya."
"Ora seneng ndelok bocah sma saiki, yen nganggo jilbab rambute pada disengajakake metu, maksude apa?","Tidak suka melihat anak sma sekarang, kalau pakai jilbab rambutnya pada disengajakan keluar, maksudnya apa?","Ora senang melihat bocah sma saiki, yang jilbab rambute pada disengajakan metu, maksude apa?"
Calon-calon pemimpin negeri iki cukup kuwat nyiapake strategi kanggo kemenangane.,Calon-calon pemimpin negeri ini cukup kuat mempersiapkan strategi untuk kemenangannya.,Calon-calon pemimpin negeri ini cukup kuwat nyiapak strategi kanggo kemenangan.
Adikku lagi ndhelok harry potter ing trans tv,Adik saya sedang menonton harry potter di trans tv,Adikku lagi dhelok harry potter di trans tv
"Salah siji restoran paling tak senengi ning bandung. Panggonane nylepit, nanging isih kenek dijangkau. Menu panganane enak, sunda banget. Pemadangane ya apik, kahanane pancen nggarai mripat lan ilat kabeh puas. Bar mangan sampek wareg. maleh sir turu ning saunge.","Salah satu restoran favorit saya di bandung. Lokasinya terpencil, tetapi masih terjangkau. Menu makanannya enak, sunda sekali. Pemandangannya indah, suasananya memang membuat mata dan lidah semua terpuaskan. Selesai makan sampai kenyang, jadi ingin tidur di saungnya.","Salah saja restoran paling tak senengi di bandung. Panggonannya nylepit, nyaman isih kenek dijangkau. Menu panganannya enak, sa"
Endi taring kpk? Kasus ecek-ecek puluan yuta kowe cekel senajan nganti ing bolongan semut! Waras kowe kpk?,Mana taring kpk? Kasus ecek-ecek puluhan juta kamu tangkap sampai ke lubang semut sekalipun! Waraskah anda kpk?,Endi taring kpk? Kasus ecek-ecek puluan yuta kowe cekel senajan nganti di bolongan semut! Waras kowe kpk?
"Menu ning panggen iki asline sederhana banget nanging sing nduwe kreatif. Sajian mie, roti lan panganan penutupe di campur karo rena-rena pilihan. Panggone asik dingge nglumpuk karo kanca-kanca. Dingge regane ora tek larang sumbut karo rasane.","Menu di tempat ini sebetulnya sederhana banget tapi pemiliknya kreatif. Sajian mie, roti dan makanan penutupnya di mix sama berbagai pilihan. Tempatnya asik buat berkumpul dengan teman-teman. Untuk harganya tidak terlalu mahal sesuai sama rasanya.","Menu di panggen ini asline sederhana banget nanging yang dalam kreatif. Sajian mie, roti dan panganan penutup di campur karo rena-rena pil"
"Restoran kanthi metode penyajian bedha. Piring panggonan mangan diganti karo godhong gedhang. Menu panganan khas sunda kanthi citarasa sing enak. Saka segi rega cukup kakancan, panggonan mangan amba lan akeh pilian meja, parkir cukup amba.","Restoran dengan metode penyajian berbeda. Piring tempat makan diganti dengan lembaran daun pisang. Menu makanan khas sunda dengan citarasa yang enak. Dari segi harga cukup bersahabat, tempat makan luas dan banyak pilihan meja, parkir cukup luas.",Restoran yang metode penyajian bedha. Piring makan diganti karo godhong gedhang. Menu makanan khas sunda yang citarasa yang enak. Saya segi rega
"Restoran alas daun nyajikake menu khas sunda sek ora beda adoh karo restoran khas sunda liyane, nanging sek nggawe beda yaiku ora nganggo piring lan mung diwenehi godhong gedhang sek diselehake ing meja sek ngganteni piring. Dadi kaya uwong ing India sek mangan didhasarkae godhong gedhang.","Restoran alas daun menyajikan menu khas sunda yang tidak jauh berbeda dengan restoran khas sunda lainnya, tapi yang membuatnya berbeda adalah tanpa piring, dan hanya diberi daun pisang yang diletakkan di meja sebagai pengganti piring. Jadi mirip orang di india yang makan beralaskan daun pisang.","Restoran alas daun menyajikan menu khas sunda sekarang tidak ada beda adoh karo restoran khas sunda liyan, tidak"
Rasa sotone miturutku pedes nanging gurih. Ngombe sirup markisa sing seger karo es liline sing enak.,Rasa sotonya menurut saya pedas tapi gurih. Minum sirup markisa yang segar sama es lilinnya yang enak.,Rasa sotone miturutkan pedes nanging gurih. Namun sirup markisa yang seger karo es liline yang enak.
"Aku mara ning restoran iki kanggo mangan wengi bareng rencang. Aku mesen stik pithik sing sebenere aku lali jenenge. Rasane biasa banget wae, anyep. Pithike kandhel lan krasa atos lan garing banget. Ora ana sing istimewa.","Saya mengunjungi restoran ini untuk makan malam bersama teman. Saya memesan steak ayam yang sebenarnya saya lupa namanaya. Rasanya sangat biasa saja, hambar. Ayamnya tebal dan terasa keras dan kering sekali. Tidak ada yang istimewa.",Saya makan di restoran ini kanggo makan di bareng rencang. Saya mesen stik pithik yang sebenere adalah lali jenenge. Rasanya biasa tidak
Dhewe kan saling sengit siji liyane kawit 4 taun kepungkur.,Kita kan saling membenci satu sama lain sejak 4 tahun yang lalu.,Dhewe kan saling sengit sampai liyan kawit 4 tahun kepungkur.
Bapak biasane nganggo semir sepatu kiwi,Ayah biasanya memakai semir sepatu kiwi,Bapak biasanya menganggu semir sepatu kiwi
Richeese factory yaiku restoran waralaba sing nyajikake pithik kanthi rasa pedes kanthi macem-macem level. Cocok tenan kanggo kowe sing tresna rasa pedes.,Richeese factory adalah restaurat waralaba yang menyajikan ayam dengan rasa pedas dengan berbagai level. Sangat cocok untuk anda pecinta rasa pedas.,Richeese factory adalah restoran waralaba yang menyajikan pithik rasa pedes yang macem-macem level. Cocok tenang kanggo kowe yang tresnya
"Pas rapat ning hotel sensa, aku pesen batagor riri nganggo aplikasi gofood / gojek. Pesenan teka ora suwe merga tibake paket batagor lan siomay wes di-pak ning plastik vakum. Rega sing enek ning aplikasi gojek / gojek urung termasuk pajek segedhe 10%.","Saat rapat di hotel sensa, saya memesan batagor riri menggunakan aplikasi gofood / gojek. Pesanan tiba dalam waktu tidak lama karena ternyata paket batagor dan siomay sudah di-pack dalam plastik vakum. Harga yang tertera dalam aplikasi gojek / gojek belum termasuk pajak sebesar 10%.","Pas rapat ning hotel sensa, aku pesan batagor riri aplikasi gofood / gojek. Pesanan teka tidak suasa merga tibak paket ba"
Aku moro ing restoran iki ora pas jam mangan awan. Nanging restorane lumayan rame lan untunge awakdewe isa ndang entuk panggonan lungguh. Lebar lungguh panganan lan ombenane langsung disajikake. Sambel ijone kurang karasa pedes kanggo awakdewe. Panganane enak cukup puas mangan ing kene.,Saya mengunjungi restoran ini bukan saat jam makan siang. Tapi restorannya cukup ramai dan untungnya kami bisa cepat dapat duduk. Begitu duduk makanan dan minuman langsung dihidangkan. Sambal hijaunya kurang terasa pedas buat kami. Makanan enak cukup puas makan di sini.,Saya moro di restoran ini tidak pas jam makan awan. Namun restorannya lumayan rame dan untungya awakdewe isa tidak entuk panggonan lung
"Gampang cemburu ndelok dee guyonan karo wedokan, nanging awakdewe uduk sopo-sopone","Suka cemburu melihat doi bercanda sama cewek, tetapi kita bukan siapa-siapanya","Gampang cemburu di sini guyonan saja wedokan, di sini awakdewe uduk sopo-soponnya"
Pungkasane aku mangan pesen lewat pesen kirim. Anakku seneng tenan gedel isi iwake. Restoran jaman mbien sing terkenal tenan. Regane sing cukup kajangkau kantong sak lan rasa panganane sing cukup enak.,Terakhir saya makan pesan via delivery order. Anak saya sangat suka perkedel isi daging -nya. Restoran zaman dahulu yang sangat terkenal. Harga yang cukup terjangkau kantong dan rasa masakan yang cukup enak.,Pungkasana saya makan pesan lewat pesan kirim. Saya senang tenang gedel isi iwake. Restoran jaman mbien yang terkenal tenan. Regan
Parkiran angel bnaget sampek muter ping 3. Saran: Parkir ning cedek hotel ae terus mlaku. Restoran ning area perumahan.,Parkiran susah bener sampai berputar 3x. Saran: Parkir di dekat hotel saja terus jalan kaki. Restoran di area perumahan.,Parkiran angel bnaget sampek muter ping 3. Saran: Parkir di cedek hotel adalah terus mlaku. Restoran di area perumahan.
"Aku gumun karo telkomsel, kuotane akeh kok nanging cepet banget enteke, padahal ora akeh mbukak aplikasi abot. Nyurigakake","Suka heran sama telkomsel, kuotanya banyak kok tapi cepat banget abisnya, padahal tidak banyak buka aplikasi berat. Mencurigakan","Saya gumun karo telkomsel, kuotanya akan nanging cepat banget enteke, padahal tidak akan mbukak aplikasi abot."
Bocah saiki lagek gerang wis wani nyolong,Anak sekarang baru gede sudah berani mencuri,Bocah saik lagek gerang wis wani nyolong
"Nduwe kesempatan nikmati santap isuk merga lagi nginep ning hotel iki. Minangka pengunjung anyar kaya aku lan paling sing liyane isa ae bakal antusias merga suwasana santap isuk sing diwernani karo pemandangan saka sisih wetan, merga saka sisih kuwi ana kaendahan bangunan hotel sepisan kolam renange. Liyane kuwi uga ana barisan bukit lan nggunung bakal nambah pengenan dingge foto-foto.","Berkesempatan menikmati santap pagi karena sedang menginap di hotel ini. Sebagai pengunjung baru seperti saya dan mungkin yang lainnya barangkali akan antusias terhadap suasana santap pagi yang diwarnai dengan pemandangan dari sisi timur, karena dari sisi tersebut terdapat keindahan bangunan hotel berikut kolam renangnya. Selain itu juga terdapat barisan bukit dan pegunungan akan menambah keinginan untuk berfoto ria.",Nduwa kesempatan nikmati santap isuk merga lagi nginep ning hotel ini. Minangka pengunjung anyar kaya aku dan paling yang liyan ad
"Telekomunikasi ora mung kanggo kutha gedhe, nanging uga nganthi marang daerah pelosok lan perbatasan negara cc: Telkomsel","Telekomunikasi bukan hanya untuk kota besar, tapi juga sampai ke daerah pelosok dan perbatasan negara cc: Telkomsel","Telekomunikasi tidak kanggo kutha gedhe, tidak tidak makan daerah pelosok dan perbatasan negara cc: Telkomsel"
Apike wektu turu paling sithik iku limang jam.,Sebaiknya jam tidur minimal lima jam.,Apike wektu turu paling sithik adalah limang jam.
"Aku bareng kanca kerja sengaja nyoba mangan awan ning kene, kanggo panggonan kagolong cukup kapenak yen ning lantai dhuwur. Rasa pithik bakar ning kene tenan dak rekomendasikake karo sambel pelem.","Saya bersama rekan kerja sengaja mencoba makan siang di sini, untuk tempat terbilang cukup nyaman jika di lantai atas. Rasa ayam bakar di sini sangat saya rekomendasikan bersama sambal mangga.","Saya bareng kanca kerja sengaja nyoba makan awan di kene, saya tempatnya kagolong cukup kapenak yen di lantai"
Aku gela karo pelayanane. Siktasan aku pesen grabfood pesenen ora diterna nanging wis dimarekne. Tulung gae selektif milih tukang nyambut gawe.,Saya kecewa dengan pelayanannya. Barusan saya pesan grabfood pesanan tidak diantar tapi sudah diselesaikan. Mohon untuk selektif memilih pekerja.,Saya gela karo pelayanannya. Siktasan aku pesan grabfood pesanannya tidak diterna nanging wis dimareknya. Tulung gae selektif
"Wis ilang handphone xiaomi redmi note 5 werna gold 64 / 4 ning daerah duri kidul, jembatan lima, tambora, jakarta barat.","Telah hilang handphone xiaomi redmi note 5 warna gold 64 / 4 di daerah duri selatan, jembatan lima, tambora, jakarta barat.","Wis ilang handphone xiaomi redmi note 5 werna gold 64 / 4 di daerah duri kidul, jembatan lima, tambora, jakarta barat."
Aku ora kuciwa karo produke apple,Saya tidak kecewa dengan produk apple,Aku ora kuciwa karo produke apple
"Youtube saben dina saya akeh iklane, njengelake!","Youtube semakin hari semakin banyak iklannya, menyebalkan!","Youtube adalah dina saya ke iklane, njengelake!"
"Iku indomie karo mangkoke wis wira-wiri, kepisah sisan isi lan adahe.","Itu indomie sama mangkoknya sudah berkeliaran, terpisah pula isi sama wadahnya.","Iku indomie karo mangkoke wis wira-wiri, kepisah sisan isi dan adahe."
Dhewe marang kafe iki kanggo mangan serabi. Serabine kanggo dhewe kandel banget ing bagian tengah. Akeh tenan piliah topping serabine nganti mumet milihe. Ternyata regane luwih larang saka warung setiabudi. Kuciwa.,Kami ke kafe ini untuk makan serabi. Serabinya bagi kami terlalu tebal di bagian tengah. Banyak sekali pilihan topping serabi sampai pusing memilihnya. Ternyata harganya lebih mahal dari warung setiabudi. Kecewa.,Dhewe marang kafe ini kanggo makan serabi. Serabine kanggo dhewe kandel banget ingin bagian tengah. Akeh tenan piliah topping serabine
"Bistik murah, cocok kanggo sing anggarane cilik nanging pingin mangan murah lan wareg, kajaba bistik uga panganan liyane enak lan murah. Susanane lumayan rame, umume akeh kaluwarga utawa bocah sekolahan.","Steak murah, cocok untuk yang budgetnya kecil tapi ingin makanan murah dan kenyang, selain steak juga makanan lainnya enak dan murah. Suasananya lumayan ramai, biasanya banyak keluarga atau anak sekolahan.","Bistik murah, cocok kanggo yang anggarannya cilik di pingin makan murah dan wareg, kajaba bistik juga makanan liyan enak dan murah"
"Pertemuan antarane pihak bank bri, bpbat sungai gelam - jambi, lan pokdakan sek ana ing desa pudak. Kanggo ngrembug bentuk panyaluran dana csr saka bank bri","Pertemuan antara pihak bank bri, bpbat sungai gelam - jambi, dan pokdakan yang ada di desa pudak. Untuk mendiskusikan bentuk penyaluran dana csr dari bank bri","Pertemuan antara pihak bank bri, bpbat sungai gelam - jambi, dan pokdakan sek ana ingin desa pudak. Namun nasi bentuk panyal"
"Panggonan iki menarik tenan, pemandangan apik, ana arena dolanan ing njaba kanggo sakulawarga. Tenan disaranake kanggo kaluwarga sing ndhuwe bocah cilik. Panganan halal lan menu rena-rena.","Tempat ini sangat menarik, pemandangan bagus, ada arena bermain di luar untuk sekeluarga. Sangat disarankan untuk keluarga dengan anak kecil. Makanan halal dan menu bervariasi.","Panggonan ini menarik tenan, pemandangan apik, ana arena dolanan ingin njaba tidak sakulawarga. Tenang disaranakan tidak kaluwarg"
"Hotel arep check-in wae ruwet. Nunggu amarga ngresiki kamar suwe banget, gela lah. Iki pisanane aku mrana. Terus langsung diwenehi kesan pisanan sing ora apik.","Hotel mau  check-in aja ribet. Menunggu karena membersihkan kamar lama banget, kecewa dah. Ini pertama kalinya gue ke sana. Terus langsung dikasih first impression yang tidak bagus.","Hotel arep check-in wae ruwet. Namun amarga ngresiki kamar suasana, gela lah. Iki pisanannya aku mrana. Terus langsung diwenehi kes"
"Amarga kartu oktrip wektu iki yaiku saka bni, mulakna isi ulang isa dilakokake ing mitra-mitra sing kerja sama karo bni.","Karena kartu oktrip saat ini adalah dari bni, maka isi ulang bisa dilakukan di mitra-mitra yang bekerjasama dengan bni.","Amarga kartu oktrip wektu ini yaiku saka bni, mulaknya isi ulang isa dilakokake ingin mitra-mitra yang"
Ngge kabeh seh apik. Karyawane yo grapyak grapyak. Lan pemandangane apik. Nanging panganane kelarangen. Larang banget malah. Dompet kudu kandel.,Secara keseluruhannya sih bagus. Karyawanya juga ramah ramah. Dan pemandangannya bagus. Tapi makanannya terlalu mahal. Mahal banget malah. Dompet harus tebal.,Ngge kabeh seh apik. Karyawanya yo grapyak grapyak. Lan pemandangan apik. Namun panganannya kelarangen. Larang banget malah. Dompet
"Mangan karo kaluwarga bakal luwih nyenengake kanthi kabeh fasilitas sing ana. Lokasine sing apik, panganane sing cukup enak kanthi aneka werna pilian. Lan pemandangan lan suwasana dadi andalan","Makan bersama keluarga akan lebih menyenangkan dengan semua fasilitas yang ada. Lokasi yang bagus, makanan yang cukup enak dengan beragam pilihan. Dan pemandangan serta suasana jadi andalan","Mangan karo kaluwarga bakal luwih nyenengakan kanthi kabeh fasilitas yang ada. Lokasinya yang apik, makan"
"Sega goreng mafia sing manggon ning dalan setiabudi awakdewe pilih merga pingin golek panganan sing cepet. Ditambah yaiku salah siji kuliner sing wajib diparani ning bandung. Aku milih sega goreng sing favorit ning kene yaiku sega goreng bandit sing tingkat pedese ning level 3. Panganan sing disajikne cukup cepet, nanging sayange sega goreng sing tak pesen segane atos, bumbon rempahe ketutupan.","Nasi goreng mafia yang terletak di jalan setiabudi kami pilih karena ingin mencari makanan yang cepat. Ditambah merupakan salah satu kuliner yang wajib dikunjungi di bandung. Saya memilih nasi goreng yang favorit di sini yaitu nasi goreng bandit hingga tingkat kepedasan di level 3. Makanan yang disajikan cukup cepat, namun sayangnya nasi goreng yang saya pesan nasinya keras, bumbu rempahnya tertutupi.",Sebagai goreng mafia yang manggon di dalan setiabudi awakdewe pilih merga pingin golek makanan yang cepat. Ditambah adalah sala
Iki yaiku sop stengkel paling enak ning aceh tamiang.,Ini adalah sop stengkel terenak di aceh tamiang.,Ik saya saya sop stengkel paling enak di aceh tamiang.
Kanggo kakang admin tulung doooooonk bales pesen langsungku,Untuk kakak admin tolong doooooonk balas pesan langsung saya,Kalau admin tulung doooooonk bales pesan langsungku
"Pemandangan sing utama ing sky lounge grandia iki memang isa ngeculake keselmu. Malah isa dadi, para pelancong nggolek area iki ndhisik, dibandingake ngaso ing kamar.","Pemandangan yang utama di sky lounge grandia ini memang dapat melepas penat anda. Bahkan bisa jadi, para pelancong mencari area ini terlebih dahulu, dibandingkan beristirahat di kamar.","Pemandangan yang utama di sky lounge grandia ini memang isa ngeculake keselmu. Malah isa dadi, para pelancong nggolek area ini ndhisik, diband"
"Dhewe teka panggonan iki amarga lokasine sing cedhak karo panggonan dhewe nginep. Dhewe mesen sega bakar lan pasta. Sega bakare enak, akeh pilian, lan ora pedes, isa kanggo bocah-bocah. Dene pasta mung ana sak macem, nanging rasane uga enak. Rega panganan uga ora larang lan kajangkau kanggo panganan ing ngisor 30 ewu. Ing panggonan iki uga gratis wifi.","Kami mengunjungi tempat ini karena lokasinya yang berdekatan dengan tempat kami menginap. Kami memesan nasi bakar dan pasta. Nasi bakarnya enak, banyak pilihan, dan tidak pedas, bisa untuk anak-anak. Sedang pasta hanya ada satu macam, namun rasanya pun enak. Harga makanan pun tidak mahal dan terjangkau untuk makanan di bawah 30 ribu. Di tempat ini juga gratis wifi.",Dhewe teka panggonan ini amarga lokasinya yang cedhak karena panggonan dhewe nginp. Dhewe mesen saja bakar dan pasta. Sega
"Kanggo ngenthukne pemandangan sing apik kanthi cahyo lampu warna-warni, apike teka ing wayah wengi. Amarga nduweni latar mburi pemandangan jembatan Pasupati sing dadi simbol kota.","Untuk mendapatkan pemandangan yang bagus dengan cahaya lampu warna-warni, sebaiknya berkunjung pada malam hari. Karena memiliki latar belakang pemandangan jembatan Pasupati yang merupakan simbol kota.","Tempatnya ngenthuknya pemandangan yang adalah cahyo lampu warna-warni, adalah teka di wayah wengi. Amarga adal"
"Aku teka ning resto sapulidi iki merga ana rekomendasi saka internet sing tau tak waca lak pemandangan sing apik banget lan panggon mangan pas ning sawah sing nggarai aku sir teka nyang panggon iki. Nanging pas aku teka kabeh ganti dadi elek, mulai panggon parkir sing isa diarani enek, dalan akses amoh lan panggon akses sing cilik.","Saya datang ke resto sapulidi ini karena rekomendasi dari internet yang pernah saya baca bahwa pemandangan yang sangat bagus dan tempat makan tepat di sawah yang membuat saya tertarik untuk datang ke tempat ini. Namun ketika saya sampai semua hal berubah menjadi buruk, mulai dari tempat parkir yang bisa dikatakan tersedia, jalan akses rusak dan kecilnya tempat akses.",Saya teka di resto sapulidi ini merupakan rekomendasi saka internet yang tak ada lak pemandangan yang ada banget dan makan pas di sawa
"Amarga ngelih, aku pesen indomie.","Karena lapar, saya pesan indomie.","Amarga ngelih, aku pesan indomie."
"Sate wedhus lan gule wedhuse maknyus, penyajian panganane uga cepet tenan. Panggonane cukup resik","Sate kambing dan gulai kambingnya maknyus, penyajian makanannya juga sangat cepat. Tempatnya cukup bersih","Sate wedhus dan gule wedhuse maknyus, penyajian panganan uga cepat tenan. Panggonannya cukup resik"
"Sup guramene enak, pelayanane cepet, grapyak. Restoran resik. Amarga porsi sega sithik tenan, kanggo sing doyan mangan mesthi nambah.","Sup guramenya enak, pelayanan cepat, ramah. Restoran bersih. Karena porsi nasi sangat sedikit, buat yang doyan makan pasti menambah.","Sup guramenya enak, pelayanan cepat, grapyak. Restoran resik. Amarga porsi saja sithik tenan, kanggo yang doyan makan mes"
"Restorane ana pemandangan curuge, panggonan mangan kaya saung. Saunge ana akeh saka ngisor munggah nganthi ing ndhuwur, saya munggah saya katon pemandangan curuge.","Restorannya ada pemandangan air terjunnya, tempat makan berupa saung. Saungnya ada banyak dari bawah naik hingga ke atas, semakin ke atas semakin terlihat pemandangan air terjunnya.","Restoran saya pemandangan curuge, tempat makan kaya saung. Saya adalah saja nisor munggah nganthi di ndhuwur, saya mungga"
"Pelayane grapyak. Nggarai terus pingin teka maneh. Kebeneran uga kerep nginep ning kene, hotele resik lan pemandangane saka kamar hotel apik.","Pelayannya ramah. Bikin selalu ingin datang kembali. Kebetulan juga sering menginap di sini, hotelnya bersih dan pemandangan dari kamar hotel bagus.","Pelayannya grapyak. Nggarai terus pingin teka maneh. Kebeneran juga kerep nginya di sini, hotel resik dan pemandanganannya s"
"Mangan mbengi karo kabeh kaluwarga ing dina ulang taun bojo ndhuweni kesan tenan kanthi suasana sing narik ati ing hotel. Pelayanan sing grapyak tenan saka mas tian. Ora kudu ngenteni suwi, panganan lan ombean sing dipesen.","Makan malam bersama seluruh keluarga di hari ulang tahun suami menjadi sangat berkesan dengan suasana yang menawan di hotel. Pelayanan yang sangat ramah dari mas tian. Tidak perlu menunggu lama, makanan dan minuman yang dipesan.",Makan mbengi di sini kabeh kaluwarga di dina ulang taun bojo di sini kesan tenan kanthi suasana yang narik ati di hotel.
"Obong terus pak, suwek-suwek wae persatuan lan kesatuan Indonesia nganggo retorika mu.","Bakar terus pak, cabik-cabik saja persatuan dan kesatuan Indonesia dengan retorika mu.","Obong terus pak, suasana-suasana persatuan dan kesatuan Indonesia tidak retorika mu."
"Manggon ana ing pinggiran bukit, panggonane amba, nyenengake lan nyaman. Nduwe pemandangan sek nyenengake mripat, kaya gunung, kebon, lan kutha bandung nalika didhelok saka ndhuwur. Pegawaine cekatan lan grapyak. Menu panganane akehe menu steak sanajan uga ana menu sega goreng, gurame, lan liya-liyane. Restoran sing direkomendasikake kanggo diparani nalika teka ing bandung.","Terletak di tepi bukit, tempatnya luas, menyenangkan dan nyaman. Memiliki pemandangan yang memanjakan mata, seperti gunung, perkebunan, dan kota bandung jika dilihat dari atas. Pegawainya cekatan dan ramah. Menu makanan di dominasi oleh menu steak walaupun ada juga menu nasi goreng, gurame, dll. Restoran yang direkomendasikan untuk dikunjungi ketika datang ke bandung.","Manggon ana di pinggiran bukit, tempatnya amba, nyenengakan dan nyaman. Namun pemandangan yang nyenengakan mripat, kaya gunung,"
Bca lagi ngadakake acara ulang tahun lan ngundang kabeh karyawane kanggo melu acara kuwi.,Bca sedang mengadakan acara ulang tahun dan mengundang seluruh karyawannya untuk mengikuti acara tersebut.,Bca lagi mengadakake acara ulang tahun dan mengundang kabeh karyawanya kanggo melua acara kuwi.
"Kawit mbukak cendana bistro aku wis njajal panganan, dinggo aku kurang cocok, panganane biasa-biasa ora ana sing spesial.","Sejak buka cendana bistro saya sudah coba makanan, untuk saya kurang cocok, makanannya biasa-biasa tidak ada yang spesial.","Kawit mbukak cendana bistro di sini njajal panganan, di sini aku kurang cocok, panganan biasa-biasa di sini yang spesial."
Minimal biaya transaksi wulan 11 sing kudune dibalekake wulan 12 wingi ora mlebu ing rekeningku kie.,Minimal biaya transaksi bulan 11 yang harusnya direfund bulan 12 kemarin tidak masuk ke rekening saya nih.,Minimal biaya transaksi wulan 11 yang kuduna dibalekakan wulan 12 wingi tidak mlebu yang rekening saya.
"Sakwise kalap blanja, dhewe mutusake kanggo mangan ing warung tenda pinggir dalan. Ana ing lelungan marang hotel, dhewe lewat dalan cilik kanggo nyingkir saka macet, lan ketemu warteg iki. Pas teka rame banget! Dhewe kudu antri sediluk. Dhewe pesen sega uduk, pithik bakar madu, usus, kubis goreng. Rasane enak! Pithik bakar madune parah nggawe kemaningan banget!","Setelah kalap belanja, kami memutuskan untuk makan di warung tenda pinggir jalan. Dalam perjalanan pulang ke hotel, kita lewat jalan kecil untuk menghindari macet, dan bertemu warteg ini. Pas datang ramai banget! Kita mesti antre sebentar. Kami pesan nasi uduk, ayam bakar madu, usus, kol goreng. Rasanya enak! Ayam bakar madunya parah bikin ketagihan banget!","Sakwise kalap blanja, dhewe mutusakan yang makan di warung tenda pinggir dalan. Ana yang leungan marang hotel, dhewe lewat dalan cilik yang"
Beritane sing ora berkualitas lan ora ndidik pol. Kebeg kepentingan lan golek rai.,Pemberitaanya yang tidak berkualitas dan sangat tidak mendidik. Penuh kepentingan dan pencitraan,Beritanya yang orang berkualitas dan orang ndidik pol. Kebeg kepentingan dan golek rai.
Bakul alon nanggepi. Ana masalah suwe diurus. Nganti saiki barang urung diganti,Penjual lambat menanggapi. Ada kendala lama diurus. Sampai sekarang barang belum diganti,Bakul alon nanggepi. Ana masalah suasana diurus. Nganti saiki barang urung diganti
Aja lewatke diskon langsung nganti Rp 10 yuta ning kene!,Jangan lewatkan diskon langsung hingga Rp 10 juta di sini!,Aja lewatkan diskon langsung nganti Rp 10 yuta di sini!
Pt kami lan 12 bank wis tapak asma pembiayaan lrt jabodetabek,Pt kami dan 12 bank sudah menandatangani pembiayaan lrt jabodebek,Pt kami dan 12 bank wis tapak asma pembiayaan lrt jabodetabek
"Nembe ngerti babagan panggonan iki saka kanca, wektu dhewe teka pengunjunge ora patia akeh, dadi dhewe milih kanggo lungguh ing lantai loro karo nikmati pemandangan ing njaba. Mbengi kuwi lagi ana pagelaran musik, aku kurang ngerti apa pagelaran musik iki ana saben dina apa ora.","Baru tahu tentang tempat ini dari teman, waktu kami datang pengunjungnya tidak terlalu banyak, jadi kami memilih untuk duduk di lantai dua sambil menikmati pemandangan di luar. Malam itu sedang ada pertunjukan musik, saya kurang tahu apakah pertunjukan musik ini ada tiap hari atau tidak.","Nembe ngerti babagan tempat ini saka kanca, wektu dhewe teka pengunjungnya tidak patia akeh, dahi dhewe milih"
Aku pingin tuku 20 tiket dinggo laga persebaya vs arema sesok.,Saya ingin beli 20 tiket untuk laga persebaya vs arema besok.,Saya pingin tuka 20 tiket dinggu lagi persebaya vs arema sesok.
"Panganan uwis oke, nanging kanggo nata panggonan lungguh kurang, katon rame banget dadi ora nyaman, rega lumayan kanthi kualitas sing kurang.","Makanan sudah oke, namun untuk penataan tempat duduk kurang, terlihat terlalu ramai sehingga tidak nyaman, harga lumayan dengan kualitas yang kurang.","Panganan uwis oke, nanging kanggo nata panggonan lungguh kurang, katon rame banget dadi tidak nyaman, harga lumayan"
"Aku seneng suwi-suwi ning kene, merga kahanane enak, pencahayaane apik, ana plihan isa ning jaba nggen utawa ning jero. Panganane lumayan.","Saya senang berlama-lama di sini, karena suasananya enak, pencahayaannya bagus, ada pilihan bisa di luar ruangan atau di dalam. Makanannya lumayan.","Saya senang suwi-suwi di kene, merupakan enak, pencahayaan apik, ada plihan isa di jaba nggen utawa"
Kabeh sing diomongne pak rocky iku ora ana dasare. Nggumun yo kok isa dadi profesor.,Semua yang diomongin sama pak rocky itu tidak berdasar. Heran ya kok bisa jadi professor.,Kabeh yang diomongan pak rocky iku tidak ada dasare. Namun yo kok isa dapat profesor.
"Restoran iki nduweni lokasi sing prima ing bukit-bukit sing nduweni hawa sejuk lan pemandangan ijo nyegerake. Mesthi wae tujuan utamane yaiku masakan khas nusantara sing nikmat. Cekake, ngunjungi mrene dhewe entuk ngelakokake sisan wisata ilat, mripat, lan jiwa.","Restoran ini memiliki lokasi yang prima di perbukitan yang memiliki udara sejuk dan pemandangan hijau menyegarkan. Tentu saja tujuan utamanya adalah masakan khas nusantara yang nikmat. Singkatnya, berkunjung ke sini kita dapat melakukan sekaligus wisata lidah, mata, dan jiwa.",Restoran ini mudah lokasi yang prima ingin bukit-bukit yang mudah sejuk dan pemandangan yang menyegerakan. Mesthi tujuan u
"Bojoku sek ora terlalu seneng karo ramen, kanggo siki deknen ngomong nek enak lan gurih. Deknen malah mesen maneh kanggo deknen sakwise nyicipi pesenanku.","Istri saya yang tidak terlalu suka ramen, untuk kali ini dia bilang enak dan gurih. Dia malah memesan lagi untuk dirinya setelah mencicipi pesanan saya.","Bojoku sekarang tidak terlalu seneng karo ramen, kanggo siki deknya ngomong nek enak dan gurih. Deknya mal"
Panggone nyaman. Rasane enak. Regane uga saat. Weduse ora prengus. Pokoke cocok kanggo wong sing seneng njajan wedus.,Tempatnya nyaman. Rasanya enak. Harganya juga saat. Kambingnya tidak bau. Pokoknya recomend buat pecinta kuliner kambing.,Panggone nyaman. Rasanya enak. Reganya juga saat. Weduse tidak prengus. Pokoke cocok kanggo wong yang suka njajan wedus
"Salah siji restoran panganan laut paling apik ing kota iki. Apike teka pas preinan dina setu, yuyu isih apik lagi teka. Rega kompetitif, ora murah pancen nanging ora kelarangen kok.","Salah satu restoran seafood terbaik di kota ini. Sebaiknya datang pas liburan hari sabtu, kepiting masih bagus baru datang. Harga bersaing, tidak murah memang tapi tidak kemahalan kok.","Salah saja restoran keanan laut paling apik di kota ini. Apike teka pas preinan dina setu, yuyu isih apik lagi teka. Rega kompetit"
"Kanggo nggolek batagor sing asli, kowe ora perlu adoh-adoh nggoleke marang pelosok, cukup arahke kendaraan marang dalan saka djunjunan, dhewe isa nikmati batagor asli sing enak kanthi panggonan sing kapenak. Rasa batagor sing ditawakake ngugah salira tenan amarga batagor disajikake garing-garinge lan diguyang kuwah kacang sing seger","Untuk menemukan batagor yang otentik, anda tak perlu jauh-jauh mencarinya ke pelosok, cukup arahkan kendaraan ke jalan dari djunjunan, kita dapat menikmati batagor asli yang enak dengan tempat yang nyaman. Rasa batagor yang ditawarkan sangat menggugah selera karena batagor disajikan garing-garingnya serta disiram kuah kacang yang segar","Saya bergolek batagor yang asli, kowe tidak perlu adoh-adoh bergoleke marang pelosok, cukup arahkan kendaraan marang"
"Citarasane biasa wae, ora ana sek spesial. Kudune ngenteni cukup suwi nganti teka panganane, pelayane uga kurang grapyak.","Citarasa biasa saja, tidak ada yang spesial. Harus menunggu cukup lama datangnya makanan, pelayan juga kurang ramah.","Citarasan biasa wae, tidak anak sekarang spesial. Kudunya ngenteny cukup suwi nganti teka makanan, pelayan juga kurang grapyak"
Roti ulang tahune spesial nganggo ndhog sakpiring ditambah mozzarella kanggo kowe,Kue ulang tahun spesial pakai telur sepiring plus mozzarella buat kamu,Roti ulang tahune spesial diganggo ndhog sakpiring ditambah mozzarella kanggo kowe
Arep nesu marang indosat! Kok sinyale ilang terus si,Mau marah ke indosat! Kok sinyalnya hilang melulu si,Kok sinyale ilang terus siang indosat!
"Omah mangan sing ngusung konsep tradisional alias jadul iki pantes kowe coba. Kejaba rasane sing pas, warung iki duweni sawetara perkara unik kaya piring sing dienggo yaiku piring seng jaman mbiyen karo gelas ombeane. Jenis menune aneka werna banget. Lan sakkabehe enak enak!","Rumah makan yang mengusung konsep tradisional alias jadul ini patut anda coba. Selain rasanya yang pas, warung ini memiliki beberapa hal unik seperti piring yang digunakan adalah piring seng zaman dahulu berikut gelas minumnya. Jenis menunya sangat beragam. Dan semuanya enak enak!","Omah makan yang berusung konsep tradisional alias jadul ini pantes kowe coba. Kejaba rasanya yang pas, warung ini duweni sawetara per"
Kfc Palembang Square kerep dadi peyelamat pas luwe pas aku nginep ning sekitar hotel ning lokasi iku. Kabeh wong seneng kfc. Dadi. Kfc ning lokasi iki nyepetne sampeyan dinggo pesen pas sampeyan keluwen ning jero hotel.,Kfc Palembang Square seringkali menjadi penyelamat di saat lapar saat saya menginap di sekitaran hotel di lokasi itu. Semua orang suka kfc. So. Kfc di lokasi ini menyegerakan anda untuk memesan saat anda kelaparan di dalam hotel.,Kfc Palembang Square kerep ada peyelamat pas luwe pas ada nginp di sekitar hotel di lokasi iku. Kabeh wong seneng kfc.
Aneka werna ombean seger kasadia awit saka jus buah nganti rena-rena teh.,Berbagai macam minuman segar tersedia mulai dari jus buah sampai aneka teh.,Aneka wernya ombean seger kasadia awit saja jus buah nganti rena-rena teh.
"Dekwingi 10 Maret 2015, aku dijak anakku mangan awan ning kene. Aku pesen urang kremes lan jangan asem. Bener-bener enak. Lan sing spesial ning kene yaiku sambele, pedes nanging pancet gelem nambah. Jus blackberryne uga enak.","Kemarin 10 Maret 2015, saya diajak anak saya makan siang di sini. Saya pesan udang kremes dan sayur asam. Betul-betul enak. Dan yang spesial di sini adalah sambalnya, pedas tapi tetap mau menambah. Jus blackberrynya juga enak.","Dekwingi 10 Maret 2015, saya dijak saya makan awan di sini. Saya pesan urang kremes dan jangan asem. Bener-bener enak."
Ndhuwe restoran kudu mewah rapi mosok iki lumuten jamuren pelayane kurang muasake mosok aku ditumpahi banyu sek ombeyane ana madune aku iki alergi madu,Punya restoran harus mewah rapi masa ini berlumut berjamur pelayan kurang memuaskan masa saya ditumpahkan air mana minumnya ada madu saya itu alergi madu,Ndhuwe restoran kudu mewah rapi mosok ini lumuten jamuran pelayan kurang muasakan mosok ini ditumpahi banyu sek ombeyan
"Aku nembe bae ganti kartu sing rusak, nanging tetep ora ana sinyal.","Saya baru saja ganti kartu yang rusak, tapi tetap tidak ada sinyal.","Saya nembe bae ganti kartu yang rusak, saya tetep tidak ada sinyal."
Adohi narkoba yaiku salah siji cara sing isa digunakake kanggo ningkatake kualitas anak bangsa.,Jauhi narkoba adalah salah satu cara yang bisa digunakan untuk meningkatkan kualitas anak bangsa.,Adohi narkoba adalah salah siji cara yang adalah digunakake kanggo ningkatake kualitas adalah bangsa.
"Kafe iki ndhuweni arsitektur bangunan kang apik banget. Amarga penasaran, aku njupuk wektu muteri karo ngenteni panganan teka. Ana galeri sing kebak karo koleksi-koleksi kayu lan ing njaba galeri, katon pemandangan bandung saka ndhuwur. Ing sakitare uga akeh kursi kang digawe saka kayu lan uga watu-watu. Saka panganane, regane kalebu lumayan standar cocok karo kafe-kafe. Aku seneng suasanane.","Kafe ini memiliki arsitektur bangunan yang sangat bagus. Karena penasaran, saya meluangkan waktu berkeliling sembari menunggu makanan datang. Ada galeri yang penuh dengan koleksi-koleksi kayu dan di luar galeri, tampak pemandangan bandung dari ketinggian. Di sekitar banyak juga kursi terbuat dari kayu dan juga bebatuan. Dari sisi makanan, harganya termasuk relatif standar sesuai dengan cafe-cafe. Saya suka suasananya.","Kafe ini mendapatkan arsitektur bangunan kang apik. Amarga penasaran, aku njupuk wektu muteri karo ngenteni panganan"
"Nganggoa kunci duplikat, bank bri ing tengah kutha dibobol maling, dhuwit rp 1 miliar muspra.","Gunakan kunci duplikat, bank bri di pusat kota dibobol maling, uang rp 1 miliar lenyap.","Nganggoa kunci duplikat, bank bri ing tengah kutha dibobol maling, dhuwit rp 1 miliar muspra."
"Mbengi sekitar jam pituan dijak pelanggan marang panggonan mangan iki, umume sih panganane luwih akeh sek di goreng-goreng ngono kaya pithik, babat, usus, ati ampela, nanging miturutku sih rasane biasa wae, lan minyake ing panganan akeh banget. Nanging variane cukup akeh:","Malam sekitar jam tujuan diajak klien ke tempat makan ini, over all sih makanannya lebih banyak yang di goreng-goreng begitu kayak ayam, babat, usus, ati ampela, tapi menurut saya sih rasanya biasa saja, dan minyaknya di makanan terlalu banyak. Tapi variannya cukup banyak:","Mbengi sekitar jam pituan dijak pelanggan marang panggonan makan ini, umumnya sih panganannya luwih akan di goreng-goreng ngono kay"
"Hai angga, dingge penerbitan tiket owahan jadwal kudu nglakokne pembayaran disik ya.","Hai angga, untuk penerbitan tiket perubahan jadwal diharuskan melakukan pembayaran dulu ya.","Hai angga, dingin penerbitan tiket owahan jadwal kudu nglakoknya pembayaran disik."
Masku dodol iphone 8 kanggo tuku ps5,Kakak lelaki saya menjual iphone 8 untuk membeli ps5,Masku dodol iphone 8 kanggo tuku ps5.
Aku mbela-mbelani saka bogor 7 jam kanggo mangan sup buntute nanging aku enteni saka jam 8.30 hurung buka uga. Akhire aku teka jam 10.00. Pesen sup buntute hurung ana kanthi alesan mau mbengi rame dadi kokine isih kesel. Wow alesan macem apa kaya kuwi? Beda tenan wektu aku mangan 1 taun kepungkur ya. Panggonane reged tenan kaya ora niat ndhuwe usaha.,Saya bela-belain dari bogor 7 jam demi makan sup buntutnya tetapi saya tunggu dari jam 8.30 belum buka juga. Akhirnya saya datang jam 10.00. Pesan sup buntut belum ada dengan alasan tadi malam ramai jadi chefnya masih tepar. Wow alasan macam apa seperti itu? Beda sekali waktu saya makan 1 tahun yang lalu ya. Tempat sangat kotor seperti tidak niat punya usaha.,Saya mbela-mbelani saja bogor 7 jam kanggo makan sup buntute yang saya enteni saja 8.30 hurung buka uga. Saya aku teka jam
"Kanggo ngecek layanan mandiri verified by visa vbv ora isa lewat layanan mandiri call 14000, nanging mung isa lewat email lan kantor cabang bank mandiri.","Untuk pengecekan layanan mandiri verified by visa vbv tidak dapat melalui layanan mandiri call 14000, namun hanya bisa melalui email dan kantor cabang bank mandiri.","Kecek layanan mandiri verified by visa vbv tidak bisa lewat layanan mandiri call 14000, tidak bisa lewat email dan kantor cabang bank mandir"
"Kudu njajal nggo nyantai utawa mangan mbengi nang 18th iki, pemandangan sek katon ki apik lan sek dadi daya tarik nang 18th yaiku ndue mester kaca. Regane lumayan larang amarga panggonane ana ing trans hotel, namung unda-undi karo rasa kepenake.","Harus coba untuk bersantai atau makan malam di the 18th ini, pemandangan yang didapat baik dan yang menjadi daya tarik di the 18th terdapat lantai kaca. Untuk harga cukup tergolong mahal karena terletak di trans hotel, tetapi sebanding dengan rasa kenyamanannya.","Kudu njajal di sini utawa makan mbengi di 18th iki, pemandangan sek katon ki apik dan sek dadi daya tarik di sini"
Salah siji mal nganggo konsep sing lumayan unik. Akeh pilihan restoran dadi cocok dingge ngentekne wektu bareng kanca-kanca.,Salah satu mal dengan konsep yang cukup unik. Banyak pilihan restoran sehingga cocok untuk menghabiskan waktu bersama teman-teman.,Salah saja mal nganggo konsep yang lumayan unik. Akeh pilihan restoran jadi cocok dinggu ngenteknya wektu bareng kanca-
"Lokasine ana ing dalam utama dadi gampang dhewe kanggo tekan panggonane, yen ora nduwe kendaraan dhewe iki bisa ditekani kanggo kendaraan umum. Menu panganane akeh tenan lan ana pirang-pirang menu sing anyar pisanan aku nemu ing kedai iki, rasane enak kanggo rega sing standar, panggonane kapenak tenan.","Lokasinya berada di jalan utama sehingga memudahkan kami untuk mencapai tempatnya, jika tidak memiliki kendaraan pribadi tempat ini dapat dijangkau dengan kendaraan umum. Menu makanannya sangat banyak dan ada beberapa menu yang baru pertama kali saya temukan di kedai ini, rasanya pun enak dengan harga yang standar, tempatnya sangat nyaman.","Lokasinya ada di dalam utama dahi gampang dhewe kanggo tekan panggonannya, yen tidak tidak kendaraan dhe"
Panggonan iki ora cocok kanggo kaluwarga sing nggawa bayi. Dalanane curam tenan. Kanggo anjungan foto ing njaba mung entuk diisi  paling akeh 10 uwong nanging isih akeh sing meksa munggah kanggo foto.,Tempat ini tidak cocok untuk keluarga yang membawa anak balita. Jalanan sangat curam. Untuk anjungan foto di luar hanya boleh diisi max 10 orang tetapi masih banyak yang memaksa naik untuk berfoto.,Tempatnya ini tidak cocok kanggo kaluwarga yang nggawa bayi. Dalanan curam tenan. Namun anjungan foto di sini entuk diisi paling
"Panggonan iki salah sawijine panggonan favoritku kanggo ndhelok bogor ing dina mbengi, kanthi suwasanane sing kapenak dikancani karo panganan lan ombeane lan pelayanane sing grapyak. Cahya kutha sing tenan-tenan ayu isa kethok saka kene. Panggonan sing direkomendasikake kanggo ngentekake wektu bareng pasangan, kaluwarga utawa kanca raket.","Tempat ini salah satu tempat favourite saya untuk melihat bogor di malam hari, dengan suasananya yang nyaman ditemani dengan makanan dan minumannya serta pelayanannya yang ramah. Cahaya kota yang benar-benar indah bisa terlihat dari sini. Tempat yang rekomendasi untuk menghabiskan waktu bersama pasangan, keluarga atau sahabat.","Tempatnya ini salah sawikan tempat favorit saya mendapatkan bogor di dina mbengi, kanthi suasananya yang kapenak dikankan di tempat karo"
"Gela karo proses mbatalne tiket, wis 43 dina nanging ora ndang ditransfer. loket ora gelem ngelayani","Kecewa dengan proses pembatalan tiket, sudah 43 hari tapi tak kunjung ditransfer. loket tidak mau melayani","Gela karo proses mbatalnya tiket, wis 43 dina nyaman tidak ditransfer. loket tidak gelem ngelayani"
"Pilian mangan lan ngombene akeh kanggo dipilih. Lan panggone gede, dibagi dadi pirang-pirang bagian lan konsep. Lak rega cukupan pas kanggo ning sak.","Pilihan makan dan minuman banyak untuk dipilih. Dan tempatnya besar, dibagi menjadi beberapa bagian dan konsep. Untuk harga cukup pas buat di kantong.","Pilian makan dan keombenya akan dipilih. Lan panggone gede, dibagi jadi pirang-pirang bagian dan konsep. Selain harga cukupan pas kanggo"
"Restoran gaya jaman bityen. Ana display kue-kue, es krim uga. Suwasanane nyaman. Panganan khas omahan. Isa dinggo rombongan utawa karo kaluwarga. Panganane enak. Sega ulame enak. Sega tutug oncome uga oke. Masakan eropa, asia, nusantara kasadia ning kene. Karek milih. Bocah-bocah seneng mangan es krime ning kene.","Restoran bergaya zaman dahulu. Ada display kue-kue, es krim juga. Suasana nyaman. Makanan khas rumahan. Bisa untuk rombongan maupun dengan keluarga. Makannya enak. Nasi ulamnya enak. Nasi tutug oncomnya juga oke. Masakan eropa, asia, nusantara tersedia di sini. Tinggal pilih. Anak-anak suka makan es krimnya di sini.","Restoran gaya jaman bityen. Ana display kue-kue, es krim uga. Suasanannya nyaman. Panganan khas omahan. Isa dinggu rombongan"
"Salah sijine jeneng batagor sing kondhang ing bandung. Rasane nikmat, kanggo rega per buwahe rp. 10 ewu. Pesen 3 buwah kanggo aku cukup maregi amarga ukuran per buwahe cukup gedhe.","Salah satu nama batagor yang terkenal di bandung. Rasanya nikmat, untuk harga per buahnya rp. 10 ribu. Order 3 buah untuk saya cukup mengenyangkan karena ukurannya per buahnya cukup besar.","Salah sijine dengan batagor yang kondhang di bandung. Rasanya nikmat, kanggo rega per buwahnya rp. 10 ewu. Pesan 3 buwah kanggo aku cuk"
Tau percaya karo body lotion citra nggarai wulu tambah akeh,Pernah percaya kalau body lotion citra bikin bulu tambah banyak,Tau percaya karo body lotion citra nggarai wulu tambah akan
Macet nang ngendi-ngendi yen lagi preinan.,Macet di mana-mana kalau lagi liburan,Macet nyaman-nyaman yang lagi preinan.
"Tulung dikabarne kronologi lengkape, pulsa awit karo keri karo nyebutne tim ya mas/mbak, tim bakale ngecek transaksi penggaweane pulsane","Mohon informasikan detail kronologi, pulsa awal dan akhir dengan mention tim ya kak, tim akan cek transaksi pemakaian pulsanya","Tulung dikabarnya kronologi lengkape, pulsa awit karo keri karo nyebutnya tim ya mas/mbak, tim bakale ngece"
"Area mangan ing njabane nyenengake. Igane oke, rasane enak. Jus jeruke ditambah stroberine nikmat. Regane uga oke.","Area makan di luarnya menyenangkan. Iganya oke, rasanya enak. Jus orange plus stroberinya nikmat. Harganya pun oke.","Area makan di njabanan nyenengakan. Igannya ok, rasanya enak. Jus jerukya ditambah stroberinya nikmat. Reganya juga ok"
Kanggo kowe sek nggolek resto kanthi suwasana sek romantis ora salah maneh uga moro mrene. Lan yen kurang kowe pas-pasan pesen wae menu sek entheng-entheng. Aja diapusi karo gambar ana ing buku menu yen ora pengen nyesel. Menu sukine luwih oke namung kayane ngapae ya adoh-adoh macet-macetan mara mrene mung nggolek kuwi. Ing kutha luwih afdol kayane. Pemandangane jogja mbengine nyekel.,Buat anda yang mencari resto dengan suasana yang romantis tidak salah lagi ke sini saja. Dan kalau rendah anda pas-pasan pesan saja menu yang ringan-ringan. Jangan terkecoh dengan picture di buku menu kalau tidak mau menyesal. Menu sukinya lebih oke tapi kayaknya ngapain ya jauh-jauh bermacet ria ke sini cuma mencari itu. Di kota lebih afdol kayaknya. Pemandangan jogja malamnya memegang.,Tempatnya kowe sek nggolek resto kanthi suasana sek romantis tidak salah maneh juga moro mrenya. Lan yen kurang kowe
Rasane meh pada karo resto sing liyane sing dodolan iwak laut. Aman resik lan pelayanane cepet,Rasanya hampir sama dengan resto yang lain yang jualan seafood. Aman bersih dan pelayanannya cepat.,Rasanya meh pada karo resto yang liyan yang dodolan iwak laut. Aman resik dan pelayanannya cepat
Hasil itung cepet dinyatakne seje karo hasil survei nggarai aku nggumun.,Hasil quick count dinyatakan berbeda dengan hasil survei membuat saya bertanya-tanya.,Hasil itung cepat dinyataknya seja karena hasil survei nggarai aku nggumun.
"Kapisan marang mrene kuwi ngerayakake kelulusan adikku, panggonane kuwi loh, apik tenan. Desaine uga unik, apik, kapenak, kapenak, cocok tenan kanggo mangan mbengi bareng kaluwarga, pasangan, sedulur, lan kanca-kanca, pemandangane uga apik, panganane uga enak-enak. Regane sebanding karo pelayanane, ora gela marang mrene. Bener-bener direkomendasikake.","Pertama ke sini itu merayakan kelulusan adikku, tempatnya itu loh, keren banget. Desainnya juga unik, keren, nyaman, nyaman, cocok betul untuk makan malam bareng keluarga, pasangan, saudara, dan teman-teman, pemandangannya juga keren, makanannya juga enak-enak. Harga sebanding dengan pelayanannya, tidak menyesal ke sini. Sangat-sangat direkomendasikan.","Kapisan marang mrenya tidak menggunakan kelulusan adikku, tempatnya kuwi loh, apik tenan. Desain juga unik, apik,"
"Kabisan ngerteni woconan mben uwong kuwi seje-seje, ana sing pisan moco langsung ngerti, ana uga sing butuh ping bolak-balik moco disik lagek ngerti.","Kemampuan memahami bacaan tiap orang itu beda-beda, ada yang sekali baca sudah paham, ada juga yang butuh berkali-kali baca dulu baru paham.","Kabisan berteni woconan mben uwong kuwi seje-seje, ana yang pisan moco langsung ngerti, ana yang butuh ping bolak-ba"
Wow tenan kaget karo layanan satuan pengamanane bkpn bromo malang. Tenan diskriminasi banget. Yen aku mung pengen informasi babagan produke deknen. Dhewe diremehake. Cenderung ngusir. Kuciwa tenan!,Wow benar-benar terkejut sama layanan satuan pengamanannya bkpn bromo malang. Benar diskriminasi banget. Kalau kita hanya mau informasi tentang produk mereka. Kita disepelekan. Cenderung mengusir. Kecewa sekali!,Wow tenan kaget karena layanan satuan pengamanannya bkpn bromo malang. Tenan diskriminasi banget. Saya ada pengen informasi babagan
"Bandung terkenal dadi panggon produksi tahu lokal karo kuwalitas apik, salah siji sing paling apik isa digoleki ning warung talaga. Deweke nduwe pabrik dewe ning dalan Jendral sudirman, nanging ngembangne bisnise dadi sajian kuliner uga. Ana rena-rena pilihan sajian tahu. Direkomendasikne banget dinggo pecinta kuliner.","Bandung terkenal sebagai tempat produksi tahu lokal dengan kualitas prima, salah satu yang terbaik bisa dicari di warung talaga. Mereka punya pabrik sendiri di jalan Jendral sudirman, tapi mengembangkan bisnisnya menjadi sajian kuliner juga. Ada berbagai pilihan sajian tahu. Sangat direkomendasikan bagi pecinta kuliner.","Bandung terkenal jadi panggon produksi tahu lokal karo kuwalitas apik, salah siji yang paling apik isa digoleki di warung talaga"
Tulung dikirimke meneh tagihanku sasi wingi,Mohon dikirimkan kembali tagihan saya bulan lalu,Tulung dikirimke meneh tagihan saya sasi wingi
"Salah siji menu paling tak senengi iku mcflurry rena-rena rasa liyane paket karo iwak pitik loro. Rumangsaku, pitike mcd nduwe citarasa dewe ning bagian dodone yo teksture alus lan bumbune gurih.","Salah satu menu favorit saya adalah mcflurry aneka rasa selain menu paket dengan dua ayam. Menurut saya, ayam mcd memiliki citarasa tersendiri di bagian dadanya pun memiliki tekstur yang lembut dan bumbunya gurih.","Salah saja menu paling tak senengi iku mcflurry rena-rena rasa liyan paket yang iwak pitik loro. Rumangsaku, pitike mcd"
Aku ngrasa kaganggu ndelok parkiran mobil uwong nutupi dalan umum.,Saya merasa terganggu melihat parkiran mobil orang menutupi jalan umum.,Saya mengrasa keganggu melihat parkiran mobil tidak nutupi dalan umum.
"Satene gedi-gedi. Bumbune dipisah. Diwehi rajangan brambang lan lombok riwit didang, porsi lontong karo segane uga pas. Pokoke aku seneng.","Satenya besar-besar. Bumbunya dipisah. Dikasih irisan bawang merah dan cabe rawit dikukus, porsi lontong sama nasinya juga pas. Pokoknya saya suka.","Satnya gedi-gedi. Bumbunya dipisah. Diwehi rajangan brambang dan lombok riwit didang, porsi lontong karo seganya juga pas."
"Yen didelok-delok, sandiaga uno karo nadiem makarim mirip yo","Kalau dilihat-lihat, sandiaga uno sama nadiem makarim mirip ya","Yen didelok-delok, sandiaga uno karo nadiem makarim mirip yo"
Sugeng enjang. Wah kuciwa tenan mosok indihome internet ora kocek maneh. Aku kuwi mbayar larang. Aja nguciwakake dhewe sing dadi pelanggan,Selamat pagi. Wah kecewa berat masa indihome internet tidak kocek lagi. Saya itu bayar mahal. Jangan kecewakan kami sebagai pelanggan,Sugeng enjang. Wah kuciwa tenan mosok indihome internet tidak kocek maneh. Saya kuwi mbayar larang. Saya beruciwakakan dhe
"Sopir ora teka ing panggonan kang dituju, nanging ing aplikasi wis picu munggah, lan gopay wis kapotong, kapok aku nganggi gojek","Driver tidak datang ke tempat tujuan, tetapi di aplikasi sudah picu naik, dan gopay sudah terpotong, kapok saya pakai gojek","Sopir tidak di tempatnya kang dituju, di tempatnya aplikasi wis picu munggah, dan gopay wis kapotong, tidak ada"
"Panganan ning kene menurutku kurang enak ya, merga aku wong minang, aku ora tek seneng pangana  jawa sing legi hehe","Makanan di sini menurut saya kurang enak ya, karena saya orang minang, saya tidak terlalu suka makanan jawa yang manis hehe","Panganan di sini menurut saya kurang enak ya, merupakan aku wong minang, aku tidak saya tek senang pangana jawa yang legi hehe"
"Pajak, kak, arep njaluk nomor efin, sakdurunge wis aktifasi, namung lali password akun djponline,","Pajak, kak, mau minta nomor efin, sebelumnya sudah aktifasi, tapi lupa password akun djponline,","Pajak, kak, adalah menjaluk nomor efin, sakdurungnya wis aktifasi, namun lali password akun djponline,"
Musim udan kaya iki saban udan mesthi ora tenang wedi kabanjiran.,Musim hujan begini setiap hujan pasti tidak tenang takut kebanjiran.,Musim udan kaya ini saban udan mesthi tidak tenang wedi kabanjiran.
Sate wedus H. Ihsan iki cukop terkenal ning tegal. Lak ora iso marani panggon ning pusate. Sampeyan isa uga nemokne sate wedus H Ihsan ning pirang-pirang panggon mangan ning kutha tegal.,Sate kambing H. Ihsan ini cukup terkenal di tegal. Apabila tidak bisa mengunjungi lokasi di pusatnya. Anda bisa juga menemukan sate kambing H Ihsan di beberapa tempat makan di kota tegal.,Sate wedus H. Ihsan ini cukop terkenal di tegal. Lak tidak ada marani panggon di pusate. Sampeyan juga nemoknya sate wedus H
"Saka okehe restoran sunda ing Bandung, miturutku Ciganea salah siji favoritku. Aku seneng amarga pithike khas, digorenge ora patio garing. Terus sambele uga ora kalah enak. Menu sing liya uga enak. Panggonane kaya omah, ora patio gedhe nanging cukuplah, lan uga resik.","Dari banyaknya restoran sunda di Bandung, menurut saya Ciganea salah satu favorit saya. Saya suka karena ayamnya khas, digorengnya tidak terlalu kering. Lalu sambalnya pun tidak kalah enak. Menu yang lain pun enak. Tempatnya seperti rumah, tidak terlalu besar tapi cukuplah, dan juga bersih.","Saka okehe restoran sunda di Bandung, miturutkan Ciganea salah siji favoritku. Saya senang amarga pithike khas, digorenge tidak patio garing"
"Hotel iki uwes ngadeg saka telung puluh tahun sing kapungkur, sakdurunge aku lair. Panginepan kapisan ning kota iki. Saiki uwis akeh ngadeg hotel ning kene.","Hotel ini sudah berdiri sejak tiga puluh tahun yang lalu, sebelum saya lahir. Penginapan pertama di kota ini. Sekarang sudah banyak berdiri hotel di sini.","Hotel ini uwas mengadeg saka telung puluh tahun yang kapungkur, sakdurung yang lair. Panginepan kapisan di kota ini."
"Panganan ning kene pada kaya kfc liyane. Pithik gorenge krispi, gurih, lan enak.","Makanan di sini sama seperti kfc lainnya. Ayam gorengnya crispy, gurih dan enak","Panganan di sini pada kaya kfc liyane. Pithik gorenge krispi, gurih, dan enak."
"Piye ora nesu ora, kena php indosat terus kie. Pulsane kepotong ludes ora ana turahe.","Bagaimana tidak marah coba, kena php indosat terus nih. Pulsa selalu terpotong ludes tak tersisa.","Piye ora nesu ora, kena php indosat terus kie. Pulsan kepotong ludes ora ada turah."
"Pelayanane batik air bisnis class ing halim nguciwakake, gelas reged / mambu, tv ora ana nganggo alesan pesawat anyar, aling methuk saka medhuk pesawat diilangake","Pelayanan batik air bisnis class di halim mengecewakan, gelas kotor / bau, tv tidak ada dengan alasan pesawat baru, penjemputan dari turun pesawat dihilangkan","Pelayanan batik air bisnis class di halim nguciwakake, gelas reged / mambu, tv tidak adalah alesan pesawat anyar, adalah me"
Ngganggo laurier dobel pas arep turu pas menstruasi ben ora bocor,Pakai laurier double pas mau tidur saat menstruasi biar tidak bocor,Ngganggo laurier dobel pas arep turu pas menstruasi ben ora bocor
"Panggon mangane sederhana banget, nanging rasane juara. Komposisi bumbu kacange pas lan porsine ora tek akeh. Pengunjung sing teka rame banget.","Tempat makannya sangat sederhana, namun rasanya juara. Komposisi bumbu kacangnya pas dan porsinya tidak terlalu besar. Pengunjung yang datang sangat ramai.","Makan sederhana banget, di rasanya juara. Komposisi bumbu kacange pas dan porsinya tidak akan. Pengunjung yang tidak rame banget"
"Panggonan lan arsitektur panggonan iki oke banget, mung yen panganane lan ombeane ing kene ora patia maer. Enak kanggo mateni bareng kanca-kanca.","Lokasi dan arsitektur tempat ini oke banget, cuma kalau makanan dan minuman di sini tidak terlalu istimewa. Enak buat bunuh bareng teman-teman.","Panggonan dan arsitektur panggonan ini oke banget, tidak yang panganan dan ombean di sini tidak patia maer. Enak tidak mateni"
Rasa panganan biasa ae lan suasanane ora istimewa dadi pisan ketekan wis cukup.,Rasa makanan biasa saja dan suasana tidak istimewa sehingga sekali kedatangan sudah cukup.,Rasa makanan biasa ae dan suasana tidak istimewa jadi pisan ketekan wis cukup.
Sing nglarang GBK didadekake panggonan konser pada songong-songong banget dah. Suket ning lapangan sapa sing pengin ngopeni yen ora ana duwit konser. Urung meneh kursi sing seneng dirusak supporter bal. Aduh.,Yang melarang GBK dijadikan venue konser pada songong-songong amat dah. Rumput di lapangan siapa yang mau pelihara kalau tidak ada duit konser. Belum lagi kursi yang suka dirusak supporter bola. Aduh.,Saya nglarang GBK didadekakan konser pada songong-songong banget dah. Suket di lapangan sapa yang pengin ngopeni yen tidak ada duwit kon
Gendeng ya. Pesen mix platter ae sampek luwih saka 30 menit. Takon nyang pelayane malah minggat. Ora responsif. Suwi.,Gila ya. Pesan mix platter saja sampai lebih dari 30 menit. Bertanya ke pelayannya malah kabur. Tidak responsif. Lama.,Gendeng ya. Pesan mix platter yang sampek luwih saka 30 menit. Takon yang pelayannya malah minggat. Ora responsif. Suwi.
"Pas jenuh karo oleh oleh khas bandung sing wis ana, dadi roti bakar tunggal isa dadi pilihan. Aku kerep tuku roti marie sing dibakar karo rasa sing enaakk, uga roti bakar karo rasa keju utawa coklate. Biasane aku tuku ning konter roti bakar tunggal ning paskal hyper square. Regane ancen rodok larang, nanging rumangsaku meh podo karo panganan oleh-oleh. Dadi ya ora isa uga diomongne larang. Lan toh rasane enak.","Saat jenuh dengan oleh oleh khas bandung yang sudah ada, maka roti bakar tunggal bisa menjadi pilihan. Saya sering beli roti marie yang dibakar dengan rasa yang yuummy, juga roti bakar dengan rasa keju atau coklatnya. Biasanya saya beli di counter roti bakar tunggal di paskal hyper square. Harganya memang agak mahal, tapi saya rasa hampir sama dengan makanan oleh-oleh. Jadi ya tidak bisa juga dibilang mahal. Dan toh rasanya enak.","Pas jenuh karo oleh oleh khas bandung yang tidak ada, jadi roti bakar tunggal yang ada pilihan. Saya kerep"
"Lunga bareng kaluwarga mangan mbengi, regane larang kanthi rasa sing biasa bae.","Pergi bersama keluarga makan malam, harganya mahal dengan rasa yang biasa saja.","Lunga bareng kaluwarga makan mbengi, harganya larang kanthi rasa yang biasa bae."
"Sugeng siang, biaya administrasi rek simpedes tp 5.500, - / sasi. Maturnuwun era","Selamat siang, biaya administrasi rek simpedes rp 5.500, - / bulan. Terima kasih era","Sugeng siang, biaya administrasi rek simpedes tp 5.500, - / sasi. Maturnuwun era"
"Panggonan kapenak lan enak, kala-kala didadekake panggonan foto pre-wedding","Tempat nyaman dan enak, kadang dijadikan tempat foto pre-wedding","Panggonan kapenak dan enak, kala-kala didadekakan panggonan foto pre-wedding"
"Pelayanane apik banget, lan muasne saka segi panggon, apik banget isa ndelok pemandangan kutha pas wengi saka segi panganan, apik pol! Panganane enak banget ora nyesel ngge mara rene.","Pelayanannya sangat bagus, sangat memuaskan dari segi tempat, indah sekali bisa melihat pemandangan kota di malam hari dari segi makanan, terbaik! Makanannya enak sekali tidak menyesal untuk datang ke sini.","Pelayanan apik banget, dan muasnya saka segi panggon, apik banget isa melihat pemandangan kutha pas saka segi panganan, apik banget"
Arif tuku jaket billabong sek paling anyar,Arif membeli jaket billabong yang terbaru,Arif tuka jaket billabong sekarang paling anyar
"Warung mangan sing uwis teka wiwit suwi lan uwis dadi kaya legenda kayane saiki uwis buka cabang. Terkenal amarga konsisteni rasa -ne uwis pirang-pirang tahun, sanadyan bangunan asli uwis dibongkar nanging kaasliane tetep dijaga lan tetep engel parkir. Sawetara wektu kepungkur ana setithik pangowahan nalika ibu chef utama uwis ora ketok maneh.","Warung makan yang telah hadir sejak lama dan telah menjadi semacam legenda, mungkin sekarang sudah buka cabang. Terkenal karena konsistensi rasa -nya selama bertahun-tahun, meskipun bangunan asli telah dipugar tetapi keaslian masih tetap dijaga dan tetap susah parkir. Beberapa waktu terakhir ada sedikit perubahan ketika ibu chef utama sudah tidak terlihat lagi.",Warung makan yang uwis teka wiwit suwi dan uwis dadi kaya legenda uwis buka cabang. Terkenal amarga konsistent rasa -ny
Menehi bantuan nyang korban bencana dinggo pencitraan percuma. Apameneh dinggo publikasi. Sepurane banget. Muak aku.,Memberikan bantuan ke korban bencana untuk pencitraan percuma. Apalagi untuk publikasi. Maaf banget. Muak saya.,Menehi bantuan nyang korban bencana dinggu pencitraan percuma. Apamenya dinggu publikasi. Sepurannya banget. Muak aku.
Rasa panganane biasa bae lan regane larang. Panggonane uga biasa. Lokasine ora patia adoh saka tengah kutha.,Rasa makanannya biasa saja dan harganya mahal. Tempatnya juga biasa. Lokasinya juga terlalu jauh dari pusat kota.,Rasa makanannya biasa bae dan harganya larang. Makanannya biasa. Lokasinya tidak patia adoh saja tengah kutha.
Dingge mara nyang panggon iki dalane macet banget lan adoh saka pusat kutha. Saktekane ning kana ora ana bab sing spesial sing nggarai perjalanan adoh kebayar. Menune biasa ae.,Untuk menuju ke tempat ini jalannya sangat macet dan jauh dari pusat kota. Sesampainya di sana tidak ada hal yang spesial yang membuat perjalanan jauh terbayarkan. Menunya biasa saja.,Dinggu mara nyang tempat ini dalah macet banget dan adoh saja pusat kutha. Saktekan nyata tidak ada bab yang spesi
Rasa rotine enak. Variasi roti lan pacetane sing didol akeh. Rega standar. Paling seneng karo roti taware. Seneng.,Rasa rotinya enak. Variasi roti dan cemilan yang dijual banyak. Harga standar. Paling suka sama roti tawarnya. Suka.,Rasa rotinya enak. Variasi roti dan pacetanya yang didol akan. Rega standar. Paling senang karo roti taware. Senang.
"Deknen kuwi sapa sih? Kok isi beritane deknen kabeh, mbokane deknen mantan narapidana kae","Dia ini siapa sih? Kok isi berita dia semua, bukannya dia mantan narapidana itu","Deknya kuwi sapa sih? Kok isi beritan deknya kabeh, mbokan deknya mantan narapidana kae"
"Pengin mangan karo nikmati suwasana paris? Ora usah adoh-adoh menyang prancis, cukup menyang paris van java alias bandung. Braga permai iki rekomendasi banget kanggo mangan karo santai-santai. Panganane enak, regane mlebu akal lan suwasanane kapenak banget apamaneh meja sing ning jaba. Mangan karo nikmati suwasana bandung jaman mbiyen.","Ingin makan sembari menikmati suasana paris? Enggak usah jauh-jauh ke prancis, cukup ke paris van java alias bandung. Braga permai ini rekomendasi banget buat makan sambil santai-santai. Makanannya enak, harganya masuk akal dan suasananya nyaman banget apalagi meja yang di luar. Makan sambil menikmati suasana bandung tempo dulu.","Pengin makan karo nikmati suasana paris? Ora usah adoh-adoh menyang prancis, cukup menyang paris van java alias bandung. Braga permai"
Yogyakarta iki ing saben pojokan dalan akeh hotel. Nanging eman. Kanggo kelas bintang 3 bae rega luwih larang kanthi pelayanan sing ora sepadan.,Yogyakarta ini di tiap sudut jalan banyak hotel. Tapi sayang. Untuk kelas bintang 3 saja harga lebih mahal dengan pelayanan tidak setara.,Yogyakarta ini ingin saben pojokan dalan akeh hotel. Namun eman. Kanggo kelas bintang 3 bae harga luwih larang harga pelayan
Bakmine enak. Ditambah daging rica2ne mantep banget. Rasane si pedes-pedes nanging nikmat. Mangan siji krasa kurang tah.,Bakminya enak. Ditambah daging rica2nya super mantap. Rasanya sih pedas-pedas tapi nikmat. Makan satu berasa kurang deh.,Bakmine enak. Ditambah daging rica2nya mantep banget. Rasanya si pedes-pedes nyaman nikmat. Makan sama krasa kurang tah.
Aplikasi bni mobile banking tulung didandani soale arep aktivasi akun ora isa.,Aplikasi bni mobile banking mohon diperbaiki soalnya mau aktivasi akun tidak bisa.,Aplikasi bni mobile banking tulung didandani soale arep aktivasi akun tidak isa.
Anti nganggo power bank wiwit handphone samsungku bocor bateraine sakbanjure dingokake kuwi.,Anti pakai power bank semenjak handphone samsung gue bocor baterenya setelah dipakaikan gituan.,Anti nganggo power bank wiwit handphone samsungkan bocor bateraine sakbanjurnya dingokake kuwi.
"Botol uc1000 angel banget dibukake tah, marakna tangan lara","Botol uc1000 susah banget dibukanya dah, bikin tangan sakit","Botol uc1000 angel banget dibukakan tah, maraknya tangan lara"
"Nggolek suwasana nostalgia ing jogja, panggonan iki yaiku pilian sing pas! Menu panganane didominasi panganan-panganan sing kena pengaruh gaya panganan landa. Kasenenganku stik sirloin. Restoran iki uga ndhuweni toko roti kanthi pilian roti gaya jaman mbiyen.","Mencari suasana nostalgia di jogja, tempat ini adalah pilhan yang tepat! Menu makanan didominasi makanan-makanan yang dipengaruhi gaya makanan belanda. Favorit saya steak sirloin. Restoran ini juga memiliki toko roti dengan pilihan roti bergaya zaman dahulu.","Nggolek suasana nostalgia di jogja, tempat ini yaiku pilian yang pas! Menu tempatnya didominasi tempat-tempatnya yang pengaruh gaya temp"
Ketua dpr ngapresiasi pilkada barengan sing mlaku damai.,Ketua dpr mengapresiasi pilkada serentak yang berlangsung damai.,Ketua dpr berpresiasi pilkada barengan yang mlaku damai.
Ngurus gaji karyawan dhewe wae ora isa jare arep ngurus bumn. Mikir nganggo utek,Mengurus gaji karyawan sendiri saja tidak becus konon mau mengurus bumn. Mikir pake otak,Ngurus gaji karyawan dhewe wae tidak isa jare arep ngurus bumn. Mikir nganggo utek
Ning indonesia pilihan merek telepon seluler kan melimpah. Lak ora seneng cara xiaomi nglakokne bisnise ya kari milih merek liya. Digawa santai wae.,Di indonesia pilihan merek telepon seluler kan melimpah. Kalau tidak suka cara xiaomi menjalankan bisnisnya ya tinggal pilih merek lain. Dibawa santai saja.,Ningin indonesia pilihan merek telepon seluler dan melimpah. Lak ora seneng cara xiaomi nglakoknya bisnis ya kari
"Nate mangan ning poolside hotel hilton? Jan ora rekomendasi kanggo rasa lan rega. Panganane kurang rasane, aku nggawa 20 uwong, kabeh gela.","Pernah makan di poolside hotel hilton? Sangat tidak rekomendasi untuk rasa dan harga. Makanan kurang rasa, gue bawa 20 orang, semua kecewa.","Namun makan di poolside hotel hilton? Jan tidak rekomendasi kanggo rasa dan rega. Panganannya kurang rasanya, aku nggawa 20 uwong, kabeh gela"
Panggonane unik. Karo mangan uga dimanjakake kaliyan panggonan sing sarwa unik. Akeh kayu kayu lan galerine. Kanggo bocah uga aja kuatir. Ana dolanan bocahe. Dadi mangan dadi luwih santai.,Tempatnya unik. Sambil makan juga dimanjakan dengan tempat yang serba unik. Banyak kayu kayu dan galerinya. Buat anak juga jangan kuatir. Ada mainan anaknya. Jadi makan jadi lebih santai,Tempatnya unik. Karo makan juga dimanjakan kaliyan tempatnya yang sarwa unik. Akeh kayu kayu dan galerine. Kalau boca
"Yen marang rene aku mesthi pesen budin sambel roa. Budine digoreng dipasake karo sambel roa, enak. Panganan sing liyane uga enak nanging kanggo aku lan kaluwarga sing paling enak ing kene ya mangan budin karo ngombe kopi.","Kalau ke sini saya selalu pesan singkong sambal roa. Singkongnya digoreng dipadankan dengan sambal roa, enak. Makanan yang lainnya juga enak tetapi buat saya dan keluarga yang paling enak di sini ya makan singkong sambil minum kopi.","Saya makan rinya saya mesthi pesan budin sambel roa. Saya digoreng dipasakan sambel roa, enak. Panganan yang liyan"
Telepone genggam eror pas kaping pisan diurupne,Telepon genggamnya eror pas pertama dinyalakan,Telepon genggam eror pas kaping pisan diurupnya
Turu sing cukup saben dinane isa gawe awak ora kekeselen lan seger sawektu tangi ing dina esuk.,Tidur yang cukup tiap harinya bisa bikin badan tidak kecapekan dan segar ketika bangun di pagi hari.,Turu yang cukup saben dinan tidak akan tidak kekeselen dan seger sawektu tangi yang dina esuk.
Restoran iki romantis tenan kanthi pemandangane sing apik tenan ing dina mbengi,Restoran ini sangat romantis dengan pemandangannya yang sangat indah di malam hari,Restoran ini romantis tidak pemandangan yang adalah tidak tenan di dina mbengi
"Sugeng sonten ibu, bab produk perbankan mandiri apa sing entuk dhewe rewangi? Yogi","Selamat sore ibu, perihal produk perbankan bank mandiri apa yang dapat kami bantu? Yogi","Suggestions sekarang ibu, bab produk perbankan mandiri apa yang entuk dhewe rewangi?"
"Suwasanane ing panggonan iki luwar biasa tenan. Pas kuwi dhewe teka ing sore ameh wengi, lan etuk panggonan sing ngadep ning air terjun. Gemricik banyu grojogan lan suwasana desa nambah nikmat suwasana mangan wengi dhewe pas kuwi. Panganan disajekake kanthi gaya tradisional lan rasane cukup apik kanggo ilate dhewe.","Suasananya di tempat ini sungguh luar biasa. Ketika itu kami datang pada senja menjelang malam, dan mendapatkan ruang yang menghadap ke air terjun. Gemericik air terjun dan suasana pedesaan menambah nikmat suasana makan malam kami ketika itu. Makanan disajikan dengan gaya tradisional dan rasanya cukup menarik untuk lidah kami.","Suasanannya di tempat ini luwar biasa tenan. Pas kuwi dhewe teka di sore ameh wengi, dan etuk tempat yang berdep"
"Regane larang banget, padahal panganan sing didol panganan indonesia umume. Padahal kanggo nikmati panganan kaya ngene iki ing panggonan liyane adoh luwih murah. Sega goreng wae ing kene larang banget banget! Jengkel.","Harganya terlalu mahal, padahal makanan yang dijualkan makan indonesia umumnya. Padahal untuk menikmati makanan sejenis di tempat lain jauh lebih murah. Nasi goreng saja di sini mahal banget banget! Kesal.","Reganya larang banget, padahal panganan yang didol panganan indonesia umume. Padahal kanggo nikmati panganan kaya ngene iki yang panggonan"
Ana ing akun mycare ku sek keblokir kuwi wis aku tambahake nomer im3 ku sek anyar,Dalam akun mycare saya yang terblokir tersebut sudah saya tambahkan nomer im3 saya yang baru,Ana ingin akun mycare ke sekarang keblokir ke wis aku tambahakan nomer im3 ke tidak anyar
120 peserta sing lulus iki bakale dibagi dadi 4 kelas karo jumlah masing masing 30 murid,120 peserta yang lulus ini akan dibagi menjadi 4 kelas dengan jumlah masing masing 30 siswa.,120 peserta yang lulus ini bakale dibagi 4 kelas dan jumlah masing masing 30 murid
"Apa iki, regane larang, pelayanane jan mines!","Apa ini, harga mahal, pelayanan minus!","Apa ini, rekan larang, pelayanannya jan mines!"
Aku ketemu karo deknen ing asrama panggonan dhewe manggon nalika isih mahasiswa,Saya bertemu dengannya di asrama tempat kami tinggal semasa mahasiswa dulu,Saya ketemu karena deknya ingin asrama tempatnya dhewe manggon nalika isih mahasiswa
"Endi ki suwe banget konfirmasine? Iki uwis dibayar, uwis ngirimne bukti transfer, nanging e - tiket pancet ora metu? Aku gela, wegah digantung ngene.","Mana nih lama sekali konfirmasinya? Ini sudah dibayar, sudah mengirimkan bukti transfer, tetapi e - tiket tetap tidak keluar? Saya kecewa, tidak mau digantung begini.","Endi ke suasana konfirmasi? Iki tidak dibayar, tidak ngirimnya bukti transfer, nanging e - tiket pancet tidak"
"Ndelok film indonesia ning tv iki, kadang nggarai pegel. Merga kayak-kayake indonesia ora ana masalah, merga kabeh lagi mlaku-mlaku ning luar negeri.","Menonton film indonesia di tv ini, kadang bikin jengkel. Karena seakan-seakan indonesia tidak ada masalah, karena semuanya lagi jalan-jalan di luar negeri.","Ndelok film indonesia di tv ini, kadang nggarai pegel. Merga kayak-kayake indonesia tidak ada masalah, merupakan"
"Dasare ora ngerti kahanan kowe! Sinau beladiri udu nggo disombongke! Nanging kanggo nglindhungi awake dhewe! Gurumu dantemi apa maneh uwong tuwamu! Dasar iblis kowe, nyawa dibayar nyawa! Kowe ndhuwe utang siji nyawa! Lan nyawamu sing dadi bayarane!?","Dasar tak tau diri kau! Belajar beladiri bukan untuk di sombongkan! Tapi untuk melindungi diri sendiri! Guru lu aja lu pukulin apalagi orang tua lo! Dasar iblis kau, nyawa di bayar nyawa! Lu punya hutang satu nyawa! Dan nyawa lo yang jadi bayarannya!?",Tempatnya tidak berti kahanan kowe! Sinau beladiri udu tidak disombongke! Namun tidak berlindhungi awake dhewe! Gurumu
"Lak nyang mangkok iwak pitik mesti tuku kwetiaew sirame, lak didelok kayake sing sitik, nangis pas dipangan beh, akeh banget lak kanggo porsiku, kwetiaw sirame sik juara ning kene timbang nggon liya, tenan. Sambele uga sekeca banget karo seleraku.","Kalau ke mangkok ayam pasti beli kwetiaw siramnya, kalau dilihat seperti yang sedikit, tetapi pas dimakan beuh, banyak sekali kalau buat porsi saya, kwetiaw siramnya masih juara di sini dari pada di tempat lain, sungguh. Sambelnya juga sesuai banget sama selera saya.","Lak nyang mangkok iwak pitik mesti tuku kwetiaew sirame, lak didelok kayake yang sitik, nangis pas dipangan beh, akan banget"
Atlet enom tanah air melu serpong run 2018 dinggo ajang nguji coba,Atlet muda tanah air ikuti serpong run 2018 untuk ajang uji coba,Atlet enom tanah air meluarnya serpong run 2018 dinggu ajang nguji coba
"Penting lan sebarno negriku sing wis lara, pas oknum aparat dadi keparat, sing pener disalahne lan sing salah dipenerne","Penting dan sebarkan negeriku yang sudah sakit, kala oknum aparat jadi keparat, yang benar disalahkan dan yang salah dibenarkan","Penting dan sebarnya negriku yang wis lara, pas oknum aparat jadi keparat, yang pener disalah yang salah dipener"
Bis harapan jawa adoh luwih kapenak dibanding sing liyane,Bus harapan jaya jauh lebih nyaman dibandingkan yang lainnya,Bis harapan jawa adoh luwih kapenak dibanding yang liyan
Tinggalen ae lak awakmu pancene wis waleh karo pacarmu lan pacaran ora ana gunane kanggo awakmu.,Tinggalkanlah kalau kamu memang sudah bosan sama pacar mu dan pacaran tidak ada gunanya buat kamu.,Tinggalen ada lak awakmu pancenya wis waleh karo pacarmu dan pacaran tidak ada gunanya kanggo awakmu.
"Isih percoyo karo omongane? Dee sing nutup rapet-rapet bobroke sifate, dee uga sing mbukak tabir aibe.","Masih percaya sama omongannya? Dia yang menutup rapat-rapat kebobrokan sifatnya, dia juga yang membuka tabir aibnya.","Isih percoyo karo omonganya? Dee yang nutup rapet-rapet bobroke sifate, dee yang yang mbukak tabir aibe."
"Kafe iki, nduwe pirang-pirang cemilan sing top banget, tahu ning lumboenk karo vulkano risols jenenge. Sensasine unik saka wujude karo rasane nggarai sir maneh si maneh, dinggo sing penasaran oleh njajal wis.","Kafe ini, punya beberapa cemilan yang top banget, tahu di lumboenk sama vulkano risols namanya. Sensasi unik dari tampilan sama rasanya bikin mau lagi mau lagi, bagi yang penasaran boleh dicoba deh.","Kafe ini, nduwe pirang-pirang cemilan yang top banget, tahu di lumboenk karo vulkan risols jenenge. Sensasinya unik s"
2018 kpk nduweni tekad kanggo nuntaskae kasus e-ktp lan lbi.,2018 kpk bertekad menuntaskan kasus e-ktp dan blbi.,2018 kpk di sini tekad kanggo nuntaskae kasus e-ktp dan lbi.
Namung penerbangan ing indonesia sing ora tahu ngeregani wektu. Uwis mbayar larang pelayanane tetep nguciwakake,Cuma penerbangan di indonesia yang tidak pernah ngehargai waktu. Sudah bayar mahal tetap pelayanannya mengecewakan,Namun penerbangan di indonesia yang tahu ngeregani wektu. Uwis mbayar larang pelayanannya tetep beruciwakakan
"Kanggo layanan bank ing akhir pekan sing lokasine ing bekasi, bapak isa teka marang kantor cab bank mandiri bekasi juanda","Untuk layanan bank di akhir pekan yang berlokasi di bekasi, bapak dapat datang ke kantor cab bank mandiri bekasi juanda.","Tempat layanan bank di akhir pekan yang lokasi di bekasi, bapak isa teka marang kantor cab bank mandiri bekasi juanda"
susah banget ndelok segara sing saiki reget didadekake panggonan guwak sampah sembarangan,Sedih banget melihat laut yang sekarang kotor dijadikan tempat buang sampah sembarangan,Suah banget ndelok segara yang saiki reget didadekakan tempat guwak sampah sembarangan
"Salah siji panggon mangan lan panggon nangkring sing direkomendasikne kanca sing oke banget. Panggone pancene lumayan munggah lak saka kutha, lan rodok mlebu-mlebu sampek ora ketok lak saka dalan utama. Nanging panganane enak, panggone asik, regane uga standar. Sik sumbut karo regane lah. Oleh lak nyang Malang dolan mrene maneh.","Salah satu tempat makan dan tempat nongkrong yang direkomendasikan teman yang oke sekali. Tempatnya memang lumayan naik kalau dari kota, dan agak masuk-masuk sampai tidak terlihat kalau dari jalan utama. Tapi makanannya enak, tempatnya asik, harganya juga standar. Masih sepadan dengan harga lah. Bolehlah kalau ke Malang datang ke sini lagi.",Salah saja saja makan dan makan nangkring yang direkomendasikan kanca yang oka banget. Panggone makan lumayan munggah lak saka ku
On the spot lagi tayang ing trans7,On the spot sedang tayang di trans7,On the spot lagi tayang di trans7
"Bener-bener iwak pitik goreng sing gurih lan nggarai aku ketagihan, sambel sing pedes nggarai sensasi mangan luwih mantep karo sega anget lan es teh manis","Benar benar ayam goreng yang gurih dan membuat saya ketagihan, sambal yang pedas membuat sensasi makan lebih mantap dengan nasi hangat dan es teh manis","Bener-bener ikan pitik goreng yang gurih dan nggarai aku ketagihan, sambel yang pedes nggarai sensasi makan luwih mante"
Aku wis ndaftar namung ora entuk sms seka 5111.,Saya sudah registrasi tapi tidak dapat sms dari 5111.,Saya sudah mendaftar namun tidak entuk sms seka 5111.
"Mumpung lagi mlaku-mlaku marang bandunh sekaliyan nyempatake nyoba batagor sek paling enak ing kota kembang iki nganti ora sadar dhewe mesen luwih akeh seka kapasitas mangan dhewe wong loro: Bakso tahu goreng, siomay goreng lan batagor kuah, ayam kremes, lan es cendol lan dhewe uga kudu mbungkus mulih tahu yun yin pesenan dhewe akhire.","Mumpung sedang berjalan-jalan ke bandunh sekalian menyempatkan mencoba batagor yang terenak di kota kembang ini sampai tidak sadar kami memesan lebih banyak dari kapasitas makan kami berdua: Bakso tahu goreng, siomay goreng dan batagor kuah, ayam kremes, dan es cendol dan kami masih harus membungkus pulang tahu yun yin pesanan kami akhirnya.",Mumpung lagi mlaku-mlaku marang bandunh sekaliyan nyempatake yang paling enak di kota kembang ini nganti ora
"Njajal pesen shabu-shabu, menu anyar ning gading resto. Kuwalitas rasane cukup enak, regane kejangkau uga. Rekomendasi lak nggawa tamu utawa mung mangan wengi karo kaluwarga.","Mencoba memesan shabu-shabu, menu baru di gading resto. Kualitas rasa cukup enak, harga terjangkau pula. Rekomendasi bilamana membawa tamu atau sekadar makan malam bersama keluarga.","Njajal pesan shabu-shabu, menu anyar di gading resto. Kuwalitas rasanya cukup enak, harganya kejangkau uga. Rekomendasi lak"
Oke. Wis tak kirim lewat pesen langsung,Oke. Sudah saya kirim via pesan langsung,Oke. Wis tak kirim lewat pesan langsung
"Kasamrawutan sing kadadean akhir debat loro pilgub jabar ing 14 mei 2018 sing kepungkur, marakke silang pendapat saka para kontestan debat.","Kericuhan yang terjadi pengujung debat kedua pilgub jabar pada 14 mei 2018 yang lalu, menimbulkan silang pendapat dari para kontestan debat.","Kasamrawutan yang kadadean akhir debat loro pilgub jabar ingin 14 mei 2018 yang kepungkur, marakkan silang pendapat saka para kontestan debat."
Isuk iki lali nyepot helm mas gojek bar mudun saka motor gara-gara nguber bis,Pagi ini lupa lepas helm abang gojek setelah turun dari motor gara-gara mengejar bus,Isuk ini lalu menyepot helm mas gojek bar mudun saka motor gara-gara nguber bisa
"Restoran iki tansah top. Suasanane nyaman banget kanggo ngobrol karo kanca, sedulur utawa pasangan. Panganane uga enak. Sanajan aku biasane ora mangan abot. Soale paling seneng marang mrene sore nyedhak mbengi","Restoran ini selalu top. Suasananya nyaman banget buat ngobrol dengan teman, saudara atau pasangan. Makanannya juga enak. Walaupun saya biasanya tidak makan berat. Soalnya paling suka ke sini sore menjelang malam","Restoran ini tansah top. Suasanannya nyaman banget kanggo ngobrol karo kanca, sedulur utawa pasangan. Panganannya juga enak."
"Menu sing dhewe pesen urang, sapi, sapo kabehane enak, sampurna dimasake, rasane pas, kuwalitase dhuwur. Panggonane amba, pelayanane oke tenan. Kabehane grapyak lan grapyak karo bocah-bocah","Menu yang kita pesan udang, sapi, sapo semuanya enak, sempurna dimasaknya, rasanya pas, berkualitas tinggi.  Tempat luas, pelayanan oke banget. Semuanya ramah dan ramah sama anak-anak","Menu saya dhewe pesan urang, sapi, sapo kabehanya enak, sampurnya dimasake, rasanya pas, kuwalitasya dhuwur."
"Kesel ngantri, kesel golek panggon lungguh, kesel lungguh. Dinggo sing ora nduwe wektu suwe lan wis keluwen, mending ora mrene. Aku mrene pas liburan bodo panganan ning ruko-ruko kene uga rodok larang lan rasane standar.","Capek mengantre, capek mencari tempat duduk, cape duduk. Buat yang tidak punya waktu lama dan sudah kelaperan, mendingan tidak ke sini. Saya ke sini pas liburan lebaran makanan di ruko-ruko sekitar sini juga rada mahal dan rasanya standar.","Kesel ngantri, kesel golek panggon lungguh, kesel lungguh. Dinggo yang tidak tidak wektu suwen dan wis keluwen, mending"
"Warung mangan nduwe suasana sing nyaman karo gaya kampung lawas. Luwih sekeco diparani wektu sore sampek dina wengi ning kahanan sing luwih romantis karo cahyaning remeng-remeng saka obor lan geni unggun. Panganan sing disajikne rena-rena, mulai panganan indonesia sampek panganan eropa serba ana. Cocok sanget kanggo ngentekne wektu karo kanca lak keluarga.",Resto ini memiliki suasana yang nyaman dengan gaya kampung tradisional. Lebih cocok dikunjungi saat sore hingga malam hari di suasana lebih romantis dengan cahaya temaram dari obor dan api unggun. Makanan yang disajikan bervariasi mulai makanan indonesia sampai european makanan serba ada. Sangat cocok untuk menhabiskan waktu bersama teman atau keluarga.,Warung makan nduwe suasana yang nyaman karo gaya kampung lawas. Luwih sekeco diparani sore sampek dina wengi di kahanan y
"Menu masakan sing disajekne lumayan rena-rena karo rasa sing lumayan enak, kabehe pelayan lan wektu pelayanane ya cukup apik dadi awakdewe wareg mangan awan ning kana, mung nata panggene restoran sing mestere rena-rena munggah - mudun dadi kudu luwih ngati-ati dinggo wong tua lan bocah cilik, muga-muga isa luwih ditingkatne pelayanane lan rena-rena menune. Sukses terus kanggo boemi mitoha.","Menu masakan yang disajikan lumayan bervariasi dengan rasa yang lumayan enak, jumlah pelayan dan waktu pelayanannya pun cukup baik sehingga kami puas makan siang di sana, hanya tata letak restoran yang lantainya bervariasi naik - turun sehingga harus ekstra hati-hati untuk orang tua dan anak kecil, semoga bisa semakin ditingkatkan pelayanan dan variasi menunya. Sukses selalu untuk boemi mitoha.","Menu masakan yang disajeknya lumayan rena-rena karo rasa yang lumayan enak, kabeh pelayan dan wektu pelayanannya ya cuk"
"Tagihan mencolot loro kali lipat amarga promo entek tanpo kabar, ora bener iki.","Tagihan melonjak dua kali lipat gara-gara promo habis tanpa pemberitahuan, tidak benar ini.","Tagihan mencolot loro kali lipat amarga promo entek tanpo kabar, tidak bener iki."
Njaluk informasine babagan daftar rega klambi kang didhol.,Minta informasi tentang daftar harga baju yang sedang dijual,Njaluk informasi babagan daftar rega klambi kang didhol.
Aku tansaya sengit karo jne amarga pangirimane mesthi telat,Saya semakin membenci jne karena pengirimannya selalu telat,Saya tansaya sengit tidak jne amarga pangirimana mesthi telat
"Ora koyo warung mangan lan kafe biasane, konsep panggonane digawe unik. Akeh lampu-lampu, gambaran, semiantik. Panganan lan ombenane lumayan pas enak, sing garai kaget pas ndelok daftar menune. Ragene wuooow pas banget ning sak. Lan sing mesti rega mirah ora nggarai rasane maleh seje, pancet enak lan berkualitas.","Tidak seperti kebanyakan restoran dan kafe lain, konsep tempatnya dibuat unik. Banyak lampu-lampu, lukisan, semi antik. Makanan dan minuman lumayan cukup enak, yang buat kaget pas melihat daftar menunya. Harganya wuooow pas banget di kantong. Dan yang pasti harga murah tidak buat rasa jadi beda, tetap enak dan berkualitas.","Ora koyo warung makan dan kafe biasanya, konsep tempatnya digawe unik. Akeh lampu-lampu, gambaran, semiantik. Panganan dan omben"
"Ana ing lantai 1 hotel yaiku lantai paling dhuwur, nyajikake pemandangan luar biasa ing arah bukit sing dithukuli wit-witan. Seger, resik, penak, luar biasa!","Terletak di lantai 1 hotel yang merupakan lantai tertinggi, menyajikan pemandangan luar biasa ke arah bukit yang ditumbuhi pepohonan. Segar, bersih, nyaman, luar biasa!","Ana di lantai 1 hotel adalah lantai paling dhuwur, menyajikan pemandangan luar biasa di arah bukit yang dithukuli wit-witan. Seger,"
Sakdurunge aku lan pasangan mulih marang jakarta. Aku mampir ndhisik ing restoran iki. Pemandangane apik lan panganane uga murah meriah. Rekomendasi tenan,Sebelum saya dan pasangan pulang ke jakarta. Saya mampir dahulu ke restoran ini. Pemandangannya keren dan makanannya pun murah meriah. Rekomendasi sekali,Sakdurungan saya dan pasangan mulih marang jakarta. Saya mampir ndhisik di restoran ini. Pemandangan apik dan panganan juga murah meriah
Ngerasa bosen loh karo sakabehane. Bosen tenan ngelakokake rutinitas sing ngono-ngono wae.,Merasa jenuh loh sama semuanya. Bosen sekali melakukan rutinitas yang gitu-gitu saja.,Ngerasa bosan loh karo sakabehane. Bosan tenan ngelakokakan rutinitas yang ngono-ngono wae.
Eman kothake sing tekan lumayan penyok,Sayang kotaknya yang sampai agak penyok,Eman kothak di sini tekan lumayan penyok
Kapisan njajal uwis disuguhi karo lalaine pelayan sing marakake dhewe ngenteni suwi wae 4 lagu marcell. Banjur uwis suwi ya ora sida pesenlah. Ora peduli arep enak kaya ngapa yen pelayanane elek karepe sing jenenge rasa.,Pertama mencoba sudah disuguhi dengan kelalaian pelayan yang bikin kita menunggu lama aja 4 lagu marcell. Terus sudah lama ya tidak jadi pesanlah. Tidak peduli mau enak kayak apa kalau pelayanannya buruk terserahlah yang namanya rasa.,Kapisan njajal tidak disuguhi karo lalaine pelayan yang marakake dhewe ngentenya suwi wae 4 lagu marcell. Banjur tidak suw
"Sego rawone enak banget, regane murah. Cedak universitas parahyangan. Panggonane unik nganggo kayu-kayu.","Nasi rawonnya sangat enak, harga terjangkau. Dekat universitas parahyangan. Tempatnya unik dengan kayu-kayu.","Sego rawone enak banget, harganya murah. Cedak universitas parahyangan. Makanannya unik nganggo kayu-kayu."
"Pesen soto karo iga bakar, ditambah suwasana sing adem. Rasane enak lan dilayani kanthi grapyak karo mbak diah, tisna, echa. Uwis ping pindo teka mrene lan mesthi marem karo kualitas panganan lan pelayanan:","Order soto sama iga bakar, ditambah suasana yang dingin. Rasanya enak dan dilayani dengan ramah sama mbak diah, tisna, echa. Sudah dua kali datang ke sini dan selalu puas dengan kualitas makanan dan pelayanan:","Pesan soto karo iga bakar, ditambah suasana yang adem. Rasanya enak dan dilayani kanthi grapyak karo mbak diah, tisna,"
"Youtube akeh banget manfaate. Isa nonton film, ngrungokake lagu, kala-kala kanggo sinau.","Youtube banyak sekali manfaatnya. Bisa nonton film, dengar lagu, kadang untuk belajar.","Youtube adalah banget manfaate. Isa nonton film, berrungokakan lagu, kalau-kala kanggo sinau."
"Udan ing dina isuk tenan marakna kesel, macet lan rega ojol dadi tenan ora isa dikendalikake marakna eneg","Hujan di pagi hari sungguh sangat kesal, macet dan harga ojol jadi super tak terkendali bikin eneg","Udan di dina isuk tenan maraknya kesel, macet dan harga ojol tidak tidak tidak bisa dikendalikakan maraknya eneg"
"Panganane lumayan enak-enak ing hawa anyes lan akeh variasine mulai saka restoran burangrang, saung purbasari lan area foodcourte.","Makanannya lumayan enak-enak di udara dingin dan banyak variasinya dari mulai restoran burangrang, saung purbasari dan area foodcourtnya.","Panganannya lumayan enak-enak di hawa anyes dan akan variasinya mulai saka restoran burangrang, saung purbasari dan area foodcourte."
Tulung golekake alamat uwong iki. Bakal aku jak duel kaya uwong lanang nganggo samurai. Deknen uwis ngece ibuku sing paling aku tresnani lan hormati.,Tolong carikan alamat orang ini. Akan saya ajak duel secara jantan pakai samurai. Dia telah menghina ibuku yang paling aku cinta dan hormati.,Tulung golekakan alamat uwong ini. Bakal aku jak duel kaya uwong danang nganggo samurai. Deknya uwis ngece ibuku y
"Panggon ngombe kopi cedek kampus UI, vietnamese kopi -ne enak, regane relatif sedeng, cocok dinggo ngontemplasi karo nggarap tesis","Tempat minum kopi dekat kampus UI, vietnamese kopi -nya enak, harganya relatif sedang, cocok untuk berkontemplasi sembari mengerjakan tesis","Tempatnya mau kopi cedek kampus UI, vietnamese kopi -nya enak, harganya relatif sedeng, cocok dinggu ngontemplasi karo ng"
"Panganane enak, lan pemandangane apik tenan,. Mung sing menyang lawangwangine kurang dadi ora kabeh uwong bisa ngerti yen lawangwangi ana nang kono kajaba wong sek lewat.","Makanannya enak, dan viewnya amazing,. Hanya sing menuju lawangwanginya kurang jadi tidak semua orang bisa tahu ada lawangwangi di situ kecuali orang yang lewat.","Tempatnya enak, dan pemandangan apik tenan,. Tempatnya menyang lawangwanginya kurang jadi tidak kabeh uwong tidak"
Aku mulai usaha lan ora tau wedi gagal.,Saya memulai usaha dan tidak pernah takut gagal.,Saya mulai usaha dan tidak tau wedi gagal.
Panggonan mangan kanthi nuansa doraemon. Rega panganane murah lan akeh pilihan. Panggonane ora patia amba nanging nyaman. Nang lantai 2 digawe kaya kamare nobita lkp kanthi meja sinau mesin waktu lan lawang nang ndi wae. Akeh golekan doraemon lan komik-komik sek isa diwaca sawetara ngenteni panganan. Kajaba iku sinambi ngrasakake panganane dhewe isa nonton film doraemon. Anakku seneng mangan. Lanjutan,Tempat makan dengan nuansa doraemon. Harga makanannya murah dan banyak pilihan. Tempatnya tidak terlalu luas tapi nyaman. Di lantai 2 di buat menyerupai kamar nobita lkp dengan meja belajar mesin waktu dan pintu ke mana saja. Banyak boneka doraemon dan komik-komik yang bisa dibaca saat menunggu makanan. Selain itu sambil menikmati hidangan kita bisa menonton film doraemon. Anak saya senang makan. Lanjutan,Panggonan makan ke nuansa doraemon. Rega makanannya murah dan ke pilihan. Panggonannya tidak patia amba nyaman. Namun lantan
"Aku nyang kafe dipakar bareng keluarga, pemandangane pancene keren banget. Panganane uga eco-eco. Dinggo nyantai nikmati sing disajikne lan pemandangane ning dipakar nyenengna banget. Awakdewe mrana dina minggu, lan rame banget sing dolan. Nanging ora ngenteni suwe, awakdewe langsung entuk meja. Dinggo panganan, bar awakdewe pesen ora kudu ngenteni suwe, panganan wis teka. Dinggo foto-foto uga apik banget.","Saya ke kafe dipakar bersama keluarga, pemandangannya memang keren banget. Makanannya juga enak-enak. Untuk bersantai menikmati sajian dan pemandangan di dipakar sangat menyenangkan. Kami ke sana hari minggu, dan sangat ramai pengunjung. Tapi tidak menunggu lama, kami langsung dapat meja. Untuk makanan, setelah kita order tidak perlu menunggu lama, makanan sudah datang. Untuk foto-foto juga sangat bagus.","Saya nyang kafe dipakar bareng keluarga, pemandangan pancenya keren banget. Panganannya juga eco-eco. Saya nyantai nikmati yang dis"
"Ora salah maneh iki kafe modern salah siji senengane wong depok kanggo mangan, nglumpuk tenanan panggone nyaman soale.","Tidak salah lagi ini kafe modern salah satu favorit warga depok buat makan, berkumpul seriusan tempatnya nyaman soalnya.","Ora salah maneh ini kafe modern salah siji senangkan yang depok kanggo makan, nglumpuk tenangan panggone nyaman soale."
Kesel wae karo kelakuan nyinyir terus kelompok sebelah.,Kesal saja dengan kelakuan nyinyir terus kelompok sebelah.,Kesel wae karo kelakuan nyinyir terus kelompok sebelah.
"Aku seneng mangan ning kene merga menu iwak pitike enak lan empuk, sambele pas ning ilat lan kahanane restorane uga nyaman. Liyane iku pelayanane uga apik lan regane mirah.","Saya suka makan di sini karena menu ayamnya enak dan empuk, sambal pas di lidah dan suasana restorannya juga nyaman. Selain itu pelayanan juga bagus dengan harga terjangkau.","Saya suka makan di kenya merga menu iwak pitike enak dan empuk, sambele pas di ilat dan kahanan restorannya juga nyaman."
Aku ki wis kesel arep nesu-nesu. Ben aku dewe ae wis sing njupuk maneh pakete lan tak kirim lewat ekspedisi liya ae. Gela pol embuh ping pira.,Gue itu sudah capek mau marah-marah. Biar gue sendiri aja deh yang ambil lagi paketnya dan gue kirim via ekspedisi lain saja. Kecewa berat entah keberapa kalinya.,Saya tidak wis kesel arep nesu-nesu. Ben aku dewe tidak tidak njupuk maneh paket dan tak kirim lewat ekspedisi
"Reunion house iki wis tenan direkomendasikake kanggo mangan awan nang bandung. Panggonane kepenak, asyik kanggo nyantai guyonan karo sapa bae. Menune uga oke tenan.","Reunion house ini direkomendasikan banget buat makan siang di bandung. Tempatnya nyaman, asyik buat santai mengobrol bareng siapa saja. Menunya juga oke banget.","Reunion house ini wis tenan direkomendasikan kanggo makan awan nang bandung. Sekali kepenak, asyik kanggo nyantai guyonan karo sapa"
Dingge meruhi promo-promo sing lagi ana ning tokopedia awakmu isa marani halaman iki.,Untuk mengetahui promo-promo yang sedang berlangsung di tokopedia kamu dapat mengunjungi halaman berikut.,Dinggu meruhi promo-promo yang lagi ada di tokopedia awakmu ada marani halaman ini.
"Jarene jam iki anti banyu, nanging dienggo renang tok uwis mati","Katanya jam ini water resist, tapi dipakai berenang doang sudah mati","Jarenya jam ini anti banyu, tapi dengan renang tok uwis mati"
Suasane asri. Akeh sing dodolan panganan. Panggonan sing nggo nongkrong lan kafene cocok kanggo kunjungan. Dhewe ndhuwe wektu belanja ing supermarket. Regane uga ora larang. Suasanane ing njero malle penak. Acne anyeslah. Lan barang-barang merekane mantap tenan lan akeh potongan rega,Suasananya asri. Banyak jualan makanan. Tempat nongkrong dan cafenya cocok untuk berkunjung. Kami sempat belanja disupermarket. Harganya juga tidak mahal. Suasana di dalam mallnya nyaman. Acnya dinginlah. Dan barang-barang brandednya mantap sekali dan banyak diskon,Suasana asri. Akeh yang dodolan banyak. Banyak yang nongkrong dan kafenya cocok yang tidak tidak tidak tid
Pemikirane sempit nanging ngrumangsa paling bener mangkel banget aku,Pemikiran sempit tapi sok benar kesal banget aku,Pemikiran sempit nanging ngrumangsa paling bener mangkel banget aku
Sek foto karo uwong kuwi udu adike bang doni. Jijik ah foto karo uwong kuwi.,Yang foto sama orang itu bukan adik bang doni. Jijik ah foto sama orang itu.,Sekarang foto karo uwong kuwi udu adike bang doni. Jijik ah foto karo uwong kuwi.
"Sakwijining musibah lagi wae kena kampung adat ning bajawa, flores. Kebakaran gedhe sing kadadean ing senin 13 / 8 sore ameh ngobongake kabeh kampung. Total 27 saka 33 omah adat sing ana entek dipangan geni bareng kabeh crita lan sejarahe.","Sebuah musibah baru saja menimpa kampung adat di bajawa, flores. Kebakaran hebat yang terjadi pada senin 13 / 8 sore hampir menghanguskan seluruh kampung. Total 27 dari 33 rumah adat yang ada habis dilalap api bersama semua cerita dan sejarahnya.","Sakwijining musibah lagi tidak kampung adat di bajawa, flores. Kebakaran gedhe yang kadadean di senin 13 / 8 sore ameh"
Marang rene wektu acara kantor. Ana musik langsung. Menu aneka werna. Cocok yen lunga rame-rame nanging selerane beda-beda. Ramene enak.,Ke sini waktu acara kantor. Ada live musik. Menu beragam. Cocok kalau pergi ramai-ramai tapi seleranya beda-beda. Ramennya enak.,Marang renya wektu acara kantor. Ana musik langsung. Menu aneka wernya. Cocok yen lunga rame-rame nanging seleran beda-beda. Ram
"Aku karo keluarga mangan mbengi nang panggonan iki amarga kajaba iku menu utamane batagor uga ana menu liyane. Aku mung mesen 2 menu sek akhire teka sakwise 45 menit, kuwi sakwise  kaping pirang-pirang aku takon. Seko rasane sawetara seko menu sek sakwise aku jajal lumayan enak. Sarane sakdhurunge pesen luwih apik takon ndhisik regane piro suwi orane nggawe menu kang dipesen.","Saya bersama keluarga makan malam di tempat ini karena selain menu utama batagor terdapat menu lain. Saya hanya memesan 2 menu yang akhirnya datang setelah 45 menit, itu pun setelah beberapa kali saya tanyakan. Dari segi rasa beberapa menu yang sebelumnya pernah saya coba lumayan enak. Saran sebelum memesan lebih baik tanyakan berapa lama pembuatan menu yang dipesan",Aku karo keluarga makan mbengi nang panggonan ini amarga kajaba iku menu utaman batagor juga ana menu liyan. Aku mungkin
Paket wis ditampa. Rodok gela merga pesen werna ireng dikirim werna kuning.,Paket sudah diterima. Sedikit kecewa karena order warna hitam dikirim warna kuning.,Paket wis ditampa. Rodok gela masuk pesan ireng dikirim masuk kuning.
"Aku saka bali, dilalah pas dolan menyang kutho bandung, pas ning sanding kantor gubernur jawa barat alias cedeke gedung sate, awakdewe disarane mangan ning bancakan merga cedek. Bar mlebu awakdewe dikeki piring saka komplong sing wis ora apik eneh, kayake karaten. Akhire awakdewe milih panganan sing awakdewe sir, lan atusan laler miber teka ngendi-ngendi merga wis kadung awakdewe ya pancet mangan. Nggilani pol.","Saya dari bali, kebetulan sedang liburan ke kota bandung, ketika sedang di dekat kantor gubernur jawa barat alias dekat gedung sate, kami di-suggest makan di bancakan karena dekat. Setelah masuk kami pun diberi piring dari kaleng yang sudah tidak bagus lagi, sepertinya berkarat. Akhirnya kami memilih makanan yang kami suka, dan ratusan lalat beterbangan ke mana mana karena sudah terlanjur kami pun tetap makan. Sangat jijik","Saya saka bali, dilalah pas dolan menyang kutho bandung, pas di sanding kantor gubernur jawa barat alias cedeke gedung sate, awak"
Ndelok sinetron ae anyak waleh opomeneh nonton isu apus-apus sing diramalke.,Nonton sinetron saja mulai bosan apalagi menonton isu bohong yang diramalkan.,Ndelok sinetron yang adalah opomenya nonton tidak apus-apus yang diramalkan.
Aku tuku werna-werna roti. Piliane akeh nanging rasane biasa wae. Rotine garing kaya uwis pirang-pirang dina. Ora seger. Pelayanane uga suwi. Nguciwakake.,Saya beli berbagai macam roti. Pilihannya banyak tapi rasanya biasa saja. Rotinya kering seperti sudah berhari-hari. Tidak segar. Pelayanannya juga lama. Mengecewakan.,Saya tuka werna-werna roti. Pilian akan nanging rasanya biasa tidak. Rotinya garing tidak uwis pirang-pirang dina. Ora
Aja lali ngombe banyu mineral 8 -- 10 gelas saben dinane.,Jangan lupa minum air mineral 8 -- 10 gelas per harinya.,Aja lali ngombe banyu mineral 8 -- 10 gelas saben dinan.
"Panggonane sing apik ing cedak ndhuwur bukit, bisa ndhelok pemandangan kutha saka ndhuwur.","Tempatnya yang indah di dekat atas bukit, bisa lihat pemandangan kota dari atas.","Panggonannya yang adalah cedak ndhuwur bukit, bisa dalam pemandangan kutha saja ndhuwur."
"Numpak grab, mase crita sing wingi kena balangan watu ing dalan.Juanda pas badha jebule anake kancane","Naik grab, abangnya cerita yang kemarin kena lemparan batu di jalan.Juanda saat lebaran ternyata anak temannya","Numpak grab, mase crita yang adalah balangan watu di dalan.Juanda pas badha jebulan adalah kankan"
Sakkelompok mahasiswa sing bodo. Syukur aku udu mahasiswa daerah kono. Isin woy.,Sekelompok mahasiswa yang bodoh. Syukur deh gue bukan mahasiswa daerah situ. Malu woy.,Sakkelompok mahasiswa yang bodo. Syukur aku udu mahasiswa daerah kono. Isin woy.
"Restone apik lan gede. Wektu marang rene pas mangan siang lan dina minggu rame tenan pengunjung. Panganane enak enak, gurame goreng lan sambele mantep.","Restonya bagus dan besar. Waktu ke sini saat makan siang dan hari minggu ramai sekali pengunjung. Makanannya enak enak, gurame goreng dan sambalnya mantap.","Restone apik dan gede. Wektu marang renya pas makan siang dan dina minggu rame tenan pengunjung. Panganannya enak enak, gurama goreng dan"
"Aku klebu salah siji wong sing cukup setia karo kampung daun kat awal bukak tahun 2003 lak ora salah, kualitas panganan awite eco, ket tambah rame lan tambah mrene, panganan sing dirumantekne ora koyo biasane lan arang kading sing ngelayani kesane cuek banget, awakdewe pesen rena-rena macem panganan nanging sing teko kondisine wis anyep lan ora sekeca blas, mung panggone sing apik.","Saya termasuk salah satu orang yang cukup setia dengan kampung daun dari awal buka di tahun 2003 kalau tidak salah, kualitas makanan awalnya oke, tapi semenjak makin ramai dan makin ke sini, makanan yang disajikan tidak seperti biasanya dan terkadang pelayan terkesan cuek sekali, kita mesan beberapa jenis makanan tapi yang datang sudah dengan kondisi dingin dan tidak menarik, tempat menarik.","Saya klebu salah siji wong yang cukup setia karo kampung daun kat awal bukak tahun 2003 lak tidak salah, kualitas makan"
Blanja ing Giant diskon 20% kanggo kartu kredit bca.,Belanja di Giant diskon 20% dengan kartu kredit bca.,Blanja di Giant diskon 20% kanggo kartu kredit bca.
"Mas, dalan ning muara bulian anyar, lagek sesasian dibenakne, uwis rusak maneh. Sing nggarap kaya ora tenanan","Kang, jalan di muara bulian baru, baru sebulanan dibenarkan, sudah rusak lagi. Yang mengerjakan seperti tidak serius","Mas, dalan di muara bulian anyar, lagek sesasian dibenaknya, uwis rusak maneh. Semua bergarap kaya tidak tenanan"
"Pancen ora enak kejebak macet, nanging luwih ora enak meneh yen kejebak masa lalu","Memang enggak enak terjebak macet, tapi lebih tidak enak lagi kalau terjebak masa lalu","Pancen ora enak kejebak macet, nanging luwih ora enak meneh yen kejebak masa lalu"
"Sumpah, nyesel tenan nggawe orderan via aplikasi iki. Bisa-bisane tiket ekektronike ora ditokake. Lan proses konfirmasine suwi. Sakdurunge uwis ngalami babagan sing meh pada ing aplikasi sebelah, nanging layanane cepet tenan langsung wenehi solusi. Ora kudu nganti telepon layanan pelanggan ping 4.","Sumpah, menyesal sekali bikin orderan via aplikasi ini. Bisa-bisanya e - ticket tidak issued. Dan proses konfirmnya lama. Sebelumnya pernah mengalami hal yang hampir sama di aplikasi sebelah, tetapi pelayanannya cepat sekali langsung kasih solusi. Tidak harus sampai telpon layanan pelanggan 4 kali.","Sumpah, nyesel terlalu orderan via aplikasi ini. Bisa-bisanya tiket ekektronike tidak ditokake. Lan proses konfirmasi suwi"
"Uwis aku kirim pesen langsunge, tulung ndang dicek","Sudah saya kirim pesan langsungnya, tolong segera dicek","Uwis saya kerim pesan langsung, tulung dan dicek"
"Aku nglakoni 5 transaksi ning tanggal 22 juni, kabeh ditolak nyatane kesuda saka rekening sampek 7 yuta, saka 5 transaksi lagek 3 transaksi sing dibalekne.","Saya melakukan 5 transaksi pada tanggal 22 juni, smuanya decline nyatanya terdebit dari rekening hampir 7 juta, dari 5 transaksi baru 3 transaksi yang dikembalikan.","Saya berglakoni 5 transaksi di tanggal 22 juni, kabeh ditolak menyatakan kesuda saja rekening sampek 7 yuta, saja"
Mayoritas sing nganggo hak pilih ing pemilihan gubernur uwis nentukake pilian.,Mayoritas pengguna hak pilih di pemilihan gubernur telah menentukan pilihan.,Mayoritas yang menganggo hak pilih yang pemilihan gubernur yang menentukkan pilian.
Wis ngenteni jne tibake dee tekane sesuk. Aku pengen nesu,Sudah menunggu jne ternyata dia datangnya besok. Ingin aku marah,Wis ngentenya jne tibaknya dee tekanya sesuk. Saya pengen nesu
"Spotify rumit, kudu nganggo administrasi wulanan mbarang","Spotify ribet, pakai ada administrasi bulanan segala","Spotify rumit, kudu menganggo administrasi wulanan mbarang"
"Pengen mangan oreo wae ribet tenan, mesti diputer - dijilat - dicelupake","Mau makan oreo aja ribet banget sih, mesti diputer - dijilat - dicelupkan","Pengen makan oreo tidak ribet, mesti diputer - dijilat - dicelupake"
"Ngapuro, udu mung nomerku sing kaya ngono, aku takon kabeh sing nganggo ing daerah kono, ngomongake babagan sing pada, isih uga ora gelem ngaku uga yen tenan sinyale sing elek","Maaf, bukan nomer saya saja yang begitu, saya tanya semua yang pakai di daerah situ, mengatakan hal yang sama, masih tidak mau ngaku juga kalau memang sinyalnya yang jelek","Ngapuro, udu mung nomerku yang kaya ngono, aku takon kabeh yang nganggo yang daerah kono, ngomongakan babagan"
"Kisaran siare tulung diambakake, amarga akeh daerah sing hurung isa nikmati siaran net. Matur suwun.","Jangkauan siarnya tolong diperluas, karena banyak daerah yang belum bisa menikmati siaran net. Terima kasih.","Kisaran siare tulung diambakake, amarga akan daerah yang hurung isa nikmati siaran net. Matur suwun."
"Kok isa ditokne bangunan ing dhuwur kali, ing dalan saka rumah sakit menyang pasar Ciroyom, aneh.","Kok bisa dibiarkan bangunan di atas sungai, di jalan dari rumah sakit menuju pasar Ciroyom, aneh.","Kok isa ditoknya bangunan di dhuwur kali, di dalan saka rumah sakit menyang pasar Ciroyom, aneh."
"Krungu lambe saka lambe soal restoran iki, saking penasaran, aku jajal marani. Nanging sayange, lak menurutku biasa ae, ora kaya sing diceritakne wong-wong. Rasane ya biasa-biasa ae, ora sumbut karo regane. Kaya masakan sing tas sinau.","Dengar dari mulut ke mulut tentang restoran ini, saking penasaran, saya coba untuk berkunjung. Tapi sayang, kalau menurut saya, tidak seperti apa yang banyak diceritakan orang. Rasanya biasa-biasanya saja, tidak sesuai saja dengan harganya. Seperti masakan yang baru belajar.","Krungu lambe saka lambe soal restoran ini, saking penasaran, aku jajal marani. Namun sayang, lak menurut saya ada, tidak kaya yang"
Iphone iki. Kamerane peteng wassalam elek banget ora isa diandalake banget yen males nggawa kamera.,Iphone ini. Kamera gelapnya wassalam jelek banget tidak bisa diandalkan banget kalau malas bawa kamera.,Iphone ini. Kameranya peteng wassalam elek tidak tidak bisa diandalake tidak males nggawa kamera.
"Yen ora nduwe dhuwit kanggo tuku komik nanging uga pengen jagongan, teka bae marang rene. Koleksi komike komplit. Panganan ombenae sabenere mung fasilitas tambahan, nanging cukup lumayan. Regane uga murah khas mahasiswa.","Kalau tidak punya uang buat beli komik tapi juga ingin nongkrong, datang saja ke sini. Koleksi komiknya lengkap. Makanan minumannya sebenrnya hanya fasilitas tambahan, tapi cukup lumayan. Harganya juga murah khas mahasiswa.","Tempatnya tidak tuka komik nanging juga pengen jagongan, teka bae marang rene. Koleksi komike komplit. Panganan"
"Aduh pak kok seolah-olah manas-manasi kubu sisih seh? Ojo to pak, iku mengko deweke kabeh tambah cemburu, iren, pegel, nyinyir, mutung kayak bocah cilik, nesu-nesu ora jelas jluntrunge lan tambah bosok ae utek lan atine.","Aduh pak kok seolah-olah memanas - manasi kubu sebelah sih? Jangan dong pak, itu nanti mereka tambah cemburu, iri, dengki, nyinyir, ngambek kayak anak kecil, marah-marah tidak jelas juntrungannya dan makin busuk saja otak dan hatinya.","Aduh pak kok seolah-olah manas-manasi kubu sisih seh? Ojo to pak, iku mengko deweke kabeh tambah cemburu,"
"Rekomendasi bangetlah. Cappucinone ketagihan, rega miring, lan valet parkir mbayar sakikhlase. Teka pas arep maghrib mesti luwih seru suwasanane.","Rekomendasi bangetlah. Cappuccinonya ketagihan, harga miring, dan valet parkir bayar seikhlasnya. Datang pas menjelang maghrib pasti lebih seru suasananya.","Rekomendasi bangetlah. Cappucinone ketagihan, harga miring, dan valet parkir mbayar sakikhlase. Teka pas arep mahrib mesti luwih seru su"
Oke bos masiyo hape ujug-ujug ngehank dewe sedina,"Oke bos, walau handphone tiba-tiba ngehank sendiri selama sehari",Oke bos masih di hape ujug-ujug ngehank dewe sedina
Panggonan mangan kanthi suasana alam iki paling pas kanggo acara karo pasangan utawa karo kaluwarga. Panganane enak lan regane uga cukup kajangkau,Tempat makan dengan suasana alam ini paling tepat untuk acara dengan pasangan atau dengan keluarga. Makanannya enak dan harga juga cukup terjangkau,Tempat makan di suasana alam ini paling pas juga acara karo pasangan utawa karo kaluwarga. Makanannya enak dan harganya juga
Yakin kuwi ikhlas? Tulus? Kuwi udu pencintraan tok ya?,Yakin itu ikhlas? Tulus? Bukannya itu hanya pencitraan saja ya?,Yakin memiliki ikhlas? Tulus? Kuwi memiliki pencintraan tok ya?
"Aku melu lomba blog cinta rupiah bank indonesia - net media lan uwis nyubmit artikel nang 22 desember 2017 kepungkur, nanging sampek saiki status artikelku isih unpublished. Nyuwun tulung dijelasne.","Saya mengikuuti lomba blog cinta rupiah bank indoneisa - net media dan sudah men - submit artikle pada 22 desember 2017 lalu, tapi sampai sekarang status artikel saya masih unpublished. Mohon penjelasannya.","Saya meluarga blog cinta rupiah bank indonesia - net media dan uwis menyubmit artikel dan 22 desember 2017 kepungkur, nang"
"Kafe iki nyediakne panganan tradisional bergaya kafe cah nom. Liyane panggon sing nyaman, rega kelebu mirah lan kejangkau","Kafe ini menyediakan makanan tradisional bergaya kafe anak muda. Selain tempat yang nyaman, harga terbilang murah dan terjangkau","Kafe ini menyediakan panganan tradisional bergaya kafe cah nom. Liya panggon yang nyaman, harga kelebu mirah dan kejangkau"
"Stasiun tv owol, ora konsisten, nguciwokake panyengkuyunge persib - persiba, ora ndhuwe welas asih marang manungsa! Owol, lan cupu!","Stasiun tv payah, tidak konsisten, mengecewakan pendukung persib - persiba, tidak berprikemanusiaan! Payah, dan cupu!","Stasiun tv owol, tidak konsisten, menguciwokakan persib - persiba, tidak mendapatkan welas asih marang manungs"
"Panggone nyaman lan kesane adem. Satene uga enak lan ana menu liyane maneh ning panggon iki, ora mung sate","Tempatnya nyaman dan berkesan adem. Satenya juga enak dan ada menu lainnya lagi di tempat ini, tidak hanya sate","Panggone nyaman dan kesana adem. Satenya juga enak dan ada menu liyan maneh di panggon iki, tidak mung sate"
"Pemandangane apik kanggo foto-foto, hawane sejuk, panganane rasane enak. Rega uga kajangkau. Mantep.","Pemandangannya bagus untuk foto-foto, udaranya sejuk, makanannya rasanya enak. Harga juga terjangkau. Mantap.","Pemandangan adalah kanggo foto-foto, hanya sejuk, makanan rasanya enak. Rega juga kajangkau. Mantep."
Adikku seneng banget brownis primarasa,Adikku sangat suka brownis primarasa,Adik saya suka banget brownis primarasa
Akeh klambi lan celono sing didol ning matahari mal,Banyak baju dan celana yang dijual di matahari mal,Akeh klambi dan celono yang didol di matahari malam
"Minimal internetku pedhot dumadakan, 1 omah nganggo simpati kabeh semono uga ora isa nyambung internet","Minimal internet saya putus tiba-tiba, 1 rumah pakai simpati semua begitu juga tidak bisa connect internet","Minimal internetku pedhot dumadakan, 1 omah nganggo simpati kabeh semono juga ora bisa menyambung internet"
Kaskus pancen kerep menehi informasi sing menarik lan paling anyar,Kaskus memang sering memberikan informasi yang menarik dan terbaru,Kaskus pancen kerep menehi informasi yang menarik dan paling anyar
"Aku paling ora seneng kuwi, yen nyepaki pemilu, suasane tansah panas.","Saya paling tidak suka itu, kalau mendekati pemilu, suasananya selalu memanas.","Saya paling tidak suka kuwi, saya nyepaki pemilu, suasana tansah panas."
"Lumayan nyesel karo kaputusan mlebu jurusan film, pengen mlebu seni rupa sakasline. Nanging ragu karo bakar sing didhuweni.","Agak menyesal dengan keputusan masuk jurusan film, ingin masuk seni rupa sebenarnya. Tapi ragu dengan bakat yang dimiliki.","Lumayan nyesel karo kaputusan mlebu jurusan film, pengen mlebu seni rupa sakasline. Namun ragu karo bakar yang didhuweni"
"Rasa bumbu sega gorenge ora seenak mbiyen maneh, cemplang lan luwih asin. Kudu ana sing ngontrol kualitas rasa ben kualitas tetep siyaga.","Rasa bumbu nasi gorengnya tidak seenak dulu lagi, terkesan hambar dan lebih asin. Perlu ada pengontrol kualitas rasa agar kualitas tetap terjaga.","Rasa bumbu saja gorenge tidak mbiyen maneh, cemplang dan luwih asin. Kudu ada yang berontrol kualitas rasa ben"
"Sesuai rekomendasi, aku njajal mie goreng spesial lan rasane menurutku biasa banget ae lan kurang cocok ning ilat","Sesuai rekomendasi, saya mencoba mie goreng special dan rasanya menurut saya sangat biasa saja dan kurang cocok di lidah","Sesuai rekomendasi, aku njajal mie goreng spesial dan rasanya menurut saya biasa banget ae dan kurang cocok di ilat"
"Baksone enak kanggo dipangan, panggonane resik penyajiane panganan bakso sek caraku beda. Enak banget deh","Baksonya enak buat di makan, tempat bersih penyajian makanan bakso yang menurut saya beda. Enak banget deh","Baksone enak kanggo dipangan, tempatnya resik penyajikan tempatnya bakso yang caraku beda. Enak banget deh"
Pelakune aja diserahake karo pak polisi. Kubur urip-urip bae.,Pelakunya jangan diserahkan sama pak polisi. Kubur hidup-hidup saja.,Pelakune aja diserahak di pak polisi. Kubur urip-urip bae.
"Nggelakne banget, aku pesen tiket lan uwis tak bayar, padahal wektu iku urung kadaluwarsa pas aku transfer, nanging nganti saiki urung dikeki kode bookinge, malah dikeki notifikasi uwis kadaluwarsa, banjur duwite mlayune neng ngendi, pas aku hubungi liwat email gur ditanggepi pisan wae.","Sangat mengecewakan, saya pesan tiket dan sudah saya bayar, padahal waktu itu belum kadaluarsa pas saya transfer, tapi sampai sekarang belum dikasih kode bookingnya, malah dikasih notifikasi sudah kadaluarsa, lalu uangnya larinya ke mana, pas saya hubungi lewat email hanya ditanggapi sekali saja.","Nggelaknya banget, aku pesan tiket dan uwis tak bayar, padahal wektu iku urung kadaluwarsa pas aku transfer, tidak"
"Lho nemene jne! Aku nelpon ora diangkat, tweet ora dibales, email ora dibales, pesen ora dibales!","Loh parahnya jne! Saya nelepon tidak diangkat, tweet tidak dibalas, email tidak dibalas, pesan tidak dibalas!","Lho nemenya jne! Aku nelpon tidak diangkat, tweet tidak dibales, email tidak dibales, pesan tidak dibales!"
"Gela rasane karo pelayanan sing diwenehi hotel bintang papat iki. Pas aku nginep ning hotel iku, aku entuk perlakuan kurang ngenakne saka pelayan sing ana. Ditambah maneh karo jeding e sing ora ana tisune. Padahal regane lumayan larang. Nanging ora sesuai karo pelayanan sing diwenehne.","Kecewa rasanya dengan pelayanan yang diberikan hotel bintang empat ini. Saat saya menginap di hotel itu, saya mendapat perlakuan kurang mengenakkan dari pelayan yang ada. Ditambah lagi dengan kamar mandi yang tidak ada tisunya. Padahal harganya lumayan mahal. Tapi tidak sesuai dengan pelayanan yang diberikan.","Gela rasanya karena pelayanan yang diwenehi hotel bintang papat ini. Pas aku nginp di hotel ini, aku entuk perlakuan kurang ngenaknya"
"Saka mambengi kok ora iso dienggo, layanan indosat kok kaya ngene. Ndaftar extra 2 gb 10 ewu ora isa-isa, eman-eman pulsaku malah entek ora isa dienggo apa-apa.","Dari semalam kok tidak bisa dipakai, layanan indosat kok kayak gini. Daftar extra 2 gb 10 ribu tidak bisa-bisa, sia-sia pulsa saya malah habis tidak dipakai apa-apa.","Saka mambengi kok ora iso dienggo, layanan indosat kok kaya ngene. Ndaftar extra 2 gb 10 ewu ora isa-isa, eman"
"Panggonane lumayan asik, parkiran kasusun rapi. Gabungan sing aneh nanging enak, steak dikancani mi tak tak pedes banget. Hm.","Tempatnya lumayan asik, parkiran di susun rapi. Perpaduan yang aneh tapi enak, steak ditemani mi tak tak super pedas. Hm.","Makanannya lumayan asik, parkiran kasusun rapi. Gabungan yang aneh nanging enak, steak dikancani mi tak tak pedes banget. Hm."
"Koyoke isuk iki macet banget yo, wis tur ning bis luwih saka sejam, nanging ora sampek-sapek yok an.","Kayaknya pagi ini macet banget ya, sudah tur di bus lebih dari sejam, tetapi tidak sampai-sampai juga.","Koyoke isuk ini macet banget yo, wis tur yang bisa luwih saka sejam, yang ora sampek-sapek yok"
"Aku pegel kat februari ditelpon mben dina ditelpon saka mnc tv. Aku ora tau langganan, aku ping bolak-balik nglarifikasi.","Saya kesal sejak februari ditelpon tiap hari di telpon dari mnc tv. Saya tidak pernah langganan, saya puluhan kali klarifikasi.","Saya pegel kat februari ditelpon mben dina ditelpon saka mnc tv. Saya tidak langganan, saya ping bolak-balik diglarifikasi."
Kemeruh banget to kowe mat. Ora usah sok-sokan ngekeki ceramah barang. Ceramahmu iku sesat.,Sok tahu banget sih lu mat. Tidak usah sok-sokan beri ceramah segala. Ceramah kamu sesat.,Kemeruh banget to kowe mat. Ora usah sok-sokan keceramah barang. Ceramahmu iku sesat.
Bakso nganggo ceker utawa sikil pithik yaiku sensasi sing enak tenan. Enak banget pokoke kajaba bakso isih akeh menu liyane. Pokoke dianjurake tenan,Bakso dengan ceker atau kaki ayam merupakan sensasi yang menakjubkan. Enak banget deh pokoknya selain bakso masih banyak menu yang lain. Pokoknya direkomendasikan banget deh,Bakso nganggo ceker utawa sikil pithik yaiku sensasi yang enak tenan. Enak banget pokoke kajaba bakso isih akeh menu l
"Xiaomi, samsung, gumantung si kowe pengin tipe apa lan jumbuh biaya sing kowe duwe, takok-takok wae menyang panggonan sing dodol hpne","Xiaomi, samsung, tergantung sih kamu mau tipe apa dan sesuai biaya yang kamu punya, tanya-tanya aja ke tempat yang jual hpnya","Xiaomi, samsung, gumantung si tidak pengin tipe apa dan jumbuh biaya yang tidak duwe, takok-takok tidak menyang pangg"
"Panggon parkir kesempiten, sampek mobil kudu dititipne nyang lahan parkir sing ana ning sebrang hotel.","Tempat parkir terlalu sempit, sampai mobil harus dititipkan ke lahan parkir yang ada di sebrang hotel.","Panggon parkir kesempitan, sampek mobil yang dititipnya nyang lahan parkir yang ana nya sebrang hotel."
"Merga skate park iki diubengi panggon klumpukan sing asyik, aku rasane ora bakal isa krasa waleh.","Karena skate park ini dikelilingi tempat berkumpul yang asik, saya merasa tidak akan pernah merasa bosan.","Merga skate park ini diubengi panggon klumpukan yang asyik, aku rasanya tidak bakal isa krasa waleh."
Aku uwis lapor marang email mandiricare.co.id,Saya sudah lapor ke email mandiricare.co.id,Saya uwis lapor yang email mandiricare.co.id
Aku uwis ndhuwe kode akses lan pin.,Saya sudah punya kode akses dan pin.,Aku tidak mendapatkan kode akses dan pin.
"Asli tenan indihome nemen tenan saiki, apa gunane mbayar larang larang edan emosi tenan","Asli dah indihome parah banget dah sekarang, apa gunanya bayar mahal mahal gila emosi nih benar-benar","Asli tidak indihome nemen tidak saiki, apa gunan mbayar tidak tidak tidak emosi tidak"
"Dhewe sakaluwarga nyempetake kanggo njajal panganan ing panggonan mangane iki kaya susuh sing kabeh kaca-kacane ditutupi karo ranting-ranting sing ngerambat. Eksotik, unik, apik tenan lan panganane uga enak.","Kami sekeluarga menyempatkan diri mencoba makan di tempat makannya ini seperti sarang yang semua kaca-kacanya ditutupi oleh ranting-ranting yang merambat. Eksotik, unik, keren banget dan makanannya pun enak.",Dhewe sakaluwarga menyempetakenya kanggo njajal makanan ingin makanan ini kaya susuh yang kabeh kaca-kacanya dit
Aku cemburu nanging ora isa apa-apa,Saya cemburu tapi tidak bisa apa-apa,Saya cemburu di sini tidak isa apa-apa
"Rega ora patia larang, rasane uga enak, akeh pilian panganan khas Banjar liyane.","Harga tidak terlalu mahal, rasanya juga enak, banyak pilihan makanan khas Banjar lainnya. ","Rega ora patia larang, rasanya juga enak, akan pilihan panganan khas Banjar liyan."
Segel rapi sanajan kotak setithik peyot,Segel rapi walau kotak sedikit penyok,Segel rapi sanajan kotak setithik peyot
Sopir gocar teka saka luwar kutha nyang jakarta dinggo golek penumpang ben entuk poin.,Supir gocar datang dari luar kota ke jakarta untuk mencari penumpang demi dapatkan poin.,Sopir gocar teka saja luwar kutha yang jakarta di sini golek penumpang ben entuk poin.
Ning kene isa metik stroberi dewe lan langsung dibayar lak pas gedhi-gedhi buahe lumayan uga legi stroberine lan ada kulinere pisan isa mangan sing liyane ning kene,Di sini bisa petik stroberi sendiri dan langsung dibayar kalau lagi besar besar buahnya lumayan juga manis stroberinya dan ada kuliner juga bisa makan yang lain di sini,Setelah metik stroberi dewe dan langsung dibayar lak pas gedhi-gedhi buah lumayan juga legi stroberinya dan ada kulinere pisan is
"Lagek wae mau teka barange, apik kok","Baru saja tadi sampai barangnya, bagus kok","Lagek tidak mau teka barange, adalah kok"
Bosen banget ndhelok sampah ing dalan kutha palangkaraya,Bosan banget melihat sampah di ruas jalan kota palangkaraya,Bosan banget dhelok sampah di dalan kutha palangkaraya
Lokasi restoran ing Kemang. Larang lan ora enak. Aja mara mrana deh.,Lokasi restoran di Kemang. Mahal dan tidak enak. Jangan ke situ deh.,Lokasi restoran di Kemang. Larang dan tidak enak. Aja mara mrana deh.
Rasa nikmat dipadu karo sambele. Daginge empuk. Rega jumbuh karo sing disajikne. Lokasi gampang ditemokne. Sip pokoke.,Rasa nikmat dipadu dengan sambelnya. Daging empuk. Harga sesuai dengan yang disajikan. Lokasi mudah ditemukan. Sip pokoknya.,Rasa nikmat dipadu karo sambal. Daginge empuk. Rega jumbuh karo yang disajikan. Lokasi gampang ditemoknya. Sip pokoke.
Bubur Ahong iki enak dipangan pas mangan wengi. Akeh menu liane sing isa dinikmati liyane bubur. Omah mangan iki rame diparani lan lumayan amba. Bubure uga enak.,Bubur Ahong ini enak dimakan saat makan malam. Banyak menu lainnya yang dapat dinikmati selain bubur. Rumah makan ini ramai dikunjungi dan cukup luas. Buburnya juga enak.,Bubur Ahong ini enak dipangan pas makan wengi. Akeh menu lianya yang isa dinikmati liyan bubur. Omah makan ini rame diparani dan lumayan
"Aku marang kene karo pacar, panggonane lumayan amba lan ana area indoor karo ing njabane. Aku njagong ing panggonan indoor sing ana pemandangan marang arah njaba, dadi ana jendela kace. kanggo panganane aku cukup puas. Saka sisi rega tenan padha karo apa sing ditawakake","Saya ke sini sama pacar, tempatnya cukup luas dan ada area indoor sama di luarnya. Saya duduk di tempat indoor yang ada pemandangan ke arah luar, jadi ada jendela kaca. untuk makanan saya cukup puas. Dari sisi harga memang sebanding dengan apa yang ditawarkan","Aku marang kenya karo pacar, tempatnya lumayan amba dan ana area indoor karo ingin njabane. Aku tempatnya ingin tempat indoor yang ana pe"
Milih gubernur utawa ora yaiku pilian saban uwong.,Memilih gubernur atau tidak adalah pilihan setiap orang.,Milih gubernur utawa tidak ada pilihan saban uwong.
Rasa uwis malih ora kaya mbiyen. Kesane anyep. Kudu ditingkatake cita rasane. Kanggo menu ombean minim banget mung ana soft drink,Rasa sudah berubah tidak seperti dulu. Terkesan hambar. Harus di tingkatkan cita rasanya. Untuk menu minuman sangat minim hanya ada soft drink,Rasa uwis malih tidak bermbiyen. Kesananya anyep. Kudu ditingkatake cita rasanya. Menu ombean minim banget mung ana soft drink
Sanadyan saiki regane uwes mlonjak munggah nanging percayao yen pesen sega padang bungkus ing singgalang jaya porsine badai tenaaan. Nganti saiki panggonan iki isih dadi salah siji panggonan nikmati masakan padang favoritku.,Meskipun sekarang harganya sudah melonjak naik tapi percayalah kalau pesan nasi padang bungkus di singgalang jaya porsinya badai abiiis. Sampai sekarang tempat ini masih menjadi salah satu tempat menikmati masakan padang favorit saya.,Sanadyan saik harganya uwes mlonjak munggah nanging percayao yen pesan sega padang bungkus yang sangat jaya pors
"Bebeke enak, alus, sambele enak. Panggone resik lan lumayan oke.","Bebeknya enak, lembut, sambelnya enak. Tempat bersih dan lumayan oke.","Bebeke enak, alus, sambal enak. Panggone resik dan lumayan oke."
"Manggon ana ing festival city link mal, resto iki nyajikake panganan cina panganan a la carte lan dimsum. Rasa panganane oke, panggonan uga cukup amba lan akeh keluwarga mangan ana ing kene. Favorite dhewe urang mayonaise.","Terletak di festival city link mal, resto ini menyajikan makanan cina makanan a la carte dan dimsum. Rasa makanan cukup oke, tempat cukup luas juga dan banyak keluarga bersantap di sini. Favorit kami udang mayonaise.","Manggon ana di festival city link mal, resto ini menyajikan panganan cina panganan a la carte dan dimsum. Rasa panganan oke, panggonan juga cukup amba dan"
Panganan ing rumah sakit tansah ora enak,Makanan di rumah sakit selalu tidak enak,Panganan di rumah sakit tansah tidak enak
"Lak mrene wajib banget tuku terong gorenge, panggone uga enak ana sing lesehan, ngindari jam mangan awan lak sir mrene merga kebeg banget","Kalau ke sini wajib banget beli terong gorengnya, tempatnya juga enak ada yang lesehan, hindari jam makan siang kalau mau ke sini karena penuh banget","Lak mrenya wajib banget tuku terong gorenge, panggone juga enak ana yang lesehan, berindari jam makan awan lak sir mnya"
"Panggone cukup nyaman, ana ning dalan sudirman sing cedek karo pilihan panggen belonjo, lan restone cukup cedek karo panggen iku. Panganane enak, pilihane akeh dadi ora tek malehi. Panggone uga nyaman","Letaknya cukup nyaman, ada di jalan sudirman yang dekat dengan pilihan tempat belanja, dari resto pun cukup dekat ke tempat tersebut. Makanannya enak, pilihannya banyak jadi tidak terlalu membosankan. Tempatnya juga nyaman","Panggone cukup nyaman, ana di dalan sudirman yang cedek karo pilihan panggen belonjo, dan restone cukup cedek karo panggen iku. Makanan"
Resto iki duwe menu sing aneka werna nanging kakean menu China lan halal. Mi ayam jamur lan sega hainane sedep lan direkomendasikake. Bebeke uga enak. Resto iki saiki duwe cabang ing Istana Plaza.,Resto ini punya menu yang beragam tetapi kebanyakan menu China dan halal. Mi ayam jamur dan nasi hainannya sedap dan direkomendasikan. Bebeknya juga enak. Resto ini sekarang punya cabang di Istana Plaza.,Resto ini dunia menu yang adalah wernya nanging kakean menu China dan halal. Mi ayam jamur dan saja hainan sedep dan direkomendas
Mampir marang bandung. Nggolek ramen. Sing jarene saiki kekinian. Regane setimpal padha karo rasane. Yen marang bandung maneh mesti mampir maneh.,Mampir ke bandung. Mencari ramen. Yang katanya lagi kekinian. Harganya setimpal sesuai dengan rasanya. Kalau ke bandung lagi pasti mampir lagi.,Mampir marang bandung. Nggolek ramen. Sing jarenya saiki kekinian. Reganya setimpal padha karo rasanya. Saya mampir marang bandung mesti mam
"Yen ana sing salah karo tindak tanduke aku entuk kok ngomong langsung karo aku, aja ngomong ing mburi. Ora asik kaya ngono. Pengecut!","Kalau ada yang salah dengan tingkah laku aku boleh kok bicara langsung ke aku, jangan bicara di belakang. Tidak asik kayak begitu. Pengecut!","Yen ana yang salah karo tindak tanduk aku entuk kok ngomong langsung karo aku, aja ngomong ing mburi. Ora as"
Tolong konfirmasi kanggo pangiriman ing alamat panampa sing dileksanakake dina iki utawa dina ngesok mas suwun,Mohon konfirmasi untuk pengiriman ke alamat penerima akan dilakukan hari ini atau esok hari kak terima kasih,Tolong konfirmasi adalah pangiriman di alamat panampa yang dileksanakake dina ini utawa dina ngesok mas suwun
Panggen parkire kurang amba. Lan nganyelne banget lak pas awakdewe mangan terus dikongkon ngge mindahne mobil merga ana wong liya sing bar mangan lan arepe metu kendaraane. Iku ngganggu banget.,Tempat parkirnya kurang luas. Dan menyebalkan banget kalau pada saat kita makan kemudian disuruh untuk memindahkan mobil karena ada orang lain yang selesai makan dan akan keluar kendaraannya. Itu sangat mengganggu.,Panggen parkire kurang amba. Lan beranyelnya banget lak pas awakdewe makan terus dikongkon bermindah mobil merupakan ada liya yang bar
"Ya ngono sih, kesadharan tanggung jawab mahasiswa saiki kuwi kurang tenan. Akeh-akehe ora tanggung jawab kanthi apa sing uwis dadi tugase.","Ya gitu sih, kesadaran akan tanggung jawab mahasiswa sekarang itu kurang sekali. Kebanyakan tidak bertanggung jawab dengan apa yang sudah jadi tugasnya.","Ya ngono sih, kesadharan tanggung jawab mahasiswa saiki kuwi kurang tenan. Akeh-akehe tidak tanggung jawab kanthi apa"
"Sega uduk iki ana ing dalan rajiman lan bukake saka sore nganti mbengi. Menune si cukup sederhana, mung sega uduk lan aneka warna pelengkape. Biasane aku mangan sega udu karo pithik goreng lan sambel, sambele ora patia pedes.","Nasi uduk ini ada di jalan rajiman dan bukanya dari sore sampai malam. Menunya sih cukup sederhana, hanya nasi uduk dan berbagai pelengkapnya. Biasanya saya makan nasi uduk sama ayam goreng dan sambal, sambalnya tidak terlalu pedas.","Sega uduk ini ada di dalan rajiman dan bukake saja sore nganti mbengi. Menune si cukup sederhana, ada uduk dan aneka"
Ngomong-ngomong indomie pisanan ning 2018 ku mambengi tibake enak,Anw indomie pertama di 2018 ku semalam ternyata nikmat,Ngomong-ngomong indomie pisanan di 2018 ku mambengi tibak enak
"Saksitike kertu internetku ora kenek digawe padahal kuota lokal e isik, aku manggon ning panggonan sing aktivasi lan kertune uga wis didaftarne.","Minimal kartu internet saya tidak dapat digunakan padahal kuota lokal masih, saya berada di lokasi aktivasi dan kartu juga sudah registrasi","Saksitike kertu internet saya tidak digawan padahal kuota lokal yang isik, saya makan di panggonan yang aktivasi dan kertune juga wis"
Hypermart saiki ngenehi diskon 20% kanggo produk seger saben dina senen - kemis kanthi mandiri kartu hypermart,Hypermart sedang memberikan diskon 20% untuk produk segar setiap hari senin - kamis dengan mandiri kartu hypermart,Hypermart saiki mengenehi diskon 20% ke produk seger saben dina senen - kemis kanthi mandiri kartu hypermart
Pengen nesu wae aku karo indosat,Mau marah saja aku sama indosat,Pengen tidak ada karena indosat
Karo ngenteni wektu ganti tahun dhewe njajal marang rene. Dhewe wong loro pesen pirang-pirang sushi. Ombeane milktea karo es krim vanilla nganggo batok krambil. Kanggo sushine lumayan nanging kakehan segane kayane. Nanging rasane enak. Regane kajangkau.,Sambil menunggu waktu pergantian tahun kita coba ke sini. Kita berdua pesan beberapa sushi. Minumannya milktea sama eskrim vanilla dengan batok kelapa. Untuk sushinya lumayan tapi kebanyakan nasinya sepertinya. Tetapi rasanya enak. Harganya terjangkau.,Karo ngentenya wektu ganti tahun dhewe njajal marang rene. Dhewe wong loro pesan pirang-pirang sushi. Ombean milktea karo
"Endi laporanku ora diproses-proses. Magu duitku ora bakal dibalikne, padahal pulsa lan kuotaku ilang.","Mana laporan aku tidak diproses-proses. Ragu duit aku akan dikembalikan, padahal pulsa dan kuota aku hilang.","Endi laporanku tidak diproses-proses. Magu duit saya tidak dibaliknya, padahal pulsa dan kuotaku ilang."
"Dhewe kuciwa tenan karo pelayanan karyawan lion ing gate a6 bandar udara cengkareng. Aku diapusi, barang rusak lan reged satibane ing tujuan.","Kami sangat kecewa dengan pelayanan karyawan lion di gate a6 bandar udara cengkareng. Saya dibohongi, barang rusak dan kotor tiba tujuan.","Dhewe kuciwa dengan pelayanan karyawan lion di gate a6 bandar udara cengkareng. Saya diapusi, barang rusak dan reged satibanya"
Sing paling nguciwakake yaiku nalika pimpinan ora isa mbedakake lan ora gelem ngerti endi negarawan lan endi politisi kotor,Yang paling mengecewakan adalah ketika pemimpin tak bisa bedakan dan tak mau tahu mana negarawan dan mana politisi kotor,Singap paling nguciwakakan yaiku nalika pimpinan tidak isa mbedakake dan tidak gelem ngerti endi negarawan dan endi politisi
"Bubur iwak pitik sing lumayan rekomendasi ning sekitaran bandung, panggone strategis gampang digoleki, regane ora ngrogoh sak, panggone mesti rame diparani pengunjung mben dina nyambut gawe lan akhir minggu merga rasane sing enak.","Bubur ayam yang lumayan rekomendasi di sekitaran bandung, tempatnya strategis mudah dicari, harganya tidak merogoh kantong, tempatnya selalu ramai didatangi pengunjung setiap hari kerja maupun akhir pekan karena rasanya yang enak.","Bubur iwak pitik yang lumayan rekomendasi di sekitaran bandung, panggone strategis gampang digoleki, harganya tidak ngrogoh sak,"
"Teka ing panggonan iki kanggo ngaso sakbanjure sayah macet ing lelungan, panganane oke, nanging jajan-jajane mantep, dadi kabayarake.","Mengunjungi tempat ini untuk istirahat setelah cape macet di perjalanan, makanan oke, tapi kue-kuenya mantap, jadi terbayarkan.","Teka di panggonan ini kanggo ngaso sakbanjur sayah macet di lelungan, panganan oke, nanging jajan-jajan mantep, dadi kasi"
"Terus aku sia-sia no nganyari nomer hape paling anyar nyang pelayanan pelanggan cabang bni lak data ning bni isik nomer hape lawas, piye seh pelayanane!","Lalu saya percuma dong update nomor telepon genggam terbaru ke pelayanan pelanggan cab bni kalau data di bni masih nomor handphone lama, bagaimana sih pelayanannya!",Terus aku sia-sia no nganyari nomer hape paling anyar yang pelayanan pelanggan cabang bni lak data di bni isik nomer hape lawas
"Aku wis kerep mara nikmati panganan ning roemah nenek. Aku seneng karo kahanane sing nyaman dinggo mangan bareng keluarga. Ning dina-dina tertentu ana tontonan musik langsung. Panganane uga nduwe pilian sing rena-rena saka tradisional, asia, sampek panganan kidulan","Saya sudah sering kali datang menikmati makanan di roemah nenek. Saya suka dengan suasananya yang nyaman untuk makan bersama keluarga. Di hari-hari tertentu ada hiburan live musik. Makanannya pun punya pilihan yang beragam dari yang tradisional, asia, sampai makanan barat",Saya sudah kerep mara nikmati panganan di roemah nenek. Saya suka karo kahanan yang nyaman dinggu makan bareng keluarg
"Akeh wong sing ora seneng nggo berobat nyang dokter. Ora mung kerna mbayare sing relatif lumayan larang dingge separone wong, nyang dokter ora selawase isa marekne. Akeh dokter sing salah diagnosis. Apa penting utawa wis lumrah, toh dokter uga manungsa.","Banyak orang yang kurang suka untuk berobat ke dokter. Selain biaya yang relatif cukup mahal bagi sebagian orang, ke dokter tak selamanya bisa menyembuhkan. Banyak dokter yang salah diagnosa. Pentingkah ataukah sudah lumrah, toh dokter juga manusia.","Akeh wong yang tidak suka berobat yang dokter. Saya mung kerna mbayare yang relatif lumayan larang dinggu separone yang,"
"Pelayanane apik, panggen parkir lumayan amba, kebon stroberi amba lan akeh stroberi sing wis cukup abang nggo dipethil. Panganan ning restoran rena-rena banget, rasane enak, sambel stroberine unik lan enak. Sega liwet stroberi kudu dijajal. Sejauh iki kabeh menu sing tak pangan ora ana sing nggarai gela rekomendasi banget dinggo dolane keluarga","Pelayanan baik, tempat parkir cukup luas, kebun stroberi luas dan banyak stroberi yang sudah cukup merah untuk dipetik. Makanan direstoran sangat beragam, rasanya enak, sambal stroberinya unik dan enak. Nasi liwet stroberi harus dicoba. Sejauh ini semua menu yang saya makan tidak ada yang mengecewakan sangat rekomendasi untuk wisata keluarga","Pelayanan apik, tempatnya parkir lumayan amba, kebon stroberi amba dan akan stroberi yang wis cukup abang nggo dipethil. Makanan"
"Demi apa wae tes cpns marakna macet, sialannnnnnn","Demi apa pun tes cpns bikin macet, sialannnnnnn","Demi apa wae tes cpns maraknya macet, sialannnnnnnnnnnnnnnnnnnnnnnnnnnnnnnnnnnnnnnnn"
"Ngenteni panganan suwi banget, pelayane galak, pas mangan pas kuwi aku pesen pizza tekone eh gosong nganti kasire pas aku mbayar ora ngguyu, pelayanane payah.","Menunggu makanannya lama banget, waitressnya galak, pas makanannya saat itu saya pesan pizza datang eh gosong sampai kasirnya pun pas saya bayar tidak senyum, pelayanannya payah.","Ngentenya makanan suwi banget, pelayan galak, pas makan pas kuwi aku pesan pizza tekone eh gosong nganti kasire pas aku mbayar tidak"
