javanese,ground_truth,generated,bertscore
"Cepak saka hotelku nginep, namung digawa mlaku, ing kene akeh tenan pilian panganane, panggonane sing amba, lan nyenengake","Dekat dengan hotel saya menginap, hanya ditempuh jalan kaki, di sini banyak sekali pilihan makanannya, tempat yang luas, dan menyenangkan","Dekat dari hotel saya menginap, hanya berjalan kaki, di sini sangat banyak pilihan makanannya, tempatnya yang luas, dan menyenangkan",0.9749849438667297
"Iya bener, deknen lagi jaga warung.","Iya benar, dia sedang jaga warung.","Iya benar, beliau sedang jaga warung.",0.9892370700836182
Kangkunge lumayan nanging yuyu saus padange nguciwakake dhewe dikei yuyu sing kopong akhir dhewe ora mangan yuyune lan dibalekake.,Kangkungnya lumayan tapi kepiting saus padangnya mengecewakan kami dikasih kepiting yang kopong akhir kami tidak makan keptingnya dan dikembalikan.,Kangkengnya lumayan tapi udang saus padangnya mengecewakan banget dikasih udang yang kopong akhirnya kita tidak makan udangnya dan kita kembalikan,0.9404640197753906
"Manggon nang braga city walk sing sak gedung karo aston lan fave hotel, panggon iki nyaman banget dinggo nyangkruk-nyrangkruk. Kopi campur teh sing anyar lagek pisan iki aku njajal tibake enak banget, dipadu karo endog setengah mateng dadi kanca jagongan karo kanca-kanca. Panggon sing bebas rokokan tambah nyenengne karo nikmati pemandangan wira-wiri wong-wong sing mlebu metu mal iki.","Bertempat di braga city walk yang satu gedung dengan aston dan fave hotel, tempat ini sangat nyaman buat kongkow-kongkow. Kopi campur teh yang baru pertama kali saya nikmati ternyata sangat enak, dipadu dengan telur setengah matang menjadi pendamping mengobrol bersama teman-teman. Area yang bebas merokok semakin mengasyikkan sambil menikmati pemandangan lalu lalang orang-orang yang keluar masuk mal ini.","Terletak di braga city walk yang satu gedung dengan aston dan fave hotel, tempat ini sangat nyaman untuk bersantai. Kopi campur teh yang baru pertama kali saya coba ternyata sangat enak, dipadukan dengan telur setengah matang jadi teman ngobrol bersama teman-teman. Tempat yang bebas merokok semakin menyenangkan sambil menikmati pemandangan silih bergantinya orang yang masuk keluar mal ini.",0.9584969878196716
"Gianyar nompo bantuan sosial 2018 gedene rp 44, 9 milyat","Gianyar terima bantuan sosial 2018 sebesar rp 44, 9 miliar","Gianyar terima bantuan sosial 2018 sebesar rp 44,9 miliar",0.9638535976409912
Iki salah siji conto generasi sing ora kangge. Ora malah migunani dinggo bangsa nanging malah dadi sesuatu sing mbahayani dinggo bangsa! Mantep jeraten ae nggawe uu ite,Ini salah satu contoh generasi yang tidak berguna. Bukan malah bermanfaat untuk bangsa tapi malah jadi sesuatu yang berbahaya bagi bangsa! Mantap jerat saja pakai uu ite,Ini salah satu contoh generasi yang tidak berguna. Tidak malah bermanfaat bagi bangsa namun malah menjadi sesuatu yang berbahaya bagi bangsa! Sepakat menjegal saja buat uu saja,0.9498892426490784
"Sore konco, wektu iki lagi dilakokne pemeliharaan dadi aplikasi ora isa diakses.","Sore sahabat, saat ini sedang dilakukan pemeliharaan sehingga aplikasi tidak dapat diakses.","Sore rekan, saat ini sedang dilakukan pemeliharaan sehingga aplikasi tidak dapat diakses.",0.9847463965415955
Tenan ringkih dhewe iki aku uga jiden saktenane,Memang lemah kita ini aku juga penakut sebenarnya,Jujur lemah banget ini aku tapi juga so so jual mahal,0.8710283637046814
"Terakhir nyang hanamasa regane 120 ewu / wong. Nanging puase luwih saka iku. Isa njupuk panganan sakpuase, nanging rasa ora nggelakne, pinter-pintere awakdewe ae ngeracik dewe. Lak penggemar daging sapi mesti seneng mrene","Terakhir ke hanamasa harganya 120 ribu / orang. Tapi puasnya lebih dari itu. Bisa ambil makanan sepuasnya, tapi rasa tidak mengecewakan, pintar-pintar kita saja meracik sendiri. Kalau penggemar daging sapi pasti suka ke sini","Terakhir ke hanamasa harganya 120 ribu / orang. Tapi puas banget harganya. Bisa ambil makanan sepuasnya, tapi rasa tidak mengecewakan, pintar-pintarnya kita saja meraciknya. Pencinta daging sapi pasti suka ke sini",0.9750128388404846
"Kanggo menyang ing the peak mesthi wae karasa adoh banget saka pusat kutha bandung, lan aksese sing lumayan mbingungake lan dalan cilike mbelak-mbelok. Nanging kowe bisa ora bakal kesasar amarga meh ing saben enggokan ana tanda marang ing the peak. Panggonane apik banget kanggo kowe sing nggolek suasana mbengi romantis, kanthi pemandangan mbengi kutha sing apik tenan.","Untuk menuju ke the peak memang terasa sangat jauh dari pusat kota bandung, dan aksesnya yang agak membingungkan dan jalan kecil berkelok-kelok. Namun anda mungkin tidak akan tersesat karena hampir di tiap belokan ada signage menuju ke the peak. Tempatnya sangat bagus untuk anda yang mencari suasana malam romantis, dengan pemandangan malam kota yang menakjubkan.","Untuk menuju ke the peak memang terasa cukup jauh dari pusat kota bandung, dan aksesnya yang cukup membingungkan dan jalan kecil berliku. Tapi anda tidak akan tersesat karena hampir disetiap pertigaan terdapat tanda penunjuk arah ke the peak. Tempatnya sangat cocok bagi anda yang mencari suasana malam romantis, dengan pemandangan malam kota yang sangat cantik.",0.9678124785423279
Kebon raya bogor isa didadekne salah siji tujuan destinasi wisata,Kebun raya bogor bisa dijadikan salah satu tujuan destinasi wisata,Kebun raya bogor dapat dijadikan salah satu tujuan destinasi wisata,0.995612382888794
"The peak panggone ning cedeke lembang, waratan duwur ning bandung sing adem lan panggone sing apik banget nanging dalan ngge moro panggonan iki kelok-kelok banget lan tikungan landep lan curam, ora disarane dingge motoran pas udan-udan lan wengi. Ning the peak ana nggen mangan sing pemandangane kutha bandung sing indah saka nggunung, rega panganane sing larang banget lan ora sumbut.","The peak berlokasi di dekat lembang, dataran tinggi di bandung yang sejuk dan lokasi yang sangat baik namun jalan untuk mencapai tempat ini sangat berkelok disertai tikungan tajam nan curam, tidak disarankan untuk berkendara saat hujan dan malam hari. Di the peak terdapat restoran dengan pemandangan kota bandung yang indah dari perbukitan, harga makanan yang sangat mahal dan sangat tidak sesuai.","The peak terletak di dekat lembang, dataran tinggi di bandung yang sejuk dan memiliki pemandangan sangat cantik namun jalan menuju ke tempat ini sangat berkelok dan tikungan tajam dan curam, tidak disarankan untuk di motor menggunakan pada saat hujan dan malam hari. Di the peak terdapat tempat makan yang menghadap pemandangan kota bandung yang indah dari ketinggian, harga makanannya yang tergolong mahal dan tidak sebanding.",0.9637492299079895
Aku kapok nganggo jasa lion air,Saya kapok menggunakan jasa lion air,Saya kapok pakai jasa lion air,0.9834986925125122
Akeh bab sing isa dhewe tindakake kanggo ngisi wektu luwang.,Banyak hal yang dapat kita lakukan untuk mengisi waktu luang.,Banyak hal yang bisa kita lakukan untuk mengisi waktu luang.,0.9965143203735352
Saya apatis ngelaporake bab-bab kaya iki. Amarga nganti minggu wingi isih tetep hurung digarap. Mung janji-janji terus.,Semakin apatis melaporkan hal-hal seperti ini. Karena sampai minggu lalu masih tetap belum dikerjakan. Hanya janji-janji terus.,Saya apatis melaporkan hal-hal seperti ini. Karena sampai minggu lalu masih tetap saja belum digarap. Hanya janji-janji terus.,0.9696903228759766
Rega dhuwur banget porsi sithik banget ora janji maneh aku teko kanggo kepindho. Panganane ora beda adoh karo emakku dong!,Harga selangit porsi seiprit tidak janji lagi saya datang untuk yang kedua kali. Masakannya tidak beda jauh sama ema saya dong!,Harga mahal banget porsinya dikit banget tidak janji lagi saya datang untuk kedua kalinya. Makanannya tidak jauh beda dengan masakan ibu saya dong!,0.9215537309646606
"Anyar lan kashediya, 5 sekat mangan awan kotak kotak mangan yooyee kotak bekal anti bocor 590","Baru dan tersedia, 5 sekat makan siang kotak kotak makan yooyee kotak bekal anti bocor 590","Baru dan tersedia, 5 sekat makan siang kotak kotak makan tasbih kotak bekal anti bocor 590",0.9714749455451965
"Ora ngerti ya kenangapa resto iki manggoni ranking 12 saka 1800an resto sing ana ing jakarta. Regane larang! Panggonane ndhelik, lan rasa panganane biasa bae. Aja percaya banget karo review sing nyesatake.","Tidak mengerti ya kenapa resto ini menduduki peringkat 12 dari 1800an resto yang ada di jakarta. Harga mahal! Lokasi tersembunyi, dan rasa makanan biasa saja. Jangan terlalu percaya sama review yang menyesatkanlah.","Tidak mengerti ya kenapa resto ini menduduki peringkat 12 dari 1800an resto yang ada di jakarta. Harganya mahal! Tempatnya tersembunyi, dan rasa makanan biasa saja. Jangan percaya banget sama review yang menyesatkan.",0.9793441891670227
Bledosan ning aksi protes ning afghanistan mateni wong 68,Ledakan dalam aksi protes di afghanistan tewaskan 68 orang,Ledakan dalam demonstrasi di afghanistan tewaskan 68 orang,0.9777694940567017
"Aku teka marang restoran kuwi bareng karo kancaku. Kancaku kakehan kaget ndhelok pemandangane sing apik tenan ing mbengi. Aku ndhuweni kasempatan njajal stik impore, enak tenan apa maneh sause. Mmm yummi. Yen ana kasempatan aku pengen teka maneh marang kana.","Saya berkunjung ke restoran itu bersama dengan teman saya. Teman saya kebanyakan terkejut melihat pemandangannya yang sangat indah di malam hari. Saya berkesempatan mencoba steak impornya, sangat enak apalagi sausnya. Mmm yummi. Kalau ada kesempatan saya ingin berkunjung lagi ke sana.","Saya datang ke restoran itu bersama teman saya. Teman saya sampai kaget melihat pemandangan yang sangat indah malam itu. Saya berkesempatan untuk mencoba stik impornya, enak sekali apalagi sausnya. Mmmm yummy. Kalau ada kesempatan saya ingin datang lagi ke sana.",0.9711055159568787
Akses menyang dusun bambu isa ditekani kira-kira ing wektu 1 - 2 jam nganggo mobil pribadi. Mara menyang dusun bambu diusahakake pas wektu wengi amarga awake dhewe isa ndelok cetha pemandangan sing ana lan wektu sing pas kanggo mangan wengi.,Akses menuju dusun bambu bisa ditempuh kira-kira dalam waktu 1 - 2 jam menggunakan mobil pribadi. Berkunjung ke dusun bambu diusahakan saat petang hari karena kita dapat melihat jelas pemandangan yang ada dan waktu yang pas untuk makan malam.,Akses menuju dusun bambu dapat ditempuh sekitar 1 - 2 jam dengan mobil pribadi. Perjalanan menuju dusun bambu sebaiknya dilakukan pada malam hari karena kita dapat melihat dengan jelas pemandangan yang ada dan waktu yang pas untuk makan malam.,0.9621161222457886
"Panganane oke padha karo xo suki liyane. Nanging sanajan dina prei gedhe kaya badha iki udhu artine meseme prei lan pesenan ombe, lan liya-liyane kudu mesen ping akeh. Tulung dijaga kepuasan pelanggane. Matur suwun,","Makanan oke sama seperti xo suki lainnya. Tetapi walaupun hari libur besar seperti lebaran ini bukan berarti senyumnya libur dan order minum, dan lain-lain harus order berkali-kali. Tolong di jaga kepuasan pelanggannya. Terima kasih.",Makanan okel sama seperti xo suki yang lain. Tapi walau hari libur besar seperti sekarang berarti ya tetap saja harus memesan berkali-kali untuk minuman dan lain sebagainya. Mohon pertahankan kepuasan pelanggan. Terima kasih,0.9241714477539062
"Restoran iki yaiku panggon kuliner sing wajib diparani umpama nyang bandung. Ora mung panganane sing manjakne ilat panganan sunda banget, restoran iki uga dibangun nganggo konsep mangan santai ning jero kali dadi nawarne pengalaman kuliner sing berkesan banget. Kudu dijajal dinggo sopo ae sing nyang bandung.","Restoran ini adalah sebuah destinasi kuliner yang wajib dikunjungi bila ke bandung. Selain makanan yang sangat memanjakan lidah makanan sunda, restoran ini juga dibangun dengan konsep makan santai di dalam saung yang dikelilingi alam hutan dan pegunungan yang dihias pepohonan rindang dan dihibur oleh gemericik air sungai sehingga menawarkan pengalaman kuliner yang teramat mengesankan. Harus dicoba bagi siapapun yang ke bandung.","Restoran ini adalah tempat kuliner yang wajib dikunjungi apabila ke bandung. Tidak hanya makanannya yang memanjakan lidah selera indonesia banget, restoran ini juga dibangun dengan konsep makan santai di dalam sungai sehingga menawarkan pengalaman kuliner yang sangat berkesan. Wajib dicoba buat siapa saja yang ke bandung.",0.9337984323501587
Mbalik ngaktifne paket data indosat merga isa akses youtube unlimited.,Kembali mengaktifkan paket data indosat karena dapat akses youtube unlimited.,Balik mengaktifkan paket data indosat karena bisa akses youtube unlimited.,0.9861305356025696
Aku nembe ngerti ketemu kancaku sek makarya nang trans tv,Saya baru saja bertemu teman saya yang bekerja di trans tv,Saya baru tahu bertemu dengan teman saya yang bekerja di trans tv,0.9752815365791321
"Omah mangan ning dalan anggrek iki nduwe keistimewaan jenis seafood sing rena-rena lan ana sing isih urip dinggo dipilih lan dimasak pas kuwi uga. Rena-rena jenis panganan isa dipilih lan wektu ngenteni sing sediluk nggarai adewe ora tek kesuwen keluwen ngenteni. Menu kerapu kukuse enak banget lan gurih, apa meneh lak dimasak karo iwak sing isih seger. Lokasine lumayan adem, regane mirah.","Rumah makan di jalan anggrek ini memiliki keistimewaan jenis seafood yang beragam dan ada yang masih hidup untuk dipilih dan dimasak saat itu juga. Berbagai jenis masakan dapat dipilih dan waktu tunggu yang singkat membuat kita tidak terlalu lama kelaparan menunggu. Menu kerapu kukusnya sangat enak dan gurih, apalagi bila dimasak dengan ikan yang masih segar. Lokasi cukup sejuk, harga murah.","Rumah makan di jalan anggrek ini memiliki keistimewaan jenis seafood yang beragam dan ada yang masih hidup untuk dipilih dan dimasak saat itu juga. Beragam jenis hidangan bisa dipilih dan waktu tunggu yang tidak lama membuat kita tidak kelamaan lapar menunggu. Menu kerapu kukus sungguh enak dan gurih, apalagi kalau dimasak dengan ikan yang masih segar. Lokasinya lumayan adem, harganya terjangkau.",0.9761222004890442
"Kaya biasane awakdewe mesti golek kuliner sing liya timbangane sing liyane, awakdewe entuk ning panggen iki yaiku the restaurant padma hotel. Awakdewe pesen menu sing ana. Ana saka indonesia, eropa lan cina, tibake kabeh masakane enak kabeh.","Seperti biasa kami selalu mencari kuliner yang lain daripada yang lain, dapatlah kami di tempat ini yaitu the restaurant padma hotel. Kami memesan menu yang ada. Ada dari indonesia, eropa dan chinese, ternyata semua masakannya enak semuanya.","Seperti biasanya kita mesti mencari kuliner yang berbeda dari yang lain, kita mendapatkannya di tempat ini yaitu the restaurant padma hotel. Kita memesan menu yang ada. Ada dari indonesia, eropa dan cina, ternyata semuanya masakannya enak enak.",0.9728319644927979
Iya kuwi sing nggawe aku kesel. Iki udu salahe sing ngelamar nanging jelas 100% salahe pihak sing ana ing ndhuwur sing embuh piye carane dheweke koordinasi. Nyesek aku kuwi sanajan iki kasus kancaku sing ing lampung.,Iya itu yang bikin saya kesal. Ini bukan kesalahan sang pelamar tapi jelas 100% kesalahan pihak yang di atas yang entah bagaimana cara mereka berkordinasi. Nyesek saya itu walaupun ini kasus teman saya yang di lampung.,Iya itu yang bikin saya lelah. Ini bukan salahnya pelamar tapi jelas 100% salah pihak atas yang tidak tahu bagaimana mereka koordinasi. Menyebalkan itu meskipun ini kasus teman saya yang di lampung,0.9499213099479675
"Pelayanane cukup suwi, nanging suwasanane sing diwenehi apik lan unik, dadi karo ngenteni panganan isa nikmati suwasana ing restoran iki, menu sing disajikake aneka werna lan enak,","Pelayanannya agak lama, tetapi suasana yang diberikan keren dan unik, jadi sambil menunggu makanan bisa menikmati suasana di resto ini, menu yang disajikan beragam dan enak,","Pelayanan cukup lama, namun suasana yang diberikan bagus dan unik, sehingga sambil menunggu makanan bisa menikmati suasana di restoran ini, menu yang disajikan beragam dan enak,",0.9830073714256287
"Panganan ing kene enak-enak kanthi akeh variasine. Kabehane enak kanthi pemandangan apik. Pelayanane sing maksimal saka mbak diah lan gina saka ngewiwiti teka nganti rampung, dilayani kanthi apik tenan.","Makanan di sini enak-enak dengan banyak variasi. Semuanya enak dengan pemandangan bagus. Pelayanan yang maksimal dari mbak diah dan gina dari awal datang sampai selesai, dilayani dengan sangat baik.","Makanan di sini enak-enak dengan banyak variasinya. Semuanya enak dengan pemandangan yang bagus. Pelayanan yang maksimal dari mbak diah dan gina dari awal sampai selesai, dilayani dengan baik sekali.",0.9856379628181458
"Ana ing ajang piala dunia 2018 sesuk, telkomsel njupuk bagian minangka pandukung penyiaran resmi ing perhelatan sepak bola donya kasebut.","Dalam ajang piala dunia 2018 nanti, telkomsel mengambil bagian sebagai pendukung penyiaran resmi dalam perhelatan sepak bola dunia tersebut.","Di ajang piala dunia 2018 mendatang, telkomsel ambil bagian sebagai pendukung penyiaran resmi di perhelatan sepak bola dunia tersebut.",0.9894572496414185
De'e biasane tuku tisu paseo,Dia biasanya membeli tisu paseo,Dia biasanya membeli tisu basah,0.9264798760414124
"Buse ora nyaman, mbak, ora sumbut karo sing diomongne bosmu, urung maneh panganane kurang enak banget, terus panggon wisata tujuane sing nggelakne:","Busnya tidak nyaman, mbak, tidak sesuai dengan yang diomongin atasan Anda, belum lagi makanannya kurang enak banget, lalu tempat wisata tujuannya yang mengecewakan:","Bus tidak nyaman, mbak, tidak sesuai dengan yang anda omongkan tadi busnya, belum lagi makan tidak enak banget, terus tempat wisata tujuannya yang sangat mengecewakan:",0.9654178619384766
"Cukup gampang golek lokasi iki, mung ngikuti wae arah menyang tengah kota. Mengko ning kiwa dalan ketok parkiran mobil sing cukup akeh, nengkono panggonan kafe iki. Rasane kafe iki pancen arang sepi, pengunjunge akeh banget.","Cukup mudah mencari lokasi ini, tinggal mengikuti saja arah ke tengah kota. Nanti di kiri jalan terlihat parkiran mobil yang cukup banyak, disitulah tempat kafe ini. Rasanya kafe ini memang jarang sepi, banyak sekali pengunjung.","Cukup mudah mencari lokasi ini, tinggal mengikuti saja arah menuju pusat kota saja. Nanti di sebelah kiri jalan akan terlihat parkiran mobil yang cukup banyak, di situlah tempat kafe ini. Terasa memang kafe ini jarang sepi, pengunjungnya sangat banyak.",0.9776689410209656
"Gela aku karo provider iki, nganti sebel, nesu, emosi, aku metu, gara gara, sinyal sing ora bener.","Kecewa saya dengan provider ini, sampai kesal, marah, emosi, saya keluar, gara gara, sinyal yang tidak benar.","Kesal aku sama provider ini, sampai sebel, kesal, emosi, aku keluar, gara-gara, sinyal yang tidak benar.",0.9654620885848999
"Sarung bantal, seprei lan slimute uwis ora putih...terus temboke wes akeh lumut..","Sarung bantal, seprai dan selimutnya tidak lagi putih...trus dindingnya sudah banyak lumut..","Sarung bantal, sprei dan selimutnya sudah tidak putih... terus temboknya sudah banyak lumut..",0.9704793691635132
"Lan pas dheweke teka, saya rusak wae iki acara. Gilo banget aku karo dheweke, asli! Ngapuro yoo aku ora seneng banget karo dheweke","Dan ketika dia tiba, makin rusak saja ini acara. Jijik banget gue sama dia, asli! Maaf yaah gue enggak suka banget sama dia","Dan pas dia datang, makin rusak saja ini acara. Jijik banget gue sama dia, asli! Ampun deh gue gasuka banget sama dia",0.9685369729995728
"Dhewe ana acara mangan mbengi wektu kuwi, es krime ora dipisah karo espresso dadi ora isa nyampur sing cocok karo selerane awakedhewe. Salmon steake uga kurang seger, kulit salmone atos, ketoke suwi ing kulkas utawa freezer. Sanajan iku menu utama sing kudune enak.","Kami ada acara makan malam waktu itu, ice krimnya tidak dipisahkan dengan espresso jadi tidak bisa mencampur sesuai selera masing-masing. Salmon steaknya juga kurang segar, kulit salmonnya keras, keliatannya lama di kulkas atau freezer. Padahal itu menu utama yang seharusnya enak.","Kami ada acara makan malam waktu itu, es krimnya tidak dipisah dengan espresso jadi tidak bisa nyampur yang sesuai selera kami. Salmon steaknya juga kurang segar, kulit salmonsnya keras, sepertinya lama di lemari pendingin atau freezer. Padahal itu menu utama yang seharusnya enak.",0.9659798741340637
"Panggonane gampang ditemukake. Resik lan higienis, pelayanane apik, dhewe bisa diskusi babagan panganan kang kasadia. Asik.","Tempatnya mudah ditemukan. Bersih dan higienis, pelayanannya bagus, kita bisa diskusi tentang masakan yang tersedia. Asik.","Tempatnya mudah ditemukan. Bersih dan higienis, pelayanan baik, kita bisa diskusi mengenai makanan yang tersedia. Asik.",0.9910517930984497
Buffet mangan mbengi paling top. Regane pas karo sing dientukake. Rasane enak piliane akeh. Regane kadang didiskon yen teko rombongan. Sukses terus ya.,Buffet makan malam paling top. Harga sesuai yang didapat. Rasanya enak pilihannya banyak. Harga kadang didiskon jika datang rombongan. Sukses selalu ya.,Buffet makan malam sangat top. Harga sesuai dengan yang diberikan. Rasa enak pilihan banyak. Harga terkadang didiskon kalau datang rombongan. Sukses terus ya,0.9714391231536865
Panggon sing apik yen dinikmati wengi. Cukup nyaman. Ragane lumayan murah. Senenganku stik tenderloine. Cukup enak.,Tempat yang bagus kalau dinikmati malam hari. Cukup nyaman. Harga cukup terjangkau. Favorit saya steak tenderloinnya. Cukup enak.,Tempat yang asik kalau dinikmati malam hari. Cukup nyaman. Harga lumayan terjangkau. Favorit saya tenderloin stik. Cukup enak.,0.9742185473442078
"Njajal kanggo buka puasa ing kene. Kanggo rega sing kagolong larang ana ing antara hotel berbintang sakelasae, rasa sing ditawakake tenan nguciwakake. Pastane ora ana rasane, panganan liyane uga ora ana rasane. Beda tenan karo apa sing biasa ditawakake. Lan pelayanane uga kurang profesional pas ngelakoni pembayaran nganggo kartu kredit.","Mencoba untuk buka puasa di sini. Dengan harga yang tergolong mahal di antara hotel berbintang sekelasnya, rasa yang ditawarkan sangat mengecewakan. Pastanya hambar, makanan lain juga hambar. Sangat berbeda dengan apa yang biasa ditawarkan. Dan pelayanan juga kurang profesional pada saat melakukan pembayaran dengan mengunakan kartu kredit.","Mencoba untuk makan malam di sini. Untuk harga yang terbilang mahal di antara hotel bintang satu di jakarta, rasa yang ditawarkan sangat mengecewakan. Pasta tidak ada rasanya, makanan lainnya juga tidak ada rasanya. Beda sekali dengan apa yang biasanya ditawarkan. Dan pelayanan juga kurang profesional ketika melakukan pembayaran dengan kartu kredit.",0.9527132511138916
"Aku uga bingung loh, sing ndukung tokoh kuwi meh kabeh setipe bisane mung ngenyek-ngenyek, fitnah, tembung-tembung kasar, nyebarna isu ngapusi, ngutamakake emosi, akal sehate ora pernah dinggo.","Gue juga bingung loh, pendukung tokoh itu hampir semuanya setipe bisanya cuma maki-maki, fitnah, kata-kata kasar, menyebar isu bohong, mengutamakan emosi, akal sehat tidak pernah dipakai.","Saya juga bingung loh, pendukung tokoh itu hampir keseluruhan tipe-tipenya hanya bisa menghujat, memfitnah, kata-kata kasar, menyebarkan isu bohong, mengutamakan emosi, akal sehat tidak pernah dipakai.",0.9510378837585449
"Omah mangan nusa indah saiki gelakne ah. Reget, uwong ditokne wae ngrokok ning ruangan nggo ac, pangganan suwe tekane.","Rumah makan nusa indah sekarang mengecewakan ah. Kotor, orang didiamkan saja merokok di ruangan ber ac, makanan lama datangnya.","Rumah makan nusa indah sekarang jorok ya. Kotor, orang suruh saja merokok di ruangan ber ac, makanan lama datangnya.",0.9598941206932068
Nadia nggoleki hem kanggo adike ning uniqlo,Nadia mencari kemeja untuk adiknya di uniqlo,Nadia cari baju untuk adiknya di uniqlo,0.9729067087173462
"101 dalmatians: The series yaiku seri kartun tipi sing digawe karo disney television animation, kerjo bareng karo jumbo pictures.","101 dalmatians: The series adalah sebuah seri animasi televisi yang diproduksi oleh disney television animation, bekerja sama dengan jumbo pictures.","101 dalmatians: The series merupakan seri kartun televisi yang dibuat oleh disney television animation, bekerja sama dengan jumbo pictures.",0.9768363237380981
Kantor kang nyambungake korsel - korut dibuka pekan iki,Kantor penghubung korsel - korut dibuka pekan ini,Kantor penghubung korsel - korut kembali dibuka pekan ini,0.9889460802078247
Menehi berkah bareng sinde! Etukna 50 paket umroh saben tuku minimal rp 15.000 ning alfamart.,Berbagi berkah bersama sinde! Dapatkan 50 paket umroh setiap pembelian minimal rp 15.000 di alfamart.,Raih hadiah umrah bersama sister! Lewat pembelian minimal rp 15.000 di alfamart.,0.9289741516113281
"Tuku kaos, topi utawa jam tangan ning lapak monoton roomstore busa ditawa khusus nganggo aplikasi ning hape bosku.","Beli kaos, topi atau jam tangan di lapak monoton roomstore bisa diego khusus pakai aplikasi di hape boskuh.","Beli kaos, topi atau jam tangan di lapak monoton roomstore dapat penawaran khusus dengan aplikasi di hape anda.",0.9543493986129761
"Aplikasi google maps akeh paedahe, aku puas nganggone!","Aplikasi google maps sangat bermanfaat, saya puas menggunakannya!","Aplikasi google maps banyak manfaat, saya puas menggunakannya!",0.9822758436203003
"Kanggo malem minggu ing kene pasangan diwenehi panggonan sing ora kapenak, amarga pas uwong lewat ing kana panggonane dhewe obah-obah, luwih pase mirip kaya warung pinggir dalan. Ora sesuai karo rega panganane sing disajikake, kudune pasangan uga diwenehi panggonan sing apik uduk sembarang nerima tamu lan dideleh ing panggonan kaya kuwi.","Untuk malam minggu di sana pasangan diberi tempat yang tidak nyaman, karena saat orang lewat di sana tempat kami goyang-goyang, lebih tepatnya mirip seperti warung pinggir jalan. Tidak sesuai dengan harga makanan yang disajikan, seharusnya pasangan juga diberi tempat yang bagus bukan sembarang terima tamu dan taruh di tempat seperti itu.","Untuk weekend di sini pasangan diberikan tempat yang tidak nyaman, karena ketika orang lewat di situ tempat kita bergerak-gerak, lebih nyaman mirip seperti warung pinggir jalan. Tidak sesuai dengan harga makanan yang disajikan, mestinya pasangan juga diberikan tempat yang baik tidak sembarangan terima tamu dan diletakkan di tempat seperti itu.",0.9596813917160034
Menu panganan cukup rena-rena lan nggarai sir mesen kabeh. Mirah? Jelas ae!,Menu makanan cukup bervariasi dan bikin mau dipesan semuanya. Murah? Pastinya!,Menu makanan cukup variatif dan menggoda untuk memesan semuanya. Murah? Tentu saja!,0.9376553297042847
Bagikno sak akeh-akehe. Ben wong iki diproses. Kangen ndelok video njaluk sepiro karo nangis-nangis terus wadul nyang mbok e terus omong lak perlakuane kuwi ora sengaja.,Bagikan sebanyak-banyaknya. Biar ini orang diproses. Kangen melihat video minta maaf sambil nangis-nangis lalu ngadu ke emak lalu bilang kalau perlakuan itu tidak sengaja.,Sebarkan sebanyak-banyaknya. Biar orang ini diproses. Parah lihat video minta berapa dengan menangis-menangis terus ngadu ke ibunya terus bilang kalau perbuatan itu tidak sengaja.,0.948353111743927
"Soto kudus iki anane ning pinggir dalan, kaping pisan arep mangan rada ora mantep uga sih. Amarga pengen ngerti rasa kudus yo dijajal sek. Ee saktenane uga enak lho, lan ana uga pilihan kanggo nyampurake, pokoke enak tenan. Regane murah pol deh. ","Soto kudus ini adanya di kaki lima, pertama kali mau makan agak ragu juga sih. Karena ingin tahu rasa kudus ya dicoba dulu. Ee ternyata enak juga lho, dan ada juga pilhan untuk mencampurnya, pokoknya enak sekali deh. Harganya murah meriah deh.","Soto kudus ini letaknya di pinggir jalan, pertama kali mau makan agak ragu juga sih. Karena ingin tahu rasa kudus ya dicoba juga. Eh ternyata enak juga lho, dan ada juga pilihan untuk mencampurnya, pokoknya enak banget. Harganya murah banget deh.",0.969862699508667
Olahraga wengi isa dadi pilihan kanggo ngisi wektu lowong.,Olahraga di malam hari dapat menjadi pilihan untuk mengisi waktu luang.,Olahraga malam dapat menjadi pilihan untuk mengisi waktu luang.,0.9848648905754089
Restoran seafood. Menu spesiale yuyu sing dipangan karo kulite. Kanggo aku kurang enak. Kulite isih rada atos. Pelayanane biasa-biasa bae.,Restoran seafood. Menu spesialnyanya kepiting yang dimakan dengan kulitnya. Untuk saya kurang enak. Kulitnya masih agak keras. Pelayanannya biasa-biasa saja.,Restoran seafood. Menu spesial kepiting yang dimakan beserta kulitnya. Untuk saya kurang enak. Kulitnya masih agak keras. Pelayanan biasa saja.,0.9781096577644348
"Enak lumayan, nanging regane larang amarga porsine luwih sithik. Ana pilihan infused kangen water sek cukup kanggo 4 uwong","Enak lumayan, tapi harganya mahal karena porsinya sedikit kecil. Ada pilihan infused kangen water yang cukup untuk 4 orang","Enak lumayan, tapi harganya mahal karena porsinya lebih kecil. Ada pilihan infused kangen water yang cukup untuk 4 orang",0.9944024085998535
"Dinggo daerah banda aceh lan sekitare sik lancar, ora ana gangguan blas.","Untuk daerah banda aceh dan sekitarnya masih lancar, tidak ada gangguan sama sekali.","Untuk daerah banda aceh dan sekitarnya masih lancar, tidak ada gangguan sama sekali.",1.0
Emosi karo gojek sing kerep nyasar yen arep menyang omahku.,Emosi dengan gojek yang selalu nyasar kalau mau ke rumah saya.,Kesal sama gojek yang sering nyasar pas mau ke rumah.,0.9511549472808838
"Kafe sing nyaman, enak lan murah kanthi desain kafe sing unik lan marakna krasan. Panganan enak lan kopi enak lan fasilitas wifi sing cepet lan tv kabel","Kafe yang nyaman, enak dan murah dengan desain kafe yang unik dan bikin betah. Makanan enak dan kopi enak serta fasilitas wifi yang cepat dan tv kabel","Kafe yang nyaman, enak dan terjangkau dengan desain kafe yang unik dan bikin betah. Makanan enak dan kopi enak serta fasilitas wifi yang cepat dan tv kabel",0.9971715211868286
"Uwis sewulan luwih ora mangan indomie, sakpisane mangan langsung nggawe rong porsi indomie goreng jumbo.","Sudah sebulan lebih tidak makan indomie, sekalinya makan langsung bikin dua porsi indomie goreng jumbo.","Sudah sebulan lebih tidak makan indomie, kal ini makan langsung bikin dua porsi indomie goreng jumbo.",0.9789443612098694
"Mangan sikil wedus bagian pupu sing empuk lan lumayan gedhi dinggo ukuran medium, pas dingge wong siji, mangan tanpa sega, karo es lemon tea. Seger kurange mung panggone kebul-kebul, wajar kan jenenge uga wedus bakar hehehe","Makan kaki kambing paha yang empuk dan lumayam besar untuk ukuran medium, pas untuk satu orang, makan tanpa nasi, dengan es lemon tea. Segar kekurangannya hanya tempatnya berasap, wajar kan namanyan jg kambing bakar hehehe","Makan kaki kambing bagian pupu yang empuk dan lumayan besar untuk ukuran medium, pas untuk makan berdua, makan tanpa nasi, plus es lemon tea. Segar minusnya hanya tempat yang berasap, wajar sih karena memang kambing bakar hehehe",0.9513548016548157
"Panggone lumayan unik, rasa panganane biasa, menu sing ditawakne uga biasa, mung panggone karo keunikane sing menarik, cara nyeluk pelayane nganggo nutuk kentongan,. Aku pas mrana wengi, diambah udan, udarane lumayan adem nyrusuk belung, sempet ngenteni kira-kira limolas menit ben iso entuk panggon, merga bek blok wektu iku. Disaranke lak sir mrana sore-sore.","Tempatnya cukup unik, rasa makanan standar, menu yang ditawarkan juga biasa, hanya saja yang menarik tempat dan keunikannya, cara memanggil pelayannya dengan memukul kentongan,. Aku pas ke sana pada malam hari, ditambah hujan, udaranya cukup dingin menusuk tulang, sempat menunggu kira-kira 15 menit untuk bisa dapat tempat, karena penuh blok pada saat itu. Disarankan kalau mau ke sana sore-sore.","Tempatnya cukup unik, rasa makanannya biasa saja, menu yang ditawarkan juga biasa saja, hanya saja tempat dan keunikan yang menarik, cara memanggil pelayan dengan memukul kentongan,. Saya ketika itu kesana malam hari, sedang hujan, udara cukup dingin menusuk, sempat menunggu sekitar lima belas menit untuk mendapatkan tempat duduk karena penuh pada blok waktu itu. Disarankan jika ingin pergi kesana pada sore hari.",0.9556766152381897
"Ning pilkada 2018, polri dijaluk ningkatne pengamanan ning sekitar tps.","Dalam pilkada 2018, polri diminta meningkatkan pengamanan di sekitar tps.","Pada pilkada 2018, polisi diminta tingkatkan pengamanan di sekitar tps.",0.9734314680099487
"Ora bosen apa film indonesia sing main deknen terus, udu ngomong deknen ora apik, nanging yen pemaine kuwi kuwi bae uga bosen ndheloke.","Tidak bosan apa film indonesia yang main dia terus, bukan bilang dia tidak bagus, tetapi kalau pemain itu itu melulu jenuh juga melihatnya.","Tidak bosan apa film indonesia yang pemerannya itu-itu saja, bukan berarti bilang mereka tidak bagus, tapi kalau pemain hanya itu-itu saja juga bosan menontonnya.",0.9244346618652344
Wingi Dian tuku kathok anyar liwat aplikasi Lazada,Kemarin Dian membeli celana baru lewat aplikasi Lazada,Kemarin Dian membeli sepatu baru melalui aplikasi Lazada,0.9696483016014099
"Dhewe arep menyang lembang kanthi kahanan luwe. Pas ndhelok saung pengkolan iki dhewe langsung mandhek kanggo mangan. Dhewe milih lesehan ing tingkat 2 dadi entuk pemandangan sek apik. Pesenane dhewe yaiku cumi goreng glepung, gurame goreng krispi, oseng genjer lan rong menu tahu sek aku lali jenenge. Umume ora ana sek istimewa saka hidangan kuwi. Mbok menawa pilihanku. Lanjutane","Kami dalam perjalanan ke lembang dalam keadaan lapar. Saat melihat saung pengkolan ini kami langsung berhenti untuk makan. Kami memilih lesehan di lantai 2 sehingga mendapatkan pemandangan yang indah. Pesanan kami adalah cumi goreng tepung, gurame goreng crispy, tumis genjer dan dua menu tahu yang saya lupa namanya. Secara keseluruhan tidak ada yang istimewa dari hidangan tersebut. Mungkin pilihan saya. Lanjutan","Kami akan pergi ke lembang dalam keadaan lapar. Melihat saung di tikungan inilah kami langsung berhenti untuk makan. Kami memilih lesehan di tingkat 2 sehingga dapat pemandangan yang bagus. Pesanan kami adalah cumi goreng tepung, gurame goreng krispi, sayur genjer dan dua menu tahu yang saya lupa namanya. Secara keseluruhan tidak ada yang istimewa dari masakan tersebut. Mungkin pilihan saya. Lanjutan",0.9711606502532959
Entuk bonus tcahs 12.500 nanging ora isa dienggo kanggo tuku pulsa sing regane 10 ewu h aneh,Dapat bonus tcash 12.500 tapi tidak bisa dipakai buat beli pulsa yang seharga 10 ribu h aneh,Dapat bonus uang 12.500 tapi tidak bisa dipakai untuk beli pulsa harga 10 ribu h aneh,0.9562594890594482
"Kaping kapisan aku marang rana, meja-meja mulai tuwa lan uga menu panganan sing ora patio variatif. Nanging regane ora bisa diomong murah, amarga kudune kanthi rega-rega sakmono bisa entuk sing luwih apik. Utamane pas aku marang kamar mandi, reged tenan lan mambu ora enak:","Saat pertama ke sana, meja-meja mulai usang dan juga menu makanan yang tidak begitu bervariatif. Namun harganya tidak bisa dibilang murah, karena seharusnya dengan harga-harga segitu bisa dapat yang lebih baik. Terutama saat saya ke toilet, sangat kotor dan berbau tidak sedap:","Pertama kali saya ke sana, meja-meja mulai agak tua dan menu makanan juga tidak terlalu variatif. Tetapi harganya tidak bisa dibilang murah, karena seharusnyakan dengan harga-harga segitu bisa mendapatkan yang lebih baik. Terutama pas saya ke toilet, kotor banget dan bau tidak enak:",0.9679903388023376
"Ombean apa sih kok cara nggombene aneh, rasane uga aneh maneh","Minuman apa sih kok cara minumnya aneh, rasanya aneh juga lagi","Minuman apa sih kok cara menggoda aneh, rasanya juga aneh lagi",0.9635081887245178
"Tanggal 12 february iku ulang taune pacarku, lan aku ngajak dee dinggo mangan nyang sawiji restoran sing terkenal ning surabaya. Aku pengen menehi kado ulang taun karo mangan sing enak ning kana. Nanging. Pas iku aku teka kira kira jam setengah 3. Panggon kebeg dadi awakdewe kudu ngenteni. Daftar tunggu pas kuwi sekitar 4 meja.","Tanggal 12 february adalah ulang tahun pacar saya, dan saya mengajak dia untuk makan di sebuah restaurant yang terkenal di surabaya. Saya ingin memberi kado ulang tahun dengan makan yang enak di sana. Tapi. Saat itu saya datang kira kira jam setengah 3. Tempat penuh sehingga kami harus menunggu. Daftar tunggu pada saat itu sekitar 4 meja.","Tanggal 12 februari adalah hari ulang tahun pacar saya, dan saya mengajaknya untuk makan di sebuah restoran yang terkenal di surabaya. Saya ingin memberikan hadiah ulang tahun sekaligus makan enak di sana. Namun. Saat itu saya datang sekitar jam setengah 3. Tempat penuh sehingga kami harus menunggu. Daftar tunggu saat itu sekitar 4 meja.",0.978880763053894
"Ora seneng ndelok bocah sma saiki, yen nganggo jilbab rambute pada disengajakake metu, maksude apa?","Tidak suka melihat anak sma sekarang, kalau pakai jilbab rambutnya pada disengajakan keluar, maksudnya apa?","Tidak suka melihat anak sma sekarang, kalau pakai jilbab rambutnya sengaja dikeluarkan, maksudnya apa?",0.9695956110954285
Calon-calon pemimpin negeri iki cukup kuwat nyiapake strategi kanggo kemenangane.,Calon-calon pemimpin negeri ini cukup kuat mempersiapkan strategi untuk kemenangannya.,Calon pemimpin negeri ini cukup kuat menyiapkan strategi demi kemenangannya.,0.9550654888153076
Adikku lagi ndhelok harry potter ing trans tv,Adik saya sedang menonton harry potter di trans tv,Adik saya sedang menonton harry potter di trans tv,0.9999999403953552
"Salah siji restoran paling tak senengi ning bandung. Panggonane nylepit, nanging isih kenek dijangkau. Menu panganane enak, sunda banget. Pemadangane ya apik, kahanane pancen nggarai mripat lan ilat kabeh puas. Bar mangan sampek wareg. maleh sir turu ning saunge.","Salah satu restoran favorit saya di bandung. Lokasinya terpencil, tetapi masih terjangkau. Menu makanannya enak, sunda sekali. Pemandangannya indah, suasananya memang membuat mata dan lidah semua terpuaskan. Selesai makan sampai kenyang, jadi ingin tidur di saungnya.","Salah satu restoran terfavorit di bandung. Tempatnya memang agak terpencil, namun masih dapat dijangkau. Menu makanan enak, sundawi banget. Pemandangan juga bagus, suasana memang membuat mata dan lidah semua puas. Habis makan sampai kenyang. Malah tidur siang di saung.",0.9520590901374817
Endi taring kpk? Kasus ecek-ecek puluan yuta kowe cekel senajan nganti ing bolongan semut! Waras kowe kpk?,Mana taring kpk? Kasus ecek-ecek puluhan juta kamu tangkap sampai ke lubang semut sekalipun! Waraskah anda kpk?,Mana bukti kpk? Kasus sepele jutaan kalian tahan sampai ke gua semut! Sakit jiwa kah kalian kpk?,0.9158914685249329
"Menu ning panggen iki asline sederhana banget nanging sing nduwe kreatif. Sajian mie, roti lan panganan penutupe di campur karo rena-rena pilihan. Panggone asik dingge nglumpuk karo kanca-kanca. Dingge regane ora tek larang sumbut karo rasane.","Menu di tempat ini sebetulnya sederhana banget tapi pemiliknya kreatif. Sajian mie, roti dan makanan penutupnya di mix sama berbagai pilihan. Tempatnya asik buat berkumpul dengan teman-teman. Untuk harganya tidak terlalu mahal sesuai sama rasanya.","Menu di kafe ini memang sederhana tapi sang pemilik kreatif. Sajian mie, roti dan makanan penutup dipadukan dengan berbagai pilihan. Tempatnya nyaman buat kumpul bersama teman. Untuk harganya tidak terlalu mahal sesuai dengan rasanya.",0.9552537798881531
"Restoran kanthi metode penyajian bedha. Piring panggonan mangan diganti karo godhong gedhang. Menu panganan khas sunda kanthi citarasa sing enak. Saka segi rega cukup kakancan, panggonan mangan amba lan akeh pilian meja, parkir cukup amba.","Restoran dengan metode penyajian berbeda. Piring tempat makan diganti dengan lembaran daun pisang. Menu makanan khas sunda dengan citarasa yang enak. Dari segi harga cukup bersahabat, tempat makan luas dan banyak pilihan meja, parkir cukup luas.","Restoran dengan metode penyajian berbeda. Piring tempat makan diganti dengan daun pisang. Menu makanan khas sunda dengan citarasa yang enak. Dari segi harga cukup terjangkau, tempat makan luas dan banyak pilihan meja, parkir cukup luas.",0.9888043403625488
"Restoran alas daun nyajikake menu khas sunda sek ora beda adoh karo restoran khas sunda liyane, nanging sek nggawe beda yaiku ora nganggo piring lan mung diwenehi godhong gedhang sek diselehake ing meja sek ngganteni piring. Dadi kaya uwong ing India sek mangan didhasarkae godhong gedhang.","Restoran alas daun menyajikan menu khas sunda yang tidak jauh berbeda dengan restoran khas sunda lainnya, tapi yang membuatnya berbeda adalah tanpa piring, dan hanya diberi daun pisang yang diletakkan di meja sebagai pengganti piring. Jadi mirip orang di india yang makan beralaskan daun pisang.","Restoran hutan daun menyajikan menu khas sunda yang tidak jauh berbeda dengan restoran khas sunda lainnya, namun yang membuatnya berbeda adalah tidak menggunakan piring dan hanya diberikan daun pisang yang diletakkan di meja yang menggantikan piring. Jadi mirip orang di india yang makan didhasarkan daun pisang.",0.975624144077301
Rasa sotone miturutku pedes nanging gurih. Ngombe sirup markisa sing seger karo es liline sing enak.,Rasa sotonya menurut saya pedas tapi gurih. Minum sirup markisa yang segar sama es lilinnya yang enak.,Rasa soto menurut saya pedas tapi gurih. Minum sirup markisa yang menyegarkan beserta es lilin yang enak.,0.976006805896759
"Aku mara ning restoran iki kanggo mangan wengi bareng rencang. Aku mesen stik pithik sing sebenere aku lali jenenge. Rasane biasa banget wae, anyep. Pithike kandhel lan krasa atos lan garing banget. Ora ana sing istimewa.","Saya mengunjungi restoran ini untuk makan malam bersama teman. Saya memesan steak ayam yang sebenarnya saya lupa namanaya. Rasanya sangat biasa saja, hambar. Ayamnya tebal dan terasa keras dan kering sekali. Tidak ada yang istimewa.","Saya mendatangi restoran ini untuk makan malam bersama teman. Saya memesan stik ayam yang sebenarnya saya lupa namanya. Rasanya biasa banget, hambar. Ayamnya tebal dan terasa keras dan kering banget. Tidak ada yang istimewa.",0.9723318815231323
Dhewe kan saling sengit siji liyane kawit 4 taun kepungkur.,Kita kan saling membenci satu sama lain sejak 4 tahun yang lalu.,Kita kan saling tidak menyukai satu sama lain sejak 4 tahun lalu.,0.9677116870880127
Bapak biasane nganggo semir sepatu kiwi,Ayah biasanya memakai semir sepatu kiwi,Bapak biasanya pakai semir sepatu kiwi,0.9668867588043213
Richeese factory yaiku restoran waralaba sing nyajikake pithik kanthi rasa pedes kanthi macem-macem level. Cocok tenan kanggo kowe sing tresna rasa pedes.,Richeese factory adalah restaurat waralaba yang menyajikan ayam dengan rasa pedas dengan berbagai level. Sangat cocok untuk anda pecinta rasa pedas.,Richeese factory adalah restoran cepat saji yang menyajikan ayam dengan rasa pedas dengan berbagai level. Sangat cocok bagi anda pecinta pedas.,0.9697408080101013
"Pas rapat ning hotel sensa, aku pesen batagor riri nganggo aplikasi gofood / gojek. Pesenan teka ora suwe merga tibake paket batagor lan siomay wes di-pak ning plastik vakum. Rega sing enek ning aplikasi gojek / gojek urung termasuk pajek segedhe 10%.","Saat rapat di hotel sensa, saya memesan batagor riri menggunakan aplikasi gofood / gojek. Pesanan tiba dalam waktu tidak lama karena ternyata paket batagor dan siomay sudah di-pack dalam plastik vakum. Harga yang tertera dalam aplikasi gojek / gojek belum termasuk pajak sebesar 10%.","Saat meeting di hotel sensa, saya pesan batagor riri melalui aplikasi gofood / gojek. Pesanan tiba tidak lama karena batagor dan siomay paketnya sudah di-pak dalam plastik vakum. Harga yang ada di aplikasi gojek / gofood belum termasuk pajak sebesar 10%.",0.9697524309158325
Aku moro ing restoran iki ora pas jam mangan awan. Nanging restorane lumayan rame lan untunge awakdewe isa ndang entuk panggonan lungguh. Lebar lungguh panganan lan ombenane langsung disajikake. Sambel ijone kurang karasa pedes kanggo awakdewe. Panganane enak cukup puas mangan ing kene.,Saya mengunjungi restoran ini bukan saat jam makan siang. Tapi restorannya cukup ramai dan untungnya kami bisa cepat dapat duduk. Begitu duduk makanan dan minuman langsung dihidangkan. Sambal hijaunya kurang terasa pedas buat kami. Makanan enak cukup puas makan di sini.,Saya datang ke restoran ini tidak pada jam makan siang. Namun restorannya lumayan ramai dan untungnya kami bisa langsung mendapatkan tempat duduk. Baru duduk makanan dan minuman langsung disajikan. Sambal hijau kurang terasa pedas bagi kami. Makanan enak cukup puas makan di sini.,0.9768345952033997
"Gampang cemburu ndelok dee guyonan karo wedokan, nanging awakdewe uduk sopo-sopone","Suka cemburu melihat doi bercanda sama cewek, tetapi kita bukan siapa-siapanya","Gampang cemburu melihat dia bercanda sama perempuan, tapi kita bukan siapa-siapa",0.9676716327667236
Pungkasane aku mangan pesen lewat pesen kirim. Anakku seneng tenan gedel isi iwake. Restoran jaman mbien sing terkenal tenan. Regane sing cukup kajangkau kantong sak lan rasa panganane sing cukup enak.,Terakhir saya makan pesan via delivery order. Anak saya sangat suka perkedel isi daging -nya. Restoran zaman dahulu yang sangat terkenal. Harga yang cukup terjangkau kantong dan rasa masakan yang cukup enak.,Akhirnya saya makan pesan melalui pesan kirim. Anak saya sangat suka gedel isi ikannya. Restoran zaman dulu yang sangat terkenal. Harga yang cukup terjangkau dan rasa makanan yang cukup enak.,0.9592874646186829
Parkiran angel bnaget sampek muter ping 3. Saran: Parkir ning cedek hotel ae terus mlaku. Restoran ning area perumahan.,Parkiran susah bener sampai berputar 3x. Saran: Parkir di dekat hotel saja terus jalan kaki. Restoran di area perumahan.,Parkiran sulit banget sampai muter 3 kali. Saran: Parkir di dekat hotel saja terus jalan kaki. Restoran di area perumahan.,0.9735317826271057
"Aku gumun karo telkomsel, kuotane akeh kok nanging cepet banget enteke, padahal ora akeh mbukak aplikasi abot. Nyurigakake","Suka heran sama telkomsel, kuotanya banyak kok tapi cepat banget abisnya, padahal tidak banyak buka aplikasi berat. Mencurigakan","Saya heran dengan telkomsel, kuota banyak kok tapi cepat sekali habis, padahal tidak banyak buka aplikasi berat. Mengecewakan.",0.9436966180801392
Bocah saiki lagek gerang wis wani nyolong,Anak sekarang baru gede sudah berani mencuri,Anak sekarang baru lapar sudah berani mencuri,0.956385612487793
"Nduwe kesempatan nikmati santap isuk merga lagi nginep ning hotel iki. Minangka pengunjung anyar kaya aku lan paling sing liyane isa ae bakal antusias merga suwasana santap isuk sing diwernani karo pemandangan saka sisih wetan, merga saka sisih kuwi ana kaendahan bangunan hotel sepisan kolam renange. Liyane kuwi uga ana barisan bukit lan nggunung bakal nambah pengenan dingge foto-foto.","Berkesempatan menikmati santap pagi karena sedang menginap di hotel ini. Sebagai pengunjung baru seperti saya dan mungkin yang lainnya barangkali akan antusias terhadap suasana santap pagi yang diwarnai dengan pemandangan dari sisi timur, karena dari sisi tersebut terdapat keindahan bangunan hotel berikut kolam renangnya. Selain itu juga terdapat barisan bukit dan pegunungan akan menambah keinginan untuk berfoto ria.","Berkesempatan menikmati makan pagi karena sedang menginap di hotel ini. Sebagai pengunjung baru seperti saya dan mungkin yang lainnya bisa saja akan bersemangat karena suasana makan pagi yang dibingkai dengan pemandangan dari arah timur, sebab dari arah itulah kecantikan bangunan hotel sekaligus kolam renangnya tampak. Selain itu ada barisan bukit dan pegunungan akan menambah rasa ingin untuk foto-foto.",0.9615872502326965
"Telekomunikasi ora mung kanggo kutha gedhe, nanging uga nganthi marang daerah pelosok lan perbatasan negara cc: Telkomsel","Telekomunikasi bukan hanya untuk kota besar, tapi juga sampai ke daerah pelosok dan perbatasan negara cc: Telkomsel","Telekomunikasi tidak hanya untuk perkotaan saja, tetapi juga sampai daerah pelosok dan perbatasan negara cc: Telkomsel",0.9787228107452393
Apike wektu turu paling sithik iku limang jam.,Sebaiknya jam tidur minimal lima jam.,Idealnya waktu tidur minimal itu lima jam.,0.9310911893844604
"Aku bareng kanca kerja sengaja nyoba mangan awan ning kene, kanggo panggonan kagolong cukup kapenak yen ning lantai dhuwur. Rasa pithik bakar ning kene tenan dak rekomendasikake karo sambel pelem.","Saya bersama rekan kerja sengaja mencoba makan siang di sini, untuk tempat terbilang cukup nyaman jika di lantai atas. Rasa ayam bakar di sini sangat saya rekomendasikan bersama sambal mangga.","Saya bersama teman kantor sengaja mencoba makan siang di sini, untuk tempat tergolong cukup nyaman jika di lantai atas. Rasa ayam bakar di sini sangat rekomendasi dengan sambal kecapnya.",0.9647137522697449
Aku gela karo pelayanane. Siktasan aku pesen grabfood pesenen ora diterna nanging wis dimarekne. Tulung gae selektif milih tukang nyambut gawe.,Saya kecewa dengan pelayanannya. Barusan saya pesan grabfood pesanan tidak diantar tapi sudah diselesaikan. Mohon untuk selektif memilih pekerja.,Saya kecewa dengan pelayanannya. Tadi saya pesan grabfood pesanan tidak diterima tapi sudah dibayar. Mohon lebih selektif memilih staf.,0.968479335308075
"Wis ilang handphone xiaomi redmi note 5 werna gold 64 / 4 ning daerah duri kidul, jembatan lima, tambora, jakarta barat.","Telah hilang handphone xiaomi redmi note 5 warna gold 64 / 4 di daerah duri selatan, jembatan lima, tambora, jakarta barat.","Hilang handphone xiaomi redmi note 5 warna gold 64 / 4 di daerah duri selatan, jembatan lima, tambora, jakarta barat.",0.9910134077072144
Aku ora kuciwa karo produke apple,Saya tidak kecewa dengan produk apple,Saya tidak kecewa dengan produk apple,0.9999999403953552
"Youtube saben dina saya akeh iklane, njengelake!","Youtube semakin hari semakin banyak iklannya, menyebalkan!","Youtube tiap hari makin banyak iklannya, menyebalkan!",0.9734315872192383
"Iku indomie karo mangkoke wis wira-wiri, kepisah sisan isi lan adahe.","Itu indomie sama mangkoknya sudah berkeliaran, terpisah pula isi sama wadahnya.","Itu indomie sama mangkoknya sudah bolak balik, terpisah lagi sayur dan sambalnya.",0.9360140562057495
Dhewe marang kafe iki kanggo mangan serabi. Serabine kanggo dhewe kandel banget ing bagian tengah. Akeh tenan piliah topping serabine nganti mumet milihe. Ternyata regane luwih larang saka warung setiabudi. Kuciwa.,Kami ke kafe ini untuk makan serabi. Serabinya bagi kami terlalu tebal di bagian tengah. Banyak sekali pilihan topping serabi sampai pusing memilihnya. Ternyata harganya lebih mahal dari warung setiabudi. Kecewa.,Kami ke kafe ini untuk makan serabi. Serabinya yang kami makan sangat tebal di bagian tengah. Banyak sekali pilihan topping serabinya sampai pusing milihkan. Ternyata harganya lebih mahal dari serabi warung setiabudi. Kecewa.,0.9762110710144043
"Bistik murah, cocok kanggo sing anggarane cilik nanging pingin mangan murah lan wareg, kajaba bistik uga panganan liyane enak lan murah. Susanane lumayan rame, umume akeh kaluwarga utawa bocah sekolahan.","Steak murah, cocok untuk yang budgetnya kecil tapi ingin makanan murah dan kenyang, selain steak juga makanan lainnya enak dan murah. Suasananya lumayan ramai, biasanya banyak keluarga atau anak sekolahan.","Bistik murah, cocok buat yang budgetnya kecil tapi mau makan murah dan kenyang, selain bistik juga makanan lain enak murah. Suasananya lumayan ramai, kebanyakan banyak keluarga atau anak sekolah.",0.972294807434082
"Pertemuan antarane pihak bank bri, bpbat sungai gelam - jambi, lan pokdakan sek ana ing desa pudak. Kanggo ngrembug bentuk panyaluran dana csr saka bank bri","Pertemuan antara pihak bank bri, bpbat sungai gelam - jambi, dan pokdakan yang ada di desa pudak. Untuk mendiskusikan bentuk penyaluran dana csr dari bank bri","Pertemuan antara pihak bank bri, bpbat sungai gelam - jambi, dan pokdakan yang berada di desa pudak. Untuk membahas bentuk penyaluran dana csr dari bank bri",0.9902955293655396
"Panggonan iki menarik tenan, pemandangan apik, ana arena dolanan ing njaba kanggo sakulawarga. Tenan disaranake kanggo kaluwarga sing ndhuwe bocah cilik. Panganan halal lan menu rena-rena.","Tempat ini sangat menarik, pemandangan bagus, ada arena bermain di luar untuk sekeluarga. Sangat disarankan untuk keluarga dengan anak kecil. Makanan halal dan menu bervariasi.","Tempat ini sangat menarik, pemandangan bagus, ada playground di luar untuk keluarga. Sangat rekomendasi buat keluarga yang punya anak kecil. Makanan halal dan menu variatif.",0.9632916450500488
"Hotel arep check-in wae ruwet. Nunggu amarga ngresiki kamar suwe banget, gela lah. Iki pisanane aku mrana. Terus langsung diwenehi kesan pisanan sing ora apik.","Hotel mau  check-in aja ribet. Menunggu karena membersihkan kamar lama banget, kecewa dah. Ini pertama kalinya gue ke sana. Terus langsung dikasih first impression yang tidak bagus.","Hotel mau check-in saja ribet. Menunggu karena membersihkan kamar lama sekali, kesal deh. Ini pertama kali saya ke sana. Langsung dikasih kesan pertama tidak baik.",0.9631096720695496
"Amarga kartu oktrip wektu iki yaiku saka bni, mulakna isi ulang isa dilakokake ing mitra-mitra sing kerja sama karo bni.","Karena kartu oktrip saat ini adalah dari bni, maka isi ulang bisa dilakukan di mitra-mitra yang bekerjasama dengan bni.","Karena kartu oktrip saat ini adalah dari bni, maka isi ulang dapat dilakukan di mitra-mitra yang bekerja sama dengan bni.",0.9910767078399658
Ngge kabeh seh apik. Karyawane yo grapyak grapyak. Lan pemandangane apik. Nanging panganane kelarangen. Larang banget malah. Dompet kudu kandel.,Secara keseluruhannya sih bagus. Karyawanya juga ramah ramah. Dan pemandangannya bagus. Tapi makanannya terlalu mahal. Mahal banget malah. Dompet harus tebal.,Secara keseluruhan memang bagus. Karyawannya juga ramah ramah. Dan pemandangan bagus. Tapi makanan harganya keterlaluan. Mahal banget malah. Dompet harus tebal.,0.9744607210159302
"Mangan karo kaluwarga bakal luwih nyenengake kanthi kabeh fasilitas sing ana. Lokasine sing apik, panganane sing cukup enak kanthi aneka werna pilian. Lan pemandangan lan suwasana dadi andalan","Makan bersama keluarga akan lebih menyenangkan dengan semua fasilitas yang ada. Lokasi yang bagus, makanan yang cukup enak dengan beragam pilihan. Dan pemandangan serta suasana jadi andalan","Makan bersama keluarga akan lebih menyenangkan dengan segala fasilitas yang ada. Lokasi yang bagus, makanan yang cukup enak dengan berbagai pilihan. Dan pemandangan serta suasana yang menjadi andalan",0.9912226796150208
"Sega goreng mafia sing manggon ning dalan setiabudi awakdewe pilih merga pingin golek panganan sing cepet. Ditambah yaiku salah siji kuliner sing wajib diparani ning bandung. Aku milih sega goreng sing favorit ning kene yaiku sega goreng bandit sing tingkat pedese ning level 3. Panganan sing disajikne cukup cepet, nanging sayange sega goreng sing tak pesen segane atos, bumbon rempahe ketutupan.","Nasi goreng mafia yang terletak di jalan setiabudi kami pilih karena ingin mencari makanan yang cepat. Ditambah merupakan salah satu kuliner yang wajib dikunjungi di bandung. Saya memilih nasi goreng yang favorit di sini yaitu nasi goreng bandit hingga tingkat kepedasan di level 3. Makanan yang disajikan cukup cepat, namun sayangnya nasi goreng yang saya pesan nasinya keras, bumbu rempahnya tertutupi.","Nasi goreng mafia yang berada di jalan setiabudi ini kami pilih karena ingin mencari makanan yang cepat. Selain itu merupakan salah satu kuliner wajib yang harus dikunjungi di bandung. Saya memilih nasi goreng favorit mereka yaitu nasi goreng bandit dengan level kepedasan 3. Makanan disajikan cukup cepat tetapi sayang nasi goreng yang saya pesan nasinya agak keras, bumbunya terlalu tertutup.",0.9682737588882446
Iki yaiku sop stengkel paling enak ning aceh tamiang.,Ini adalah sop stengkel terenak di aceh tamiang.,Ini adalah sop stengkel terenak di aceh tamiang.,1.0
Kanggo kakang admin tulung doooooonk bales pesen langsungku,Untuk kakak admin tolong doooooonk balas pesan langsung saya,Buat kak admin tolong doooooonk balas pesan langsung saya,0.9768280982971191
"Pemandangan sing utama ing sky lounge grandia iki memang isa ngeculake keselmu. Malah isa dadi, para pelancong nggolek area iki ndhisik, dibandingake ngaso ing kamar.","Pemandangan yang utama di sky lounge grandia ini memang dapat melepas penat anda. Bahkan bisa jadi, para pelancong mencari area ini terlebih dahulu, dibandingkan beristirahat di kamar.","Pemandangan yang utama di sky lounge grandia ini memang bisa melepas lelah anda. Bahkan bisa jadi, para pelancong mencari area ini terlebih dahulu, ketimbang beristirahat di kamar.",0.9864790439605713
"Dhewe teka panggonan iki amarga lokasine sing cedhak karo panggonan dhewe nginep. Dhewe mesen sega bakar lan pasta. Sega bakare enak, akeh pilian, lan ora pedes, isa kanggo bocah-bocah. Dene pasta mung ana sak macem, nanging rasane uga enak. Rega panganan uga ora larang lan kajangkau kanggo panganan ing ngisor 30 ewu. Ing panggonan iki uga gratis wifi.","Kami mengunjungi tempat ini karena lokasinya yang berdekatan dengan tempat kami menginap. Kami memesan nasi bakar dan pasta. Nasi bakarnya enak, banyak pilihan, dan tidak pedas, bisa untuk anak-anak. Sedang pasta hanya ada satu macam, namun rasanya pun enak. Harga makanan pun tidak mahal dan terjangkau untuk makanan di bawah 30 ribu. Di tempat ini juga gratis wifi.","Kami mampir tempat ini karena lokasinya yang dekat dengan tempat kami menginap. Kami memesan nasi bakar dan pasta. Nasi bakarnya enak, banyak pilihan, dan tidak pedas, sehingga cocok untuk anak-anak. Sementara pasta hanya ada satu macam, namun rasanya juga enak. Harga makanan tidak terlalu mahal dan terjangkau untuk makanan di bawah 30 ribu. Tempat ini juga menyediakan wifi gratis.",0.9831034541130066
"Kanggo ngenthukne pemandangan sing apik kanthi cahyo lampu warna-warni, apike teka ing wayah wengi. Amarga nduweni latar mburi pemandangan jembatan Pasupati sing dadi simbol kota.","Untuk mendapatkan pemandangan yang bagus dengan cahaya lampu warna-warni, sebaiknya berkunjung pada malam hari. Karena memiliki latar belakang pemandangan jembatan Pasupati yang merupakan simbol kota.","Untuk mendapatkan pemandangan yang bagus dengan silau lampu berwarna-warni, sebaiknya datang di malam hari. Karena memiliki latar belakang pemandangan jembatan pasupati yang menjadi simbol kota.",0.9820739030838013
"Aku teka ning resto sapulidi iki merga ana rekomendasi saka internet sing tau tak waca lak pemandangan sing apik banget lan panggon mangan pas ning sawah sing nggarai aku sir teka nyang panggon iki. Nanging pas aku teka kabeh ganti dadi elek, mulai panggon parkir sing isa diarani enek, dalan akses amoh lan panggon akses sing cilik.","Saya datang ke resto sapulidi ini karena rekomendasi dari internet yang pernah saya baca bahwa pemandangan yang sangat bagus dan tempat makan tepat di sawah yang membuat saya tertarik untuk datang ke tempat ini. Namun ketika saya sampai semua hal berubah menjadi buruk, mulai dari tempat parkir yang bisa dikatakan tersedia, jalan akses rusak dan kecilnya tempat akses.","Saya datang ke resto sawah ini karena rekomendasi internet yang pernah saya baca bahwa pemandangan yang sangat bagus dan tempat makan tepat berada di sawah yang membuat saya ingin datang ke tempat ini. Tetapi sesampainya saya semuanya berubah menjadi jelek, mulai dari tempat parkir yang bisa dibilang tidak ada, jalan akses jelek dan tempat akses yang kecil.",0.9621288180351257
"Amarga ngelih, aku pesen indomie.","Karena lapar, saya pesan indomie.","Karena kelaperan, saya pesan indomie.",0.9457584619522095
"Sate wedhus lan gule wedhuse maknyus, penyajian panganane uga cepet tenan. Panggonane cukup resik","Sate kambing dan gulai kambingnya maknyus, penyajian makanannya juga sangat cepat. Tempatnya cukup bersih","Sate kambing dan gule kambingnya mantap, penyajian makanannya juga sangat cepat. Tempatnya cukup bersih",0.9771125912666321
"Sup guramene enak, pelayanane cepet, grapyak. Restoran resik. Amarga porsi sega sithik tenan, kanggo sing doyan mangan mesthi nambah.","Sup guramenya enak, pelayanan cepat, ramah. Restoran bersih. Karena porsi nasi sangat sedikit, buat yang doyan makan pasti menambah.","Sup guraminya enak, pelayanan cepat, ramah. Restoran bersih. Karena porsi nasi sangat kecil, bagi yang doyan makan pasti menambah.",0.9862491488456726
"Restorane ana pemandangan curuge, panggonan mangan kaya saung. Saunge ana akeh saka ngisor munggah nganthi ing ndhuwur, saya munggah saya katon pemandangan curuge.","Restorannya ada pemandangan air terjunnya, tempat makan berupa saung. Saungnya ada banyak dari bawah naik hingga ke atas, semakin ke atas semakin terlihat pemandangan air terjunnya.","Restoran menghadap pemandangan air terjun, tempat makan berupa saung. Saung bertingkat dari bawah sampai ke atas, makin ke atas makin terlihat pemandangan air terjun.",0.9548698663711548
"Pelayane grapyak. Nggarai terus pingin teka maneh. Kebeneran uga kerep nginep ning kene, hotele resik lan pemandangane saka kamar hotel apik.","Pelayannya ramah. Bikin selalu ingin datang kembali. Kebetulan juga sering menginap di sini, hotelnya bersih dan pemandangan dari kamar hotel bagus.","Pelayanannya ramah. Bikin jadi ingin kembali lagi. Kebetulan sering menginap di sini, hotelnya bersih dan pemandangan dari kamar hotel bagus.",0.977674663066864
"Mangan mbengi karo kabeh kaluwarga ing dina ulang taun bojo ndhuweni kesan tenan kanthi suasana sing narik ati ing hotel. Pelayanan sing grapyak tenan saka mas tian. Ora kudu ngenteni suwi, panganan lan ombean sing dipesen.","Makan malam bersama seluruh keluarga di hari ulang tahun suami menjadi sangat berkesan dengan suasana yang menawan di hotel. Pelayanan yang sangat ramah dari mas tian. Tidak perlu menunggu lama, makanan dan minuman yang dipesan.",Makan malam bersama keluarga dalam rangka ulang tahun istri sangat berkesan dengan suasana yang menarik di hotel. Pelayanan yang sangat ramah dari mas tian. Tidak perlu menunggu lama hidangan dan minuman yang dipesan.,0.9739353656768799
"Obong terus pak, suwek-suwek wae persatuan lan kesatuan Indonesia nganggo retorika mu.","Bakar terus pak, cabik-cabik saja persatuan dan kesatuan Indonesia dengan retorika mu.","Ngomong terus pak, gaduh-gaduh terus persatuan dan kesatuan indonesia dengan retorika bapak.",0.9419528245925903
"Manggon ana ing pinggiran bukit, panggonane amba, nyenengake lan nyaman. Nduwe pemandangan sek nyenengake mripat, kaya gunung, kebon, lan kutha bandung nalika didhelok saka ndhuwur. Pegawaine cekatan lan grapyak. Menu panganane akehe menu steak sanajan uga ana menu sega goreng, gurame, lan liya-liyane. Restoran sing direkomendasikake kanggo diparani nalika teka ing bandung.","Terletak di tepi bukit, tempatnya luas, menyenangkan dan nyaman. Memiliki pemandangan yang memanjakan mata, seperti gunung, perkebunan, dan kota bandung jika dilihat dari atas. Pegawainya cekatan dan ramah. Menu makanan di dominasi oleh menu steak walaupun ada juga menu nasi goreng, gurame, dll. Restoran yang direkomendasikan untuk dikunjungi ketika datang ke bandung.","Terletak di pinggiran bukit, tempat yang luas, menyenangkan dan nyaman. Memiliki pemandangan yang memikat mata, seperti gunung, kebun dan kota bandung jika dilihat dari atas. Pelayanan yang cepat dan ramah. Menu makanan yang sebagian besar adalah menu steak, namun ada juga menu nasi goreng, gurame dan sebagainya. Restoran yang rekomendasi untuk dikunjungi ketika berkunjung ke bandung.",0.9624430537223816
Bca lagi ngadakake acara ulang tahun lan ngundang kabeh karyawane kanggo melu acara kuwi.,Bca sedang mengadakan acara ulang tahun dan mengundang seluruh karyawannya untuk mengikuti acara tersebut.,Bca tengah mengadakan acara ulang tahun dan mengundang seluruh karyawannya untuk mengikuti acara tersebut.,0.9943628907203674
"Kawit mbukak cendana bistro aku wis njajal panganan, dinggo aku kurang cocok, panganane biasa-biasa ora ana sing spesial.","Sejak buka cendana bistro saya sudah coba makanan, untuk saya kurang cocok, makanannya biasa-biasa tidak ada yang spesial.","Sejak pertama kali membuka cendana bistro saya sudah mencoba makanannya, untuk saya kurang cocok ya, makanannya biasa-biasa saja tidak ada yang spesial.",0.9734401702880859
Minimal biaya transaksi wulan 11 sing kudune dibalekake wulan 12 wingi ora mlebu ing rekeningku kie.,Minimal biaya transaksi bulan 11 yang harusnya direfund bulan 12 kemarin tidak masuk ke rekening saya nih.,Minimal biaya transaksi bulan 11 yang seharusnya kembali bulan 12 kemarin tidak masuk ke rekening saya nih.,0.9767064452171326
"Sakwise kalap blanja, dhewe mutusake kanggo mangan ing warung tenda pinggir dalan. Ana ing lelungan marang hotel, dhewe lewat dalan cilik kanggo nyingkir saka macet, lan ketemu warteg iki. Pas teka rame banget! Dhewe kudu antri sediluk. Dhewe pesen sega uduk, pithik bakar madu, usus, kubis goreng. Rasane enak! Pithik bakar madune parah nggawe kemaningan banget!","Setelah kalap belanja, kami memutuskan untuk makan di warung tenda pinggir jalan. Dalam perjalanan pulang ke hotel, kita lewat jalan kecil untuk menghindari macet, dan bertemu warteg ini. Pas datang ramai banget! Kita mesti antre sebentar. Kami pesan nasi uduk, ayam bakar madu, usus, kol goreng. Rasanya enak! Ayam bakar madunya parah bikin ketagihan banget!","Habis kalap belanja, kita memutuskan untuk makan di warung tenda pinggir jalan. Dalam perjalanan menuju hotel kita memutar melewati jalan kecil untuk menghindari kemacetan, dan menemukan warteg ini. Pas sampai ramai banget! Kita harus antre lumayan lama. Kita pesan nasi uduk, ayam bakar madu, usus, dan sayur asin. Rasanya enak banget! Ayam bakar madunya parah bikin ketagihan banget!",0.9718368053436279
Beritane sing ora berkualitas lan ora ndidik pol. Kebeg kepentingan lan golek rai.,Pemberitaanya yang tidak berkualitas dan sangat tidak mendidik. Penuh kepentingan dan pencitraan,Beritanya yang tidak berkualitas dan tidak mendidik banget. Penuh kepentingan dan mencari muka.,0.9440966844558716
Bakul alon nanggepi. Ana masalah suwe diurus. Nganti saiki barang urung diganti,Penjual lambat menanggapi. Ada kendala lama diurus. Sampai sekarang barang belum diganti,Seller lama menanggapi. Ada masalah lama beres. Sampai sekarang barang belum diganti,0.9447184205055237
Aja lewatke diskon langsung nganti Rp 10 yuta ning kene!,Jangan lewatkan diskon langsung hingga Rp 10 juta di sini!,Jangan lewatkan diskon langsung hingga 10 juta hanya di sini!,0.9783629775047302
Pt kami lan 12 bank wis tapak asma pembiayaan lrt jabodetabek,Pt kami dan 12 bank sudah menandatangani pembiayaan lrt jabodebek,Pt kami dan 12 bank telah meneken secara pembiayaan lrt jabodetabek,0.9359331727027893
"Nembe ngerti babagan panggonan iki saka kanca, wektu dhewe teka pengunjunge ora patia akeh, dadi dhewe milih kanggo lungguh ing lantai loro karo nikmati pemandangan ing njaba. Mbengi kuwi lagi ana pagelaran musik, aku kurang ngerti apa pagelaran musik iki ana saben dina apa ora.","Baru tahu tentang tempat ini dari teman, waktu kami datang pengunjungnya tidak terlalu banyak, jadi kami memilih untuk duduk di lantai dua sambil menikmati pemandangan di luar. Malam itu sedang ada pertunjukan musik, saya kurang tahu apakah pertunjukan musik ini ada tiap hari atau tidak.","Baru tahu tentang tempat ini dari teman, ketika kami datang pengunjung tidak terlalu ramai, maka dari itu kami memilih untuk duduk di lantai dua sambil menikmati pemandangan di luar. Malam itu sedang ada live music, saya kurang tahu apakah live musik ini ada setiap hari atau tidak.",0.9710084199905396
Aku pingin tuku 20 tiket dinggo laga persebaya vs arema sesok.,Saya ingin beli 20 tiket untuk laga persebaya vs arema besok.,Saya ingin membeli 20 tiket untuk laga persebaya vs arema esok.,0.9754858613014221
"Panganan uwis oke, nanging kanggo nata panggonan lungguh kurang, katon rame banget dadi ora nyaman, rega lumayan kanthi kualitas sing kurang.","Makanan sudah oke, namun untuk penataan tempat duduk kurang, terlihat terlalu ramai sehingga tidak nyaman, harga lumayan dengan kualitas yang kurang.","Makanan sudah oke, tapi untuk pengaturan tempat duduk kurang, terlihat sangat penuh sehingga tidak nyaman, harga lumayan dengan kualitas yang kurang.",0.984793484210968
"Aku seneng suwi-suwi ning kene, merga kahanane enak, pencahayaane apik, ana plihan isa ning jaba nggen utawa ning jero. Panganane lumayan.","Saya senang berlama-lama di sini, karena suasananya enak, pencahayaannya bagus, ada pilihan bisa di luar ruangan atau di dalam. Makanannya lumayan.","Saya suka berlama-lama di sini, karena suasana nyaman, pencahayaan bagus, ada pilihan bisa di luar maupun di dalam. Makanan lumayan.",0.9744125008583069
Kabeh sing diomongne pak rocky iku ora ana dasare. Nggumun yo kok isa dadi profesor.,Semua yang diomongin sama pak rocky itu tidak berdasar. Heran ya kok bisa jadi professor.,Semua yang diucapkan pak rocky itu tidak ada dasarnya. Heran ya kok bisa jadi profesor.,0.9604902863502502
"Restoran iki nduweni lokasi sing prima ing bukit-bukit sing nduweni hawa sejuk lan pemandangan ijo nyegerake. Mesthi wae tujuan utamane yaiku masakan khas nusantara sing nikmat. Cekake, ngunjungi mrene dhewe entuk ngelakokake sisan wisata ilat, mripat, lan jiwa.","Restoran ini memiliki lokasi yang prima di perbukitan yang memiliki udara sejuk dan pemandangan hijau menyegarkan. Tentu saja tujuan utamanya adalah masakan khas nusantara yang nikmat. Singkatnya, berkunjung ke sini kita dapat melakukan sekaligus wisata lidah, mata, dan jiwa.","Restoran ini memiliki lokasi yang prima di perbukitan yang memiliki hawa sejuk dan pemandangan hijau menyegarkan. Tentu saja tujuan utamanya adalah masakan khas nusantara yang nikmat. Singkatnya, mengunjungi ke sini kita sekaligus melakukan wisata lidah, mata, dan jiwa.",0.9938815236091614
"Bojoku sek ora terlalu seneng karo ramen, kanggo siki deknen ngomong nek enak lan gurih. Deknen malah mesen maneh kanggo deknen sakwise nyicipi pesenanku.","Istri saya yang tidak terlalu suka ramen, untuk kali ini dia bilang enak dan gurih. Dia malah memesan lagi untuk dirinya setelah mencicipi pesanan saya.","Suami saya yang tidak terlalu suka dengan ramen, untuk kali ini dia bilang kalau enak dan gurih. Dia bahkan memesan lagi untuk dirinya setelah mencicipi pesanan saya.",0.9857563376426697
Panggone nyaman. Rasane enak. Regane uga saat. Weduse ora prengus. Pokoke cocok kanggo wong sing seneng njajan wedus.,Tempatnya nyaman. Rasanya enak. Harganya juga saat. Kambingnya tidak bau. Pokoknya recomend buat pecinta kuliner kambing.,Tempatnya nyaman. Rasanya enak. Harganya juga pas. Dagingnya tidak amis. Pokoknya cocok untuk orang yang suka makanan kambing.,0.9510905742645264
"Salah siji restoran panganan laut paling apik ing kota iki. Apike teka pas preinan dina setu, yuyu isih apik lagi teka. Rega kompetitif, ora murah pancen nanging ora kelarangen kok.","Salah satu restoran seafood terbaik di kota ini. Sebaiknya datang pas liburan hari sabtu, kepiting masih bagus baru datang. Harga bersaing, tidak murah memang tapi tidak kemahalan kok.","Salah satu restoran seafood terbaik di kota ini. Sebaiknya datang pas liburan akhir pekan, kepiting masih bagus baru datang. Harga kompetitif, tidak murah memang tapi tidak menguras kantong kok.",0.969628095626831
"Kanggo nggolek batagor sing asli, kowe ora perlu adoh-adoh nggoleke marang pelosok, cukup arahke kendaraan marang dalan saka djunjunan, dhewe isa nikmati batagor asli sing enak kanthi panggonan sing kapenak. Rasa batagor sing ditawakake ngugah salira tenan amarga batagor disajikake garing-garinge lan diguyang kuwah kacang sing seger","Untuk menemukan batagor yang otentik, anda tak perlu jauh-jauh mencarinya ke pelosok, cukup arahkan kendaraan ke jalan dari djunjunan, kita dapat menikmati batagor asli yang enak dengan tempat yang nyaman. Rasa batagor yang ditawarkan sangat menggugah selera karena batagor disajikan garing-garingnya serta disiram kuah kacang yang segar","Untuk mencari batagor yang asli, anda tidak perlu jauh-jauh hingga ke pelosok, cukup mengarahkan kendaraan ke jalan dari djunjungan, anda dapat menikmati batagor asli yang enak dengan tempat yang nyaman. Rasa batagor yang ditawarkan sangat menggugah selera karena batagor disajikan dengan garing dan dilumuri kuah kacang yang segar.",0.9637991786003113
"Citarasane biasa wae, ora ana sek spesial. Kudune ngenteni cukup suwi nganti teka panganane, pelayane uga kurang grapyak.","Citarasa biasa saja, tidak ada yang spesial. Harus menunggu cukup lama datangnya makanan, pelayan juga kurang ramah.","Rasa biasa saja, tidak ada yang spesial. Harus menunggu cukup lama sampai makanan datang, pelayan juga kurang ramah.",0.9841622114181519
Roti ulang tahune spesial nganggo ndhog sakpiring ditambah mozzarella kanggo kowe,Kue ulang tahun spesial pakai telur sepiring plus mozzarella buat kamu,Roti ulang tahun spesial beserta telur satu piring plus mozzarella buat kamu,0.9470482468605042
Arep nesu marang indosat! Kok sinyale ilang terus si,Mau marah ke indosat! Kok sinyalnya hilang melulu si,Mau marah sama indosat! Kenapa sinyalnya jelek terus sih,0.9192601442337036
"Omah mangan sing ngusung konsep tradisional alias jadul iki pantes kowe coba. Kejaba rasane sing pas, warung iki duweni sawetara perkara unik kaya piring sing dienggo yaiku piring seng jaman mbiyen karo gelas ombeane. Jenis menune aneka werna banget. Lan sakkabehe enak enak!","Rumah makan yang mengusung konsep tradisional alias jadul ini patut anda coba. Selain rasanya yang pas, warung ini memiliki beberapa hal unik seperti piring yang digunakan adalah piring seng zaman dahulu berikut gelas minumnya. Jenis menunya sangat beragam. Dan semuanya enak enak!","Rumah makan yang mengusung konsep tradisional alias jadul ini patut anda coba. Selain rasanya yang pas, warung ini punya beberapa hal unik seperti piring yang dipakai adalah piring seng zaman dulu dan gelas minumannya. Jenis menunya sangat beragam. Dan semuanya enak enak!",0.993201732635498
Kfc Palembang Square kerep dadi peyelamat pas luwe pas aku nginep ning sekitar hotel ning lokasi iku. Kabeh wong seneng kfc. Dadi. Kfc ning lokasi iki nyepetne sampeyan dinggo pesen pas sampeyan keluwen ning jero hotel.,Kfc Palembang Square seringkali menjadi penyelamat di saat lapar saat saya menginap di sekitaran hotel di lokasi itu. Semua orang suka kfc. So. Kfc di lokasi ini menyegerakan anda untuk memesan saat anda kelaparan di dalam hotel.,Kfc palembang square kerap jadi penyelamat saat lapar saat saya menginap di sekitar hotel di lokasi tersebut. Semua orang suka kfc. Jadi. Kfc di lokasi ini menyempatkan anda untuk pesan saat anda kelaparan di dalam hotel.,0.9768933653831482
Aneka werna ombean seger kasadia awit saka jus buah nganti rena-rena teh.,Berbagai macam minuman segar tersedia mulai dari jus buah sampai aneka teh.,Berbagai minuman segar tersedia mulai dari jus buah hingga aneka teh.,0.9894970655441284
"Dekwingi 10 Maret 2015, aku dijak anakku mangan awan ning kene. Aku pesen urang kremes lan jangan asem. Bener-bener enak. Lan sing spesial ning kene yaiku sambele, pedes nanging pancet gelem nambah. Jus blackberryne uga enak.","Kemarin 10 Maret 2015, saya diajak anak saya makan siang di sini. Saya pesan udang kremes dan sayur asam. Betul-betul enak. Dan yang spesial di sini adalah sambalnya, pedas tapi tetap mau menambah. Jus blackberrynya juga enak.","Hari minggu 10 maret 2015, saya diajak anak saya makan siang ke sini. Saya memesan udang kremes dan sayur asem. Sangat enak. Dan yang spesial di sini adalah sambalnya, pedas tapi memang menggoda untuk menambah. Jus blackberrynya juga enak.",0.9660412073135376
Ndhuwe restoran kudu mewah rapi mosok iki lumuten jamuren pelayane kurang muasake mosok aku ditumpahi banyu sek ombeyane ana madune aku iki alergi madu,Punya restoran harus mewah rapi masa ini berlumut berjamur pelayan kurang memuaskan masa saya ditumpahkan air mana minumnya ada madu saya itu alergi madu,Punya restoran harusnya mewah rapi kok ini malah kumuh menjijikkan pelayannya kurang memuaskan tadi saya tumpah air teh yang di dalamnya ada madu saya alergi madu,0.9114797711372375
"Aku nembe bae ganti kartu sing rusak, nanging tetep ora ana sinyal.","Saya baru saja ganti kartu yang rusak, tapi tetap tidak ada sinyal.","Saya bar saja ganti kartu yang rusak, tapi tetap tidak ada sinyal.",0.975853681564331
Adohi narkoba yaiku salah siji cara sing isa digunakake kanggo ningkatake kualitas anak bangsa.,Jauhi narkoba adalah salah satu cara yang bisa digunakan untuk meningkatkan kualitas anak bangsa.,Menjauhkan narkoba adalah salah satu cara yang dapat digunakan untuk meningkatkan kualitas generasi bangsa.,0.9726053476333618
"Kafe iki ndhuweni arsitektur bangunan kang apik banget. Amarga penasaran, aku njupuk wektu muteri karo ngenteni panganan teka. Ana galeri sing kebak karo koleksi-koleksi kayu lan ing njaba galeri, katon pemandangan bandung saka ndhuwur. Ing sakitare uga akeh kursi kang digawe saka kayu lan uga watu-watu. Saka panganane, regane kalebu lumayan standar cocok karo kafe-kafe. Aku seneng suasanane.","Kafe ini memiliki arsitektur bangunan yang sangat bagus. Karena penasaran, saya meluangkan waktu berkeliling sembari menunggu makanan datang. Ada galeri yang penuh dengan koleksi-koleksi kayu dan di luar galeri, tampak pemandangan bandung dari ketinggian. Di sekitar banyak juga kursi terbuat dari kayu dan juga bebatuan. Dari sisi makanan, harganya termasuk relatif standar sesuai dengan cafe-cafe. Saya suka suasananya.","Kafe ini punya arsitektur bangunan yang sangat menawan. Karena penasaran, saya sempatkan berkeliling sambil menunggu makanan datang. Ada galeri yang penuh dengan koleksi-koleksi kayu dan di luar galeri, tampak pemandangan bandung dari atas. Di sekitarnya juga banyak kursi yang terbuat dari kayu dan juga batu-batu. Dari segi makanannya, harganya termasuk standar sesuai dengan kafe-kafe. Saya suka suasananya.",0.9782142639160156
"Nganggoa kunci duplikat, bank bri ing tengah kutha dibobol maling, dhuwit rp 1 miliar muspra.","Gunakan kunci duplikat, bank bri di pusat kota dibobol maling, uang rp 1 miliar lenyap.","Gunakan kunci duplikat, bank bri di tengah kota dibobol maling, uang rp 1 miliar raib.",0.9838832020759583
"Mbengi sekitar jam pituan dijak pelanggan marang panggonan mangan iki, umume sih panganane luwih akeh sek di goreng-goreng ngono kaya pithik, babat, usus, ati ampela, nanging miturutku sih rasane biasa wae, lan minyake ing panganan akeh banget. Nanging variane cukup akeh:","Malam sekitar jam tujuan diajak klien ke tempat makan ini, over all sih makanannya lebih banyak yang di goreng-goreng begitu kayak ayam, babat, usus, ati ampela, tapi menurut saya sih rasanya biasa saja, dan minyaknya di makanan terlalu banyak. Tapi variannya cukup banyak:","Kemarin sekitar jam 7 malam diajak pelanggan ke tempat makan ini, memang kebanyakan makanannya lebih banyak yang digoreng-gorengan begitu seperti ayam, perut, usus, ati ampela, tapi menurut saya sih rasanya biasa saja, dan minyak dalam masakan sangat banyak. Namun variasinya cukup banyak:",0.9575631022453308
"Hai angga, dingge penerbitan tiket owahan jadwal kudu nglakokne pembayaran disik ya.","Hai angga, untuk penerbitan tiket perubahan jadwal diharuskan melakukan pembayaran dulu ya.","Hai angga, untuk penerbitan tiket perubahan jadwal harus melakukan pembayaran dahulu ya.",0.9810576438903809
Masku dodol iphone 8 kanggo tuku ps5,Kakak lelaki saya menjual iphone 8 untuk membeli ps5,Suami ku jual iphone 8 buat beli ps5,0.9199724793434143
Aku mbela-mbelani saka bogor 7 jam kanggo mangan sup buntute nanging aku enteni saka jam 8.30 hurung buka uga. Akhire aku teka jam 10.00. Pesen sup buntute hurung ana kanthi alesan mau mbengi rame dadi kokine isih kesel. Wow alesan macem apa kaya kuwi? Beda tenan wektu aku mangan 1 taun kepungkur ya. Panggonane reged tenan kaya ora niat ndhuwe usaha.,Saya bela-belain dari bogor 7 jam demi makan sup buntutnya tetapi saya tunggu dari jam 8.30 belum buka juga. Akhirnya saya datang jam 10.00. Pesan sup buntut belum ada dengan alasan tadi malam ramai jadi chefnya masih tepar. Wow alasan macam apa seperti itu? Beda sekali waktu saya makan 1 tahun yang lalu ya. Tempat sangat kotor seperti tidak niat punya usaha.,Saya bela-belain dari bogor 7 jam hanya untuk makan sup buntutnya tapi saya tunggu dari jam 8.30 belum buka juga. Akhirnya saya masuk jam 10.00. Pesan sup buntutnya tidak ada dengan alasan tadi malam ramai sehingga kokinya masih capek. Wow alasan macam apa begitu? Beda banget dengan saya makan 1 tahun lalu ya. Tempatnya jorok banget seperti tidak niat berbisnis.,0.968018114566803
"Kanggo ngecek layanan mandiri verified by visa vbv ora isa lewat layanan mandiri call 14000, nanging mung isa lewat email lan kantor cabang bank mandiri.","Untuk pengecekan layanan mandiri verified by visa vbv tidak dapat melalui layanan mandiri call 14000, namun hanya bisa melalui email dan kantor cabang bank mandiri.","Untuk pengecekan layanan mandiri verified by visa vbv tidak bisa melalui layanan mandiri call 14000, tetapi hanya bisa melalui email dan kantor cabang bank mandiri.",0.9971998333930969
"Kudu njajal nggo nyantai utawa mangan mbengi nang 18th iki, pemandangan sek katon ki apik lan sek dadi daya tarik nang 18th yaiku ndue mester kaca. Regane lumayan larang amarga panggonane ana ing trans hotel, namung unda-undi karo rasa kepenake.","Harus coba untuk bersantai atau makan malam di the 18th ini, pemandangan yang didapat baik dan yang menjadi daya tarik di the 18th terdapat lantai kaca. Untuk harga cukup tergolong mahal karena terletak di trans hotel, tetapi sebanding dengan rasa kenyamanannya.","Wajib dicoba buat santai atau makan malam di 18th ini, pemandangan yang terlihat sangat bagus dan daya tarik di 18th adalah memiliki lantai kaca. Harga cukup mahal karena tempatnya berada di trans hotel, tapi sebanding dengan rasa nyamannya.",0.9579129219055176
Salah siji mal nganggo konsep sing lumayan unik. Akeh pilihan restoran dadi cocok dingge ngentekne wektu bareng kanca-kanca.,Salah satu mal dengan konsep yang cukup unik. Banyak pilihan restoran sehingga cocok untuk menghabiskan waktu bersama teman-teman.,Salah satu mal dengan konsep yang cukup unik. Banyak pilihan restoran jadi cocok untuk menghabiskan waktu bersama teman teman.,0.9885426163673401
"Lokasine ana ing dalam utama dadi gampang dhewe kanggo tekan panggonane, yen ora nduwe kendaraan dhewe iki bisa ditekani kanggo kendaraan umum. Menu panganane akeh tenan lan ana pirang-pirang menu sing anyar pisanan aku nemu ing kedai iki, rasane enak kanggo rega sing standar, panggonane kapenak tenan.","Lokasinya berada di jalan utama sehingga memudahkan kami untuk mencapai tempatnya, jika tidak memiliki kendaraan pribadi tempat ini dapat dijangkau dengan kendaraan umum. Menu makanannya sangat banyak dan ada beberapa menu yang baru pertama kali saya temukan di kedai ini, rasanya pun enak dengan harga yang standar, tempatnya sangat nyaman.","Lokasinya berada di dalam mal sehingga mudah banget buat mencapai tempatnya, kalau tidak punya kendaraan sendiri ini bisa ditempuh dengan kendaraan umum. Menu makanannya sangat banyak dan ada beberapa menu yang baru pertama kali saya temukan di kedai ini, rasanya enak untuk harga yang standar, tempatnya nyaman banget.",0.9710646271705627
Panggonan iki ora cocok kanggo kaluwarga sing nggawa bayi. Dalanane curam tenan. Kanggo anjungan foto ing njaba mung entuk diisi  paling akeh 10 uwong nanging isih akeh sing meksa munggah kanggo foto.,Tempat ini tidak cocok untuk keluarga yang membawa anak balita. Jalanan sangat curam. Untuk anjungan foto di luar hanya boleh diisi max 10 orang tetapi masih banyak yang memaksa naik untuk berfoto.,Tempat ini tidak cocok untuk keluarga yang membawa bayi. Jalannya sangat terjal. Untuk anjungan foto di luar memang hanya boleh diisi maksimal 10 orang namun masih banyak yang nekat naik untuk foto.,0.9696219563484192
"Panggonan iki salah sawijine panggonan favoritku kanggo ndhelok bogor ing dina mbengi, kanthi suwasanane sing kapenak dikancani karo panganan lan ombeane lan pelayanane sing grapyak. Cahya kutha sing tenan-tenan ayu isa kethok saka kene. Panggonan sing direkomendasikake kanggo ngentekake wektu bareng pasangan, kaluwarga utawa kanca raket.","Tempat ini salah satu tempat favourite saya untuk melihat bogor di malam hari, dengan suasananya yang nyaman ditemani dengan makanan dan minumannya serta pelayanannya yang ramah. Cahaya kota yang benar-benar indah bisa terlihat dari sini. Tempat yang rekomendasi untuk menghabiskan waktu bersama pasangan, keluarga atau sahabat.","Tempat ini salah satu tempat favorit saya untuk melihat bogor di malam hari, dengan suasana yang nyaman ditemani dengan makanan dan minuman serta pelayanan yang ramah. Lampu kota yang sangat cantik bisa terlihat dari sini. Tempat yang direkomendasikan untuk menghabiskan waktu bersama pasangan, keluarga atau teman dekat.",0.9678550362586975
"Gela karo proses mbatalne tiket, wis 43 dina nanging ora ndang ditransfer. loket ora gelem ngelayani","Kecewa dengan proses pembatalan tiket, sudah 43 hari tapi tak kunjung ditransfer. loket tidak mau melayani","Sulit dengan proses refund tiket, sudah 43 hari tapi tidak kunjung ditransfer. Loket tidak mau melayani",0.9582421779632568
"Pilian mangan lan ngombene akeh kanggo dipilih. Lan panggone gede, dibagi dadi pirang-pirang bagian lan konsep. Lak rega cukupan pas kanggo ning sak.","Pilihan makan dan minuman banyak untuk dipilih. Dan tempatnya besar, dibagi menjadi beberapa bagian dan konsep. Untuk harga cukup pas buat di kantong.","Pilihan makanan dan minumannya banyak untuk dipilih. Dan tempatnya besar, dibagi menjadi beberapa bagian dan konsep. Kalau harga cukup pas untuk di jakarta.",0.9695698022842407
"Restoran gaya jaman bityen. Ana display kue-kue, es krim uga. Suwasanane nyaman. Panganan khas omahan. Isa dinggo rombongan utawa karo kaluwarga. Panganane enak. Sega ulame enak. Sega tutug oncome uga oke. Masakan eropa, asia, nusantara kasadia ning kene. Karek milih. Bocah-bocah seneng mangan es krime ning kene.","Restoran bergaya zaman dahulu. Ada display kue-kue, es krim juga. Suasana nyaman. Makanan khas rumahan. Bisa untuk rombongan maupun dengan keluarga. Makannya enak. Nasi ulamnya enak. Nasi tutug oncomnya juga oke. Masakan eropa, asia, nusantara tersedia di sini. Tinggal pilih. Anak-anak suka makan es krimnya di sini.","Restoran bergaya zaman dahulu kala. Ada display kue-kue, es krim juga. Suasananya nyaman. Makanan khas masakan rumah. Bisa untuk rombongan atau bersama keluarga. Makanan enak. Nasi ulamnya enak. Nasi tutug oncomnya juga oke. Masakan masakan indonesia, asia, tersedia di sini. Tinggal pilih. Anak-anak senang makan es krimnya di sini.",0.9824820756912231
"Salah sijine jeneng batagor sing kondhang ing bandung. Rasane nikmat, kanggo rega per buwahe rp. 10 ewu. Pesen 3 buwah kanggo aku cukup maregi amarga ukuran per buwahe cukup gedhe.","Salah satu nama batagor yang terkenal di bandung. Rasanya nikmat, untuk harga per buahnya rp. 10 ribu. Order 3 buah untuk saya cukup mengenyangkan karena ukurannya per buahnya cukup besar.","Salah satu nama batagor yang dikenal di bandung. Rasanya nikmat, untuk harga per porsi rp. 10 ribu. Order 3 porsi bagi saya sudah cukup mengenyangkan karena ukuran per porsinya cukup besar.",0.9736183285713196
Tau percaya karo body lotion citra nggarai wulu tambah akeh,Pernah percaya kalau body lotion citra bikin bulu tambah banyak,Pernah percaya dengan body lotion citra membuat bulu semakin banyak,0.9676680564880371
Macet nang ngendi-ngendi yen lagi preinan.,Macet di mana-mana kalau lagi liburan,Macet ke mana-mana kalau lagi liburan.,0.9721551537513733
"Tulung dikabarne kronologi lengkape, pulsa awit karo keri karo nyebutne tim ya mas/mbak, tim bakale ngecek transaksi penggaweane pulsane","Mohon informasikan detail kronologi, pulsa awal dan akhir dengan mention tim ya kak, tim akan cek transaksi pemakaian pulsanya","Mohon dikasih tahu kronologi lengkapnya, pulsa dari awal sampai habis dan sebutkan tim ya mas/mbak, tim akan mengecek transaksi pulsa pengisiannya",0.9191017746925354
"Area mangan ing njabane nyenengake. Igane oke, rasane enak. Jus jeruke ditambah stroberine nikmat. Regane uga oke.","Area makan di luarnya menyenangkan. Iganya oke, rasanya enak. Jus orange plus stroberinya nikmat. Harganya pun oke.","Area makan di luarnya nyaman. Makanannya oke, rasanya enak. Jus jeruk plus stroberi enak. Harganya juga oke.",0.9735482335090637
Kanggo kowe sek nggolek resto kanthi suwasana sek romantis ora salah maneh uga moro mrene. Lan yen kurang kowe pas-pasan pesen wae menu sek entheng-entheng. Aja diapusi karo gambar ana ing buku menu yen ora pengen nyesel. Menu sukine luwih oke namung kayane ngapae ya adoh-adoh macet-macetan mara mrene mung nggolek kuwi. Ing kutha luwih afdol kayane. Pemandangane jogja mbengine nyekel.,Buat anda yang mencari resto dengan suasana yang romantis tidak salah lagi ke sini saja. Dan kalau rendah anda pas-pasan pesan saja menu yang ringan-ringan. Jangan terkecoh dengan picture di buku menu kalau tidak mau menyesal. Menu sukinya lebih oke tapi kayaknya ngapain ya jauh-jauh bermacet ria ke sini cuma mencari itu. Di kota lebih afdol kayaknya. Pemandangan jogja malamnya memegang.,Buat kalian yang cari resto dengan suasana yang romantis tidak salah juga mampir ke sini. Dan kalau misal kalian uangnya pas-pasan pesan saja menu yang ringan-ringan. Jangan tertipu gambar di buku menu kalau tidak mau menyesal. Menu masakannya lebih oke sih cuma ya ngapain juga jauh-jauh macet-macetan datang ke sini cuma cari itu. Di kota lebih afdol kayaknya. Pemandangan jogja malamnya mantap sih.,0.9528230428695679
Rasane meh pada karo resto sing liyane sing dodolan iwak laut. Aman resik lan pelayanane cepet,Rasanya hampir sama dengan resto yang lain yang jualan seafood. Aman bersih dan pelayanannya cepat.,Rasanya hampir sama dengan resto lain yang menjual makanan laut. Aman bersih dan pelayanan cepat,0.9766376614570618
Hasil itung cepet dinyatakne seje karo hasil survei nggarai aku nggumun.,Hasil quick count dinyatakan berbeda dengan hasil survei membuat saya bertanya-tanya.,Hasil penghitungan cepat yang dinyatakan berbeda dengan hasil survesi membuat saya heran.,0.9194371104240417
"Kapisan marang mrene kuwi ngerayakake kelulusan adikku, panggonane kuwi loh, apik tenan. Desaine uga unik, apik, kapenak, kapenak, cocok tenan kanggo mangan mbengi bareng kaluwarga, pasangan, sedulur, lan kanca-kanca, pemandangane uga apik, panganane uga enak-enak. Regane sebanding karo pelayanane, ora gela marang mrene. Bener-bener direkomendasikake.","Pertama ke sini itu merayakan kelulusan adikku, tempatnya itu loh, keren banget. Desainnya juga unik, keren, nyaman, nyaman, cocok betul untuk makan malam bareng keluarga, pasangan, saudara, dan teman-teman, pemandangannya juga keren, makanannya juga enak-enak. Harga sebanding dengan pelayanannya, tidak menyesal ke sini. Sangat-sangat direkomendasikan.","Pertama kali ke sini itu untuk merayakan kelulusan adik saya, tempatnya itu loh, bagus banget. Desainnya unik, bagus, nyaman banget, nyaman banget, cocok banget untuk makan malam bersama keluarga, pasangan, saudara dan teman-teman, pemandangannya juga bagus, makanannya juga enak-enak. Harga sebanding dengan pelayanannya, tidak menyesal datang ke sini. Sangat direkomendasikan.",0.9817516803741455
"Kabisan ngerteni woconan mben uwong kuwi seje-seje, ana sing pisan moco langsung ngerti, ana uga sing butuh ping bolak-balik moco disik lagek ngerti.","Kemampuan memahami bacaan tiap orang itu beda-beda, ada yang sekali baca sudah paham, ada juga yang butuh berkali-kali baca dulu baru paham.","Kemampuan memahami bacaan antar manusia itu berbeda-beda, ada yang pertama kali baca langsung mengerti, ada juga yang butuh berkali-kali membaca baru mengerti.",0.968477189540863
Wow tenan kaget karo layanan satuan pengamanane bkpn bromo malang. Tenan diskriminasi banget. Yen aku mung pengen informasi babagan produke deknen. Dhewe diremehake. Cenderung ngusir. Kuciwa tenan!,Wow benar-benar terkejut sama layanan satuan pengamanannya bkpn bromo malang. Benar diskriminasi banget. Kalau kita hanya mau informasi tentang produk mereka. Kita disepelekan. Cenderung mengusir. Kecewa sekali!,Wah benar-benar kaget dengan pelayanan satuan pengamanan bkpn bromo malang. Sangat diskriminatif sekali. Ketika saya hanya ingin informasi tentang produknya. Saya diremehkan. Cenderung diusir. Sangat kecewa!,0.9464597105979919
"Bandung terkenal dadi panggon produksi tahu lokal karo kuwalitas apik, salah siji sing paling apik isa digoleki ning warung talaga. Deweke nduwe pabrik dewe ning dalan Jendral sudirman, nanging ngembangne bisnise dadi sajian kuliner uga. Ana rena-rena pilihan sajian tahu. Direkomendasikne banget dinggo pecinta kuliner.","Bandung terkenal sebagai tempat produksi tahu lokal dengan kualitas prima, salah satu yang terbaik bisa dicari di warung talaga. Mereka punya pabrik sendiri di jalan Jendral sudirman, tapi mengembangkan bisnisnya menjadi sajian kuliner juga. Ada berbagai pilihan sajian tahu. Sangat direkomendasikan bagi pecinta kuliner.","Bandung dikenal sebagai daerah produksi tahu lokal dengan kualitas baik, salah satu yang terbaik dapat ditemukan di warung talaga. Mereka memiliki pabrik sendiri di jalan jenderal sudirman, namun mengembangkan bisnisnya menjadi makanan kuliner juga. Ada berbagai macam pilihan makanan tahu. Sangat direkomendasikan bagi pencinta kuliner.",0.9789248704910278
Tulung dikirimke meneh tagihanku sasi wingi,Mohon dikirimkan kembali tagihan saya bulan lalu,Tolong kirimkan kembali tagihan saya bulan lalu,0.967219352722168
"Salah siji menu paling tak senengi iku mcflurry rena-rena rasa liyane paket karo iwak pitik loro. Rumangsaku, pitike mcd nduwe citarasa dewe ning bagian dodone yo teksture alus lan bumbune gurih.","Salah satu menu favorit saya adalah mcflurry aneka rasa selain menu paket dengan dua ayam. Menurut saya, ayam mcd memiliki citarasa tersendiri di bagian dadanya pun memiliki tekstur yang lembut dan bumbunya gurih.","Salah satu menu yang paling aku suka adalah mcflurry mereka dengan berbagai rasa selain paket ayam dua. Menurut aku, ayam mcd punya citarasa tersendiri di bagian dagingnya yang teksturnya lembut dan bumbunya gurih.",0.9644235968589783
Aku ngrasa kaganggu ndelok parkiran mobil uwong nutupi dalan umum.,Saya merasa terganggu melihat parkiran mobil orang menutupi jalan umum.,Saya merasa terganggu melihat parkir mobil orang menutup jalan umum.,0.9845488667488098
"Satene gedi-gedi. Bumbune dipisah. Diwehi rajangan brambang lan lombok riwit didang, porsi lontong karo segane uga pas. Pokoke aku seneng.","Satenya besar-besar. Bumbunya dipisah. Dikasih irisan bawang merah dan cabe rawit dikukus, porsi lontong sama nasinya juga pas. Pokoknya saya suka.","Satenya besar-besar. Bumbunya terpisah. Diberi irisan bawang dan cabe rawit, porsi lontong dan nasi juga pas. Pokoknya saya suka.",0.9665010571479797
"Yen didelok-delok, sandiaga uno karo nadiem makarim mirip yo","Kalau dilihat-lihat, sandiaga uno sama nadiem makarim mirip ya","Kalau dilihat-lihat, sandiaga uno sama nadiem makarim mirip ya",0.9999998807907104
Sugeng enjang. Wah kuciwa tenan mosok indihome internet ora kocek maneh. Aku kuwi mbayar larang. Aja nguciwakake dhewe sing dadi pelanggan,Selamat pagi. Wah kecewa berat masa indihome internet tidak kocek lagi. Saya itu bayar mahal. Jangan kecewakan kami sebagai pelanggan,Pagi. Wah kecewa banget kok indihome internet tidak bisa diakses lagi. Saya kan bayar mahal. Jangan mengecewakan deh jadi pelanggan,0.9247432351112366
"Sopir ora teka ing panggonan kang dituju, nanging ing aplikasi wis picu munggah, lan gopay wis kapotong, kapok aku nganggi gojek","Driver tidak datang ke tempat tujuan, tetapi di aplikasi sudah picu naik, dan gopay sudah terpotong, kapok saya pakai gojek","Sopir tidak sampai ke tempat tujuan, tapi di aplikasi sudah terpicu sampai dan gopay sudah terpotong, kapok saya pakai gojek",0.9751485586166382
"Panganan ning kene menurutku kurang enak ya, merga aku wong minang, aku ora tek seneng pangana  jawa sing legi hehe","Makanan di sini menurut saya kurang enak ya, karena saya orang minang, saya tidak terlalu suka makanan jawa yang manis hehe","Makanan di sini menurut saya kurang enak ya, karena saya orang minang, saya tidak terlalu suka makanan jawa yang manis manis hehe",0.9981755018234253
"Pajak, kak, arep njaluk nomor efin, sakdurunge wis aktifasi, namung lali password akun djponline,","Pajak, kak, mau minta nomor efin, sebelumnya sudah aktifasi, tapi lupa password akun djponline,","Tolong, kak, mau minta nomor efin, sebelumnya sudah aktivasi, tapi lupa password akun djponline,",0.9805693030357361
Musim udan kaya iki saban udan mesthi ora tenang wedi kabanjiran.,Musim hujan begini setiap hujan pasti tidak tenang takut kebanjiran.,Musim penghujan begini setiap hujan selalu tidak tenang takut banjir.,0.9426697492599487
Sate wedus H. Ihsan iki cukop terkenal ning tegal. Lak ora iso marani panggon ning pusate. Sampeyan isa uga nemokne sate wedus H Ihsan ning pirang-pirang panggon mangan ning kutha tegal.,Sate kambing H. Ihsan ini cukup terkenal di tegal. Apabila tidak bisa mengunjungi lokasi di pusatnya. Anda bisa juga menemukan sate kambing H Ihsan di beberapa tempat makan di kota tegal.,Sate kambing H. Ihsan ini cukup terkenal di tegal. Kalau tidak bisa kunjungi tempatnya yang berada di pusatnya. Anda juga bisa menemukan sate kambing H Ihsan di beberapa tempat makan di kota tegal.,0.9829918146133423
"Saka okehe restoran sunda ing Bandung, miturutku Ciganea salah siji favoritku. Aku seneng amarga pithike khas, digorenge ora patio garing. Terus sambele uga ora kalah enak. Menu sing liya uga enak. Panggonane kaya omah, ora patio gedhe nanging cukuplah, lan uga resik.","Dari banyaknya restoran sunda di Bandung, menurut saya Ciganea salah satu favorit saya. Saya suka karena ayamnya khas, digorengnya tidak terlalu kering. Lalu sambalnya pun tidak kalah enak. Menu yang lain pun enak. Tempatnya seperti rumah, tidak terlalu besar tapi cukuplah, dan juga bersih.","Dari sekian banyak restoran sunda di bandung, menurut saya ciganea salah satu favorit saya. Saya suka karena ayamnya khas, digoreng tidak terlalu garing. Terus sambalnya juga tidak kalah enak. Menu yang lain juga enak. Tempatnya seperti rumah, tidak terlalu besar tapi cukuplah, dan juga bersih.",0.9824124574661255
"Hotel iki uwes ngadeg saka telung puluh tahun sing kapungkur, sakdurunge aku lair. Panginepan kapisan ning kota iki. Saiki uwis akeh ngadeg hotel ning kene.","Hotel ini sudah berdiri sejak tiga puluh tahun yang lalu, sebelum saya lahir. Penginapan pertama di kota ini. Sekarang sudah banyak berdiri hotel di sini.","Hotel ini berdiri sejak tiga puluh tahun yang silam, sebelum saya lahir. Akomodasi pertama di kota ini. Sekarang sudah banyak berdiri hotel di sana.",0.9788086414337158
"Panganan ning kene pada kaya kfc liyane. Pithik gorenge krispi, gurih, lan enak.","Makanan di sini sama seperti kfc lainnya. Ayam gorengnya crispy, gurih dan enak","Makanan di sini sama seperti kfc lainnya. Ayam gorengnya krispi, gurih, dan enak.",0.9809628129005432
"Piye ora nesu ora, kena php indosat terus kie. Pulsane kepotong ludes ora ana turahe.","Bagaimana tidak marah coba, kena php indosat terus nih. Pulsa selalu terpotong ludes tak tersisa.","Mana bisa enggak marah, kena php indosat terus begini. Pulsa kepotong habis tidak ada henti-hentinya.",0.9159906506538391
"Pelayanane batik air bisnis class ing halim nguciwakake, gelas reged / mambu, tv ora ana nganggo alesan pesawat anyar, aling methuk saka medhuk pesawat diilangake","Pelayanan batik air bisnis class di halim mengecewakan, gelas kotor / bau, tv tidak ada dengan alasan pesawat baru, penjemputan dari turun pesawat dihilangkan","Pelayanan batik air bisnis class di halim mengecewakan, gelas kotor / bau, tv tidak ada dengan alasan pesawat baru, alas sepatu dari masuk pesawat dihilangkan",0.9780650734901428
Ngganggo laurier dobel pas arep turu pas menstruasi ben ora bocor,Pakai laurier double pas mau tidur saat menstruasi biar tidak bocor,Pakai laurier dobel kalau tidur kalau lagi mens supaya ga bocor,0.920723021030426
"Panggon mangane sederhana banget, nanging rasane juara. Komposisi bumbu kacange pas lan porsine ora tek akeh. Pengunjung sing teka rame banget.","Tempat makannya sangat sederhana, namun rasanya juara. Komposisi bumbu kacangnya pas dan porsinya tidak terlalu besar. Pengunjung yang datang sangat ramai.","Tempat makannya sederhana banget, tapi rasanya juara. Komposisi bumbu kacang pas dan porsinya tidak terlalu banyak. Pengunjung yang datang sangat ramai.",0.9900708794593811
"Panggonan lan arsitektur panggonan iki oke banget, mung yen panganane lan ombeane ing kene ora patia maer. Enak kanggo mateni bareng kanca-kanca.","Lokasi dan arsitektur tempat ini oke banget, cuma kalau makanan dan minuman di sini tidak terlalu istimewa. Enak buat bunuh bareng teman-teman.","Tempat dan arsitektur tempat ini keren banget, cuma kalau makanan dan minuman di sini kurang beken. Asik buat nongkrong bareng teman teman.",0.9533880949020386
Rasa panganan biasa ae lan suasanane ora istimewa dadi pisan ketekan wis cukup.,Rasa makanan biasa saja dan suasana tidak istimewa sehingga sekali kedatangan sudah cukup.,Rasa makanan biasa saja dan suasana tidak istimewa sehingga sekali datang sudah cukup.,0.9927822351455688
Sing nglarang GBK didadekake panggonan konser pada songong-songong banget dah. Suket ning lapangan sapa sing pengin ngopeni yen ora ana duwit konser. Urung meneh kursi sing seneng dirusak supporter bal. Aduh.,Yang melarang GBK dijadikan venue konser pada songong-songong amat dah. Rumput di lapangan siapa yang mau pelihara kalau tidak ada duit konser. Belum lagi kursi yang suka dirusak supporter bola. Aduh.,Yang melarang GBK dijadikan tempat konser pada songong-songong banget dah. Rumput di lapangan siapa yang mau ngotori kalau bukan duit konser. Apalagi bangku yang doyan dirusak supporter bola. Aduh.,0.9540778994560242
Gendeng ya. Pesen mix platter ae sampek luwih saka 30 menit. Takon nyang pelayane malah minggat. Ora responsif. Suwi.,Gila ya. Pesan mix platter saja sampai lebih dari 30 menit. Bertanya ke pelayannya malah kabur. Tidak responsif. Lama.,Gila ya. Pesan mix platter saja sampai lebih 30 menit. Tanya ke pelayannya malah kabur. Tidak responsif. Lama.,0.9863477945327759
"Pas jenuh karo oleh oleh khas bandung sing wis ana, dadi roti bakar tunggal isa dadi pilihan. Aku kerep tuku roti marie sing dibakar karo rasa sing enaakk, uga roti bakar karo rasa keju utawa coklate. Biasane aku tuku ning konter roti bakar tunggal ning paskal hyper square. Regane ancen rodok larang, nanging rumangsaku meh podo karo panganan oleh-oleh. Dadi ya ora isa uga diomongne larang. Lan toh rasane enak.","Saat jenuh dengan oleh oleh khas bandung yang sudah ada, maka roti bakar tunggal bisa menjadi pilihan. Saya sering beli roti marie yang dibakar dengan rasa yang yuummy, juga roti bakar dengan rasa keju atau coklatnya. Biasanya saya beli di counter roti bakar tunggal di paskal hyper square. Harganya memang agak mahal, tapi saya rasa hampir sama dengan makanan oleh-oleh. Jadi ya tidak bisa juga dibilang mahal. Dan toh rasanya enak.","Saat jenuh dengan oleh-oleh khas bandung yang itu-itu saja, maka roti bakar tunggal bisa jadi pilihan. Saya sering beli roti marie yang dibakar dengan rasa yang enak, ada juga roti bakar dengan rasa keju maupun coklat. Biasanya saya beli di konter roti bakar tunggal di paskal hyper square. Harga memang agak mahal, tapi saya rasa setara dengan makanan oleh-oleh. Jadi ya tidak bisa dikatakan mahal. Dan toh rasanya enak.",0.9727787971496582
"Lunga bareng kaluwarga mangan mbengi, regane larang kanthi rasa sing biasa bae.","Pergi bersama keluarga makan malam, harganya mahal dengan rasa yang biasa saja.","Pergi bersama keluarga makan malam, harganya mahal dengan rasa yang biasa saja.",1.0
"Sugeng siang, biaya administrasi rek simpedes tp 5.500, - / sasi. Maturnuwun era","Selamat siang, biaya administrasi rek simpedes rp 5.500, - / bulan. Terima kasih era","Selamat siang, biaya administrasi rekening simpedes hanya 5.500,- / bulan. Terima kasih selalu",0.9597172141075134
"Panggonan kapenak lan enak, kala-kala didadekake panggonan foto pre-wedding","Tempat nyaman dan enak, kadang dijadikan tempat foto pre-wedding","Tempat nyaman dan indah, kadang dijadikan tempat foto pre-wedding",0.9910999536514282
"Pelayanane apik banget, lan muasne saka segi panggon, apik banget isa ndelok pemandangan kutha pas wengi saka segi panganan, apik pol! Panganane enak banget ora nyesel ngge mara rene.","Pelayanannya sangat bagus, sangat memuaskan dari segi tempat, indah sekali bisa melihat pemandangan kota di malam hari dari segi makanan, terbaik! Makanannya enak sekali tidak menyesal untuk datang ke sini.","Pelayanan sangat bagus, dan memuaskan dari segi tempat, sangat bagus bisa melihat pemandangan kota pada malam hari dari segi makanan, sangat bagus! Makanannya sangat enak tidak menyesal datang ke sini.",0.9782881736755371
Arif tuku jaket billabong sek paling anyar,Arif membeli jaket billabong yang terbaru,Arif membeli jaket billabong yang paling baru,0.9754995703697205
"Warung mangan sing uwis teka wiwit suwi lan uwis dadi kaya legenda kayane saiki uwis buka cabang. Terkenal amarga konsisteni rasa -ne uwis pirang-pirang tahun, sanadyan bangunan asli uwis dibongkar nanging kaasliane tetep dijaga lan tetep engel parkir. Sawetara wektu kepungkur ana setithik pangowahan nalika ibu chef utama uwis ora ketok maneh.","Warung makan yang telah hadir sejak lama dan telah menjadi semacam legenda, mungkin sekarang sudah buka cabang. Terkenal karena konsistensi rasa -nya selama bertahun-tahun, meskipun bangunan asli telah dipugar tetapi keaslian masih tetap dijaga dan tetap susah parkir. Beberapa waktu terakhir ada sedikit perubahan ketika ibu chef utama sudah tidak terlihat lagi.","Rumah makan yang sudah hadir sejak lama dan sudah jadi seperti legenda sepertinya kini sudah membuka cabang. Terkenal karena konsistensi rasa selama bertahun tahun, walau bangunan asli sudah dibongkar namun keaslian tetap dijaga dan tetap sulit parkir. Beberapa waktu silam ada sedikit perubahan ketika ibu chef utama sudah tidak terlihat lagi.",0.9617544412612915
Menehi bantuan nyang korban bencana dinggo pencitraan percuma. Apameneh dinggo publikasi. Sepurane banget. Muak aku.,Memberikan bantuan ke korban bencana untuk pencitraan percuma. Apalagi untuk publikasi. Maaf banget. Muak saya.,Ngasih bantuan ke korban bencana buat pencitraan percuma. Apalagi buat publikasi. Jijik banget. Muak saya.,0.9667468667030334
Rasa panganane biasa bae lan regane larang. Panggonane uga biasa. Lokasine ora patia adoh saka tengah kutha.,Rasa makanannya biasa saja dan harganya mahal. Tempatnya juga biasa. Lokasinya juga terlalu jauh dari pusat kota.,Rasa makanannya biasa saja dan harganya mahal. Tempatnya juga biasa. Lokasinya tidak terlalu jauh dari pusat kota.,0.990558922290802
Dingge mara nyang panggon iki dalane macet banget lan adoh saka pusat kutha. Saktekane ning kana ora ana bab sing spesial sing nggarai perjalanan adoh kebayar. Menune biasa ae.,Untuk menuju ke tempat ini jalannya sangat macet dan jauh dari pusat kota. Sesampainya di sana tidak ada hal yang spesial yang membuat perjalanan jauh terbayarkan. Menunya biasa saja.,Untuk pergi ke tempat ini jalan sangat macet dan jauh dari pusat kota. Sesampainya di sana tidak ada yang spesial yang membuat perjalanan jauh terbayar. Menunya biasa saja.,0.9863559603691101
Rasa rotine enak. Variasi roti lan pacetane sing didol akeh. Rega standar. Paling seneng karo roti taware. Seneng.,Rasa rotinya enak. Variasi roti dan cemilan yang dijual banyak. Harga standar. Paling suka sama roti tawarnya. Suka.,Rasa rotinya enak. Variasi roti dan kue yang dijual banyak. Harga standar. Paling suka sama roti tawarnya. Suka.,0.9892136454582214
"Deknen kuwi sapa sih? Kok isi beritane deknen kabeh, mbokane deknen mantan narapidana kae","Dia ini siapa sih? Kok isi berita dia semua, bukannya dia mantan narapidana itu","Dia itu siapa sih? Kok semua berita dia saja, ibunya mantan napi itu",0.9366133809089661
"Pengin mangan karo nikmati suwasana paris? Ora usah adoh-adoh menyang prancis, cukup menyang paris van java alias bandung. Braga permai iki rekomendasi banget kanggo mangan karo santai-santai. Panganane enak, regane mlebu akal lan suwasanane kapenak banget apamaneh meja sing ning jaba. Mangan karo nikmati suwasana bandung jaman mbiyen.","Ingin makan sembari menikmati suasana paris? Enggak usah jauh-jauh ke prancis, cukup ke paris van java alias bandung. Braga permai ini rekomendasi banget buat makan sambil santai-santai. Makanannya enak, harganya masuk akal dan suasananya nyaman banget apalagi meja yang di luar. Makan sambil menikmati suasana bandung tempo dulu.","Pengen makan sambil menikmati suasana paris? Tak perlu jauh-jauh ke prancis, cukup ke paris van java alias bandung. Braga permai ini rekomendasi banget buat makan sambil santai-santai. Makanannya enak, harganya masuk akal dan suasananya nyaman banget apalagi meja yang di luar. Makan sambil menikmati suasana bandung zaman dulu.",0.982814371585846
Yogyakarta iki ing saben pojokan dalan akeh hotel. Nanging eman. Kanggo kelas bintang 3 bae rega luwih larang kanthi pelayanan sing ora sepadan.,Yogyakarta ini di tiap sudut jalan banyak hotel. Tapi sayang. Untuk kelas bintang 3 saja harga lebih mahal dengan pelayanan tidak setara.,Yogyakarta ini di tiap sudut jalan banyak hotel. Tapi sayang. Untuk kelas bintang 3 saja harga lebih mahal dengan pelayanan yang tidak sepadan.,0.9876641035079956
Bakmine enak. Ditambah daging rica2ne mantep banget. Rasane si pedes-pedes nanging nikmat. Mangan siji krasa kurang tah.,Bakminya enak. Ditambah daging rica2nya super mantap. Rasanya sih pedas-pedas tapi nikmat. Makan satu berasa kurang deh.,Bakminya enak. Tambah daging rica2nya mantap banget. Rasanya sih pedas-pedas tapi nikmat. Makan satu saja terasa kurang sepertinya.,0.9659320712089539
Aplikasi bni mobile banking tulung didandani soale arep aktivasi akun ora isa.,Aplikasi bni mobile banking mohon diperbaiki soalnya mau aktivasi akun tidak bisa.,Aplikasi bni mobile banking tolong diperbaiki karena mau aktivasi akun tidak bisa.,0.9855216145515442
Anti nganggo power bank wiwit handphone samsungku bocor bateraine sakbanjure dingokake kuwi.,Anti pakai power bank semenjak handphone samsung gue bocor baterenya setelah dipakaikan gituan.,Aku pakai power bank dari handphone samsung ku baterai bocor sejak itu aku biarkan saja.,0.9088298082351685
"Botol uc1000 angel banget dibukake tah, marakna tangan lara","Botol uc1000 susah banget dibukanya dah, bikin tangan sakit","Botol uc1000 susah banget dibuka ya, sampai tangan sakit",0.9453000426292419
"Nggolek suwasana nostalgia ing jogja, panggonan iki yaiku pilian sing pas! Menu panganane didominasi panganan-panganan sing kena pengaruh gaya panganan landa. Kasenenganku stik sirloin. Restoran iki uga ndhuweni toko roti kanthi pilian roti gaya jaman mbiyen.","Mencari suasana nostalgia di jogja, tempat ini adalah pilhan yang tepat! Menu makanan didominasi makanan-makanan yang dipengaruhi gaya makanan belanda. Favorit saya steak sirloin. Restoran ini juga memiliki toko roti dengan pilihan roti bergaya zaman dahulu.","Mencari suasana nostalgia di jogja, tempat ini adalah pilihan yang tepat! Menu makanannya didominasi dengan makanan-makanan yang terpengaruh gaya makanan belanda. Favorit saya stik sirloin. Restoran ini juga memiliki toko kue dengan pilihan kue gaya zaman dahulu.",0.9688241481781006
Ketua dpr ngapresiasi pilkada barengan sing mlaku damai.,Ketua dpr mengapresiasi pilkada serentak yang berlangsung damai.,Ketua dpr apresiasi pilkada serentak berlangsung damai,0.9338900446891785
Ngurus gaji karyawan dhewe wae ora isa jare arep ngurus bumn. Mikir nganggo utek,Mengurus gaji karyawan sendiri saja tidak becus konon mau mengurus bumn. Mikir pake otak,"Urusan gaji karyawan saja tidak becus, ngomong mau urus bumn. Mikir pakai otak dong",0.9443010687828064
Ning indonesia pilihan merek telepon seluler kan melimpah. Lak ora seneng cara xiaomi nglakokne bisnise ya kari milih merek liya. Digawa santai wae.,Di indonesia pilihan merek telepon seluler kan melimpah. Kalau tidak suka cara xiaomi menjalankan bisnisnya ya tinggal pilih merek lain. Dibawa santai saja.,Di indonesia pilihan merk telepon seluler kan melimpah. Kalau tidak suka cara xiaomi menjalankan bisnisnya ya silakan pilih merk lain. Di bawa santai saja.,0.9821208715438843
"Nate mangan ning poolside hotel hilton? Jan ora rekomendasi kanggo rasa lan rega. Panganane kurang rasane, aku nggawa 20 uwong, kabeh gela.","Pernah makan di poolside hotel hilton? Sangat tidak rekomendasi untuk rasa dan harga. Makanan kurang rasa, gue bawa 20 orang, semua kecewa.","Pernah makan di poolside hotel hilton? Jangan, tidak rekomendasi untuk rasa dan harga. Makanan kurang rasanya, saya bawa 20 orang, semuanya kecewa.",0.9826321005821228
Panggonane unik. Karo mangan uga dimanjakake kaliyan panggonan sing sarwa unik. Akeh kayu kayu lan galerine. Kanggo bocah uga aja kuatir. Ana dolanan bocahe. Dadi mangan dadi luwih santai.,Tempatnya unik. Sambil makan juga dimanjakan dengan tempat yang serba unik. Banyak kayu kayu dan galerinya. Buat anak juga jangan kuatir. Ada mainan anaknya. Jadi makan jadi lebih santai,Tempatnya unik. Sambil makan juga dimanjakan dengan tempat yang serba unik. Banyak kayu kayu dan galerinya. Untuk anak juga tidak perlu khawatir. Ada mainan anak. Jadi makan pun jadi lebih santai.,0.9842888116836548
"Yen marang rene aku mesthi pesen budin sambel roa. Budine digoreng dipasake karo sambel roa, enak. Panganan sing liyane uga enak nanging kanggo aku lan kaluwarga sing paling enak ing kene ya mangan budin karo ngombe kopi.","Kalau ke sini saya selalu pesan singkong sambal roa. Singkongnya digoreng dipadankan dengan sambal roa, enak. Makanan yang lainnya juga enak tetapi buat saya dan keluarga yang paling enak di sini ya makan singkong sambil minum kopi.","Kalau ke sini saya selalu pesan burung dara sambal roa. Burung dara digoreng disajikan dengan sambal roa, enak. Makanan yang lainnya juga enak tetapi bagi saya dan keluarga yang paling enak di sini ya makan burung dara sambil minum kopi.",0.9693663120269775
Telepone genggam eror pas kaping pisan diurupne,Telepon genggamnya eror pas pertama dinyalakan,Handphone error ketika pertama kali dinyalakan,0.9057595729827881
Turu sing cukup saben dinane isa gawe awak ora kekeselen lan seger sawektu tangi ing dina esuk.,Tidur yang cukup tiap harinya bisa bikin badan tidak kecapekan dan segar ketika bangun di pagi hari.,Istirahat yang cukup setiap harinya dapat membuat tubuh tidak lelah dan segar saat bangun di pagi hari.,0.9506685137748718
Restoran iki romantis tenan kanthi pemandangane sing apik tenan ing dina mbengi,Restoran ini sangat romantis dengan pemandangannya yang sangat indah di malam hari,Restoran ini sangat romantis dengan pemandangan yang sangat indah di malam hari.,0.9771096706390381
"Sugeng sonten ibu, bab produk perbankan mandiri apa sing entuk dhewe rewangi? Yogi","Selamat sore ibu, perihal produk perbankan bank mandiri apa yang dapat kami bantu? Yogi","Selamat sore bu, terkait produk perbankan mandiri apa yang bisa kami bantu? Yogi",0.9670245051383972
"Suwasanane ing panggonan iki luwar biasa tenan. Pas kuwi dhewe teka ing sore ameh wengi, lan etuk panggonan sing ngadep ning air terjun. Gemricik banyu grojogan lan suwasana desa nambah nikmat suwasana mangan wengi dhewe pas kuwi. Panganan disajekake kanthi gaya tradisional lan rasane cukup apik kanggo ilate dhewe.","Suasananya di tempat ini sungguh luar biasa. Ketika itu kami datang pada senja menjelang malam, dan mendapatkan ruang yang menghadap ke air terjun. Gemericik air terjun dan suasana pedesaan menambah nikmat suasana makan malam kami ketika itu. Makanan disajikan dengan gaya tradisional dan rasanya cukup menarik untuk lidah kami.","Suasananya di tempat ini luar biasa banget. Waktu itu kami datang pada sore hari menjelang malam, dan mendapatkan tempat yang menghadap air terjun. Gemercik air terjun dan suasana pedesaan semakin menambah nikmat suasana makan malam kami waktu itu. Makanan disajikan secara tradisional dan rasanya cukup pas dengan lidah kami.",0.9732263088226318
"Regane larang banget, padahal panganan sing didol panganan indonesia umume. Padahal kanggo nikmati panganan kaya ngene iki ing panggonan liyane adoh luwih murah. Sega goreng wae ing kene larang banget banget! Jengkel.","Harganya terlalu mahal, padahal makanan yang dijualkan makan indonesia umumnya. Padahal untuk menikmati makanan sejenis di tempat lain jauh lebih murah. Nasi goreng saja di sini mahal banget banget! Kesal.","Harganya mahal sekali, padahal makanan yang dijual makanan indonesia kebanyakan. Padahal untuk menikmati makanan seperti ini di tempat lain jauh lebih murah. Nasi goreng saja di sini mahal banget banget! Kesal.",0.9792706966400146
Ana ing akun mycare ku sek keblokir kuwi wis aku tambahake nomer im3 ku sek anyar,Dalam akun mycare saya yang terblokir tersebut sudah saya tambahkan nomer im3 saya yang baru,Di akun mycare saya yang terblokir itu sudah saya tambahkan nomor im3 saya yang baru,0.980732798576355
120 peserta sing lulus iki bakale dibagi dadi 4 kelas karo jumlah masing masing 30 murid,120 peserta yang lulus ini akan dibagi menjadi 4 kelas dengan jumlah masing masing 30 siswa.,120 peserta yang dinyatakan lulus ini akan dibagi menjadi 4 kelas dengan jumlah masing-masing 30 murid,0.9725660085678101
"Apa iki, regane larang, pelayanane jan mines!","Apa ini, harga mahal, pelayanan minus!","Apa ini, makanannya mahal, pelayanannya parah min!",0.9357616305351257
Aku ketemu karo deknen ing asrama panggonan dhewe manggon nalika isih mahasiswa,Saya bertemu dengannya di asrama tempat kami tinggal semasa mahasiswa dulu,Aku bertemu dengannya di asrama tempat kami tinggal ketika masih mahasiswa,0.9580897092819214
"Endi ki suwe banget konfirmasine? Iki uwis dibayar, uwis ngirimne bukti transfer, nanging e - tiket pancet ora metu? Aku gela, wegah digantung ngene.","Mana nih lama sekali konfirmasinya? Ini sudah dibayar, sudah mengirimkan bukti transfer, tetapi e - tiket tetap tidak keluar? Saya kecewa, tidak mau digantung begini.","Mana ini lama sekali konfirmasinya? Ini sudah dibayar, sudah kirim bukti transfer, tapi e-tiket kok tidak muncul? Saya kesal, tidak mau digantung begini.",0.9680483341217041
"Ndelok film indonesia ning tv iki, kadang nggarai pegel. Merga kayak-kayake indonesia ora ana masalah, merga kabeh lagi mlaku-mlaku ning luar negeri.","Menonton film indonesia di tv ini, kadang bikin jengkel. Karena seakan-seakan indonesia tidak ada masalah, karena semuanya lagi jalan-jalan di luar negeri.","Nonton film indonesia di tv ini, kadang bikin sakit kepala. Karena kayaknya indonesia tidak ada masalah, karena semua lagi jalan-jalan di luar negeri.",0.9654202461242676
"Dasare ora ngerti kahanan kowe! Sinau beladiri udu nggo disombongke! Nanging kanggo nglindhungi awake dhewe! Gurumu dantemi apa maneh uwong tuwamu! Dasar iblis kowe, nyawa dibayar nyawa! Kowe ndhuwe utang siji nyawa! Lan nyawamu sing dadi bayarane!?","Dasar tak tau diri kau! Belajar beladiri bukan untuk di sombongkan! Tapi untuk melindungi diri sendiri! Guru lu aja lu pukulin apalagi orang tua lo! Dasar iblis kau, nyawa di bayar nyawa! Lu punya hutang satu nyawa! Dan nyawa lo yang jadi bayarannya!?","Dasarnya tidak tahu kondisi lo ya! Belajar bela diri itu bukan buat sombong! Tetapi untuk melindungi diri sendiri! Guru lo hajar apalagi orang tua lo! Dasar iblis lo, nyawa dibayar nyawa! Lo punya utang satu nyawa! Dan nyawa lo yang jadi bayarannya!?",0.9583315253257751
"Lak nyang mangkok iwak pitik mesti tuku kwetiaew sirame, lak didelok kayake sing sitik, nangis pas dipangan beh, akeh banget lak kanggo porsiku, kwetiaw sirame sik juara ning kene timbang nggon liya, tenan. Sambele uga sekeca banget karo seleraku.","Kalau ke mangkok ayam pasti beli kwetiaw siramnya, kalau dilihat seperti yang sedikit, tetapi pas dimakan beuh, banyak sekali kalau buat porsi saya, kwetiaw siramnya masih juara di sini dari pada di tempat lain, sungguh. Sambelnya juga sesuai banget sama selera saya.","Kalau ke mangkok ayam mesti beli kwetiaw siramenya, kalau dilihat memang sepertinya dikit, menangis pas dimakan beh, banyak banget kalau untuk porsi saya, kwetiaw siramenya memang juara di sini dibanding tempat lain, nyata. Sambalnya juga sangat sesuai selera saya.",0.9542914628982544
Atlet enom tanah air melu serpong run 2018 dinggo ajang nguji coba,Atlet muda tanah air ikuti serpong run 2018 untuk ajang uji coba,Atlet muda tanah air ikut serpong run 2018 untuk ajang try out,0.9411056041717529
"Penting lan sebarno negriku sing wis lara, pas oknum aparat dadi keparat, sing pener disalahne lan sing salah dipenerne","Penting dan sebarkan negeriku yang sudah sakit, kala oknum aparat jadi keparat, yang benar disalahkan dan yang salah dibenarkan","Berantas dan sebarlah negeriku yang sudah sakit, ketika oknum aparat jadi keparat, yang benar disalahkan dan yang salah dibenarkan",0.9664155840873718
Bis harapan jawa adoh luwih kapenak dibanding sing liyane,Bus harapan jaya jauh lebih nyaman dibandingkan yang lainnya,Bus harapan jaya jauh lebih nyaman dibanding yang lain,0.9895489811897278
Tinggalen ae lak awakmu pancene wis waleh karo pacarmu lan pacaran ora ana gunane kanggo awakmu.,Tinggalkanlah kalau kamu memang sudah bosan sama pacar mu dan pacaran tidak ada gunanya buat kamu.,Tinggalkan saja kalau memang kamu sudah tidak nyaman dengan hubungan kamu dan pacaran tidak ada gunanya lagi untukmu.,0.9528164863586426
"Isih percoyo karo omongane? Dee sing nutup rapet-rapet bobroke sifate, dee uga sing mbukak tabir aibe.","Masih percaya sama omongannya? Dia yang menutup rapat-rapat kebobrokan sifatnya, dia juga yang membuka tabir aibnya.","Masih percaya dengan omongannya? Dia yang menutup rapat-rapat keburukan sifatnya, dia juga yang membuka tabir kejelekannya.",0.9702607989311218
"Kafe iki, nduwe pirang-pirang cemilan sing top banget, tahu ning lumboenk karo vulkano risols jenenge. Sensasine unik saka wujude karo rasane nggarai sir maneh si maneh, dinggo sing penasaran oleh njajal wis.","Kafe ini, punya beberapa cemilan yang top banget, tahu di lumboenk sama vulkano risols namanya. Sensasi unik dari tampilan sama rasanya bikin mau lagi mau lagi, bagi yang penasaran boleh dicoba deh.","Kafe ini, punya beberapa makanan ringan yang top banget, tahu di dalam lumbung dengan vulkano risols namanya. Sensasinya unik dari wujudnya dengan rasanya bikin pengin lagi, buat yang penasaran boleh dicoba deh.",0.9502131342887878
2018 kpk nduweni tekad kanggo nuntaskae kasus e-ktp lan lbi.,2018 kpk bertekad menuntaskan kasus e-ktp dan blbi.,2018 kpk bertekad tuntaskan kasus e-ktp dan korupsi dana desa,0.9527046084403992
Namung penerbangan ing indonesia sing ora tahu ngeregani wektu. Uwis mbayar larang pelayanane tetep nguciwakake,Cuma penerbangan di indonesia yang tidak pernah ngehargai waktu. Sudah bayar mahal tetap pelayanannya mengecewakan,Hanya penerbangan di indonesia yang tidak tahu hargai waktu. Sudah bayar mahal pelayanan tetap mengecewakan,0.9681622982025146
"Kanggo layanan bank ing akhir pekan sing lokasine ing bekasi, bapak isa teka marang kantor cab bank mandiri bekasi juanda","Untuk layanan bank di akhir pekan yang berlokasi di bekasi, bapak dapat datang ke kantor cab bank mandiri bekasi juanda.","Untuk layanan bank di akhir pekan yang lokasinya berada di bekasi, bapak bisa pergi ke kantor cab bank mandiri bekasi juanda",0.9821584224700928
susah banget ndelok segara sing saiki reget didadekake panggonan guwak sampah sembarangan,Sedih banget melihat laut yang sekarang kotor dijadikan tempat buang sampah sembarangan,Sangat menyedihkan melihat laut yang sekarang kotor dijadikan tempat buang sampah sembarangan,0.9750917553901672
"Salah siji panggon mangan lan panggon nangkring sing direkomendasikne kanca sing oke banget. Panggone pancene lumayan munggah lak saka kutha, lan rodok mlebu-mlebu sampek ora ketok lak saka dalan utama. Nanging panganane enak, panggone asik, regane uga standar. Sik sumbut karo regane lah. Oleh lak nyang Malang dolan mrene maneh.","Salah satu tempat makan dan tempat nongkrong yang direkomendasikan teman yang oke sekali. Tempatnya memang lumayan naik kalau dari kota, dan agak masuk-masuk sampai tidak terlihat kalau dari jalan utama. Tapi makanannya enak, tempatnya asik, harganya juga standar. Masih sepadan dengan harga lah. Bolehlah kalau ke Malang datang ke sini lagi.","Salah satu tempat makan dan tempat nongkrong yang direkomendasikan teman yang sangat oke. Tempatnya memang agak naik kalau dari kota, dan masuk-masuk sedikit sampai tidak kelihatan kalau dari jalan utama. Tapi makanannya enak, tempatnya asik, harganya standar saja. Masih oke lah sama harganya. Kalau ke Malang akan main ke sini lagi.",0.9783610105514526
On the spot lagi tayang ing trans7,On the spot sedang tayang di trans7,On the spot sedang tayang di trans7,1.0
"Bener-bener iwak pitik goreng sing gurih lan nggarai aku ketagihan, sambel sing pedes nggarai sensasi mangan luwih mantep karo sega anget lan es teh manis","Benar benar ayam goreng yang gurih dan membuat saya ketagihan, sambal yang pedas membuat sensasi makan lebih mantap dengan nasi hangat dan es teh manis","Sungguh ayam goreng yang gurih dan bikin ketagihan, sambal yang pedas bikin sensasi makan makin mantap dengan nasi hangat dan es teh manis",0.9710033535957336
Aku wis ndaftar namung ora entuk sms seka 5111.,Saya sudah registrasi tapi tidak dapat sms dari 5111.,Saya sudah registrasi tapi tidak dapat sms dari 5111.,0.9999999403953552
"Mumpung lagi mlaku-mlaku marang bandunh sekaliyan nyempatake nyoba batagor sek paling enak ing kota kembang iki nganti ora sadar dhewe mesen luwih akeh seka kapasitas mangan dhewe wong loro: Bakso tahu goreng, siomay goreng lan batagor kuah, ayam kremes, lan es cendol lan dhewe uga kudu mbungkus mulih tahu yun yin pesenan dhewe akhire.","Mumpung sedang berjalan-jalan ke bandunh sekalian menyempatkan mencoba batagor yang terenak di kota kembang ini sampai tidak sadar kami memesan lebih banyak dari kapasitas makan kami berdua: Bakso tahu goreng, siomay goreng dan batagor kuah, ayam kremes, dan es cendol dan kami masih harus membungkus pulang tahu yun yin pesanan kami akhirnya.","Karena lagi jalan-jalan ke bandung sekalian deh nyempatkan mencoba batagor yang paling enak di kota kembang ini sampai tidak sadar kita pesan melebihi kapasitas makan kita berdua: Bakso tahu goreng, siomay goreng dan batagor kuah, ayam kremes, dan es cendol dan kita juga harus bungkus bawa pulang tahu yun yin pesanan kita akhirnya.",0.9627156257629395
"Njajal pesen shabu-shabu, menu anyar ning gading resto. Kuwalitas rasane cukup enak, regane kejangkau uga. Rekomendasi lak nggawa tamu utawa mung mangan wengi karo kaluwarga.","Mencoba memesan shabu-shabu, menu baru di gading resto. Kualitas rasa cukup enak, harga terjangkau pula. Rekomendasi bilamana membawa tamu atau sekadar makan malam bersama keluarga.","Mencoba pesan shabu-shabu, menu baru di gading resto. Kualitas rasanya cukup enak, harganya terjangkau juga. Rekomendasi jika membawa tamu atau sekedar makan malam bersama keluarga.",0.9870131015777588
Oke. Wis tak kirim lewat pesen langsung,Oke. Sudah saya kirim via pesan langsung,Oke. Sudah saya kirim melalui pesan langsung,0.9841009378433228
"Kasamrawutan sing kadadean akhir debat loro pilgub jabar ing 14 mei 2018 sing kepungkur, marakke silang pendapat saka para kontestan debat.","Kericuhan yang terjadi pengujung debat kedua pilgub jabar pada 14 mei 2018 yang lalu, menimbulkan silang pendapat dari para kontestan debat.","Kericuhan yang terjadi seusai debat kedua pilgub jabar pada 14 mei 2018 lalu, berujung saling sindir antar para kontestan debat.",0.9614683389663696
Isuk iki lali nyepot helm mas gojek bar mudun saka motor gara-gara nguber bis,Pagi ini lupa lepas helm abang gojek setelah turun dari motor gara-gara mengejar bus,Pagi tadi lupa mencabut helm mas gojek setelah turun dari motor gara-gara mengejar bis,0.9575915336608887
"Restoran iki tansah top. Suasanane nyaman banget kanggo ngobrol karo kanca, sedulur utawa pasangan. Panganane uga enak. Sanajan aku biasane ora mangan abot. Soale paling seneng marang mrene sore nyedhak mbengi","Restoran ini selalu top. Suasananya nyaman banget buat ngobrol dengan teman, saudara atau pasangan. Makanannya juga enak. Walaupun saya biasanya tidak makan berat. Soalnya paling suka ke sini sore menjelang malam","Restoran ini selalu top. Suasananya nyaman banget untuk ngobrol sama teman, keluarga atau pasangan. Makanannya juga enak enak. Walaupun saya biasanya tidak makan berat. Soalnya paling senang datang ke sini sore menjelang malam",0.9874634742736816
"Menu sing dhewe pesen urang, sapi, sapo kabehane enak, sampurna dimasake, rasane pas, kuwalitase dhuwur. Panggonane amba, pelayanane oke tenan. Kabehane grapyak lan grapyak karo bocah-bocah","Menu yang kita pesan udang, sapi, sapo semuanya enak, sempurna dimasaknya, rasanya pas, berkualitas tinggi.  Tempat luas, pelayanan oke banget. Semuanya ramah dan ramah sama anak-anak","Menu yang kita pesan udang, sapi, kepiting semuanya enak, masakannya sempurna, rasanya pas, kualitas tinggi. Tempatnya luas, pelayanannya sangat oke. Semuanya ramah dan sabar menghadapi anak anak",0.9640638828277588
"Kesel ngantri, kesel golek panggon lungguh, kesel lungguh. Dinggo sing ora nduwe wektu suwe lan wis keluwen, mending ora mrene. Aku mrene pas liburan bodo panganan ning ruko-ruko kene uga rodok larang lan rasane standar.","Capek mengantre, capek mencari tempat duduk, cape duduk. Buat yang tidak punya waktu lama dan sudah kelaperan, mendingan tidak ke sini. Saya ke sini pas liburan lebaran makanan di ruko-ruko sekitar sini juga rada mahal dan rasanya standar.","Sebal antre, sebal cari tempat duduk, sebal duduk. Buat yang tidak punya waktu lama dan sudah lapar, mending tidak ke sini. Saya ke sini pas liburan tahun baru makanan di ruko-ruko sini juga agak mahal dan rasanya standar.",0.9527907967567444
"Warung mangan nduwe suasana sing nyaman karo gaya kampung lawas. Luwih sekeco diparani wektu sore sampek dina wengi ning kahanan sing luwih romantis karo cahyaning remeng-remeng saka obor lan geni unggun. Panganan sing disajikne rena-rena, mulai panganan indonesia sampek panganan eropa serba ana. Cocok sanget kanggo ngentekne wektu karo kanca lak keluarga.",Resto ini memiliki suasana yang nyaman dengan gaya kampung tradisional. Lebih cocok dikunjungi saat sore hingga malam hari di suasana lebih romantis dengan cahaya temaram dari obor dan api unggun. Makanan yang disajikan bervariasi mulai makanan indonesia sampai european makanan serba ada. Sangat cocok untuk menhabiskan waktu bersama teman atau keluarga.,"Warung makan ini punya suasana yang nyaman dengan gaya kampung tempo dulu. Lebih asyik kalau dikunjungi sore hingga malam hari dalam suasana yang lebih romantis dengan pencahayaan remang-remang dari otentik dan api unggun. Makanan yang disajikan beragam, mulai makanan indonesia hingga makanan eropa tersedia. Sangat cocok untuk menghabiskan waktu bersama teman maupun keluarga.",0.9430052042007446
"Menu masakan sing disajekne lumayan rena-rena karo rasa sing lumayan enak, kabehe pelayan lan wektu pelayanane ya cukup apik dadi awakdewe wareg mangan awan ning kana, mung nata panggene restoran sing mestere rena-rena munggah - mudun dadi kudu luwih ngati-ati dinggo wong tua lan bocah cilik, muga-muga isa luwih ditingkatne pelayanane lan rena-rena menune. Sukses terus kanggo boemi mitoha.","Menu masakan yang disajikan lumayan bervariasi dengan rasa yang lumayan enak, jumlah pelayan dan waktu pelayanannya pun cukup baik sehingga kami puas makan siang di sana, hanya tata letak restoran yang lantainya bervariasi naik - turun sehingga harus ekstra hati-hati untuk orang tua dan anak kecil, semoga bisa semakin ditingkatkan pelayanan dan variasi menunya. Sukses selalu untuk boemi mitoha.","Menu masakan yang disajikan cukup bervariasi dengan rasa yang lumayan enak, keseluruhan pelayanan dan waktu penyajiannya juga cukup baik sehingga kami kenyang santap siang di sana, hanya saja denivelasi ruangan restoran yang seharusnya perlu lebih diperhatikan sehingga perlu lebih hati-hati untuk orang tua dan anak kecil, semoga dapat ditingkatkan lagi pelayanan dan variasi menunya. Sukses selalu untuk boemi mitoha.",0.9567865133285522
"Tagihan mencolot loro kali lipat amarga promo entek tanpo kabar, ora bener iki.","Tagihan melonjak dua kali lipat gara-gara promo habis tanpa pemberitahuan, tidak benar ini.","Tagihan menjulang dua kali lipat gara-gara promo habis tanpa pemberitahuan, tidak benar ini.",0.9773178696632385
Njaluk informasine babagan daftar rega klambi kang didhol.,Minta informasi tentang daftar harga baju yang sedang dijual,Minta informasinya mengenai daftar harga baju yang dijual.,0.9533647298812866
Aku tansaya sengit karo jne amarga pangirimane mesthi telat,Saya semakin membenci jne karena pengirimannya selalu telat,Aku semakin marah padamu karena kirimanmu selalu terlambat,0.8919423222541809
"Ora koyo warung mangan lan kafe biasane, konsep panggonane digawe unik. Akeh lampu-lampu, gambaran, semiantik. Panganan lan ombenane lumayan pas enak, sing garai kaget pas ndelok daftar menune. Ragene wuooow pas banget ning sak. Lan sing mesti rega mirah ora nggarai rasane maleh seje, pancet enak lan berkualitas.","Tidak seperti kebanyakan restoran dan kafe lain, konsep tempatnya dibuat unik. Banyak lampu-lampu, lukisan, semi antik. Makanan dan minuman lumayan cukup enak, yang buat kaget pas melihat daftar menunya. Harganya wuooow pas banget di kantong. Dan yang pasti harga murah tidak buat rasa jadi beda, tetap enak dan berkualitas.","Tidak seperti warung makan dan kafe pada umumnya, konsep tempatnya dibuat unik. Banyak lampu-lampu, gambar, semi antik. Makanan dan minumannya lumayan pas enak, yang bikin kaget pas melihat daftar menunya. Harganya wuooow pas banget deh. Dan yang pasti harga murah tidak membuat rasanya berbeda, tetap enak dan berkualitas.",0.971498429775238
"Ana ing lantai 1 hotel yaiku lantai paling dhuwur, nyajikake pemandangan luar biasa ing arah bukit sing dithukuli wit-witan. Seger, resik, penak, luar biasa!","Terletak di lantai 1 hotel yang merupakan lantai tertinggi, menyajikan pemandangan luar biasa ke arah bukit yang ditumbuhi pepohonan. Segar, bersih, nyaman, luar biasa!","Di lantai 1 hotel sekaligus lantai paling atasnya, menyajikan pemandangan luar biasa mengarah ke bukit yang dipenuhi pepohonan. Sejuk, bersih, nyaman, luar biasa!",0.9577312469482422
Sakdurunge aku lan pasangan mulih marang jakarta. Aku mampir ndhisik ing restoran iki. Pemandangane apik lan panganane uga murah meriah. Rekomendasi tenan,Sebelum saya dan pasangan pulang ke jakarta. Saya mampir dahulu ke restoran ini. Pemandangannya keren dan makanannya pun murah meriah. Rekomendasi sekali,Sebelum saya dan pasangan kembali ke jakarta. Saya mampir dulu di restoran ini. Pemandangannya bagus dan makanannya juga murah meriah. Sangat rekomendasi,0.9771275520324707
Ngerasa bosen loh karo sakabehane. Bosen tenan ngelakokake rutinitas sing ngono-ngono wae.,Merasa jenuh loh sama semuanya. Bosen sekali melakukan rutinitas yang gitu-gitu saja.,Ngantukan banget loh sama semuanya. Bosan banget harus melakukan rutinitas yang itu-itu saja.,0.9310774803161621
Eman kothake sing tekan lumayan penyok,Sayang kotaknya yang sampai agak penyok,Sangat sayang belakang mobil sampai penyok lumayan,0.9153451919555664
Kapisan njajal uwis disuguhi karo lalaine pelayan sing marakake dhewe ngenteni suwi wae 4 lagu marcell. Banjur uwis suwi ya ora sida pesenlah. Ora peduli arep enak kaya ngapa yen pelayanane elek karepe sing jenenge rasa.,Pertama mencoba sudah disuguhi dengan kelalaian pelayan yang bikin kita menunggu lama aja 4 lagu marcell. Terus sudah lama ya tidak jadi pesanlah. Tidak peduli mau enak kayak apa kalau pelayanannya buruk terserahlah yang namanya rasa.,Pertama kali mencoba sudah disuguhi dengan lagu-lagu marcell. Baru setelah lama tidak bisa pesan juga. Tidak peduli enak bagaimana kalau pelayanan tidak enak mau namanya rasa.,0.9018900990486145
"Sego rawone enak banget, regane murah. Cedak universitas parahyangan. Panggonane unik nganggo kayu-kayu.","Nasi rawonnya sangat enak, harga terjangkau. Dekat universitas parahyangan. Tempatnya unik dengan kayu-kayu.","Nasi gorengnya enak banget, harganya terjangkau. Dekat universitas parahyangan. Tempatnya unik pakai kayu-kayu.",0.974305272102356
"Pesen soto karo iga bakar, ditambah suwasana sing adem. Rasane enak lan dilayani kanthi grapyak karo mbak diah, tisna, echa. Uwis ping pindo teka mrene lan mesthi marem karo kualitas panganan lan pelayanan:","Order soto sama iga bakar, ditambah suasana yang dingin. Rasanya enak dan dilayani dengan ramah sama mbak diah, tisna, echa. Sudah dua kali datang ke sini dan selalu puas dengan kualitas makanan dan pelayanan:","Pesan soto dengan iga bakar, ditambah suasana yang adem. Rasanya enak dan dilayani dengan ramah oleh mbak diah, tisna, echa. Ini sudah kedua kalinya saya ke sini dan selalu puas dengan kualitas makanan maupun pelayanan:",0.974675178527832
"Youtube akeh banget manfaate. Isa nonton film, ngrungokake lagu, kala-kala kanggo sinau.","Youtube banyak sekali manfaatnya. Bisa nonton film, dengar lagu, kadang untuk belajar.","Youtube sangat banyak manfaatnya. Bisa menonton film, mendengarkan lagu, sesekali untuk belajar.",0.9781719446182251
"Udan ing dina isuk tenan marakna kesel, macet lan rega ojol dadi tenan ora isa dikendalikake marakna eneg","Hujan di pagi hari sungguh sangat kesal, macet dan harga ojol jadi super tak terkendali bikin eneg","Hujan di pagi hari sangat membuat lelah, macet dan tarif ojol jadi sangat tidak terkendali bikin jenuh",0.9525602459907532
"Panganane lumayan enak-enak ing hawa anyes lan akeh variasine mulai saka restoran burangrang, saung purbasari lan area foodcourte.","Makanannya lumayan enak-enak di udara dingin dan banyak variasinya dari mulai restoran burangrang, saung purbasari dan area foodcourtnya.","Makanannya lumayan enak-enak di udara sejuk dan banyak variasi mulai dari restoran burngrang, saung purbasari dan area foodcourtnya.",0.9825271964073181
Tulung golekake alamat uwong iki. Bakal aku jak duel kaya uwong lanang nganggo samurai. Deknen uwis ngece ibuku sing paling aku tresnani lan hormati.,Tolong carikan alamat orang ini. Akan saya ajak duel secara jantan pakai samurai. Dia telah menghina ibuku yang paling aku cinta dan hormati.,Tolong carikan alamat orang ini. Akan ku ajak duel seperti lelaki menggunakan samurai. Dia sudah menghina ibu saya yang paling saya sayang dan hormati.,0.9665165543556213
"Panggon ngombe kopi cedek kampus UI, vietnamese kopi -ne enak, regane relatif sedeng, cocok dinggo ngontemplasi karo nggarap tesis","Tempat minum kopi dekat kampus UI, vietnamese kopi -nya enak, harganya relatif sedang, cocok untuk berkontemplasi sembari mengerjakan tesis","Tempat ngopi dekat kampus UI, vietnam kopi -nya enak, harganya relatif menengah, cocok untuk kontemplasi sambil mengerjakan tesis",0.9634924530982971
"Panganane enak, lan pemandangane apik tenan,. Mung sing menyang lawangwangine kurang dadi ora kabeh uwong bisa ngerti yen lawangwangi ana nang kono kajaba wong sek lewat.","Makanannya enak, dan viewnya amazing,. Hanya sing menuju lawangwanginya kurang jadi tidak semua orang bisa tahu ada lawangwangi di situ kecuali orang yang lewat.","Makanannya enak, dan pemandangannya bagus sekali. Hanya saja akses menuju ke lapaknya kurang sehingga tidak semua orang bisa tahu bahwa lapak berada di situ kecuali orang yang sedang lewat.",0.9452993273735046
Aku mulai usaha lan ora tau wedi gagal.,Saya memulai usaha dan tidak pernah takut gagal.,Aku mulai berusaha dan tidak pernah takut gagal.,0.9726186394691467
Panggonan mangan kanthi nuansa doraemon. Rega panganane murah lan akeh pilihan. Panggonane ora patia amba nanging nyaman. Nang lantai 2 digawe kaya kamare nobita lkp kanthi meja sinau mesin waktu lan lawang nang ndi wae. Akeh golekan doraemon lan komik-komik sek isa diwaca sawetara ngenteni panganan. Kajaba iku sinambi ngrasakake panganane dhewe isa nonton film doraemon. Anakku seneng mangan. Lanjutan,Tempat makan dengan nuansa doraemon. Harga makanannya murah dan banyak pilihan. Tempatnya tidak terlalu luas tapi nyaman. Di lantai 2 di buat menyerupai kamar nobita lkp dengan meja belajar mesin waktu dan pintu ke mana saja. Banyak boneka doraemon dan komik-komik yang bisa dibaca saat menunggu makanan. Selain itu sambil menikmati hidangan kita bisa menonton film doraemon. Anak saya senang makan. Lanjutan,Tempat makan dengan nuansa doraemon. Harga makanan murah dan banyak pilihan. Tempat tidak terlalu luas tapi nyaman. Di lantai 2 di buat seperti kamar nobita lkp dengan meja belajar mesin waktu dan pintu ke mana saja. Banyak boneka doraemon dan komik-komik yang bisa dibaca sambil menunggu pesanan. Selain itu sambil menikmati makanan juga bisa menonton film doraemon. Anak saya senang makan. Lanjutan,0.9866219758987427
"Aku nyang kafe dipakar bareng keluarga, pemandangane pancene keren banget. Panganane uga eco-eco. Dinggo nyantai nikmati sing disajikne lan pemandangane ning dipakar nyenengna banget. Awakdewe mrana dina minggu, lan rame banget sing dolan. Nanging ora ngenteni suwe, awakdewe langsung entuk meja. Dinggo panganan, bar awakdewe pesen ora kudu ngenteni suwe, panganan wis teka. Dinggo foto-foto uga apik banget.","Saya ke kafe dipakar bersama keluarga, pemandangannya memang keren banget. Makanannya juga enak-enak. Untuk bersantai menikmati sajian dan pemandangan di dipakar sangat menyenangkan. Kami ke sana hari minggu, dan sangat ramai pengunjung. Tapi tidak menunggu lama, kami langsung dapat meja. Untuk makanan, setelah kita order tidak perlu menunggu lama, makanan sudah datang. Untuk foto-foto juga sangat bagus.","Saya ke kafe di puncak bersama keluarga, pemandangannya memang keren banget. Makanannya juga enak-enak. Untuk bersantai menikmati hidangan dan pemandangan di puncak sangat menyenangkan sekali. Kami ke sana hari minggu, dan ramai banget pengunjung. Namun tidak menunggu lama kami langsung dapat meja. Untuk makanan setelah kami pesan tidak perlu menunggu lama makanan sudah datang. Untuk foto-foto juga bagus banget.",0.9787538051605225
"Ora salah maneh iki kafe modern salah siji senengane wong depok kanggo mangan, nglumpuk tenanan panggone nyaman soale.","Tidak salah lagi ini kafe modern salah satu favorit warga depok buat makan, berkumpul seriusan tempatnya nyaman soalnya.","Tidak salah lagi ini kafe modern salah satu favorit warga depok buat makan-makan, memang ngumpul banget tempatnya nyaman sih.",0.958150327205658
Kesel wae karo kelakuan nyinyir terus kelompok sebelah.,Kesal saja dengan kelakuan nyinyir terus kelompok sebelah.,Kesal saja dengan tingkah laku nyinyir terus kelompok sebelah.,0.9782459139823914
"Aku seneng mangan ning kene merga menu iwak pitike enak lan empuk, sambele pas ning ilat lan kahanane restorane uga nyaman. Liyane iku pelayanane uga apik lan regane mirah.","Saya suka makan di sini karena menu ayamnya enak dan empuk, sambal pas di lidah dan suasana restorannya juga nyaman. Selain itu pelayanan juga bagus dengan harga terjangkau.","Saya senang makan di sini karena menu ayam gorengnya enak dan empuk, sambalnya pas di lidah dan suasana restorannya pun nyaman. Selain itu pelayanannya juga bagus dan harganya murah.",0.9834045171737671
Aku ki wis kesel arep nesu-nesu. Ben aku dewe ae wis sing njupuk maneh pakete lan tak kirim lewat ekspedisi liya ae. Gela pol embuh ping pira.,Gue itu sudah capek mau marah-marah. Biar gue sendiri aja deh yang ambil lagi paketnya dan gue kirim via ekspedisi lain saja. Kecewa berat entah keberapa kalinya.,Saya ini sudah lelah mau marah-marah. Biarin saya saja yang ambil lagi paketnya dan kirim melalui ekspedisi lain saja. Kesal benar tidak tahu sampai kapan.,0.936798632144928
"Reunion house iki wis tenan direkomendasikake kanggo mangan awan nang bandung. Panggonane kepenak, asyik kanggo nyantai guyonan karo sapa bae. Menune uga oke tenan.","Reunion house ini direkomendasikan banget buat makan siang di bandung. Tempatnya nyaman, asyik buat santai mengobrol bareng siapa saja. Menunya juga oke banget.","Reunion house ini memang rekomendasi banget buat makan siang di bandung. Tempatnya nyaman, asyik buat santai bercanda sama siapa saja. Menunya juga kece banget.",0.9719530344009399
Dingge meruhi promo-promo sing lagi ana ning tokopedia awakmu isa marani halaman iki.,Untuk mengetahui promo-promo yang sedang berlangsung di tokopedia kamu dapat mengunjungi halaman berikut.,Untuk mengetahui promo-promo yang sedang berlangsung di tokopedia Anda dapat mengunjungi halaman ini.,0.9864785671234131
"Jarene jam iki anti banyu, nanging dienggo renang tok uwis mati","Katanya jam ini water resist, tapi dipakai berenang doang sudah mati","Katanya jam ini anti air, tapi pakai berenang saja sudah mati",0.948974609375
Suasane asri. Akeh sing dodolan panganan. Panggonan sing nggo nongkrong lan kafene cocok kanggo kunjungan. Dhewe ndhuwe wektu belanja ing supermarket. Regane uga ora larang. Suasanane ing njero malle penak. Acne anyeslah. Lan barang-barang merekane mantap tenan lan akeh potongan rega,Suasananya asri. Banyak jualan makanan. Tempat nongkrong dan cafenya cocok untuk berkunjung. Kami sempat belanja disupermarket. Harganya juga tidak mahal. Suasana di dalam mallnya nyaman. Acnya dinginlah. Dan barang-barang brandednya mantap sekali dan banyak diskon,Suasananya asri. Banyak yang jualan makanan. Tempat untuk nongkrong dan kafenya cocok untuk kunjungan. Sempat waktu belanja di supermarket. Harganya juga tidak mahal. Suasananya di dalam mall nyaman. Ac dinginlah. Dan produk-produknya mantap betul dan banyak potongan harga,0.968971848487854
Pemikirane sempit nanging ngrumangsa paling bener mangkel banget aku,Pemikiran sempit tapi sok benar kesal banget aku,"Pemikirannya sempit tapi merasa paling benar, kesal banget sih",0.930018424987793
Sek foto karo uwong kuwi udu adike bang doni. Jijik ah foto karo uwong kuwi.,Yang foto sama orang itu bukan adik bang doni. Jijik ah foto sama orang itu.,Mana foto sama orang itu bukan adiknya bang doni. Menjijikan deh foto sama orang itu.,0.952299177646637
"Sakwijining musibah lagi wae kena kampung adat ning bajawa, flores. Kebakaran gedhe sing kadadean ing senin 13 / 8 sore ameh ngobongake kabeh kampung. Total 27 saka 33 omah adat sing ana entek dipangan geni bareng kabeh crita lan sejarahe.","Sebuah musibah baru saja menimpa kampung adat di bajawa, flores. Kebakaran hebat yang terjadi pada senin 13 / 8 sore hampir menghanguskan seluruh kampung. Total 27 dari 33 rumah adat yang ada habis dilalap api bersama semua cerita dan sejarahnya.","Sebuah musibah baru saja menimpa kampung adat di bajawa, flores. Kebakaran besar yang terjadi pada senin 13 / 8 sore hampir membakar habis kampung tersebut. Total 27 dari 33 rumah adat yang ada habis termakan api beserta segala cerita dan sejarahnya.",0.9788405299186707
Marang rene wektu acara kantor. Ana musik langsung. Menu aneka werna. Cocok yen lunga rame-rame nanging selerane beda-beda. Ramene enak.,Ke sini waktu acara kantor. Ada live musik. Menu beragam. Cocok kalau pergi ramai-ramai tapi seleranya beda-beda. Ramennya enak.,Ke sini waktu acara kantor. Ada musik live. Menu macam-macam. Cocok kalau pergi ramai-ramai tapi selera beda-beda. Ramai enak.,0.9688172340393066
"Aku karo keluarga mangan mbengi nang panggonan iki amarga kajaba iku menu utamane batagor uga ana menu liyane. Aku mung mesen 2 menu sek akhire teka sakwise 45 menit, kuwi sakwise  kaping pirang-pirang aku takon. Seko rasane sawetara seko menu sek sakwise aku jajal lumayan enak. Sarane sakdhurunge pesen luwih apik takon ndhisik regane piro suwi orane nggawe menu kang dipesen.","Saya bersama keluarga makan malam di tempat ini karena selain menu utama batagor terdapat menu lain. Saya hanya memesan 2 menu yang akhirnya datang setelah 45 menit, itu pun setelah beberapa kali saya tanyakan. Dari segi rasa beberapa menu yang sebelumnya pernah saya coba lumayan enak. Saran sebelum memesan lebih baik tanyakan berapa lama pembuatan menu yang dipesan","Saya dan keluarga makan malam di tempat ini karena selain menu utamanya batagor ada menu lain juga. Saya hanya memesan 2 menu yang akhirnya datang setelah 45 menit, itu pun setelah beberapa kali saya menanyakannya. Dari segi rasa beberapa dari menu yang saya coba lumayan enak. Saran sebelum pesan sebaiknya tanya dulu harganya berapa lama tidak dengan menu yang akan dipesan.",0.9687401056289673
Paket wis ditampa. Rodok gela merga pesen werna ireng dikirim werna kuning.,Paket sudah diterima. Sedikit kecewa karena order warna hitam dikirim warna kuning.,Paket sudah diterima. Agak kecewa karena pesan warna hitam dikirim warna kuning.,0.9726583957672119
"Aku saka bali, dilalah pas dolan menyang kutho bandung, pas ning sanding kantor gubernur jawa barat alias cedeke gedung sate, awakdewe disarane mangan ning bancakan merga cedek. Bar mlebu awakdewe dikeki piring saka komplong sing wis ora apik eneh, kayake karaten. Akhire awakdewe milih panganan sing awakdewe sir, lan atusan laler miber teka ngendi-ngendi merga wis kadung awakdewe ya pancet mangan. Nggilani pol.","Saya dari bali, kebetulan sedang liburan ke kota bandung, ketika sedang di dekat kantor gubernur jawa barat alias dekat gedung sate, kami di-suggest makan di bancakan karena dekat. Setelah masuk kami pun diberi piring dari kaleng yang sudah tidak bagus lagi, sepertinya berkarat. Akhirnya kami memilih makanan yang kami suka, dan ratusan lalat beterbangan ke mana mana karena sudah terlanjur kami pun tetap makan. Sangat jijik","Saya dari bali, apesnya saat jalan-jalan ke kota bandung, pas di sebelah kantor gubernur jawa barat alias dekat gedung sate, kami disarankan makan di banggan karena dekat. Setelah masuk kami dikasih piring dari komplong yang sudah jelek lagi, sepertinya karatan. Akhirnya kami mengambil makanan yang kami inginkan, dan ratusan lalat beterbangan dari mana-mana karena sudah kelaparan ya nekad makan. Menjijikkan banget.",0.9366626739501953
Ndelok sinetron ae anyak waleh opomeneh nonton isu apus-apus sing diramalke.,Nonton sinetron saja mulai bosan apalagi menonton isu bohong yang diramalkan.,Nonton sinetron saja banyak drama apalagi menonton berita saling hujat yang diramalkan.,0.9559858441352844
Aku tuku werna-werna roti. Piliane akeh nanging rasane biasa wae. Rotine garing kaya uwis pirang-pirang dina. Ora seger. Pelayanane uga suwi. Nguciwakake.,Saya beli berbagai macam roti. Pilihannya banyak tapi rasanya biasa saja. Rotinya kering seperti sudah berhari-hari. Tidak segar. Pelayanannya juga lama. Mengecewakan.,Saya beli macam-macam roti. Pilihan banyak tapi rasanya standar saja. Rotinya kering seperti sudah beberapa hari. Tidak fresh. Pelayanan juga lama. Mengecewakan.,0.9742381572723389
Aja lali ngombe banyu mineral 8 -- 10 gelas saben dinane.,Jangan lupa minum air mineral 8 -- 10 gelas per harinya.,Jangan lupa minum air mineral 8 -- 10 gelas setiap hari.,0.9816392660140991
"Panggonane sing apik ing cedak ndhuwur bukit, bisa ndhelok pemandangan kutha saka ndhuwur.","Tempatnya yang indah di dekat atas bukit, bisa lihat pemandangan kota dari atas.","Letaknya yang bagus di dekat puncak bukit, bisa melihat pemandangan kota dari atas.",0.9752594828605652
"Numpak grab, mase crita sing wingi kena balangan watu ing dalan.Juanda pas badha jebule anake kancane","Naik grab, abangnya cerita yang kemarin kena lemparan batu di jalan.Juanda saat lebaran ternyata anak temannya","Naik grab, mas cerita yang kmrn kena buang batu di jalan. Juanda pas mau keluar anak temannya",0.9216455221176147
Sakkelompok mahasiswa sing bodo. Syukur aku udu mahasiswa daerah kono. Isin woy.,Sekelompok mahasiswa yang bodoh. Syukur deh gue bukan mahasiswa daerah situ. Malu woy.,Se-kelompok mahasiswa yang tidak cerdas. Bersyukur gua bukan mahasiswa daerah sana. Malu deh.,0.9581887125968933
"Restone apik lan gede. Wektu marang rene pas mangan siang lan dina minggu rame tenan pengunjung. Panganane enak enak, gurame goreng lan sambele mantep.","Restonya bagus dan besar. Waktu ke sini saat makan siang dan hari minggu ramai sekali pengunjung. Makanannya enak enak, gurame goreng dan sambalnya mantap.","Restoran bagus dan luas. Waktu ke sini pas makan siang dan hari minggu ramai sekali pengunjung. Makanannya enak enak, gurame goreng dan sambalnya mantap.",0.9853777885437012
"Aku klebu salah siji wong sing cukup setia karo kampung daun kat awal bukak tahun 2003 lak ora salah, kualitas panganan awite eco, ket tambah rame lan tambah mrene, panganan sing dirumantekne ora koyo biasane lan arang kading sing ngelayani kesane cuek banget, awakdewe pesen rena-rena macem panganan nanging sing teko kondisine wis anyep lan ora sekeca blas, mung panggone sing apik.","Saya termasuk salah satu orang yang cukup setia dengan kampung daun dari awal buka di tahun 2003 kalau tidak salah, kualitas makanan awalnya oke, tapi semenjak makin ramai dan makin ke sini, makanan yang disajikan tidak seperti biasanya dan terkadang pelayan terkesan cuek sekali, kita mesan beberapa jenis makanan tapi yang datang sudah dengan kondisi dingin dan tidak menarik, tempat menarik.","Saya termasuk salah satu orang yang cukup setia dengan masakan kampung daun dari awal buka tahun 2003 kalau tidak salah, kualitas makanan menurun drastis, tapi makin ramai dan makin kesini, makanan yang dimasak tidak seperti biasanya dan jarang matang, pelayanan terkesan cuek sekali, kami pesan macam-macam makanan tapi yang datang kondisinya sudah dingin dan tidak enak sama sekali, hanya tempat saja yang bagus.",0.9470133185386658
Blanja ing Giant diskon 20% kanggo kartu kredit bca.,Belanja di Giant diskon 20% dengan kartu kredit bca.,Belanja di giant diskon 20% untuk kartu kredit bca,0.9394192099571228
"Mas, dalan ning muara bulian anyar, lagek sesasian dibenakne, uwis rusak maneh. Sing nggarap kaya ora tenanan","Kang, jalan di muara bulian baru, baru sebulanan dibenarkan, sudah rusak lagi. Yang mengerjakan seperti tidak serius","Mas, jalan di muara bulian baru, selesai kemarin di perbaiki, sudah rusak lagi. Yang mengerjakan sepertinya tidak benar-benar",0.9391864538192749
"Pancen ora enak kejebak macet, nanging luwih ora enak meneh yen kejebak masa lalu","Memang enggak enak terjebak macet, tapi lebih tidak enak lagi kalau terjebak masa lalu","Memang tidak enak terjebak macet, tapi lebih tidak enak lagi jika terjebak masa lalu",0.9931796789169312
"Sumpah, nyesel tenan nggawe orderan via aplikasi iki. Bisa-bisane tiket ekektronike ora ditokake. Lan proses konfirmasine suwi. Sakdurunge uwis ngalami babagan sing meh pada ing aplikasi sebelah, nanging layanane cepet tenan langsung wenehi solusi. Ora kudu nganti telepon layanan pelanggan ping 4.","Sumpah, menyesal sekali bikin orderan via aplikasi ini. Bisa-bisanya e - ticket tidak issued. Dan proses konfirmnya lama. Sebelumnya pernah mengalami hal yang hampir sama di aplikasi sebelah, tetapi pelayanannya cepat sekali langsung kasih solusi. Tidak harus sampai telpon layanan pelanggan 4 kali.","Sumpah, menyesal banget bikin pesanan via aplikasi ini. Bisa-bisanya tiket elektronik tidak diterbitkan. Dan proses konfirmasi lama. Sebelumnya sudah pernah mengalami hal yang hampir sama di aplikasi sebelah, tapi pelayanan cepat banget langsung beri solusi. Tidak sampai harus telepon layanan pelanggan 4 kali.",0.9647132158279419
"Uwis aku kirim pesen langsunge, tulung ndang dicek","Sudah saya kirim pesan langsungnya, tolong segera dicek","Sudah aku kirim pesan langsung, tolong segera cek",0.9532637596130371
"Aku nglakoni 5 transaksi ning tanggal 22 juni, kabeh ditolak nyatane kesuda saka rekening sampek 7 yuta, saka 5 transaksi lagek 3 transaksi sing dibalekne.","Saya melakukan 5 transaksi pada tanggal 22 juni, smuanya decline nyatanya terdebit dari rekening hampir 7 juta, dari 5 transaksi baru 3 transaksi yang dikembalikan.","Saya melakukan 5 transaksi pada tanggal 22 juni, semuanya ditolak faktanya terpotong dari rekening hingga 7 juta, dari 5 transaksi baru 3 yang kembali.",0.9487564563751221
Mayoritas sing nganggo hak pilih ing pemilihan gubernur uwis nentukake pilian.,Mayoritas pengguna hak pilih di pemilihan gubernur telah menentukan pilihan.,Mayoritas yang akan menggunakan hak pilih di pilgub sudah menentukan pilihan.,0.9604790806770325
Wis ngenteni jne tibake dee tekane sesuk. Aku pengen nesu,Sudah menunggu jne ternyata dia datangnya besok. Ingin aku marah,Sudah menunggu dari tadi ternyata dia akan datang besok. Aku mau marah,0.9379972219467163
"Spotify rumit, kudu nganggo administrasi wulanan mbarang","Spotify ribet, pakai ada administrasi bulanan segala","Spotify ribet, mesti pakai administrasi bulanan segala",0.9782446622848511
"Pengen mangan oreo wae ribet tenan, mesti diputer - dijilat - dicelupake","Mau makan oreo aja ribet banget sih, mesti diputer - dijilat - dicelupkan","Mau makan oreo saja ribet banget, mesti diputar - jilati - dicelupkan",0.9593139290809631
"Ngapuro, udu mung nomerku sing kaya ngono, aku takon kabeh sing nganggo ing daerah kono, ngomongake babagan sing pada, isih uga ora gelem ngaku uga yen tenan sinyale sing elek","Maaf, bukan nomer saya saja yang begitu, saya tanya semua yang pakai di daerah situ, mengatakan hal yang sama, masih tidak mau ngaku juga kalau memang sinyalnya yang jelek","Maaf, bukan cuma nomor saya yang begitu, saya tanya semua yang pakai di daerah sana, ngomongnya sama, masih juga tidak mau akui juga kalau memang sinyalnya yang jelek",0.9663523435592651
"Kisaran siare tulung diambakake, amarga akeh daerah sing hurung isa nikmati siaran net. Matur suwun.","Jangkauan siarnya tolong diperluas, karena banyak daerah yang belum bisa menikmati siaran net. Terima kasih.","Jangkauan siaran tolong diperluas, karena masih banyak daerah yang belum bisa menikmati siaran net. Terima kasih.",0.9853910207748413
"Kok isa ditokne bangunan ing dhuwur kali, ing dalan saka rumah sakit menyang pasar Ciroyom, aneh.","Kok bisa dibiarkan bangunan di atas sungai, di jalan dari rumah sakit menuju pasar Ciroyom, aneh.","Kok bisa dikeluarkan bangunan di atas sungai, di jalan dari rumah sakit ke pasar ciiroyom, aneh.",0.9724532961845398
"Krungu lambe saka lambe soal restoran iki, saking penasaran, aku jajal marani. Nanging sayange, lak menurutku biasa ae, ora kaya sing diceritakne wong-wong. Rasane ya biasa-biasa ae, ora sumbut karo regane. Kaya masakan sing tas sinau.","Dengar dari mulut ke mulut tentang restoran ini, saking penasaran, saya coba untuk berkunjung. Tapi sayang, kalau menurut saya, tidak seperti apa yang banyak diceritakan orang. Rasanya biasa-biasanya saja, tidak sesuai saja dengan harganya. Seperti masakan yang baru belajar.","Dengar cerita dari cerita soal restoran ini, karena penasaran, saya coba berkunjung. Namun sayang, kalau menurut saya biasa saja, tidak seperti yang diceritakan orang-orang. Rasanya ya biasa-biasa saja, tidak sesuai dengan harganya. Seperti masakan yang baru belajar.",0.9696019887924194
Iphone iki. Kamerane peteng wassalam elek banget ora isa diandalake banget yen males nggawa kamera.,Iphone ini. Kamera gelapnya wassalam jelek banget tidak bisa diandalkan banget kalau malas bawa kamera.,Iphone ini. Kameranya gelap gulita jelek banget tidak bisa diandalkan banget malas bawa kamera.,0.966468095779419
"Yen ora nduwe dhuwit kanggo tuku komik nanging uga pengen jagongan, teka bae marang rene. Koleksi komike komplit. Panganan ombenae sabenere mung fasilitas tambahan, nanging cukup lumayan. Regane uga murah khas mahasiswa.","Kalau tidak punya uang buat beli komik tapi juga ingin nongkrong, datang saja ke sini. Koleksi komiknya lengkap. Makanan minumannya sebenrnya hanya fasilitas tambahan, tapi cukup lumayan. Harganya juga murah khas mahasiswa.","Kalau tidak punya uang buat beli komik tapi ingin ngobrol juga, datang saja ke sini. Koleksi komiknya komplit. Makanan minumannya memang hanya fasilitas tambahan, tapi cukup lumayan. Harganya juga murah khas mahasiswa.",0.9684193134307861
"Aduh pak kok seolah-olah manas-manasi kubu sisih seh? Ojo to pak, iku mengko deweke kabeh tambah cemburu, iren, pegel, nyinyir, mutung kayak bocah cilik, nesu-nesu ora jelas jluntrunge lan tambah bosok ae utek lan atine.","Aduh pak kok seolah-olah memanas - manasi kubu sebelah sih? Jangan dong pak, itu nanti mereka tambah cemburu, iri, dengki, nyinyir, ngambek kayak anak kecil, marah-marah tidak jelas juntrungannya dan makin busuk saja otak dan hatinya.","Aduh pak kok seolah-olah memanas-manasi kubu sebelah? Jangan dong pak, itu nanti mereka semua makin cemburu, iri, dengki, nyinyir, ngambek kayak anak kecil, marah-marah tidak jelas ujungnya dan makin busuk saja otak dan hati.",0.9766524434089661
"Rekomendasi bangetlah. Cappucinone ketagihan, rega miring, lan valet parkir mbayar sakikhlase. Teka pas arep maghrib mesti luwih seru suwasanane.","Rekomendasi bangetlah. Cappuccinonya ketagihan, harga miring, dan valet parkir bayar seikhlasnya. Datang pas menjelang maghrib pasti lebih seru suasananya.","Rekomendasi banget deh. Cappuccinonya bikin ketagihan, harga terjangkau, dan valet parkir bayar alakath. Datang pas mau maghrib lebih seru sih suasana.",0.9502167701721191
Oke bos masiyo hape ujug-ujug ngehank dewe sedina,"Oke bos, walau handphone tiba-tiba ngehank sendiri selama sehari",Oke bos meski hape tiba-tiba diam saja seharian,0.9073293209075928
Panggonan mangan kanthi suasana alam iki paling pas kanggo acara karo pasangan utawa karo kaluwarga. Panganane enak lan regane uga cukup kajangkau,Tempat makan dengan suasana alam ini paling tepat untuk acara dengan pasangan atau dengan keluarga. Makanannya enak dan harga juga cukup terjangkau,Tempat makan dengan suasana alam ini sangat cocok untuk acara bersama pasangan atau dengan keluarga. Makanannya enak dan harganya juga cukup terjangkau,0.9884825348854065
Yakin kuwi ikhlas? Tulus? Kuwi udu pencintraan tok ya?,Yakin itu ikhlas? Tulus? Bukannya itu hanya pencitraan saja ya?,Yakin itu ikhlas? Tulus? Itu bukan pencitraan saja ya?,0.9716974496841431
"Aku melu lomba blog cinta rupiah bank indonesia - net media lan uwis nyubmit artikel nang 22 desember 2017 kepungkur, nanging sampek saiki status artikelku isih unpublished. Nyuwun tulung dijelasne.","Saya mengikuuti lomba blog cinta rupiah bank indoneisa - net media dan sudah men - submit artikle pada 22 desember 2017 lalu, tapi sampai sekarang status artikel saya masih unpublished. Mohon penjelasannya.","Saya ikut lomba blog cinta rupiah bank indonesia - net media dan telah submit artikel pada 22 desember 2017 lalu, namun sampai sekarang status artikel saya masih unpublished. Mohon penjelasannya.",0.9579195976257324
"Kafe iki nyediakne panganan tradisional bergaya kafe cah nom. Liyane panggon sing nyaman, rega kelebu mirah lan kejangkau","Kafe ini menyediakan makanan tradisional bergaya kafe anak muda. Selain tempat yang nyaman, harga terbilang murah dan terjangkau","Kafe ini menyajikan makanan tradisional bergaya kafe anak muda. Selain tempat yang nyaman, harga termasuk murah dan terjangkau",0.9877834320068359
"Stasiun tv owol, ora konsisten, nguciwokake panyengkuyunge persib - persiba, ora ndhuwe welas asih marang manungsa! Owol, lan cupu!","Stasiun tv payah, tidak konsisten, mengecewakan pendukung persib - persiba, tidak berprikemanusiaan! Payah, dan cupu!","Stasiun tv payah, tidak konsisten, mengecewakan penghujat persib - persiba, tidak punya belas kasihan terhadap sesama! Payah, dan cupu!",0.9568583965301514
"Panggone nyaman lan kesane adem. Satene uga enak lan ana menu liyane maneh ning panggon iki, ora mung sate","Tempatnya nyaman dan berkesan adem. Satenya juga enak dan ada menu lainnya lagi di tempat ini, tidak hanya sate","Tempatnya nyaman dan terkesan adem. Satenya juga enak dan ada menu lainnya di tempat ini, tidak hanya sate",0.991090714931488
"Pemandangane apik kanggo foto-foto, hawane sejuk, panganane rasane enak. Rega uga kajangkau. Mantep.","Pemandangannya bagus untuk foto-foto, udaranya sejuk, makanannya rasanya enak. Harga juga terjangkau. Mantap.","Pemandangan bagus buat foto foto, udara sejuk, makanan rasanya enak. Harga juga terjangkau. Mantap.",0.9718390107154846
Adikku seneng banget brownis primarasa,Adikku sangat suka brownis primarasa,Adik saya suka sekali brownies primarasa,0.9289194345474243
Akeh klambi lan celono sing didol ning matahari mal,Banyak baju dan celana yang dijual di matahari mal,Banyak baju dan celana yang dijual di matahari mal,0.9999999403953552
"Minimal internetku pedhot dumadakan, 1 omah nganggo simpati kabeh semono uga ora isa nyambung internet","Minimal internet saya putus tiba-tiba, 1 rumah pakai simpati semua begitu juga tidak bisa connect internet","Minimal internet saya terputus tiba-tiba, 1 rumah pakai simpati semua begitu pula tidak bisa koneksi internet",0.9783074259757996
Kaskus pancen kerep menehi informasi sing menarik lan paling anyar,Kaskus memang sering memberikan informasi yang menarik dan terbaru,Kaskus memang sering memberikan informasi yang menarik dan terbaru,0.9999998807907104
"Aku paling ora seneng kuwi, yen nyepaki pemilu, suasane tansah panas.","Saya paling tidak suka itu, kalau mendekati pemilu, suasananya selalu memanas.","Saya paling tidak suka itu, kalau menjelang pemilu, suasananya selalu panas.",0.9883013367652893
"Lumayan nyesel karo kaputusan mlebu jurusan film, pengen mlebu seni rupa sakasline. Nanging ragu karo bakar sing didhuweni.","Agak menyesal dengan keputusan masuk jurusan film, ingin masuk seni rupa sebenarnya. Tapi ragu dengan bakat yang dimiliki.","Agak menyesal dengan keputusan masuk jurusan film, ingin masuk seni rupa sebenarnya. Namun ragu dengan cita-cita yang dimiliki.",0.9869651794433594
"Rasa bumbu sega gorenge ora seenak mbiyen maneh, cemplang lan luwih asin. Kudu ana sing ngontrol kualitas rasa ben kualitas tetep siyaga.","Rasa bumbu nasi gorengnya tidak seenak dulu lagi, terkesan hambar dan lebih asin. Perlu ada pengontrol kualitas rasa agar kualitas tetap terjaga.","Rasa bumbu nasi gorengnya tidak seenak dulu lagi, cenderung malah lebih asin. Perlu ada yang kontrol kualitas rasa agar kualitas tetap terjaga.",0.9680527448654175
"Sesuai rekomendasi, aku njajal mie goreng spesial lan rasane menurutku biasa banget ae lan kurang cocok ning ilat","Sesuai rekomendasi, saya mencoba mie goreng special dan rasanya menurut saya sangat biasa saja dan kurang cocok di lidah","Sesuai rekomendasi, saya pun mencoba mie goreng spesial dan rasanya menurut saya biasa saja dan kurang cocok di lidah",0.9864624738693237
"Baksone enak kanggo dipangan, panggonane resik penyajiane panganan bakso sek caraku beda. Enak banget deh","Baksonya enak buat di makan, tempat bersih penyajian makanan bakso yang menurut saya beda. Enak banget deh","Baksonya enak untuk dimakan, tempatnya bersih penyajian makanan bakso menurut saya berbeda. Enak banget deh",0.9783580899238586
Pelakune aja diserahake karo pak polisi. Kubur urip-urip bae.,Pelakunya jangan diserahkan sama pak polisi. Kubur hidup-hidup saja.,Pelakunya jangan diserahkan sama polisi. Makam hidup-hidup saja.,0.9769805669784546
"Nggelakne banget, aku pesen tiket lan uwis tak bayar, padahal wektu iku urung kadaluwarsa pas aku transfer, nanging nganti saiki urung dikeki kode bookinge, malah dikeki notifikasi uwis kadaluwarsa, banjur duwite mlayune neng ngendi, pas aku hubungi liwat email gur ditanggepi pisan wae.","Sangat mengecewakan, saya pesan tiket dan sudah saya bayar, padahal waktu itu belum kadaluarsa pas saya transfer, tapi sampai sekarang belum dikasih kode bookingnya, malah dikasih notifikasi sudah kadaluarsa, lalu uangnya larinya ke mana, pas saya hubungi lewat email hanya ditanggapi sekali saja.","Sangat mengecewakan, saya pesan tiket dan sudah saya bayar, padahal waktu itu belum kadaluarsa ketika saya transfer, tapi sampai saat ini belum dikasih kode bookingnya, malah dikasih notifikasi sudah kadaluarsa, terus uangnya lari ke mana, ketika saya hubungi via email hanya dibalas sekali saja.",0.9865697026252747
"Lho nemene jne! Aku nelpon ora diangkat, tweet ora dibales, email ora dibales, pesen ora dibales!","Loh parahnya jne! Saya nelepon tidak diangkat, tweet tidak dibalas, email tidak dibalas, pesan tidak dibalas!","Ini dia! Aku telepon tidak diangkat, tweet tidak dibalas, email tidak dibalas, pesan tidak dibalas!",0.9503273367881775
"Gela rasane karo pelayanan sing diwenehi hotel bintang papat iki. Pas aku nginep ning hotel iku, aku entuk perlakuan kurang ngenakne saka pelayan sing ana. Ditambah maneh karo jeding e sing ora ana tisune. Padahal regane lumayan larang. Nanging ora sesuai karo pelayanan sing diwenehne.","Kecewa rasanya dengan pelayanan yang diberikan hotel bintang empat ini. Saat saya menginap di hotel itu, saya mendapat perlakuan kurang mengenakkan dari pelayan yang ada. Ditambah lagi dengan kamar mandi yang tidak ada tisunya. Padahal harganya lumayan mahal. Tapi tidak sesuai dengan pelayanan yang diberikan.","Sangat kecewa dengan pelayanan yang diberikan hotel bintang empat ini. Saat saya menginap di hotel tersebut, saya mendapatkan perlakuan tidak mengenakan dari pelayan yang ada. Ditambah lagi dengan kamar mandi yang tidak ada tisu. Padahal harganya lumayan mahal. Namun tidak sesuai dengan pelayanan yang diberikan.",0.9760345816612244
"Saka mambengi kok ora iso dienggo, layanan indosat kok kaya ngene. Ndaftar extra 2 gb 10 ewu ora isa-isa, eman-eman pulsaku malah entek ora isa dienggo apa-apa.","Dari semalam kok tidak bisa dipakai, layanan indosat kok kayak gini. Daftar extra 2 gb 10 ribu tidak bisa-bisa, sia-sia pulsa saya malah habis tidak dipakai apa-apa.","Dari semalam kok tidak bisa dipakai, layanan indosat kok seperti ini. Daftar extra 2 gb 10 ribu tidak bisa bisa, buang-buang pulsa saya malah habis tidak bisa pakai apa-apa.",0.9727358222007751
"Panggonane lumayan asik, parkiran kasusun rapi. Gabungan sing aneh nanging enak, steak dikancani mi tak tak pedes banget. Hm.","Tempatnya lumayan asik, parkiran di susun rapi. Perpaduan yang aneh tapi enak, steak ditemani mi tak tak super pedas. Hm.","Tempatnya lumayan asyik, parkir tertata rapi. Perpaduan yang aneh tapi enak, steak ditemani mi yang tidak pedas banget. Hm.",0.9634582996368408
"Koyoke isuk iki macet banget yo, wis tur ning bis luwih saka sejam, nanging ora sampek-sapek yok an.","Kayaknya pagi ini macet banget ya, sudah tur di bus lebih dari sejam, tetapi tidak sampai-sampai juga.","Kayaknya pagi ini macet banget ya, sudah jalan naik bis lebih dari sejam, tapi belum sampai-sampai juga nih.",0.9707592129707336
"Aku pegel kat februari ditelpon mben dina ditelpon saka mnc tv. Aku ora tau langganan, aku ping bolak-balik nglarifikasi.","Saya kesal sejak februari ditelpon tiap hari di telpon dari mnc tv. Saya tidak pernah langganan, saya puluhan kali klarifikasi.","Saya kesal karena februari telepon sembarangan telepon dari mnc tv. Saya tidak pernah berlangganan, saya bolak-balik klarifikasi.",0.9351897239685059
Kemeruh banget to kowe mat. Ora usah sok-sokan ngekeki ceramah barang. Ceramahmu iku sesat.,Sok tahu banget sih lu mat. Tidak usah sok-sokan beri ceramah segala. Ceramah kamu sesat.,Sok banget ya loe mat. Jangan sok-sokkan ngasih ceramah deh. Ceramah loe itu sesat.,0.9215638637542725
Bakso nganggo ceker utawa sikil pithik yaiku sensasi sing enak tenan. Enak banget pokoke kajaba bakso isih akeh menu liyane. Pokoke dianjurake tenan,Bakso dengan ceker atau kaki ayam merupakan sensasi yang menakjubkan. Enak banget deh pokoknya selain bakso masih banyak menu yang lain. Pokoknya direkomendasikan banget deh,Bakso dengan ceker atau kaki ayam merupakan sensasi yang sangat enak. Enak banget deh pokoknya selain bakso masih banyak menu lainnya. Pokoknya sangat direkomendasikan,0.9842773675918579
"Xiaomi, samsung, gumantung si kowe pengin tipe apa lan jumbuh biaya sing kowe duwe, takok-takok wae menyang panggonan sing dodol hpne","Xiaomi, samsung, tergantung sih kamu mau tipe apa dan sesuai biaya yang kamu punya, tanya-tanya aja ke tempat yang jual hpnya","Xiaomi, samsung, tergantung kamu mau tipe apa dan sesuai budget yang kamu punya, tanya-tanya saja ke tempat yang jual hapenya",0.9837678074836731
"Panggon parkir kesempiten, sampek mobil kudu dititipne nyang lahan parkir sing ana ning sebrang hotel.","Tempat parkir terlalu sempit, sampai mobil harus dititipkan ke lahan parkir yang ada di sebrang hotel.","Tempat parkir sempit, sampai mobil harus dititipkan ke lahan parkir yang ada di seberang hotel.",0.9817982912063599
"Merga skate park iki diubengi panggon klumpukan sing asyik, aku rasane ora bakal isa krasa waleh.","Karena skate park ini dikelilingi tempat berkumpul yang asik, saya merasa tidak akan pernah merasa bosan.","Karena skate park ini dikelilingi tempat nongkrong yang asyik, saya rasa tidak akan terasa bosan.",0.9628360867500305
Aku uwis lapor marang email mandiricare.co.id,Saya sudah lapor ke email mandiricare.co.id,Saya sudah melaporkan ke email mandiricare.co.id,0.9674505591392517
Aku uwis ndhuwe kode akses lan pin.,Saya sudah punya kode akses dan pin.,Saya sudah punya kode akses dan pin.,0.9999998807907104
"Asli tenan indihome nemen tenan saiki, apa gunane mbayar larang larang edan emosi tenan","Asli dah indihome parah banget dah sekarang, apa gunanya bayar mahal mahal gila emosi nih benar-benar","Asli ya indihome parah banget sekarang, apa gunanya bayar mahal mahal gila emosi banget",0.9450936913490295
"Dhewe sakaluwarga nyempetake kanggo njajal panganan ing panggonan mangane iki kaya susuh sing kabeh kaca-kacane ditutupi karo ranting-ranting sing ngerambat. Eksotik, unik, apik tenan lan panganane uga enak.","Kami sekeluarga menyempatkan diri mencoba makan di tempat makannya ini seperti sarang yang semua kaca-kacanya ditutupi oleh ranting-ranting yang merambat. Eksotik, unik, keren banget dan makanannya pun enak.","Kami sekeluarga menyempatkan untuk mencoba makanan di tempat makan ini yang bagaikan gua yang seluruh kacanya tertutup dengan ranting-ranting yang merambat. Eksotik, unik, bagus banget dan makanannya pun lezat.",0.9656686782836914
Aku cemburu nanging ora isa apa-apa,Saya cemburu tapi tidak bisa apa-apa,Aku cemburu tapi tidak bisa berbuat apa-apa,0.9687350988388062
"Rega ora patia larang, rasane uga enak, akeh pilian panganan khas Banjar liyane.","Harga tidak terlalu mahal, rasanya juga enak, banyak pilihan makanan khas Banjar lainnya. ","Harga tidak terlalu mahal, rasa juga enak, banyak pilihan makanan khas banjar lainnya.",0.9842714667320251
Segel rapi sanajan kotak setithik peyot,Segel rapi walau kotak sedikit penyok,Segel rapi meski dus sedikit penyok,0.9433797597885132
Sopir gocar teka saka luwar kutha nyang jakarta dinggo golek penumpang ben entuk poin.,Supir gocar datang dari luar kota ke jakarta untuk mencari penumpang demi dapatkan poin.,Driver gocar datang dari luar kota ke jakarta untuk mencari penumpang agar dapat poin.,0.9749912023544312
Ning kene isa metik stroberi dewe lan langsung dibayar lak pas gedhi-gedhi buahe lumayan uga legi stroberine lan ada kulinere pisan isa mangan sing liyane ning kene,Di sini bisa petik stroberi sendiri dan langsung dibayar kalau lagi besar besar buahnya lumayan juga manis stroberinya dan ada kuliner juga bisa makan yang lain di sini,Di sini bisa petik stroberi sendiri dan langsung dibayar kalau memang sedang besar-besar buahnya lumayan juga manis stroberinya dan ada kulinernya juga bisa makan yang lain di sini,0.9821847081184387
"Lagek wae mau teka barange, apik kok","Baru saja tadi sampai barangnya, bagus kok","Tadi baru sampai kopernya, bagus kok",0.9327263832092285
Bosen banget ndhelok sampah ing dalan kutha palangkaraya,Bosan banget melihat sampah di ruas jalan kota palangkaraya,Sangat menjenuhkan melihat sampah di jalan kota palangkaraya,0.9504631757736206
Lokasi restoran ing Kemang. Larang lan ora enak. Aja mara mrana deh.,Lokasi restoran di Kemang. Mahal dan tidak enak. Jangan ke situ deh.,Lokasi restoran di kemang. Mahal dan tidak enak. Jangan ke sana deh.,0.9907070398330688
Rasa nikmat dipadu karo sambele. Daginge empuk. Rega jumbuh karo sing disajikne. Lokasi gampang ditemokne. Sip pokoke.,Rasa nikmat dipadu dengan sambelnya. Daging empuk. Harga sesuai dengan yang disajikan. Lokasi mudah ditemukan. Sip pokoknya.,Rasa nikmat berpadu dengan sambalnya. Dagingnya empuk. Harga sesuai dengan yang disajikan. Lokasi mudah ditemukan. Sip pokoknya.,0.9901549816131592
Bubur Ahong iki enak dipangan pas mangan wengi. Akeh menu liane sing isa dinikmati liyane bubur. Omah mangan iki rame diparani lan lumayan amba. Bubure uga enak.,Bubur Ahong ini enak dimakan saat makan malam. Banyak menu lainnya yang dapat dinikmati selain bubur. Rumah makan ini ramai dikunjungi dan cukup luas. Buburnya juga enak.,Bubur ahong ini enak disantap saat makan malam. Banyak menu lain yang bisa dinikmati selain bubur. Rumah makan ini ramai pengunjung dan cukup luas. Buburnya juga enak.,0.9861838817596436
"Aku marang kene karo pacar, panggonane lumayan amba lan ana area indoor karo ing njabane. Aku njagong ing panggonan indoor sing ana pemandangan marang arah njaba, dadi ana jendela kace. kanggo panganane aku cukup puas. Saka sisi rega tenan padha karo apa sing ditawakake","Saya ke sini sama pacar, tempatnya cukup luas dan ada area indoor sama di luarnya. Saya duduk di tempat indoor yang ada pemandangan ke arah luar, jadi ada jendela kaca. untuk makanan saya cukup puas. Dari sisi harga memang sebanding dengan apa yang ditawarkan","Saya ke sini sama pacar, tempatnya lumayan luas dan ada area indoor sama di luarnya. Saya duduk di tempat indoor yang ada pemandangan ke arah luar, jadi ada jendela kaca. Untuk makanannya saya cukup puas. Dari segi harga memang setara dengan apa yang ditawarkan.",0.9912989735603333
Milih gubernur utawa ora yaiku pilian saban uwong.,Memilih gubernur atau tidak adalah pilihan setiap orang.,Memilih gubernur atau tidak adalah pilihan setiap orang.,0.9999999403953552
Rasa uwis malih ora kaya mbiyen. Kesane anyep. Kudu ditingkatake cita rasane. Kanggo menu ombean minim banget mung ana soft drink,Rasa sudah berubah tidak seperti dulu. Terkesan hambar. Harus di tingkatkan cita rasanya. Untuk menu minuman sangat minim hanya ada soft drink,Rasa sudah berubah tidak seperti dulu. Kesannya hambar. Perlu ditingkatkan cita rasa. Untuk menu minuman sangat minim hanya ada soft drink,0.9706307053565979
Sanadyan saiki regane uwes mlonjak munggah nanging percayao yen pesen sega padang bungkus ing singgalang jaya porsine badai tenaaan. Nganti saiki panggonan iki isih dadi salah siji panggonan nikmati masakan padang favoritku.,Meskipun sekarang harganya sudah melonjak naik tapi percayalah kalau pesan nasi padang bungkus di singgalang jaya porsinya badai abiiis. Sampai sekarang tempat ini masih menjadi salah satu tempat menikmati masakan padang favorit saya.,Walaupun sekarang harganya sudah melonjak naik tapi percayalah kalau pesan nasi padang bungkus di singgalang jaya porsinya badai banget. Sampai sekarang tempat ini tetap menjadi salah satu tempat menikmati masakan padang favorit saya.,0.9875820279121399
"Bebeke enak, alus, sambele enak. Panggone resik lan lumayan oke.","Bebeknya enak, lembut, sambelnya enak. Tempat bersih dan lumayan oke.","Bebeknya enak, lembut, sambalnya enak. Tempatnya bersih dan lumayan oke.",0.9934099912643433
"Manggon ana ing festival city link mal, resto iki nyajikake panganan cina panganan a la carte lan dimsum. Rasa panganane oke, panggonan uga cukup amba lan akeh keluwarga mangan ana ing kene. Favorite dhewe urang mayonaise.","Terletak di festival city link mal, resto ini menyajikan makanan cina makanan a la carte dan dimsum. Rasa makanan cukup oke, tempat cukup luas juga dan banyak keluarga bersantap di sini. Favorit kami udang mayonaise.","Terletak di festival city link mal, resto ini menyajikan makanan cina makanan a la carte dan dimsum. Rasa makanannya oke, tempat juga cukup luas dan banyak keluarga makan di sini. Favorite kami mayonaise.",0.9846317172050476
Panganan ing rumah sakit tansah ora enak,Makanan di rumah sakit selalu tidak enak,Makanan di rumah sakit selalu tidak enak,1.0000001192092896
"Lak mrene wajib banget tuku terong gorenge, panggone uga enak ana sing lesehan, ngindari jam mangan awan lak sir mrene merga kebeg banget","Kalau ke sini wajib banget beli terong gorengnya, tempatnya juga enak ada yang lesehan, hindari jam makan siang kalau mau ke sini karena penuh banget","Kalau ke sini wajib banget beli terong gorengnya, tempatnya juga enak ada yang lesehan, hindari jam makan siang kalau mau ke sini karena sangat penuh",0.9967066645622253
"Panggone cukup nyaman, ana ning dalan sudirman sing cedek karo pilihan panggen belonjo, lan restone cukup cedek karo panggen iku. Panganane enak, pilihane akeh dadi ora tek malehi. Panggone uga nyaman","Letaknya cukup nyaman, ada di jalan sudirman yang dekat dengan pilihan tempat belanja, dari resto pun cukup dekat ke tempat tersebut. Makanannya enak, pilihannya banyak jadi tidak terlalu membosankan. Tempatnya juga nyaman","Tempatnya cukup nyaman, berada di jalan sudirman yang berdekatan dengan pilihan tempat berbelanja, dan restonya cukup dekat dengan tempat tersebut. Makanannya enak, pilihannya banyak sehingga tidak akan menyesal. Tempatnya juga nyaman",0.964461624622345
Resto iki duwe menu sing aneka werna nanging kakean menu China lan halal. Mi ayam jamur lan sega hainane sedep lan direkomendasikake. Bebeke uga enak. Resto iki saiki duwe cabang ing Istana Plaza.,Resto ini punya menu yang beragam tetapi kebanyakan menu China dan halal. Mi ayam jamur dan nasi hainannya sedap dan direkomendasikan. Bebeknya juga enak. Resto ini sekarang punya cabang di Istana Plaza.,Resto ini punya menu yang beragam tapi cenderung banyak menu china dan halal. Mi ayam jamur dan nasi hainan enak dan rekomendasi. Bebeknya juga enak. Resto ini sekarang punya cabang di istana plaza.,0.969637393951416
Mampir marang bandung. Nggolek ramen. Sing jarene saiki kekinian. Regane setimpal padha karo rasane. Yen marang bandung maneh mesti mampir maneh.,Mampir ke bandung. Mencari ramen. Yang katanya lagi kekinian. Harganya setimpal sesuai dengan rasanya. Kalau ke bandung lagi pasti mampir lagi.,Mampir ke bandung. Nyari ramen. Yang katanya sekarang kekinian. Harga setimpal dengan rasanya. Kalau ke bandung lagi pasti mampir lagi.,0.98089599609375
"Yen ana sing salah karo tindak tanduke aku entuk kok ngomong langsung karo aku, aja ngomong ing mburi. Ora asik kaya ngono. Pengecut!","Kalau ada yang salah dengan tingkah laku aku boleh kok bicara langsung ke aku, jangan bicara di belakang. Tidak asik kayak begitu. Pengecut!","Kalau ada yang salah dengan tingkah laku saya silakan omong langsung ke saya, jangan bicara di belakang. Tidak baik begitu. Pengecut!",0.9585608839988708
Tolong konfirmasi kanggo pangiriman ing alamat panampa sing dileksanakake dina iki utawa dina ngesok mas suwun,Mohon konfirmasi untuk pengiriman ke alamat penerima akan dilakukan hari ini atau esok hari kak terima kasih,"Mohon konfirmasi untuk pengiriman ke alamat penerima dilakukan hari ini atau besok, terima kasih",0.9531182646751404
Panggen parkire kurang amba. Lan nganyelne banget lak pas awakdewe mangan terus dikongkon ngge mindahne mobil merga ana wong liya sing bar mangan lan arepe metu kendaraane. Iku ngganggu banget.,Tempat parkirnya kurang luas. Dan menyebalkan banget kalau pada saat kita makan kemudian disuruh untuk memindahkan mobil karena ada orang lain yang selesai makan dan akan keluar kendaraannya. Itu sangat mengganggu.,Tempat parkir kurang luas. Dan sangat menyebalkan kalau kita sedang makan lalu disuruh memindahkan mobil karena ada orang lain yang selesai makan dan akan mengeluarkan kendaraannya. Itu sangat mengganggu.,0.9791386127471924
"Ya ngono sih, kesadharan tanggung jawab mahasiswa saiki kuwi kurang tenan. Akeh-akehe ora tanggung jawab kanthi apa sing uwis dadi tugase.","Ya gitu sih, kesadaran akan tanggung jawab mahasiswa sekarang itu kurang sekali. Kebanyakan tidak bertanggung jawab dengan apa yang sudah jadi tugasnya.","Ya memang sih, kesadaran tanggung jawab mahasiswa sekarang itu kurang banget. Kebanyakan tidak bertanggung jawab terhadap apa yang sudah menjadi tugasnya.",0.9792274236679077
"Sega uduk iki ana ing dalan rajiman lan bukake saka sore nganti mbengi. Menune si cukup sederhana, mung sega uduk lan aneka warna pelengkape. Biasane aku mangan sega udu karo pithik goreng lan sambel, sambele ora patia pedes.","Nasi uduk ini ada di jalan rajiman dan bukanya dari sore sampai malam. Menunya sih cukup sederhana, hanya nasi uduk dan berbagai pelengkapnya. Biasanya saya makan nasi uduk sama ayam goreng dan sambal, sambalnya tidak terlalu pedas.","Nasi uduk ini berada di jalan rajiman dan bukanya dari sore sampai malam. Menunya sih cukup sederhana, hanya nasi uduk dan berbagai macam pelengkap. Biasanya saya makan nasi uduk dengan ayam goreng dan sambal, sambalnya tidak terlalu pedas.",0.9930168986320496
Ngomong-ngomong indomie pisanan ning 2018 ku mambengi tibake enak,Anw indomie pertama di 2018 ku semalam ternyata nikmat,Ngomong-ngomong indomie pertama di 2018 ku malam tadi ternyata enak,0.913222074508667
"Saksitike kertu internetku ora kenek digawe padahal kuota lokal e isik, aku manggon ning panggonan sing aktivasi lan kertune uga wis didaftarne.","Minimal kartu internet saya tidak dapat digunakan padahal kuota lokal masih, saya berada di lokasi aktivasi dan kartu juga sudah registrasi","Saksikan kartu internet saya tidak bisa dipakai padahal kuota lokal masih ada, saya berada di tempat yang teraktivasi dan kartu juga sudah terdaftar.",0.9554857015609741
Hypermart saiki ngenehi diskon 20% kanggo produk seger saben dina senen - kemis kanthi mandiri kartu hypermart,Hypermart sedang memberikan diskon 20% untuk produk segar setiap hari senin - kamis dengan mandiri kartu hypermart,Hypermart saat ini memberikan diskon 20% untuk produk segar setiap hari senin - kamis dengan mandiri kartu hypermart,0.9889357686042786
Pengen nesu wae aku karo indosat,Mau marah saja aku sama indosat,Penas saja gue sama indosat,0.9297364950180054
Karo ngenteni wektu ganti tahun dhewe njajal marang rene. Dhewe wong loro pesen pirang-pirang sushi. Ombeane milktea karo es krim vanilla nganggo batok krambil. Kanggo sushine lumayan nanging kakehan segane kayane. Nanging rasane enak. Regane kajangkau.,Sambil menunggu waktu pergantian tahun kita coba ke sini. Kita berdua pesan beberapa sushi. Minumannya milktea sama eskrim vanilla dengan batok kelapa. Untuk sushinya lumayan tapi kebanyakan nasinya sepertinya. Tetapi rasanya enak. Harganya terjangkau.,Sambil menunggu waktu ganti tahun kami mencoba ke sini. Kami berdua memesan beberapa sushi. Minumannya milktea dan es krim vanilla dengan mangkuk tempura. Untuk sushi lumayan tapi kebanyakan nasi sepertinya. Namun rasanya enak. Harga terjangkau.,0.9604659080505371
"Endi laporanku ora diproses-proses. Magu duitku ora bakal dibalikne, padahal pulsa lan kuotaku ilang.","Mana laporan aku tidak diproses-proses. Ragu duit aku akan dikembalikan, padahal pulsa dan kuota aku hilang.","Mana laporan saya tidak diproses-proses. Berarti uang saya tidak akan kembali, padahal pulsa dan kuota saya hilang.",0.9658698439598083
"Dhewe kuciwa tenan karo pelayanan karyawan lion ing gate a6 bandar udara cengkareng. Aku diapusi, barang rusak lan reged satibane ing tujuan.","Kami sangat kecewa dengan pelayanan karyawan lion di gate a6 bandar udara cengkareng. Saya dibohongi, barang rusak dan kotor tiba tujuan.","Sangat kecewa dengan pelayanan karyawan lion di gate a6 bandara cengkareng. Saya ditipu, tas rusak dan kotor setibanya di tujuan.",0.9636882543563843
Sing paling nguciwakake yaiku nalika pimpinan ora isa mbedakake lan ora gelem ngerti endi negarawan lan endi politisi kotor,Yang paling mengecewakan adalah ketika pemimpin tak bisa bedakan dan tak mau tahu mana negarawan dan mana politisi kotor,Yang paling kecewakan adalah ketika pemimpin tidak bisa membedakan dan tidak mau tahu mana negarawan dan mana politisi kotor,0.9631313681602478
"Bubur iwak pitik sing lumayan rekomendasi ning sekitaran bandung, panggone strategis gampang digoleki, regane ora ngrogoh sak, panggone mesti rame diparani pengunjung mben dina nyambut gawe lan akhir minggu merga rasane sing enak.","Bubur ayam yang lumayan rekomendasi di sekitaran bandung, tempatnya strategis mudah dicari, harganya tidak merogoh kantong, tempatnya selalu ramai didatangi pengunjung setiap hari kerja maupun akhir pekan karena rasanya yang enak.","Bubur ayam yang lumayan rekomendasi di sekitar bandung, tempatnya strategis mudah ditemukan, harganya tidak menguras kantong, tempatnya selalu ramai dikunjungi pengunjung pada saat hari kerja maupun saat akhir pekan karena rasanya yang enak.",0.9709107875823975
"Teka ing panggonan iki kanggo ngaso sakbanjure sayah macet ing lelungan, panganane oke, nanging jajan-jajane mantep, dadi kabayarake.","Mengunjungi tempat ini untuk istirahat setelah cape macet di perjalanan, makanan oke, tapi kue-kuenya mantap, jadi terbayarkan.","Singgah di tempat ini buat istirahat setelah lelah macet dalam perjalanan, makanannya oke, tapi jajanannya mantap, jadi terbayarkan.",0.9554621577262878
"Terus aku sia-sia no nganyari nomer hape paling anyar nyang pelayanan pelanggan cabang bni lak data ning bni isik nomer hape lawas, piye seh pelayanane!","Lalu saya percuma dong update nomor telepon genggam terbaru ke pelayanan pelanggan cab bni kalau data di bni masih nomor handphone lama, bagaimana sih pelayanannya!","Terus gue sia-sia dong update nomor hp paling baru ke pelayanan pelanggan cabang bni tapi data di bni masih nomor hp lama, bagaimana sih pelayanannya!",0.9422081112861633
"Aku wis kerep mara nikmati panganan ning roemah nenek. Aku seneng karo kahanane sing nyaman dinggo mangan bareng keluarga. Ning dina-dina tertentu ana tontonan musik langsung. Panganane uga nduwe pilian sing rena-rena saka tradisional, asia, sampek panganan kidulan","Saya sudah sering kali datang menikmati makanan di roemah nenek. Saya suka dengan suasananya yang nyaman untuk makan bersama keluarga. Di hari-hari tertentu ada hiburan live musik. Makanannya pun punya pilihan yang beragam dari yang tradisional, asia, sampai makanan barat","Saya sudah sering berkunjung menikmati makanan di rumah nenek. Saya suka dengan suasananya yang nyaman untuk makan bersama keluarga. Di hari-hari tertentu ada hiburan musik live. Makanannya juga memiliki pilihan yang beragam dari tradisional, asia, sampai makanan kidul",0.972379744052887
"Akeh wong sing ora seneng nggo berobat nyang dokter. Ora mung kerna mbayare sing relatif lumayan larang dingge separone wong, nyang dokter ora selawase isa marekne. Akeh dokter sing salah diagnosis. Apa penting utawa wis lumrah, toh dokter uga manungsa.","Banyak orang yang kurang suka untuk berobat ke dokter. Selain biaya yang relatif cukup mahal bagi sebagian orang, ke dokter tak selamanya bisa menyembuhkan. Banyak dokter yang salah diagnosa. Pentingkah ataukah sudah lumrah, toh dokter juga manusia.","Banyak orang yang tidak senang pergi berobat ke dokter. Bukan hanya karena biaya yang relatif cukup mahal untuk separuh penghasilan orang, ke dokter tidak selamanya bisa menyembuhkan. Banyak dokter yang salah diagnosis. Apa penting atau memang sudah lumrah, toh dokter juga manusia.",0.9607030153274536
"Pelayanane apik, panggen parkir lumayan amba, kebon stroberi amba lan akeh stroberi sing wis cukup abang nggo dipethil. Panganan ning restoran rena-rena banget, rasane enak, sambel stroberine unik lan enak. Sega liwet stroberi kudu dijajal. Sejauh iki kabeh menu sing tak pangan ora ana sing nggarai gela rekomendasi banget dinggo dolane keluarga","Pelayanan baik, tempat parkir cukup luas, kebun stroberi luas dan banyak stroberi yang sudah cukup merah untuk dipetik. Makanan direstoran sangat beragam, rasanya enak, sambal stroberinya unik dan enak. Nasi liwet stroberi harus dicoba. Sejauh ini semua menu yang saya makan tidak ada yang mengecewakan sangat rekomendasi untuk wisata keluarga","Pelayanan bagus, tempat parkir lumayan luas, kebun stroberi luas dan banyak stroberi yang sudah cukup merah untuk dipetik. Makanan di restoran sangat beragam, rasanya enak, sambal stroberinya unik dan enak. Nasi liwet stroberi wajib dicoba. Sejauh ini semua menu yang saya makan tidak ada yang mengecewakan rekomendasi banget untuk liburan keluarga",0.9865878224372864
"Demi apa wae tes cpns marakna macet, sialannnnnnn","Demi apa pun tes cpns bikin macet, sialannnnnnn","Demi apa ya tes cpns bikin macet, siallahhhhh",0.9081424474716187
"Ngenteni panganan suwi banget, pelayane galak, pas mangan pas kuwi aku pesen pizza tekone eh gosong nganti kasire pas aku mbayar ora ngguyu, pelayanane payah.","Menunggu makanannya lama banget, waitressnya galak, pas makanannya saat itu saya pesan pizza datang eh gosong sampai kasirnya pun pas saya bayar tidak senyum, pelayanannya payah.","Menunggu makanan lama sekali, pelayan jutek, pas makan saat itu saya pesan pizza datangnya eh gosong sampai kasirnya pas saya bayar tidak tersenyum, pelayan payah.",0.9454866647720337
