javanese,ground_truth,generated,bertscore
"Cepak saka hotelku nginep, namung digawa mlaku, ing kene akeh tenan pilian panganane, panggonane sing amba, lan nyenengake","Dekat dengan hotel saya menginap, hanya ditempuh jalan kaki, di sini banyak sekali pilihan makanannya, tempat yang luas, dan menyenangkan","Jauh dari hotelku menginap, namun dibawa jalan, di sini banyak sekali pilihan makanannya, tempat yang luas, dan menyenangkan",0.9538288116455078
"Iya bener, deknen lagi jaga warung.","Iya benar, dia sedang jaga warung.","Ya benar, mereka sedang menjaga warung.",0.9743066430091858
Kangkunge lumayan nanging yuyu saus padange nguciwakake dhewe dikei yuyu sing kopong akhir dhewe ora mangan yuyune lan dibalekake.,Kangkungnya lumayan tapi kepiting saus padangnya mengecewakan kami dikasih kepiting yang kopong akhir kami tidak makan keptingnya dan dikembalikan.,Kangkungnya lumayan tapi yuyu saus padangnya bikin kita kecewa dengan yuyu yang kosong akhir kita tidak makan yuyune dan dibuangkan.,0.9108670949935913
"Manggon nang braga city walk sing sak gedung karo aston lan fave hotel, panggon iki nyaman banget dinggo nyangkruk-nyrangkruk. Kopi campur teh sing anyar lagek pisan iki aku njajal tibake enak banget, dipadu karo endog setengah mateng dadi kanca jagongan karo kanca-kanca. Panggon sing bebas rokokan tambah nyenengne karo nikmati pemandangan wira-wiri wong-wong sing mlebu metu mal iki.","Bertempat di braga city walk yang satu gedung dengan aston dan fave hotel, tempat ini sangat nyaman buat kongkow-kongkow. Kopi campur teh yang baru pertama kali saya nikmati ternyata sangat enak, dipadu dengan telur setengah matang menjadi pendamping mengobrol bersama teman-teman. Area yang bebas merokok semakin mengasyikkan sambil menikmati pemandangan lalu lalang orang-orang yang keluar masuk mal ini.","Berada di braga city walk yang satu gedung dengan aston dan fave hotel, tempat ini sangat nyaman untuk bersantai-santai. Kopi campur teh yang baru saja coba saya sangat enak, dipadukan dengan pisang setengah matang menjadi teman ngobrol dengan teman-teman. Tempat yang bebas rokokan semakin menyenangkan dengan menikmati pemandangan orang-orang yang masuk keluar mal ini.",0.9511600732803345
"Gianyar nompo bantuan sosial 2018 gedene rp 44, 9 milyat","Gianyar terima bantuan sosial 2018 sebesar rp 44, 9 miliar","Gianyar menerima bantuan sosial 2018 sebesar rp 44, 9 milyar",0.9854583740234375
Iki salah siji conto generasi sing ora kangge. Ora malah migunani dinggo bangsa nanging malah dadi sesuatu sing mbahayani dinggo bangsa! Mantep jeraten ae nggawe uu ite,Ini salah satu contoh generasi yang tidak berguna. Bukan malah bermanfaat untuk bangsa tapi malah jadi sesuatu yang berbahaya bagi bangsa! Mantap jerat saja pakai uu ite,Ini salah satu contoh generasi yang tidak berguna. Bukan malah bermanfaat bagi bangsa tapi malah menjadi sesuatu yang berbahaya bagi bangsa! Mantap jeratnya saja bikin uu ite,0.9822568893432617
"Sore konco, wektu iki lagi dilakokne pemeliharaan dadi aplikasi ora isa diakses.","Sore sahabat, saat ini sedang dilakukan pemeliharaan sehingga aplikasi tidak dapat diakses.","Sore teman, saat ini sedang dilakukan pemeliharaan sehingga aplikasi tidak dapat diakses.",0.9950917959213257
Tenan ringkih dhewe iki aku uga jiden saktenane,Memang lemah kita ini aku juga penakut sebenarnya,Sangat menyesal saya ini saya juga jengkel sebenarnya,0.9065219163894653
"Terakhir nyang hanamasa regane 120 ewu / wong. Nanging puase luwih saka iku. Isa njupuk panganan sakpuase, nanging rasa ora nggelakne, pinter-pintere awakdewe ae ngeracik dewe. Lak penggemar daging sapi mesti seneng mrene","Terakhir ke hanamasa harganya 120 ribu / orang. Tapi puasnya lebih dari itu. Bisa ambil makanan sepuasnya, tapi rasa tidak mengecewakan, pintar-pintar kita saja meracik sendiri. Kalau penggemar daging sapi pasti suka ke sini","Terakhir ke hanamasa harganya 120 ribu / orang. Tapi makanannya lebih dari itu. Bisa ambil makanan sepuasnya, tapi rasanya tidak menggoda, pintar-pintar saja kita racik sendiri. Kalau penggemar daging sapi pasti suka di sini",0.976064145565033
"Kanggo menyang ing the peak mesthi wae karasa adoh banget saka pusat kutha bandung, lan aksese sing lumayan mbingungake lan dalan cilike mbelak-mbelok. Nanging kowe bisa ora bakal kesasar amarga meh ing saben enggokan ana tanda marang ing the peak. Panggonane apik banget kanggo kowe sing nggolek suasana mbengi romantis, kanthi pemandangan mbengi kutha sing apik tenan.","Untuk menuju ke the peak memang terasa sangat jauh dari pusat kota bandung, dan aksesnya yang agak membingungkan dan jalan kecil berkelok-kelok. Namun anda mungkin tidak akan tersesat karena hampir di tiap belokan ada signage menuju ke the peak. Tempatnya sangat bagus untuk anda yang mencari suasana malam romantis, dengan pemandangan malam kota yang menakjubkan.","Untuk menuju ke the peak memang selalu terasa jauh banget dari pusat kota bandung, dan akses yang lumayan membingungkan dan jalan berkelok-kelok. Tapi kamu tidak akan tersesat karena hampir di setiap tumpukan ada tanda menuju ke the peak. Tempatnya sangat bagus buat kamu yang mencari suasana malam romantis, dengan pemandangan malam kota yang sangat indah.",0.9788317680358887
Kebon raya bogor isa didadekne salah siji tujuan destinasi wisata,Kebun raya bogor bisa dijadikan salah satu tujuan destinasi wisata,Kebun raya bogor bisa dijadikan salah satu tujuan destinasi wisata,1.0
"The peak panggone ning cedeke lembang, waratan duwur ning bandung sing adem lan panggone sing apik banget nanging dalan ngge moro panggonan iki kelok-kelok banget lan tikungan landep lan curam, ora disarane dingge motoran pas udan-udan lan wengi. Ning the peak ana nggen mangan sing pemandangane kutha bandung sing indah saka nggunung, rega panganane sing larang banget lan ora sumbut.","The peak berlokasi di dekat lembang, dataran tinggi di bandung yang sejuk dan lokasi yang sangat baik namun jalan untuk mencapai tempat ini sangat berkelok disertai tikungan tajam nan curam, tidak disarankan untuk berkendara saat hujan dan malam hari. Di the peak terdapat restoran dengan pemandangan kota bandung yang indah dari perbukitan, harga makanan yang sangat mahal dan sangat tidak sesuai.","""Puncak panggone di cedeke lembang, ketinggian di bandung yang sejuk dan pemandangan yang sangat bagus namun jalan menuju ke tempat ini berkelok-kelok sangat dan tikungan tajam dan curam, tidak disarankan untuk motoran saat hujan-hujan dan malam hari. Di the peak ada untuk makan yang pemandangannya kota bandung yang indah dari ketinggian, harga makanan yang sangat mahal dan tidak sebanding.""",0.9338981509208679
Aku kapok nganggo jasa lion air,Saya kapok menggunakan jasa lion air,Saya kapok menggunakan jasa lion air,1.0
Akeh bab sing isa dhewe tindakake kanggo ngisi wektu luwang.,Banyak hal yang dapat kita lakukan untuk mengisi waktu luang.,Banyak hal yang bisa saya lakukan untuk mengisi waktu luang.,0.9898636937141418
Saya apatis ngelaporake bab-bab kaya iki. Amarga nganti minggu wingi isih tetep hurung digarap. Mung janji-janji terus.,Semakin apatis melaporkan hal-hal seperti ini. Karena sampai minggu lalu masih tetap belum dikerjakan. Hanya janji-janji terus.,Saya apatis melaporkan hal-hal seperti ini. Karena sampai minggu kemarin masih tetap belum digarap. Hanya janji-janji terus.,0.9708815217018127
Rega dhuwur banget porsi sithik banget ora janji maneh aku teko kanggo kepindho. Panganane ora beda adoh karo emakku dong!,Harga selangit porsi seiprit tidak janji lagi saya datang untuk yang kedua kali. Masakannya tidak beda jauh sama ema saya dong!,Harga sangat mahal porsi sangat kecil sangat tidak sesuai dengan harga. Makanan tidak beda jauh dengan ibu saya dong!,0.8938978314399719
"Anyar lan kashediya, 5 sekat mangan awan kotak kotak mangan yooyee kotak bekal anti bocor 590","Baru dan tersedia, 5 sekat makan siang kotak kotak makan yooyee kotak bekal anti bocor 590","Baru dan berkualitas, 5 kotak makan awan kotak makan yooyee kotak bekal anti bocor 590",0.9740369319915771
"Ora ngerti ya kenangapa resto iki manggoni ranking 12 saka 1800an resto sing ana ing jakarta. Regane larang! Panggonane ndhelik, lan rasa panganane biasa bae. Aja percaya banget karo review sing nyesatake.","Tidak mengerti ya kenapa resto ini menduduki peringkat 12 dari 1800an resto yang ada di jakarta. Harga mahal! Lokasi tersembunyi, dan rasa makanan biasa saja. Jangan terlalu percaya sama review yang menyesatkanlah.","Tidak mengerti kenapa resto ini menduduki ranking 12 dari 1800an resto yang ada di jakarta. Harganya mahal! Tempatnya sempit, dan rasa makanannya biasa saja. Jangan percaya banget dengan review yang menyesatkan.",0.9659456610679626
Bledosan ning aksi protes ning afghanistan mateni wong 68,Ledakan dalam aksi protes di afghanistan tewaskan 68 orang,Targetan dalam aksi protes di afghanistan membunuh 68 orang,0.9523221850395203
"Aku teka marang restoran kuwi bareng karo kancaku. Kancaku kakehan kaget ndhelok pemandangane sing apik tenan ing mbengi. Aku ndhuweni kasempatan njajal stik impore, enak tenan apa maneh sause. Mmm yummi. Yen ana kasempatan aku pengen teka maneh marang kana.","Saya berkunjung ke restoran itu bersama dengan teman saya. Teman saya kebanyakan terkejut melihat pemandangannya yang sangat indah di malam hari. Saya berkesempatan mencoba steak impornya, sangat enak apalagi sausnya. Mmm yummi. Kalau ada kesempatan saya ingin berkunjung lagi ke sana.","Saya datang ke restoran itu bersama teman saya. Teman saya sangat terkejut melihat pemandangan yang sangat indah di malam hari. Saya punya kesempatan mencoba steak impor, sangat enak apa lagi sausnya. Mmm yummi. Jika ada kesempatan saya ingin datang lagi ke sana.",0.9757388234138489
Akses menyang dusun bambu isa ditekani kira-kira ing wektu 1 - 2 jam nganggo mobil pribadi. Mara menyang dusun bambu diusahakake pas wektu wengi amarga awake dhewe isa ndelok cetha pemandangan sing ana lan wektu sing pas kanggo mangan wengi.,Akses menuju dusun bambu bisa ditempuh kira-kira dalam waktu 1 - 2 jam menggunakan mobil pribadi. Berkunjung ke dusun bambu diusahakan saat petang hari karena kita dapat melihat jelas pemandangan yang ada dan waktu yang pas untuk makan malam.,Akses ke desa bambu bisa ditempuh kira-kira dalam waktu 1 - 2 jam menggunakan mobil pribadi. Namun menuju desa bambu diusahakan pada waktu malam karena kami bisa melihat jelas pemandangan yang ada dan waktu yang tepat untuk makan malam.,0.970496654510498
"Panganane oke padha karo xo suki liyane. Nanging sanajan dina prei gedhe kaya badha iki udhu artine meseme prei lan pesenan ombe, lan liya-liyane kudu mesen ping akeh. Tulung dijaga kepuasan pelanggane. Matur suwun,","Makanan oke sama seperti xo suki lainnya. Tetapi walaupun hari libur besar seperti lebaran ini bukan berarti senyumnya libur dan order minum, dan lain-lain harus order berkali-kali. Tolong di jaga kepuasan pelanggannya. Terima kasih.","Makanan oke sama dengan xo suki lainnya. Namun meskipun hari ramai seperti ini, artinya memesan prei dan pesanan minuman, dan lain-lain harus memesan banyak. Tolong jaga kepuasan pelanggan. Terima kasih.",0.9346050024032593
"Restoran iki yaiku panggon kuliner sing wajib diparani umpama nyang bandung. Ora mung panganane sing manjakne ilat panganan sunda banget, restoran iki uga dibangun nganggo konsep mangan santai ning jero kali dadi nawarne pengalaman kuliner sing berkesan banget. Kudu dijajal dinggo sopo ae sing nyang bandung.","Restoran ini adalah sebuah destinasi kuliner yang wajib dikunjungi bila ke bandung. Selain makanan yang sangat memanjakan lidah makanan sunda, restoran ini juga dibangun dengan konsep makan santai di dalam saung yang dikelilingi alam hutan dan pegunungan yang dihias pepohonan rindang dan dihibur oleh gemericik air sungai sehingga menawarkan pengalaman kuliner yang teramat mengesankan. Harus dicoba bagi siapapun yang ke bandung.","Restoran ini adalah tempat kuliner yang wajib dikunjungi kalau ke bandung. Bukan hanya makanan yang membuat ketagihan makanan sunda banget, restoran ini juga dibangun dengan konsep makan santai di tepi sungai sehingga menawarkan pengalaman kuliner yang sangat berkesan. Harus dicoba untuk siapa saja yang ke bandung.",0.9329234957695007
Mbalik ngaktifne paket data indosat merga isa akses youtube unlimited.,Kembali mengaktifkan paket data indosat karena dapat akses youtube unlimited.,Kembali aktifkan paket data indosat karena bisa akses youtube unlimited.,0.9847659468650818
Aku nembe ngerti ketemu kancaku sek makarya nang trans tv,Saya baru saja bertemu teman saya yang bekerja di trans tv,Saya baru tahu bertemu kawan saya yang bekerja di trans tv,0.9798527359962463
"Omah mangan ning dalan anggrek iki nduwe keistimewaan jenis seafood sing rena-rena lan ana sing isih urip dinggo dipilih lan dimasak pas kuwi uga. Rena-rena jenis panganan isa dipilih lan wektu ngenteni sing sediluk nggarai adewe ora tek kesuwen keluwen ngenteni. Menu kerapu kukuse enak banget lan gurih, apa meneh lak dimasak karo iwak sing isih seger. Lokasine lumayan adem, regane mirah.","Rumah makan di jalan anggrek ini memiliki keistimewaan jenis seafood yang beragam dan ada yang masih hidup untuk dipilih dan dimasak saat itu juga. Berbagai jenis masakan dapat dipilih dan waktu tunggu yang singkat membuat kita tidak terlalu lama kelaparan menunggu. Menu kerapu kukusnya sangat enak dan gurih, apalagi bila dimasak dengan ikan yang masih segar. Lokasi cukup sejuk, harga murah.","Rumah makan di jalan anggrek ini memiliki keistimewaan jenis seafood yang beragam dan ada yang masih hidup untuk dipilih dan dimasak pada saat itu juga. Jenis makanan yang bisa dipilih dan waktu menunggu yang sediluk membuat perut tidak kelaparan menunggu. Menu kerapu kukusnya sangat enak dan gurih, apa lagi kalau dimasak dengan ikan yang masih segar. Lokasinya lumayan sejuk, harganya terjangkau.",0.9762206673622131
"Kaya biasane awakdewe mesti golek kuliner sing liya timbangane sing liyane, awakdewe entuk ning panggen iki yaiku the restaurant padma hotel. Awakdewe pesen menu sing ana. Ana saka indonesia, eropa lan cina, tibake kabeh masakane enak kabeh.","Seperti biasa kami selalu mencari kuliner yang lain daripada yang lain, dapatlah kami di tempat ini yaitu the restaurant padma hotel. Kami memesan menu yang ada. Ada dari indonesia, eropa dan chinese, ternyata semua masakannya enak semuanya.","Seperti biasa kami selalu mencari kuliner yang berbeda dari yang lain, kami menemukan di tempat ini adalah the restaurant padma hotel. Kami memesan menu yang ada. Ada dari indonesia, eropa dan china, ternyata semua masakannya enak semua.",0.9798012375831604
Iya kuwi sing nggawe aku kesel. Iki udu salahe sing ngelamar nanging jelas 100% salahe pihak sing ana ing ndhuwur sing embuh piye carane dheweke koordinasi. Nyesek aku kuwi sanajan iki kasus kancaku sing ing lampung.,Iya itu yang bikin saya kesal. Ini bukan kesalahan sang pelamar tapi jelas 100% kesalahan pihak yang di atas yang entah bagaimana cara mereka berkordinasi. Nyesek saya itu walaupun ini kasus teman saya yang di lampung.,Ya itu yang membuat saya kesal. Ini bukan salahnya yang melamar tapi jelas 100% salah pihak yang ada di atas yang bilang bagaimana caranya dia koordinasi. Menyesal saya itu meskipun ini kasus teman saya yang di lampung.,0.955834686756134
"Pelayanane cukup suwi, nanging suwasanane sing diwenehi apik lan unik, dadi karo ngenteni panganan isa nikmati suwasana ing restoran iki, menu sing disajikake aneka werna lan enak,","Pelayanannya agak lama, tetapi suasana yang diberikan keren dan unik, jadi sambil menunggu makanan bisa menikmati suasana di resto ini, menu yang disajikan beragam dan enak,","Pelayanan cukup lama, namun suasananya yang diberikan baik dan unik, sehingga dengan menunggu makanan dapat menikmati suasana di restoran ini, menu yang disajikan beragam dan enak",0.9741417765617371
"Panganan ing kene enak-enak kanthi akeh variasine. Kabehane enak kanthi pemandangan apik. Pelayanane sing maksimal saka mbak diah lan gina saka ngewiwiti teka nganti rampung, dilayani kanthi apik tenan.","Makanan di sini enak-enak dengan banyak variasi. Semuanya enak dengan pemandangan bagus. Pelayanan yang maksimal dari mbak diah dan gina dari awal datang sampai selesai, dilayani dengan sangat baik.","Makanan di sini enak-enak dengan banyak variasinya. Seluruhnya enak dengan pemandangan yang indah. Pelayanan yang maksimal dari mbak diah dan gina dari mulai datang hingga selesai, dilayani dengan sangat baik.",0.9815706610679626
"Ana ing ajang piala dunia 2018 sesuk, telkomsel njupuk bagian minangka pandukung penyiaran resmi ing perhelatan sepak bola donya kasebut.","Dalam ajang piala dunia 2018 nanti, telkomsel mengambil bagian sebagai pendukung penyiaran resmi dalam perhelatan sepak bola dunia tersebut.","Ada di ajang piala dunia 2018 sesuk, telkomsel mengambil bagian sebagai pendukung penyiaran resmi di perhelatan sepak bola dunia tersebut.",0.9730499982833862
De'e biasane tuku tisu paseo,Dia biasanya membeli tisu paseo,Dia biasanya beli tisu basah,0.9440239667892456
"Buse ora nyaman, mbak, ora sumbut karo sing diomongne bosmu, urung maneh panganane kurang enak banget, terus panggon wisata tujuane sing nggelakne:","Busnya tidak nyaman, mbak, tidak sesuai dengan yang diomongin atasan Anda, belum lagi makanannya kurang enak banget, lalu tempat wisata tujuannya yang mengecewakan:","Buset tidak nyaman, mbak, tidak sesuai dengan yang diomongkan bosmu, belum lagi makanannya kurang enak banget, terus tempat wisata tujuannya yang mengecewakan:",0.9777815937995911
"Cukup gampang golek lokasi iki, mung ngikuti wae arah menyang tengah kota. Mengko ning kiwa dalan ketok parkiran mobil sing cukup akeh, nengkono panggonan kafe iki. Rasane kafe iki pancen arang sepi, pengunjunge akeh banget.","Cukup mudah mencari lokasi ini, tinggal mengikuti saja arah ke tengah kota. Nanti di kiri jalan terlihat parkiran mobil yang cukup banyak, disitulah tempat kafe ini. Rasanya kafe ini memang jarang sepi, banyak sekali pengunjung.","Cukup mudah mencari lokasi ini, cukup ikuti saja arah ke tengah kota. Kemudian di kiri jalan terdapat parkiran mobil yang cukup banyak, selanjutnya tempat kafe ini. Rasa kafe ini memang sangat sepi, pengunjungnya sangat banyak sekali.",0.9697599411010742
"Gela aku karo provider iki, nganti sebel, nesu, emosi, aku metu, gara gara, sinyal sing ora bener.","Kecewa saya dengan provider ini, sampai kesal, marah, emosi, saya keluar, gara gara, sinyal yang tidak benar.","Sangat kecewa dengan provider ini, sampai sebel, marah, emosi, saya keluar, gara-gara, sinyal yang tidak benar.",0.9669157266616821
"Sarung bantal, seprei lan slimute uwis ora putih...terus temboke wes akeh lumut..","Sarung bantal, seprai dan selimutnya tidak lagi putih...trus dindingnya sudah banyak lumut..","Sarung bantal, seprei dan selimut sudah tidak putih...terus permukaannya sudah banyak lumut..",0.965408980846405
"Lan pas dheweke teka, saya rusak wae iki acara. Gilo banget aku karo dheweke, asli! Ngapuro yoo aku ora seneng banget karo dheweke","Dan ketika dia tiba, makin rusak saja ini acara. Jijik banget gue sama dia, asli! Maaf yaah gue enggak suka banget sama dia","Dan ketika dia datang, saya rusak saja acara ini. Gila banget saya sama dia, asli! Ngapuro yoo saya tidak suka banget sama dia",0.9432641267776489
"Dhewe ana acara mangan mbengi wektu kuwi, es krime ora dipisah karo espresso dadi ora isa nyampur sing cocok karo selerane awakedhewe. Salmon steake uga kurang seger, kulit salmone atos, ketoke suwi ing kulkas utawa freezer. Sanajan iku menu utama sing kudune enak.","Kami ada acara makan malam waktu itu, ice krimnya tidak dipisahkan dengan espresso jadi tidak bisa mencampur sesuai selera masing-masing. Salmon steaknya juga kurang segar, kulit salmonnya keras, keliatannya lama di kulkas atau freezer. Padahal itu menu utama yang seharusnya enak.","Kami ada acara makan malam waktu itu, es krimnya tidak terpisah dari espresso sehingga tidak bisa mencampur yang sesuai dengan selera kami. Salmon steaknya juga kurang segar, kulit salmonnya keras, mungkin sudah lama di kulkas atau freezer. Meskipun itu menu utama yang seharusnya enak.",0.9646300673484802
"Panggonane gampang ditemukake. Resik lan higienis, pelayanane apik, dhewe bisa diskusi babagan panganan kang kasadia. Asik.","Tempatnya mudah ditemukan. Bersih dan higienis, pelayanannya bagus, kita bisa diskusi tentang masakan yang tersedia. Asik.","Tempatnya mudah ditemukan. Bersih dan higienis, pelayanan baik, kami bisa diskusi tentang makanan yang tersedia. Asik.",0.9899538159370422
Buffet mangan mbengi paling top. Regane pas karo sing dientukake. Rasane enak piliane akeh. Regane kadang didiskon yen teko rombongan. Sukses terus ya.,Buffet makan malam paling top. Harga sesuai yang didapat. Rasanya enak pilihannya banyak. Harga kadang didiskon jika datang rombongan. Sukses selalu ya.,Buffet makan malam teratas. Harganya sesuai dengan yang ditawarkan. Rasanya enak pilihan banyak. Harganya kadang didiskon jika datang rombongan. Sukses terus ya.,0.9756826162338257
Panggon sing apik yen dinikmati wengi. Cukup nyaman. Ragane lumayan murah. Senenganku stik tenderloine. Cukup enak.,Tempat yang bagus kalau dinikmati malam hari. Cukup nyaman. Harga cukup terjangkau. Favorit saya steak tenderloinnya. Cukup enak.,Tempat yang bagus jika dinikmati malam. Cukup nyaman. Harganya lumayan murah. Kesukaanku steak tenderloinnya. Cukup enak.,0.9760506749153137
"Njajal kanggo buka puasa ing kene. Kanggo rega sing kagolong larang ana ing antara hotel berbintang sakelasae, rasa sing ditawakake tenan nguciwakake. Pastane ora ana rasane, panganan liyane uga ora ana rasane. Beda tenan karo apa sing biasa ditawakake. Lan pelayanane uga kurang profesional pas ngelakoni pembayaran nganggo kartu kredit.","Mencoba untuk buka puasa di sini. Dengan harga yang tergolong mahal di antara hotel berbintang sekelasnya, rasa yang ditawarkan sangat mengecewakan. Pastanya hambar, makanan lain juga hambar. Sangat berbeda dengan apa yang biasa ditawarkan. Dan pelayanan juga kurang profesional pada saat melakukan pembayaran dengan mengunakan kartu kredit.","Coba untuk buka puasa di sini. Untuk harga yang tergolong mahal ada di antara hotel berbintang sekelapa, rasa yang ditawarkan sangat mengecewakan. Pastanya tidak ada rasanya, makanan lainnya juga tidak ada rasanya. Jauh berbeda dengan apa yang biasa ditawarkan. Dan pelayanannya juga kurang profesional saat melakukan pembayaran dengan kartu kredit.",0.9624910354614258
"Aku uga bingung loh, sing ndukung tokoh kuwi meh kabeh setipe bisane mung ngenyek-ngenyek, fitnah, tembung-tembung kasar, nyebarna isu ngapusi, ngutamakake emosi, akal sehate ora pernah dinggo.","Gue juga bingung loh, pendukung tokoh itu hampir semuanya setipe bisanya cuma maki-maki, fitnah, kata-kata kasar, menyebar isu bohong, mengutamakan emosi, akal sehat tidak pernah dipakai.","Saya juga bingung loh, yang mendukung tokoh itu hampir semua sama jenisnya bisa saja hanya mengoceh-oceh, fitnah, kata-kata kasar, menyebarkan isu bohong, mengutamakan emosi, akal sehatnya tidak pernah dipakai.",0.9548308253288269
"Omah mangan nusa indah saiki gelakne ah. Reget, uwong ditokne wae ngrokok ning ruangan nggo ac, pangganan suwe tekane.","Rumah makan nusa indah sekarang mengecewakan ah. Kotor, orang didiamkan saja merokok di ruangan ber ac, makanan lama datangnya.","Rumah makan nusa indah sekarang melelahkan ah. Dingin, orang duduk saja merokok di ruangan dengan ac, makan lama sekali deh.",0.9308673739433289
Nadia nggoleki hem kanggo adike ning uniqlo,Nadia mencari kemeja untuk adiknya di uniqlo,Nadia mencari hem untuk adiknya di uniqlo,0.967520534992218
"101 dalmatians: The series yaiku seri kartun tipi sing digawe karo disney television animation, kerjo bareng karo jumbo pictures.","101 dalmatians: The series adalah sebuah seri animasi televisi yang diproduksi oleh disney television animation, bekerja sama dengan jumbo pictures.","101 anjing: seri ini adalah seri kartun tipi yang dibuat oleh disney television animation, bekerja sama dengan jumbo pictures.",0.9407789707183838
Kantor kang nyambungake korsel - korut dibuka pekan iki,Kantor penghubung korsel - korut dibuka pekan ini,Kantor yang menghubungkan korsel - korut dibuka pekan ini,0.9465823173522949
Menehi berkah bareng sinde! Etukna 50 paket umroh saben tuku minimal rp 15.000 ning alfamart.,Berbagi berkah bersama sinde! Dapatkan 50 paket umroh setiap pembelian minimal rp 15.000 di alfamart.,Berikan berkah bersama sinde! Setiap pembelian minimal rp 15.000 di alfamart dapat 50 paket umroh.,0.968360185623169
"Tuku kaos, topi utawa jam tangan ning lapak monoton roomstore busa ditawa khusus nganggo aplikasi ning hape bosku.","Beli kaos, topi atau jam tangan di lapak monoton roomstore bisa diego khusus pakai aplikasi di hape boskuh.","Beli kaos, topi atau jam tangan di lapak monoton roomstore busa kalau khusus pakai aplikasi di hape bosku.",0.9672873616218567
"Aplikasi google maps akeh paedahe, aku puas nganggone!","Aplikasi google maps sangat bermanfaat, saya puas menggunakannya!","Aplikasi google maps banyak kelebihannya, saya puas menggunakannya!",0.9725805521011353
"Kanggo malem minggu ing kene pasangan diwenehi panggonan sing ora kapenak, amarga pas uwong lewat ing kana panggonane dhewe obah-obah, luwih pase mirip kaya warung pinggir dalan. Ora sesuai karo rega panganane sing disajikake, kudune pasangan uga diwenehi panggonan sing apik uduk sembarang nerima tamu lan dideleh ing panggonan kaya kuwi.","Untuk malam minggu di sana pasangan diberi tempat yang tidak nyaman, karena saat orang lewat di sana tempat kami goyang-goyang, lebih tepatnya mirip seperti warung pinggir jalan. Tidak sesuai dengan harga makanan yang disajikan, seharusnya pasangan juga diberi tempat yang bagus bukan sembarang terima tamu dan taruh di tempat seperti itu.","Untuk malam minggu di sini pasangan diberikan tempat yang tidak nyaman, karena saat orang lewat di sana tempat kami berantakan, lebih mirip seperti warung pinggir jalan. Tidak sesuai dengan harga makanan yang disajikan, seharusnya pasangan juga diberikan tempat yang baik untuk menerima tamu dan duduk di tempat seperti itu.",0.9603744745254517
Menu panganan cukup rena-rena lan nggarai sir mesen kabeh. Mirah? Jelas ae!,Menu makanan cukup bervariasi dan bikin mau dipesan semuanya. Murah? Pastinya!,Menu makanan cukup beragam dan membuat kami memesan semuanya. Mirah? Jelas saja!,0.9216632843017578
Bagikno sak akeh-akehe. Ben wong iki diproses. Kangen ndelok video njaluk sepiro karo nangis-nangis terus wadul nyang mbok e terus omong lak perlakuane kuwi ora sengaja.,Bagikan sebanyak-banyaknya. Biar ini orang diproses. Kangen melihat video minta maaf sambil nangis-nangis lalu ngadu ke emak lalu bilang kalau perlakuan itu tidak sengaja.,Bagikan sebanyak mungkin. Ben orang ini diproses. Kangen lihat video minta sepiro dengan nangis-nangis terus komplain ke mbok e terus omong kalau perilakunya itu tidak sengaja.,0.9294107556343079
"Soto kudus iki anane ning pinggir dalan, kaping pisan arep mangan rada ora mantep uga sih. Amarga pengen ngerti rasa kudus yo dijajal sek. Ee saktenane uga enak lho, lan ana uga pilihan kanggo nyampurake, pokoke enak tenan. Regane murah pol deh. ","Soto kudus ini adanya di kaki lima, pertama kali mau makan agak ragu juga sih. Karena ingin tahu rasa kudus ya dicoba dulu. Ee ternyata enak juga lho, dan ada juga pilhan untuk mencampurnya, pokoknya enak sekali deh. Harganya murah meriah deh.","Soto kudus ini berada di pinggir jalan, pertama kali mau makan agak tidak yakin sih. Karena ingin tahu rasa kudus ya dicoba sek. Ee ternyata juga enak lho, dan ada juga pilihan untuk menambahkan, pokoknya enak sekali. Harganya murah sekali deh.",0.9662970900535583
Olahraga wengi isa dadi pilihan kanggo ngisi wektu lowong.,Olahraga di malam hari dapat menjadi pilihan untuk mengisi waktu luang.,Olahraga malam bisa menjadi pilihan untuk mengisi waktu luang.,0.9821487069129944
Restoran seafood. Menu spesiale yuyu sing dipangan karo kulite. Kanggo aku kurang enak. Kulite isih rada atos. Pelayanane biasa-biasa bae.,Restoran seafood. Menu spesialnyanya kepiting yang dimakan dengan kulitnya. Untuk saya kurang enak. Kulitnya masih agak keras. Pelayanannya biasa-biasa saja.,Restoran seafood. Menu spesial yuyu yang dipanggang dengan kulitnya. Untuk saya kurang enak. Kulitnya masih agak keras. Pelayanan biasa-biasa saja.,0.9653796553611755
"Enak lumayan, nanging regane larang amarga porsine luwih sithik. Ana pilihan infused kangen water sek cukup kanggo 4 uwong","Enak lumayan, tapi harganya mahal karena porsinya sedikit kecil. Ada pilihan infused kangen water yang cukup untuk 4 orang","Enak lumayan, tapi harganya mahal karena porsinya lebih sedikit. Ada pilihan infused kangen water sek cukup untuk 4 orang",0.9829655289649963
"Dinggo daerah banda aceh lan sekitare sik lancar, ora ana gangguan blas.","Untuk daerah banda aceh dan sekitarnya masih lancar, tidak ada gangguan sama sekali.","Untuk daerah banda aceh dan sekitarnya sekarang lancar, tidak ada gangguan sama sekali.",0.9893012046813965
Emosi karo gojek sing kerep nyasar yen arep menyang omahku.,Emosi dengan gojek yang selalu nyasar kalau mau ke rumah saya.,Emosi dengan gojek yang sering tersesat kalau mau ke rumah saya.,0.9814602732658386
"Kafe sing nyaman, enak lan murah kanthi desain kafe sing unik lan marakna krasan. Panganan enak lan kopi enak lan fasilitas wifi sing cepet lan tv kabel","Kafe yang nyaman, enak dan murah dengan desain kafe yang unik dan bikin betah. Makanan enak dan kopi enak serta fasilitas wifi yang cepat dan tv kabel","Kafe yang nyaman, enak dan murah dengan desain kafe yang unik dan menarik. Makanan enak dan kopi enak serta fasilitas wifi yang cepat dan tv kabel",0.9856001734733582
"Uwis sewulan luwih ora mangan indomie, sakpisane mangan langsung nggawe rong porsi indomie goreng jumbo.","Sudah sebulan lebih tidak makan indomie, sekalinya makan langsung bikin dua porsi indomie goreng jumbo.","Sudah sebulan lebih tidak makan indomie, sepertinya makan langsung membuat dua porsi indomie goreng jumbo.",0.9801521897315979
"Mangan sikil wedus bagian pupu sing empuk lan lumayan gedhi dinggo ukuran medium, pas dingge wong siji, mangan tanpa sega, karo es lemon tea. Seger kurange mung panggone kebul-kebul, wajar kan jenenge uga wedus bakar hehehe","Makan kaki kambing paha yang empuk dan lumayam besar untuk ukuran medium, pas untuk satu orang, makan tanpa nasi, dengan es lemon tea. Segar kekurangannya hanya tempatnya berasap, wajar kan namanyan jg kambing bakar hehehe","Makan kaki ayam bagian paha yang empuk dan lumayan besar untuk ukuran medium, pas untuk satu orang, makan tanpa nasi, dengan es lemon tea. Segar kurangnya hanya tempatnya berawan-awan, wajar kan namanya juga ayam bakar hehehe",0.9515705108642578
"Panggone lumayan unik, rasa panganane biasa, menu sing ditawakne uga biasa, mung panggone karo keunikane sing menarik, cara nyeluk pelayane nganggo nutuk kentongan,. Aku pas mrana wengi, diambah udan, udarane lumayan adem nyrusuk belung, sempet ngenteni kira-kira limolas menit ben iso entuk panggon, merga bek blok wektu iku. Disaranke lak sir mrana sore-sore.","Tempatnya cukup unik, rasa makanan standar, menu yang ditawarkan juga biasa, hanya saja yang menarik tempat dan keunikannya, cara memanggil pelayannya dengan memukul kentongan,. Aku pas ke sana pada malam hari, ditambah hujan, udaranya cukup dingin menusuk tulang, sempat menunggu kira-kira 15 menit untuk bisa dapat tempat, karena penuh blok pada saat itu. Disarankan kalau mau ke sana sore-sore.","Tempatnya lumayan unik, rasa makanan biasa, menu yang ditawarkan juga biasa, hanya tempat dan keunikannya yang menarik, cara menyapa pelayan dengan menggunakan kentongan,. Saya saat ke sana malam hari, ditambah hujan, udara lumayan dingin menusuk tulang, sempat menunggu kira-kira lima puluh menit baru bisa dapat tempat, karena hujan blok waktu itu. Disarankan jika ke sana sore-sore.",0.9700403809547424
"Ning pilkada 2018, polri dijaluk ningkatne pengamanan ning sekitar tps.","Dalam pilkada 2018, polri diminta meningkatkan pengamanan di sekitar tps.","Dalam pilkada 2018, polri diminta tingkatkan pengamanan di sekitar tps.",0.9913934469223022
"Ora bosen apa film indonesia sing main deknen terus, udu ngomong deknen ora apik, nanging yen pemaine kuwi kuwi bae uga bosen ndheloke.","Tidak bosan apa film indonesia yang main dia terus, bukan bilang dia tidak bagus, tetapi kalau pemain itu itu melulu jenuh juga melihatnya.","Tidak bosan apa film indonesia yang main deknen terus, tidak ngomong deknen tidak baik, tapi kalau pemaine kuwi kuwi juga bosen mendadak.",0.9186915159225464
Wingi Dian tuku kathok anyar liwat aplikasi Lazada,Kemarin Dian membeli celana baru lewat aplikasi Lazada,Kemarin Dian beli paket internet baru lewat aplikasi Lazada,0.9600126147270203
"Dhewe arep menyang lembang kanthi kahanan luwe. Pas ndhelok saung pengkolan iki dhewe langsung mandhek kanggo mangan. Dhewe milih lesehan ing tingkat 2 dadi entuk pemandangan sek apik. Pesenane dhewe yaiku cumi goreng glepung, gurame goreng krispi, oseng genjer lan rong menu tahu sek aku lali jenenge. Umume ora ana sek istimewa saka hidangan kuwi. Mbok menawa pilihanku. Lanjutane","Kami dalam perjalanan ke lembang dalam keadaan lapar. Saat melihat saung pengkolan ini kami langsung berhenti untuk makan. Kami memilih lesehan di lantai 2 sehingga mendapatkan pemandangan yang indah. Pesanan kami adalah cumi goreng tepung, gurame goreng crispy, tumis genjer dan dua menu tahu yang saya lupa namanya. Secara keseluruhan tidak ada yang istimewa dari hidangan tersebut. Mungkin pilihan saya. Lanjutan","Kami berencana ke lembang dengan kondisi cuaca. Saat melihat saung pengkolan ini kami langsung tertarik untuk makan. Kami memilih lesehan di tingkat 2 sehingga dapat pemandangan yang lebih baik. Pesanan kami adalah cumi goreng tepung, gurame goreng krispi, oseng genjer dan dua menu tahu yang saya lupa namanya. Secara umum tidak ada yang istimewa dari hidangan tersebut. Mungkin pilihan saya. Selanjutnya",0.9694579839706421
Entuk bonus tcahs 12.500 nanging ora isa dienggo kanggo tuku pulsa sing regane 10 ewu h aneh,Dapat bonus tcash 12.500 tapi tidak bisa dipakai buat beli pulsa yang seharga 10 ribu h aneh,Dapat bonus tcahs 12.500 tapi tidak bisa dipakai untuk beli pulsa yang harganya 10 ribu aneh,0.9592821598052979
"Kaping kapisan aku marang rana, meja-meja mulai tuwa lan uga menu panganan sing ora patio variatif. Nanging regane ora bisa diomong murah, amarga kudune kanthi rega-rega sakmono bisa entuk sing luwih apik. Utamane pas aku marang kamar mandi, reged tenan lan mambu ora enak:","Saat pertama ke sana, meja-meja mulai usang dan juga menu makanan yang tidak begitu bervariatif. Namun harganya tidak bisa dibilang murah, karena seharusnya dengan harga-harga segitu bisa dapat yang lebih baik. Terutama saat saya ke toilet, sangat kotor dan berbau tidak sedap:","Pertama kali saya ke rana, meja-meja mulai tua dan juga menu makanan yang tidak terlalu bervariatif. Namun harganya tidak bisa dibicarakan murah, karena seharusnya dengan harga-harga sejenis bisa mendapatkan yang lebih baik. Terutama ketika saya ke kamar mandi, sangat kotor dan bau tidak enak:",0.9685702323913574
"Ombean apa sih kok cara nggombene aneh, rasane uga aneh maneh","Minuman apa sih kok cara minumnya aneh, rasanya aneh juga lagi","Omben apa sih kok cara ombennya aneh, rasanya juga aneh lagi",0.9431757926940918
"Tanggal 12 february iku ulang taune pacarku, lan aku ngajak dee dinggo mangan nyang sawiji restoran sing terkenal ning surabaya. Aku pengen menehi kado ulang taun karo mangan sing enak ning kana. Nanging. Pas iku aku teka kira kira jam setengah 3. Panggon kebeg dadi awakdewe kudu ngenteni. Daftar tunggu pas kuwi sekitar 4 meja.","Tanggal 12 february adalah ulang tahun pacar saya, dan saya mengajak dia untuk makan di sebuah restaurant yang terkenal di surabaya. Saya ingin memberi kado ulang tahun dengan makan yang enak di sana. Tapi. Saat itu saya datang kira kira jam setengah 3. Tempat penuh sehingga kami harus menunggu. Daftar tunggu pada saat itu sekitar 4 meja.","Tanggal 12 februari adalah ulang tahun pacarku, dan saya mengajak dee untuk makan ke sawiji restoran yang terkenal di surabaya. Saya ingin memberikan kado ulang tahun dengan makan yang enak di sana. Namun. Saat itu saya datang kira kira jam setengah 3. Tempat penuh jadi kami harus menunggu. Daftar tunggu saat itu sekitar 4 meja.",0.9817216992378235
"Ora seneng ndelok bocah sma saiki, yen nganggo jilbab rambute pada disengajakake metu, maksude apa?","Tidak suka melihat anak sma sekarang, kalau pakai jilbab rambutnya pada disengajakan keluar, maksudnya apa?","Tidak suka melihat anak sma sekarang, kalau pakai jilbab rambutnya dipaksa keluar, tujuannya apa?",0.962575376033783
Calon-calon pemimpin negeri iki cukup kuwat nyiapake strategi kanggo kemenangane.,Calon-calon pemimpin negeri ini cukup kuat mempersiapkan strategi untuk kemenangannya.,Calon-calon pemimpin negara ini cukup kuat mempersiapkan strategi untuk kemenangannya.,0.9956557154655457
Adikku lagi ndhelok harry potter ing trans tv,Adik saya sedang menonton harry potter di trans tv,Adikku sedang menonton harry potter di trans tv,0.9570721983909607
"Salah siji restoran paling tak senengi ning bandung. Panggonane nylepit, nanging isih kenek dijangkau. Menu panganane enak, sunda banget. Pemadangane ya apik, kahanane pancen nggarai mripat lan ilat kabeh puas. Bar mangan sampek wareg. maleh sir turu ning saunge.","Salah satu restoran favorit saya di bandung. Lokasinya terpencil, tetapi masih terjangkau. Menu makanannya enak, sunda sekali. Pemandangannya indah, suasananya memang membuat mata dan lidah semua terpuaskan. Selesai makan sampai kenyang, jadi ingin tidur di saungnya.","Salah satu restoran paling saya sukai di bandung. Tempatnya nempel, tapi masih terjangkau. Menu makanan enak, sunda banget. Pemandangannya ya bagus, tempatnya memang bikin perut dan lidah semua puas. Baru makan sampai kenyang. lagi sir turu di saung.",0.9495338797569275
Endi taring kpk? Kasus ecek-ecek puluan yuta kowe cekel senajan nganti ing bolongan semut! Waras kowe kpk?,Mana taring kpk? Kasus ecek-ecek puluhan juta kamu tangkap sampai ke lubang semut sekalipun! Waraskah anda kpk?,Siapa taring kpk? Kasus ecek-cek puluan yuta kau cekel cuma karena sampai di lubang semut! Waras kau kpk?,0.9272640347480774
"Menu ning panggen iki asline sederhana banget nanging sing nduwe kreatif. Sajian mie, roti lan panganan penutupe di campur karo rena-rena pilihan. Panggone asik dingge nglumpuk karo kanca-kanca. Dingge regane ora tek larang sumbut karo rasane.","Menu di tempat ini sebetulnya sederhana banget tapi pemiliknya kreatif. Sajian mie, roti dan makanan penutupnya di mix sama berbagai pilihan. Tempatnya asik buat berkumpul dengan teman-teman. Untuk harganya tidak terlalu mahal sesuai sama rasanya.","Menu di tempat ini aslinya sederhana banget tapi yang punya kreatif. Sajian mie, roti dan makanan penutupnya di campur dengan berbagai pilihan. Tempatnya asik buat ngumpul sama teman-teman. Untuk harganya tidak terlalu mahal dibandingkan dengan rasa.""",0.9636175632476807
"Restoran kanthi metode penyajian bedha. Piring panggonan mangan diganti karo godhong gedhang. Menu panganan khas sunda kanthi citarasa sing enak. Saka segi rega cukup kakancan, panggonan mangan amba lan akeh pilian meja, parkir cukup amba.","Restoran dengan metode penyajian berbeda. Piring tempat makan diganti dengan lembaran daun pisang. Menu makanan khas sunda dengan citarasa yang enak. Dari segi harga cukup bersahabat, tempat makan luas dan banyak pilihan meja, parkir cukup luas.","Restoran dengan metode penyajian beda. Piring tempat makan diganti dengan daun pisang. Menu makanan khas sunda dengan rasa yang enak. Dari segi harga cukup terjangkau, tempat makan luas dan banyak pilihan meja, parkir cukup luas.",0.9841834306716919
"Restoran alas daun nyajikake menu khas sunda sek ora beda adoh karo restoran khas sunda liyane, nanging sek nggawe beda yaiku ora nganggo piring lan mung diwenehi godhong gedhang sek diselehake ing meja sek ngganteni piring. Dadi kaya uwong ing India sek mangan didhasarkae godhong gedhang.","Restoran alas daun menyajikan menu khas sunda yang tidak jauh berbeda dengan restoran khas sunda lainnya, tapi yang membuatnya berbeda adalah tanpa piring, dan hanya diberi daun pisang yang diletakkan di meja sebagai pengganti piring. Jadi mirip orang di india yang makan beralaskan daun pisang.","Restoran alas daun menyajikan menu khas sunda yang tidak berbeda jauh dengan restoran khas sunda lainnya, namun yang membuat beda adalah tidak menggunakan piring dan hanya diberikan daun pisang yang diletakkan di atas meja sebagai pengganti piring. Jadi seperti orang di India yang makan didasarkan pada daun pisang.",0.9697085618972778
Rasa sotone miturutku pedes nanging gurih. Ngombe sirup markisa sing seger karo es liline sing enak.,Rasa sotonya menurut saya pedas tapi gurih. Minum sirup markisa yang segar sama es lilinnya yang enak.,Rasa sotone menurut saya pedas tapi gurih. Minum sirup markisa yang segar dengan es loli yang enak.,0.968811571598053
"Aku mara ning restoran iki kanggo mangan wengi bareng rencang. Aku mesen stik pithik sing sebenere aku lali jenenge. Rasane biasa banget wae, anyep. Pithike kandhel lan krasa atos lan garing banget. Ora ana sing istimewa.","Saya mengunjungi restoran ini untuk makan malam bersama teman. Saya memesan steak ayam yang sebenarnya saya lupa namanaya. Rasanya sangat biasa saja, hambar. Ayamnya tebal dan terasa keras dan kering sekali. Tidak ada yang istimewa.","Saya datang ke restoran ini untuk makan malam bersama teman. Saya memesan steak ayam yang sebenarnya saya lupa namanya. Rasanya biasa saja, hambar. Ayamnya keras dan terasa alot dan sangat kering. Tidak ada yang istimewa.",0.97495436668396
Dhewe kan saling sengit siji liyane kawit 4 taun kepungkur.,Kita kan saling membenci satu sama lain sejak 4 tahun yang lalu.,Kami saling sengketa satu sama lain sejak 4 tahun lalu.,0.9420429468154907
Bapak biasane nganggo semir sepatu kiwi,Ayah biasanya memakai semir sepatu kiwi,Ayah biasanya memakai semir sepatu kiwi,0.9999999403953552
Richeese factory yaiku restoran waralaba sing nyajikake pithik kanthi rasa pedes kanthi macem-macem level. Cocok tenan kanggo kowe sing tresna rasa pedes.,Richeese factory adalah restaurat waralaba yang menyajikan ayam dengan rasa pedas dengan berbagai level. Sangat cocok untuk anda pecinta rasa pedas.,Richeese factory adalah restoran waralaba yang menyajikan ayam dengan rasa pedas dengan berbagai level. Sangat cocok untuk anda yang menyukai rasa pedas.,0.9797410368919373
"Pas rapat ning hotel sensa, aku pesen batagor riri nganggo aplikasi gofood / gojek. Pesenan teka ora suwe merga tibake paket batagor lan siomay wes di-pak ning plastik vakum. Rega sing enek ning aplikasi gojek / gojek urung termasuk pajek segedhe 10%.","Saat rapat di hotel sensa, saya memesan batagor riri menggunakan aplikasi gofood / gojek. Pesanan tiba dalam waktu tidak lama karena ternyata paket batagor dan siomay sudah di-pack dalam plastik vakum. Harga yang tertera dalam aplikasi gojek / gojek belum termasuk pajak sebesar 10%.","Saat rapat di hotel sensa, saya memesan batagor riri menggunakan aplikasi gofood / gojek. Pesanan tiba tidak lama karena tiba paket batagor dan siomay sudah di-pak di plastik vakum. Harga yang tertera di aplikasi gojek / gojek belum termasuk pajak sebesar 10%.",0.9851531982421875
Aku moro ing restoran iki ora pas jam mangan awan. Nanging restorane lumayan rame lan untunge awakdewe isa ndang entuk panggonan lungguh. Lebar lungguh panganan lan ombenane langsung disajikake. Sambel ijone kurang karasa pedes kanggo awakdewe. Panganane enak cukup puas mangan ing kene.,Saya mengunjungi restoran ini bukan saat jam makan siang. Tapi restorannya cukup ramai dan untungnya kami bisa cepat dapat duduk. Begitu duduk makanan dan minuman langsung dihidangkan. Sambal hijaunya kurang terasa pedas buat kami. Makanan enak cukup puas makan di sini.,Saya makan di restoran ini tidak tepat waktu makan siang. Namun restorannya cukup ramai dan untungnya kami bisa dapat tempat duduk. Lebar tempat makan dan minuman langsung disajikan. Sambal yang saya makan kurang terasa pedas untuk kami. Makanan enak cukup puas makan di sini.,0.9653899073600769
"Gampang cemburu ndelok dee guyonan karo wedokan, nanging awakdewe uduk sopo-sopone","Suka cemburu melihat doi bercanda sama cewek, tetapi kita bukan siapa-siapanya","Mudah cemburu melihat dee guyonan dengan pacarnya, tapi kami sudah apa-apa",0.9141108393669128
Pungkasane aku mangan pesen lewat pesen kirim. Anakku seneng tenan gedel isi iwake. Restoran jaman mbien sing terkenal tenan. Regane sing cukup kajangkau kantong sak lan rasa panganane sing cukup enak.,Terakhir saya makan pesan via delivery order. Anak saya sangat suka perkedel isi daging -nya. Restoran zaman dahulu yang sangat terkenal. Harga yang cukup terjangkau kantong dan rasa masakan yang cukup enak.,Akhirnya saya makan memesan lewat pesan kirim. Anak saya sangat suka isi paketnya. Restoran zaman dulu yang sangat terkenal. Harga yang cukup terjangkau kantong dan rasa makanannya yang cukup enak.,0.9576115608215332
Parkiran angel bnaget sampek muter ping 3. Saran: Parkir ning cedek hotel ae terus mlaku. Restoran ning area perumahan.,Parkiran susah bener sampai berputar 3x. Saran: Parkir di dekat hotel saja terus jalan kaki. Restoran di area perumahan.,Parkiran susah sekali sampai muter 3 kali. Saran: Parkir di dekat hotel saja terus jalan. Restoran di area perumahan.,0.9675734043121338
"Aku gumun karo telkomsel, kuotane akeh kok nanging cepet banget enteke, padahal ora akeh mbukak aplikasi abot. Nyurigakake","Suka heran sama telkomsel, kuotanya banyak kok tapi cepat banget abisnya, padahal tidak banyak buka aplikasi berat. Mencurigakan","Saya heran dengan telkomsel, kuotanya banyak kok tapi cepat banget entah, padahal tidak banyak membuka aplikasi berat. Menyesalkan",0.9496344923973083
Bocah saiki lagek gerang wis wani nyolong,Anak sekarang baru gede sudah berani mencuri,Anak-anak zaman sekarang sudah berani mencuri,0.9173022508621216
"Nduwe kesempatan nikmati santap isuk merga lagi nginep ning hotel iki. Minangka pengunjung anyar kaya aku lan paling sing liyane isa ae bakal antusias merga suwasana santap isuk sing diwernani karo pemandangan saka sisih wetan, merga saka sisih kuwi ana kaendahan bangunan hotel sepisan kolam renange. Liyane kuwi uga ana barisan bukit lan nggunung bakal nambah pengenan dingge foto-foto.","Berkesempatan menikmati santap pagi karena sedang menginap di hotel ini. Sebagai pengunjung baru seperti saya dan mungkin yang lainnya barangkali akan antusias terhadap suasana santap pagi yang diwarnai dengan pemandangan dari sisi timur, karena dari sisi tersebut terdapat keindahan bangunan hotel berikut kolam renangnya. Selain itu juga terdapat barisan bukit dan pegunungan akan menambah keinginan untuk berfoto ria.","Memiliki kesempatan menikmati makan siang karena sedang menginap di hotel ini. Sebagai pengunjung baru seperti saya dan yang lain pun bisa sangat antusias karena suasana makan siang yang dihiasi dengan pemandangan dari sisi timur, karena dari sisi itu ada keindahan bangunan hotel pertama kolam renangnya. Selain itu juga ada barisan bukit dan gunung yang akan menambah keinginan untuk foto-foto.",0.9513182044029236
"Telekomunikasi ora mung kanggo kutha gedhe, nanging uga nganthi marang daerah pelosok lan perbatasan negara cc: Telkomsel","Telekomunikasi bukan hanya untuk kota besar, tapi juga sampai ke daerah pelosok dan perbatasan negara cc: Telkomsel","Telekomunikasi bukan hanya untuk kota besar, tetapi juga ke daerah pelosok dan perbatasan negara cc: Telkomsel",0.9933534860610962
Apike wektu turu paling sithik iku limang jam.,Sebaiknya jam tidur minimal lima jam.,Apik waktu tidur paling sedikit itu lima jam.,0.904198169708252
"Aku bareng kanca kerja sengaja nyoba mangan awan ning kene, kanggo panggonan kagolong cukup kapenak yen ning lantai dhuwur. Rasa pithik bakar ning kene tenan dak rekomendasikake karo sambel pelem.","Saya bersama rekan kerja sengaja mencoba makan siang di sini, untuk tempat terbilang cukup nyaman jika di lantai atas. Rasa ayam bakar di sini sangat saya rekomendasikan bersama sambal mangga.","Saya bersama rekan kerja sengaja mencoba makan awan di sini, untuk tempatnya tergolong cukup nyaman jika di lantai atas. Rasa ayam bakar di sini sangat rekomendasikan dengan sambal pelem.",0.9675112962722778
Aku gela karo pelayanane. Siktasan aku pesen grabfood pesenen ora diterna nanging wis dimarekne. Tulung gae selektif milih tukang nyambut gawe.,Saya kecewa dengan pelayanannya. Barusan saya pesan grabfood pesanan tidak diantar tapi sudah diselesaikan. Mohon untuk selektif memilih pekerja.,Saya tidak suka dengan pelayanannya. Sifatnya saya pesan grabfood pesanan tidak terhitung tapi sudah dimarkankan. Tolong beri selektif memilih tukang sambut tamu.,0.925665020942688
"Wis ilang handphone xiaomi redmi note 5 werna gold 64 / 4 ning daerah duri kidul, jembatan lima, tambora, jakarta barat.","Telah hilang handphone xiaomi redmi note 5 warna gold 64 / 4 di daerah duri selatan, jembatan lima, tambora, jakarta barat.","Sudah hilang handphone xiaomi redmi note 5 warna gold 64 / 4 di daerah duri selatan, jembatan lima, tambora, jakarta barat.",0.9966448545455933
Aku ora kuciwa karo produke apple,Saya tidak kecewa dengan produk apple,Saya tidak kecewa dengan produk apple,0.9999999403953552
"Youtube saben dina saya akeh iklane, njengelake!","Youtube semakin hari semakin banyak iklannya, menyebalkan!","Youtube setiap hari saya banyak iklannya, menjengkelkan!",0.9296932816505432
"Iku indomie karo mangkoke wis wira-wiri, kepisah sisan isi lan adahe.","Itu indomie sama mangkoknya sudah berkeliaran, terpisah pula isi sama wadahnya.","Itu indomie dengan mangkok sudah berulang kali, terpisah sisa isi dan adahe.",0.9126113057136536
Dhewe marang kafe iki kanggo mangan serabi. Serabine kanggo dhewe kandel banget ing bagian tengah. Akeh tenan piliah topping serabine nganti mumet milihe. Ternyata regane luwih larang saka warung setiabudi. Kuciwa.,Kami ke kafe ini untuk makan serabi. Serabinya bagi kami terlalu tebal di bagian tengah. Banyak sekali pilihan topping serabi sampai pusing memilihnya. Ternyata harganya lebih mahal dari warung setiabudi. Kecewa.,Kami ke kafe ini untuk makan serabi. Serabinya untuk kami sangat keras di bagian tengah. Banyak sekali pilihan topping serabinya sampai pusing memilih. Ternyata harganya lebih mahal dari warung setiabudi. Kecewa.,0.9863787293434143
"Bistik murah, cocok kanggo sing anggarane cilik nanging pingin mangan murah lan wareg, kajaba bistik uga panganan liyane enak lan murah. Susanane lumayan rame, umume akeh kaluwarga utawa bocah sekolahan.","Steak murah, cocok untuk yang budgetnya kecil tapi ingin makanan murah dan kenyang, selain steak juga makanan lainnya enak dan murah. Suasananya lumayan ramai, biasanya banyak keluarga atau anak sekolahan.","Bistik murah, cocok buat yang anggaran kecil tapi ingin makan murah dan enak, selain bistik juga makanan lain yang enak dan murah. Suasananya lumayan ramai, umumnya banyak keluarga atau anak sekolah.",0.9638073444366455
"Pertemuan antarane pihak bank bri, bpbat sungai gelam - jambi, lan pokdakan sek ana ing desa pudak. Kanggo ngrembug bentuk panyaluran dana csr saka bank bri","Pertemuan antara pihak bank bri, bpbat sungai gelam - jambi, dan pokdakan yang ada di desa pudak. Untuk mendiskusikan bentuk penyaluran dana csr dari bank bri","Pertemuan antara pihak bank bri, bpbat sungai gelam - jambi, dan pokdakan sek yang ada di desa pudak. Untuk membahas bentuk panyaluran dana csr dari bank bri",0.9767888188362122
"Panggonan iki menarik tenan, pemandangan apik, ana arena dolanan ing njaba kanggo sakulawarga. Tenan disaranake kanggo kaluwarga sing ndhuwe bocah cilik. Panganan halal lan menu rena-rena.","Tempat ini sangat menarik, pemandangan bagus, ada arena bermain di luar untuk sekeluarga. Sangat disarankan untuk keluarga dengan anak kecil. Makanan halal dan menu bervariasi.","Tempat ini sangat menarik, pemandangan bagus, ada area bermain di luar untuk seluruh keluarga. Sangat disarankan untuk keluarga yang memiliki anak kecil. Makanan halal dan menu beragam.",0.9772845506668091
"Hotel arep check-in wae ruwet. Nunggu amarga ngresiki kamar suwe banget, gela lah. Iki pisanane aku mrana. Terus langsung diwenehi kesan pisanan sing ora apik.","Hotel mau  check-in aja ribet. Menunggu karena membersihkan kamar lama banget, kecewa dah. Ini pertama kalinya gue ke sana. Terus langsung dikasih first impression yang tidak bagus.","Hotel mau check-in saja berantakan. Menunggu karena membersihkan kamar lama sekali, jengkel lah. Ini juga pertama kali saya ke sana. Terus langsung diberikan kesan pertama yang tidak baik.",0.9524745941162109
"Amarga kartu oktrip wektu iki yaiku saka bni, mulakna isi ulang isa dilakokake ing mitra-mitra sing kerja sama karo bni.","Karena kartu oktrip saat ini adalah dari bni, maka isi ulang bisa dilakukan di mitra-mitra yang bekerjasama dengan bni.","Karena kartu oktrip saat ini adalah dari bni, pengisian ulang dapat dilakukan di mitra-mitra yang bekerja sama dengan bni.",0.9788134098052979
Ngge kabeh seh apik. Karyawane yo grapyak grapyak. Lan pemandangane apik. Nanging panganane kelarangen. Larang banget malah. Dompet kudu kandel.,Secara keseluruhannya sih bagus. Karyawanya juga ramah ramah. Dan pemandangannya bagus. Tapi makanannya terlalu mahal. Mahal banget malah. Dompet harus tebal.,Sangat baik semua deh. Karyawan ramah ramah. Dan pemandangannya bagus. Tapi makanannya mahal banget. Sangat mahal malah. Dompet harus tebal.,0.9635011553764343
"Mangan karo kaluwarga bakal luwih nyenengake kanthi kabeh fasilitas sing ana. Lokasine sing apik, panganane sing cukup enak kanthi aneka werna pilian. Lan pemandangan lan suwasana dadi andalan","Makan bersama keluarga akan lebih menyenangkan dengan semua fasilitas yang ada. Lokasi yang bagus, makanan yang cukup enak dengan beragam pilihan. Dan pemandangan serta suasana jadi andalan","Makan bersama keluarga akan lebih menyenangkan dengan semua fasilitas yang ada. Lokasinya yang bagus, makanannya yang cukup enak dengan berbagai pilihan. Dan pemandangan serta suasana menjadi andalan",0.9858499765396118
"Sega goreng mafia sing manggon ning dalan setiabudi awakdewe pilih merga pingin golek panganan sing cepet. Ditambah yaiku salah siji kuliner sing wajib diparani ning bandung. Aku milih sega goreng sing favorit ning kene yaiku sega goreng bandit sing tingkat pedese ning level 3. Panganan sing disajikne cukup cepet, nanging sayange sega goreng sing tak pesen segane atos, bumbon rempahe ketutupan.","Nasi goreng mafia yang terletak di jalan setiabudi kami pilih karena ingin mencari makanan yang cepat. Ditambah merupakan salah satu kuliner yang wajib dikunjungi di bandung. Saya memilih nasi goreng yang favorit di sini yaitu nasi goreng bandit hingga tingkat kepedasan di level 3. Makanan yang disajikan cukup cepat, namun sayangnya nasi goreng yang saya pesan nasinya keras, bumbu rempahnya tertutupi.","Sate goreng mafia yang berada di jalan setiabudi kami pilih karena ingin mencari makanan yang cepat. Ditambah lagi ya satu kuliner yang wajib dikunjungi di bandung. Saya pilih sate goreng yang favorit di sini adalah sate goreng bandit yang tingkat pedasnya di level 3. Makanan yang disajikan cukup cepat, namun sayangnya sate goreng yang saya pesan sudah keras, bumbu rempahnya tertutup.",0.9663816690444946
Iki yaiku sop stengkel paling enak ning aceh tamiang.,Ini adalah sop stengkel terenak di aceh tamiang.,Ini adalah sup stik paling enak di aceh tamiang.,0.9402868151664734
Kanggo kakang admin tulung doooooonk bales pesen langsungku,Untuk kakak admin tolong doooooonk balas pesan langsung saya,Untuk kak admin tolong balas pesan saya langsung ya,0.9120028614997864
"Pemandangan sing utama ing sky lounge grandia iki memang isa ngeculake keselmu. Malah isa dadi, para pelancong nggolek area iki ndhisik, dibandingake ngaso ing kamar.","Pemandangan yang utama di sky lounge grandia ini memang dapat melepas penat anda. Bahkan bisa jadi, para pelancong mencari area ini terlebih dahulu, dibandingkan beristirahat di kamar.","Pemandangan yang utama di sky lounge grandia ini memang bisa membuat terpesona. Bahkan bisa jadi, para pelancong mencari area ini lebih dulu, dibandingkan beristirahat di kamar.",0.9745163917541504
"Dhewe teka panggonan iki amarga lokasine sing cedhak karo panggonan dhewe nginep. Dhewe mesen sega bakar lan pasta. Sega bakare enak, akeh pilian, lan ora pedes, isa kanggo bocah-bocah. Dene pasta mung ana sak macem, nanging rasane uga enak. Rega panganan uga ora larang lan kajangkau kanggo panganan ing ngisor 30 ewu. Ing panggonan iki uga gratis wifi.","Kami mengunjungi tempat ini karena lokasinya yang berdekatan dengan tempat kami menginap. Kami memesan nasi bakar dan pasta. Nasi bakarnya enak, banyak pilihan, dan tidak pedas, bisa untuk anak-anak. Sedang pasta hanya ada satu macam, namun rasanya pun enak. Harga makanan pun tidak mahal dan terjangkau untuk makanan di bawah 30 ribu. Di tempat ini juga gratis wifi.","Kami datang ke tempat ini karena lokasinya dekat dengan tempat kami menginap. Kami memesan nasi bakar dan pasta. Nasi bakarnya enak, banyak pilihan, dan tidak pedas, cocok untuk anak-anak. Sedangkan pasta hanya ada beberapa jenis, tetapi rasanya juga enak. Harga makanan juga tidak mahal dan terjangkau untuk makanan di bawah 30 ribu. Di tempat ini juga gratis wifi.",0.9855392575263977
"Kanggo ngenthukne pemandangan sing apik kanthi cahyo lampu warna-warni, apike teka ing wayah wengi. Amarga nduweni latar mburi pemandangan jembatan Pasupati sing dadi simbol kota.","Untuk mendapatkan pemandangan yang bagus dengan cahaya lampu warna-warni, sebaiknya berkunjung pada malam hari. Karena memiliki latar belakang pemandangan jembatan Pasupati yang merupakan simbol kota.","Untuk menikmati pemandangan yang indah dengan cahaya lampu warna-warni, terbaiknya datang di malam hari. Karena memiliki latar belakang pemandangan jembatan Pasupati yang menjadi simbol kota.",0.978949248790741
"Aku teka ning resto sapulidi iki merga ana rekomendasi saka internet sing tau tak waca lak pemandangan sing apik banget lan panggon mangan pas ning sawah sing nggarai aku sir teka nyang panggon iki. Nanging pas aku teka kabeh ganti dadi elek, mulai panggon parkir sing isa diarani enek, dalan akses amoh lan panggon akses sing cilik.","Saya datang ke resto sapulidi ini karena rekomendasi dari internet yang pernah saya baca bahwa pemandangan yang sangat bagus dan tempat makan tepat di sawah yang membuat saya tertarik untuk datang ke tempat ini. Namun ketika saya sampai semua hal berubah menjadi buruk, mulai dari tempat parkir yang bisa dikatakan tersedia, jalan akses rusak dan kecilnya tempat akses.","Saya datang ke resto sapulidi ini karena ada rekomendasi dari internet yang pernah saya baca kalau pemandangan yang sangat bagus dan tempat makan di sawah yang membuat saya tertarik datang ke tempat ini. Tapi ketika saya datang semuanya berubah menjadi jelek, mulai tempat parkir yang bisa disebut penuh, jalan akses sempit dan tempat akses yang kecil.",0.9739120602607727
"Amarga ngelih, aku pesen indomie.","Karena lapar, saya pesan indomie.","Karena lapar, saya memesan indomie.",0.9899177551269531
"Sate wedhus lan gule wedhuse maknyus, penyajian panganane uga cepet tenan. Panggonane cukup resik","Sate kambing dan gulai kambingnya maknyus, penyajian makanannya juga sangat cepat. Tempatnya cukup bersih","Sate udang dan gulai udangnya memuaskan, penyajian makanannya juga cepat sekali. Tempatnya cukup bersih",0.9666286110877991
"Sup guramene enak, pelayanane cepet, grapyak. Restoran resik. Amarga porsi sega sithik tenan, kanggo sing doyan mangan mesthi nambah.","Sup guramenya enak, pelayanan cepat, ramah. Restoran bersih. Karena porsi nasi sangat sedikit, buat yang doyan makan pasti menambah.","Sup guramene enak, pelayanannya cepat, ramah. Restoran bersih. Karena porsi nasi sangat sedikit, untuk yang suka makan pasti tambahkan.",0.9769129753112793
"Restorane ana pemandangan curuge, panggonan mangan kaya saung. Saunge ana akeh saka ngisor munggah nganthi ing ndhuwur, saya munggah saya katon pemandangan curuge.","Restorannya ada pemandangan air terjunnya, tempat makan berupa saung. Saungnya ada banyak dari bawah naik hingga ke atas, semakin ke atas semakin terlihat pemandangan air terjunnya.","Restorannya ada pemandangan air terjun, tempat makan seperti saung. Saungnya ada banyak dari bawah naik ke atas di atas, saya naik saya lihat pemandangan air terjunnya.",0.9680454730987549
"Pelayane grapyak. Nggarai terus pingin teka maneh. Kebeneran uga kerep nginep ning kene, hotele resik lan pemandangane saka kamar hotel apik.","Pelayannya ramah. Bikin selalu ingin datang kembali. Kebetulan juga sering menginap di sini, hotelnya bersih dan pemandangan dari kamar hotel bagus.","Pelayan ramah. Karena selalu ingin kembali datang. Kebetulan juga sering menginap di sini, hotelnya bersih dan pemandangannya dari kamar hotel bagus.",0.986126184463501
"Mangan mbengi karo kabeh kaluwarga ing dina ulang taun bojo ndhuweni kesan tenan kanthi suasana sing narik ati ing hotel. Pelayanan sing grapyak tenan saka mas tian. Ora kudu ngenteni suwi, panganan lan ombean sing dipesen.","Makan malam bersama seluruh keluarga di hari ulang tahun suami menjadi sangat berkesan dengan suasana yang menawan di hotel. Pelayanan yang sangat ramah dari mas tian. Tidak perlu menunggu lama, makanan dan minuman yang dipesan.","Makan malam bersama seluruh keluarga di hari ulang tahun kakek sangat berkesan dengan suasana yang menarik di hotel. Pelayanan yang ramah sekali dari mas tian. Tidak perlu menunggu lama, makanan dan minuman yang dipesan.",0.9829089045524597
"Obong terus pak, suwek-suwek wae persatuan lan kesatuan Indonesia nganggo retorika mu.","Bakar terus pak, cabik-cabik saja persatuan dan kesatuan Indonesia dengan retorika mu.","Terus berteriak pak, berdebat-debat saja persatuan dan kesatuan Indonesia dengan retorika mu.",0.9540436267852783
"Manggon ana ing pinggiran bukit, panggonane amba, nyenengake lan nyaman. Nduwe pemandangan sek nyenengake mripat, kaya gunung, kebon, lan kutha bandung nalika didhelok saka ndhuwur. Pegawaine cekatan lan grapyak. Menu panganane akehe menu steak sanajan uga ana menu sega goreng, gurame, lan liya-liyane. Restoran sing direkomendasikake kanggo diparani nalika teka ing bandung.","Terletak di tepi bukit, tempatnya luas, menyenangkan dan nyaman. Memiliki pemandangan yang memanjakan mata, seperti gunung, perkebunan, dan kota bandung jika dilihat dari atas. Pegawainya cekatan dan ramah. Menu makanan di dominasi oleh menu steak walaupun ada juga menu nasi goreng, gurame, dll. Restoran yang direkomendasikan untuk dikunjungi ketika datang ke bandung.","Berada di pinggiran bukit, tempatnya luas, menyenangkan dan nyaman. Memiliki pemandangan yang sangat menyenangkan mata, seperti gunung, kebun, dan kota bandung ketika dilihat dari atas. Stafnya cekatan dan ramah. Menu makanan yang banyak steak meskipun ada menu nasi goreng, gurame, dan lain-lain. Restoran yang direkomendasikan untuk dikunjungi ketika datang ke bandung.",0.9637974500656128
Bca lagi ngadakake acara ulang tahun lan ngundang kabeh karyawane kanggo melu acara kuwi.,Bca sedang mengadakan acara ulang tahun dan mengundang seluruh karyawannya untuk mengikuti acara tersebut.,Bca lagi mengadakan acara ulang tahun dan mengundang seluruh karyawannya untuk ikut acara tersebut.,0.9842198491096497
"Kawit mbukak cendana bistro aku wis njajal panganan, dinggo aku kurang cocok, panganane biasa-biasa ora ana sing spesial.","Sejak buka cendana bistro saya sudah coba makanan, untuk saya kurang cocok, makanannya biasa-biasa tidak ada yang spesial.","Sejak pembukaan cendana bistro saya sudah mencoba makanan, untuk saya kurang cocok, makanannya biasa-biasa saja tidak ada yang spesial.",0.9910793304443359
Minimal biaya transaksi wulan 11 sing kudune dibalekake wulan 12 wingi ora mlebu ing rekeningku kie.,Minimal biaya transaksi bulan 11 yang harusnya direfund bulan 12 kemarin tidak masuk ke rekening saya nih.,Minimal biaya transaksi bulan 11 yang seharusnya dibebankan bulan 12 kemarin tidak masuk ke rekening saya sekarang.,0.9633846282958984
"Sakwise kalap blanja, dhewe mutusake kanggo mangan ing warung tenda pinggir dalan. Ana ing lelungan marang hotel, dhewe lewat dalan cilik kanggo nyingkir saka macet, lan ketemu warteg iki. Pas teka rame banget! Dhewe kudu antri sediluk. Dhewe pesen sega uduk, pithik bakar madu, usus, kubis goreng. Rasane enak! Pithik bakar madune parah nggawe kemaningan banget!","Setelah kalap belanja, kami memutuskan untuk makan di warung tenda pinggir jalan. Dalam perjalanan pulang ke hotel, kita lewat jalan kecil untuk menghindari macet, dan bertemu warteg ini. Pas datang ramai banget! Kita mesti antre sebentar. Kami pesan nasi uduk, ayam bakar madu, usus, kol goreng. Rasanya enak! Ayam bakar madunya parah bikin ketagihan banget!","""Setelah kelaparan belanja, kami memutuskan untuk makan di warung tenda pinggir jalan. Saat berjalan menuju hotel, kami lewat jalan kecil untuk menghindari macet, dan menemukan warteg ini. Saat tiba ramai sekali! Kami harus antri lama. Kami pesan nasi ayam, ayam bakar madu, usus, kubis goreng. Rasanya enak! Ayam bakarnya madunya sangat membuat ketagihan banget!""",0.9579971432685852
Beritane sing ora berkualitas lan ora ndidik pol. Kebeg kepentingan lan golek rai.,Pemberitaanya yang tidak berkualitas dan sangat tidak mendidik. Penuh kepentingan dan pencitraan,Beritanya yang tidak berkualitas dan tidak mendidik baik. Berdasarkan kepentingan dan mencari keuntungan.,0.9206629395484924
Bakul alon nanggepi. Ana masalah suwe diurus. Nganti saiki barang urung diganti,Penjual lambat menanggapi. Ada kendala lama diurus. Sampai sekarang barang belum diganti,Bakul alon menanggapi. Ada masalah lama diurus. Hingga sekarang barang belum diganti,0.9445263743400574
Aja lewatke diskon langsung nganti Rp 10 yuta ning kene!,Jangan lewatkan diskon langsung hingga Rp 10 juta di sini!,Jangan lewatkan diskon langsung hingga Rp 10 juta di sini!,1.0
Pt kami lan 12 bank wis tapak asma pembiayaan lrt jabodetabek,Pt kami dan 12 bank sudah menandatangani pembiayaan lrt jabodebek,Pt kami dan 12 bank telah meneken kesepakatan pembiayaan lrt jabodetabek,0.9406607151031494
"Nembe ngerti babagan panggonan iki saka kanca, wektu dhewe teka pengunjunge ora patia akeh, dadi dhewe milih kanggo lungguh ing lantai loro karo nikmati pemandangan ing njaba. Mbengi kuwi lagi ana pagelaran musik, aku kurang ngerti apa pagelaran musik iki ana saben dina apa ora.","Baru tahu tentang tempat ini dari teman, waktu kami datang pengunjungnya tidak terlalu banyak, jadi kami memilih untuk duduk di lantai dua sambil menikmati pemandangan di luar. Malam itu sedang ada pertunjukan musik, saya kurang tahu apakah pertunjukan musik ini ada tiap hari atau tidak.","Baru mengerti tentang tempat ini dari teman, waktu kami datang pengunjungnya tidak terlalu banyak, jadi kami memilih untuk duduk di lantai dua dengan menikmati pemandangan di luar. Malam itu sedang ada pertunjukan musik, saya kurang tahu apakah pertunjukan musik ini ada setiap hari atau tidak.",0.9946475028991699
Aku pingin tuku 20 tiket dinggo laga persebaya vs arema sesok.,Saya ingin beli 20 tiket untuk laga persebaya vs arema besok.,Saya ingin beli 20 tiket untuk laga persebaya vs arema besok.,0.9999999403953552
"Panganan uwis oke, nanging kanggo nata panggonan lungguh kurang, katon rame banget dadi ora nyaman, rega lumayan kanthi kualitas sing kurang.","Makanan sudah oke, namun untuk penataan tempat duduk kurang, terlihat terlalu ramai sehingga tidak nyaman, harga lumayan dengan kualitas yang kurang.","Makanan sudah oke, tapi untuk tata tempat duduk kurang, terlihat ramai sekali jadi tidak nyaman, harga lumayan dengan kualitas yang kurang.",0.9774925708770752
"Aku seneng suwi-suwi ning kene, merga kahanane enak, pencahayaane apik, ana plihan isa ning jaba nggen utawa ning jero. Panganane lumayan.","Saya senang berlama-lama di sini, karena suasananya enak, pencahayaannya bagus, ada pilihan bisa di luar ruangan atau di dalam. Makanannya lumayan.","Saya suka sekali berada di sini, karena tempatnya enak, pencahayaannya bagus, ada pilihan bisa di luar atau di dalam. Makanan lumayan.",0.9710308909416199
Kabeh sing diomongne pak rocky iku ora ana dasare. Nggumun yo kok isa dadi profesor.,Semua yang diomongin sama pak rocky itu tidak berdasar. Heran ya kok bisa jadi professor.,Semua yang diomongnya pak rocky itu tidak ada dasarnya. Menyesatkan ya kok bisa jadi profesor.,0.9459020495414734
"Restoran iki nduweni lokasi sing prima ing bukit-bukit sing nduweni hawa sejuk lan pemandangan ijo nyegerake. Mesthi wae tujuan utamane yaiku masakan khas nusantara sing nikmat. Cekake, ngunjungi mrene dhewe entuk ngelakokake sisan wisata ilat, mripat, lan jiwa.","Restoran ini memiliki lokasi yang prima di perbukitan yang memiliki udara sejuk dan pemandangan hijau menyegarkan. Tentu saja tujuan utamanya adalah masakan khas nusantara yang nikmat. Singkatnya, berkunjung ke sini kita dapat melakukan sekaligus wisata lidah, mata, dan jiwa.","Restoran ini memiliki lokasi yang prima di bukit-bukit yang memiliki udara sejuk dan pemandangan hijau yang menyegarkan. Tentu saja tujuan utamanya adalah masakan khas nusantara yang nikmat. Cek, mengunjungi sini kami mendapatkan relaksasi sisa wisata hati, daging, dan jiwa.",0.9618235230445862
"Bojoku sek ora terlalu seneng karo ramen, kanggo siki deknen ngomong nek enak lan gurih. Deknen malah mesen maneh kanggo deknen sakwise nyicipi pesenanku.","Istri saya yang tidak terlalu suka ramen, untuk kali ini dia bilang enak dan gurih. Dia malah memesan lagi untuk dirinya setelah mencicipi pesanan saya.","""Bapakku tidak terlalu suka dengan ramen, untuk kali ini dia bilang enak dan gurih. Dia malah memesan lagi untuk dirinya sendiri setelah mencicipi pesanan saya.""",0.9702986478805542
Panggone nyaman. Rasane enak. Regane uga saat. Weduse ora prengus. Pokoke cocok kanggo wong sing seneng njajan wedus.,Tempatnya nyaman. Rasanya enak. Harganya juga saat. Kambingnya tidak bau. Pokoknya recomend buat pecinta kuliner kambing.,Tempatnya nyaman. Rasanya enak. Harganya juga pas. Udara tidak panas. Pokoknya cocok buat orang yang suka makan udang.,0.9420381188392639
"Salah siji restoran panganan laut paling apik ing kota iki. Apike teka pas preinan dina setu, yuyu isih apik lagi teka. Rega kompetitif, ora murah pancen nanging ora kelarangen kok.","Salah satu restoran seafood terbaik di kota ini. Sebaiknya datang pas liburan hari sabtu, kepiting masih bagus baru datang. Harga bersaing, tidak murah memang tapi tidak kemahalan kok.","Salah satu restoran makanan laut terbaik di kota ini. Terbaik datang saat pagi hari hari sabtu, suasana masih bagus datang. Harga kompetitif, tidak murah memang tapi tidak mahal kok.",0.9430606961250305
"Kanggo nggolek batagor sing asli, kowe ora perlu adoh-adoh nggoleke marang pelosok, cukup arahke kendaraan marang dalan saka djunjunan, dhewe isa nikmati batagor asli sing enak kanthi panggonan sing kapenak. Rasa batagor sing ditawakake ngugah salira tenan amarga batagor disajikake garing-garinge lan diguyang kuwah kacang sing seger","Untuk menemukan batagor yang otentik, anda tak perlu jauh-jauh mencarinya ke pelosok, cukup arahkan kendaraan ke jalan dari djunjunan, kita dapat menikmati batagor asli yang enak dengan tempat yang nyaman. Rasa batagor yang ditawarkan sangat menggugah selera karena batagor disajikan garing-garingnya serta disiram kuah kacang yang segar","Untuk mendapatkan batagor yang asli, anda tidak perlu jauh-jauh mencari di pelosok, cukup arahkan kendaraan ke jalan dari djunjunan, kami bisa menikmati batagor asli yang enak dengan tempat yang nyaman. Rasa batagor yang ditawarkan sangat menggugah selera saya karena batagor disajikan renyah-renyahnya dan disiram kuah kacang yang segar",0.9719733595848083
"Citarasane biasa wae, ora ana sek spesial. Kudune ngenteni cukup suwi nganti teka panganane, pelayane uga kurang grapyak.","Citarasa biasa saja, tidak ada yang spesial. Harus menunggu cukup lama datangnya makanan, pelayan juga kurang ramah.","Citarasa biasa saja, tidak ada yang spesial. Seharusnya menunggu cukup lama sampai datang makanannya, pelayan juga kurang ramah.",0.973332405090332
Roti ulang tahune spesial nganggo ndhog sakpiring ditambah mozzarella kanggo kowe,Kue ulang tahun spesial pakai telur sepiring plus mozzarella buat kamu,Roti ulang tahun tahun ini spesial dengan potongan daging ditambah mozzarella untuk anda,0.9084505438804626
Arep nesu marang indosat! Kok sinyale ilang terus si,Mau marah ke indosat! Kok sinyalnya hilang melulu si,Mau marah ke indosat! Kenapa sinyalnya hilang terus sih,0.9483796954154968
"Omah mangan sing ngusung konsep tradisional alias jadul iki pantes kowe coba. Kejaba rasane sing pas, warung iki duweni sawetara perkara unik kaya piring sing dienggo yaiku piring seng jaman mbiyen karo gelas ombeane. Jenis menune aneka werna banget. Lan sakkabehe enak enak!","Rumah makan yang mengusung konsep tradisional alias jadul ini patut anda coba. Selain rasanya yang pas, warung ini memiliki beberapa hal unik seperti piring yang digunakan adalah piring seng zaman dahulu berikut gelas minumnya. Jenis menunya sangat beragam. Dan semuanya enak enak!","Rumah makan yang mengusung konsep tradisional alias jadul ini layak kamu coba. Selain rasa yang pas, warung ini memiliki beberapa hal unik seperti piring yang digunakan adalah piring seng zaman dahulu dan gelas minumannya. Jenis menunya sangat bervariasi. Dan semuanya enak enak!",0.9916353821754456
Kfc Palembang Square kerep dadi peyelamat pas luwe pas aku nginep ning sekitar hotel ning lokasi iku. Kabeh wong seneng kfc. Dadi. Kfc ning lokasi iki nyepetne sampeyan dinggo pesen pas sampeyan keluwen ning jero hotel.,Kfc Palembang Square seringkali menjadi penyelamat di saat lapar saat saya menginap di sekitaran hotel di lokasi itu. Semua orang suka kfc. So. Kfc di lokasi ini menyegerakan anda untuk memesan saat anda kelaparan di dalam hotel.,Kfc Palembang Square sering menjadi penyelamat saat lapar saat saya menginap di sekitar hotel di lokasi itu. Semua orang suka kfc. Jadi. Kfc di lokasi ini mempercepat anda untuk memesan saat anda keluar dari hotel dalam keadaan lapar.,0.96913743019104
Aneka werna ombean seger kasadia awit saka jus buah nganti rena-rena teh.,Berbagai macam minuman segar tersedia mulai dari jus buah sampai aneka teh.,Berbagai warna es segar mulai dari jus buah hingga berbagai teh.,0.9446818232536316
"Dekwingi 10 Maret 2015, aku dijak anakku mangan awan ning kene. Aku pesen urang kremes lan jangan asem. Bener-bener enak. Lan sing spesial ning kene yaiku sambele, pedes nanging pancet gelem nambah. Jus blackberryne uga enak.","Kemarin 10 Maret 2015, saya diajak anak saya makan siang di sini. Saya pesan udang kremes dan sayur asam. Betul-betul enak. Dan yang spesial di sini adalah sambalnya, pedas tapi tetap mau menambah. Jus blackberrynya juga enak.","Sejak 10 Maret 2015, saya diajak anak saya makan awan di sini. Saya pesan urang kremes dan jangan asem. Benar-benar enak. Dan yang spesial di sini adalah sambalnya, pedas tapi tidak terlalu ingin menambah. Jus blackberrynya juga enak.",0.9612907767295837
Ndhuwe restoran kudu mewah rapi mosok iki lumuten jamuren pelayane kurang muasake mosok aku ditumpahi banyu sek ombeyane ana madune aku iki alergi madu,Punya restoran harus mewah rapi masa ini berlumut berjamur pelayan kurang memuaskan masa saya ditumpahkan air mana minumnya ada madu saya itu alergi madu,Memiliki restoran harus mewah rapi bukan begini berantakan pelayan kurang ramah bukan saya ditumpahi air sek ombennya ada madu saya ini alergi madu,0.9126350283622742
"Aku nembe bae ganti kartu sing rusak, nanging tetep ora ana sinyal.","Saya baru saja ganti kartu yang rusak, tapi tetap tidak ada sinyal.","Saya baru ganti kartu yang rusak, tapi tetap tidak ada sinyal.",0.9914087653160095
Adohi narkoba yaiku salah siji cara sing isa digunakake kanggo ningkatake kualitas anak bangsa.,Jauhi narkoba adalah salah satu cara yang bisa digunakan untuk meningkatkan kualitas anak bangsa.,Adalah narkoba adalah salah satu cara yang bisa digunakan untuk meningkatkan kualitas anak bangsa.,0.9781985282897949
"Kafe iki ndhuweni arsitektur bangunan kang apik banget. Amarga penasaran, aku njupuk wektu muteri karo ngenteni panganan teka. Ana galeri sing kebak karo koleksi-koleksi kayu lan ing njaba galeri, katon pemandangan bandung saka ndhuwur. Ing sakitare uga akeh kursi kang digawe saka kayu lan uga watu-watu. Saka panganane, regane kalebu lumayan standar cocok karo kafe-kafe. Aku seneng suasanane.","Kafe ini memiliki arsitektur bangunan yang sangat bagus. Karena penasaran, saya meluangkan waktu berkeliling sembari menunggu makanan datang. Ada galeri yang penuh dengan koleksi-koleksi kayu dan di luar galeri, tampak pemandangan bandung dari ketinggian. Di sekitar banyak juga kursi terbuat dari kayu dan juga bebatuan. Dari sisi makanan, harganya termasuk relatif standar sesuai dengan cafe-cafe. Saya suka suasananya.","Kafe ini memiliki arsitektur bangunan yang sangat bagus. Karena penasaran, saya menghabiskan waktu berkeliling sambil menunggu makanan datang. Ada galeri yang penuh dengan koleksi kayu dan di luar galeri, terlihat pemandangan bandung dari atas. Di sekitarnya juga banyak kursi yang dibuat dari kayu dan batu-batu. Dari makanan, harganya termasuk lumayan standar sesuai dengan kafe-kafe. Saya suka suasana.""",0.9682759046554565
"Nganggoa kunci duplikat, bank bri ing tengah kutha dibobol maling, dhuwit rp 1 miliar muspra.","Gunakan kunci duplikat, bank bri di pusat kota dibobol maling, uang rp 1 miliar lenyap.","Menggunakan kunci duplikat, bank bri di tengah kota dibobol maling, uang rp 1 miliar musnah.",0.9820338487625122
"Mbengi sekitar jam pituan dijak pelanggan marang panggonan mangan iki, umume sih panganane luwih akeh sek di goreng-goreng ngono kaya pithik, babat, usus, ati ampela, nanging miturutku sih rasane biasa wae, lan minyake ing panganan akeh banget. Nanging variane cukup akeh:","Malam sekitar jam tujuan diajak klien ke tempat makan ini, over all sih makanannya lebih banyak yang di goreng-goreng begitu kayak ayam, babat, usus, ati ampela, tapi menurut saya sih rasanya biasa saja, dan minyaknya di makanan terlalu banyak. Tapi variannya cukup banyak:","Malam sekitar jam 9 diantar pelanggan ke tempat makan ini, secara umum makanan lebih banyak yang digoreng seperti ayam, babat, usus, hati ampela, tapi menurut saya sih rasanya biasa saja, dan minyaknya di makanan banyak sekali. Tapi variannya cukup banyak:",0.9600287675857544
"Hai angga, dingge penerbitan tiket owahan jadwal kudu nglakokne pembayaran disik ya.","Hai angga, untuk penerbitan tiket perubahan jadwal diharuskan melakukan pembayaran dulu ya.","Hai angga, untuk penerbitan tiket perubahan jadwal harus melakukan pembayaran di muka ya.",0.9747339487075806
Masku dodol iphone 8 kanggo tuku ps5,Kakak lelaki saya menjual iphone 8 untuk membeli ps5,Masku jual iphone 8 untuk beli ps5,0.9360089898109436
Aku mbela-mbelani saka bogor 7 jam kanggo mangan sup buntute nanging aku enteni saka jam 8.30 hurung buka uga. Akhire aku teka jam 10.00. Pesen sup buntute hurung ana kanthi alesan mau mbengi rame dadi kokine isih kesel. Wow alesan macem apa kaya kuwi? Beda tenan wektu aku mangan 1 taun kepungkur ya. Panggonane reged tenan kaya ora niat ndhuwe usaha.,Saya bela-belain dari bogor 7 jam demi makan sup buntutnya tetapi saya tunggu dari jam 8.30 belum buka juga. Akhirnya saya datang jam 10.00. Pesan sup buntut belum ada dengan alasan tadi malam ramai jadi chefnya masih tepar. Wow alasan macam apa seperti itu? Beda sekali waktu saya makan 1 tahun yang lalu ya. Tempat sangat kotor seperti tidak niat punya usaha.,Saya membela-belai dari bogor 7 jam untuk makan sup buntutnya tapi saya menunggu dari jam 8.30 belum buka juga. Akhirnya saya datang jam 10.00. Pesan sup buntutnya belum ada dengan alasan tersebut malam ramai jadi kokinya masih dingin. Wow alasan macam apa begitu? Berbeda sangat waktu saya makan 1 tahun lalu ya. Tempatnya reged sangat seperti tidak berniat punya usaha.,0.9663569331169128
"Kanggo ngecek layanan mandiri verified by visa vbv ora isa lewat layanan mandiri call 14000, nanging mung isa lewat email lan kantor cabang bank mandiri.","Untuk pengecekan layanan mandiri verified by visa vbv tidak dapat melalui layanan mandiri call 14000, namun hanya bisa melalui email dan kantor cabang bank mandiri.","Untuk pengecekan layanan mandiri verified by visa vbv tidak bisa melalui layanan mandiri call 14000, namun hanya bisa melalui email dan kantor cabang bank mandiri.",0.9986764192581177
"Kudu njajal nggo nyantai utawa mangan mbengi nang 18th iki, pemandangan sek katon ki apik lan sek dadi daya tarik nang 18th yaiku ndue mester kaca. Regane lumayan larang amarga panggonane ana ing trans hotel, namung unda-undi karo rasa kepenake.","Harus coba untuk bersantai atau makan malam di the 18th ini, pemandangan yang didapat baik dan yang menjadi daya tarik di the 18th terdapat lantai kaca. Untuk harga cukup tergolong mahal karena terletak di trans hotel, tetapi sebanding dengan rasa kenyamanannya.","Harus coba untuk bersantai atau makan malam di 18th ini, pemandangan laut yang terlihat sangat bagus dan yang menjadi daya tarik di 18th adalah adanya teras kaca. Harganya lumayan mahal karena tempatnya berada di trans hotel, namun sebanding dengan rasa dan kelezatannya.",0.9613586068153381
Salah siji mal nganggo konsep sing lumayan unik. Akeh pilihan restoran dadi cocok dingge ngentekne wektu bareng kanca-kanca.,Salah satu mal dengan konsep yang cukup unik. Banyak pilihan restoran sehingga cocok untuk menghabiskan waktu bersama teman-teman.,Salah satu mal yang menggunakan konsep yang cukup unik. Banyak pilihan restoran sehingga cocok untuk menghabiskan waktu bersama teman-teman.,0.9912872314453125
"Lokasine ana ing dalam utama dadi gampang dhewe kanggo tekan panggonane, yen ora nduwe kendaraan dhewe iki bisa ditekani kanggo kendaraan umum. Menu panganane akeh tenan lan ana pirang-pirang menu sing anyar pisanan aku nemu ing kedai iki, rasane enak kanggo rega sing standar, panggonane kapenak tenan.","Lokasinya berada di jalan utama sehingga memudahkan kami untuk mencapai tempatnya, jika tidak memiliki kendaraan pribadi tempat ini dapat dijangkau dengan kendaraan umum. Menu makanannya sangat banyak dan ada beberapa menu yang baru pertama kali saya temukan di kedai ini, rasanya pun enak dengan harga yang standar, tempatnya sangat nyaman.","Lokasinya berada di dalam utama sehingga mudah kami untuk mencapai tempatnya, jika tidak memiliki kendaraan sendiri ini bisa ditanyakan untuk kendaraan umum. Menu makanan banyak sekali dan ada beberapa menu yang baru pertama kali saya temukan di kedai ini, rasanya enak untuk harga yang standar, tempatnya sangat nyaman",0.9710297584533691
Panggonan iki ora cocok kanggo kaluwarga sing nggawa bayi. Dalanane curam tenan. Kanggo anjungan foto ing njaba mung entuk diisi  paling akeh 10 uwong nanging isih akeh sing meksa munggah kanggo foto.,Tempat ini tidak cocok untuk keluarga yang membawa anak balita. Jalanan sangat curam. Untuk anjungan foto di luar hanya boleh diisi max 10 orang tetapi masih banyak yang memaksa naik untuk berfoto.,Tempat ini tidak cocok untuk keluarga yang membawa bayi. Jalanannya sangat curam. Untuk area foto di luar hanya dapat diisi paling banyak 10 orang namun masih banyak yang terpaksa naik untuk foto.,0.9648619890213013
"Panggonan iki salah sawijine panggonan favoritku kanggo ndhelok bogor ing dina mbengi, kanthi suwasanane sing kapenak dikancani karo panganan lan ombeane lan pelayanane sing grapyak. Cahya kutha sing tenan-tenan ayu isa kethok saka kene. Panggonan sing direkomendasikake kanggo ngentekake wektu bareng pasangan, kaluwarga utawa kanca raket.","Tempat ini salah satu tempat favourite saya untuk melihat bogor di malam hari, dengan suasananya yang nyaman ditemani dengan makanan dan minumannya serta pelayanannya yang ramah. Cahaya kota yang benar-benar indah bisa terlihat dari sini. Tempat yang rekomendasi untuk menghabiskan waktu bersama pasangan, keluarga atau sahabat.","Tempat ini salah satu tempat favoritku untuk melihat bogor di malam hari, dengan suasana yang nyaman dikelilingi dengan makanan dan minuman serta pelayanan yang ramah. Cahaya kota yang sangat indah dapat dilihat dari sini. Tempat yang direkomendasikan untuk menghabiskan waktu bersama pasangan, keluarga atau teman-teman.",0.9663124680519104
"Gela karo proses mbatalne tiket, wis 43 dina nanging ora ndang ditransfer. loket ora gelem ngelayani","Kecewa dengan proses pembatalan tiket, sudah 43 hari tapi tak kunjung ditransfer. loket tidak mau melayani","Sesuai dengan proses pembatalan tiket, sudah 43 hari namun belum ditransfer. loket tidak mau melayani",0.9586150646209717
"Pilian mangan lan ngombene akeh kanggo dipilih. Lan panggone gede, dibagi dadi pirang-pirang bagian lan konsep. Lak rega cukupan pas kanggo ning sak.","Pilihan makan dan minuman banyak untuk dipilih. Dan tempatnya besar, dibagi menjadi beberapa bagian dan konsep. Untuk harga cukup pas buat di kantong.","Pilihan makan dan minum banyak untuk dipilih. Dan tempatnya besar, dibagi menjadi beberapa bagian dan konsep. Kalau harga cukup pas untuk di sini.",0.9742265939712524
"Restoran gaya jaman bityen. Ana display kue-kue, es krim uga. Suwasanane nyaman. Panganan khas omahan. Isa dinggo rombongan utawa karo kaluwarga. Panganane enak. Sega ulame enak. Sega tutug oncome uga oke. Masakan eropa, asia, nusantara kasadia ning kene. Karek milih. Bocah-bocah seneng mangan es krime ning kene.","Restoran bergaya zaman dahulu. Ada display kue-kue, es krim juga. Suasana nyaman. Makanan khas rumahan. Bisa untuk rombongan maupun dengan keluarga. Makannya enak. Nasi ulamnya enak. Nasi tutug oncomnya juga oke. Masakan eropa, asia, nusantara tersedia di sini. Tinggal pilih. Anak-anak suka makan es krimnya di sini.","Restoran gaya zaman bityen. Ada display kue-kue, es krim juga. Suasananya nyaman. Makanan khas olahan. Bisa untuk rombongan atau dengan keluarga. Makanan enak. Es krim enak. Es tutug oncom juga oke. Masakan eropa, asia, nusantara tersedia di sini. Pilihan banyak. Anak-anak suka makan es krim di sini.",0.9684112668037415
"Salah sijine jeneng batagor sing kondhang ing bandung. Rasane nikmat, kanggo rega per buwahe rp. 10 ewu. Pesen 3 buwah kanggo aku cukup maregi amarga ukuran per buwahe cukup gedhe.","Salah satu nama batagor yang terkenal di bandung. Rasanya nikmat, untuk harga per buahnya rp. 10 ribu. Order 3 buah untuk saya cukup mengenyangkan karena ukurannya per buahnya cukup besar.","Salah satu nama batagor yang terkenal di bandung. Rasanya nikmat, untuk harga per buah rp. 10 ribu. Pesan 3 buah untuk saya cukup karena ukuran per buah cukup besar.",0.980005145072937
Tau percaya karo body lotion citra nggarai wulu tambah akeh,Pernah percaya kalau body lotion citra bikin bulu tambah banyak,Dulu percaya dengan body lotion citra sehingga rambut semakin banyak,0.9284729957580566
Macet nang ngendi-ngendi yen lagi preinan.,Macet di mana-mana kalau lagi liburan,Macet di mana-mana kalau lagi pagi.,0.9595460295677185
"Tulung dikabarne kronologi lengkape, pulsa awit karo keri karo nyebutne tim ya mas/mbak, tim bakale ngecek transaksi penggaweane pulsane","Mohon informasikan detail kronologi, pulsa awal dan akhir dengan mention tim ya kak, tim akan cek transaksi pemakaian pulsanya","Tolong beritahukan kronologi lengkapnya, pulsa dari awal dengan kirimkan dan sebutkan tim ya mas/mbak, tim akan mengecek transaksi pekerjaannya pulsa",0.9144732356071472
"Area mangan ing njabane nyenengake. Igane oke, rasane enak. Jus jeruke ditambah stroberine nikmat. Regane uga oke.","Area makan di luarnya menyenangkan. Iganya oke, rasanya enak. Jus orange plus stroberinya nikmat. Harganya pun oke.","Area makan di sampingnya menyenangkan. Ikan oke, rasanya enak. Jus jeruknya ditambah stroberinya nikmat. Harganya juga oke.",0.9709042906761169
Kanggo kowe sek nggolek resto kanthi suwasana sek romantis ora salah maneh uga moro mrene. Lan yen kurang kowe pas-pasan pesen wae menu sek entheng-entheng. Aja diapusi karo gambar ana ing buku menu yen ora pengen nyesel. Menu sukine luwih oke namung kayane ngapae ya adoh-adoh macet-macetan mara mrene mung nggolek kuwi. Ing kutha luwih afdol kayane. Pemandangane jogja mbengine nyekel.,Buat anda yang mencari resto dengan suasana yang romantis tidak salah lagi ke sini saja. Dan kalau rendah anda pas-pasan pesan saja menu yang ringan-ringan. Jangan terkecoh dengan picture di buku menu kalau tidak mau menyesal. Menu sukinya lebih oke tapi kayaknya ngapain ya jauh-jauh bermacet ria ke sini cuma mencari itu. Di kota lebih afdol kayaknya. Pemandangan jogja malamnya memegang.,Untuk anda yang mencari resto dengan suasana yang romantis tidak salah lagi juga menuju ke sini. Dan jika kurang anda pas-pasan pesan saja menu yang ringan-ringan. Jangan terpengaruh dengan gambar yang ada di buku menu jika tidak ingin menyesal. Menu kesukaan saya lebih oke namun sepertinya kenapa ya jauh-jauh macet-macetan menuju ke sini hanya untuk itu. Di kota lebih afdol sepertinya. Pemandangan jogja memuaskan mata.,0.9380943775177002
Rasane meh pada karo resto sing liyane sing dodolan iwak laut. Aman resik lan pelayanane cepet,Rasanya hampir sama dengan resto yang lain yang jualan seafood. Aman bersih dan pelayanannya cepat.,Rasanya hampir sama dengan resto lain yang menjual ikan laut. Aman bersih dan pelayanan cepat,0.9746803045272827
Hasil itung cepet dinyatakne seje karo hasil survei nggarai aku nggumun.,Hasil quick count dinyatakan berbeda dengan hasil survei membuat saya bertanya-tanya.,Hasil hitung cepat dinyatakan sama dengan hasil survei sehingga saya terkejut.,0.9320601224899292
"Kapisan marang mrene kuwi ngerayakake kelulusan adikku, panggonane kuwi loh, apik tenan. Desaine uga unik, apik, kapenak, kapenak, cocok tenan kanggo mangan mbengi bareng kaluwarga, pasangan, sedulur, lan kanca-kanca, pemandangane uga apik, panganane uga enak-enak. Regane sebanding karo pelayanane, ora gela marang mrene. Bener-bener direkomendasikake.","Pertama ke sini itu merayakan kelulusan adikku, tempatnya itu loh, keren banget. Desainnya juga unik, keren, nyaman, nyaman, cocok betul untuk makan malam bareng keluarga, pasangan, saudara, dan teman-teman, pemandangannya juga keren, makanannya juga enak-enak. Harga sebanding dengan pelayanannya, tidak menyesal ke sini. Sangat-sangat direkomendasikan.","Pertama kali ke sini adalah untuk merayakan kelulusan adikku, tempatnya memang loh, bagus sekali. Desainnya juga unik, bagus, nyaman, nyaman, sangat cocok untuk makan malam bersama keluarga, pasangan, saudara, dan teman-teman, pemandangannya juga bagus, makanannya juga enak-enak. Harganya sebanding dengan pelayanannya, tidak mengecewakan ke sini. Sangat direkomendasikan.",0.9743231534957886
"Kabisan ngerteni woconan mben uwong kuwi seje-seje, ana sing pisan moco langsung ngerti, ana uga sing butuh ping bolak-balik moco disik lagek ngerti.","Kemampuan memahami bacaan tiap orang itu beda-beda, ada yang sekali baca sudah paham, ada juga yang butuh berkali-kali baca dulu baru paham.","Kaget ngerti wacanane orang itu beda-beda, ada yang langsung paham, ada yang butuh ping bolak-balik paham disik lama baru paham.",0.9070035815238953
Wow tenan kaget karo layanan satuan pengamanane bkpn bromo malang. Tenan diskriminasi banget. Yen aku mung pengen informasi babagan produke deknen. Dhewe diremehake. Cenderung ngusir. Kuciwa tenan!,Wow benar-benar terkejut sama layanan satuan pengamanannya bkpn bromo malang. Benar diskriminasi banget. Kalau kita hanya mau informasi tentang produk mereka. Kita disepelekan. Cenderung mengusir. Kecewa sekali!,Wow sangat terkejut dengan layanan satuan pengamanannya bkpn bromo malang. Sangat diskriminatif banget. Kalau saya hanya ingin informasi mengenai produknya deknen. Kami diremehkan. Cenderung mengusir. Sangat kecewa!,0.9498753547668457
"Bandung terkenal dadi panggon produksi tahu lokal karo kuwalitas apik, salah siji sing paling apik isa digoleki ning warung talaga. Deweke nduwe pabrik dewe ning dalan Jendral sudirman, nanging ngembangne bisnise dadi sajian kuliner uga. Ana rena-rena pilihan sajian tahu. Direkomendasikne banget dinggo pecinta kuliner.","Bandung terkenal sebagai tempat produksi tahu lokal dengan kualitas prima, salah satu yang terbaik bisa dicari di warung talaga. Mereka punya pabrik sendiri di jalan Jendral sudirman, tapi mengembangkan bisnisnya menjadi sajian kuliner juga. Ada berbagai pilihan sajian tahu. Sangat direkomendasikan bagi pecinta kuliner.","Bandung terkenal sebagai tempat produksi tahu lokal dengan kualitas baik, salah satu yang terbaik bisa ditemukan di warung talaga. Mereka memiliki pabrik sendiri di jalan Jendral sudirman, namun mengembangkan bisnisnya menjadi sajian kuliner juga. Ada berbagai pilihan sajian tahu. Sangat direkomendasikan untuk pecinta kuliner.",0.9920082688331604
Tulung dikirimke meneh tagihanku sasi wingi,Mohon dikirimkan kembali tagihan saya bulan lalu,Tolong kirimkan kembali tagihan saya bulan lalu,0.967219352722168
"Salah siji menu paling tak senengi iku mcflurry rena-rena rasa liyane paket karo iwak pitik loro. Rumangsaku, pitike mcd nduwe citarasa dewe ning bagian dodone yo teksture alus lan bumbune gurih.","Salah satu menu favorit saya adalah mcflurry aneka rasa selain menu paket dengan dua ayam. Menurut saya, ayam mcd memiliki citarasa tersendiri di bagian dadanya pun memiliki tekstur yang lembut dan bumbunya gurih.","Salah satu menu yang paling saya sukai adalah mcflurry rena-rena rasa lain dengan paket ayam goreng dua. Menurut saya, ayam mcd memiliki cita rasa sendiri di bagian dagingnya yang tekstur halus dan bumbunya gurih.",0.9473402500152588
Aku ngrasa kaganggu ndelok parkiran mobil uwong nutupi dalan umum.,Saya merasa terganggu melihat parkiran mobil orang menutupi jalan umum.,Saya merasa terganggu melihat parkiran mobil orang menutupi jalan umum.,1.0
"Satene gedi-gedi. Bumbune dipisah. Diwehi rajangan brambang lan lombok riwit didang, porsi lontong karo segane uga pas. Pokoke aku seneng.","Satenya besar-besar. Bumbunya dipisah. Dikasih irisan bawang merah dan cabe rawit dikukus, porsi lontong sama nasinya juga pas. Pokoknya saya suka.","Satannya garing-garing. Bumbunya terpisah. Diberi tambahan rempah bawang dan cabai pedas, porsi lontong dengan sayur juga pas. Pokoknya saya suka.",0.9298902153968811
"Yen didelok-delok, sandiaga uno karo nadiem makarim mirip yo","Kalau dilihat-lihat, sandiaga uno sama nadiem makarim mirip ya","Kalau dilihat-lihat, sandiaga uno dan nadiem makarim mirip ya",0.984849214553833
Sugeng enjang. Wah kuciwa tenan mosok indihome internet ora kocek maneh. Aku kuwi mbayar larang. Aja nguciwakake dhewe sing dadi pelanggan,Selamat pagi. Wah kecewa berat masa indihome internet tidak kocek lagi. Saya itu bayar mahal. Jangan kecewakan kami sebagai pelanggan,Selamat pagi. Wah kecewa sekali indihome internet tidak terjangkau lagi. Saya itu bayar mahal. Jangan mengecewakan kami yang menjadi pelanggan,0.9607779383659363
"Sopir ora teka ing panggonan kang dituju, nanging ing aplikasi wis picu munggah, lan gopay wis kapotong, kapok aku nganggi gojek","Driver tidak datang ke tempat tujuan, tetapi di aplikasi sudah picu naik, dan gopay sudah terpotong, kapok saya pakai gojek","Sopir tidak datang ke tempat tujuan, tapi di aplikasi sudah terpicu naik, dan gopay sudah terpotong, kapok saya pakai gojek",0.9834921956062317
"Panganan ning kene menurutku kurang enak ya, merga aku wong minang, aku ora tek seneng pangana  jawa sing legi hehe","Makanan di sini menurut saya kurang enak ya, karena saya orang minang, saya tidak terlalu suka makanan jawa yang manis hehe","Makanan di sini menurut saya kurang enak ya, karena saya orang minang, saya tidak suka makanan jawa yang legi hehe",0.9850020408630371
"Pajak, kak, arep njaluk nomor efin, sakdurunge wis aktifasi, namung lali password akun djponline,","Pajak, kak, mau minta nomor efin, sebelumnya sudah aktifasi, tapi lupa password akun djponline,","Pajak, kak, mau minta nomor efin, sebelum sudah aktifasi, tapi lupa password akun djponline",0.9891100525856018
Musim udan kaya iki saban udan mesthi ora tenang wedi kabanjiran.,Musim hujan begini setiap hujan pasti tidak tenang takut kebanjiran.,Musim hujan seperti ini setiap hujan selalu tidak tenang takut banjir.,0.9412565231323242
Sate wedus H. Ihsan iki cukop terkenal ning tegal. Lak ora iso marani panggon ning pusate. Sampeyan isa uga nemokne sate wedus H Ihsan ning pirang-pirang panggon mangan ning kutha tegal.,Sate kambing H. Ihsan ini cukup terkenal di tegal. Apabila tidak bisa mengunjungi lokasi di pusatnya. Anda bisa juga menemukan sate kambing H Ihsan di beberapa tempat makan di kota tegal.,Sate wedus H. Ihsan ini cukup terkenal di tegal. Kalau tidak bisa makan di tempat di pusat. Anda juga bisa menemukan sate wedus H Ihsan di beberapa tempat makan di kota tegal.,0.973675549030304
"Saka okehe restoran sunda ing Bandung, miturutku Ciganea salah siji favoritku. Aku seneng amarga pithike khas, digorenge ora patio garing. Terus sambele uga ora kalah enak. Menu sing liya uga enak. Panggonane kaya omah, ora patio gedhe nanging cukuplah, lan uga resik.","Dari banyaknya restoran sunda di Bandung, menurut saya Ciganea salah satu favorit saya. Saya suka karena ayamnya khas, digorengnya tidak terlalu kering. Lalu sambalnya pun tidak kalah enak. Menu yang lain pun enak. Tempatnya seperti rumah, tidak terlalu besar tapi cukuplah, dan juga bersih.","Dari kehebohan restoran sunda di bandung, menurut saya ciganea salah satu favorit saya. Saya suka karena bumbu khasnya, digorengnya tidak terlalu garing. Terus sambalnya juga tidak kalah enak. Menu yang lain juga enak. Tempatnya seperti rumah, tidak terlalu besar tapi cukup, dan juga bersih.",0.9666873216629028
"Hotel iki uwes ngadeg saka telung puluh tahun sing kapungkur, sakdurunge aku lair. Panginepan kapisan ning kota iki. Saiki uwis akeh ngadeg hotel ning kene.","Hotel ini sudah berdiri sejak tiga puluh tahun yang lalu, sebelum saya lahir. Penginapan pertama di kota ini. Sekarang sudah banyak berdiri hotel di sini.","Hotel ini sudah berdiri sejak tiga puluh tahun yang lalu, sebelum saya lahir. Tempat pertama di kota ini. Sekarang sudah banyak berdiri hotel di sini.",0.9891240000724792
"Panganan ning kene pada kaya kfc liyane. Pithik gorenge krispi, gurih, lan enak.","Makanan di sini sama seperti kfc lainnya. Ayam gorengnya crispy, gurih dan enak","Makanan di sini mirip seperti kfc lainnya. Potongan gorengnya krispi, gurih, dan enak.",0.9672383666038513
"Piye ora nesu ora, kena php indosat terus kie. Pulsane kepotong ludes ora ana turahe.","Bagaimana tidak marah coba, kena php indosat terus nih. Pulsa selalu terpotong ludes tak tersisa.","Bagaimana tidak marah tidak, kena php indosat terus nih. Pulsa kepotong ludes tidak ada tawarannya.",0.9564672112464905
"Pelayanane batik air bisnis class ing halim nguciwakake, gelas reged / mambu, tv ora ana nganggo alesan pesawat anyar, aling methuk saka medhuk pesawat diilangake","Pelayanan batik air bisnis class di halim mengecewakan, gelas kotor / bau, tv tidak ada dengan alasan pesawat baru, penjemputan dari turun pesawat dihilangkan","Pelayanan batik air bisnis class di halim mengecewakan, gelas pecah / kotor, tv tidak berfungsi alasan pesawat baru, alih-alih memuaskan dari memuaskan pesawat dihilangkan",0.9528319239616394
Ngganggo laurier dobel pas arep turu pas menstruasi ben ora bocor,Pakai laurier double pas mau tidur saat menstruasi biar tidak bocor,Menggunakan laurier ganda saat mau tidur saat menstruasi tidak bocor,0.9510027170181274
"Panggon mangane sederhana banget, nanging rasane juara. Komposisi bumbu kacange pas lan porsine ora tek akeh. Pengunjung sing teka rame banget.","Tempat makannya sangat sederhana, namun rasanya juara. Komposisi bumbu kacangnya pas dan porsinya tidak terlalu besar. Pengunjung yang datang sangat ramai.","Tempat makan sederhana banget, tapi rasanya juara. Komposisi bumbunya pas dan porsinya tidak terlalu banyak. Pengunjung yang datang rame banget.",0.97649085521698
"Panggonan lan arsitektur panggonan iki oke banget, mung yen panganane lan ombeane ing kene ora patia maer. Enak kanggo mateni bareng kanca-kanca.","Lokasi dan arsitektur tempat ini oke banget, cuma kalau makanan dan minuman di sini tidak terlalu istimewa. Enak buat bunuh bareng teman-teman.","Tempat dan arsitektur tempat ini oke banget, cuma kalau makanannya dan minumannya di sini tidak terlalu menarik. Enak buat melepas penat bersama teman-teman.",0.9659412503242493
Rasa panganan biasa ae lan suasanane ora istimewa dadi pisan ketekan wis cukup.,Rasa makanan biasa saja dan suasana tidak istimewa sehingga sekali kedatangan sudah cukup.,Rasa makanan biasa saja dan suasana tidak istimewa jadi pun cukup ketekan sudah cukup.,0.951225757598877
Sing nglarang GBK didadekake panggonan konser pada songong-songong banget dah. Suket ning lapangan sapa sing pengin ngopeni yen ora ana duwit konser. Urung meneh kursi sing seneng dirusak supporter bal. Aduh.,Yang melarang GBK dijadikan venue konser pada songong-songong amat dah. Rumput di lapangan siapa yang mau pelihara kalau tidak ada duit konser. Belum lagi kursi yang suka dirusak supporter bola. Aduh.,Yang melarang GBK dijadikan tempat konser sangatlah tidak sopan. Suket di lapangan siapa yang ingin menikmati kalau tidak ada uang konser. Takut lagi kursi yang suka dirusak supporter bal. Aduh.,0.9206457734107971
Gendeng ya. Pesen mix platter ae sampek luwih saka 30 menit. Takon nyang pelayane malah minggat. Ora responsif. Suwi.,Gila ya. Pesan mix platter saja sampai lebih dari 30 menit. Bertanya ke pelayannya malah kabur. Tidak responsif. Lama.,Dengar ya. Pesan mix platter saja sampai lebih dari 30 menit. Tanya ke pelayan malah menghilang. Tidak responsif. Lambat.,0.9570416808128357
"Pas jenuh karo oleh oleh khas bandung sing wis ana, dadi roti bakar tunggal isa dadi pilihan. Aku kerep tuku roti marie sing dibakar karo rasa sing enaakk, uga roti bakar karo rasa keju utawa coklate. Biasane aku tuku ning konter roti bakar tunggal ning paskal hyper square. Regane ancen rodok larang, nanging rumangsaku meh podo karo panganan oleh-oleh. Dadi ya ora isa uga diomongne larang. Lan toh rasane enak.","Saat jenuh dengan oleh oleh khas bandung yang sudah ada, maka roti bakar tunggal bisa menjadi pilihan. Saya sering beli roti marie yang dibakar dengan rasa yang yuummy, juga roti bakar dengan rasa keju atau coklatnya. Biasanya saya beli di counter roti bakar tunggal di paskal hyper square. Harganya memang agak mahal, tapi saya rasa hampir sama dengan makanan oleh-oleh. Jadi ya tidak bisa juga dibilang mahal. Dan toh rasanya enak.","Ketika jenuh dengan oleh-oleh khas bandung yang sudah ada, jadi roti bakar tunggal bisa jadi pilihan. Saya sering beli roti marie yang dibakar dengan rasa yang enak, juga roti bakar dengan rasa keju atau coklat. Biasanya saya beli di counter roti bakar tunggal di paskal hyper square. Harganya memang agak mahal, tapi rasa saya hampir sama dengan makanan oleh-oleh. Jadi ya tidak bisa juga diomongnya mahal. Dan mungkin rasanya enak.",0.9787852764129639
"Lunga bareng kaluwarga mangan mbengi, regane larang kanthi rasa sing biasa bae.","Pergi bersama keluarga makan malam, harganya mahal dengan rasa yang biasa saja.","Lama bersama keluarga makan malam, harganya mahal dengan rasa yang biasa saja.",0.9786686301231384
"Sugeng siang, biaya administrasi rek simpedes tp 5.500, - / sasi. Maturnuwun era","Selamat siang, biaya administrasi rek simpedes rp 5.500, - / bulan. Terima kasih era","Selamat siang, biaya administrasi rek simpedes tp 5.500, - / bulan. Terima kasih era",0.9854684472084045
"Panggonan kapenak lan enak, kala-kala didadekake panggonan foto pre-wedding","Tempat nyaman dan enak, kadang dijadikan tempat foto pre-wedding","Tempat yang nyaman dan enak, kadang dijadikan tempat foto pre-wedding",0.9919538497924805
"Pelayanane apik banget, lan muasne saka segi panggon, apik banget isa ndelok pemandangan kutha pas wengi saka segi panganan, apik pol! Panganane enak banget ora nyesel ngge mara rene.","Pelayanannya sangat bagus, sangat memuaskan dari segi tempat, indah sekali bisa melihat pemandangan kota di malam hari dari segi makanan, terbaik! Makanannya enak sekali tidak menyesal untuk datang ke sini.","Pelayanan sangat baik, dan nyaman dari segi tempat, sangat baik bisa melihat pemandangan kota saat malam dari segi makanan, sangat baik! Makanan sangat enak tidak menyesal datang ke sini.",0.9630799293518066
Arif tuku jaket billabong sek paling anyar,Arif membeli jaket billabong yang terbaru,Arif beli jaket billabong yang paling baru,0.9684550762176514
"Warung mangan sing uwis teka wiwit suwi lan uwis dadi kaya legenda kayane saiki uwis buka cabang. Terkenal amarga konsisteni rasa -ne uwis pirang-pirang tahun, sanadyan bangunan asli uwis dibongkar nanging kaasliane tetep dijaga lan tetep engel parkir. Sawetara wektu kepungkur ana setithik pangowahan nalika ibu chef utama uwis ora ketok maneh.","Warung makan yang telah hadir sejak lama dan telah menjadi semacam legenda, mungkin sekarang sudah buka cabang. Terkenal karena konsistensi rasa -nya selama bertahun-tahun, meskipun bangunan asli telah dipugar tetapi keaslian masih tetap dijaga dan tetap susah parkir. Beberapa waktu terakhir ada sedikit perubahan ketika ibu chef utama sudah tidak terlihat lagi.","Warung makan yang sudah datang sejak lama dan sudah menjadi legenda sepertinya sekarang sudah membuka cabang. Terkenal karena konsistensi rasa -nya sudah beberapa tahun, meskipun bangunan asli sudah dibongkar namun tetap dijaga dan tetap menjaga parkir. Beberapa waktu lalu ada sedikit perubahan ketika ibu chef utama sudah tidak ada lagi.",0.9587745070457458
Menehi bantuan nyang korban bencana dinggo pencitraan percuma. Apameneh dinggo publikasi. Sepurane banget. Muak aku.,Memberikan bantuan ke korban bencana untuk pencitraan percuma. Apalagi untuk publikasi. Maaf banget. Muak saya.,Berikan bantuan pada korban bencana untuk pencitraan sia-sia. Apalagi untuk publikasi. Sepol banget. Muak saya.,0.9570621848106384
Rasa panganane biasa bae lan regane larang. Panggonane uga biasa. Lokasine ora patia adoh saka tengah kutha.,Rasa makanannya biasa saja dan harganya mahal. Tempatnya juga biasa. Lokasinya juga terlalu jauh dari pusat kota.,Rasa makanan biasa saja dan harganya mahal. Tempatnya juga biasa. Lokasinya tidak terlalu jauh dari tengah kota.,0.9831512570381165
Dingge mara nyang panggon iki dalane macet banget lan adoh saka pusat kutha. Saktekane ning kana ora ana bab sing spesial sing nggarai perjalanan adoh kebayar. Menune biasa ae.,Untuk menuju ke tempat ini jalannya sangat macet dan jauh dari pusat kota. Sesampainya di sana tidak ada hal yang spesial yang membuat perjalanan jauh terbayarkan. Menunya biasa saja.,Untuk menuju ke tempat ini jalannya macet banget dan jauh dari pusat kota. Tidak ada hal yang spesial di sana yang membuat perjalanan jauh terbayar. Menunya biasa saja.,0.9767431616783142
Rasa rotine enak. Variasi roti lan pacetane sing didol akeh. Rega standar. Paling seneng karo roti taware. Seneng.,Rasa rotinya enak. Variasi roti dan cemilan yang dijual banyak. Harga standar. Paling suka sama roti tawarnya. Suka.,Rasa rotinya enak. Variasi roti dan pacarannya yang dijual banyak. Harga standar. Paling suka dengan roti tawar. Suka.,0.9722670912742615
"Deknen kuwi sapa sih? Kok isi beritane deknen kabeh, mbokane deknen mantan narapidana kae","Dia ini siapa sih? Kok isi berita dia semua, bukannya dia mantan narapidana itu","Deknen itu siapa sih? Kok isi beritanya deknen semua, ngomongin deknen mantan narapidana itu",0.9193544387817383
"Pengin mangan karo nikmati suwasana paris? Ora usah adoh-adoh menyang prancis, cukup menyang paris van java alias bandung. Braga permai iki rekomendasi banget kanggo mangan karo santai-santai. Panganane enak, regane mlebu akal lan suwasanane kapenak banget apamaneh meja sing ning jaba. Mangan karo nikmati suwasana bandung jaman mbiyen.","Ingin makan sembari menikmati suasana paris? Enggak usah jauh-jauh ke prancis, cukup ke paris van java alias bandung. Braga permai ini rekomendasi banget buat makan sambil santai-santai. Makanannya enak, harganya masuk akal dan suasananya nyaman banget apalagi meja yang di luar. Makan sambil menikmati suasana bandung tempo dulu.","Ingin makan sambil menikmati suasana paris? Tidak perlu jauh-jauh ke paris, cukup ke paris van java alias bandung. Braga permai ini rekomendasi banget buat makan sambil santai-santai. Makanan enak, harga masuk akal dan suasana yang nyaman banget apalagi meja yang di luar. Makan sambil menikmati suasana bandung zaman dulu.",0.9714541435241699
Yogyakarta iki ing saben pojokan dalan akeh hotel. Nanging eman. Kanggo kelas bintang 3 bae rega luwih larang kanthi pelayanan sing ora sepadan.,Yogyakarta ini di tiap sudut jalan banyak hotel. Tapi sayang. Untuk kelas bintang 3 saja harga lebih mahal dengan pelayanan tidak setara.,Yogyakarta ini di setiap sudut jalan banyak hotel. Tapi salah. Untuk kelas bintang 3 saja harga lebih mahal dengan pelayanan yang tidak sepadan.,0.9793938398361206
Bakmine enak. Ditambah daging rica2ne mantep banget. Rasane si pedes-pedes nanging nikmat. Mangan siji krasa kurang tah.,Bakminya enak. Ditambah daging rica2nya super mantap. Rasanya sih pedas-pedas tapi nikmat. Makan satu berasa kurang deh.,Bakminya enak. Ditambah dagingnya rica2nya mantap banget. Rasanya sih pedas-pedas tapi nikmat. Makan satu kali rasanya kurang lah.,0.9755686521530151
Aplikasi bni mobile banking tulung didandani soale arep aktivasi akun ora isa.,Aplikasi bni mobile banking mohon diperbaiki soalnya mau aktivasi akun tidak bisa.,Aplikasi bni mobile banking tolong didandani karena mau aktivasi akun tidak bisa.,0.961777925491333
Anti nganggo power bank wiwit handphone samsungku bocor bateraine sakbanjure dingokake kuwi.,Anti pakai power bank semenjak handphone samsung gue bocor baterenya setelah dipakaikan gituan.,Tidak menggunakan power bank sejak handphone samsung saya bocor baterainya sebulan lalu di-reset oleh mereka.,0.9092859625816345
"Botol uc1000 angel banget dibukake tah, marakna tangan lara","Botol uc1000 susah banget dibukanya dah, bikin tangan sakit","Botol uc1000 sangat sulit dibuka, karena tangan licin",0.9108763337135315
"Nggolek suwasana nostalgia ing jogja, panggonan iki yaiku pilian sing pas! Menu panganane didominasi panganan-panganan sing kena pengaruh gaya panganan landa. Kasenenganku stik sirloin. Restoran iki uga ndhuweni toko roti kanthi pilian roti gaya jaman mbiyen.","Mencari suasana nostalgia di jogja, tempat ini adalah pilhan yang tepat! Menu makanan didominasi makanan-makanan yang dipengaruhi gaya makanan belanda. Favorit saya steak sirloin. Restoran ini juga memiliki toko roti dengan pilihan roti bergaya zaman dahulu.","Mencari suasana nostalgia di jogja, tempat ini adalah pilihan yang tepat! Menu makanan didominasi makanan-makanan yang terkena pengaruh gaya makanan klasik. Kesukaanku stik sirloin. Restoran ini juga memiliki toko roti dengan pilihan roti gaya zaman dahulu.",0.9648994207382202
Ketua dpr ngapresiasi pilkada barengan sing mlaku damai.,Ketua dpr mengapresiasi pilkada serentak yang berlangsung damai.,Ketua dpr mengapresiasi pilkada serentak yang berjalan damai.,0.9943768382072449
Ngurus gaji karyawan dhewe wae ora isa jare arep ngurus bumn. Mikir nganggo utek,Mengurus gaji karyawan sendiri saja tidak becus konon mau mengurus bumn. Mikir pake otak,Mengurus gaji karyawan sendiri tidak bisa janjikan mengurus bumn. Berpikir pakai otak,0.9298804402351379
Ning indonesia pilihan merek telepon seluler kan melimpah. Lak ora seneng cara xiaomi nglakokne bisnise ya kari milih merek liya. Digawa santai wae.,Di indonesia pilihan merek telepon seluler kan melimpah. Kalau tidak suka cara xiaomi menjalankan bisnisnya ya tinggal pilih merek lain. Dibawa santai saja.,Di indonesia pilihan merek telepon seluler kan melimpah. Kalau tidak suka cara xiaomi menjalankan bisnisnya ya kalau pilih merek lain. Bawa santai saja.,0.9865862727165222
"Nate mangan ning poolside hotel hilton? Jan ora rekomendasi kanggo rasa lan rega. Panganane kurang rasane, aku nggawa 20 uwong, kabeh gela.","Pernah makan di poolside hotel hilton? Sangat tidak rekomendasi untuk rasa dan harga. Makanan kurang rasa, gue bawa 20 orang, semua kecewa.","Nonton makan di poolside hotel hilton? Tidak rekomendasi untuk rasa dan harga. Makanan kurang rasanya, saya bawa 20 orang, semua kecewa.",0.9805856943130493
Panggonane unik. Karo mangan uga dimanjakake kaliyan panggonan sing sarwa unik. Akeh kayu kayu lan galerine. Kanggo bocah uga aja kuatir. Ana dolanan bocahe. Dadi mangan dadi luwih santai.,Tempatnya unik. Sambil makan juga dimanjakan dengan tempat yang serba unik. Banyak kayu kayu dan galerinya. Buat anak juga jangan kuatir. Ada mainan anaknya. Jadi makan jadi lebih santai,Tempatnya unik. Dengan makan juga dijemput dengan tempat yang sangat unik. Banyak kayu kayu dan galerinya. Untuk anak juga jangan khawatir. Ada tempat bermain anak. Jadi makan jadi lebih santai.,0.9611831307411194
"Yen marang rene aku mesthi pesen budin sambel roa. Budine digoreng dipasake karo sambel roa, enak. Panganan sing liyane uga enak nanging kanggo aku lan kaluwarga sing paling enak ing kene ya mangan budin karo ngombe kopi.","Kalau ke sini saya selalu pesan singkong sambal roa. Singkongnya digoreng dipadankan dengan sambal roa, enak. Makanan yang lainnya juga enak tetapi buat saya dan keluarga yang paling enak di sini ya makan singkong sambil minum kopi.","Kalau ke sini saya selalu pesan budin sambelnya dua. Budinya digoreng dipadukan dengan sambelnya, enak. Makanan yang lain juga enak tapi buat saya dan keluarga yang paling enak di sini ya makan budin sambil minum kopi.",0.9668897390365601
Telepone genggam eror pas kaping pisan diurupne,Telepon genggamnya eror pas pertama dinyalakan,Telepon genggam eror pertama kali di-reset,0.9040487408638
Turu sing cukup saben dinane isa gawe awak ora kekeselen lan seger sawektu tangi ing dina esuk.,Tidur yang cukup tiap harinya bisa bikin badan tidak kecapekan dan segar ketika bangun di pagi hari.,Datang yang cukup setiap harinya bisa membuat tubuh tidak bosan dan segar sesaat saat bangun di pagi hari.,0.947120726108551
Restoran iki romantis tenan kanthi pemandangane sing apik tenan ing dina mbengi,Restoran ini sangat romantis dengan pemandangannya yang sangat indah di malam hari,Restoran ini sangat romantis dengan pemandangannya yang sangat indah di malam hari,1.0
"Sugeng sonten ibu, bab produk perbankan mandiri apa sing entuk dhewe rewangi? Yogi","Selamat sore ibu, perihal produk perbankan bank mandiri apa yang dapat kami bantu? Yogi","Selamat siang ibu, mengenai produk perbankan mandiri apa yang anda maksud? Yogi",0.9445439577102661
"Suwasanane ing panggonan iki luwar biasa tenan. Pas kuwi dhewe teka ing sore ameh wengi, lan etuk panggonan sing ngadep ning air terjun. Gemricik banyu grojogan lan suwasana desa nambah nikmat suwasana mangan wengi dhewe pas kuwi. Panganan disajekake kanthi gaya tradisional lan rasane cukup apik kanggo ilate dhewe.","Suasananya di tempat ini sungguh luar biasa. Ketika itu kami datang pada senja menjelang malam, dan mendapatkan ruang yang menghadap ke air terjun. Gemericik air terjun dan suasana pedesaan menambah nikmat suasana makan malam kami ketika itu. Makanan disajikan dengan gaya tradisional dan rasanya cukup menarik untuk lidah kami.","Suasana di tempat ini luar biasa sekali. Pada saat kami datang di sore hari menjelang malam, dan tempat ini menghadap ke air terjun. Gemericik air terjun dan suasana desa menambah nikmat suasana makan malam kami pada saat itu. Makanan disajikan dengan gaya tradisional dan rasanya cukup baik untuk memuaskan lidah kami.",0.9677298069000244
"Regane larang banget, padahal panganan sing didol panganan indonesia umume. Padahal kanggo nikmati panganan kaya ngene iki ing panggonan liyane adoh luwih murah. Sega goreng wae ing kene larang banget banget! Jengkel.","Harganya terlalu mahal, padahal makanan yang dijualkan makan indonesia umumnya. Padahal untuk menikmati makanan sejenis di tempat lain jauh lebih murah. Nasi goreng saja di sini mahal banget banget! Kesal.","""Harganya sangat mahal, padahal makanan yang dijual makanan indonesia umumnya. Padahal untuk menikmati makanan seperti ini di tempat lain jauh lebih murah. Udah goreng saja di sini mahal sekali sekali! Kesal.""",0.9574210047721863
Ana ing akun mycare ku sek keblokir kuwi wis aku tambahake nomer im3 ku sek anyar,Dalam akun mycare saya yang terblokir tersebut sudah saya tambahkan nomer im3 saya yang baru,Ada di akun mycare saya yang terblokir itu sudah saya tambahkan nomor im3 saya yang baru,0.973019540309906
120 peserta sing lulus iki bakale dibagi dadi 4 kelas karo jumlah masing masing 30 murid,120 peserta yang lulus ini akan dibagi menjadi 4 kelas dengan jumlah masing masing 30 siswa.,120 peserta yang lulus ini akan dibagi menjadi 4 kelas dengan jumlah masing masing 30 murid,0.9861965775489807
"Apa iki, regane larang, pelayanane jan mines!","Apa ini, harga mahal, pelayanan minus!","Apa ini, harganya mahal, pelayanan jangan mengecewakan!""",0.9137271046638489
Aku ketemu karo deknen ing asrama panggonan dhewe manggon nalika isih mahasiswa,Saya bertemu dengannya di asrama tempat kami tinggal semasa mahasiswa dulu,Saya bertemu dengan deknen di asrama tempat kami tinggal saat masih mahasiswa,0.9316873550415039
"Endi ki suwe banget konfirmasine? Iki uwis dibayar, uwis ngirimne bukti transfer, nanging e - tiket pancet ora metu? Aku gela, wegah digantung ngene.","Mana nih lama sekali konfirmasinya? Ini sudah dibayar, sudah mengirimkan bukti transfer, tetapi e - tiket tetap tidak keluar? Saya kecewa, tidak mau digantung begini.","Ini sudah lama sekali konfirmasi? Ini sudah dibayar, sudah mengirimkan bukti transfer, tapi e - tiket tidak keluar? Saya kecewa, malas digantung seperti ini.",0.9675390720367432
"Ndelok film indonesia ning tv iki, kadang nggarai pegel. Merga kayak-kayake indonesia ora ana masalah, merga kabeh lagi mlaku-mlaku ning luar negeri.","Menonton film indonesia di tv ini, kadang bikin jengkel. Karena seakan-seakan indonesia tidak ada masalah, karena semuanya lagi jalan-jalan di luar negeri.","Menonton film indonesia di tv ini, kadang bikin bosan. Karena sepertinya indonesia tidak ada masalah, karena semua sedang jalan-jalan di luar negeri.",0.9699541330337524
"Dasare ora ngerti kahanan kowe! Sinau beladiri udu nggo disombongke! Nanging kanggo nglindhungi awake dhewe! Gurumu dantemi apa maneh uwong tuwamu! Dasar iblis kowe, nyawa dibayar nyawa! Kowe ndhuwe utang siji nyawa! Lan nyawamu sing dadi bayarane!?","Dasar tak tau diri kau! Belajar beladiri bukan untuk di sombongkan! Tapi untuk melindungi diri sendiri! Guru lu aja lu pukulin apalagi orang tua lo! Dasar iblis kau, nyawa di bayar nyawa! Lu punya hutang satu nyawa! Dan nyawa lo yang jadi bayarannya!?","Dasar tidak tahu kondisi kita! Belajar bela diri bukan untuk disombongkan! Tapi untuk melindungi diri kita! Gurumu siapa yang lebih tua dari kita! Dasar iblis kau, nyawa dibayar nyawa! Kau punya utang satu nyawa! Dan nyawamu yang menjadi bayarannya!?!",0.9402995705604553
"Lak nyang mangkok iwak pitik mesti tuku kwetiaew sirame, lak didelok kayake sing sitik, nangis pas dipangan beh, akeh banget lak kanggo porsiku, kwetiaw sirame sik juara ning kene timbang nggon liya, tenan. Sambele uga sekeca banget karo seleraku.","Kalau ke mangkok ayam pasti beli kwetiaw siramnya, kalau dilihat seperti yang sedikit, tetapi pas dimakan beuh, banyak sekali kalau buat porsi saya, kwetiaw siramnya masih juara di sini dari pada di tempat lain, sungguh. Sambelnya juga sesuai banget sama selera saya.","Datang ke mangkok ayam pitik pasti beli kwetiaw sirame, kalau dilihat sepertinya yang sedikit, nangis pas dipanggang beh, banyak banget kalau buat porsiku, kwetiaw sirame memang juara di sini dibanding dengan yang lain, benar-benar. Sambalnya juga sangat sesuai dengan seleraku.",0.9317010045051575
Atlet enom tanah air melu serpong run 2018 dinggo ajang nguji coba,Atlet muda tanah air ikuti serpong run 2018 untuk ajang uji coba,Atlet muda tanah air berlatih serpong run 2018 untuk ajang uji coba,0.9742489457130432
"Penting lan sebarno negriku sing wis lara, pas oknum aparat dadi keparat, sing pener disalahne lan sing salah dipenerne","Penting dan sebarkan negeriku yang sudah sakit, kala oknum aparat jadi keparat, yang benar disalahkan dan yang salah dibenarkan","Penting dan sedih negara saya yang sudah sakit, ketika oknum aparat menjadi korup, yang disalahgunakan dan yang salah dipetakan",0.9350306987762451
Bis harapan jawa adoh luwih kapenak dibanding sing liyane,Bus harapan jaya jauh lebih nyaman dibandingkan yang lainnya,Bis harapan jawa jauh lebih nyaman dibanding yang lain,0.9574935436248779
Tinggalen ae lak awakmu pancene wis waleh karo pacarmu lan pacaran ora ana gunane kanggo awakmu.,Tinggalkanlah kalau kamu memang sudah bosan sama pacar mu dan pacaran tidak ada gunanya buat kamu.,Tinggalin saja kalau kamu memang sudah muak dengan pacarmu dan pacaran tidak ada gunanya buat kamu.,0.970780074596405
"Isih percoyo karo omongane? Dee sing nutup rapet-rapet bobroke sifate, dee uga sing mbukak tabir aibe.","Masih percaya sama omongannya? Dia yang menutup rapat-rapat kebobrokan sifatnya, dia juga yang membuka tabir aibnya.","Masih percaya dengan omongannya? Dede yang menutup rapat-rapat bobrok sifatnya, dede juga yang membuka tabir kebohongan.",0.9506577849388123
"Kafe iki, nduwe pirang-pirang cemilan sing top banget, tahu ning lumboenk karo vulkano risols jenenge. Sensasine unik saka wujude karo rasane nggarai sir maneh si maneh, dinggo sing penasaran oleh njajal wis.","Kafe ini, punya beberapa cemilan yang top banget, tahu di lumboenk sama vulkano risols namanya. Sensasi unik dari tampilan sama rasanya bikin mau lagi mau lagi, bagi yang penasaran boleh dicoba deh.","Kafe ini, memiliki beberapa camilan yang sangat top, tahu di lumbolong dan vulkano risol namanya. Sensasinya unik dari bentuknya dan rasanya yang membuat ketagihan, bagi yang penasaran mencoba sudah.",0.9313711524009705
2018 kpk nduweni tekad kanggo nuntaskae kasus e-ktp lan lbi.,2018 kpk bertekad menuntaskan kasus e-ktp dan blbi.,2018 kpk memiliki tekad untuk menyelesaikan kasus e-ktp dan lbi.,0.9596445560455322
Namung penerbangan ing indonesia sing ora tahu ngeregani wektu. Uwis mbayar larang pelayanane tetep nguciwakake,Cuma penerbangan di indonesia yang tidak pernah ngehargai waktu. Sudah bayar mahal tetap pelayanannya mengecewakan,Namun penerbangan di indonesia yang tidak tahu menunya. Sudah bayar mahal pelayanannya tetap mengecewakan,0.9493741989135742
"Kanggo layanan bank ing akhir pekan sing lokasine ing bekasi, bapak isa teka marang kantor cab bank mandiri bekasi juanda","Untuk layanan bank di akhir pekan yang berlokasi di bekasi, bapak dapat datang ke kantor cab bank mandiri bekasi juanda.","Untuk layanan bank di akhir pekan yang lokasinya di bekasi, bapak bisa datang ke kantor cabang bank mandiri bekasi juanda",0.9750410914421082
susah banget ndelok segara sing saiki reget didadekake panggonan guwak sampah sembarangan,Sedih banget melihat laut yang sekarang kotor dijadikan tempat buang sampah sembarangan,sangat sulit melihat laut yang sekarang kotor dijadikan tempat pembuangan sampah sembarangan,0.9648189544677734
"Salah siji panggon mangan lan panggon nangkring sing direkomendasikne kanca sing oke banget. Panggone pancene lumayan munggah lak saka kutha, lan rodok mlebu-mlebu sampek ora ketok lak saka dalan utama. Nanging panganane enak, panggone asik, regane uga standar. Sik sumbut karo regane lah. Oleh lak nyang Malang dolan mrene maneh.","Salah satu tempat makan dan tempat nongkrong yang direkomendasikan teman yang oke sekali. Tempatnya memang lumayan naik kalau dari kota, dan agak masuk-masuk sampai tidak terlihat kalau dari jalan utama. Tapi makanannya enak, tempatnya asik, harganya juga standar. Masih sepadan dengan harga lah. Bolehlah kalau ke Malang datang ke sini lagi.","Salah satu tempat makan dan tempat nongkrong yang direkomendasikan teman yang oke banget. Tempatnya memang lumayan tinggi dari kota, dan agak masuk-masuk sampai tidak ketemu kalau dari jalan utama. Tapi makanannya enak, tempatnya asik, harganya juga standar. Sik sumbut dengan harganya lah. Kalau ke Malang berkunjung ke sini lagi.",0.9749932289123535
On the spot lagi tayang ing trans7,On the spot sedang tayang di trans7,Di spot lagi tayang di trans7,0.9036340713500977
"Bener-bener iwak pitik goreng sing gurih lan nggarai aku ketagihan, sambel sing pedes nggarai sensasi mangan luwih mantep karo sega anget lan es teh manis","Benar benar ayam goreng yang gurih dan membuat saya ketagihan, sambal yang pedas membuat sensasi makan lebih mantap dengan nasi hangat dan es teh manis","Benar-benar ayam goreng yang gurih dan membuat saya ketagihan, sambal yang pedas membuat sensasi makan semakin mantap dengan nasi hangat dan es teh manis",0.988680362701416
Aku wis ndaftar namung ora entuk sms seka 5111.,Saya sudah registrasi tapi tidak dapat sms dari 5111.,Saya sudah mendaftar tapi tidak dapat sms dari 5111.,0.9833571314811707
"Mumpung lagi mlaku-mlaku marang bandunh sekaliyan nyempatake nyoba batagor sek paling enak ing kota kembang iki nganti ora sadar dhewe mesen luwih akeh seka kapasitas mangan dhewe wong loro: Bakso tahu goreng, siomay goreng lan batagor kuah, ayam kremes, lan es cendol lan dhewe uga kudu mbungkus mulih tahu yun yin pesenan dhewe akhire.","Mumpung sedang berjalan-jalan ke bandunh sekalian menyempatkan mencoba batagor yang terenak di kota kembang ini sampai tidak sadar kami memesan lebih banyak dari kapasitas makan kami berdua: Bakso tahu goreng, siomay goreng dan batagor kuah, ayam kremes, dan es cendol dan kami masih harus membungkus pulang tahu yun yin pesanan kami akhirnya.","""Mumpung lagi jalan-jalan ke bandung sekali pun nyempatkan diri mencoba batagor se paling enak di kota kembang ini sampai tidak sadar kami memesan lebih banyak dari kapasitas makan kami berdua: Bakso tahu goreng, siomay goreng dan batagor kuah, ayam kremes, dan es cendol dan kami juga harus membungkus sisa tahu yun yin pesanan kami akhirnya.""",0.9679101705551147
"Njajal pesen shabu-shabu, menu anyar ning gading resto. Kuwalitas rasane cukup enak, regane kejangkau uga. Rekomendasi lak nggawa tamu utawa mung mangan wengi karo kaluwarga.","Mencoba memesan shabu-shabu, menu baru di gading resto. Kualitas rasa cukup enak, harga terjangkau pula. Rekomendasi bilamana membawa tamu atau sekadar makan malam bersama keluarga.","Coba pesan shabu-shabu, menu baru di gading resto. Kualitas rasa cukup enak, harga terjangkau juga. Rekomendasi kalau bawa tamu atau hanya makan malam bersama keluarga.",0.9826149940490723
Oke. Wis tak kirim lewat pesen langsung,Oke. Sudah saya kirim via pesan langsung,Oke. Sudah saya kirim lewat pesan langsung,0.9874306917190552
"Kasamrawutan sing kadadean akhir debat loro pilgub jabar ing 14 mei 2018 sing kepungkur, marakke silang pendapat saka para kontestan debat.","Kericuhan yang terjadi pengujung debat kedua pilgub jabar pada 14 mei 2018 yang lalu, menimbulkan silang pendapat dari para kontestan debat.","Kekacauan yang terjadi akhir debat dua pilgub jabar pada 14 mei 2018 yang tertunda, memicu silang pendapat dari para kontestan debat.",0.9604660868644714
Isuk iki lali nyepot helm mas gojek bar mudun saka motor gara-gara nguber bis,Pagi ini lupa lepas helm abang gojek setelah turun dari motor gara-gara mengejar bus,Pagi ini lupa pakai helm mas gojek bar mudik dari motor gara-gara kelewatan bus,0.9412185549736023
"Restoran iki tansah top. Suasanane nyaman banget kanggo ngobrol karo kanca, sedulur utawa pasangan. Panganane uga enak. Sanajan aku biasane ora mangan abot. Soale paling seneng marang mrene sore nyedhak mbengi","Restoran ini selalu top. Suasananya nyaman banget buat ngobrol dengan teman, saudara atau pasangan. Makanannya juga enak. Walaupun saya biasanya tidak makan berat. Soalnya paling suka ke sini sore menjelang malam","Restoran ini selalu top. Suasananya nyaman sekali untuk ngobrol dengan teman, keluarga atau pasangan. Makanan juga enak. Meskipun saya biasanya tidak makan banyak. Soalnya paling suka ke sini sore mendekati malam",0.9828944206237793
"Menu sing dhewe pesen urang, sapi, sapo kabehane enak, sampurna dimasake, rasane pas, kuwalitase dhuwur. Panggonane amba, pelayanane oke tenan. Kabehane grapyak lan grapyak karo bocah-bocah","Menu yang kita pesan udang, sapi, sapo semuanya enak, sempurna dimasaknya, rasanya pas, berkualitas tinggi.  Tempat luas, pelayanan oke banget. Semuanya ramah dan ramah sama anak-anak","Menu yang kami pesan orang, sapi, sapo kabehane enak, sempurna dimasak, rasanya pas, kualitas tinggi. Tempatnya luas, pelayanan oke banget. Kabehane ramah dan ramah dengan anak-anak",0.9578937292098999
"Kesel ngantri, kesel golek panggon lungguh, kesel lungguh. Dinggo sing ora nduwe wektu suwe lan wis keluwen, mending ora mrene. Aku mrene pas liburan bodo panganan ning ruko-ruko kene uga rodok larang lan rasane standar.","Capek mengantre, capek mencari tempat duduk, cape duduk. Buat yang tidak punya waktu lama dan sudah kelaperan, mendingan tidak ke sini. Saya ke sini pas liburan lebaran makanan di ruko-ruko sekitar sini juga rada mahal dan rasanya standar.","Kesal antri, kesal cari tempat duduk, kesal duduk. Untuk yang tidak punya waktu lama dan sudah lelah, mending tidak ke sini. Saya ke sini saat liburan makanannya di ruko-ruko di sini juga lumayan mahal dan rasanya standar.",0.9506989121437073
"Warung mangan nduwe suasana sing nyaman karo gaya kampung lawas. Luwih sekeco diparani wektu sore sampek dina wengi ning kahanan sing luwih romantis karo cahyaning remeng-remeng saka obor lan geni unggun. Panganan sing disajikne rena-rena, mulai panganan indonesia sampek panganan eropa serba ana. Cocok sanget kanggo ngentekne wektu karo kanca lak keluarga.",Resto ini memiliki suasana yang nyaman dengan gaya kampung tradisional. Lebih cocok dikunjungi saat sore hingga malam hari di suasana lebih romantis dengan cahaya temaram dari obor dan api unggun. Makanan yang disajikan bervariasi mulai makanan indonesia sampai european makanan serba ada. Sangat cocok untuk menhabiskan waktu bersama teman atau keluarga.,"Warung makan memiliki suasana yang nyaman dengan gaya kampung lawas. Lebih seru didatangi pada waktu sore sampai malam dalam keadaan yang lebih romantis dengan cahaya rembulan dari obor dan api unggun. Makanan yang disajikan beragam, mulai makanan indonesia sampai makanan eropa serba ada. Sangat cocok untuk melewatkan waktu bersama teman maupun keluarga.",0.9483835101127625
"Menu masakan sing disajekne lumayan rena-rena karo rasa sing lumayan enak, kabehe pelayan lan wektu pelayanane ya cukup apik dadi awakdewe wareg mangan awan ning kana, mung nata panggene restoran sing mestere rena-rena munggah - mudun dadi kudu luwih ngati-ati dinggo wong tua lan bocah cilik, muga-muga isa luwih ditingkatne pelayanane lan rena-rena menune. Sukses terus kanggo boemi mitoha.","Menu masakan yang disajikan lumayan bervariasi dengan rasa yang lumayan enak, jumlah pelayan dan waktu pelayanannya pun cukup baik sehingga kami puas makan siang di sana, hanya tata letak restoran yang lantainya bervariasi naik - turun sehingga harus ekstra hati-hati untuk orang tua dan anak kecil, semoga bisa semakin ditingkatkan pelayanan dan variasi menunya. Sukses selalu untuk boemi mitoha.","Menu masakan yang disajikan lumayan bervariasi dengan rasa yang lumayan enak, kebanyakan pelayan dan waktu pelayanan ya cukup baik sehingga kami terkesan makan di sana, hanya tata letak restoran yang berundak-undak sehingga harus lebih berhati-hati untuk orang tua dan anak kecil, semoga bisa ditingkatkan pelayanan dan variasi menunya. Sukses terus untuk boemi mitoha.",0.9673642516136169
"Tagihan mencolot loro kali lipat amarga promo entek tanpo kabar, ora bener iki.","Tagihan melonjak dua kali lipat gara-gara promo habis tanpa pemberitahuan, tidak benar ini.","Tagihan melonjak dua kali lipat karena promo habis tanpa kabar, tidak benar ini.",0.9793528914451599
Njaluk informasine babagan daftar rega klambi kang didhol.,Minta informasi tentang daftar harga baju yang sedang dijual,Meminta informasi mengenai daftar harga kain yang didhol.,0.9158833026885986
Aku tansaya sengit karo jne amarga pangirimane mesthi telat,Saya semakin membenci jne karena pengirimannya selalu telat,Saya selalu kecewa dengan jne karena pengirimannya selalu terlambat,0.9373266696929932
"Ora koyo warung mangan lan kafe biasane, konsep panggonane digawe unik. Akeh lampu-lampu, gambaran, semiantik. Panganan lan ombenane lumayan pas enak, sing garai kaget pas ndelok daftar menune. Ragene wuooow pas banget ning sak. Lan sing mesti rega mirah ora nggarai rasane maleh seje, pancet enak lan berkualitas.","Tidak seperti kebanyakan restoran dan kafe lain, konsep tempatnya dibuat unik. Banyak lampu-lampu, lukisan, semi antik. Makanan dan minuman lumayan cukup enak, yang buat kaget pas melihat daftar menunya. Harganya wuooow pas banget di kantong. Dan yang pasti harga murah tidak buat rasa jadi beda, tetap enak dan berkualitas.","Tidak seperti warung makan dan kafe biasa, konsep tempatnya dibuat unik. Banyak lampu, lukisan, semiantik. Makanan dan minuman lumayan pas enak, yang terkejut saat melihat daftar menunya. Harganya wuooow pas banget di sana. Dan yang harus diketahui harga murah tidak membuat rasa seje, mencolok enak dan berkualitas.",0.948433518409729
"Ana ing lantai 1 hotel yaiku lantai paling dhuwur, nyajikake pemandangan luar biasa ing arah bukit sing dithukuli wit-witan. Seger, resik, penak, luar biasa!","Terletak di lantai 1 hotel yang merupakan lantai tertinggi, menyajikan pemandangan luar biasa ke arah bukit yang ditumbuhi pepohonan. Segar, bersih, nyaman, luar biasa!","Ada di lantai 1 hotel adalah lantai yang paling tinggi, menyajikan pemandangan luar biasa ke arah bukit yang ditutupi pepohonan. Segar, bersih, nyaman, luar biasa!",0.9727743268013
Sakdurunge aku lan pasangan mulih marang jakarta. Aku mampir ndhisik ing restoran iki. Pemandangane apik lan panganane uga murah meriah. Rekomendasi tenan,Sebelum saya dan pasangan pulang ke jakarta. Saya mampir dahulu ke restoran ini. Pemandangannya keren dan makanannya pun murah meriah. Rekomendasi sekali,Sebelum saya dan pasangan berkunjung ke jakarta. Saya mampir sejenak di restoran ini. Pemandangannya bagus dan makanannya juga murah meriah. Sangat direkomendasikan,0.9654423594474792
Ngerasa bosen loh karo sakabehane. Bosen tenan ngelakokake rutinitas sing ngono-ngono wae.,Merasa jenuh loh sama semuanya. Bosen sekali melakukan rutinitas yang gitu-gitu saja.,Merasa bosan loh dengan semuanya. Bosan sekali melakukan rutinitas yang begitu-begitu saja.,0.9534878134727478
Eman kothake sing tekan lumayan penyok,Sayang kotaknya yang sampai agak penyok,Emas kakehan yang sampai lumayan penyok,0.9107950925827026
Kapisan njajal uwis disuguhi karo lalaine pelayan sing marakake dhewe ngenteni suwi wae 4 lagu marcell. Banjur uwis suwi ya ora sida pesenlah. Ora peduli arep enak kaya ngapa yen pelayanane elek karepe sing jenenge rasa.,Pertama mencoba sudah disuguhi dengan kelalaian pelayan yang bikin kita menunggu lama aja 4 lagu marcell. Terus sudah lama ya tidak jadi pesanlah. Tidak peduli mau enak kayak apa kalau pelayanannya buruk terserahlah yang namanya rasa.,Pertama kali mencoba sudah disajikan dengan lagu pelayan yang membuang kita menunggu lama 4 lagu marcell. Kemudian lama sekali tidak mau memesan. Tidak peduli mau enak bagaimana kalau pelayanannya buruk yang namanya rasa.,0.9298914670944214
"Sego rawone enak banget, regane murah. Cedak universitas parahyangan. Panggonane unik nganggo kayu-kayu.","Nasi rawonnya sangat enak, harga terjangkau. Dekat universitas parahyangan. Tempatnya unik dengan kayu-kayu.","Nasi rawonnya enak banget, harganya murah. Dekat universitas parahyangan. Tempatnya unik dengan kayu-kayu.",0.9899082183837891
"Pesen soto karo iga bakar, ditambah suwasana sing adem. Rasane enak lan dilayani kanthi grapyak karo mbak diah, tisna, echa. Uwis ping pindo teka mrene lan mesthi marem karo kualitas panganan lan pelayanan:","Order soto sama iga bakar, ditambah suasana yang dingin. Rasanya enak dan dilayani dengan ramah sama mbak diah, tisna, echa. Sudah dua kali datang ke sini dan selalu puas dengan kualitas makanan dan pelayanan:","Pesan soto dengan iga bakar, ditambah suasana yang sejuk. Rasanya enak dan dilayani dengan ramah oleh mbak diah, tisna, echa. Sudah beberapa kali datang ke sini dan pasti akan kecewa dengan kualitas makanan dan pelayanan:",0.9822205901145935
"Youtube akeh banget manfaate. Isa nonton film, ngrungokake lagu, kala-kala kanggo sinau.","Youtube banyak sekali manfaatnya. Bisa nonton film, dengar lagu, kadang untuk belajar.","Youtube banyak sekali manfaatnya. Bisa nonton film, mendengarkan lagu, kadang-kadang untuk belajar.",0.9858142137527466
"Udan ing dina isuk tenan marakna kesel, macet lan rega ojol dadi tenan ora isa dikendalikake marakna eneg","Hujan di pagi hari sungguh sangat kesal, macet dan harga ojol jadi super tak terkendali bikin eneg","Hujan di pagi hari sangat menyebalkan, macet dan harga ojol menjadi sangat tidak terkendali sangat menyebalkan",0.9480658769607544
"Panganane lumayan enak-enak ing hawa anyes lan akeh variasine mulai saka restoran burangrang, saung purbasari lan area foodcourte.","Makanannya lumayan enak-enak di udara dingin dan banyak variasinya dari mulai restoran burangrang, saung purbasari dan area foodcourtnya.","Makanan cukup enak-enak di udara dingin dan banyak variasinya mulai dari restoran burangrang, saung purbasari dan area foodcourt.",0.9871116280555725
Tulung golekake alamat uwong iki. Bakal aku jak duel kaya uwong lanang nganggo samurai. Deknen uwis ngece ibuku sing paling aku tresnani lan hormati.,Tolong carikan alamat orang ini. Akan saya ajak duel secara jantan pakai samurai. Dia telah menghina ibuku yang paling aku cinta dan hormati.,Tolong cari alamat orang ini. Akan saya pukul seperti pria yang memakai samurai. Dulu sudah mencaci ibuku yang paling saya cintai dan hormati.,0.9262114763259888
"Panggon ngombe kopi cedek kampus UI, vietnamese kopi -ne enak, regane relatif sedeng, cocok dinggo ngontemplasi karo nggarap tesis","Tempat minum kopi dekat kampus UI, vietnamese kopi -nya enak, harganya relatif sedang, cocok untuk berkontemplasi sembari mengerjakan tesis","Tempat minum kopi dekat kampus UI, kopi vietnamnya enak, harganya relatif sedang, cocok buat ngobrol sambil mengerjakan tesis",0.9560873508453369
"Panganane enak, lan pemandangane apik tenan,. Mung sing menyang lawangwangine kurang dadi ora kabeh uwong bisa ngerti yen lawangwangi ana nang kono kajaba wong sek lewat.","Makanannya enak, dan viewnya amazing,. Hanya sing menuju lawangwanginya kurang jadi tidak semua orang bisa tahu ada lawangwangi di situ kecuali orang yang lewat.","Makanan enak, dan pemandangannya sangat bagus,. Hanya yang ke arah lawangwangi kurang jadi tidak semua orang bisa mengerti kalau lawangwangi ada di sana kecuali orang yang lewat.",0.9658320546150208
Aku mulai usaha lan ora tau wedi gagal.,Saya memulai usaha dan tidak pernah takut gagal.,Saya mulai usaha dan tidak pernah takut gagal.,0.9924959540367126
Panggonan mangan kanthi nuansa doraemon. Rega panganane murah lan akeh pilihan. Panggonane ora patia amba nanging nyaman. Nang lantai 2 digawe kaya kamare nobita lkp kanthi meja sinau mesin waktu lan lawang nang ndi wae. Akeh golekan doraemon lan komik-komik sek isa diwaca sawetara ngenteni panganan. Kajaba iku sinambi ngrasakake panganane dhewe isa nonton film doraemon. Anakku seneng mangan. Lanjutan,Tempat makan dengan nuansa doraemon. Harga makanannya murah dan banyak pilihan. Tempatnya tidak terlalu luas tapi nyaman. Di lantai 2 di buat menyerupai kamar nobita lkp dengan meja belajar mesin waktu dan pintu ke mana saja. Banyak boneka doraemon dan komik-komik yang bisa dibaca saat menunggu makanan. Selain itu sambil menikmati hidangan kita bisa menonton film doraemon. Anak saya senang makan. Lanjutan,Tempat makan dengan nuansa doraemon. Harga makanan murah dan banyak pilihan. Tempatnya tidak terlalu luas tapi nyaman. Di lantai 2 dibuat seperti kamar nobita lengkap dengan meja belajar mesin waktu dan pintu di mana saja. Banyak koleksi doraemon dan komik-komik yang bisa dibaca sambil menunggu makanan. Selain itu sambil menikmati makanan kita bisa nonton film doraemon. Anak saya suka makan. Lanjutan,0.9734739065170288
"Aku nyang kafe dipakar bareng keluarga, pemandangane pancene keren banget. Panganane uga eco-eco. Dinggo nyantai nikmati sing disajikne lan pemandangane ning dipakar nyenengna banget. Awakdewe mrana dina minggu, lan rame banget sing dolan. Nanging ora ngenteni suwe, awakdewe langsung entuk meja. Dinggo panganan, bar awakdewe pesen ora kudu ngenteni suwe, panganan wis teka. Dinggo foto-foto uga apik banget.","Saya ke kafe dipakar bersama keluarga, pemandangannya memang keren banget. Makanannya juga enak-enak. Untuk bersantai menikmati sajian dan pemandangan di dipakar sangat menyenangkan. Kami ke sana hari minggu, dan sangat ramai pengunjung. Tapi tidak menunggu lama, kami langsung dapat meja. Untuk makanan, setelah kita order tidak perlu menunggu lama, makanan sudah datang. Untuk foto-foto juga sangat bagus.","Saya ke kafe dipakar bersama keluarga, pemandangannya memang keren banget. Makanan juga eco-eco. Untuk bersantai menikmati apa yang disajikan dan pemandangannya di dipakar sangat menyenangkan. Kami datang pada hari minggu, dan sangat ramai yang datang. Namun tidak menunggu lama, kami langsung dapat meja. Untuk makanan, kami pesan tidak perlu menunggu lama, makanan sudah datang. Untuk foto-foto juga sangat bagus banget.",0.974717915058136
"Ora salah maneh iki kafe modern salah siji senengane wong depok kanggo mangan, nglumpuk tenanan panggone nyaman soale.","Tidak salah lagi ini kafe modern salah satu favorit warga depok buat makan, berkumpul seriusan tempatnya nyaman soalnya.","Tidak salah lagi ini kafe modern salah satu kesukaan warga depok untuk makan, nongkrong sungguh tempatnya nyaman karena",0.9458022713661194
Kesel wae karo kelakuan nyinyir terus kelompok sebelah.,Kesal saja dengan kelakuan nyinyir terus kelompok sebelah.,Kesal saja dengan perilaku nyinyir terus kelompok sebelah.,0.9819636940956116
"Aku seneng mangan ning kene merga menu iwak pitike enak lan empuk, sambele pas ning ilat lan kahanane restorane uga nyaman. Liyane iku pelayanane uga apik lan regane mirah.","Saya suka makan di sini karena menu ayamnya enak dan empuk, sambal pas di lidah dan suasana restorannya juga nyaman. Selain itu pelayanan juga bagus dengan harga terjangkau.","Saya suka makan di sini karena menu ikan kakapnya enak dan empuk, sambalnya pas di lidah dan suasana restorannya juga nyaman. Selain itu pelayanan pun baik dan harganya terjangkau.",0.980987548828125
Aku ki wis kesel arep nesu-nesu. Ben aku dewe ae wis sing njupuk maneh pakete lan tak kirim lewat ekspedisi liya ae. Gela pol embuh ping pira.,Gue itu sudah capek mau marah-marah. Biar gue sendiri aja deh yang ambil lagi paketnya dan gue kirim via ekspedisi lain saja. Kecewa berat entah keberapa kalinya.,Saya sudah muak mau marah-marah. Saya sendiri yang sudah ambil paketnya dan saya kirim lewat ekspedisi lain saja. Bikin kesel banget deh.,0.9353861808776855
"Reunion house iki wis tenan direkomendasikake kanggo mangan awan nang bandung. Panggonane kepenak, asyik kanggo nyantai guyonan karo sapa bae. Menune uga oke tenan.","Reunion house ini direkomendasikan banget buat makan siang di bandung. Tempatnya nyaman, asyik buat santai mengobrol bareng siapa saja. Menunya juga oke banget.","Reunion house ini sudah sangat direkomendasikan untuk makan malam di bandung. Tempatnya nyaman, asyik untuk bersantai guyonan dengan siapa saja. Menunya juga oke banget.",0.9676544666290283
Dingge meruhi promo-promo sing lagi ana ning tokopedia awakmu isa marani halaman iki.,Untuk mengetahui promo-promo yang sedang berlangsung di tokopedia kamu dapat mengunjungi halaman berikut.,Untuk menikmati promo-promo yang sedang ada di tokopedia kamu bisa mengunjungi halaman ini.,0.9704388976097107
"Jarene jam iki anti banyu, nanging dienggo renang tok uwis mati","Katanya jam ini water resist, tapi dipakai berenang doang sudah mati","Katanya jam ini anti air, tapi dipakai renang sudah mati",0.9407154321670532
Suasane asri. Akeh sing dodolan panganan. Panggonan sing nggo nongkrong lan kafene cocok kanggo kunjungan. Dhewe ndhuwe wektu belanja ing supermarket. Regane uga ora larang. Suasanane ing njero malle penak. Acne anyeslah. Lan barang-barang merekane mantap tenan lan akeh potongan rega,Suasananya asri. Banyak jualan makanan. Tempat nongkrong dan cafenya cocok untuk berkunjung. Kami sempat belanja disupermarket. Harganya juga tidak mahal. Suasana di dalam mallnya nyaman. Acnya dinginlah. Dan barang-barang brandednya mantap sekali dan banyak diskon,Suasana asri. Banyak yang menjual makanan. Tempat yang cocok untuk nongkrong dan kafe untuk kunjungan. Kami punya waktu belanja di supermarket. Harganya juga tidak mahal. Suasananya di dalam mall enak. Acne punah. Dan barang-barang mereknya mantap sekali dan banyak potongan harga,0.9610578417778015
Pemikirane sempit nanging ngrumangsa paling bener mangkel banget aku,Pemikiran sempit tapi sok benar kesal banget aku,"Pemikiran sempit tapi merasa paling benar, sangat kesal saya",0.9406914114952087
Sek foto karo uwong kuwi udu adike bang doni. Jijik ah foto karo uwong kuwi.,Yang foto sama orang itu bukan adik bang doni. Jijik ah foto sama orang itu.,Saya foto dengan orang itu bukan adik saya bang doni. Jengkel ah foto dengan orang itu.,0.9479323029518127
"Sakwijining musibah lagi wae kena kampung adat ning bajawa, flores. Kebakaran gedhe sing kadadean ing senin 13 / 8 sore ameh ngobongake kabeh kampung. Total 27 saka 33 omah adat sing ana entek dipangan geni bareng kabeh crita lan sejarahe.","Sebuah musibah baru saja menimpa kampung adat di bajawa, flores. Kebakaran hebat yang terjadi pada senin 13 / 8 sore hampir menghanguskan seluruh kampung. Total 27 dari 33 rumah adat yang ada habis dilalap api bersama semua cerita dan sejarahnya.","Setiap musibah selalu menimpa kampung adat di bajawa, flores. Kebakaran besar yang terjadi pada senin 13 / 8 sore telah menghancurkan seluruh kampung. Total 27 dari 33 rumah adat yang ada tersisa terbakar habis bersama dengan seluruh cerita dan sejarahnya.",0.960183322429657
Marang rene wektu acara kantor. Ana musik langsung. Menu aneka werna. Cocok yen lunga rame-rame nanging selerane beda-beda. Ramene enak.,Ke sini waktu acara kantor. Ada live musik. Menu beragam. Cocok kalau pergi ramai-ramai tapi seleranya beda-beda. Ramennya enak.,Ke sini waktu acara kantor. Ada musik live. Menu beragam. Cocok kalau pergi rame-rame tapi selera beda-beda. Ramainya enak.,0.9689786434173584
"Aku karo keluarga mangan mbengi nang panggonan iki amarga kajaba iku menu utamane batagor uga ana menu liyane. Aku mung mesen 2 menu sek akhire teka sakwise 45 menit, kuwi sakwise  kaping pirang-pirang aku takon. Seko rasane sawetara seko menu sek sakwise aku jajal lumayan enak. Sarane sakdhurunge pesen luwih apik takon ndhisik regane piro suwi orane nggawe menu kang dipesen.","Saya bersama keluarga makan malam di tempat ini karena selain menu utama batagor terdapat menu lain. Saya hanya memesan 2 menu yang akhirnya datang setelah 45 menit, itu pun setelah beberapa kali saya tanyakan. Dari segi rasa beberapa menu yang sebelumnya pernah saya coba lumayan enak. Saran sebelum memesan lebih baik tanyakan berapa lama pembuatan menu yang dipesan","Saya dan keluarga makan malam malam di tempat ini karena selain itu menu utamanya batagor juga ada menu lain. Saya hanya memesan 2 menu saja akhir sekali datang setelahnya 45 menit, itu setelah berapa kali saya tanyakan. Dari rasa beberapa menu yang saya coba lumayan enak. Sarapannya sebelum memesan lebih baik tanyakan ke kasir harganya berapa lama orangnya membuat menu yang dipesan.",0.9497695565223694
Paket wis ditampa. Rodok gela merga pesen werna ireng dikirim werna kuning.,Paket sudah diterima. Sedikit kecewa karena order warna hitam dikirim warna kuning.,Paket sudah diterima. Sedih sekali karena pesan warna hitam dikirim warna kuning.,0.9612889289855957
"Aku saka bali, dilalah pas dolan menyang kutho bandung, pas ning sanding kantor gubernur jawa barat alias cedeke gedung sate, awakdewe disarane mangan ning bancakan merga cedek. Bar mlebu awakdewe dikeki piring saka komplong sing wis ora apik eneh, kayake karaten. Akhire awakdewe milih panganan sing awakdewe sir, lan atusan laler miber teka ngendi-ngendi merga wis kadung awakdewe ya pancet mangan. Nggilani pol.","Saya dari bali, kebetulan sedang liburan ke kota bandung, ketika sedang di dekat kantor gubernur jawa barat alias dekat gedung sate, kami di-suggest makan di bancakan karena dekat. Setelah masuk kami pun diberi piring dari kaleng yang sudah tidak bagus lagi, sepertinya berkarat. Akhirnya kami memilih makanan yang kami suka, dan ratusan lalat beterbangan ke mana mana karena sudah terlanjur kami pun tetap makan. Sangat jijik","Saya dari bali, datang saat berkunjung ke kota bandung, saat di depan kantor gubernur jabar alias gedung sate, kami disarankan makan di bancakan karena dekat. Saat masuk kami dikasih piring dari komplek yang sudah tidak bagus lagi, kayak karatan. Akhirnya kami pilih makanan yang kami sir, dan ratusan laler datang dari mana-mana karena sudah kebiasaan kami juga makan. Sangat buruk.",0.9315862655639648
Ndelok sinetron ae anyak waleh opomeneh nonton isu apus-apus sing diramalke.,Nonton sinetron saja mulai bosan apalagi menonton isu bohong yang diramalkan.,Lihat sinetron saja banyak melelahkan kalau nonton isu-isu remeh remeh yang diramalkan.,0.9284928441047668
Aku tuku werna-werna roti. Piliane akeh nanging rasane biasa wae. Rotine garing kaya uwis pirang-pirang dina. Ora seger. Pelayanane uga suwi. Nguciwakake.,Saya beli berbagai macam roti. Pilihannya banyak tapi rasanya biasa saja. Rotinya kering seperti sudah berhari-hari. Tidak segar. Pelayanannya juga lama. Mengecewakan.,Saya beli berbagai warna roti. Pilihan banyak tapi rasanya biasa saja. Rotinya keras seperti sudah beberapa hari. Tidak segar. Pelayanan juga lambat. Menggoda.,0.9579161405563354
Aja lali ngombe banyu mineral 8 -- 10 gelas saben dinane.,Jangan lupa minum air mineral 8 -- 10 gelas per harinya.,Jangan lupa minum air mineral 8 -- 10 gelas setiap harinya.,0.99062579870224
"Panggonane sing apik ing cedak ndhuwur bukit, bisa ndhelok pemandangan kutha saka ndhuwur.","Tempatnya yang indah di dekat atas bukit, bisa lihat pemandangan kota dari atas.","Tempat yang indah di atas bukit, bisa melihat pemandangan kota dari atas.",0.9816980957984924
"Numpak grab, mase crita sing wingi kena balangan watu ing dalan.Juanda pas badha jebule anake kancane","Naik grab, abangnya cerita yang kemarin kena lemparan batu di jalan.Juanda saat lebaran ternyata anak temannya","Lihat grab, kemarin cerita kena batu di jalan. Juanda pas badai ternyata anaknya kawan",0.9040426015853882
Sakkelompok mahasiswa sing bodo. Syukur aku udu mahasiswa daerah kono. Isin woy.,Sekelompok mahasiswa yang bodoh. Syukur deh gue bukan mahasiswa daerah situ. Malu woy.,Kelompok mahasiswa yang bodoh. Syukurlah saya bukan mahasiswa daerah sana. Bikin malu woy.,0.9644342064857483
"Restone apik lan gede. Wektu marang rene pas mangan siang lan dina minggu rame tenan pengunjung. Panganane enak enak, gurame goreng lan sambele mantep.","Restonya bagus dan besar. Waktu ke sini saat makan siang dan hari minggu ramai sekali pengunjung. Makanannya enak enak, gurame goreng dan sambalnya mantap.","Restoran bagus dan besar. Saat ke sini memang saat makan siang dan hari minggu sangat ramai pengunjung. Makanan enak enak, gurame goreng dan sambalnya mantap.",0.9803474545478821
"Aku klebu salah siji wong sing cukup setia karo kampung daun kat awal bukak tahun 2003 lak ora salah, kualitas panganan awite eco, ket tambah rame lan tambah mrene, panganan sing dirumantekne ora koyo biasane lan arang kading sing ngelayani kesane cuek banget, awakdewe pesen rena-rena macem panganan nanging sing teko kondisine wis anyep lan ora sekeca blas, mung panggone sing apik.","Saya termasuk salah satu orang yang cukup setia dengan kampung daun dari awal buka di tahun 2003 kalau tidak salah, kualitas makanan awalnya oke, tapi semenjak makin ramai dan makin ke sini, makanan yang disajikan tidak seperti biasanya dan terkadang pelayan terkesan cuek sekali, kita mesan beberapa jenis makanan tapi yang datang sudah dengan kondisi dingin dan tidak menarik, tempat menarik.","Saya termasuk salah satu orang yang cukup setia dengan kampung daun sejak awal buka tahun 2003 kalau tidak salah, kualitas makanan awalnya eco, semakin ramai dan semakin lama, makanan yang dihidangkan tidak seperti biasanya dan tidak ada yang peduli yang melayani kesalannya cuek banget, kami memesan berbagai macam makanan tapi yang datang kondisinya sudah kotor dan tidak sesuai sama sekali, hanya tempat yang bagus.",0.9378692507743835
Blanja ing Giant diskon 20% kanggo kartu kredit bca.,Belanja di Giant diskon 20% dengan kartu kredit bca.,Belanja di Giant diskon 20% untuk kartu kredit bca.,0.9915448427200317
"Mas, dalan ning muara bulian anyar, lagek sesasian dibenakne, uwis rusak maneh. Sing nggarap kaya ora tenanan","Kang, jalan di muara bulian baru, baru sebulanan dibenarkan, sudah rusak lagi. Yang mengerjakan seperti tidak serius","Mas, jalan di muara bulian baru, kalau sesekali dibenakin, sudah rusak lagi. Yang mengerjakan kayaknya tidak benar",0.9419487118721008
"Pancen ora enak kejebak macet, nanging luwih ora enak meneh yen kejebak masa lalu","Memang enggak enak terjebak macet, tapi lebih tidak enak lagi kalau terjebak masa lalu","Tentu saja tidak enak terjebak macet, tapi lebih tidak enak lagi kalau terjebak masa lalu",0.9832377433776855
"Sumpah, nyesel tenan nggawe orderan via aplikasi iki. Bisa-bisane tiket ekektronike ora ditokake. Lan proses konfirmasine suwi. Sakdurunge uwis ngalami babagan sing meh pada ing aplikasi sebelah, nanging layanane cepet tenan langsung wenehi solusi. Ora kudu nganti telepon layanan pelanggan ping 4.","Sumpah, menyesal sekali bikin orderan via aplikasi ini. Bisa-bisanya e - ticket tidak issued. Dan proses konfirmnya lama. Sebelumnya pernah mengalami hal yang hampir sama di aplikasi sebelah, tetapi pelayanannya cepat sekali langsung kasih solusi. Tidak harus sampai telpon layanan pelanggan 4 kali.","Sumpah, menyesal sangat membuat orderan via aplikasi ini. Bisa-bisanya tiket elektronik tidak terkonfirmasi. Dan proses konfirmasi sangat lama. Sebelum pernah mengalami hal yang hampir sama di aplikasi sebelah, namun layanan sangat cepat langsung berikan solusi. Tidak perlu sampai telepon layanan pelanggan ping 4.",0.9535022974014282
"Uwis aku kirim pesen langsunge, tulung ndang dicek","Sudah saya kirim pesan langsungnya, tolong segera dicek","Sudah saya kirim pesan langsung, tolong segera dicek",0.9849628210067749
"Aku nglakoni 5 transaksi ning tanggal 22 juni, kabeh ditolak nyatane kesuda saka rekening sampek 7 yuta, saka 5 transaksi lagek 3 transaksi sing dibalekne.","Saya melakukan 5 transaksi pada tanggal 22 juni, smuanya decline nyatanya terdebit dari rekening hampir 7 juta, dari 5 transaksi baru 3 transaksi yang dikembalikan.","Saya melakukan 5 transaksi pada tanggal 22 juni, semuanya ditolak ternyata habis dari rekening sampai 7 juta, dari 5 transaksi lagi 3 transaksi yang diblokir.",0.9341249465942383
Mayoritas sing nganggo hak pilih ing pemilihan gubernur uwis nentukake pilian.,Mayoritas pengguna hak pilih di pemilihan gubernur telah menentukan pilihan.,Mayoritas yang menggunakan hak pilih dalam pemilihan gubernur sudah menentukan pilihan.,0.9736316800117493
Wis ngenteni jne tibake dee tekane sesuk. Aku pengen nesu,Sudah menunggu jne ternyata dia datangnya besok. Ingin aku marah,Sudah menunggu jne tiba sampai jam 1 siang. Saya ingin marah,0.8904244303703308
"Spotify rumit, kudu nganggo administrasi wulanan mbarang","Spotify ribet, pakai ada administrasi bulanan segala","Spotify rumit, harus pakai administrasi bulanan mahal",0.9479649662971497
"Pengen mangan oreo wae ribet tenan, mesti diputer - dijilat - dicelupake","Mau makan oreo aja ribet banget sih, mesti diputer - dijilat - dicelupkan","Ingin makan oreo saja ribet sekali, pasti diputar - dijilat - dicelupkan",0.9514734745025635
"Ngapuro, udu mung nomerku sing kaya ngono, aku takon kabeh sing nganggo ing daerah kono, ngomongake babagan sing pada, isih uga ora gelem ngaku uga yen tenan sinyale sing elek","Maaf, bukan nomer saya saja yang begitu, saya tanya semua yang pakai di daerah situ, mengatakan hal yang sama, masih tidak mau ngaku juga kalau memang sinyalnya yang jelek","Di sini, bukan hanya nomorku yang seperti itu, saya tanyakan semua yang menggunakan di daerah itu, mengatakan tentang yang pada, masih juga tidak mau mengaku kalau benar sinyalnya yang buruk",0.9353185892105103
"Kisaran siare tulung diambakake, amarga akeh daerah sing hurung isa nikmati siaran net. Matur suwun.","Jangkauan siarnya tolong diperluas, karena banyak daerah yang belum bisa menikmati siaran net. Terima kasih.","Kisaran siare tolong diambakake, karena banyak daerah yang belum bisa menikmati siaran net. Terima kasih.",0.9529626369476318
"Kok isa ditokne bangunan ing dhuwur kali, ing dalan saka rumah sakit menyang pasar Ciroyom, aneh.","Kok bisa dibiarkan bangunan di atas sungai, di jalan dari rumah sakit menuju pasar Ciroyom, aneh.","Kenapa bisa ditandai bangunan di atas sungai, di jalan dari rumah sakit ke pasar Ciroyom, aneh.",0.9845961928367615
"Krungu lambe saka lambe soal restoran iki, saking penasaran, aku jajal marani. Nanging sayange, lak menurutku biasa ae, ora kaya sing diceritakne wong-wong. Rasane ya biasa-biasa ae, ora sumbut karo regane. Kaya masakan sing tas sinau.","Dengar dari mulut ke mulut tentang restoran ini, saking penasaran, saya coba untuk berkunjung. Tapi sayang, kalau menurut saya, tidak seperti apa yang banyak diceritakan orang. Rasanya biasa-biasanya saja, tidak sesuai saja dengan harganya. Seperti masakan yang baru belajar.","Dengar gosip dari gosip soal restoran ini, karena penasaran, saya coba makan di sana. Tapi sayangnya, kalau menurut saya biasa saja, tidak seperti yang diceritakan orang-orang. Rasanya ya biasa-biasa saja, tidak sepadan dengan harganya. Seperti masakan yang saya tanyai.",0.9486289024353027
Iphone iki. Kamerane peteng wassalam elek banget ora isa diandalake banget yen males nggawa kamera.,Iphone ini. Kamera gelapnya wassalam jelek banget tidak bisa diandalkan banget kalau malas bawa kamera.,Iphone ini. Kamerasnya gelap wassalam jelek banget tidak bisa diandalkan banget kalau malas bawa kamera.,0.9868497848510742
"Yen ora nduwe dhuwit kanggo tuku komik nanging uga pengen jagongan, teka bae marang rene. Koleksi komike komplit. Panganan ombenae sabenere mung fasilitas tambahan, nanging cukup lumayan. Regane uga murah khas mahasiswa.","Kalau tidak punya uang buat beli komik tapi juga ingin nongkrong, datang saja ke sini. Koleksi komiknya lengkap. Makanan minumannya sebenrnya hanya fasilitas tambahan, tapi cukup lumayan. Harganya juga murah khas mahasiswa.","Kalau tidak punya uang untuk beli komik tapi juga ingin ngobrol, datang saja ke sini. Koleksi komiknya lengkap. Makanan ombennya sebenarnya hanya fasilitas tambahan, tapi cukup lumayan. Harganya juga murah khas mahasiswa.",0.965073823928833
"Aduh pak kok seolah-olah manas-manasi kubu sisih seh? Ojo to pak, iku mengko deweke kabeh tambah cemburu, iren, pegel, nyinyir, mutung kayak bocah cilik, nesu-nesu ora jelas jluntrunge lan tambah bosok ae utek lan atine.","Aduh pak kok seolah-olah memanas - manasi kubu sebelah sih? Jangan dong pak, itu nanti mereka tambah cemburu, iri, dengki, nyinyir, ngambek kayak anak kecil, marah-marah tidak jelas juntrungannya dan makin busuk saja otak dan hatinya.","Aduh pak kok seolah-olah marah-marah kubu sebelah seh? Jangan pak, itu mereka semua tambah cemburu, iri, pegel, nyinyir, bertingkah seperti anak kecil, marah-marah tidak jelas di depan dan tambah bosan saja utuk dan hatinya.",0.9327712655067444
"Rekomendasi bangetlah. Cappucinone ketagihan, rega miring, lan valet parkir mbayar sakikhlase. Teka pas arep maghrib mesti luwih seru suwasanane.","Rekomendasi bangetlah. Cappuccinonya ketagihan, harga miring, dan valet parkir bayar seikhlasnya. Datang pas menjelang maghrib pasti lebih seru suasananya.","Rekomendasi bangetlah. Cappucinone ketagihan, harga murah, dan valet parkir bayar sekali saja. Teka pas mau maghrib mesti lebih seru suasanaannya.",0.9350442886352539
Oke bos masiyo hape ujug-ujug ngehank dewe sedina,"Oke bos, walau handphone tiba-tiba ngehank sendiri selama sehari",Oke bos masihyo hape ujug-ujug ngehank dewe sedina,0.8526991009712219
Panggonan mangan kanthi suasana alam iki paling pas kanggo acara karo pasangan utawa karo kaluwarga. Panganane enak lan regane uga cukup kajangkau,Tempat makan dengan suasana alam ini paling tepat untuk acara dengan pasangan atau dengan keluarga. Makanannya enak dan harga juga cukup terjangkau,Tempat makan dengan suasana alam ini sangat cocok untuk acara bersama pasangan atau keluarga. Makanan enak dan harganya juga cukup terjangkau,0.9779688119888306
Yakin kuwi ikhlas? Tulus? Kuwi udu pencintraan tok ya?,Yakin itu ikhlas? Tulus? Bukannya itu hanya pencitraan saja ya?,Yakin itu tulus? Jujur? Itu bukan pencitraan doang ya?,0.9337262511253357
"Aku melu lomba blog cinta rupiah bank indonesia - net media lan uwis nyubmit artikel nang 22 desember 2017 kepungkur, nanging sampek saiki status artikelku isih unpublished. Nyuwun tulung dijelasne.","Saya mengikuuti lomba blog cinta rupiah bank indoneisa - net media dan sudah men - submit artikle pada 22 desember 2017 lalu, tapi sampai sekarang status artikel saya masih unpublished. Mohon penjelasannya.","Saya mengikuti lomba blog cinta rupiah bank indonesia - net media dan sudah submit artikel pada 22 desember 2017 lalu, namun sampai sekarang status artikel saya masih unpublished. Mohon bantuannya dijelaskan.",0.9541605114936829
"Kafe iki nyediakne panganan tradisional bergaya kafe cah nom. Liyane panggon sing nyaman, rega kelebu mirah lan kejangkau","Kafe ini menyediakan makanan tradisional bergaya kafe anak muda. Selain tempat yang nyaman, harga terbilang murah dan terjangkau","Kafe ini menyediakan makanan tradisional bergaya kafe cah nom. Selain tempat yang nyaman, harga terjangkau dan terjangkau",0.9623910784721375
"Stasiun tv owol, ora konsisten, nguciwokake panyengkuyunge persib - persiba, ora ndhuwe welas asih marang manungsa! Owol, lan cupu!","Stasiun tv payah, tidak konsisten, mengecewakan pendukung persib - persiba, tidak berprikemanusiaan! Payah, dan cupu!","Stasiun tv jelek, tidak konsisten, menghina penggemar persib - persiba, tidak punya welas asih terhadap manusia! Jelek, dan cupu!",0.9364802837371826
"Panggone nyaman lan kesane adem. Satene uga enak lan ana menu liyane maneh ning panggon iki, ora mung sate","Tempatnya nyaman dan berkesan adem. Satenya juga enak dan ada menu lainnya lagi di tempat ini, tidak hanya sate","Tempatnya nyaman dan suasananya sejuk. Satenya juga enak dan ada menu lain lagi di tempat ini, bukan hanya sate",0.979733407497406
"Pemandangane apik kanggo foto-foto, hawane sejuk, panganane rasane enak. Rega uga kajangkau. Mantep.","Pemandangannya bagus untuk foto-foto, udaranya sejuk, makanannya rasanya enak. Harga juga terjangkau. Mantap.","Pemandangannya bagus untuk foto-foto, hawa dingin, makanan rasanya enak. Harga juga terjangkau. Mantap.",0.9867931604385376
Adikku seneng banget brownis primarasa,Adikku sangat suka brownis primarasa,Adikku sangat suka brownis primarasa,0.9999999403953552
Akeh klambi lan celono sing didol ning matahari mal,Banyak baju dan celana yang dijual di matahari mal,Banyak kemeja dan celana yang dijual di matahari mal,0.9774771332740784
"Minimal internetku pedhot dumadakan, 1 omah nganggo simpati kabeh semono uga ora isa nyambung internet","Minimal internet saya putus tiba-tiba, 1 rumah pakai simpati semua begitu juga tidak bisa connect internet","Minimal internet saya putus mendadak, 1 rumah pakai simpati semuanya sama tidak bisa terhubung internet",0.9476533532142639
Kaskus pancen kerep menehi informasi sing menarik lan paling anyar,Kaskus memang sering memberikan informasi yang menarik dan terbaru,Kaskus memang sering memberikan informasi yang menarik dan terbaru,0.9999998807907104
"Aku paling ora seneng kuwi, yen nyepaki pemilu, suasane tansah panas.","Saya paling tidak suka itu, kalau mendekati pemilu, suasananya selalu memanas.","Saya paling tidak suka itu, kalau menyuap pemilu, suasana selalu panas.",0.9673364758491516
"Lumayan nyesel karo kaputusan mlebu jurusan film, pengen mlebu seni rupa sakasline. Nanging ragu karo bakar sing didhuweni.","Agak menyesal dengan keputusan masuk jurusan film, ingin masuk seni rupa sebenarnya. Tapi ragu dengan bakat yang dimiliki.","Lumayan menyesal dengan keputusan masuk jurusan film, ingin masuk seni rupa sebaliknya. Tapi ragu dengan bakat yang dimiliki.",0.9777268767356873
"Rasa bumbu sega gorenge ora seenak mbiyen maneh, cemplang lan luwih asin. Kudu ana sing ngontrol kualitas rasa ben kualitas tetep siyaga.","Rasa bumbu nasi gorengnya tidak seenak dulu lagi, terkesan hambar dan lebih asin. Perlu ada pengontrol kualitas rasa agar kualitas tetap terjaga.","Rasa bumbu nasi gorengnya tidak selezat dulu lagi, hambar dan lebih asin. Harus ada yang mengontrol kualitas rasa biar kualitas tetap terjaga ya.",0.9682620167732239
"Sesuai rekomendasi, aku njajal mie goreng spesial lan rasane menurutku biasa banget ae lan kurang cocok ning ilat","Sesuai rekomendasi, saya mencoba mie goreng special dan rasanya menurut saya sangat biasa saja dan kurang cocok di lidah","Sesuai rekomendasi, saya coba mie goreng spesial dan rasanya menurut saya biasa banget dan kurang cocok di lidah",0.9814818501472473
"Baksone enak kanggo dipangan, panggonane resik penyajiane panganan bakso sek caraku beda. Enak banget deh","Baksonya enak buat di makan, tempat bersih penyajian makanan bakso yang menurut saya beda. Enak banget deh","Baksone enak buat dipanggang, tempatnya bersih penyajian makanan bakso sesuai dengan caraku beda. Enak banget deh",0.9518398642539978
Pelakune aja diserahake karo pak polisi. Kubur urip-urip bae.,Pelakunya jangan diserahkan sama pak polisi. Kubur hidup-hidup saja.,Pelakunya jangan diserahkan ke pak polisi. Kubur hidup-hidup saja.,0.9899949431419373
"Nggelakne banget, aku pesen tiket lan uwis tak bayar, padahal wektu iku urung kadaluwarsa pas aku transfer, nanging nganti saiki urung dikeki kode bookinge, malah dikeki notifikasi uwis kadaluwarsa, banjur duwite mlayune neng ngendi, pas aku hubungi liwat email gur ditanggepi pisan wae.","Sangat mengecewakan, saya pesan tiket dan sudah saya bayar, padahal waktu itu belum kadaluarsa pas saya transfer, tapi sampai sekarang belum dikasih kode bookingnya, malah dikasih notifikasi sudah kadaluarsa, lalu uangnya larinya ke mana, pas saya hubungi lewat email hanya ditanggapi sekali saja.","Menyesalkan sekali, saya pesan tiket dan sudah saya bayar, padahal waktu itu belum kadaluwarsa saat saya transfer, namun sampai sekarang belum dikirim kode bookingnya, malah dikirim notifikasi sudah kadaluwarsa, lalu uang saya terlanjur ke mana, saat saya hubungi lewat email tidak direspon sama sekali.",0.9498264789581299
"Lho nemene jne! Aku nelpon ora diangkat, tweet ora dibales, email ora dibales, pesen ora dibales!","Loh parahnya jne! Saya nelepon tidak diangkat, tweet tidak dibalas, email tidak dibalas, pesan tidak dibalas!","Lho temani jne! Saya telepon tidak diangkat, tweet tidak dibalas, email tidak dibalas, pesan tidak dibalas!",0.9636475443840027
"Gela rasane karo pelayanan sing diwenehi hotel bintang papat iki. Pas aku nginep ning hotel iku, aku entuk perlakuan kurang ngenakne saka pelayan sing ana. Ditambah maneh karo jeding e sing ora ana tisune. Padahal regane lumayan larang. Nanging ora sesuai karo pelayanan sing diwenehne.","Kecewa rasanya dengan pelayanan yang diberikan hotel bintang empat ini. Saat saya menginap di hotel itu, saya mendapat perlakuan kurang mengenakkan dari pelayan yang ada. Ditambah lagi dengan kamar mandi yang tidak ada tisunya. Padahal harganya lumayan mahal. Tapi tidak sesuai dengan pelayanan yang diberikan.","Sangat mengecewakan dengan pelayanan yang diberikan hotel bintang empat ini. Saat saya menginap di hotel tersebut, saya mendapatkan perlakuan yang kurang menyenangkan dari pelayan yang ada. Ditambah lagi dengan jeding yang tidak ada alasnya. Padahal harganya lumayan mahal. Tapi tidak sesuai dengan pelayanan yang diberikan.",0.9758776426315308
"Saka mambengi kok ora iso dienggo, layanan indosat kok kaya ngene. Ndaftar extra 2 gb 10 ewu ora isa-isa, eman-eman pulsaku malah entek ora isa dienggo apa-apa.","Dari semalam kok tidak bisa dipakai, layanan indosat kok kayak gini. Daftar extra 2 gb 10 ribu tidak bisa-bisa, sia-sia pulsa saya malah habis tidak dipakai apa-apa.","Dari malam kok tidak bisa dipakai, layanan indosat kok begini. Daftar extra 2 gb 10 ribu tidak selalu, sayang-sayang pulsa saya malah habis tidak bisa dipakai apa-apa.",0.965630829334259
"Panggonane lumayan asik, parkiran kasusun rapi. Gabungan sing aneh nanging enak, steak dikancani mi tak tak pedes banget. Hm.","Tempatnya lumayan asik, parkiran di susun rapi. Perpaduan yang aneh tapi enak, steak ditemani mi tak tak super pedas. Hm.","Tempatnya lumayan asik, parkiran teratur rapi. Kombinasi yang aneh tapi enak, steak diiringi mi tak tak pedas banget. Hm.",0.9668199419975281
"Koyoke isuk iki macet banget yo, wis tur ning bis luwih saka sejam, nanging ora sampek-sapek yok an.","Kayaknya pagi ini macet banget ya, sudah tur di bus lebih dari sejam, tetapi tidak sampai-sampai juga.","Kuyakoe pagi ini macet banget ya, sudah lewat di bis lebih dari sejam, tapi tidak sampai-sampai yok an.",0.9378241300582886
"Aku pegel kat februari ditelpon mben dina ditelpon saka mnc tv. Aku ora tau langganan, aku ping bolak-balik nglarifikasi.","Saya kesal sejak februari ditelpon tiap hari di telpon dari mnc tv. Saya tidak pernah langganan, saya puluhan kali klarifikasi.","Saya pegal di februari ditelpon setiap hari ditelpon dari mnc tv. Saya tidak pernah berlangganan, saya ping bolak-balik nglarifikasi.",0.949320912361145
Kemeruh banget to kowe mat. Ora usah sok-sokan ngekeki ceramah barang. Ceramahmu iku sesat.,Sok tahu banget sih lu mat. Tidak usah sok-sokan beri ceramah segala. Ceramah kamu sesat.,Kotor banget kau mata. Jangan sok-sokan ngejek ceramah barang. Ceramahmu itu sesat.,0.9304755926132202
Bakso nganggo ceker utawa sikil pithik yaiku sensasi sing enak tenan. Enak banget pokoke kajaba bakso isih akeh menu liyane. Pokoke dianjurake tenan,Bakso dengan ceker atau kaki ayam merupakan sensasi yang menakjubkan. Enak banget deh pokoknya selain bakso masih banyak menu yang lain. Pokoknya direkomendasikan banget deh,Bakso dengan ceker atau kaki ayam adalah sensasi yang sangat enak. Enak sekali kalau tidak bakso masih banyak menu lain. Pokoknya sangat dianjurkan,0.9463674426078796
"Xiaomi, samsung, gumantung si kowe pengin tipe apa lan jumbuh biaya sing kowe duwe, takok-takok wae menyang panggonan sing dodol hpne","Xiaomi, samsung, tergantung sih kamu mau tipe apa dan sesuai biaya yang kamu punya, tanya-tanya aja ke tempat yang jual hpnya","Xiaomi, samsung, tergantung kamu mau tipe apa dan budget yang kamu punya, coba-coba saja ke tempat yang jual hpnya",0.972542941570282
"Panggon parkir kesempiten, sampek mobil kudu dititipne nyang lahan parkir sing ana ning sebrang hotel.","Tempat parkir terlalu sempit, sampai mobil harus dititipkan ke lahan parkir yang ada di sebrang hotel.","Tempat parkir penuh sesak, sampai mobil harus dititipkan ke lahan parkir yang berada di seberang hotel.",0.970213770866394
"Merga skate park iki diubengi panggon klumpukan sing asyik, aku rasane ora bakal isa krasa waleh.","Karena skate park ini dikelilingi tempat berkumpul yang asik, saya merasa tidak akan pernah merasa bosan.","Karena skate park ini dikelilingi tempat berkumpul yang asyik, saya rasa tidak akan bisa lepas dari tempat ini.",0.9648833870887756
Aku uwis lapor marang email mandiricare.co.id,Saya sudah lapor ke email mandiricare.co.id,Saya sudah melaporkan ke email mandiricare.co.id,0.9674505591392517
Aku uwis ndhuwe kode akses lan pin.,Saya sudah punya kode akses dan pin.,Saya sudah punya kode akses dan pin.,0.9999998807907104
"Asli tenan indihome nemen tenan saiki, apa gunane mbayar larang larang edan emosi tenan","Asli dah indihome parah banget dah sekarang, apa gunanya bayar mahal mahal gila emosi nih benar-benar","Asli deh indihome memang memang sekarang, apa gunane bayar mahal mahal emosi",0.9079716205596924
"Dhewe sakaluwarga nyempetake kanggo njajal panganan ing panggonan mangane iki kaya susuh sing kabeh kaca-kacane ditutupi karo ranting-ranting sing ngerambat. Eksotik, unik, apik tenan lan panganane uga enak.","Kami sekeluarga menyempatkan diri mencoba makan di tempat makannya ini seperti sarang yang semua kaca-kacanya ditutupi oleh ranting-ranting yang merambat. Eksotik, unik, keren banget dan makanannya pun enak.","Kami seluruh keluarga sempatkan untuk mencoba makanan di tempatnya beberapa waktu lalu seperti susuh yang semua kaca-kacaunya ditutupi dengan ranting-ranting yang menghalangi. Eksotik, unik, bagus sekali dan makanannya juga enak.",0.9444990158081055
Aku cemburu nanging ora isa apa-apa,Saya cemburu tapi tidak bisa apa-apa,Aku cemburu tapi tidak bisa apa-apa,0.982805609703064
"Rega ora patia larang, rasane uga enak, akeh pilian panganan khas Banjar liyane.","Harga tidak terlalu mahal, rasanya juga enak, banyak pilihan makanan khas Banjar lainnya. ","Harga tidak terlalu mahal, rasa juga enak, banyak pilihan makanan khas Banjar lainnya.",0.995489776134491
Segel rapi sanajan kotak setithik peyot,Segel rapi walau kotak sedikit penyok,Segel rapi walau kotak sedikit penyot,0.9802844524383545
Sopir gocar teka saka luwar kutha nyang jakarta dinggo golek penumpang ben entuk poin.,Supir gocar datang dari luar kota ke jakarta untuk mencari penumpang demi dapatkan poin.,Sopir gocar datang dari luar kota ke jakarta untuk mencari penumpang demi dapat poin.,0.9859681129455566
Ning kene isa metik stroberi dewe lan langsung dibayar lak pas gedhi-gedhi buahe lumayan uga legi stroberine lan ada kulinere pisan isa mangan sing liyane ning kene,Di sini bisa petik stroberi sendiri dan langsung dibayar kalau lagi besar besar buahnya lumayan juga manis stroberinya dan ada kuliner juga bisa makan yang lain di sini,Di sini bisa panen stroberi sendiri dan langsung dibayar kalau pas panen buahnya lumayan juga stroberinya dan ada kulinernya juga bisa makan yang lain di sini,0.9713794589042664
"Lagek wae mau teka barange, apik kok","Baru saja tadi sampai barangnya, bagus kok","Selalu saja datang barangnya, bagus kok",0.9375134110450745
Bosen banget ndhelok sampah ing dalan kutha palangkaraya,Bosan banget melihat sampah di ruas jalan kota palangkaraya,Bosan banget melihat sampah di jalan kota palangkaraya,0.9909194707870483
Lokasi restoran ing Kemang. Larang lan ora enak. Aja mara mrana deh.,Lokasi restoran di Kemang. Mahal dan tidak enak. Jangan ke situ deh.,Lokasi restoran di kemang. Kotor dan tidak enak. Jangan pernah ke sana deh.,0.9757590889930725
Rasa nikmat dipadu karo sambele. Daginge empuk. Rega jumbuh karo sing disajikne. Lokasi gampang ditemokne. Sip pokoke.,Rasa nikmat dipadu dengan sambelnya. Daging empuk. Harga sesuai dengan yang disajikan. Lokasi mudah ditemukan. Sip pokoknya.,Rasa nikmat dipadukan dengan sambalnya. Dagingnya empuk. Harga sesuai dengan yang disajikan. Lokasi mudah ditemukan. Sip pokoknya.,0.9895046949386597
Bubur Ahong iki enak dipangan pas mangan wengi. Akeh menu liane sing isa dinikmati liyane bubur. Omah mangan iki rame diparani lan lumayan amba. Bubure uga enak.,Bubur Ahong ini enak dimakan saat makan malam. Banyak menu lainnya yang dapat dinikmati selain bubur. Rumah makan ini ramai dikunjungi dan cukup luas. Buburnya juga enak.,Bubur Ahong ini enak dipanggang saat makan malam. Banyak menu lain yang bisa dinikmati selain bubur. Rumah makan ini ramai dipenuhi dan lumayan luas. Buburnya juga enak.,0.9844576120376587
"Aku marang kene karo pacar, panggonane lumayan amba lan ana area indoor karo ing njabane. Aku njagong ing panggonan indoor sing ana pemandangan marang arah njaba, dadi ana jendela kace. kanggo panganane aku cukup puas. Saka sisi rega tenan padha karo apa sing ditawakake","Saya ke sini sama pacar, tempatnya cukup luas dan ada area indoor sama di luarnya. Saya duduk di tempat indoor yang ada pemandangan ke arah luar, jadi ada jendela kaca. untuk makanan saya cukup puas. Dari sisi harga memang sebanding dengan apa yang ditawarkan","Saya datang ke sini dengan pacar, tempatnya cukup luas dan ada area indoor serta di luar. Saya duduk di area indoor yang menghadap ke arah luar, jadi ada jendela kaca. Untuk makanan saya cukup puas. Dari sisi harga sangat sesuai dengan apa yang ditawarkan",0.978224515914917
Milih gubernur utawa ora yaiku pilian saban uwong.,Memilih gubernur atau tidak adalah pilihan setiap orang.,Memilih gubernur atau tidak adalah pilihan setiap orang.,0.9999999403953552
Rasa uwis malih ora kaya mbiyen. Kesane anyep. Kudu ditingkatake cita rasane. Kanggo menu ombean minim banget mung ana soft drink,Rasa sudah berubah tidak seperti dulu. Terkesan hambar. Harus di tingkatkan cita rasanya. Untuk menu minuman sangat minim hanya ada soft drink,Rasa sudah lama sekali tidak seperti dulu. Kesal sekali. Harus ditingkatkan cita rasa. Untuk menu minuman minim banget hanya ada soft drink,0.9518709778785706
Sanadyan saiki regane uwes mlonjak munggah nanging percayao yen pesen sega padang bungkus ing singgalang jaya porsine badai tenaaan. Nganti saiki panggonan iki isih dadi salah siji panggonan nikmati masakan padang favoritku.,Meskipun sekarang harganya sudah melonjak naik tapi percayalah kalau pesan nasi padang bungkus di singgalang jaya porsinya badai abiiis. Sampai sekarang tempat ini masih menjadi salah satu tempat menikmati masakan padang favorit saya.,Walaupun sekarang harganya sudah lama naik tapi percaya kalau pesan nasi padang bungkus di singgalang jaya porsinya badai benar-benar. Sampai sekarang tempat ini masih menjadi salah satu tempat menikmati masakan padang favoritku.,0.9748950004577637
"Bebeke enak, alus, sambele enak. Panggone resik lan lumayan oke.","Bebeknya enak, lembut, sambelnya enak. Tempat bersih dan lumayan oke.","Bebeknya enak, lembut, sambalnya enak. Tempatnya bersih dan lumayan oke.",0.9934099912643433
"Manggon ana ing festival city link mal, resto iki nyajikake panganan cina panganan a la carte lan dimsum. Rasa panganane oke, panggonan uga cukup amba lan akeh keluwarga mangan ana ing kene. Favorite dhewe urang mayonaise.","Terletak di festival city link mal, resto ini menyajikan makanan cina makanan a la carte dan dimsum. Rasa makanan cukup oke, tempat cukup luas juga dan banyak keluarga bersantap di sini. Favorit kami udang mayonaise.","Berada di festival city link mal, resto ini menyajikan makanan china makanan a la carte dan dimsum. Rasa makanan oke, tempatnya juga cukup luas dan banyak keluarga makan di sini. Favorite kami orang mayonaise.",0.9730591773986816
Panganan ing rumah sakit tansah ora enak,Makanan di rumah sakit selalu tidak enak,Makanan di rumah sakit selalu tidak enak,1.0000001192092896
"Lak mrene wajib banget tuku terong gorenge, panggone uga enak ana sing lesehan, ngindari jam mangan awan lak sir mrene merga kebeg banget","Kalau ke sini wajib banget beli terong gorengnya, tempatnya juga enak ada yang lesehan, hindari jam makan siang kalau mau ke sini karena penuh banget","Datang ke sini wajib banget beli terong gorengnya, tempatnya juga enak ada yang lesehan, hindari jam makan siang kalau ke sini karena sangat ramai",0.9835240840911865
"Panggone cukup nyaman, ana ning dalan sudirman sing cedek karo pilihan panggen belonjo, lan restone cukup cedek karo panggen iku. Panganane enak, pilihane akeh dadi ora tek malehi. Panggone uga nyaman","Letaknya cukup nyaman, ada di jalan sudirman yang dekat dengan pilihan tempat belanja, dari resto pun cukup dekat ke tempat tersebut. Makanannya enak, pilihannya banyak jadi tidak terlalu membosankan. Tempatnya juga nyaman","Tempatnya cukup nyaman, berada di jalan sudirman yang dekat dengan pilihan tempat makan, dan restonya cukup dekat dengan tempat makan tersebut. Makanan enak, pilihan banyak sehingga tidak terlalu mahal. Tempatnya juga nyaman",0.9634376764297485
Resto iki duwe menu sing aneka werna nanging kakean menu China lan halal. Mi ayam jamur lan sega hainane sedep lan direkomendasikake. Bebeke uga enak. Resto iki saiki duwe cabang ing Istana Plaza.,Resto ini punya menu yang beragam tetapi kebanyakan menu China dan halal. Mi ayam jamur dan nasi hainannya sedap dan direkomendasikan. Bebeknya juga enak. Resto ini sekarang punya cabang di Istana Plaza.,Resto ini memiliki menu yang beragam namun kebanyakan menu china dan halal. Mi ayam jamur dan sega hainannya lezat dan direkomendasikan. Bebeknya juga enak. Resto ini sekarang memiliki cabang di Istana Plaza.,0.9763988256454468
Mampir marang bandung. Nggolek ramen. Sing jarene saiki kekinian. Regane setimpal padha karo rasane. Yen marang bandung maneh mesti mampir maneh.,Mampir ke bandung. Mencari ramen. Yang katanya lagi kekinian. Harganya setimpal sesuai dengan rasanya. Kalau ke bandung lagi pasti mampir lagi.,Datang ke bandung. Mencari ramen. Yang katanya sekarang kekinian. Harganya sepadan dengan rasanya. Kalau ke bandung lagi harus mampir lagi.,0.9749717116355896
"Yen ana sing salah karo tindak tanduke aku entuk kok ngomong langsung karo aku, aja ngomong ing mburi. Ora asik kaya ngono. Pengecut!","Kalau ada yang salah dengan tingkah laku aku boleh kok bicara langsung ke aku, jangan bicara di belakang. Tidak asik kayak begitu. Pengecut!","Kalau ada yang salah dengan tindakannya saya terima kok ngomong langsung sama saya, jangan ngomong di belakang. Tidak asik begitu. Pemalu!",0.9501532912254333
Tolong konfirmasi kanggo pangiriman ing alamat panampa sing dileksanakake dina iki utawa dina ngesok mas suwun,Mohon konfirmasi untuk pengiriman ke alamat penerima akan dilakukan hari ini atau esok hari kak terima kasih,Tolong konfirmasi untuk pengiriman ke alamat penerima yang dilakukan hari ini atau hari esok mas terima kasih,0.9558203220367432
Panggen parkire kurang amba. Lan nganyelne banget lak pas awakdewe mangan terus dikongkon ngge mindahne mobil merga ana wong liya sing bar mangan lan arepe metu kendaraane. Iku ngganggu banget.,Tempat parkirnya kurang luas. Dan menyebalkan banget kalau pada saat kita makan kemudian disuruh untuk memindahkan mobil karena ada orang lain yang selesai makan dan akan keluar kendaraannya. Itu sangat mengganggu.,Parkir sangat sempit. Dan sangat menyebalkan kalau saat kami makan terus diminta pindah mobil karena ada orang lain yang baru makan dan mau keluar mobilnya. Itu sangat mengganggu.,0.9505132436752319
"Ya ngono sih, kesadharan tanggung jawab mahasiswa saiki kuwi kurang tenan. Akeh-akehe ora tanggung jawab kanthi apa sing uwis dadi tugase.","Ya gitu sih, kesadaran akan tanggung jawab mahasiswa sekarang itu kurang sekali. Kebanyakan tidak bertanggung jawab dengan apa yang sudah jadi tugasnya.","Ya memang begitu, kesadaran tanggung jawab mahasiswa sekarang itu kurang sekali. Banyak-banyak tidak bertanggung jawab dengan apa yang sudah menjadi tugasnya.",0.9738892316818237
"Sega uduk iki ana ing dalan rajiman lan bukake saka sore nganti mbengi. Menune si cukup sederhana, mung sega uduk lan aneka warna pelengkape. Biasane aku mangan sega udu karo pithik goreng lan sambel, sambele ora patia pedes.","Nasi uduk ini ada di jalan rajiman dan bukanya dari sore sampai malam. Menunya sih cukup sederhana, hanya nasi uduk dan berbagai pelengkapnya. Biasanya saya makan nasi uduk sama ayam goreng dan sambal, sambalnya tidak terlalu pedas.","Sangat kecewa dengan ini ada di jalan rajiman dan buka dari sore sampai malam. Menunya cukup sederhana, hanya nasi uduk dan aneka warna pelengkapnya. Biasanya saya makan nasi uduk dengan ayam goreng dan sambal, sambalnya tidak terlalu pedas.",0.9708063006401062
Ngomong-ngomong indomie pisanan ning 2018 ku mambengi tibake enak,Anw indomie pertama di 2018 ku semalam ternyata nikmat,Ngomong-ngomong indomie pertama di 2018 dengan memodifikasi sehingga enak,0.8783777952194214
"Saksitike kertu internetku ora kenek digawe padahal kuota lokal e isik, aku manggon ning panggonan sing aktivasi lan kertune uga wis didaftarne.","Minimal kartu internet saya tidak dapat digunakan padahal kuota lokal masih, saya berada di lokasi aktivasi dan kartu juga sudah registrasi","Sakitnya kartu internetku tidak terpakai padahal kuota lokal e isik, aku tinggal di tempat yang aktivasi dan kertune juga sudah didaftarkan.",0.9244873523712158
Hypermart saiki ngenehi diskon 20% kanggo produk seger saben dina senen - kemis kanthi mandiri kartu hypermart,Hypermart sedang memberikan diskon 20% untuk produk segar setiap hari senin - kamis dengan mandiri kartu hypermart,Hypermart sekarang memberikan diskon 20% untuk produk segar setiap hari senin - kamis dengan mandiri kartu hypermart,0.9929229021072388
Pengen nesu wae aku karo indosat,Mau marah saja aku sama indosat,Pengen marah saja saya dengan indosat,0.8930273056030273
Karo ngenteni wektu ganti tahun dhewe njajal marang rene. Dhewe wong loro pesen pirang-pirang sushi. Ombeane milktea karo es krim vanilla nganggo batok krambil. Kanggo sushine lumayan nanging kakehan segane kayane. Nanging rasane enak. Regane kajangkau.,Sambil menunggu waktu pergantian tahun kita coba ke sini. Kita berdua pesan beberapa sushi. Minumannya milktea sama eskrim vanilla dengan batok kelapa. Untuk sushinya lumayan tapi kebanyakan nasinya sepertinya. Tetapi rasanya enak. Harganya terjangkau.,Dengan menunggu waktu ganti tahun kami mencoba ke sini. Kami berdua pesan beberapa sushi. Minuman milktea dengan es krim vanilla menggunakan batok krambil. Untuk sushinya lumayan tapi terlalu banyak sayurannya kayaknya. Tapi rasanya enak. Harganya terjangkau.,0.9508612751960754
"Endi laporanku ora diproses-proses. Magu duitku ora bakal dibalikne, padahal pulsa lan kuotaku ilang.","Mana laporan aku tidak diproses-proses. Ragu duit aku akan dikembalikan, padahal pulsa dan kuota aku hilang.","Saya sudah melaporkan tidak diproses-proses. Magu uang saya tidak akan dikembalikan, padahal pulsa dan kuota saya hilang.",0.9704912900924683
"Dhewe kuciwa tenan karo pelayanan karyawan lion ing gate a6 bandar udara cengkareng. Aku diapusi, barang rusak lan reged satibane ing tujuan.","Kami sangat kecewa dengan pelayanan karyawan lion di gate a6 bandar udara cengkareng. Saya dibohongi, barang rusak dan kotor tiba tujuan.","Kami sangat kecewa dengan pelayanan karyawan lion di gate a6 bandara cengkareng. Saya diabaikan, barang rusak dan terlantar di tujuan.",0.965999186038971
Sing paling nguciwakake yaiku nalika pimpinan ora isa mbedakake lan ora gelem ngerti endi negarawan lan endi politisi kotor,Yang paling mengecewakan adalah ketika pemimpin tak bisa bedakan dan tak mau tahu mana negarawan dan mana politisi kotor,Yang paling menyedihkan adalah ketika pemimpin tidak bisa membedakan dan tidak mau mengerti siapa negarawan dan siapa politisi kotor,0.9540406465530396
"Bubur iwak pitik sing lumayan rekomendasi ning sekitaran bandung, panggone strategis gampang digoleki, regane ora ngrogoh sak, panggone mesti rame diparani pengunjung mben dina nyambut gawe lan akhir minggu merga rasane sing enak.","Bubur ayam yang lumayan rekomendasi di sekitaran bandung, tempatnya strategis mudah dicari, harganya tidak merogoh kantong, tempatnya selalu ramai didatangi pengunjung setiap hari kerja maupun akhir pekan karena rasanya yang enak.","Bubur ayam ayam yang cukup rekomendasi di sekitar bandung, tempatnya strategis mudah dicari, harganya tidak menguras dompet, tempatnya selalu ramai dikunjungi pengunjung baik hari kerja maupun akhir minggu karena rasanya yang enak.",0.967690646648407
"Teka ing panggonan iki kanggo ngaso sakbanjure sayah macet ing lelungan, panganane oke, nanging jajan-jajane mantep, dadi kabayarake.","Mengunjungi tempat ini untuk istirahat setelah cape macet di perjalanan, makanan oke, tapi kue-kuenya mantap, jadi terbayarkan.","Datang ke tempat ini untuk istirahat sejenak sambil menunggu bus macet di jalan, makanannya oke, tapi jajanannya mantap, jadi terbayar.",0.9410021901130676
"Terus aku sia-sia no nganyari nomer hape paling anyar nyang pelayanan pelanggan cabang bni lak data ning bni isik nomer hape lawas, piye seh pelayanane!","Lalu saya percuma dong update nomor telepon genggam terbaru ke pelayanan pelanggan cab bni kalau data di bni masih nomor handphone lama, bagaimana sih pelayanannya!","Terus aku sia-sia no nganyari nomer hape paling anyar ke pelayanan pelanggan cabang bni kalau data di bni isik nomer hape lawas, bagaimana sih pelayanannya!",0.8993417024612427
"Aku wis kerep mara nikmati panganan ning roemah nenek. Aku seneng karo kahanane sing nyaman dinggo mangan bareng keluarga. Ning dina-dina tertentu ana tontonan musik langsung. Panganane uga nduwe pilian sing rena-rena saka tradisional, asia, sampek panganan kidulan","Saya sudah sering kali datang menikmati makanan di roemah nenek. Saya suka dengan suasananya yang nyaman untuk makan bersama keluarga. Di hari-hari tertentu ada hiburan live musik. Makanannya pun punya pilihan yang beragam dari yang tradisional, asia, sampai makanan barat","Saya sudah beberapa kali menikmati makanan di rumah nenek. Saya suka dengan suasana yang nyaman untuk makan bersama keluarga. Pada hari-hari tertentu ada pertunjukan musik live. Makanan juga memiliki pilihan yang beragam dari tradisional, asia sampai makanan ringan",0.9568226933479309
"Akeh wong sing ora seneng nggo berobat nyang dokter. Ora mung kerna mbayare sing relatif lumayan larang dingge separone wong, nyang dokter ora selawase isa marekne. Akeh dokter sing salah diagnosis. Apa penting utawa wis lumrah, toh dokter uga manungsa.","Banyak orang yang kurang suka untuk berobat ke dokter. Selain biaya yang relatif cukup mahal bagi sebagian orang, ke dokter tak selamanya bisa menyembuhkan. Banyak dokter yang salah diagnosa. Pentingkah ataukah sudah lumrah, toh dokter juga manusia.","Banyak orang yang tidak suka pergi ke dokter. Bukan hanya karena harganya yang relatif lumayan mahal untuk sebagian orang, ke dokter tidak seluwes bisa mengobati sendiri. Banyak dokter yang salah diagnosis. Apa penting atau sudah lumrah, toh dokter pun manusia.",0.9510722756385803
"Pelayanane apik, panggen parkir lumayan amba, kebon stroberi amba lan akeh stroberi sing wis cukup abang nggo dipethil. Panganan ning restoran rena-rena banget, rasane enak, sambel stroberine unik lan enak. Sega liwet stroberi kudu dijajal. Sejauh iki kabeh menu sing tak pangan ora ana sing nggarai gela rekomendasi banget dinggo dolane keluarga","Pelayanan baik, tempat parkir cukup luas, kebun stroberi luas dan banyak stroberi yang sudah cukup merah untuk dipetik. Makanan direstoran sangat beragam, rasanya enak, sambal stroberinya unik dan enak. Nasi liwet stroberi harus dicoba. Sejauh ini semua menu yang saya makan tidak ada yang mengecewakan sangat rekomendasi untuk wisata keluarga","Pelayanan baik, tempat parkir lumayan luas, kebun stroberi luas dan banyak stroberi yang sudah cukup matang untuk dipetik. Makanan di restoran bervariasi, rasanya enak, sambal stroberinya unik dan enak. Seger minum stroberi harus dicoba. Sejauh ini semua menu yang saya makan tidak ada yang membuat kecewa sangat direkomendasikan untuk kunjungan keluarga",0.9622096419334412
"Demi apa wae tes cpns marakna macet, sialannnnnnn","Demi apa pun tes cpns bikin macet, sialannnnnnn","Demi apa saja tes cpns marakna macet, sialannnnnnn",0.9239526391029358
"Ngenteni panganan suwi banget, pelayane galak, pas mangan pas kuwi aku pesen pizza tekone eh gosong nganti kasire pas aku mbayar ora ngguyu, pelayanane payah.","Menunggu makanannya lama banget, waitressnya galak, pas makanannya saat itu saya pesan pizza datang eh gosong sampai kasirnya pun pas saya bayar tidak senyum, pelayanannya payah.","Menunggu makanan sangat lama, pelayan kasar, saat makan waktu itu saya pesan pizza tapi gosong sampai kasir saat saya bayar tidak berteriak, pelayanan buruk.",0.9300784468650818
