javanese,ground_truth,generated,bertscore
"Cepak saka hotelku nginep, namung digawa mlaku, ing kene akeh tenan pilian panganane, panggonane sing amba, lan nyenengake","Dekat dengan hotel saya menginap, hanya ditempuh jalan kaki, di sini banyak sekali pilihan makanannya, tempat yang luas, dan menyenangkan","Dari hotel saya menginap, namun membawa jalan, ke sini banyak sekali pilihan makanan, tempat yang luas, dan nyaman",0.9307835102081299
"Iya bener, deknen lagi jaga warung.","Iya benar, dia sedang jaga warung.","Iya benar, deknen lagi jaga warung.",0.9466772079467773
Kangkunge lumayan nanging yuyu saus padange nguciwakake dhewe dikei yuyu sing kopong akhir dhewe ora mangan yuyune lan dibalekake.,Kangkungnya lumayan tapi kepiting saus padangnya mengecewakan kami dikasih kepiting yang kopong akhir kami tidak makan keptingnya dan dikembalikan.,Harganya lumayan tapi saus padang bikin kita kecewa kita diberi saus yang kosong akhir kita tidak makan sausnya dan dikembalikan.,0.9166648387908936
"Manggon nang braga city walk sing sak gedung karo aston lan fave hotel, panggon iki nyaman banget dinggo nyangkruk-nyrangkruk. Kopi campur teh sing anyar lagek pisan iki aku njajal tibake enak banget, dipadu karo endog setengah mateng dadi kanca jagongan karo kanca-kanca. Panggon sing bebas rokokan tambah nyenengne karo nikmati pemandangan wira-wiri wong-wong sing mlebu metu mal iki.","Bertempat di braga city walk yang satu gedung dengan aston dan fave hotel, tempat ini sangat nyaman buat kongkow-kongkow. Kopi campur teh yang baru pertama kali saya nikmati ternyata sangat enak, dipadu dengan telur setengah matang menjadi pendamping mengobrol bersama teman-teman. Area yang bebas merokok semakin mengasyikkan sambil menikmati pemandangan lalu lalang orang-orang yang keluar masuk mal ini.","""Datang ke braga city walk yang berada di antara aston dan fave hotel, tempat ini sangat nyaman untuk duduk-duduk. Kopi campur teh yang baru saja saya coba sangat enak, dipadukan dengan telur setengah matang sehingga sangat cocok dengan teman-teman. Tempat yang bebas rokok yang menambah kesenangan tentunya sambil menikmati pemandangan orang-orang yang masuk ke mal ini.""",0.9373571872711182
"Gianyar nompo bantuan sosial 2018 gedene rp 44, 9 milyat","Gianyar terima bantuan sosial 2018 sebesar rp 44, 9 miliar","Bantuan sosial Provinsi Gianyar tahun 2018 nilai rp 44, 9 milyar",0.9447750449180603
Iki salah siji conto generasi sing ora kangge. Ora malah migunani dinggo bangsa nanging malah dadi sesuatu sing mbahayani dinggo bangsa! Mantep jeraten ae nggawe uu ite,Ini salah satu contoh generasi yang tidak berguna. Bukan malah bermanfaat untuk bangsa tapi malah jadi sesuatu yang berbahaya bagi bangsa! Mantap jerat saja pakai uu ite,Ini salah satu contoh generasi yang tidak untuk. Sebaliknya malah menjadi sesuatu yang membantu untuk bangsa. Sayang jeritannya saja bikin uu itu,0.9142079949378967
"Sore konco, wektu iki lagi dilakokne pemeliharaan dadi aplikasi ora isa diakses.","Sore sahabat, saat ini sedang dilakukan pemeliharaan sehingga aplikasi tidak dapat diakses.","Sore teman, waktu ini sedang dilakukan pemeliharaan sehingga aplikasi tidak bisa diakses.",0.9856869578361511
Tenan ringkih dhewe iki aku uga jiden saktenane,Memang lemah kita ini aku juga penakut sebenarnya,Kita betul kita sama kita juga jadian awalnya,0.8777931928634644
"Terakhir nyang hanamasa regane 120 ewu / wong. Nanging puase luwih saka iku. Isa njupuk panganan sakpuase, nanging rasa ora nggelakne, pinter-pintere awakdewe ae ngeracik dewe. Lak penggemar daging sapi mesti seneng mrene","Terakhir ke hanamasa harganya 120 ribu / orang. Tapi puasnya lebih dari itu. Bisa ambil makanan sepuasnya, tapi rasa tidak mengecewakan, pintar-pintar kita saja meracik sendiri. Kalau penggemar daging sapi pasti suka ke sini","Terakhir yang pernah saya datangi harganya 120 ribu / orang. Namun puas lebih dari itu. Bisa nikmati makanan dengan puas, tapi rasa tidak mengecewakan, kreatifnya para koki saja kalau membuat. Kalau penggemar daging sapi pasti suka ke sini",0.9417625069618225
"Kanggo menyang ing the peak mesthi wae karasa adoh banget saka pusat kutha bandung, lan aksese sing lumayan mbingungake lan dalan cilike mbelak-mbelok. Nanging kowe bisa ora bakal kesasar amarga meh ing saben enggokan ana tanda marang ing the peak. Panggonane apik banget kanggo kowe sing nggolek suasana mbengi romantis, kanthi pemandangan mbengi kutha sing apik tenan.","Untuk menuju ke the peak memang terasa sangat jauh dari pusat kota bandung, dan aksesnya yang agak membingungkan dan jalan kecil berkelok-kelok. Namun anda mungkin tidak akan tersesat karena hampir di tiap belokan ada signage menuju ke the peak. Tempatnya sangat bagus untuk anda yang mencari suasana malam romantis, dengan pemandangan malam kota yang menakjubkan.","Untuk menuju ke the peak memang harus jauh dari pusat kota bandung, dan akses yang cukup membingungkan serta jalan berkelok-kelok. Namun anda tidak akan kesasar karena tiap tepi jalan ada tanda menuju the peak. Tempatnya sangat indah bagi anda yang mencari suasana malam romantis, dengan pemandangan malam kota yang sangat menawan.",0.9633237719535828
Kebon raya bogor isa didadekne salah siji tujuan destinasi wisata,Kebun raya bogor bisa dijadikan salah satu tujuan destinasi wisata,Kebon raya bogor merupakan salah satu destinasi wisata,0.9629687070846558
"The peak panggone ning cedeke lembang, waratan duwur ning bandung sing adem lan panggone sing apik banget nanging dalan ngge moro panggonan iki kelok-kelok banget lan tikungan landep lan curam, ora disarane dingge motoran pas udan-udan lan wengi. Ning the peak ana nggen mangan sing pemandangane kutha bandung sing indah saka nggunung, rega panganane sing larang banget lan ora sumbut.","The peak berlokasi di dekat lembang, dataran tinggi di bandung yang sejuk dan lokasi yang sangat baik namun jalan untuk mencapai tempat ini sangat berkelok disertai tikungan tajam nan curam, tidak disarankan untuk berkendara saat hujan dan malam hari. Di the peak terdapat restoran dengan pemandangan kota bandung yang indah dari perbukitan, harga makanan yang sangat mahal dan sangat tidak sesuai.","""The peak menjadi tempatnya di wangiana lembang, barat jauh di bandung yang sejuk dan tempatnya yang indah banget tetapi jalan menuju tempat ini keliak-kaliak banget dan tikungan curam dan landak, tidak disarankan untuk motoran saat hujan-hujanan dan malam. Di the peak ada juga untuk makan yang pemandangannya luas bandung yang indah dari pegunungan, harga makanan yang sangat mahal dan tidak terjangkau.""",0.9216521382331848
Aku kapok nganggo jasa lion air,Saya kapok menggunakan jasa lion air,Saya kapok pakai jasa lion air,0.9834986925125122
Akeh bab sing isa dhewe tindakake kanggo ngisi wektu luwang.,Banyak hal yang dapat kita lakukan untuk mengisi waktu luang.,Ada banyak hal yang bisa kita lakukan untuk mengisi waktu luang.,0.9897903203964233
Saya apatis ngelaporake bab-bab kaya iki. Amarga nganti minggu wingi isih tetep hurung digarap. Mung janji-janji terus.,Semakin apatis melaporkan hal-hal seperti ini. Karena sampai minggu lalu masih tetap belum dikerjakan. Hanya janji-janji terus.,Saya apatis melaporkan hal-hal seperti ini. Karena hingga seminggu kemarin masih belum ditindaklanjuti. Hanya janji terus.,0.9425292015075684
Rega dhuwur banget porsi sithik banget ora janji maneh aku teko kanggo kepindho. Panganane ora beda adoh karo emakku dong!,Harga selangit porsi seiprit tidak janji lagi saya datang untuk yang kedua kali. Masakannya tidak beda jauh sama ema saya dong!,Harga mahal sekali porsinya sangat kecil tidak sesuai dengan janji kembali deh saya ke tempat lain. Makanannya tidak beda jauh sama ibu saya dong!,0.9031039476394653
"Anyar lan kashediya, 5 sekat mangan awan kotak kotak mangan yooyee kotak bekal anti bocor 590","Baru dan tersedia, 5 sekat makan siang kotak kotak makan yooyee kotak bekal anti bocor 590","Baru dan berkualitas, 5 set makan terpisah kotak terpisah makan yooyee kotak bekal anti bocor 590",0.9690080881118774
"Ora ngerti ya kenangapa resto iki manggoni ranking 12 saka 1800an resto sing ana ing jakarta. Regane larang! Panggonane ndhelik, lan rasa panganane biasa bae. Aja percaya banget karo review sing nyesatake.","Tidak mengerti ya kenapa resto ini menduduki peringkat 12 dari 1800an resto yang ada di jakarta. Harga mahal! Lokasi tersembunyi, dan rasa makanan biasa saja. Jangan terlalu percaya sama review yang menyesatkanlah.","Tidak mengerti lah kenapa resto ini menempati ranking 12 dari 1800an resto yang ada di jakarta. Harganya mahal! Tempatnya sempit, dan rasa makanan biasa saja. Jangan percaya terlalu dengan review yang menyesatkan.",0.9621178507804871
Bledosan ning aksi protes ning afghanistan mateni wong 68,Ledakan dalam aksi protes di afghanistan tewaskan 68 orang,Korbankan dalam aksi protes di afghanistan bunuhlah orang 68,0.9291085004806519
"Aku teka marang restoran kuwi bareng karo kancaku. Kancaku kakehan kaget ndhelok pemandangane sing apik tenan ing mbengi. Aku ndhuweni kasempatan njajal stik impore, enak tenan apa maneh sause. Mmm yummi. Yen ana kasempatan aku pengen teka maneh marang kana.","Saya berkunjung ke restoran itu bersama dengan teman saya. Teman saya kebanyakan terkejut melihat pemandangannya yang sangat indah di malam hari. Saya berkesempatan mencoba steak impornya, sangat enak apalagi sausnya. Mmm yummi. Kalau ada kesempatan saya ingin berkunjung lagi ke sana.","""Saya datang ke restoran tersebut bersama teman saya. Teman saya sangat terkejut melihat pemandangan yang cantik sekali di malam hari. Saya baru tahu kesempatan mencoba steak impore, enak sekali apa pun saus. Mmm yummi. Jika ada kesempatan saya ingin kembali ke sana.""",0.9543076157569885
Akses menyang dusun bambu isa ditekani kira-kira ing wektu 1 - 2 jam nganggo mobil pribadi. Mara menyang dusun bambu diusahakake pas wektu wengi amarga awake dhewe isa ndelok cetha pemandangan sing ana lan wektu sing pas kanggo mangan wengi.,Akses menuju dusun bambu bisa ditempuh kira-kira dalam waktu 1 - 2 jam menggunakan mobil pribadi. Berkunjung ke dusun bambu diusahakan saat petang hari karena kita dapat melihat jelas pemandangan yang ada dan waktu yang pas untuk makan malam.,Akses menuju dusun bambu bisa ditempuh sekitar 1 - 2 jam dengan mobil pribadi. Mendatang ke dusun bambu dilakukan pada waktu malam hari agar kita bisa menikmati pemandangan yang ada dan waktu yang pas untuk makan malam.,0.9581931829452515
"Panganane oke padha karo xo suki liyane. Nanging sanajan dina prei gedhe kaya badha iki udhu artine meseme prei lan pesenan ombe, lan liya-liyane kudu mesen ping akeh. Tulung dijaga kepuasan pelanggane. Matur suwun,","Makanan oke sama seperti xo suki lainnya. Tetapi walaupun hari libur besar seperti lebaran ini bukan berarti senyumnya libur dan order minum, dan lain-lain harus order berkali-kali. Tolong di jaga kepuasan pelanggannya. Terima kasih.","Makanan oke padahal sama seperti xo suka lainnya. Tapi malam hari hari besar seperti besok sudah tentu berbeda itu maksudnya mata dan pesanan ayam, dan lainnya harus pesan banyak. Harap dijaga kepuasan pelanggan. Makasih",0.9024376273155212
"Restoran iki yaiku panggon kuliner sing wajib diparani umpama nyang bandung. Ora mung panganane sing manjakne ilat panganan sunda banget, restoran iki uga dibangun nganggo konsep mangan santai ning jero kali dadi nawarne pengalaman kuliner sing berkesan banget. Kudu dijajal dinggo sopo ae sing nyang bandung.","Restoran ini adalah sebuah destinasi kuliner yang wajib dikunjungi bila ke bandung. Selain makanan yang sangat memanjakan lidah makanan sunda, restoran ini juga dibangun dengan konsep makan santai di dalam saung yang dikelilingi alam hutan dan pegunungan yang dihias pepohonan rindang dan dihibur oleh gemericik air sungai sehingga menawarkan pengalaman kuliner yang teramat mengesankan. Harus dicoba bagi siapapun yang ke bandung.","Restoran ini adalah tempat kuliner wajib kunjung jika ke bandung. Selain makanan yang sangat menggoda makanan sunda sangat, restoran ini juga dibangun dengan konsep makan santai di tepi kali jadi memberikan pengalaman kuliner yang sangat berkesan. Harus dicoba buat siapa saja yang ke bandung.",0.9279929399490356
Mbalik ngaktifne paket data indosat merga isa akses youtube unlimited.,Kembali mengaktifkan paket data indosat karena dapat akses youtube unlimited.,Mulang aktifkan paket data indosat agar bisa akses youtube unlimited.,0.9571810960769653
Aku nembe ngerti ketemu kancaku sek makarya nang trans tv,Saya baru saja bertemu teman saya yang bekerja di trans tv,Saya tidak pernah menonton trans tv,0.8912487626075745
"Omah mangan ning dalan anggrek iki nduwe keistimewaan jenis seafood sing rena-rena lan ana sing isih urip dinggo dipilih lan dimasak pas kuwi uga. Rena-rena jenis panganan isa dipilih lan wektu ngenteni sing sediluk nggarai adewe ora tek kesuwen keluwen ngenteni. Menu kerapu kukuse enak banget lan gurih, apa meneh lak dimasak karo iwak sing isih seger. Lokasine lumayan adem, regane mirah.","Rumah makan di jalan anggrek ini memiliki keistimewaan jenis seafood yang beragam dan ada yang masih hidup untuk dipilih dan dimasak saat itu juga. Berbagai jenis masakan dapat dipilih dan waktu tunggu yang singkat membuat kita tidak terlalu lama kelaparan menunggu. Menu kerapu kukusnya sangat enak dan gurih, apalagi bila dimasak dengan ikan yang masih segar. Lokasi cukup sejuk, harga murah.","Rumah makan di jalan anggrek ini punya keistimewaan jenis seafood yang beragam serta beberapa yang masih hidup untuk dipilih dan dimasak saat itu juga. Berbagai jenis makanan bisa dipilih dan waktu menunggu yang sedap membuat tidak terlalu kesal menunggu. Menu kepiting kukus sangat enak dan gurih, apalagi kalau dimasak dengan ikan yang masih segar. Lokasinya lumayan adem, harganya terjangkau.",0.9752439856529236
"Kaya biasane awakdewe mesti golek kuliner sing liya timbangane sing liyane, awakdewe entuk ning panggen iki yaiku the restaurant padma hotel. Awakdewe pesen menu sing ana. Ana saka indonesia, eropa lan cina, tibake kabeh masakane enak kabeh.","Seperti biasa kami selalu mencari kuliner yang lain daripada yang lain, dapatlah kami di tempat ini yaitu the restaurant padma hotel. Kami memesan menu yang ada. Ada dari indonesia, eropa dan chinese, ternyata semua masakannya enak semuanya.","Seperti biasa kami mencari kuliner yang berbeda dengan yang lain, kami pilih ke the restaurant padma hotel. Kami memesan menu nya. Ada dari indonesia, eropa dan cina, tiba-tiba semuanya masakannya enak semua.",0.9524564146995544
Iya kuwi sing nggawe aku kesel. Iki udu salahe sing ngelamar nanging jelas 100% salahe pihak sing ana ing ndhuwur sing embuh piye carane dheweke koordinasi. Nyesek aku kuwi sanajan iki kasus kancaku sing ing lampung.,Iya itu yang bikin saya kesal. Ini bukan kesalahan sang pelamar tapi jelas 100% kesalahan pihak yang di atas yang entah bagaimana cara mereka berkordinasi. Nyesek saya itu walaupun ini kasus teman saya yang di lampung.,Iya itu yang bikin saya kesal. Ini pertama salahnya yang melamar tapi jelas 100% salahnya pihak yang ada di atas yang tidak tahu apa-apanya. Nyesek saya itu kemarin dua kasus teman saya yang di lampung.,0.9377416372299194
"Pelayanane cukup suwi, nanging suwasanane sing diwenehi apik lan unik, dadi karo ngenteni panganan isa nikmati suwasana ing restoran iki, menu sing disajikake aneka werna lan enak,","Pelayanannya agak lama, tetapi suasana yang diberikan keren dan unik, jadi sambil menunggu makanan bisa menikmati suasana di resto ini, menu yang disajikan beragam dan enak,","Pelayanan cukup baik, namun suasana yang diberikan cukup baik dan unik, sehingga dengan menunggu makanan bisa menikmati suasana di restoran ini, menu yang disajikan beragam dan enak.",0.9651798605918884
"Panganan ing kene enak-enak kanthi akeh variasine. Kabehane enak kanthi pemandangan apik. Pelayanane sing maksimal saka mbak diah lan gina saka ngewiwiti teka nganti rampung, dilayani kanthi apik tenan.","Makanan di sini enak-enak dengan banyak variasi. Semuanya enak dengan pemandangan bagus. Pelayanan yang maksimal dari mbak diah dan gina dari awal datang sampai selesai, dilayani dengan sangat baik.","Makanan di sini enak-enak dengan banyak varietas. Semua enak dengan pemandangan yang bagus. Pelayanan yang maksimal dari mbak diah dan gina dari menunggu sampai selesai, dilayani dengan baik sekali.",0.9793983101844788
"Ana ing ajang piala dunia 2018 sesuk, telkomsel njupuk bagian minangka pandukung penyiaran resmi ing perhelatan sepak bola donya kasebut.","Dalam ajang piala dunia 2018 nanti, telkomsel mengambil bagian sebagai pendukung penyiaran resmi dalam perhelatan sepak bola dunia tersebut.","Di ajang piala dunia 2018 besok, telkomsel menjadi bagian sebagai penyedia siaran resmi dalam perhelatan sepak bola dunia yang bertajuk.",0.9627790451049805
De'e biasane tuku tisu paseo,Dia biasanya membeli tisu paseo,Setiap hari beli tisu Paseo,0.883087158203125
"Buse ora nyaman, mbak, ora sumbut karo sing diomongne bosmu, urung maneh panganane kurang enak banget, terus panggon wisata tujuane sing nggelakne:","Busnya tidak nyaman, mbak, tidak sesuai dengan yang diomongin atasan Anda, belum lagi makanannya kurang enak banget, lalu tempat wisata tujuannya yang mengecewakan:","Busi tidak nyaman, bu, tidak sesuai dengan yang diucapkan bosnya, tidak lagi makanan kurang enak banget, lagi panggon wisata tujuannya yang mengecewakan",0.9284792542457581
"Cukup gampang golek lokasi iki, mung ngikuti wae arah menyang tengah kota. Mengko ning kiwa dalan ketok parkiran mobil sing cukup akeh, nengkono panggonan kafe iki. Rasane kafe iki pancen arang sepi, pengunjunge akeh banget.","Cukup mudah mencari lokasi ini, tinggal mengikuti saja arah ke tengah kota. Nanti di kiri jalan terlihat parkiran mobil yang cukup banyak, disitulah tempat kafe ini. Rasanya kafe ini memang jarang sepi, banyak sekali pengunjung.","Mudah banget cari lokasi ini, cuma ikuti saja arah ke tengah kota. Eh di pilihannya jalan ketok parkiran mobil yang cukup banyak, di situ ada bangunan kafe ini. Ternyata kafe ini memang malam sepi, pengunjungnya banyak sekali.",0.9489753246307373
"Gela aku karo provider iki, nganti sebel, nesu, emosi, aku metu, gara gara, sinyal sing ora bener.","Kecewa saya dengan provider ini, sampai kesal, marah, emosi, saya keluar, gara gara, sinyal yang tidak benar.","Marah saya sama provider ini, sampai kesal, marah, emosi, saya marah, gara gara, sinyal yang tidak benar.",0.9720917344093323
"Sarung bantal, seprei lan slimute uwis ora putih...terus temboke wes akeh lumut..","Sarung bantal, seprai dan selimutnya tidak lagi putih...trus dindingnya sudah banyak lumut..","Bantal, seprai, serta selimut sudah tidak putih...saat dinding sudah banyak lumut.",0.9534283876419067
"Lan pas dheweke teka, saya rusak wae iki acara. Gilo banget aku karo dheweke, asli! Ngapuro yoo aku ora seneng banget karo dheweke","Dan ketika dia tiba, makin rusak saja ini acara. Jijik banget gue sama dia, asli! Maaf yaah gue enggak suka banget sama dia","Dan pas dia tanya, saya jijik saja sama acara ini. Jijik banget saya dan dia, asli! Tunggu ya, saya tidak suka sama dia",0.940268874168396
"Dhewe ana acara mangan mbengi wektu kuwi, es krime ora dipisah karo espresso dadi ora isa nyampur sing cocok karo selerane awakedhewe. Salmon steake uga kurang seger, kulit salmone atos, ketoke suwi ing kulkas utawa freezer. Sanajan iku menu utama sing kudune enak.","Kami ada acara makan malam waktu itu, ice krimnya tidak dipisahkan dengan espresso jadi tidak bisa mencampur sesuai selera masing-masing. Salmon steaknya juga kurang segar, kulit salmonnya keras, keliatannya lama di kulkas atau freezer. Padahal itu menu utama yang seharusnya enak.","Kami pernah datang untuk acara makan malam waktu itu, ice krem tidak dipisahkan dari espresso sehingga tidak bisa bercampur yang cocok dengan selera kami. Salmon steak juga kurang segar, kulit salmon dingin, sepertinya baru dari kulkas atau freezer. Hidangannya itu adalah menu utama yang menurut kami enak.",0.9455417990684509
"Panggonane gampang ditemukake. Resik lan higienis, pelayanane apik, dhewe bisa diskusi babagan panganan kang kasadia. Asik.","Tempatnya mudah ditemukan. Bersih dan higienis, pelayanannya bagus, kita bisa diskusi tentang masakan yang tersedia. Asik.","Tempatnya mudah ditemukan. Bersih dan higienis, pelayanan bagus, kami bisa diskusi tentang makanan yang disajikan. Asik.",0.9885969758033752
Buffet mangan mbengi paling top. Regane pas karo sing dientukake. Rasane enak piliane akeh. Regane kadang didiskon yen teko rombongan. Sukses terus ya.,Buffet makan malam paling top. Harga sesuai yang didapat. Rasanya enak pilihannya banyak. Harga kadang didiskon jika datang rombongan. Sukses selalu ya.,Buffet makan malam paling top. Harganya sesuai dengan yang diminta. Rasanya enak pilihannya banyak. Harganya kadang didiskon jika makan dalam rombongan. Sukses terus ya.,0.9788165092468262
Panggon sing apik yen dinikmati wengi. Cukup nyaman. Ragane lumayan murah. Senenganku stik tenderloine. Cukup enak.,Tempat yang bagus kalau dinikmati malam hari. Cukup nyaman. Harga cukup terjangkau. Favorit saya steak tenderloinnya. Cukup enak.,Tempat yang bagus buat dinikmati malam. Cukup nyaman. Harganya lumayan murah. Favorit saya stik tenderloin. Cukup enak.,0.9685152173042297
"Njajal kanggo buka puasa ing kene. Kanggo rega sing kagolong larang ana ing antara hotel berbintang sakelasae, rasa sing ditawakake tenan nguciwakake. Pastane ora ana rasane, panganan liyane uga ora ana rasane. Beda tenan karo apa sing biasa ditawakake. Lan pelayanane uga kurang profesional pas ngelakoni pembayaran nganggo kartu kredit.","Mencoba untuk buka puasa di sini. Dengan harga yang tergolong mahal di antara hotel berbintang sekelasnya, rasa yang ditawarkan sangat mengecewakan. Pastanya hambar, makanan lain juga hambar. Sangat berbeda dengan apa yang biasa ditawarkan. Dan pelayanan juga kurang profesional pada saat melakukan pembayaran dengan mengunakan kartu kredit.","Mencoba buat buka puasa di sini. Buat harga yang tergolong mahal di antara hotel berbintang sekelasnya, rasa yang ditawarkan ternyata sangat mengecewakan. Pastinya tidak ada rasa, makanan lainnya juga tidak ada rasanya. Berbeda sangat dengan apa yang biasanya ditawarkan. Dan pelayanan juga kurang profesional saat melakukan pembayaran menggunakan kartu kredit.",0.9643859267234802
"Aku uga bingung loh, sing ndukung tokoh kuwi meh kabeh setipe bisane mung ngenyek-ngenyek, fitnah, tembung-tembung kasar, nyebarna isu ngapusi, ngutamakake emosi, akal sehate ora pernah dinggo.","Gue juga bingung loh, pendukung tokoh itu hampir semuanya setipe bisanya cuma maki-maki, fitnah, kata-kata kasar, menyebar isu bohong, mengutamakan emosi, akal sehat tidak pernah dipakai.","Saya juga bingung loh, yang mendukung tokoh itu juga sekeluarnya semua tipe bisa berkedok-kedok, fitnah, lempar tembak-tembakan kasar, menyebarkan isu bohong, mengutamakan emosi, akal sehati tidak pernah untuk.",0.9230279326438904
"Omah mangan nusa indah saiki gelakne ah. Reget, uwong ditokne wae ngrokok ning ruangan nggo ac, pangganan suwe tekane.","Rumah makan nusa indah sekarang mengecewakan ah. Kotor, orang didiamkan saja merokok di ruangan ber ac, makanan lama datangnya.","Rumah makan nusa indah hari ini penuh debu ah. Basah, orang duduknya hanya rokok di ruangan ac, meja susah dibersihkan.",0.911364734172821
Nadia nggoleki hem kanggo adike ning uniqlo,Nadia mencari kemeja untuk adiknya di uniqlo,Nadia beli baju buat kakaknya di uniqlo,0.9522113800048828
"101 dalmatians: The series yaiku seri kartun tipi sing digawe karo disney television animation, kerjo bareng karo jumbo pictures.","101 dalmatians: The series adalah sebuah seri animasi televisi yang diproduksi oleh disney television animation, bekerja sama dengan jumbo pictures.","""101 dalmatians: The series adalah sebuah seri animasi yang dibuat oleh disney television animation, bekerja sama dengan jumbo pictures.""",0.9728414416313171
Kantor kang nyambungake korsel - korut dibuka pekan iki,Kantor penghubung korsel - korut dibuka pekan ini,Kantor yang mewakili korel - korut resmi dibuka pekan ini,0.9140775799751282
Menehi berkah bareng sinde! Etukna 50 paket umroh saben tuku minimal rp 15.000 ning alfamart.,Berbagi berkah bersama sinde! Dapatkan 50 paket umroh setiap pembelian minimal rp 15.000 di alfamart.,Menang berkah bersama sinde! Dapatkan 50 paket umroh setiap beli minimal rp 15.000 di alfamart.,0.9814590215682983
"Tuku kaos, topi utawa jam tangan ning lapak monoton roomstore busa ditawa khusus nganggo aplikasi ning hape bosku.","Beli kaos, topi atau jam tangan di lapak monoton roomstore bisa diego khusus pakai aplikasi di hape boskuh.","Dapatkan kaos, topi ataupun jam tangan di lapak monoton roomstore bisa ditukar khusus menggunakan aplikasi di hape bosmu.",0.9516263604164124
"Aplikasi google maps akeh paedahe, aku puas nganggone!","Aplikasi google maps sangat bermanfaat, saya puas menggunakannya!","Aplikasi google maps punya banyak keunggulan, saya puas pakai!",0.9623432159423828
"Kanggo malem minggu ing kene pasangan diwenehi panggonan sing ora kapenak, amarga pas uwong lewat ing kana panggonane dhewe obah-obah, luwih pase mirip kaya warung pinggir dalan. Ora sesuai karo rega panganane sing disajikake, kudune pasangan uga diwenehi panggonan sing apik uduk sembarang nerima tamu lan dideleh ing panggonan kaya kuwi.","Untuk malam minggu di sana pasangan diberi tempat yang tidak nyaman, karena saat orang lewat di sana tempat kami goyang-goyang, lebih tepatnya mirip seperti warung pinggir jalan. Tidak sesuai dengan harga makanan yang disajikan, seharusnya pasangan juga diberi tempat yang bagus bukan sembarang terima tamu dan taruh di tempat seperti itu.","Untuk malam minggu di tempat ini pasangan diberikan panggonan yang tidak nyaman, karena saat orang lewat di sana tempat mereka berbaur bau, lebih cocok seperti warung pinggir jalan. Tidak sesuai dengan harga makanan yang disajikan, sebaiknya pasangan juga diberikan panggonan yang bagus sembarang menerima tamu dan didekorasi di panggonan itu sendiri.",0.943344235420227
Menu panganan cukup rena-rena lan nggarai sir mesen kabeh. Mirah? Jelas ae!,Menu makanan cukup bervariasi dan bikin mau dipesan semuanya. Murah? Pastinya!,Menu makanan cukup beragam dan membuat iri memesan semua. Mahal? Jelas saja!,0.9273225665092468
Bagikno sak akeh-akehe. Ben wong iki diproses. Kangen ndelok video njaluk sepiro karo nangis-nangis terus wadul nyang mbok e terus omong lak perlakuane kuwi ora sengaja.,Bagikan sebanyak-banyaknya. Biar ini orang diproses. Kangen melihat video minta maaf sambil nangis-nangis lalu ngadu ke emak lalu bilang kalau perlakuan itu tidak sengaja.,"Bagikan ke banyak-banyaknya. Katanya si mboknya minta liat video minta maaf sama nangis terus tuh compile and please say their apology first.""",0.8805623650550842
"Soto kudus iki anane ning pinggir dalan, kaping pisan arep mangan rada ora mantep uga sih. Amarga pengen ngerti rasa kudus yo dijajal sek. Ee saktenane uga enak lho, lan ana uga pilihan kanggo nyampurake, pokoke enak tenan. Regane murah pol deh. ","Soto kudus ini adanya di kaki lima, pertama kali mau makan agak ragu juga sih. Karena ingin tahu rasa kudus ya dicoba dulu. Ee ternyata enak juga lho, dan ada juga pilhan untuk mencampurnya, pokoknya enak sekali deh. Harganya murah meriah deh.","Soto kudus ini terletak di pinggir jalan, selain itu memesan pun agak tidak mantap juga sih. Karena ingin mengerti rasa kudus pun dicoba deh. Eh ternyata juga enak lho, dan ada juga pilihan untuk mencampuradukkan, pokoknya enak dech. Harganya murah pol deh.",0.9374661445617676
Olahraga wengi isa dadi pilihan kanggo ngisi wektu lowong.,Olahraga di malam hari dapat menjadi pilihan untuk mengisi waktu luang.,Olahraga malam bisa menjadi pilihan untuk mengisi waktu luang.,0.9821487069129944
Restoran seafood. Menu spesiale yuyu sing dipangan karo kulite. Kanggo aku kurang enak. Kulite isih rada atos. Pelayanane biasa-biasa bae.,Restoran seafood. Menu spesialnyanya kepiting yang dimakan dengan kulitnya. Untuk saya kurang enak. Kulitnya masih agak keras. Pelayanannya biasa-biasa saja.,Restoran seafood. Menu spesialnya udang yang dihidangkan dengan kulitnya. Untuk saya kurang enak. Kulitnya masih agak berbau. Pelayanan biasa-biasa saja.,0.9759281277656555
"Enak lumayan, nanging regane larang amarga porsine luwih sithik. Ana pilihan infused kangen water sek cukup kanggo 4 uwong","Enak lumayan, tapi harganya mahal karena porsinya sedikit kecil. Ada pilihan infused kangen water yang cukup untuk 4 orang","Enak lumayan, tapi harganya mahal karena porsinya lebih kecil. Ada pilihan infused kangen water cukup untuk 4 orang",0.9860417246818542
"Dinggo daerah banda aceh lan sekitare sik lancar, ora ana gangguan blas.","Untuk daerah banda aceh dan sekitarnya masih lancar, tidak ada gangguan sama sekali.","Untuk daerah banda aceh dan sekitarnya tadi lancar, tidak ada gangguan sama sekali.",0.987445592880249
Emosi karo gojek sing kerep nyasar yen arep menyang omahku.,Emosi dengan gojek yang selalu nyasar kalau mau ke rumah saya.,Emosi dengan gojek yang sering salah jalan apabila mau ke rumah saya.,0.9692454934120178
"Kafe sing nyaman, enak lan murah kanthi desain kafe sing unik lan marakna krasan. Panganan enak lan kopi enak lan fasilitas wifi sing cepet lan tv kabel","Kafe yang nyaman, enak dan murah dengan desain kafe yang unik dan bikin betah. Makanan enak dan kopi enak serta fasilitas wifi yang cepat dan tv kabel","Kafe yang nyaman, enak dan murah dengan desain kafe yang unik dan harga terjangkau. Makanan enak dan kopi enak dan fasilitas wifi yang cepat dan kabel tv",0.9792447686195374
"Uwis sewulan luwih ora mangan indomie, sakpisane mangan langsung nggawe rong porsi indomie goreng jumbo.","Sudah sebulan lebih tidak makan indomie, sekalinya makan langsung bikin dua porsi indomie goreng jumbo.","Sama seperti biasa selalu tidak makan indomie, sebenarnya makan langsung membuatnya sendiri dengan porsi indomie goreng jumbo.",0.9320935606956482
"Mangan sikil wedus bagian pupu sing empuk lan lumayan gedhi dinggo ukuran medium, pas dingge wong siji, mangan tanpa sega, karo es lemon tea. Seger kurange mung panggone kebul-kebul, wajar kan jenenge uga wedus bakar hehehe","Makan kaki kambing paha yang empuk dan lumayam besar untuk ukuran medium, pas untuk satu orang, makan tanpa nasi, dengan es lemon tea. Segar kekurangannya hanya tempatnya berasap, wajar kan namanyan jg kambing bakar hehehe","Makan kaki ayam bagian jeroan yang empuk dan lumayan besar untuk ukuran medium, cocok buat satu orang, makan tanpa nasi, dengan es lemon tea. Segarnya kurang hanya karena tempatnya yang ramai, wajar kan namanya juga wedus bakar hehehe",0.9402323961257935
"Panggone lumayan unik, rasa panganane biasa, menu sing ditawakne uga biasa, mung panggone karo keunikane sing menarik, cara nyeluk pelayane nganggo nutuk kentongan,. Aku pas mrana wengi, diambah udan, udarane lumayan adem nyrusuk belung, sempet ngenteni kira-kira limolas menit ben iso entuk panggon, merga bek blok wektu iku. Disaranke lak sir mrana sore-sore.","Tempatnya cukup unik, rasa makanan standar, menu yang ditawarkan juga biasa, hanya saja yang menarik tempat dan keunikannya, cara memanggil pelayannya dengan memukul kentongan,. Aku pas ke sana pada malam hari, ditambah hujan, udaranya cukup dingin menusuk tulang, sempat menunggu kira-kira 15 menit untuk bisa dapat tempat, karena penuh blok pada saat itu. Disarankan kalau mau ke sana sore-sore.","Tempatnya lumayan unik, rasa makanannya biasa, menu yang ditawarkan juga biasa, hanya tempat dan keunikannya yang menarik, cara menyambut pelayan menggunakan nutuk kentongan. Saya tiba saat hujan deras, udara cukup sejuk menghangatkan perut, sempat menunggu sekitar lima belas menit baru bisa duduk, karena bek blok waktu itu. Disarankan kalau sir mabok sore-sore.",0.9371576309204102
"Ning pilkada 2018, polri dijaluk ningkatne pengamanan ning sekitar tps.","Dalam pilkada 2018, polri diminta meningkatkan pengamanan di sekitar tps.","Untuk pilkada 2018, polri dikerahkan tingkatkan pengamanan di sekitar tps.",0.9728642106056213
"Ora bosen apa film indonesia sing main deknen terus, udu ngomong deknen ora apik, nanging yen pemaine kuwi kuwi bae uga bosen ndheloke.","Tidak bosan apa film indonesia yang main dia terus, bukan bilang dia tidak bagus, tetapi kalau pemain itu itu melulu jenuh juga melihatnya.","Tidak bosan apa film indonesia yang terus mainnya, mereka ngomongnya tidak baik, tapi kalau pemainnya itu itu saja juga bosan menurut saya.",0.9385620355606079
Wingi Dian tuku kathok anyar liwat aplikasi Lazada,Kemarin Dian membeli celana baru lewat aplikasi Lazada,Kali pertama Dian beli kathok baru lewat aplikasi Lazada,0.9085496068000793
"Dhewe arep menyang lembang kanthi kahanan luwe. Pas ndhelok saung pengkolan iki dhewe langsung mandhek kanggo mangan. Dhewe milih lesehan ing tingkat 2 dadi entuk pemandangan sek apik. Pesenane dhewe yaiku cumi goreng glepung, gurame goreng krispi, oseng genjer lan rong menu tahu sek aku lali jenenge. Umume ora ana sek istimewa saka hidangan kuwi. Mbok menawa pilihanku. Lanjutane","Kami dalam perjalanan ke lembang dalam keadaan lapar. Saat melihat saung pengkolan ini kami langsung berhenti untuk makan. Kami memilih lesehan di lantai 2 sehingga mendapatkan pemandangan yang indah. Pesanan kami adalah cumi goreng tepung, gurame goreng crispy, tumis genjer dan dua menu tahu yang saya lupa namanya. Secara keseluruhan tidak ada yang istimewa dari hidangan tersebut. Mungkin pilihan saya. Lanjutan","Kami pergi ke lembang dengan perjalanan jauh. Pas melihat saung pengkolan ini kami langsung berhenti buat makan. Kami memilih lesehan di tingkat 2 jadi dapat pemandangan yang bagus. Pesanan kami yaitu cumi goreng krupuk, gurame goreng krispi, oseng kangkung dan beberapa menu tahu yang saya lupa namanya. Umumnya tidak ada yang istimewa dari hidangan itu. Padahal pilihan saya. Lanjutannya",0.957330584526062
Entuk bonus tcahs 12.500 nanging ora isa dienggo kanggo tuku pulsa sing regane 10 ewu h aneh,Dapat bonus tcash 12.500 tapi tidak bisa dipakai buat beli pulsa yang seharga 10 ribu h aneh,Dapat bonus tcahs 12.500 tapi tidak bisa digunakan buat beli pulsa yang nilainya 10 ribu aneh,0.9548059701919556
"Kaping kapisan aku marang rana, meja-meja mulai tuwa lan uga menu panganan sing ora patio variatif. Nanging regane ora bisa diomong murah, amarga kudune kanthi rega-rega sakmono bisa entuk sing luwih apik. Utamane pas aku marang kamar mandi, reged tenan lan mambu ora enak:","Saat pertama ke sana, meja-meja mulai usang dan juga menu makanan yang tidak begitu bervariatif. Namun harganya tidak bisa dibilang murah, karena seharusnya dengan harga-harga segitu bisa dapat yang lebih baik. Terutama saat saya ke toilet, sangat kotor dan berbau tidak sedap:","Kaping saya ke daerah sana adalah meja-meja yang sudah tua dan juga menu makanan yang tidak terlalu beraneka ragam. Namun harganya tidak bisa dikatakan murah, soalnya seharusnya dengan harga-harga yang sama bisa dapat yang lebih baik. Terutama pas saya ke kamar mandi, kotor sekali dan sabun tidak menyenangkan:",0.940650999546051
"Ombean apa sih kok cara nggombene aneh, rasane uga aneh maneh","Minuman apa sih kok cara minumnya aneh, rasanya aneh juga lagi","Komentar apa sih kok cara nggombenya aneh, rasanya juga aneh lagi",0.9348162412643433
"Tanggal 12 february iku ulang taune pacarku, lan aku ngajak dee dinggo mangan nyang sawiji restoran sing terkenal ning surabaya. Aku pengen menehi kado ulang taun karo mangan sing enak ning kana. Nanging. Pas iku aku teka kira kira jam setengah 3. Panggon kebeg dadi awakdewe kudu ngenteni. Daftar tunggu pas kuwi sekitar 4 meja.","Tanggal 12 february adalah ulang tahun pacar saya, dan saya mengajak dia untuk makan di sebuah restaurant yang terkenal di surabaya. Saya ingin memberi kado ulang tahun dengan makan yang enak di sana. Tapi. Saat itu saya datang kira kira jam setengah 3. Tempat penuh sehingga kami harus menunggu. Daftar tunggu pada saat itu sekitar 4 meja.","Tanggal 12 february itu ulang tahun pacarku, dan aku mengajak dia ke makan di sebuah restoran terkenal di surabaya. Aku ingin memberikan kado ulang tahun dengan makan yang enak di sana. Tetapi. Pas itu aku tiba kira kira jam setengah 3. Tempat penuh sehingga kami harus menunggu. Daftar tunggu pada itu sekitar 4 meja.",0.9813412427902222
"Ora seneng ndelok bocah sma saiki, yen nganggo jilbab rambute pada disengajakake metu, maksude apa?","Tidak suka melihat anak sma sekarang, kalau pakai jilbab rambutnya pada disengajakan keluar, maksudnya apa?","Tidak suka lihat anak sma sekarang, kalau pakai jilbab rambutnya panjang sengaja disengaja buat dinaiki, maksud apa?",0.9625481367111206
Calon-calon pemimpin negeri iki cukup kuwat nyiapake strategi kanggo kemenangane.,Calon-calon pemimpin negeri ini cukup kuat mempersiapkan strategi untuk kemenangannya.,Calon-calon pemimpin negeri ini cukup kuat menyiapkan strategi untuk kemenangannya.,0.9977462291717529
Adikku lagi ndhelok harry potter ing trans tv,Adik saya sedang menonton harry potter di trans tv,Adik saya sedang menonton harry potter di trans tv,0.9999999403953552
"Salah siji restoran paling tak senengi ning bandung. Panggonane nylepit, nanging isih kenek dijangkau. Menu panganane enak, sunda banget. Pemadangane ya apik, kahanane pancen nggarai mripat lan ilat kabeh puas. Bar mangan sampek wareg. maleh sir turu ning saunge.","Salah satu restoran favorit saya di bandung. Lokasinya terpencil, tetapi masih terjangkau. Menu makanannya enak, sunda sekali. Pemandangannya indah, suasananya memang membuat mata dan lidah semua terpuaskan. Selesai makan sampai kenyang, jadi ingin tidur di saungnya.","Salah satu restoran favorit di bandung. Tempatnya sempit, tapi masih cukup dijangkau. Menu makanan enak, sunda banget. Pemandangan ya bagus, lokasi memang bikin kecinta dan puas. Baru makan sampai sore. malah tidur di siang hari.",0.9307686686515808
Endi taring kpk? Kasus ecek-ecek puluan yuta kowe cekel senajan nganti ing bolongan semut! Waras kowe kpk?,Mana taring kpk? Kasus ecek-ecek puluhan juta kamu tangkap sampai ke lubang semut sekalipun! Waraskah anda kpk?,Kapan tahan kpk? Kasus ecek-ecek puluan juta anda cekel setelan sampai ke lubang semut! Beraninya anda kpk?,0.9123923182487488
"Menu ning panggen iki asline sederhana banget nanging sing nduwe kreatif. Sajian mie, roti lan panganan penutupe di campur karo rena-rena pilihan. Panggone asik dingge nglumpuk karo kanca-kanca. Dingge regane ora tek larang sumbut karo rasane.","Menu di tempat ini sebetulnya sederhana banget tapi pemiliknya kreatif. Sajian mie, roti dan makanan penutupnya di mix sama berbagai pilihan. Tempatnya asik buat berkumpul dengan teman-teman. Untuk harganya tidak terlalu mahal sesuai sama rasanya.","Menu di tempat ini memang sederhana sekali tapi yang punya kreatif. Sajian mie, roti dan makanan penutup dicampurkan dengan beberapa pilihan. Tempatnya asik buat berkumpul dengan teman-teman. Untuk harganya tidak terlalu mahal sebanding dengan rasanya.",0.9634882211685181
"Restoran kanthi metode penyajian bedha. Piring panggonan mangan diganti karo godhong gedhang. Menu panganan khas sunda kanthi citarasa sing enak. Saka segi rega cukup kakancan, panggonan mangan amba lan akeh pilian meja, parkir cukup amba.","Restoran dengan metode penyajian berbeda. Piring tempat makan diganti dengan lembaran daun pisang. Menu makanan khas sunda dengan citarasa yang enak. Dari segi harga cukup bersahabat, tempat makan luas dan banyak pilihan meja, parkir cukup luas.","Restoran dengan metode penyajian berbeda. Piring tempat makan diganti dengan daun pisang. Menu masakan khas sunda dengan cita rasa yang enak. Dari segi harga cukup terjangkau, tempat makan bersih dan banyak pilihan meja, parkir cukup luas.",0.9846873879432678
"Restoran alas daun nyajikake menu khas sunda sek ora beda adoh karo restoran khas sunda liyane, nanging sek nggawe beda yaiku ora nganggo piring lan mung diwenehi godhong gedhang sek diselehake ing meja sek ngganteni piring. Dadi kaya uwong ing India sek mangan didhasarkae godhong gedhang.","Restoran alas daun menyajikan menu khas sunda yang tidak jauh berbeda dengan restoran khas sunda lainnya, tapi yang membuatnya berbeda adalah tanpa piring, dan hanya diberi daun pisang yang diletakkan di meja sebagai pengganti piring. Jadi mirip orang di india yang makan beralaskan daun pisang.","Restoran alas daun menyajikan menu khas sunda yang tidak beda jauh dengan restoran khas sunda lainnya, akan tetapi berbeda adalah tidak menggunakan piring dan hanya diberikan daun pisang di atas meja sebagai pengganti piring. Jadi terkesan seperti orang di India yang makan berdasarkan daun pisang.",0.9632603526115417
Rasa sotone miturutku pedes nanging gurih. Ngombe sirup markisa sing seger karo es liline sing enak.,Rasa sotonya menurut saya pedas tapi gurih. Minum sirup markisa yang segar sama es lilinnya yang enak.,Rasa sotonya menurut saya pedas tapi gurih. Minum sirup markisa yang menyegarkan ditambah es lilin yang enak.,0.9806115031242371
"Aku mara ning restoran iki kanggo mangan wengi bareng rencang. Aku mesen stik pithik sing sebenere aku lali jenenge. Rasane biasa banget wae, anyep. Pithike kandhel lan krasa atos lan garing banget. Ora ana sing istimewa.","Saya mengunjungi restoran ini untuk makan malam bersama teman. Saya memesan steak ayam yang sebenarnya saya lupa namanaya. Rasanya sangat biasa saja, hambar. Ayamnya tebal dan terasa keras dan kering sekali. Tidak ada yang istimewa.","Saya berkunjung ke restoran ini untuk makan malam bersama rencane. Saya memesan stik ayam yang sebenarnya saya lupa namanya. Rasanya biasa sekali, tidak spesial. Ayamnya keras dan rasa logam dan sangat keras. Tidak ada yang spesial.",0.9463756084442139
Dhewe kan saling sengit siji liyane kawit 4 taun kepungkur.,Kita kan saling membenci satu sama lain sejak 4 tahun yang lalu.,Kami saling menyalah satu sama lain selama 4 tahun lalu.,0.9383208751678467
Bapak biasane nganggo semir sepatu kiwi,Ayah biasanya memakai semir sepatu kiwi,Bapak sering pakai semir sepatu kiwi,0.9523352384567261
Richeese factory yaiku restoran waralaba sing nyajikake pithik kanthi rasa pedes kanthi macem-macem level. Cocok tenan kanggo kowe sing tresna rasa pedes.,Richeese factory adalah restaurat waralaba yang menyajikan ayam dengan rasa pedas dengan berbagai level. Sangat cocok untuk anda pecinta rasa pedas.,Richeese factory adalah restoran waralaba yang menyajikan ayam dengan rasa pedas dengan berbagai tingkat. Cocok sekali untuk anda yang menyukai rasa pedas.,0.9689592719078064
"Pas rapat ning hotel sensa, aku pesen batagor riri nganggo aplikasi gofood / gojek. Pesenan teka ora suwe merga tibake paket batagor lan siomay wes di-pak ning plastik vakum. Rega sing enek ning aplikasi gojek / gojek urung termasuk pajek segedhe 10%.","Saat rapat di hotel sensa, saya memesan batagor riri menggunakan aplikasi gofood / gojek. Pesanan tiba dalam waktu tidak lama karena ternyata paket batagor dan siomay sudah di-pack dalam plastik vakum. Harga yang tertera dalam aplikasi gojek / gojek belum termasuk pajak sebesar 10%.","Pas rapat di hotel sensa, saya pesan batagor riri lewat aplikasi gofood / gojek. Pesanan belum sampai lama karena paket batagor dan siomay sudah di bungkus plastik vakum. Harga yang mahal di aplikasi gojek / gojek tidak termasuk biaya tambahan 10%..",0.9584598541259766
Aku moro ing restoran iki ora pas jam mangan awan. Nanging restorane lumayan rame lan untunge awakdewe isa ndang entuk panggonan lungguh. Lebar lungguh panganan lan ombenane langsung disajikake. Sambel ijone kurang karasa pedes kanggo awakdewe. Panganane enak cukup puas mangan ing kene.,Saya mengunjungi restoran ini bukan saat jam makan siang. Tapi restorannya cukup ramai dan untungnya kami bisa cepat dapat duduk. Begitu duduk makanan dan minuman langsung dihidangkan. Sambal hijaunya kurang terasa pedas buat kami. Makanan enak cukup puas makan di sini.,Saya datang ke restoran ini tidak pada jam makan siang. Namun restoran cukup ramai dan untung kami bisa mendapatkan tempat duduk terluar. Lebar tempat duduk dan meja langsung diberikan. Sambal bawangnya kurang terasa pedas bagi kami. Makanan enak cukup memuaskan makan di sini.,0.9587675929069519
"Gampang cemburu ndelok dee guyonan karo wedokan, nanging awakdewe uduk sopo-sopone","Suka cemburu melihat doi bercanda sama cewek, tetapi kita bukan siapa-siapanya","Mudah cemburu melihat orang lain bercanda dengan tatapan, tapi kita sejatinya punya dunia sendiri",0.9051104187965393
Pungkasane aku mangan pesen lewat pesen kirim. Anakku seneng tenan gedel isi iwake. Restoran jaman mbien sing terkenal tenan. Regane sing cukup kajangkau kantong sak lan rasa panganane sing cukup enak.,Terakhir saya makan pesan via delivery order. Anak saya sangat suka perkedel isi daging -nya. Restoran zaman dahulu yang sangat terkenal. Harga yang cukup terjangkau kantong dan rasa masakan yang cukup enak.,Akhirnya saya makan pesan lewat pesan kirim. Anak saya suka banget isi ayamnya. Restoran zaman dulu yang terkenal banget. Harga yang cukup terjangkau kantong dan rasa makanan yang cukup enak.,0.955930769443512
Parkiran angel bnaget sampek muter ping 3. Saran: Parkir ning cedek hotel ae terus mlaku. Restoran ning area perumahan.,Parkiran susah bener sampai berputar 3x. Saran: Parkir di dekat hotel saja terus jalan kaki. Restoran di area perumahan.,Parkir sulit banget sampe puter keliling 3. Saran: parkir di dekat hotel saja lalu jalan kaki. Restoran di area perumahan.,0.9498815536499023
"Aku gumun karo telkomsel, kuotane akeh kok nanging cepet banget enteke, padahal ora akeh mbukak aplikasi abot. Nyurigakake","Suka heran sama telkomsel, kuotanya banyak kok tapi cepat banget abisnya, padahal tidak banyak buka aplikasi berat. Mencurigakan","Saya kecewa dengan telkomsel, kuotanya banyak kok tapi cepat habisnya, padahal tidak banyak membuka aplikasi. Sayang sekali.",0.9490966200828552
Bocah saiki lagek gerang wis wani nyolong,Anak sekarang baru gede sudah berani mencuri,Anak zaman sekarang enggan mengejar kejar cabul,0.885955274105072
"Nduwe kesempatan nikmati santap isuk merga lagi nginep ning hotel iki. Minangka pengunjung anyar kaya aku lan paling sing liyane isa ae bakal antusias merga suwasana santap isuk sing diwernani karo pemandangan saka sisih wetan, merga saka sisih kuwi ana kaendahan bangunan hotel sepisan kolam renange. Liyane kuwi uga ana barisan bukit lan nggunung bakal nambah pengenan dingge foto-foto.","Berkesempatan menikmati santap pagi karena sedang menginap di hotel ini. Sebagai pengunjung baru seperti saya dan mungkin yang lainnya barangkali akan antusias terhadap suasana santap pagi yang diwarnai dengan pemandangan dari sisi timur, karena dari sisi tersebut terdapat keindahan bangunan hotel berikut kolam renangnya. Selain itu juga terdapat barisan bukit dan pegunungan akan menambah keinginan untuk berfoto ria.","Memiliki kesempatan menikmati sarapan pagi karena sedang menginap di hotel ini. Bagi pengunjung baru seperti saya dan yang lain boleh saja akan antusias karena suasana sarapan pagi yang diwakili oleh pemandangan dari sisi timur, karena dari sisi tersebut terdapat beberapa bangunan bertingkat yang diindukkan oleh kolam renang yang luas. Selain itu di dekatnya juga bertumpuk bukit dan gunung yang akan menambah daya tarik untuk berfoto.",0.9359339475631714
"Telekomunikasi ora mung kanggo kutha gedhe, nanging uga nganthi marang daerah pelosok lan perbatasan negara cc: Telkomsel","Telekomunikasi bukan hanya untuk kota besar, tapi juga sampai ke daerah pelosok dan perbatasan negara cc: Telkomsel","Telekomunikasi tidak hanya untuk ibu kota, tapi juga jangkau ke daerah terpencil dan perbatasan negara cc: Telkomsel",0.9695038199424744
Apike wektu turu paling sithik iku limang jam.,Sebaiknya jam tidur minimal lima jam.,Minum teh paling berat itu lima jam.,0.8891180753707886
"Aku bareng kanca kerja sengaja nyoba mangan awan ning kene, kanggo panggonan kagolong cukup kapenak yen ning lantai dhuwur. Rasa pithik bakar ning kene tenan dak rekomendasikake karo sambel pelem.","Saya bersama rekan kerja sengaja mencoba makan siang di sini, untuk tempat terbilang cukup nyaman jika di lantai atas. Rasa ayam bakar di sini sangat saya rekomendasikan bersama sambal mangga.","Saya dan teman sekantor sengaja mencoba makan siang di sini, untuk pemandangan yang cukup beauty jika di lantai atas. Rasa ayam bakar di sini memang sangat merekomendasikan dengan sambal pelep.",0.9436964988708496
Aku gela karo pelayanane. Siktasan aku pesen grabfood pesenen ora diterna nanging wis dimarekne. Tulung gae selektif milih tukang nyambut gawe.,Saya kecewa dengan pelayanannya. Barusan saya pesan grabfood pesanan tidak diantar tapi sudah diselesaikan. Mohon untuk selektif memilih pekerja.,Aku kesal dengan pelayanannya. Kesal saya pesan grabfood pesan diminta tidak tersedia tapi sudah tertera. Tolong selektif memilih tukang jagan kerja.,0.9331915974617004
"Wis ilang handphone xiaomi redmi note 5 werna gold 64 / 4 ning daerah duri kidul, jembatan lima, tambora, jakarta barat.","Telah hilang handphone xiaomi redmi note 5 warna gold 64 / 4 di daerah duri selatan, jembatan lima, tambora, jakarta barat.","Sudah hilang handphone xiaomi redmi note 5 warna gold 4 64 / 4 di daerah duri kidul, jembatan lima, tambora, jakarta barat.",0.9836862683296204
Aku ora kuciwa karo produke apple,Saya tidak kecewa dengan produk apple,Aku tidak kecewa dengan produk apple,0.9908134937286377
"Youtube saben dina saya akeh iklane, njengelake!","Youtube semakin hari semakin banyak iklannya, menyebalkan!","YouTube setiap hari banyak iklannya, menjengkelkan!",0.9414624571800232
"Iku indomie karo mangkoke wis wira-wiri, kepisah sisan isi lan adahe.","Itu indomie sama mangkoknya sudah berkeliaran, terpisah pula isi sama wadahnya.","Itu indomie dengan mangkuknya sudah berkarat, terpisah lagi isinya dan kotahnya.",0.9231200814247131
Dhewe marang kafe iki kanggo mangan serabi. Serabine kanggo dhewe kandel banget ing bagian tengah. Akeh tenan piliah topping serabine nganti mumet milihe. Ternyata regane luwih larang saka warung setiabudi. Kuciwa.,Kami ke kafe ini untuk makan serabi. Serabinya bagi kami terlalu tebal di bagian tengah. Banyak sekali pilihan topping serabi sampai pusing memilihnya. Ternyata harganya lebih mahal dari warung setiabudi. Kecewa.,Kami ke kafe ini untuk makan serabi. Serabinya kami lupa sangat di bagian tengah. Banyak sekali pilihan topping serabinya sampai bikin perut mual. Ternyata harganya lebih mahal dari warung setiabudi. Kekecewaan.,0.964813232421875
"Bistik murah, cocok kanggo sing anggarane cilik nanging pingin mangan murah lan wareg, kajaba bistik uga panganan liyane enak lan murah. Susanane lumayan rame, umume akeh kaluwarga utawa bocah sekolahan.","Steak murah, cocok untuk yang budgetnya kecil tapi ingin makanan murah dan kenyang, selain steak juga makanan lainnya enak dan murah. Suasananya lumayan ramai, biasanya banyak keluarga atau anak sekolahan.","Bistik murah, cocok buat yang punya anak kecil tapi ingin makan murah dan lingkungan, kalau bistik juga makanan lain enak murah. Suasana lumayan ramai, ombaknya kebanyakan keluarga atau anak sekolah.",0.9405478835105896
"Pertemuan antarane pihak bank bri, bpbat sungai gelam - jambi, lan pokdakan sek ana ing desa pudak. Kanggo ngrembug bentuk panyaluran dana csr saka bank bri","Pertemuan antara pihak bank bri, bpbat sungai gelam - jambi, dan pokdakan yang ada di desa pudak. Untuk mendiskusikan bentuk penyaluran dana csr dari bank bri","""Rapat antara pihak bank bri, bpbat sungai gelam - jambi, dan lokasi diselenggarakan di desa pudak. Untuk membahas bentuk penyebaran dana csr dari bank bri""",0.9497660398483276
"Panggonan iki menarik tenan, pemandangan apik, ana arena dolanan ing njaba kanggo sakulawarga. Tenan disaranake kanggo kaluwarga sing ndhuwe bocah cilik. Panganan halal lan menu rena-rena.","Tempat ini sangat menarik, pemandangan bagus, ada arena bermain di luar untuk sekeluarga. Sangat disarankan untuk keluarga dengan anak kecil. Makanan halal dan menu bervariasi.","Tempat ini sangat menarik, pemandangan bagus, ada arena bermain di dalam untuk keluarga. Sangat direkomendasikan untuk keluarga yang punya anak kecil. Makanan halal dan menu bervariasi.",0.9734699130058289
"Hotel arep check-in wae ruwet. Nunggu amarga ngresiki kamar suwe banget, gela lah. Iki pisanane aku mrana. Terus langsung diwenehi kesan pisanan sing ora apik.","Hotel mau  check-in aja ribet. Menunggu karena membersihkan kamar lama banget, kecewa dah. Ini pertama kalinya gue ke sana. Terus langsung dikasih first impression yang tidak bagus.","Hotel mau check-in saja macet. Menunggu sampai malam hari baru bisa masuk kamar lama sekali, deh. Ini pengalaman pertama saya. Selain itu langsung diberi kesan pesanan yang tidak bagus.",0.9228803515434265
"Amarga kartu oktrip wektu iki yaiku saka bni, mulakna isi ulang isa dilakokake ing mitra-mitra sing kerja sama karo bni.","Karena kartu oktrip saat ini adalah dari bni, maka isi ulang bisa dilakukan di mitra-mitra yang bekerjasama dengan bni.","Karena kartu oktrip waktu ini adalah dari bni, mulai isi ulang bisa dilakukan di mitra-mitra yang kerja sama dengan bni.",0.9809141755104065
Ngge kabeh seh apik. Karyawane yo grapyak grapyak. Lan pemandangane apik. Nanging panganane kelarangen. Larang banget malah. Dompet kudu kandel.,Secara keseluruhannya sih bagus. Karyawanya juga ramah ramah. Dan pemandangannya bagus. Tapi makanannya terlalu mahal. Mahal banget malah. Dompet harus tebal.,Sebagian besar sih bagus. Pelayannya pun ramah ramah. Dan pemandangannya bagus. Tapi makanannya terbatas. Terbatas banget malah. Dompet harus dua kali.,0.9541307687759399
"Mangan karo kaluwarga bakal luwih nyenengake kanthi kabeh fasilitas sing ana. Lokasine sing apik, panganane sing cukup enak kanthi aneka werna pilian. Lan pemandangan lan suwasana dadi andalan","Makan bersama keluarga akan lebih menyenangkan dengan semua fasilitas yang ada. Lokasi yang bagus, makanan yang cukup enak dengan beragam pilihan. Dan pemandangan serta suasana jadi andalan","Makan bersama keluarga akan lebih menyenangkan dengan semua fasilitas yang ada. Lokasinya yang bagus, makanan yang cukup enak dengan berbagai pilihan. Dan pemandangan serta suasana jadi andalan",0.9934160709381104
"Sega goreng mafia sing manggon ning dalan setiabudi awakdewe pilih merga pingin golek panganan sing cepet. Ditambah yaiku salah siji kuliner sing wajib diparani ning bandung. Aku milih sega goreng sing favorit ning kene yaiku sega goreng bandit sing tingkat pedese ning level 3. Panganan sing disajikne cukup cepet, nanging sayange sega goreng sing tak pesen segane atos, bumbon rempahe ketutupan.","Nasi goreng mafia yang terletak di jalan setiabudi kami pilih karena ingin mencari makanan yang cepat. Ditambah merupakan salah satu kuliner yang wajib dikunjungi di bandung. Saya memilih nasi goreng yang favorit di sini yaitu nasi goreng bandit hingga tingkat kepedasan di level 3. Makanan yang disajikan cukup cepat, namun sayangnya nasi goreng yang saya pesan nasinya keras, bumbu rempahnya tertutupi.","""Sang goreng mafia yang berlokasi di jalan setiabudi kami pilih karena ingin mencari makanan yang cepat. Ditambah lagi merupakan salah satu kuliner wajib yang harus dicoba di bandung. Saya memilih sang goreng favorit di sini yaitu sang goreng bandit dengan tingkat kepedasan level 3. Makanan yang disajikan cukup cepat, tetapi sayangnya sang goreng yang saya pesan sangat pedas, bumbu rempah tertutup.""",0.9579379558563232
Iki yaiku sop stengkel paling enak ning aceh tamiang.,Ini adalah sop stengkel terenak di aceh tamiang.,Ini adalah sop stengkel paling enak di aceh tamiang.,0.9761591553688049
Kanggo kakang admin tulung doooooonk bales pesen langsungku,Untuk kakak admin tolong doooooonk balas pesan langsung saya,Untuk kakak admin tolong dong dong bales pesan langsungku,0.8987800478935242
"Pemandangan sing utama ing sky lounge grandia iki memang isa ngeculake keselmu. Malah isa dadi, para pelancong nggolek area iki ndhisik, dibandingake ngaso ing kamar.","Pemandangan yang utama di sky lounge grandia ini memang dapat melepas penat anda. Bahkan bisa jadi, para pelancong mencari area ini terlebih dahulu, dibandingkan beristirahat di kamar.","Pemandangan utama di sky lounge grandia memang bisa menghilangkan kelelahan. Bahkan bisa jadi, para pelancong mencari area ini di luar, dibandingkan bersantai di kamar.",0.9567849040031433
"Dhewe teka panggonan iki amarga lokasine sing cedhak karo panggonan dhewe nginep. Dhewe mesen sega bakar lan pasta. Sega bakare enak, akeh pilian, lan ora pedes, isa kanggo bocah-bocah. Dene pasta mung ana sak macem, nanging rasane uga enak. Rega panganan uga ora larang lan kajangkau kanggo panganan ing ngisor 30 ewu. Ing panggonan iki uga gratis wifi.","Kami mengunjungi tempat ini karena lokasinya yang berdekatan dengan tempat kami menginap. Kami memesan nasi bakar dan pasta. Nasi bakarnya enak, banyak pilihan, dan tidak pedas, bisa untuk anak-anak. Sedang pasta hanya ada satu macam, namun rasanya pun enak. Harga makanan pun tidak mahal dan terjangkau untuk makanan di bawah 30 ribu. Di tempat ini juga gratis wifi.","Kami datang ke tempat ini karena lokasinya dekat dengan hotel kami menginap. Kami memesan nasi bakar dan pasta. Nasi bakar enak, banyak pilihan, dan tidak pedas, cocok untuk anak-anak. Selain itu pasta hanya ada beberapa pilihan, tapi rasa juga enak. Harga makanan juga tidak mahal dan terjangkau untuk hidangan malam hari sekitar 30 ribu. Di tempat ini juga gratis wifi.",0.9698308110237122
"Kanggo ngenthukne pemandangan sing apik kanthi cahyo lampu warna-warni, apike teka ing wayah wengi. Amarga nduweni latar mburi pemandangan jembatan Pasupati sing dadi simbol kota.","Untuk mendapatkan pemandangan yang bagus dengan cahaya lampu warna-warni, sebaiknya berkunjung pada malam hari. Karena memiliki latar belakang pemandangan jembatan Pasupati yang merupakan simbol kota.","Untuk menyajikan pemandangan yang indah dengan diterangi lampu warna-warni, indah duduk di atas bukit. Karena memiliki latar belakang pemandangan jembatan Pasupati yang menjadi simbol kota.",0.9533864259719849
"Aku teka ning resto sapulidi iki merga ana rekomendasi saka internet sing tau tak waca lak pemandangan sing apik banget lan panggon mangan pas ning sawah sing nggarai aku sir teka nyang panggon iki. Nanging pas aku teka kabeh ganti dadi elek, mulai panggon parkir sing isa diarani enek, dalan akses amoh lan panggon akses sing cilik.","Saya datang ke resto sapulidi ini karena rekomendasi dari internet yang pernah saya baca bahwa pemandangan yang sangat bagus dan tempat makan tepat di sawah yang membuat saya tertarik untuk datang ke tempat ini. Namun ketika saya sampai semua hal berubah menjadi buruk, mulai dari tempat parkir yang bisa dikatakan tersedia, jalan akses rusak dan kecilnya tempat akses.","Saya datang ke resto sapulidi ini karena ada rekomendasi dari internet yang saya baca saat itu pemandangan yang bagus dan tempat makan di sawah yang membuat saya datang ke tempat ini. Namun pas saya datang ternyata jauh berbeda menjadi mengecewakan, mulai tempat parkir yang bisa diarak banyak, jalan akses sempit dan tempat akses yang kecil.",0.9498526453971863
"Amarga ngelih, aku pesen indomie.","Karena lapar, saya pesan indomie.","Karena laper, aku pesan indomie.",0.9743989109992981
"Sate wedhus lan gule wedhuse maknyus, penyajian panganane uga cepet tenan. Panggonane cukup resik","Sate kambing dan gulai kambingnya maknyus, penyajian makanannya juga sangat cepat. Tempatnya cukup bersih","Sate babi dan sup babi empuknya maknyus, penyajian makanan juga cepat sekali. Tempatnya cukup bersih",0.9709770679473877
"Sup guramene enak, pelayanane cepet, grapyak. Restoran resik. Amarga porsi sega sithik tenan, kanggo sing doyan mangan mesthi nambah.","Sup guramenya enak, pelayanan cepat, ramah. Restoran bersih. Karena porsi nasi sangat sedikit, buat yang doyan makan pasti menambah.","Sup gurami enak, pelayanan cepat, ramah. Restoran bersih. Karena porsi nasi sedikit, kalau doyan makan pasti menambah.",0.9716901779174805
"Restorane ana pemandangan curuge, panggonan mangan kaya saung. Saunge ana akeh saka ngisor munggah nganthi ing ndhuwur, saya munggah saya katon pemandangan curuge.","Restorannya ada pemandangan air terjunnya, tempat makan berupa saung. Saungnya ada banyak dari bawah naik hingga ke atas, semakin ke atas semakin terlihat pemandangan air terjunnya.","Restorannya ada pemandangan curug, tempat duduknya seperti saung. Saungnya ada banyak dari pagi pagi mendatangi ke atas, saya mendatangi saya kata pemandangan curug.",0.9277544021606445
"Pelayane grapyak. Nggarai terus pingin teka maneh. Kebeneran uga kerep nginep ning kene, hotele resik lan pemandangane saka kamar hotel apik.","Pelayannya ramah. Bikin selalu ingin datang kembali. Kebetulan juga sering menginap di sini, hotelnya bersih dan pemandangan dari kamar hotel bagus.","Pelayanan ramah. Terus tering ingin keluar. Benar juga sering menginap di sini, hotel bersih dan pemandangan dari kamar hotel bagus.",0.9461948871612549
"Mangan mbengi karo kabeh kaluwarga ing dina ulang taun bojo ndhuweni kesan tenan kanthi suasana sing narik ati ing hotel. Pelayanan sing grapyak tenan saka mas tian. Ora kudu ngenteni suwi, panganan lan ombean sing dipesen.","Makan malam bersama seluruh keluarga di hari ulang tahun suami menjadi sangat berkesan dengan suasana yang menawan di hotel. Pelayanan yang sangat ramah dari mas tian. Tidak perlu menunggu lama, makanan dan minuman yang dipesan.","Makan malam bersama seluruh keluarga di malam hari ulang tahun istri pertama kali sangat terkesan dengan suasana yang sangat menarik di hotel. Pelayanan yang ramah sungguh sangat dari mas tian. Tidak harus menunggu lama, hidangan dan minuman yang dipesan.",0.9705094695091248
"Obong terus pak, suwek-suwek wae persatuan lan kesatuan Indonesia nganggo retorika mu.","Bakar terus pak, cabik-cabik saja persatuan dan kesatuan Indonesia dengan retorika mu.","Obong terus pak, ngomong-ngomong saja persatuan dan kesatuan Indonesia menggunakan retorika Anda.",0.9304036498069763
"Manggon ana ing pinggiran bukit, panggonane amba, nyenengake lan nyaman. Nduwe pemandangan sek nyenengake mripat, kaya gunung, kebon, lan kutha bandung nalika didhelok saka ndhuwur. Pegawaine cekatan lan grapyak. Menu panganane akehe menu steak sanajan uga ana menu sega goreng, gurame, lan liya-liyane. Restoran sing direkomendasikake kanggo diparani nalika teka ing bandung.","Terletak di tepi bukit, tempatnya luas, menyenangkan dan nyaman. Memiliki pemandangan yang memanjakan mata, seperti gunung, perkebunan, dan kota bandung jika dilihat dari atas. Pegawainya cekatan dan ramah. Menu makanan di dominasi oleh menu steak walaupun ada juga menu nasi goreng, gurame, dll. Restoran yang direkomendasikan untuk dikunjungi ketika datang ke bandung.","""Terletak di pinggiran bukit, tempatnya luas, menyenangkan dan nyaman. Memiliki pemandangan yang menyenangkan mata, seperti pegunungan, kebun, dan kota bandung saat dilihat dari atas. Pelayanan cepat dan ramah. Menu makanannya beragam menu steak serta ada menu nasi goreng, gurame, dan lainnya. Restoran yang direkomendasikan untuk dikunjungi saat pulangnya di bandung.""",0.9578230977058411
Bca lagi ngadakake acara ulang tahun lan ngundang kabeh karyawane kanggo melu acara kuwi.,Bca sedang mengadakan acara ulang tahun dan mengundang seluruh karyawannya untuk mengikuti acara tersebut.,Bca kembali mengadakan acara ulang tahun dan mengundang semua karyawannya untuk ikut dalam acara tersebut.,0.9809283018112183
"Kawit mbukak cendana bistro aku wis njajal panganan, dinggo aku kurang cocok, panganane biasa-biasa ora ana sing spesial.","Sejak buka cendana bistro saya sudah coba makanan, untuk saya kurang cocok, makanannya biasa-biasa tidak ada yang spesial.","Saya sudah mencoba makanan di cendana bistro, saya kurang cocok, makanannya biasa-biasa tidak ada yang spesial.",0.9738010764122009
Minimal biaya transaksi wulan 11 sing kudune dibalekake wulan 12 wingi ora mlebu ing rekeningku kie.,Minimal biaya transaksi bulan 11 yang harusnya direfund bulan 12 kemarin tidak masuk ke rekening saya nih.,Biaya transaksi minimal bulanan 11 yang seharusnya dibayar bulan 12 tidak masuk ke rekening saya nih.,0.9520707726478577
"Sakwise kalap blanja, dhewe mutusake kanggo mangan ing warung tenda pinggir dalan. Ana ing lelungan marang hotel, dhewe lewat dalan cilik kanggo nyingkir saka macet, lan ketemu warteg iki. Pas teka rame banget! Dhewe kudu antri sediluk. Dhewe pesen sega uduk, pithik bakar madu, usus, kubis goreng. Rasane enak! Pithik bakar madune parah nggawe kemaningan banget!","Setelah kalap belanja, kami memutuskan untuk makan di warung tenda pinggir jalan. Dalam perjalanan pulang ke hotel, kita lewat jalan kecil untuk menghindari macet, dan bertemu warteg ini. Pas datang ramai banget! Kita mesti antre sebentar. Kami pesan nasi uduk, ayam bakar madu, usus, kol goreng. Rasanya enak! Ayam bakar madunya parah bikin ketagihan banget!","Setiap kali belanja, kami mampir untuk makan di warung tenda pinggir jalan. Ada di belakang hotel, kami lewat jalan kecil untuk menjauh dari macet, dan bertemu warteg ini. Pas tiba ramai sekali! Kami harus antre sependeknya. Kami pesan nasi uduk, ayam bakar madu, usus, kubis goreng. Rasanya enak! Ayam bakar madunya parah bikin kepedasan banget!",0.9577370882034302
Beritane sing ora berkualitas lan ora ndidik pol. Kebeg kepentingan lan golek rai.,Pemberitaanya yang tidak berkualitas dan sangat tidak mendidik. Penuh kepentingan dan pencitraan,Berkatnya bukan berkualitas dan tidak mendidik banyak. Membangun kepentingan dan berburu rasi.,0.8939638137817383
Bakul alon nanggepi. Ana masalah suwe diurus. Nganti saiki barang urung diganti,Penjual lambat menanggapi. Ada kendala lama diurus. Sampai sekarang barang belum diganti,Pelayan kurang bersikap. Ada masalah lama diurus. Sampai sekarang barang tidak diganti,0.9454309344291687
Aja lewatke diskon langsung nganti Rp 10 yuta ning kene!,Jangan lewatkan diskon langsung hingga Rp 10 juta di sini!,"""Dapat diskon langsung sampai Rp 10 juta di sini!""",0.9316056370735168
Pt kami lan 12 bank wis tapak asma pembiayaan lrt jabodetabek,Pt kami dan 12 bank sudah menandatangani pembiayaan lrt jabodebek,Pt kami dan 12 bank sudah penanda tangan kontrak pembiayaan lrt jabodetabek,0.9477913975715637
"Nembe ngerti babagan panggonan iki saka kanca, wektu dhewe teka pengunjunge ora patia akeh, dadi dhewe milih kanggo lungguh ing lantai loro karo nikmati pemandangan ing njaba. Mbengi kuwi lagi ana pagelaran musik, aku kurang ngerti apa pagelaran musik iki ana saben dina apa ora.","Baru tahu tentang tempat ini dari teman, waktu kami datang pengunjungnya tidak terlalu banyak, jadi kami memilih untuk duduk di lantai dua sambil menikmati pemandangan di luar. Malam itu sedang ada pertunjukan musik, saya kurang tahu apakah pertunjukan musik ini ada tiap hari atau tidak.","Kebetulan tahu tempat ini dari teman, waktu kami berkunjung belum banyak pengunjung, jadi kami pilih duduk di lantai atas dan menikmati pemandangan di luar. Ternyata ada pertunjukan musik, saya kurang tahu apa itu pertunjukan musik itu sehari dua kali atau tidak.",0.9553348422050476
Aku pingin tuku 20 tiket dinggo laga persebaya vs arema sesok.,Saya ingin beli 20 tiket untuk laga persebaya vs arema besok.,Saya ingin beli 20 tiket untuk pertandingan persebaya vs arema besok.,0.9921358823776245
"Panganan uwis oke, nanging kanggo nata panggonan lungguh kurang, katon rame banget dadi ora nyaman, rega lumayan kanthi kualitas sing kurang.","Makanan sudah oke, namun untuk penataan tempat duduk kurang, terlihat terlalu ramai sehingga tidak nyaman, harga lumayan dengan kualitas yang kurang.","Makanan sudah oke, tetapi untuk suasana panggonan jauh kurang, katanya ramai banget jadi tidak nyaman, harga lumayan dengan kualitas yang kurang.",0.9558737277984619
"Aku seneng suwi-suwi ning kene, merga kahanane enak, pencahayaane apik, ana plihan isa ning jaba nggen utawa ning jero. Panganane lumayan.","Saya senang berlama-lama di sini, karena suasananya enak, pencahayaannya bagus, ada pilihan bisa di luar ruangan atau di dalam. Makanannya lumayan.","Saya suka kesini, karena tempatnya enak, pencahayaannya bagus, ada pilihan bisa di dalam maupun di luar. Makanannya lumayan.",0.9613194465637207
Kabeh sing diomongne pak rocky iku ora ana dasare. Nggumun yo kok isa dadi profesor.,Semua yang diomongin sama pak rocky itu tidak berdasar. Heran ya kok bisa jadi professor.,Semua yang dikatakan pak rocky itu tidak apa-apa. Memang kata ya kok bisa jadi profesor.,0.926401674747467
"Restoran iki nduweni lokasi sing prima ing bukit-bukit sing nduweni hawa sejuk lan pemandangan ijo nyegerake. Mesthi wae tujuan utamane yaiku masakan khas nusantara sing nikmat. Cekake, ngunjungi mrene dhewe entuk ngelakokake sisan wisata ilat, mripat, lan jiwa.","Restoran ini memiliki lokasi yang prima di perbukitan yang memiliki udara sejuk dan pemandangan hijau menyegarkan. Tentu saja tujuan utamanya adalah masakan khas nusantara yang nikmat. Singkatnya, berkunjung ke sini kita dapat melakukan sekaligus wisata lidah, mata, dan jiwa.","""Restoran ini memiliki lokasi yang prima di bukit-bukit yang memiliki udara sejuk dan pemandangan hijau menyegarkan. Tentu saja tujuan utamanya adalah masakan khas nusantara yang nikmat. Cobalah, berkunjung ke sini kalian akan dapat nikmati selain wisata kuliner, juga wisata alam, pantai, dan jiwa.""",0.9433543682098389
"Bojoku sek ora terlalu seneng karo ramen, kanggo siki deknen ngomong nek enak lan gurih. Deknen malah mesen maneh kanggo deknen sakwise nyicipi pesenanku.","Istri saya yang tidak terlalu suka ramen, untuk kali ini dia bilang enak dan gurih. Dia malah memesan lagi untuk dirinya setelah mencicipi pesanan saya.","Suamiku tidak terlalu suka ramen, untuk kali ini maknya bilang kalau enak dan gurih. Maknya malah memesan lagi untuk maknya agar bisa mencicipi pesanan saya.",0.9567580223083496
Panggone nyaman. Rasane enak. Regane uga saat. Weduse ora prengus. Pokoke cocok kanggo wong sing seneng njajan wedus.,Tempatnya nyaman. Rasanya enak. Harganya juga saat. Kambingnya tidak bau. Pokoknya recomend buat pecinta kuliner kambing.,Tempatnya nyaman. Rasanya enak. Harganya juga terjangkau. Bersihnya tidak pernah murahan. Pokonya cocok untuk orang yang suka makan kuah.,0.9249163269996643
"Salah siji restoran panganan laut paling apik ing kota iki. Apike teka pas preinan dina setu, yuyu isih apik lagi teka. Rega kompetitif, ora murah pancen nanging ora kelarangen kok.","Salah satu restoran seafood terbaik di kota ini. Sebaiknya datang pas liburan hari sabtu, kepiting masih bagus baru datang. Harga bersaing, tidak murah memang tapi tidak kemahalan kok.","Salah satu restoran makanan laut terbaik di kota ini. Nikmatnya ikan khas pas pre-festival, cumi masih nikmat lagi pas pasca festival. Harga kompetitif, memang tidak murah tapi tidak terlalu mahal kok.",0.9145117998123169
"Kanggo nggolek batagor sing asli, kowe ora perlu adoh-adoh nggoleke marang pelosok, cukup arahke kendaraan marang dalan saka djunjunan, dhewe isa nikmati batagor asli sing enak kanthi panggonan sing kapenak. Rasa batagor sing ditawakake ngugah salira tenan amarga batagor disajikake garing-garinge lan diguyang kuwah kacang sing seger","Untuk menemukan batagor yang otentik, anda tak perlu jauh-jauh mencarinya ke pelosok, cukup arahkan kendaraan ke jalan dari djunjunan, kita dapat menikmati batagor asli yang enak dengan tempat yang nyaman. Rasa batagor yang ditawarkan sangat menggugah selera karena batagor disajikan garing-garingnya serta disiram kuah kacang yang segar","Untuk mencari batagor asli, tidak perlu jauh-jauh mencari, cukup arahkan kendaraan ke jalan dari tempat diparkirkan, kita bisa menikmati batagor asli yang enak dengan suasana yang nyaman karena batagor disajikan masih menggaring dan baru diguyur kuah kacang yang segar",0.9304524660110474
"Citarasane biasa wae, ora ana sek spesial. Kudune ngenteni cukup suwi nganti teka panganane, pelayane uga kurang grapyak.","Citarasa biasa saja, tidak ada yang spesial. Harus menunggu cukup lama datangnya makanan, pelayan juga kurang ramah.","Citarasanya biasa saja, tidak ada yang spesial. Harusnya menunggu cukup lama sebelum dapat makanan, pelayanan juga kurang rapi.",0.9635513424873352
Roti ulang tahune spesial nganggo ndhog sakpiring ditambah mozzarella kanggo kowe,Kue ulang tahun spesial pakai telur sepiring plus mozzarella buat kamu,Roti ulang tahunya spesial dengan daging dalam satu piring ditambah mozzarella untuk anda,0.9036077857017517
Arep nesu marang indosat! Kok sinyale ilang terus si,Mau marah ke indosat! Kok sinyalnya hilang melulu si,Mau marah ke indosat! Kok sinyalnya hilang terus si,0.9722210168838501
"Omah mangan sing ngusung konsep tradisional alias jadul iki pantes kowe coba. Kejaba rasane sing pas, warung iki duweni sawetara perkara unik kaya piring sing dienggo yaiku piring seng jaman mbiyen karo gelas ombeane. Jenis menune aneka werna banget. Lan sakkabehe enak enak!","Rumah makan yang mengusung konsep tradisional alias jadul ini patut anda coba. Selain rasanya yang pas, warung ini memiliki beberapa hal unik seperti piring yang digunakan adalah piring seng zaman dahulu berikut gelas minumnya. Jenis menunya sangat beragam. Dan semuanya enak enak!","""Rumah makan yang menyandang konsep tradisional alias jaman dulu ini pantas kalian coba. Datang rasanya yang pas, warung ini sempat punya beberapa hal unik seperti piring yang digunakan yakni piring tembikar dari zaman dulu juga dengan gelas minumnya. Jenis menunya berbagai sekali. Dan rasanya enak enak!""",0.9410801529884338
Kfc Palembang Square kerep dadi peyelamat pas luwe pas aku nginep ning sekitar hotel ning lokasi iku. Kabeh wong seneng kfc. Dadi. Kfc ning lokasi iki nyepetne sampeyan dinggo pesen pas sampeyan keluwen ning jero hotel.,Kfc Palembang Square seringkali menjadi penyelamat di saat lapar saat saya menginap di sekitaran hotel di lokasi itu. Semua orang suka kfc. So. Kfc di lokasi ini menyegerakan anda untuk memesan saat anda kelaparan di dalam hotel.,Kfc Palembang Square selalu menjadi penyelamat ketika lela ketika saya menginap di sekitar hotel di lokasi itu. Semua orang suka kfc. Jadi. Kfc di lokasi itu dekat anda untuk memesan ketika anda kelaparan di jalan di sekitar hotel.,0.962099552154541
Aneka werna ombean seger kasadia awit saka jus buah nganti rena-rena teh.,Berbagai macam minuman segar tersedia mulai dari jus buah sampai aneka teh.,"""Banyak pilihan minuman segar terhidang dari jus buah hingga berbagai teh.""",0.9109392166137695
"Dekwingi 10 Maret 2015, aku dijak anakku mangan awan ning kene. Aku pesen urang kremes lan jangan asem. Bener-bener enak. Lan sing spesial ning kene yaiku sambele, pedes nanging pancet gelem nambah. Jus blackberryne uga enak.","Kemarin 10 Maret 2015, saya diajak anak saya makan siang di sini. Saya pesan udang kremes dan sayur asam. Betul-betul enak. Dan yang spesial di sini adalah sambalnya, pedas tapi tetap mau menambah. Jus blackberrynya juga enak.","""Kunjungan pertama tanggal 10 Maret 2015, saya dijak anak saya makan disini. Saya pesan ayam kremes dan jangan asem. Bener-benar enak. Dan yang spesial di sini adalah sambalnya, pedas tapi tidak terlalu tajam. Jus blackberry-nya juga enak.""",0.9475091099739075
Ndhuwe restoran kudu mewah rapi mosok iki lumuten jamuren pelayane kurang muasake mosok aku ditumpahi banyu sek ombeyane ana madune aku iki alergi madu,Punya restoran harus mewah rapi masa ini berlumut berjamur pelayan kurang memuaskan masa saya ditumpahkan air mana minumnya ada madu saya itu alergi madu,Memiliki restoran mewah rapi namun jamurnya sangat mengganggu karena pelayan kurang memuaskan maka saya ditumpahi airnya yang ada di bawahnya saya alergi air huhuhu,0.8974258899688721
"Aku nembe bae ganti kartu sing rusak, nanging tetep ora ana sinyal.","Saya baru saja ganti kartu yang rusak, tapi tetap tidak ada sinyal.","Saya kecewa banget ganti kartu yang rusak, tapi tetap tidak ada sinyal.",0.9722647666931152
Adohi narkoba yaiku salah siji cara sing isa digunakake kanggo ningkatake kualitas anak bangsa.,Jauhi narkoba adalah salah satu cara yang bisa digunakan untuk meningkatkan kualitas anak bangsa.,Adalah narkoba adalah salah satu cara yang salah yang dapat digunakan untuk meningkatkan kualitas anak bangsa.,0.9665082097053528
"Kafe iki ndhuweni arsitektur bangunan kang apik banget. Amarga penasaran, aku njupuk wektu muteri karo ngenteni panganan teka. Ana galeri sing kebak karo koleksi-koleksi kayu lan ing njaba galeri, katon pemandangan bandung saka ndhuwur. Ing sakitare uga akeh kursi kang digawe saka kayu lan uga watu-watu. Saka panganane, regane kalebu lumayan standar cocok karo kafe-kafe. Aku seneng suasanane.","Kafe ini memiliki arsitektur bangunan yang sangat bagus. Karena penasaran, saya meluangkan waktu berkeliling sembari menunggu makanan datang. Ada galeri yang penuh dengan koleksi-koleksi kayu dan di luar galeri, tampak pemandangan bandung dari ketinggian. Di sekitar banyak juga kursi terbuat dari kayu dan juga bebatuan. Dari sisi makanan, harganya termasuk relatif standar sesuai dengan cafe-cafe. Saya suka suasananya.","""Kafe ini memiliki arsitektur bangunan yang sangat bagus. Karena penasaran, saya duduk menunggu sambil menunggu makanan datang. Ada galeri yang berisi koleksi-koleksi kayu dan di dalam galeri, menampilkan pemandangan bandung dari atas. Di dalamnya juga banyak kursi yang terbuat dari kayu dan batu-batu. Dari makanan, harganya cukup standar sesuai kafe-kafe. Saya suka suasananya.""",0.9576306939125061
"Nganggoa kunci duplikat, bank bri ing tengah kutha dibobol maling, dhuwit rp 1 miliar muspra.","Gunakan kunci duplikat, bank bri di pusat kota dibobol maling, uang rp 1 miliar lenyap.","Menggunakan kunci duplikat, bank bni di tengah kota dibobol maling, uang rp 1 miliar muspra.",0.9601357579231262
"Mbengi sekitar jam pituan dijak pelanggan marang panggonan mangan iki, umume sih panganane luwih akeh sek di goreng-goreng ngono kaya pithik, babat, usus, ati ampela, nanging miturutku sih rasane biasa wae, lan minyake ing panganan akeh banget. Nanging variane cukup akeh:","Malam sekitar jam tujuan diajak klien ke tempat makan ini, over all sih makanannya lebih banyak yang di goreng-goreng begitu kayak ayam, babat, usus, ati ampela, tapi menurut saya sih rasanya biasa saja, dan minyaknya di makanan terlalu banyak. Tapi variannya cukup banyak:","Malam sekitar jam tengah malam dijak pelanggan ke tempat makan ini, umumnya sih makanannya lebih banyak gorengan begini seperti ayam, balut, usus, hati ampela, tapi menurut saya sih rasanya biasa saja, dan minya dalam makanan banyak sekali. Tapi variasinya cukup banyak",0.9467363953590393
"Hai angga, dingge penerbitan tiket owahan jadwal kudu nglakokne pembayaran disik ya.","Hai angga, untuk penerbitan tiket perubahan jadwal diharuskan melakukan pembayaran dulu ya.","Hai angga, untuk penerbitan tiket akhir perjalanan jadwal perlu menyertakan pembayaran disini ya.",0.9461514353752136
Masku dodol iphone 8 kanggo tuku ps5,Kakak lelaki saya menjual iphone 8 untuk membeli ps5,Aku beli iphone 8 buat beli ps5,0.8987571001052856
Aku mbela-mbelani saka bogor 7 jam kanggo mangan sup buntute nanging aku enteni saka jam 8.30 hurung buka uga. Akhire aku teka jam 10.00. Pesen sup buntute hurung ana kanthi alesan mau mbengi rame dadi kokine isih kesel. Wow alesan macem apa kaya kuwi? Beda tenan wektu aku mangan 1 taun kepungkur ya. Panggonane reged tenan kaya ora niat ndhuwe usaha.,Saya bela-belain dari bogor 7 jam demi makan sup buntutnya tetapi saya tunggu dari jam 8.30 belum buka juga. Akhirnya saya datang jam 10.00. Pesan sup buntut belum ada dengan alasan tadi malam ramai jadi chefnya masih tepar. Wow alasan macam apa seperti itu? Beda sekali waktu saya makan 1 tahun yang lalu ya. Tempat sangat kotor seperti tidak niat punya usaha.,Saya datang dari bogor 7 jam untuk makan sup bunte nya tapi saya kecewa dari jam 8.30 belum buka juga. Akhirnya saya tunggu jam 10.00. Pesanan sup bunte tidak ada dengan alasan mau tidur tidur ramai soalnya mahal isih kesal. Wow alasan macam apa kaya gitu? Beda sekali waktu saya makan 1 tahun lalu ya. Tempatnya kotor sekali seolah tidak berniat mempunyai usaha.,0.9460359215736389
"Kanggo ngecek layanan mandiri verified by visa vbv ora isa lewat layanan mandiri call 14000, nanging mung isa lewat email lan kantor cabang bank mandiri.","Untuk pengecekan layanan mandiri verified by visa vbv tidak dapat melalui layanan mandiri call 14000, namun hanya bisa melalui email dan kantor cabang bank mandiri.","Untuk mengecek layanan mandiri verified by visa vbv tidak bisa lewat layanan mandiri call 14000, tetapi cuma bisa lewat email dan kantor cabang bank mandiri.",0.9817785024642944
"Kudu njajal nggo nyantai utawa mangan mbengi nang 18th iki, pemandangan sek katon ki apik lan sek dadi daya tarik nang 18th yaiku ndue mester kaca. Regane lumayan larang amarga panggonane ana ing trans hotel, namung unda-undi karo rasa kepenake.","Harus coba untuk bersantai atau makan malam di the 18th ini, pemandangan yang didapat baik dan yang menjadi daya tarik di the 18th terdapat lantai kaca. Untuk harga cukup tergolong mahal karena terletak di trans hotel, tetapi sebanding dengan rasa kenyamanannya.","Harus coba buat santai atau makan malam di 18th ini, pemandangan yang katon ki apik dan sek jadi daya tarik di 18th adalah memiliki mester kaca. Harga cukup mahal karena tempatnya ada di trans hotel, tetapi selisihnya dengan rasa kepenake.",0.9372490644454956
Salah siji mal nganggo konsep sing lumayan unik. Akeh pilihan restoran dadi cocok dingge ngentekne wektu bareng kanca-kanca.,Salah satu mal dengan konsep yang cukup unik. Banyak pilihan restoran sehingga cocok untuk menghabiskan waktu bersama teman-teman.,Salah satu mall menggunakan konsep yang cukup unik. Banyak pilihan restoran sehingga cocok untuk berkumpul bersama teman-teman.,0.9815086126327515
"Lokasine ana ing dalam utama dadi gampang dhewe kanggo tekan panggonane, yen ora nduwe kendaraan dhewe iki bisa ditekani kanggo kendaraan umum. Menu panganane akeh tenan lan ana pirang-pirang menu sing anyar pisanan aku nemu ing kedai iki, rasane enak kanggo rega sing standar, panggonane kapenak tenan.","Lokasinya berada di jalan utama sehingga memudahkan kami untuk mencapai tempatnya, jika tidak memiliki kendaraan pribadi tempat ini dapat dijangkau dengan kendaraan umum. Menu makanannya sangat banyak dan ada beberapa menu yang baru pertama kali saya temukan di kedai ini, rasanya pun enak dengan harga yang standar, tempatnya sangat nyaman.","Lokasinya berada di dalam utama jadi mudah kita untuk mencari tempatnya, jika tidak punya kendaraan kita dua bisa dicari untuk kendaraan umum. Menu makanannya banyak sekali dan ada beberapa menu baru yang pertama kali saya coba di kedai ini, rasanya enak untuk harga yang standar, tempatnya nyaman sekali.",0.9557176232337952
Panggonan iki ora cocok kanggo kaluwarga sing nggawa bayi. Dalanane curam tenan. Kanggo anjungan foto ing njaba mung entuk diisi  paling akeh 10 uwong nanging isih akeh sing meksa munggah kanggo foto.,Tempat ini tidak cocok untuk keluarga yang membawa anak balita. Jalanan sangat curam. Untuk anjungan foto di luar hanya boleh diisi max 10 orang tetapi masih banyak yang memaksa naik untuk berfoto.,Tempat ini tidak cocok untuk keluarga yang membawa bayi. Jalanannya curam sekali. Untuk fondorita di dalam hanya bisa diisi paling banyak 10 orang tetapi masih banyak yang memaksakan naik hanya untuk foto.,0.951633095741272
"Panggonan iki salah sawijine panggonan favoritku kanggo ndhelok bogor ing dina mbengi, kanthi suwasanane sing kapenak dikancani karo panganan lan ombeane lan pelayanane sing grapyak. Cahya kutha sing tenan-tenan ayu isa kethok saka kene. Panggonan sing direkomendasikake kanggo ngentekake wektu bareng pasangan, kaluwarga utawa kanca raket.","Tempat ini salah satu tempat favourite saya untuk melihat bogor di malam hari, dengan suasananya yang nyaman ditemani dengan makanan dan minumannya serta pelayanannya yang ramah. Cahaya kota yang benar-benar indah bisa terlihat dari sini. Tempat yang rekomendasi untuk menghabiskan waktu bersama pasangan, keluarga atau sahabat.","""Tempat ini salah salah satu tempat favorit saya untuk melihat bogor di malam hari, dengan suasana yang sangat romantis dengan makanan dan minuman serta pelayanan yang ramah. Cahya kota yang sangat indah bisa dinikmati dari sini. Tempat yang direkomendasikan untuk berkunjung bersama pasangan, keluarga atau teman-teman.""",0.9502254724502563
"Gela karo proses mbatalne tiket, wis 43 dina nanging ora ndang ditransfer. loket ora gelem ngelayani","Kecewa dengan proses pembatalan tiket, sudah 43 hari tapi tak kunjung ditransfer. loket tidak mau melayani","Marah sama proses pembatalan tiket, sudah 43 hari tapi belum di transfer. loket tidak mau melayani",0.9606260061264038
"Pilian mangan lan ngombene akeh kanggo dipilih. Lan panggone gede, dibagi dadi pirang-pirang bagian lan konsep. Lak rega cukupan pas kanggo ning sak.","Pilihan makan dan minuman banyak untuk dipilih. Dan tempatnya besar, dibagi menjadi beberapa bagian dan konsep. Untuk harga cukup pas buat di kantong.","Pilihan makan dan promosi banyak untuk dipilih. Dan tempatnya luas, dibagi jadi beberapa bagian dan konsep. Kalau harga cukup pas buat nongkrong.",0.9605506062507629
"Restoran gaya jaman bityen. Ana display kue-kue, es krim uga. Suwasanane nyaman. Panganan khas omahan. Isa dinggo rombongan utawa karo kaluwarga. Panganane enak. Sega ulame enak. Sega tutug oncome uga oke. Masakan eropa, asia, nusantara kasadia ning kene. Karek milih. Bocah-bocah seneng mangan es krime ning kene.","Restoran bergaya zaman dahulu. Ada display kue-kue, es krim juga. Suasana nyaman. Makanan khas rumahan. Bisa untuk rombongan maupun dengan keluarga. Makannya enak. Nasi ulamnya enak. Nasi tutug oncomnya juga oke. Masakan eropa, asia, nusantara tersedia di sini. Tinggal pilih. Anak-anak suka makan es krimnya di sini.","Restoran bergaya zaman dulu. Ada display kue-kue, es krim juga. Suasana nyaman. Makanan khas buatan sendiri. Cocok untuk rombongan maupun keluarga. Makanannya enak. Segarnya daun salamnya juga enak. Segarnya daun mintnya juga oke. Masakan Eropa, Asia, Nusantara ada di sini. Pilihan banyak. Anak-anak senang makan es krim di sini.",0.9559338688850403
"Salah sijine jeneng batagor sing kondhang ing bandung. Rasane nikmat, kanggo rega per buwahe rp. 10 ewu. Pesen 3 buwah kanggo aku cukup maregi amarga ukuran per buwahe cukup gedhe.","Salah satu nama batagor yang terkenal di bandung. Rasanya nikmat, untuk harga per buahnya rp. 10 ribu. Order 3 buah untuk saya cukup mengenyangkan karena ukurannya per buahnya cukup besar.","Salah harga bernama batagor yang terkenal di bandung. Rasanya enak, untuk harga per buahnya rp. 10 ribuan. Pesan 3 buahan untuk saya cukup kenyang karena ukuran per buahnya cukup besar.",0.9699292778968811
Tau percaya karo body lotion citra nggarai wulu tambah akeh,Pernah percaya kalau body lotion citra bikin bulu tambah banyak,Bisa percaya sama body lotion citra bikin kulit berkilau semakin banyak,0.9331205487251282
Macet nang ngendi-ngendi yen lagi preinan.,Macet di mana-mana kalau lagi liburan,Macet dimana-mana kalau lagi weekend,0.946130633354187
"Tulung dikabarne kronologi lengkape, pulsa awit karo keri karo nyebutne tim ya mas/mbak, tim bakale ngecek transaksi penggaweane pulsane","Mohon informasikan detail kronologi, pulsa awal dan akhir dengan mention tim ya kak, tim akan cek transaksi pemakaian pulsanya","Mohon diberitahu kronologi transaksi, pulsa awal dan berakhir dengan menyebutkan tim, tim akan memverifikasi transaksi pembayaran pulsa",0.9217867255210876
"Area mangan ing njabane nyenengake. Igane oke, rasane enak. Jus jeruke ditambah stroberine nikmat. Regane uga oke.","Area makan di luarnya menyenangkan. Iganya oke, rasanya enak. Jus orange plus stroberinya nikmat. Harganya pun oke.","Area makan dalamnya menyenangkan. Iganenya oke, rasanya enak. Jus jeruknya ditambah stroberi nikmat. Harganya juga oke.",0.9645289778709412
Kanggo kowe sek nggolek resto kanthi suwasana sek romantis ora salah maneh uga moro mrene. Lan yen kurang kowe pas-pasan pesen wae menu sek entheng-entheng. Aja diapusi karo gambar ana ing buku menu yen ora pengen nyesel. Menu sukine luwih oke namung kayane ngapae ya adoh-adoh macet-macetan mara mrene mung nggolek kuwi. Ing kutha luwih afdol kayane. Pemandangane jogja mbengine nyekel.,Buat anda yang mencari resto dengan suasana yang romantis tidak salah lagi ke sini saja. Dan kalau rendah anda pas-pasan pesan saja menu yang ringan-ringan. Jangan terkecoh dengan picture di buku menu kalau tidak mau menyesal. Menu sukinya lebih oke tapi kayaknya ngapain ya jauh-jauh bermacet ria ke sini cuma mencari itu. Di kota lebih afdol kayaknya. Pemandangan jogja malamnya memegang.,Untuk kalian berdua yang mencari resto dengan suasana yang romantis tidak salah juga jauh dari sini. Dan kalau kurang kalian pas-pasan pesan saja menu yang entah-entah. Jangan kecewa dengan gambar di buku menu kalau tidak mau menyesal. Menu favorit lebih oke tapi sepertinya kenapa ya ada-ada macet-macetan meluncur di sini hanya mencari itu. Di dalam lebih layak sih. Pemandangan jogja memang terpampang jelas.,0.9233703017234802
Rasane meh pada karo resto sing liyane sing dodolan iwak laut. Aman resik lan pelayanane cepet,Rasanya hampir sama dengan resto yang lain yang jualan seafood. Aman bersih dan pelayanannya cepat.,Rasanya sama dengan resto lain yang jual iwak laut. Aman bersih dan pelayanan cepat,0.9642887711524963
Hasil itung cepet dinyatakne seje karo hasil survei nggarai aku nggumun.,Hasil quick count dinyatakan berbeda dengan hasil survei membuat saya bertanya-tanya.,Hasil hitung cepat disesuaikan sama hasil survei akibat saya komentar.,0.902682900428772
"Kapisan marang mrene kuwi ngerayakake kelulusan adikku, panggonane kuwi loh, apik tenan. Desaine uga unik, apik, kapenak, kapenak, cocok tenan kanggo mangan mbengi bareng kaluwarga, pasangan, sedulur, lan kanca-kanca, pemandangane uga apik, panganane uga enak-enak. Regane sebanding karo pelayanane, ora gela marang mrene. Bener-bener direkomendasikake.","Pertama ke sini itu merayakan kelulusan adikku, tempatnya itu loh, keren banget. Desainnya juga unik, keren, nyaman, nyaman, cocok betul untuk makan malam bareng keluarga, pasangan, saudara, dan teman-teman, pemandangannya juga keren, makanannya juga enak-enak. Harga sebanding dengan pelayanannya, tidak menyesal ke sini. Sangat-sangat direkomendasikan.","Pertama kali ke sini buat merayakan kelulusan adik saya, tempatnya sih, bagus banget. Desainnya juga unique, bagus, nyaman, nyaman, cocok banget buat makan malam bareng keluarga, pasangan, sahabat, dan teman-teman, pemandangannya juga bagus, makanan juga enak-enak. Harganya sebanding dengan pelayanannya, tidak pretend terhadap tempat ini. Bener-benar direkomendasikan.",0.9667997360229492
"Kabisan ngerteni woconan mben uwong kuwi seje-seje, ana sing pisan moco langsung ngerti, ana uga sing butuh ping bolak-balik moco disik lagek ngerti.","Kemampuan memahami bacaan tiap orang itu beda-beda, ada yang sekali baca sudah paham, ada juga yang butuh berkali-kali baca dulu baru paham.","Terlalu memaksa untuk memahami wajahnya orang itu sejenak, ada yang langsung mengerti, ada juga yang butuh pelan-pelan menanyakan hingga benar mengerti.",0.8885887265205383
Wow tenan kaget karo layanan satuan pengamanane bkpn bromo malang. Tenan diskriminasi banget. Yen aku mung pengen informasi babagan produke deknen. Dhewe diremehake. Cenderung ngusir. Kuciwa tenan!,Wow benar-benar terkejut sama layanan satuan pengamanannya bkpn bromo malang. Benar diskriminasi banget. Kalau kita hanya mau informasi tentang produk mereka. Kita disepelekan. Cenderung mengusir. Kecewa sekali!,Wow sungguh terkejut dengan layanan satuan keamanan bkpn bromo malang. Sangat diskriminatif sekali. Kalau saya hanya mau informasi mengenai bidang produksi. Kita diremehkan. cenderung mengusir. Sangat kecewa!,0.9303242564201355
"Bandung terkenal dadi panggon produksi tahu lokal karo kuwalitas apik, salah siji sing paling apik isa digoleki ning warung talaga. Deweke nduwe pabrik dewe ning dalan Jendral sudirman, nanging ngembangne bisnise dadi sajian kuliner uga. Ana rena-rena pilihan sajian tahu. Direkomendasikne banget dinggo pecinta kuliner.","Bandung terkenal sebagai tempat produksi tahu lokal dengan kualitas prima, salah satu yang terbaik bisa dicari di warung talaga. Mereka punya pabrik sendiri di jalan Jendral sudirman, tapi mengembangkan bisnisnya menjadi sajian kuliner juga. Ada berbagai pilihan sajian tahu. Sangat direkomendasikan bagi pecinta kuliner.","Bandung terkenal menjadi tempat produksi tahu lokal berkualitas baik, salah satu yang terbaik bisa didapat di warung talaga. Mereka memiliki pabrik sendiri di jalan Jendral Sudirman, tetapi mengembangkan bisnise menjadi penyajian kuliner juga. Ada beberapa pilihan sajian tahu. Direkomendasikan banget untuk pencinta kuliner.",0.9771305918693542
Tulung dikirimke meneh tagihanku sasi wingi,Mohon dikirimkan kembali tagihan saya bulan lalu,Tolong kirimkan tagihan bulan lalu,0.9345522522926331
"Salah siji menu paling tak senengi iku mcflurry rena-rena rasa liyane paket karo iwak pitik loro. Rumangsaku, pitike mcd nduwe citarasa dewe ning bagian dodone yo teksture alus lan bumbune gurih.","Salah satu menu favorit saya adalah mcflurry aneka rasa selain menu paket dengan dua ayam. Menurut saya, ayam mcd memiliki citarasa tersendiri di bagian dadanya pun memiliki tekstur yang lembut dan bumbunya gurih.","Salah satu menu favorit saya adalah mcflurry rasa-rasa lain selain rasa klasik yang dikemas bersama ayam ayam fried. Menurut saya, ayam mcd memiliki cita rasa unik di bagian dalamnya, walau teksturnya lembut dan bumbunya gurih.",0.9505235552787781
Aku ngrasa kaganggu ndelok parkiran mobil uwong nutupi dalan umum.,Saya merasa terganggu melihat parkiran mobil orang menutupi jalan umum.,Saya merasa mengganggu melihat parkir mobil orang menutup jalan umum.,0.9658330082893372
"Satene gedi-gedi. Bumbune dipisah. Diwehi rajangan brambang lan lombok riwit didang, porsi lontong karo segane uga pas. Pokoke aku seneng.","Satenya besar-besar. Bumbunya dipisah. Dikasih irisan bawang merah dan cabe rawit dikukus, porsi lontong sama nasinya juga pas. Pokoknya saya suka.","Satunya gede-gede. Bumbu dipisah. Dihidangkan nasi brambang dan lombok rewetnya kuahnya, porsi lontong dan seganen juga pas. Pokoknya saya suka.",0.923978865146637
"Yen didelok-delok, sandiaga uno karo nadiem makarim mirip yo","Kalau dilihat-lihat, sandiaga uno sama nadiem makarim mirip ya","Jika dipandang dari wajah, sandiaga uno dan nadiem makarim mirip sih",0.9190465807914734
Sugeng enjang. Wah kuciwa tenan mosok indihome internet ora kocek maneh. Aku kuwi mbayar larang. Aja nguciwakake dhewe sing dadi pelanggan,Selamat pagi. Wah kecewa berat masa indihome internet tidak kocek lagi. Saya itu bayar mahal. Jangan kecewakan kami sebagai pelanggan,Selamat pagi. Wah kecewa sekali loh indihome internet tidak lagi harga sama. Aku itu bayar mahal. Jangan memalukan kita yang menjadi pelanggan,0.9462095499038696
"Sopir ora teka ing panggonan kang dituju, nanging ing aplikasi wis picu munggah, lan gopay wis kapotong, kapok aku nganggi gojek","Driver tidak datang ke tempat tujuan, tetapi di aplikasi sudah picu naik, dan gopay sudah terpotong, kapok saya pakai gojek","Sopir tidak sampai ke tempat yang dituju, tetapi di aplikasi sudah di-prompt, dan gopay sudah mincang, jangan salah saya ke gojek",0.9236446619033813
"Panganan ning kene menurutku kurang enak ya, merga aku wong minang, aku ora tek seneng pangana  jawa sing legi hehe","Makanan di sini menurut saya kurang enak ya, karena saya orang minang, saya tidak terlalu suka makanan jawa yang manis hehe","Makanan di sini menurut saya kurang enak ya, karena saya orang minang, saya tidak terlalu suka makanan jawa yang banyak bumbu hehe",0.9913557767868042
"Pajak, kak, arep njaluk nomor efin, sakdurunge wis aktifasi, namung lali password akun djponline,","Pajak, kak, mau minta nomor efin, sebelumnya sudah aktifasi, tapi lupa password akun djponline,","Pajak, bapak, diminta nomor efin, sebelum aktifasi, tetapi lupa password akun djponline",0.9503141045570374
Musim udan kaya iki saban udan mesthi ora tenang wedi kabanjiran.,Musim hujan begini setiap hujan pasti tidak tenang takut kebanjiran.,Musim hujan seperti ini setiap hujan pasti selalu takut banjir.,0.9351752996444702
Sate wedus H. Ihsan iki cukop terkenal ning tegal. Lak ora iso marani panggon ning pusate. Sampeyan isa uga nemokne sate wedus H Ihsan ning pirang-pirang panggon mangan ning kutha tegal.,Sate kambing H. Ihsan ini cukup terkenal di tegal. Apabila tidak bisa mengunjungi lokasi di pusatnya. Anda bisa juga menemukan sate kambing H Ihsan di beberapa tempat makan di kota tegal.,Sate kuda H. Ihsan ini terkenal di tegal. Kalau tidak bisa datang ke lokasinya. Kalian bisa juga dapatkan sate kuda H Ihsan di beberapa tempat makan di kota tegal.,0.9755687713623047
"Saka okehe restoran sunda ing Bandung, miturutku Ciganea salah siji favoritku. Aku seneng amarga pithike khas, digorenge ora patio garing. Terus sambele uga ora kalah enak. Menu sing liya uga enak. Panggonane kaya omah, ora patio gedhe nanging cukuplah, lan uga resik.","Dari banyaknya restoran sunda di Bandung, menurut saya Ciganea salah satu favorit saya. Saya suka karena ayamnya khas, digorengnya tidak terlalu kering. Lalu sambalnya pun tidak kalah enak. Menu yang lain pun enak. Tempatnya seperti rumah, tidak terlalu besar tapi cukuplah, dan juga bersih.","Dari beberapa restoran sunda di Bandung, menurut saya Ciganea adalah salah satu favorit saya. Saya suka karena dagingnya khas, digoreng tidak terlalu kering. Selain itu sambalnya juga tidak kalah enak. Menu lainnya juga enak. Tempatnya seperti rumah, tidak terlalu luas namun cukuplah, dan juga bersih.",0.9819038510322571
"Hotel iki uwes ngadeg saka telung puluh tahun sing kapungkur, sakdurunge aku lair. Panginepan kapisan ning kota iki. Saiki uwis akeh ngadeg hotel ning kene.","Hotel ini sudah berdiri sejak tiga puluh tahun yang lalu, sebelum saya lahir. Penginapan pertama di kota ini. Sekarang sudah banyak berdiri hotel di sini.","Hotel ini sudah berdiri sejak 3 puluh tahun yang lalu, sebelum aku lahir. Berada didekat kota ini. Sekarang sudah banyak berdiri hotel di sini.",0.9730473160743713
"Panganan ning kene pada kaya kfc liyane. Pithik gorenge krispi, gurih, lan enak.","Makanan di sini sama seperti kfc lainnya. Ayam gorengnya crispy, gurih dan enak","Makanan di sini price seperti kfc lainnya. Ayam gorengnya crispy, gurih, dan enak.",0.9787318110466003
"Piye ora nesu ora, kena php indosat terus kie. Pulsane kepotong ludes ora ana turahe.","Bagaimana tidak marah coba, kena php indosat terus nih. Pulsa selalu terpotong ludes tak tersisa.","Bagaimana tidak kesal tidak, terkena php indosat terus nih. Pulsa habis habis tanpa sisa tanpa bekas.",0.9296486377716064
"Pelayanane batik air bisnis class ing halim nguciwakake, gelas reged / mambu, tv ora ana nganggo alesan pesawat anyar, aling methuk saka medhuk pesawat diilangake","Pelayanan batik air bisnis class di halim mengecewakan, gelas kotor / bau, tv tidak ada dengan alasan pesawat baru, penjemputan dari turun pesawat dihilangkan","Pelayanan batik air bisnis class di halim mengecewakan, gelas plastik, tv tidak ada dengan alasan pesawat baru, tetapi kotor dari bersih pesawat hilang",0.9514556527137756
Ngganggo laurier dobel pas arep turu pas menstruasi ben ora bocor,Pakai laurier double pas mau tidur saat menstruasi biar tidak bocor,Gunakan laurier double saat akan tidur saat menstruasi agar tidak bocor,0.9633127450942993
"Panggon mangane sederhana banget, nanging rasane juara. Komposisi bumbu kacange pas lan porsine ora tek akeh. Pengunjung sing teka rame banget.","Tempat makannya sangat sederhana, namun rasanya juara. Komposisi bumbu kacangnya pas dan porsinya tidak terlalu besar. Pengunjung yang datang sangat ramai.","Tempat makannya sangat sederhana, tetapi rasanya juara. Komposisi bumbunya pas dan porsi tidak terlalu banyak. Pengunjung yang datang ramai banget.",0.9867108464241028
"Panggonan lan arsitektur panggonan iki oke banget, mung yen panganane lan ombeane ing kene ora patia maer. Enak kanggo mateni bareng kanca-kanca.","Lokasi dan arsitektur tempat ini oke banget, cuma kalau makanan dan minuman di sini tidak terlalu istimewa. Enak buat bunuh bareng teman-teman.","Tempat dan arsitektur tempat ini oke banget, cuma kalau makanan dan minuman di sini tidak paten mahal. Enak untuk ngobrol bareng teman-teman.",0.9716391563415527
Rasa panganan biasa ae lan suasanane ora istimewa dadi pisan ketekan wis cukup.,Rasa makanan biasa saja dan suasana tidak istimewa sehingga sekali kedatangan sudah cukup.,Rasa makanan biasa saja dan suasana tidak istimewa sehingga akhirnya mengecewakan.,0.9331547617912292
Sing nglarang GBK didadekake panggonan konser pada songong-songong banget dah. Suket ning lapangan sapa sing pengin ngopeni yen ora ana duwit konser. Urung meneh kursi sing seneng dirusak supporter bal. Aduh.,Yang melarang GBK dijadikan venue konser pada songong-songong amat dah. Rumput di lapangan siapa yang mau pelihara kalau tidak ada duit konser. Belum lagi kursi yang suka dirusak supporter bola. Aduh.,Yang melarang GBK dijadikan tempat konser sangat sangat banget deh. Kotor di lapangan siapa sih yang mau bersihin kalo bukan uang konser. Jangan lagi kursi yang disukai dirusak supporter bola. Aduh.,0.9206413626670837
Gendeng ya. Pesen mix platter ae sampek luwih saka 30 menit. Takon nyang pelayane malah minggat. Ora responsif. Suwi.,Gila ya. Pesan mix platter saja sampai lebih dari 30 menit. Bertanya ke pelayannya malah kabur. Tidak responsif. Lama.,Janggal sih. Pesan mix platter dulu sampai lebih dari 30 menit. Datang yang pelayannya malah kabur. Tidak responsif. Sayang.,0.9550273418426514
"Pas jenuh karo oleh oleh khas bandung sing wis ana, dadi roti bakar tunggal isa dadi pilihan. Aku kerep tuku roti marie sing dibakar karo rasa sing enaakk, uga roti bakar karo rasa keju utawa coklate. Biasane aku tuku ning konter roti bakar tunggal ning paskal hyper square. Regane ancen rodok larang, nanging rumangsaku meh podo karo panganan oleh-oleh. Dadi ya ora isa uga diomongne larang. Lan toh rasane enak.","Saat jenuh dengan oleh oleh khas bandung yang sudah ada, maka roti bakar tunggal bisa menjadi pilihan. Saya sering beli roti marie yang dibakar dengan rasa yang yuummy, juga roti bakar dengan rasa keju atau coklatnya. Biasanya saya beli di counter roti bakar tunggal di paskal hyper square. Harganya memang agak mahal, tapi saya rasa hampir sama dengan makanan oleh-oleh. Jadi ya tidak bisa juga dibilang mahal. Dan toh rasanya enak.","Pas bosan dengan oleh-oleh khas bandung yang sudah ada, maka roti bakar tunggal bisa jadi pilihan. Saya sering beli roti marie yang dibakar dengan rasa yang enak, juga roti bakar dengan rasa keju atau coklate. Biasanya saya beli di konter roti bakar tunggal di paskal hyper square. Harganya memang mahal, tapi buat saya tetap sama seperti makanan oleh-oleh. Jadi ya tidak bisa juga dikatakan mahal. Dan tentunya rasanya enak.",0.971821129322052
"Lunga bareng kaluwarga mangan mbengi, regane larang kanthi rasa sing biasa bae.","Pergi bersama keluarga makan malam, harganya mahal dengan rasa yang biasa saja.","Disarankan bareng keluarga makan malam, harganya terjangkau dengan rasa yang biasa saja.",0.9511938095092773
"Sugeng siang, biaya administrasi rek simpedes tp 5.500, - / sasi. Maturnuwun era","Selamat siang, biaya administrasi rek simpedes rp 5.500, - / bulan. Terima kasih era","Selamat siang, biaya administrasi rek simpedes tp 5.500, - / bulan. Terima kasih era",0.9854684472084045
"Panggonan kapenak lan enak, kala-kala didadekake panggonan foto pre-wedding","Tempat nyaman dan enak, kadang dijadikan tempat foto pre-wedding","Lokasi yang nyaman dan cantik, sering dijadikan tempat foto pre-wedding",0.9688097238540649
"Pelayanane apik banget, lan muasne saka segi panggon, apik banget isa ndelok pemandangan kutha pas wengi saka segi panganan, apik pol! Panganane enak banget ora nyesel ngge mara rene.","Pelayanannya sangat bagus, sangat memuaskan dari segi tempat, indah sekali bisa melihat pemandangan kota di malam hari dari segi makanan, terbaik! Makanannya enak sekali tidak menyesal untuk datang ke sini.","Pelayanan sangat baik, dan menyenangkan dari segi tempat, sangat baik bisa melihat pemandangan kota saat siang dari segi makanan, sangat enak! Makanannya sangat enak tidak menyesal pergi ke sini.",0.9644501805305481
Arif tuku jaket billabong sek paling anyar,Arif membeli jaket billabong yang terbaru,Arif membeli jaket billabong yang terbarukan,0.9681658148765564
"Warung mangan sing uwis teka wiwit suwi lan uwis dadi kaya legenda kayane saiki uwis buka cabang. Terkenal amarga konsisteni rasa -ne uwis pirang-pirang tahun, sanadyan bangunan asli uwis dibongkar nanging kaasliane tetep dijaga lan tetep engel parkir. Sawetara wektu kepungkur ana setithik pangowahan nalika ibu chef utama uwis ora ketok maneh.","Warung makan yang telah hadir sejak lama dan telah menjadi semacam legenda, mungkin sekarang sudah buka cabang. Terkenal karena konsistensi rasa -nya selama bertahun-tahun, meskipun bangunan asli telah dipugar tetapi keaslian masih tetap dijaga dan tetap susah parkir. Beberapa waktu terakhir ada sedikit perubahan ketika ibu chef utama sudah tidak terlihat lagi.","Warung makan yang sudah turun gunung beberapa tahun dan sudah menjadi legenda kalau sekarang sudah buka cabang. Terkenal karena konsistensi rasa - yang sudah berpuluh-puluh tahun lalu, meskipun bangunan asli sudah dibongkar tetapi tetap menjaga dan masih nyaman parkir. Selain itu beberapa waktu lalu ibu chef utama sudah tidak lagi muncul.",0.9423686265945435
Menehi bantuan nyang korban bencana dinggo pencitraan percuma. Apameneh dinggo publikasi. Sepurane banget. Muak aku.,Memberikan bantuan ke korban bencana untuk pencitraan percuma. Apalagi untuk publikasi. Maaf banget. Muak saya.,Menolak bantuan ke korban bencana untuk pencitraan gratis buat publikasi. Berarti buat publikasi. Sungguh memalukan. Jijik gue.,0.9236603379249573
Rasa panganane biasa bae lan regane larang. Panggonane uga biasa. Lokasine ora patia adoh saka tengah kutha.,Rasa makanannya biasa saja dan harganya mahal. Tempatnya juga biasa. Lokasinya juga terlalu jauh dari pusat kota.,Rasa makanan biasa saja dan harganya mahal. Tempatnya juga biasa. Lokasinya juga tidak jauh dari tengah kota.,0.9835984110832214
Dingge mara nyang panggon iki dalane macet banget lan adoh saka pusat kutha. Saktekane ning kana ora ana bab sing spesial sing nggarai perjalanan adoh kebayar. Menune biasa ae.,Untuk menuju ke tempat ini jalannya sangat macet dan jauh dari pusat kota. Sesampainya di sana tidak ada hal yang spesial yang membuat perjalanan jauh terbayarkan. Menunya biasa saja.,Untuk pergi ke tempat ini jalannya macet banget dan jauh dari pusat kota. Ternyata di sana tidak ada yang spesial yang membuat perjalanan terbayar. Menunya biasa aja.,0.9668328762054443
Rasa rotine enak. Variasi roti lan pacetane sing didol akeh. Rega standar. Paling seneng karo roti taware. Seneng.,Rasa rotinya enak. Variasi roti dan cemilan yang dijual banyak. Harga standar. Paling suka sama roti tawarnya. Suka.,Rasa roti dasarnya enak. Variasi roti dan harganya yang beragam. Harga standar. Paling suka dengan roti tawar. Menyenangkan.,0.949190616607666
"Deknen kuwi sapa sih? Kok isi beritane deknen kabeh, mbokane deknen mantan narapidana kae","Dia ini siapa sih? Kok isi berita dia semua, bukannya dia mantan narapidana itu","Dia siapa sih? Kok isi beritanya semua, padahal yang dijebloskan kan mantan narapidana",0.9382529854774475
"Pengin mangan karo nikmati suwasana paris? Ora usah adoh-adoh menyang prancis, cukup menyang paris van java alias bandung. Braga permai iki rekomendasi banget kanggo mangan karo santai-santai. Panganane enak, regane mlebu akal lan suwasanane kapenak banget apamaneh meja sing ning jaba. Mangan karo nikmati suwasana bandung jaman mbiyen.","Ingin makan sembari menikmati suasana paris? Enggak usah jauh-jauh ke prancis, cukup ke paris van java alias bandung. Braga permai ini rekomendasi banget buat makan sambil santai-santai. Makanannya enak, harganya masuk akal dan suasananya nyaman banget apalagi meja yang di luar. Makan sambil menikmati suasana bandung tempo dulu.","Ingin makan sambil menikmati suasana paris? Tidak perlu jauh jauh ke prancis, cukup ke paris van java alias bandung. Braga permai ini sangat rekomended untuk makan sambil bersantai. Makanannya enak, harganya masuk akal dan suasananya sangat nyaman apalagi duduk di luar. Makan sambil menikmati suasana bandung jaman dulu.",0.9633462429046631
Yogyakarta iki ing saben pojokan dalan akeh hotel. Nanging eman. Kanggo kelas bintang 3 bae rega luwih larang kanthi pelayanan sing ora sepadan.,Yogyakarta ini di tiap sudut jalan banyak hotel. Tapi sayang. Untuk kelas bintang 3 saja harga lebih mahal dengan pelayanan tidak setara.,Yogyakarta ini di setiap sudut jalan banyak hotel. Tapi mahal. Untuk kelas bintang 3 saja harga lebih mahal dengan pelayanan tidak sepadan.,0.9818764925003052
Bakmine enak. Ditambah daging rica2ne mantep banget. Rasane si pedes-pedes nanging nikmat. Mangan siji krasa kurang tah.,Bakminya enak. Ditambah daging rica2nya super mantap. Rasanya sih pedas-pedas tapi nikmat. Makan satu berasa kurang deh.,Bakminya enak. Ditambah daging rica2nya mantap banget. Rasanya si pedas-pedas tapi nikmat. Makan sekali merasa kurang tah.,0.9672533273696899
Aplikasi bni mobile banking tulung didandani soale arep aktivasi akun ora isa.,Aplikasi bni mobile banking mohon diperbaiki soalnya mau aktivasi akun tidak bisa.,Aplikasi bni mobile banking butuh diperbarui karena mau aktifkan akun tidak bisa.,0.9704250693321228
Anti nganggo power bank wiwit handphone samsungku bocor bateraine sakbanjure dingokake kuwi.,Anti pakai power bank semenjak handphone samsung gue bocor baterenya setelah dipakaikan gituan.,Anti pakai power bank sebentar handphone samsung saya bocor batere larinya itu.,0.9393516182899475
"Botol uc1000 angel banget dibukake tah, marakna tangan lara","Botol uc1000 susah banget dibukanya dah, bikin tangan sakit","Botol uc1000 sulit banget dibuka, jadi gosong tangan",0.9300529956817627
"Nggolek suwasana nostalgia ing jogja, panggonan iki yaiku pilian sing pas! Menu panganane didominasi panganan-panganan sing kena pengaruh gaya panganan landa. Kasenenganku stik sirloin. Restoran iki uga ndhuweni toko roti kanthi pilian roti gaya jaman mbiyen.","Mencari suasana nostalgia di jogja, tempat ini adalah pilhan yang tepat! Menu makanan didominasi makanan-makanan yang dipengaruhi gaya makanan belanda. Favorit saya steak sirloin. Restoran ini juga memiliki toko roti dengan pilihan roti bergaya zaman dahulu.","Mencari suasana nostalgia ke jogja, tempat ini adalah pilihan yang pas! Menu makanan didominasi makanan-makanan yang dipengaruhi gaya makanan zaman dahulu. Favorit saya adalah stik sirloin. Restoran ini juga memiliki toko roti dengan pilihan roti gaya jaman dahulu.",0.9747893810272217
Ketua dpr ngapresiasi pilkada barengan sing mlaku damai.,Ketua dpr mengapresiasi pilkada serentak yang berlangsung damai.,Ketua dpr apresiasi pilkada serentak yang berjalan damai.,0.9647669792175293
Ngurus gaji karyawan dhewe wae ora isa jare arep ngurus bumn. Mikir nganggo utek,Mengurus gaji karyawan sendiri saja tidak becus konon mau mengurus bumn. Mikir pake otak,Mengurus gaji karyawan sendiri saja tidak mampu mau mengurus bumn. Berpikir dengan otak,0.9415155053138733
Ning indonesia pilihan merek telepon seluler kan melimpah. Lak ora seneng cara xiaomi nglakokne bisnise ya kari milih merek liya. Digawa santai wae.,Di indonesia pilihan merek telepon seluler kan melimpah. Kalau tidak suka cara xiaomi menjalankan bisnisnya ya tinggal pilih merek lain. Dibawa santai saja.,Di indonesia pilihan merk ponsel kan melimpah. Kalau tidak suka cara xiaomi menjemput bisnise ya pilih merk lain. Dibuat santai saja.,0.9519316554069519
"Nate mangan ning poolside hotel hilton? Jan ora rekomendasi kanggo rasa lan rega. Panganane kurang rasane, aku nggawa 20 uwong, kabeh gela.","Pernah makan di poolside hotel hilton? Sangat tidak rekomendasi untuk rasa dan harga. Makanan kurang rasa, gue bawa 20 orang, semua kecewa.","Nate makan di poolside hotel hilton? Tidak rekomendasi untuk rasa dan harga. Makanan kurang rasanya, saya membawa 20 orang, semua mengeluh.",0.9690194129943848
Panggonane unik. Karo mangan uga dimanjakake kaliyan panggonan sing sarwa unik. Akeh kayu kayu lan galerine. Kanggo bocah uga aja kuatir. Ana dolanan bocahe. Dadi mangan dadi luwih santai.,Tempatnya unik. Sambil makan juga dimanjakan dengan tempat yang serba unik. Banyak kayu kayu dan galerinya. Buat anak juga jangan kuatir. Ada mainan anaknya. Jadi makan jadi lebih santai,Tempatnya unik. Selain makan juga dimanjakan dengan tempat yang serba unik. Banyak kayu kayu dan galeri-galerinya. Untuk anak juga jadi khawatir. Ada mainan anak-anaknya. Jadi makan jadi lebih santai.,0.9674499034881592
"Yen marang rene aku mesthi pesen budin sambel roa. Budine digoreng dipasake karo sambel roa, enak. Panganan sing liyane uga enak nanging kanggo aku lan kaluwarga sing paling enak ing kene ya mangan budin karo ngombe kopi.","Kalau ke sini saya selalu pesan singkong sambal roa. Singkongnya digoreng dipadankan dengan sambal roa, enak. Makanan yang lainnya juga enak tetapi buat saya dan keluarga yang paling enak di sini ya makan singkong sambil minum kopi.","Kalau ke sini pasti saya pesan budin sambal roa. Budinya digoreng disertakan dengan sambal roa, enak. Makanan lainnya juga enak tapi yang buat saya dan keluarga yang paling enak di sini ya makan budin dengan minum kopi.",0.9676652550697327
Telepone genggam eror pas kaping pisan diurupne,Telepon genggamnya eror pas pertama dinyalakan,Handphone rusak ketika baru saja di charge,0.8453406095504761
Turu sing cukup saben dinane isa gawe awak ora kekeselen lan seger sawektu tangi ing dina esuk.,Tidur yang cukup tiap harinya bisa bikin badan tidak kecapekan dan segar ketika bangun di pagi hari.,Datanglah yang cukup setiap pagi bisa membuat kita tidak kesal dan sejuk setelah malam kemarin.,0.9000710844993591
Restoran iki romantis tenan kanthi pemandangane sing apik tenan ing dina mbengi,Restoran ini sangat romantis dengan pemandangannya yang sangat indah di malam hari,Restoran ini benar-benar romantis dengan pemandangan yang sangat bagus di malam hari,0.9599820971488953
"Sugeng sonten ibu, bab produk perbankan mandiri apa sing entuk dhewe rewangi? Yogi","Selamat sore ibu, perihal produk perbankan bank mandiri apa yang dapat kami bantu? Yogi","Terima kasih ibu, mau tanya produk perbankan mandiri apa yang dapat kami nikmati? Yogi",0.9372212290763855
"Suwasanane ing panggonan iki luwar biasa tenan. Pas kuwi dhewe teka ing sore ameh wengi, lan etuk panggonan sing ngadep ning air terjun. Gemricik banyu grojogan lan suwasana desa nambah nikmat suwasana mangan wengi dhewe pas kuwi. Panganan disajekake kanthi gaya tradisional lan rasane cukup apik kanggo ilate dhewe.","Suasananya di tempat ini sungguh luar biasa. Ketika itu kami datang pada senja menjelang malam, dan mendapatkan ruang yang menghadap ke air terjun. Gemericik air terjun dan suasana pedesaan menambah nikmat suasana makan malam kami ketika itu. Makanan disajikan dengan gaya tradisional dan rasanya cukup menarik untuk lidah kami.","Suasana di tempat ini luar biasa benar. Saat kami datang di sore hari hujan lebat, dan kami duduk di tempat yang menghadap air terjun. Bunyi air deras dan suasana pedesaan menambah nikmat suasana makan malam kami saat itu. Makanan disajikan dengan gaya tradisional dan rasanya cukup baik untuk perjalanan kami.",0.9563763737678528
"Regane larang banget, padahal panganan sing didol panganan indonesia umume. Padahal kanggo nikmati panganan kaya ngene iki ing panggonan liyane adoh luwih murah. Sega goreng wae ing kene larang banget banget! Jengkel.","Harganya terlalu mahal, padahal makanan yang dijualkan makan indonesia umumnya. Padahal untuk menikmati makanan sejenis di tempat lain jauh lebih murah. Nasi goreng saja di sini mahal banget banget! Kesal.","Harganya mahal sekali, padahal makanan yang disajikan adalah makanan indonesia umumnya. Padahal untuk menikmati makanan seperti ini di tempat lain mahal lebih murah. Enak goreng saja di sini mahal sekali! Jengkel.",0.9517859220504761
Ana ing akun mycare ku sek keblokir kuwi wis aku tambahake nomer im3 ku sek anyar,Dalam akun mycare saya yang terblokir tersebut sudah saya tambahkan nomer im3 saya yang baru,Ada di akun mycare saya sek terblokir itu sudah saya tambahkan nomor im3 saya sek baru,0.9424378871917725
120 peserta sing lulus iki bakale dibagi dadi 4 kelas karo jumlah masing masing 30 murid,120 peserta yang lulus ini akan dibagi menjadi 4 kelas dengan jumlah masing masing 30 siswa.,"""120 peserta yang lulus itu akan dibagi jadi 4 kelas dengan jumlah masing masing 30 anak""",0.9677672386169434
"Apa iki, regane larang, pelayanane jan mines!","Apa ini, harga mahal, pelayanan minus!","Ini apa sih, harganya mahal, pelayanan tidak memuaskan!",0.9389755129814148
Aku ketemu karo deknen ing asrama panggonan dhewe manggon nalika isih mahasiswa,Saya bertemu dengannya di asrama tempat kami tinggal semasa mahasiswa dulu,Aku bertemu dengan deknen di asrama tempat kita dulu kuliah kalo masih mahasiswa,0.8995257616043091
"Endi ki suwe banget konfirmasine? Iki uwis dibayar, uwis ngirimne bukti transfer, nanging e - tiket pancet ora metu? Aku gela, wegah digantung ngene.","Mana nih lama sekali konfirmasinya? Ini sudah dibayar, sudah mengirimkan bukti transfer, tetapi e - tiket tetap tidak keluar? Saya kecewa, tidak mau digantung begini.","""Kenapa si lama banget konfirmasi? Ini sudah dibayar, sudah kirim bukti transfer, tapi e - tiket tidak datang? Ane layanannya, kalau begitu jangan dijual.""",0.9293227791786194
"Ndelok film indonesia ning tv iki, kadang nggarai pegel. Merga kayak-kayake indonesia ora ana masalah, merga kabeh lagi mlaku-mlaku ning luar negeri.","Menonton film indonesia di tv ini, kadang bikin jengkel. Karena seakan-seakan indonesia tidak ada masalah, karena semuanya lagi jalan-jalan di luar negeri.","Melihat film indonesia di tv ini, kadang bikin capek. Soalannya kayaknya indonesia tidak punya masalah, soalnya semua lagi jalan-jalan di luar negeri.",0.9484169483184814
"Dasare ora ngerti kahanan kowe! Sinau beladiri udu nggo disombongke! Nanging kanggo nglindhungi awake dhewe! Gurumu dantemi apa maneh uwong tuwamu! Dasar iblis kowe, nyawa dibayar nyawa! Kowe ndhuwe utang siji nyawa! Lan nyawamu sing dadi bayarane!?","Dasar tak tau diri kau! Belajar beladiri bukan untuk di sombongkan! Tapi untuk melindungi diri sendiri! Guru lu aja lu pukulin apalagi orang tua lo! Dasar iblis kau, nyawa di bayar nyawa! Lu punya hutang satu nyawa! Dan nyawa lo yang jadi bayarannya!?","""Kalian tidak tahu apa-apa! Beladiri bukan buat sombong! Tapi untuk melindungi diri sendiri! Guru kalian itu apa lagi orang tuamu! Dasar iblis kalian, nyawa dibayar nyawa! Kalian punya utang satu nyawa! Dan nyawamu itu pembayarannya!""",0.9252640604972839
"Lak nyang mangkok iwak pitik mesti tuku kwetiaew sirame, lak didelok kayake sing sitik, nangis pas dipangan beh, akeh banget lak kanggo porsiku, kwetiaw sirame sik juara ning kene timbang nggon liya, tenan. Sambele uga sekeca banget karo seleraku.","Kalau ke mangkok ayam pasti beli kwetiaw siramnya, kalau dilihat seperti yang sedikit, tetapi pas dimakan beuh, banyak sekali kalau buat porsi saya, kwetiaw siramnya masih juara di sini dari pada di tempat lain, sungguh. Sambelnya juga sesuai banget sama selera saya.","Jika ke mangkok ayam rebus harus beli kwayo tawar, jika ke sisi ke kyaeknya sedikit, sedih pas dimakan, banyak banget kalau buat porsi saya, kwayo tawar jadi juara di sini timbang kalau kita, memang. Sambalnya juga sangat enyak banget dengan selera saya.",0.922229528427124
Atlet enom tanah air melu serpong run 2018 dinggo ajang nguji coba,Atlet muda tanah air ikuti serpong run 2018 untuk ajang uji coba,Atlet unggulan tanah air hadir pada serpong run 2018 dalam ajang uji coba,0.9558830857276917
"Penting lan sebarno negriku sing wis lara, pas oknum aparat dadi keparat, sing pener disalahne lan sing salah dipenerne","Penting dan sebarkan negeriku yang sudah sakit, kala oknum aparat jadi keparat, yang benar disalahkan dan yang salah dibenarkan","Penting dan sesungguhnya negara kita yang sudah lama sakit, ketika oknum aparat menjadi sakit, yang salah diberikan dan yang salah diterima",0.9203742146492004
Bis harapan jawa adoh luwih kapenak dibanding sing liyane,Bus harapan jaya jauh lebih nyaman dibandingkan yang lainnya,Bis harapan jawa utama lebih murah dibanding yang lain,0.9293541312217712
Tinggalen ae lak awakmu pancene wis waleh karo pacarmu lan pacaran ora ana gunane kanggo awakmu.,Tinggalkanlah kalau kamu memang sudah bosan sama pacar mu dan pacaran tidak ada gunanya buat kamu.,Tinggal saja deh kalau kamu memang sudah kabur dari pacarmu dan pacaran tidak ada gunanya untuk kamu.,0.9543883800506592
"Isih percoyo karo omongane? Dee sing nutup rapet-rapet bobroke sifate, dee uga sing mbukak tabir aibe.","Masih percaya sama omongannya? Dia yang menutup rapat-rapat kebobrokan sifatnya, dia juga yang membuka tabir aibnya.","Masih percaya sama omongan? Dee yang menutup rapat-rapat bibirnya, dia juga yang membuka tirai hari.""",0.9349430799484253
"Kafe iki, nduwe pirang-pirang cemilan sing top banget, tahu ning lumboenk karo vulkano risols jenenge. Sensasine unik saka wujude karo rasane nggarai sir maneh si maneh, dinggo sing penasaran oleh njajal wis.","Kafe ini, punya beberapa cemilan yang top banget, tahu di lumboenk sama vulkano risols namanya. Sensasi unik dari tampilan sama rasanya bikin mau lagi mau lagi, bagi yang penasaran boleh dicoba deh.","Kafe ini, memiliki beberapa cemilan yang top banget, tahu di lumboen dengan vulkano risols namanya. Sensasinya unik dari bentuk serta rasanya mengundang sir lagi sir lagi, buat yang penasaran coba deh.",0.9538297057151794
2018 kpk nduweni tekad kanggo nuntaskae kasus e-ktp lan lbi.,2018 kpk bertekad menuntaskan kasus e-ktp dan blbi.,2018 kpk punya tekad untuk menyelesaikan kasus e-ktp dan lainnya.,0.9455113410949707
Namung penerbangan ing indonesia sing ora tahu ngeregani wektu. Uwis mbayar larang pelayanane tetep nguciwakake,Cuma penerbangan di indonesia yang tidak pernah ngehargai waktu. Sudah bayar mahal tetap pelayanannya mengecewakan,Sayangnya penerbangan di indonesia yang tidak tahu memalukan waktu. Sudah bayar mahal pelayanan masih memalukan,0.9185711741447449
"Kanggo layanan bank ing akhir pekan sing lokasine ing bekasi, bapak isa teka marang kantor cab bank mandiri bekasi juanda","Untuk layanan bank di akhir pekan yang berlokasi di bekasi, bapak dapat datang ke kantor cab bank mandiri bekasi juanda.","Untuk layanan bank pada akhir pekan yang berlokasi di bekasi, bapak bisa datang ke kantor cab bank mandiri bekasi juanda",0.9918285012245178
susah banget ndelok segara sing saiki reget didadekake panggonan guwak sampah sembarangan,Sedih banget melihat laut yang sekarang kotor dijadikan tempat buang sampah sembarangan,kesulitan banget lihat laut yang saat ini tercemar didatangi orang yang sembarangan buang sampah,0.920089066028595
"Salah siji panggon mangan lan panggon nangkring sing direkomendasikne kanca sing oke banget. Panggone pancene lumayan munggah lak saka kutha, lan rodok mlebu-mlebu sampek ora ketok lak saka dalan utama. Nanging panganane enak, panggone asik, regane uga standar. Sik sumbut karo regane lah. Oleh lak nyang Malang dolan mrene maneh.","Salah satu tempat makan dan tempat nongkrong yang direkomendasikan teman yang oke sekali. Tempatnya memang lumayan naik kalau dari kota, dan agak masuk-masuk sampai tidak terlihat kalau dari jalan utama. Tapi makanannya enak, tempatnya asik, harganya juga standar. Masih sepadan dengan harga lah. Bolehlah kalau ke Malang datang ke sini lagi.","Salah satu tempat makan dan tempat nongkrong yang direkomendasikan teman yang oke banget. Tempatnya memang cukup luas kalau dari kota, dan jalan masuk-masuk sampai tidak jauh dari jalan utama. Namun makanannya enak, tempatnya asik, harganya juga standar. Meski dengan harganya lah. Kalau ke Malang main lagi ke sini ya.",0.9675070643424988
On the spot lagi tayang ing trans7,On the spot sedang tayang di trans7,On the spot lagi tayang di trans7,0.9448355436325073
"Bener-bener iwak pitik goreng sing gurih lan nggarai aku ketagihan, sambel sing pedes nggarai sensasi mangan luwih mantep karo sega anget lan es teh manis","Benar benar ayam goreng yang gurih dan membuat saya ketagihan, sambal yang pedas membuat sensasi makan lebih mantap dengan nasi hangat dan es teh manis","Bener banget ayam goreng yang gurih dan membuat saya ketagihan, sambal yang pedas membuat sensasi makan lebih mantap dengan nasi hangat dan es teh manis",0.9873878359794617
Aku wis ndaftar namung ora entuk sms seka 5111.,Saya sudah registrasi tapi tidak dapat sms dari 5111.,Saya sudah mendaftar tapi tidak dapat sms dari 5111.,0.9833571314811707
"Mumpung lagi mlaku-mlaku marang bandunh sekaliyan nyempatake nyoba batagor sek paling enak ing kota kembang iki nganti ora sadar dhewe mesen luwih akeh seka kapasitas mangan dhewe wong loro: Bakso tahu goreng, siomay goreng lan batagor kuah, ayam kremes, lan es cendol lan dhewe uga kudu mbungkus mulih tahu yun yin pesenan dhewe akhire.","Mumpung sedang berjalan-jalan ke bandunh sekalian menyempatkan mencoba batagor yang terenak di kota kembang ini sampai tidak sadar kami memesan lebih banyak dari kapasitas makan kami berdua: Bakso tahu goreng, siomay goreng dan batagor kuah, ayam kremes, dan es cendol dan kami masih harus membungkus pulang tahu yun yin pesanan kami akhirnya.","""Karena sedang kelaparan menyempatkan mencoba batagor sek paling enak di kota kembang ini sampai tidak sadar kami pesan lebih banyak dari kapasitas makan kami berdua: Bakso tahu goreng, siomay goreng dan batagor kuah, ayam kremes, dan es cendol dan kami juga harus membungkus kembali tahu yang pesanan kami akhirnya.""",0.9447988271713257
"Njajal pesen shabu-shabu, menu anyar ning gading resto. Kuwalitas rasane cukup enak, regane kejangkau uga. Rekomendasi lak nggawa tamu utawa mung mangan wengi karo kaluwarga.","Mencoba memesan shabu-shabu, menu baru di gading resto. Kualitas rasa cukup enak, harga terjangkau pula. Rekomendasi bilamana membawa tamu atau sekadar makan malam bersama keluarga.","Coba pesan shabu-shabu, menu baru di gading resto. Kualitas rasanya cukup enak, harga terjangkau juga. Rekomendasi kalau bersama tamu atau hanya makan malam bersama keluarga.",0.9787443280220032
Oke. Wis tak kirim lewat pesen langsung,Oke. Sudah saya kirim via pesan langsung,Oke. Sudah saya kirim lewat pesan langsung,0.9874306917190552
"Kasamrawutan sing kadadean akhir debat loro pilgub jabar ing 14 mei 2018 sing kepungkur, marakke silang pendapat saka para kontestan debat.","Kericuhan yang terjadi pengujung debat kedua pilgub jabar pada 14 mei 2018 yang lalu, menimbulkan silang pendapat dari para kontestan debat.","Kebingungan yang terjadi usai berakhir debat kedua pilgub jabar pada 14 mei 2018 yang berakhir, memicu saling banting pendapat dari para kontestan debat.",0.9523680210113525
Isuk iki lali nyepot helm mas gojek bar mudun saka motor gara-gara nguber bis,Pagi ini lupa lepas helm abang gojek setelah turun dari motor gara-gara mengejar bus,Pagi ini baru semalam nyepon helm mas gojek baru turun dari motor karena mengejar bus,0.9351922869682312
"Restoran iki tansah top. Suasanane nyaman banget kanggo ngobrol karo kanca, sedulur utawa pasangan. Panganane uga enak. Sanajan aku biasane ora mangan abot. Soale paling seneng marang mrene sore nyedhak mbengi","Restoran ini selalu top. Suasananya nyaman banget buat ngobrol dengan teman, saudara atau pasangan. Makanannya juga enak. Walaupun saya biasanya tidak makan berat. Soalnya paling suka ke sini sore menjelang malam","Restoran ini sangat top. Suasana sangat nyaman buat ngobrol sama teman, saudara atau pasangan. Makanan juga enak. Malam saya biasanya tidak makan berat. Soalnya paling suka ke sini sore untuk minum teh",0.9711294770240784
"Menu sing dhewe pesen urang, sapi, sapo kabehane enak, sampurna dimasake, rasane pas, kuwalitase dhuwur. Panggonane amba, pelayanane oke tenan. Kabehane grapyak lan grapyak karo bocah-bocah","Menu yang kita pesan udang, sapi, sapo semuanya enak, sempurna dimasaknya, rasanya pas, berkualitas tinggi.  Tempat luas, pelayanan oke banget. Semuanya ramah dan ramah sama anak-anak","""Menu yang kami pesan adalah sapi, sapo semua enak, sampe dimasak, rasanya pas, kuwalitasnya dhuur. Tempatnya luas, pelayanan oke banget. Semua ramah dan ramah dengan anak-anak""",0.9431979060173035
"Kesel ngantri, kesel golek panggon lungguh, kesel lungguh. Dinggo sing ora nduwe wektu suwe lan wis keluwen, mending ora mrene. Aku mrene pas liburan bodo panganan ning ruko-ruko kene uga rodok larang lan rasane standar.","Capek mengantre, capek mencari tempat duduk, cape duduk. Buat yang tidak punya waktu lama dan sudah kelaperan, mendingan tidak ke sini. Saya ke sini pas liburan lebaran makanan di ruko-ruko sekitar sini juga rada mahal dan rasanya standar.","Jengkel antri, jengkel cari tempat duduk, jengkel duduk, jengkel duduk. Untuk yang tidak punya waktu lama dan sudah lelah, mending tidak kemari. Saya kemari pas liburan makan di ruko-ruko itu juga ramai dan rasa standar.",0.9290835857391357
"Warung mangan nduwe suasana sing nyaman karo gaya kampung lawas. Luwih sekeco diparani wektu sore sampek dina wengi ning kahanan sing luwih romantis karo cahyaning remeng-remeng saka obor lan geni unggun. Panganan sing disajikne rena-rena, mulai panganan indonesia sampek panganan eropa serba ana. Cocok sanget kanggo ngentekne wektu karo kanca lak keluarga.",Resto ini memiliki suasana yang nyaman dengan gaya kampung tradisional. Lebih cocok dikunjungi saat sore hingga malam hari di suasana lebih romantis dengan cahaya temaram dari obor dan api unggun. Makanan yang disajikan bervariasi mulai makanan indonesia sampai european makanan serba ada. Sangat cocok untuk menhabiskan waktu bersama teman atau keluarga.,"Warung makan memiliki suasana yang nyaman dengan gaya pedesaan. Lebih murah dipenuhi pepohonan waktu sore hingga malam di dalam ruangan yang lebih romantis dengan cahaya dari lilin dan api unggun. Hidangan yang disajikan beragam, mulai hidangan indonesia hingga hidangan eropa serba ada. Cocok sekali untuk bersantai bersama teman maupun keluarga.",0.9309999942779541
"Menu masakan sing disajekne lumayan rena-rena karo rasa sing lumayan enak, kabehe pelayan lan wektu pelayanane ya cukup apik dadi awakdewe wareg mangan awan ning kana, mung nata panggene restoran sing mestere rena-rena munggah - mudun dadi kudu luwih ngati-ati dinggo wong tua lan bocah cilik, muga-muga isa luwih ditingkatne pelayanane lan rena-rena menune. Sukses terus kanggo boemi mitoha.","Menu masakan yang disajikan lumayan bervariasi dengan rasa yang lumayan enak, jumlah pelayan dan waktu pelayanannya pun cukup baik sehingga kami puas makan siang di sana, hanya tata letak restoran yang lantainya bervariasi naik - turun sehingga harus ekstra hati-hati untuk orang tua dan anak kecil, semoga bisa semakin ditingkatkan pelayanan dan variasi menunya. Sukses selalu untuk boemi mitoha.","""Menu masakan yang disajikan lumayan bervariasi dengan rasa yang lumayan enak, selain pelayan dan waktu pelayanan yang cukup baik sehingga kami nyaman makan tanpa terburu-buru, hanya harapan saya harga-harga makanan yang bervariasi - murah agar lebih ramah bagi orang tua dan anak kecil, semoga bisa lebih ditingkatkan pelayanan dan variasi menu.""",0.9329756498336792
"Tagihan mencolot loro kali lipat amarga promo entek tanpo kabar, ora bener iki.","Tagihan melonjak dua kali lipat gara-gara promo habis tanpa pemberitahuan, tidak benar ini.","Tagihan mencuat empat kali lipat karena promo habis tanpa kabar, tidak benar ini.",0.9609555006027222
Njaluk informasine babagan daftar rega klambi kang didhol.,Minta informasi tentang daftar harga baju yang sedang dijual,Minta informasinya mengenai bidang daftar isi yang utama.,0.9065954089164734
Aku tansaya sengit karo jne amarga pangirimane mesthi telat,Saya semakin membenci jne karena pengirimannya selalu telat,Saya sangat kecewa dengan jne karena pengirimannya selalu terlambat,0.9332979917526245
"Ora koyo warung mangan lan kafe biasane, konsep panggonane digawe unik. Akeh lampu-lampu, gambaran, semiantik. Panganan lan ombenane lumayan pas enak, sing garai kaget pas ndelok daftar menune. Ragene wuooow pas banget ning sak. Lan sing mesti rega mirah ora nggarai rasane maleh seje, pancet enak lan berkualitas.","Tidak seperti kebanyakan restoran dan kafe lain, konsep tempatnya dibuat unik. Banyak lampu-lampu, lukisan, semi antik. Makanan dan minuman lumayan cukup enak, yang buat kaget pas melihat daftar menunya. Harganya wuooow pas banget di kantong. Dan yang pasti harga murah tidak buat rasa jadi beda, tetap enak dan berkualitas.","""Tidak seperti warung makan dan kafe biasa, konsep tempatnya dibuat unik. Banyak lampu-lampu, gambar-gambar, semiantik. Makanan dan minuman lumayan pas enak, yang bikin kaget pas melihat daftar menunya. Harganya wuooow banget di dalam sak. Dan yang harus harga merah tidak membuat rasa takut, pancet enak dan berkualitas.""",0.9416919350624084
"Ana ing lantai 1 hotel yaiku lantai paling dhuwur, nyajikake pemandangan luar biasa ing arah bukit sing dithukuli wit-witan. Seger, resik, penak, luar biasa!","Terletak di lantai 1 hotel yang merupakan lantai tertinggi, menyajikan pemandangan luar biasa ke arah bukit yang ditumbuhi pepohonan. Segar, bersih, nyaman, luar biasa!","Ada di lantai 1 hotel yaitu lantai terendah, menampilkan pemandangan luar biasa ke bukit yang dikelilingi pepohonan. Segar, bersih, indah, luar biasa!",0.9637236595153809
Sakdurunge aku lan pasangan mulih marang jakarta. Aku mampir ndhisik ing restoran iki. Pemandangane apik lan panganane uga murah meriah. Rekomendasi tenan,Sebelum saya dan pasangan pulang ke jakarta. Saya mampir dahulu ke restoran ini. Pemandangannya keren dan makanannya pun murah meriah. Rekomendasi sekali,Sejak kami dan pasangan kembali ke jakarta. Saya mampir kesana di restoran ini. Pemandangannya cantik dan makanannya juga murah meriah. Rekomendasi banget,0.971055269241333
Ngerasa bosen loh karo sakabehane. Bosen tenan ngelakokake rutinitas sing ngono-ngono wae.,Merasa jenuh loh sama semuanya. Bosen sekali melakukan rutinitas yang gitu-gitu saja.,Merasa bosan loh dengan semuanya. Bosan sekali melakukan rutinitas yang begitu-begitu saja.,0.9534878134727478
Eman kothake sing tekan lumayan penyok,Sayang kotaknya yang sampai agak penyok,Memalukan banget sih yang bikin kendaran tergores,0.8452189564704895
Kapisan njajal uwis disuguhi karo lalaine pelayan sing marakake dhewe ngenteni suwi wae 4 lagu marcell. Banjur uwis suwi ya ora sida pesenlah. Ora peduli arep enak kaya ngapa yen pelayanane elek karepe sing jenenge rasa.,Pertama mencoba sudah disuguhi dengan kelalaian pelayan yang bikin kita menunggu lama aja 4 lagu marcell. Terus sudah lama ya tidak jadi pesanlah. Tidak peduli mau enak kayak apa kalau pelayanannya buruk terserahlah yang namanya rasa.,Sedikit mencoba sudah disuguhi dengan lalainnya pelayan yang sangat membuat kita menunggu waktu 4 lagu marcell. Kemudian waktu sudah 4 menit tidak seperti yang dipesan. Tidak peduli mau enak apa tidak ya kalau pelayanan sangat buruknya tidak perlu yang namanya rasa.,0.9188598990440369
"Sego rawone enak banget, regane murah. Cedak universitas parahyangan. Panggonane unik nganggo kayu-kayu.","Nasi rawonnya sangat enak, harga terjangkau. Dekat universitas parahyangan. Tempatnya unik dengan kayu-kayu.","Surga pertama enak banget, harganya murah. Dekat universitas parahyangan. Tempatnya unik pakai kayu-kayu.",0.957324206829071
"Pesen soto karo iga bakar, ditambah suwasana sing adem. Rasane enak lan dilayani kanthi grapyak karo mbak diah, tisna, echa. Uwis ping pindo teka mrene lan mesthi marem karo kualitas panganan lan pelayanan:","Order soto sama iga bakar, ditambah suasana yang dingin. Rasanya enak dan dilayani dengan ramah sama mbak diah, tisna, echa. Sudah dua kali datang ke sini dan selalu puas dengan kualitas makanan dan pelayanan:","""Pesanan soto dengan iga bakar, ditambah suasana yang sejuk. Rasa terasa enak dan di sajikan dengan ramah oleh mbak diah, tisna, echa. Sudah berkunjung ke sini dan tentunya akan kembali lagi dengan kualitas makanan dan pelayanan:""",0.9478325843811035
"Youtube akeh banget manfaate. Isa nonton film, ngrungokake lagu, kala-kala kanggo sinau.","Youtube banyak sekali manfaatnya. Bisa nonton film, dengar lagu, kadang untuk belajar.","Youtube memiliki banyak manfaat. Bisa menonton film, mendengarkan lagu, kadang untuk belajar.",0.9749935865402222
"Udan ing dina isuk tenan marakna kesel, macet lan rega ojol dadi tenan ora isa dikendalikake marakna eneg","Hujan di pagi hari sungguh sangat kesal, macet dan harga ojol jadi super tak terkendali bikin eneg","Hujan di pagi hari selalu bikin kesal, macet dan harga ojek jadi benar-benar tidak bisa dikendalikan jadi jengkel",0.9219571948051453
"Panganane lumayan enak-enak ing hawa anyes lan akeh variasine mulai saka restoran burangrang, saung purbasari lan area foodcourte.","Makanannya lumayan enak-enak di udara dingin dan banyak variasinya dari mulai restoran burangrang, saung purbasari dan area foodcourtnya.","Makanannya cukup enak-enak di bawah suasana malam serta banyak variasi mulai dari restoran burangrang, saung purbasari dan area foodcourtenya.",0.9708355665206909
Tulung golekake alamat uwong iki. Bakal aku jak duel kaya uwong lanang nganggo samurai. Deknen uwis ngece ibuku sing paling aku tresnani lan hormati.,Tolong carikan alamat orang ini. Akan saya ajak duel secara jantan pakai samurai. Dia telah menghina ibuku yang paling aku cinta dan hormati.,Tolong cari alamat orang ini. Nanti aku akan berduel seperti samurai. Sekarang sudah mencelajahi ibuku yang paling saya sayangi dan hormati.,0.9283974766731262
"Panggon ngombe kopi cedek kampus UI, vietnamese kopi -ne enak, regane relatif sedeng, cocok dinggo ngontemplasi karo nggarap tesis","Tempat minum kopi dekat kampus UI, vietnamese kopi -nya enak, harganya relatif sedang, cocok untuk berkontemplasi sembari mengerjakan tesis","Tempat favorit kopi jarak kampus UI, vietnamese kopi -nya enak, harganya relatif murah, cocok buat ngontemplasi dan ngerjakan tesis",0.9396478533744812
"Panganane enak, lan pemandangane apik tenan,. Mung sing menyang lawangwangine kurang dadi ora kabeh uwong bisa ngerti yen lawangwangi ana nang kono kajaba wong sek lewat.","Makanannya enak, dan viewnya amazing,. Hanya sing menuju lawangwanginya kurang jadi tidak semua orang bisa tahu ada lawangwangi di situ kecuali orang yang lewat.","Makanannya enak, dan pemandangannya bagus sekali, kalau ke arah perbukitnya kurang jadi tidak semua orang bisa tahu kalau perbukitan itu jauh orang yang lewat.",0.9280111789703369
Aku mulai usaha lan ora tau wedi gagal.,Saya memulai usaha dan tidak pernah takut gagal.,Saya mulai usaha dan tidak tahu takut gagal.,0.9660446047782898
Panggonan mangan kanthi nuansa doraemon. Rega panganane murah lan akeh pilihan. Panggonane ora patia amba nanging nyaman. Nang lantai 2 digawe kaya kamare nobita lkp kanthi meja sinau mesin waktu lan lawang nang ndi wae. Akeh golekan doraemon lan komik-komik sek isa diwaca sawetara ngenteni panganan. Kajaba iku sinambi ngrasakake panganane dhewe isa nonton film doraemon. Anakku seneng mangan. Lanjutan,Tempat makan dengan nuansa doraemon. Harga makanannya murah dan banyak pilihan. Tempatnya tidak terlalu luas tapi nyaman. Di lantai 2 di buat menyerupai kamar nobita lkp dengan meja belajar mesin waktu dan pintu ke mana saja. Banyak boneka doraemon dan komik-komik yang bisa dibaca saat menunggu makanan. Selain itu sambil menikmati hidangan kita bisa menonton film doraemon. Anak saya senang makan. Lanjutan,"""Tempat makan dengan nuansa doraemon. Harga makanan murah dan banyak pilihan. Tempatnya tidak luas tetapi nyaman. Di lantai 2 di buat seperti kamar nobita lkp dengan meja belajar mesin waktu dan pintu di mana saja. Banyak koleksi doraemon dan komik yang bisa dibaca sambil menunggu makanan. Jika begitu sambil menunggu bisa menonton film doraemon. Anak saya suka makan. Lanjutan""",0.9689081907272339
"Aku nyang kafe dipakar bareng keluarga, pemandangane pancene keren banget. Panganane uga eco-eco. Dinggo nyantai nikmati sing disajikne lan pemandangane ning dipakar nyenengna banget. Awakdewe mrana dina minggu, lan rame banget sing dolan. Nanging ora ngenteni suwe, awakdewe langsung entuk meja. Dinggo panganan, bar awakdewe pesen ora kudu ngenteni suwe, panganan wis teka. Dinggo foto-foto uga apik banget.","Saya ke kafe dipakar bersama keluarga, pemandangannya memang keren banget. Makanannya juga enak-enak. Untuk bersantai menikmati sajian dan pemandangan di dipakar sangat menyenangkan. Kami ke sana hari minggu, dan sangat ramai pengunjung. Tapi tidak menunggu lama, kami langsung dapat meja. Untuk makanan, setelah kita order tidak perlu menunggu lama, makanan sudah datang. Untuk foto-foto juga sangat bagus.","Saya yang ke kafe bersama keluarga, pemandangan yang memang sangat keren. Makanan juga enak-enak. Untuk bersantai menikmati yang disajikan dan pemandangan di kafe sangat menyenangkan. Kami datang hari minggu, dan sangat ramai yang bermain. Namun tidak terlalu menunggu lama, kami langsung dapat meja. Untuk makanan, setelah kami pesan tidak perlu menunggu lama, makanan sudah datang. Untuk foto-foto juga bagus sekali.",0.9690876007080078
"Ora salah maneh iki kafe modern salah siji senengane wong depok kanggo mangan, nglumpuk tenanan panggone nyaman soale.","Tidak salah lagi ini kafe modern salah satu favorit warga depok buat makan, berkumpul seriusan tempatnya nyaman soalnya.","Tidak salah lagi ini salah satu kafe modern favorit warga depok untuk makan, berkumpul tenang panggone nyaman karena.",0.9416682720184326
Kesel wae karo kelakuan nyinyir terus kelompok sebelah.,Kesal saja dengan kelakuan nyinyir terus kelompok sebelah.,Penasaran saja sama kelakuan menjelek-nejelekkan terus kelompok sebelah.,0.8975850343704224
"Aku seneng mangan ning kene merga menu iwak pitike enak lan empuk, sambele pas ning ilat lan kahanane restorane uga nyaman. Liyane iku pelayanane uga apik lan regane mirah.","Saya suka makan di sini karena menu ayamnya enak dan empuk, sambal pas di lidah dan suasana restorannya juga nyaman. Selain itu pelayanan juga bagus dengan harga terjangkau.","Saya suka makan di sini karena menu ikan pitik enak dan empuk, sambelnya pas di lidah dan tempatnya juga nyaman. Selain itu pelayanannya juga baik dan harganya murah.",0.9731784462928772
Aku ki wis kesel arep nesu-nesu. Ben aku dewe ae wis sing njupuk maneh pakete lan tak kirim lewat ekspedisi liya ae. Gela pol embuh ping pira.,Gue itu sudah capek mau marah-marah. Biar gue sendiri aja deh yang ambil lagi paketnya dan gue kirim via ekspedisi lain saja. Kecewa berat entah keberapa kalinya.,Aku si sudah lelah mau marah-marah. Ya saya saja yang sudah yang malah paketnya dan kiriman lewat ekspedisi linya saja. Gelap pol jangan coba-coba nanya lagi.,0.9020559787750244
"Reunion house iki wis tenan direkomendasikake kanggo mangan awan nang bandung. Panggonane kepenak, asyik kanggo nyantai guyonan karo sapa bae. Menune uga oke tenan.","Reunion house ini direkomendasikan banget buat makan siang di bandung. Tempatnya nyaman, asyik buat santai mengobrol bareng siapa saja. Menunya juga oke banget.","Reunion house ini memang sudah sangat direkomendasikan untuk makan malam di bandung. Tempatnya nyaman, asyik buat santai ngobrol sama siapa saja. Menu pun sangat oke banget.",0.9710544943809509
Dingge meruhi promo-promo sing lagi ana ning tokopedia awakmu isa marani halaman iki.,Untuk mengetahui promo-promo yang sedang berlangsung di tokopedia kamu dapat mengunjungi halaman berikut.,Untuk mendapatkan promo-promo yang sedang berlangsung di tokopedia anda bisa mengunjungi halaman ini.,0.9784303307533264
"Jarene jam iki anti banyu, nanging dienggo renang tok uwis mati","Katanya jam ini water resist, tapi dipakai berenang doang sudah mati","Sebenarnya hari ini anti air, tapi pakai renang saja sudah mati",0.9104604125022888
Suasane asri. Akeh sing dodolan panganan. Panggonan sing nggo nongkrong lan kafene cocok kanggo kunjungan. Dhewe ndhuwe wektu belanja ing supermarket. Regane uga ora larang. Suasanane ing njero malle penak. Acne anyeslah. Lan barang-barang merekane mantap tenan lan akeh potongan rega,Suasananya asri. Banyak jualan makanan. Tempat nongkrong dan cafenya cocok untuk berkunjung. Kami sempat belanja disupermarket. Harganya juga tidak mahal. Suasana di dalam mallnya nyaman. Acnya dinginlah. Dan barang-barang brandednya mantap sekali dan banyak diskon,Suasana asri. Banyak yang dodolan makanan. Tempat yang cocok untuk kunjungan. Kami punya waktu belanja di supermarket. Harganya pun tidak mahal. Suasana di luar malamnya sangat. Acnya dinginlah. Dan barang-barang merknya mantap sekali dan banyak potongan harga,0.9475139379501343
Pemikirane sempit nanging ngrumangsa paling bener mangkel banget aku,Pemikiran sempit tapi sok benar kesal banget aku,Pemikirannya sempit tapi mencampapkan benar sangat bikin marah deh saya,0.8995985388755798
Sek foto karo uwong kuwi udu adike bang doni. Jijik ah foto karo uwong kuwi.,Yang foto sama orang itu bukan adik bang doni. Jijik ah foto sama orang itu.,Ini foto sama orang itu udah punya adiknya bang doni. menjijikkan foto sama orang itu.,0.9410728216171265
"Sakwijining musibah lagi wae kena kampung adat ning bajawa, flores. Kebakaran gedhe sing kadadean ing senin 13 / 8 sore ameh ngobongake kabeh kampung. Total 27 saka 33 omah adat sing ana entek dipangan geni bareng kabeh crita lan sejarahe.","Sebuah musibah baru saja menimpa kampung adat di bajawa, flores. Kebakaran hebat yang terjadi pada senin 13 / 8 sore hampir menghanguskan seluruh kampung. Total 27 dari 33 rumah adat yang ada habis dilalap api bersama semua cerita dan sejarahnya.","Dengan musibah lagi pun kembali ke kampung adat di bajawa, flores. Kebakaran besar yang terjadi pada senin 13 / 8 sore telah membakar habis seluruh kampung. Total 27 dari 33 rumah adat yang masih ditempati. Sejauh ini baru 3 keluarga yang pindah sementara dan masih menceritakan serta menyebarkan peristiwa dan kesedihan.",0.929462194442749
Marang rene wektu acara kantor. Ana musik langsung. Menu aneka werna. Cocok yen lunga rame-rame nanging selerane beda-beda. Ramene enak.,Ke sini waktu acara kantor. Ada live musik. Menu beragam. Cocok kalau pergi ramai-ramai tapi seleranya beda-beda. Ramennya enak.,Untuk ke acara kantor. Ada musik langsung. Menu beragam. Cocok kalau ingin ramai-ramai tetapi selera berbeda. Ramaiannya enak.,0.9549410939216614
"Aku karo keluarga mangan mbengi nang panggonan iki amarga kajaba iku menu utamane batagor uga ana menu liyane. Aku mung mesen 2 menu sek akhire teka sakwise 45 menit, kuwi sakwise  kaping pirang-pirang aku takon. Seko rasane sawetara seko menu sek sakwise aku jajal lumayan enak. Sarane sakdhurunge pesen luwih apik takon ndhisik regane piro suwi orane nggawe menu kang dipesen.","Saya bersama keluarga makan malam di tempat ini karena selain menu utama batagor terdapat menu lain. Saya hanya memesan 2 menu yang akhirnya datang setelah 45 menit, itu pun setelah beberapa kali saya tanyakan. Dari segi rasa beberapa menu yang sebelumnya pernah saya coba lumayan enak. Saran sebelum memesan lebih baik tanyakan berapa lama pembuatan menu yang dipesan","Saya dan keluarga makan malam di tempat ini karena sebelumnya saya ketahui menu utamanya adalah batagor juga ada menu lain. Saya hanya pesan 2 menu akhirnya terkejar 45 menit, itu setelah 2 setengah jam saya telepon. Sejauh rasa mirip-mirip dengan menu itu saya coba lumayan enak. Saranya sebelum memesan lebih baik biar harganya tidak terlalu mahal warnanya membuat menu yang dipesan.",0.9226268529891968
Paket wis ditampa. Rodok gela merga pesen werna ireng dikirim werna kuning.,Paket sudah diterima. Sedikit kecewa karena order warna hitam dikirim warna kuning.,Paket sudah tiba. Kecewa besar karena pesan berwarna hitam dikirim berwarna kuning.,0.9424217343330383
"Aku saka bali, dilalah pas dolan menyang kutho bandung, pas ning sanding kantor gubernur jawa barat alias cedeke gedung sate, awakdewe disarane mangan ning bancakan merga cedek. Bar mlebu awakdewe dikeki piring saka komplong sing wis ora apik eneh, kayake karaten. Akhire awakdewe milih panganan sing awakdewe sir, lan atusan laler miber teka ngendi-ngendi merga wis kadung awakdewe ya pancet mangan. Nggilani pol.","Saya dari bali, kebetulan sedang liburan ke kota bandung, ketika sedang di dekat kantor gubernur jawa barat alias dekat gedung sate, kami di-suggest makan di bancakan karena dekat. Setelah masuk kami pun diberi piring dari kaleng yang sudah tidak bagus lagi, sepertinya berkarat. Akhirnya kami memilih makanan yang kami suka, dan ratusan lalat beterbangan ke mana mana karena sudah terlanjur kami pun tetap makan. Sangat jijik","Saya dari bali, lalu ke bandung dolan ke tempat kantor gubernur jawa barat, di tengah kantor gubernur jawa barat alias gedung sate, kami disuruh makan di luar karena kehabisan. Masuk ke dalam kami diberi piring dari komplong yang sudah tidak baik lagi, sepertinya bekas. Akhirnya kami memilih makanan yang kami beli, lalu pesan goreng datang ke mana-mana karena sudah begitu kami lapar makan. Menyesalkan sekali.",0.9200877547264099
Ndelok sinetron ae anyak waleh opomeneh nonton isu apus-apus sing diramalke.,Nonton sinetron saja mulai bosan apalagi menonton isu bohong yang diramalkan.,Lihat sinetron saja banyak omong kosong menonton isu bungaan-bungaan yang diramalkan.,0.9233250021934509
Aku tuku werna-werna roti. Piliane akeh nanging rasane biasa wae. Rotine garing kaya uwis pirang-pirang dina. Ora seger. Pelayanane uga suwi. Nguciwakake.,Saya beli berbagai macam roti. Pilihannya banyak tapi rasanya biasa saja. Rotinya kering seperti sudah berhari-hari. Tidak segar. Pelayanannya juga lama. Mengecewakan.,"""Saya beli beberapa jenis roti. Pilihannya banyak tapi rasa standar saja. Roti kering seperti selalu. Tidak segar. Pelayanan juga lambat. Menunggu.""",0.9314529895782471
Aja lali ngombe banyu mineral 8 -- 10 gelas saben dinane.,Jangan lupa minum air mineral 8 -- 10 gelas per harinya.,Jangan lupa minum air mineral 8 -- 10 gelas setiap hari.,0.9816392660140991
"Panggonane sing apik ing cedak ndhuwur bukit, bisa ndhelok pemandangan kutha saka ndhuwur.","Tempatnya yang indah di dekat atas bukit, bisa lihat pemandangan kota dari atas.","Tempatnya yang indah di atas bukit, bisa melihat pemandangan kota dari atas.",0.9908013343811035
"Numpak grab, mase crita sing wingi kena balangan watu ing dalan.Juanda pas badha jebule anake kancane","Naik grab, abangnya cerita yang kemarin kena lemparan batu di jalan.Juanda saat lebaran ternyata anak temannya","Ganti grab, sebutkan kejadian kemarin kena balangan batu di jalan.Juanda pas badai kemarin anak anaknya",0.9183392524719238
Sakkelompok mahasiswa sing bodo. Syukur aku udu mahasiswa daerah kono. Isin woy.,Sekelompok mahasiswa yang bodoh. Syukur deh gue bukan mahasiswa daerah situ. Malu woy.,Sejumlah mahasiswa yang bodoh. Syukurlah aku adalah mahasiswa daerah sana. Janganlah.,0.9389654994010925
"Restone apik lan gede. Wektu marang rene pas mangan siang lan dina minggu rame tenan pengunjung. Panganane enak enak, gurame goreng lan sambele mantep.","Restonya bagus dan besar. Waktu ke sini saat makan siang dan hari minggu ramai sekali pengunjung. Makanannya enak enak, gurame goreng dan sambalnya mantap.","Restorannya bagus dan luas. Waktu ke sana pas makan siang dan hari minggu ramai sekali pengunjung. Makanannya enak enak, gurame goreng dan sambalnya mantap.",0.9870023131370544
"Aku klebu salah siji wong sing cukup setia karo kampung daun kat awal bukak tahun 2003 lak ora salah, kualitas panganan awite eco, ket tambah rame lan tambah mrene, panganan sing dirumantekne ora koyo biasane lan arang kading sing ngelayani kesane cuek banget, awakdewe pesen rena-rena macem panganan nanging sing teko kondisine wis anyep lan ora sekeca blas, mung panggone sing apik.","Saya termasuk salah satu orang yang cukup setia dengan kampung daun dari awal buka di tahun 2003 kalau tidak salah, kualitas makanan awalnya oke, tapi semenjak makin ramai dan makin ke sini, makanan yang disajikan tidak seperti biasanya dan terkadang pelayan terkesan cuek sekali, kita mesan beberapa jenis makanan tapi yang datang sudah dengan kondisi dingin dan tidak menarik, tempat menarik.","Saya datang salah satu orang yang cukup setia ke kampung daun sejak awal buka tahun 2003, tetapi tidak salah, kualitas makanan awalnya masih bagus, suasana yang ramai, makanan yang disajikan tidak seperti biasanya, dan arang kiding yang melayani sangat apatis sekali, kami memesan beberapa macam makanan tetapi yang sampai kondisi sudah tidak segar dan tidak selemak itu, hanya tempatnya yang bagus.",0.9205678105354309
Blanja ing Giant diskon 20% kanggo kartu kredit bca.,Belanja di Giant diskon 20% dengan kartu kredit bca.,Berbelanja di Giant dapat diskon 20% dengan kartu kredit bca.,0.9680906534194946
"Mas, dalan ning muara bulian anyar, lagek sesasian dibenakne, uwis rusak maneh. Sing nggarap kaya ora tenanan","Kang, jalan di muara bulian baru, baru sebulanan dibenarkan, sudah rusak lagi. Yang mengerjakan seperti tidak serius","Mas, jalan menuju muara bulian baru, lagi setara dibenahnya, sudah rusak lagi. Yang bekerja gak benar-benar",0.9269296526908875
"Pancen ora enak kejebak macet, nanging luwih ora enak meneh yen kejebak masa lalu","Memang enggak enak terjebak macet, tapi lebih tidak enak lagi kalau terjebak masa lalu","Benar tidak enak terjebak macet, tapi lebih tidak enak lagi jika terjebak masa lalu",0.9861859083175659
"Sumpah, nyesel tenan nggawe orderan via aplikasi iki. Bisa-bisane tiket ekektronike ora ditokake. Lan proses konfirmasine suwi. Sakdurunge uwis ngalami babagan sing meh pada ing aplikasi sebelah, nanging layanane cepet tenan langsung wenehi solusi. Ora kudu nganti telepon layanan pelanggan ping 4.","Sumpah, menyesal sekali bikin orderan via aplikasi ini. Bisa-bisanya e - ticket tidak issued. Dan proses konfirmnya lama. Sebelumnya pernah mengalami hal yang hampir sama di aplikasi sebelah, tetapi pelayanannya cepat sekali langsung kasih solusi. Tidak harus sampai telpon layanan pelanggan 4 kali.","Sumpah, menyesal sekali membuat orderan via aplikasi ini. Bisa-bisanya tiket ekstra tidak dituker. Dan proses konfirmasi lama. Selama waktu sudah mengalami hal yang lebih parah di aplikasi lain, tapi layanan cepat sekali langsung memberikan solusi. Tidak perlu menunggu telepon layanan pelanggan lebih 4 jam.",0.9442052245140076
"Uwis aku kirim pesen langsunge, tulung ndang dicek","Sudah saya kirim pesan langsungnya, tolong segera dicek","Sudah saya kirim pesan langsung, tolong segera dicek",0.9849628210067749
"Aku nglakoni 5 transaksi ning tanggal 22 juni, kabeh ditolak nyatane kesuda saka rekening sampek 7 yuta, saka 5 transaksi lagek 3 transaksi sing dibalekne.","Saya melakukan 5 transaksi pada tanggal 22 juni, smuanya decline nyatanya terdebit dari rekening hampir 7 juta, dari 5 transaksi baru 3 transaksi yang dikembalikan.","Saya melakukan 5 transaksi pada tanggal 22 juni, semuanya ditangguhkan dan di-cancel sebenarnya dari rekening sampai 7 juta, dari 5 transaksi lagi 3 transaksi yang dibatalkan.",0.9284945726394653
Mayoritas sing nganggo hak pilih ing pemilihan gubernur uwis nentukake pilian.,Mayoritas pengguna hak pilih di pemilihan gubernur telah menentukan pilihan.,Mayoritas yang menggunakan hak pilih dalam pemilihan gubernur sudah membuat pilihan.,0.9689674973487854
Wis ngenteni jne tibake dee tekane sesuk. Aku pengen nesu,Sudah menunggu jne ternyata dia datangnya besok. Ingin aku marah,Sudah menunggu satu jam tiba di sana biar pagi deh besok pagi. Aku mau tidur.,0.8772147297859192
"Spotify rumit, kudu nganggo administrasi wulanan mbarang","Spotify ribet, pakai ada administrasi bulanan segala","Spotify rumit, harus pakai administrasi bulanan untuk",0.9434776902198792
"Pengen mangan oreo wae ribet tenan, mesti diputer - dijilat - dicelupake","Mau makan oreo aja ribet banget sih, mesti diputer - dijilat - dicelupkan","Pengen makan oreo saja ribet banget, harus puter - licking - dunking",0.9149610996246338
"Ngapuro, udu mung nomerku sing kaya ngono, aku takon kabeh sing nganggo ing daerah kono, ngomongake babagan sing pada, isih uga ora gelem ngaku uga yen tenan sinyale sing elek","Maaf, bukan nomer saya saja yang begitu, saya tanya semua yang pakai di daerah situ, mengatakan hal yang sama, masih tidak mau ngaku juga kalau memang sinyalnya yang jelek","Tuja, cuma nomor saya yang begitu, saya saran semua yang menggunakan di daerah itu, jangan bilang area yang pada, masih juga tidak mau mengakui kalau memang sinyal yang buruk",0.9229376316070557
"Kisaran siare tulung diambakake, amarga akeh daerah sing hurung isa nikmati siaran net. Matur suwun.","Jangkauan siarnya tolong diperluas, karena banyak daerah yang belum bisa menikmati siaran net. Terima kasih.","Permohonan siarannya mohon disempurnakan, karena beberapa daerah belum bisa menikmati siaran net. Terima kasih.",0.9498648643493652
"Kok isa ditokne bangunan ing dhuwur kali, ing dalan saka rumah sakit menyang pasar Ciroyom, aneh.","Kok bisa dibiarkan bangunan di atas sungai, di jalan dari rumah sakit menuju pasar Ciroyom, aneh.","Kok bisa dibangun bangunan di atas sungai di atas kali, di jalan dari rumah sakit ke pasar Ciroyom, aneh.",0.980485200881958
"Krungu lambe saka lambe soal restoran iki, saking penasaran, aku jajal marani. Nanging sayange, lak menurutku biasa ae, ora kaya sing diceritakne wong-wong. Rasane ya biasa-biasa ae, ora sumbut karo regane. Kaya masakan sing tas sinau.","Dengar dari mulut ke mulut tentang restoran ini, saking penasaran, saya coba untuk berkunjung. Tapi sayang, kalau menurut saya, tidak seperti apa yang banyak diceritakan orang. Rasanya biasa-biasanya saja, tidak sesuai saja dengan harganya. Seperti masakan yang baru belajar.","Sempat lama soal restoran ini, karena penasaran, saya coba kunjunginya. Namun sayangnya, menurut saya biasa saja, tidak seperti yang diceritakan orang-orang. Rasanya ya biasa-biasa saja, tidak sesuai dengan harganya. Seperti masakan tas sekolah.",0.9475947618484497
Iphone iki. Kamerane peteng wassalam elek banget ora isa diandalake banget yen males nggawa kamera.,Iphone ini. Kamera gelapnya wassalam jelek banget tidak bisa diandalkan banget kalau malas bawa kamera.,Iphone ini. Fotonya jauh wassalam beda banget tidak bisa diandalkan banget kalau malas pakai kamera.,0.9648464918136597
"Yen ora nduwe dhuwit kanggo tuku komik nanging uga pengen jagongan, teka bae marang rene. Koleksi komike komplit. Panganan ombenae sabenere mung fasilitas tambahan, nanging cukup lumayan. Regane uga murah khas mahasiswa.","Kalau tidak punya uang buat beli komik tapi juga ingin nongkrong, datang saja ke sini. Koleksi komiknya lengkap. Makanan minumannya sebenrnya hanya fasilitas tambahan, tapi cukup lumayan. Harganya juga murah khas mahasiswa.","Kalau tidak punya duit untuk beli komik tapi juga ingin jajan, dudukan saja ke sini. Koleksi komiknya komplit. Makanannya terbilang murah khas mahasiswa.",0.9398530125617981
"Aduh pak kok seolah-olah manas-manasi kubu sisih seh? Ojo to pak, iku mengko deweke kabeh tambah cemburu, iren, pegel, nyinyir, mutung kayak bocah cilik, nesu-nesu ora jelas jluntrunge lan tambah bosok ae utek lan atine.","Aduh pak kok seolah-olah memanas - manasi kubu sebelah sih? Jangan dong pak, itu nanti mereka tambah cemburu, iri, dengki, nyinyir, ngambek kayak anak kecil, marah-marah tidak jelas juntrungannya dan makin busuk saja otak dan hatinya.","Aduh pak kok seolah-olah manas-manasi kubu sisi? Tidak pak, agar agar wanita semua semakin cemburu, iri, benci, ngeradang, memarah, lagi-lagi seperti anak kecil, susah sekali kejernihannya dan semakin memburuk saja kata-kata dan sikapnya.",0.9083899259567261
"Rekomendasi bangetlah. Cappucinone ketagihan, rega miring, lan valet parkir mbayar sakikhlase. Teka pas arep maghrib mesti luwih seru suwasanane.","Rekomendasi bangetlah. Cappuccinonya ketagihan, harga miring, dan valet parkir bayar seikhlasnya. Datang pas menjelang maghrib pasti lebih seru suasananya.","Rekomendasi banget deh. Cappucinonya ketagihan, harga miring, dan valet parkir bayar keberatan. Datang pas mau maghrib sebaiknya lebih seru suasananya.",0.959844172000885
Oke bos masiyo hape ujug-ujug ngehank dewe sedina,"Oke bos, walau handphone tiba-tiba ngehank sendiri selama sehari",Oke bos pesan hape langsung berketika dewi semalam,0.8566052317619324
Panggonan mangan kanthi suasana alam iki paling pas kanggo acara karo pasangan utawa karo kaluwarga. Panganane enak lan regane uga cukup kajangkau,Tempat makan dengan suasana alam ini paling tepat untuk acara dengan pasangan atau dengan keluarga. Makanannya enak dan harga juga cukup terjangkau,Tempat makan dengan suasana alam ini sangat cocok untuk acara bersama pasangan atau bersama keluarga. Makanannya enak dan harganya juga cukup terjangkau,0.9828135967254639
Yakin kuwi ikhlas? Tulus? Kuwi udu pencintraan tok ya?,Yakin itu ikhlas? Tulus? Bukannya itu hanya pencitraan saja ya?,Pastinya itu ikhlas? Tulus? Itu cuma cinta satu sisi lho?,0.9043944478034973
"Aku melu lomba blog cinta rupiah bank indonesia - net media lan uwis nyubmit artikel nang 22 desember 2017 kepungkur, nanging sampek saiki status artikelku isih unpublished. Nyuwun tulung dijelasne.","Saya mengikuuti lomba blog cinta rupiah bank indoneisa - net media dan sudah men - submit artikle pada 22 desember 2017 lalu, tapi sampai sekarang status artikel saya masih unpublished. Mohon penjelasannya.","Saya ikut lomba blog cinta rupiah bank indonesia - net media dan sudah mengirimkan artikel pada 22 Desember 2017 lalu, tetapi sampai sekarang status artikelnya masih unpublished. Mohon bantuannya.",0.9502397179603577
"Kafe iki nyediakne panganan tradisional bergaya kafe cah nom. Liyane panggon sing nyaman, rega kelebu mirah lan kejangkau","Kafe ini menyediakan makanan tradisional bergaya kafe anak muda. Selain tempat yang nyaman, harga terbilang murah dan terjangkau","Kafe ini menyediakan makanan tradisional berkonsep kafe modern. Selain itu tempat yang nyaman, harga lebih murah dan terjangkau.",0.951775848865509
"Stasiun tv owol, ora konsisten, nguciwokake panyengkuyunge persib - persiba, ora ndhuwe welas asih marang manungsa! Owol, lan cupu!","Stasiun tv payah, tidak konsisten, mengecewakan pendukung persib - persiba, tidak berprikemanusiaan! Payah, dan cupu!","Stasiun tv bolong, tidak konsisten, mengucilkan penonton persib - persiba, tidak punya belas kasihan terhadap manusia! Bolong, dan busuk!",0.9355455040931702
"Panggone nyaman lan kesane adem. Satene uga enak lan ana menu liyane maneh ning panggon iki, ora mung sate","Tempatnya nyaman dan berkesan adem. Satenya juga enak dan ada menu lainnya lagi di tempat ini, tidak hanya sate","Tempatnya nyaman dan suasananya sejuk. Satenya juga enak dan ada menu lain lagi di tempat ini, bukan cuma sate",0.978352427482605
"Pemandangane apik kanggo foto-foto, hawane sejuk, panganane rasane enak. Rega uga kajangkau. Mantep.","Pemandangannya bagus untuk foto-foto, udaranya sejuk, makanannya rasanya enak. Harga juga terjangkau. Mantap.","Pemandangan bagus buat foto-foto, udara sejuk, makanan rasanya enak. Harga juga terjangkau. Mantap.",0.9784824252128601
Adikku seneng banget brownis primarasa,Adikku sangat suka brownis primarasa,Adikku sangat menyukai brownis primarasa,0.9722475409507751
Akeh klambi lan celono sing didol ning matahari mal,Banyak baju dan celana yang dijual di matahari mal,Banyak kelambu dan cerutu yang dijual di matahari mal,0.9377230405807495
"Minimal internetku pedhot dumadakan, 1 omah nganggo simpati kabeh semono uga ora isa nyambung internet","Minimal internet saya putus tiba-tiba, 1 rumah pakai simpati semua begitu juga tidak bisa connect internet","Minimal internet saya baru hari ini, 1 rumah menggunakan simpati semuanya juga tidak bisa nyambung internet",0.939836323261261
Kaskus pancen kerep menehi informasi sing menarik lan paling anyar,Kaskus memang sering memberikan informasi yang menarik dan terbaru,Kaskus memang selalu memberikan informasi yang menarik dan terbaru,0.9908454418182373
"Aku paling ora seneng kuwi, yen nyepaki pemilu, suasane tansah panas.","Saya paling tidak suka itu, kalau mendekati pemilu, suasananya selalu memanas.","Saya paling tidak suka itu, kalau memaksakan pemilu, suasana malah panas.",0.9617575407028198
"Lumayan nyesel karo kaputusan mlebu jurusan film, pengen mlebu seni rupa sakasline. Nanging ragu karo bakar sing didhuweni.","Agak menyesal dengan keputusan masuk jurusan film, ingin masuk seni rupa sebenarnya. Tapi ragu dengan bakat yang dimiliki.","Sedikit menyesal dengan keputusan masuk jurusan film, ingin masuk seni rupa secara khusus. Tapi ragu untuk belajar yang diprogramkan.",0.9511477947235107
"Rasa bumbu sega gorenge ora seenak mbiyen maneh, cemplang lan luwih asin. Kudu ana sing ngontrol kualitas rasa ben kualitas tetep siyaga.","Rasa bumbu nasi gorengnya tidak seenak dulu lagi, terkesan hambar dan lebih asin. Perlu ada pengontrol kualitas rasa agar kualitas tetap terjaga.","Rasa bumbu nasi gorengnya tidak seenak dulu, cemplang dan lebih asin. Harus ada yang mengontrol kualitas rasa karena kualitasnya masih terjaga.",0.9575251936912537
"Sesuai rekomendasi, aku njajal mie goreng spesial lan rasane menurutku biasa banget ae lan kurang cocok ning ilat","Sesuai rekomendasi, saya mencoba mie goreng special dan rasanya menurut saya sangat biasa saja dan kurang cocok di lidah","Sesuai rekomendasi, saya mencoba mie goreng spesial dan rasanya menurut saya biasa saja dan kurang cocok bagi saya.",0.9758518934249878
"Baksone enak kanggo dipangan, panggonane resik penyajiane panganan bakso sek caraku beda. Enak banget deh","Baksonya enak buat di makan, tempat bersih penyajian makanan bakso yang menurut saya beda. Enak banget deh","Baksonya mantap buat dipakein, tempatnya bersih penyajian baksonya beda. Enak banget deh.",0.9473891854286194
Pelakune aja diserahake karo pak polisi. Kubur urip-urip bae.,Pelakunya jangan diserahkan sama pak polisi. Kubur hidup-hidup saja.,Pelakunya saja diserahkan ke pak polisi. Kubur hidup saja.,0.9594274759292603
"Nggelakne banget, aku pesen tiket lan uwis tak bayar, padahal wektu iku urung kadaluwarsa pas aku transfer, nanging nganti saiki urung dikeki kode bookinge, malah dikeki notifikasi uwis kadaluwarsa, banjur duwite mlayune neng ngendi, pas aku hubungi liwat email gur ditanggepi pisan wae.","Sangat mengecewakan, saya pesan tiket dan sudah saya bayar, padahal waktu itu belum kadaluarsa pas saya transfer, tapi sampai sekarang belum dikasih kode bookingnya, malah dikasih notifikasi sudah kadaluarsa, lalu uangnya larinya ke mana, pas saya hubungi lewat email hanya ditanggapi sekali saja.","Menghibur banget, saya pesan tiket dan sudah bayar, padahal pada waktu itu belum kadaluwarsa saat saya transfer, tapi sampai sekarang belum dapat kode bookingnya, malah dapat notifikasi sudah kadaluwarsa, kembali duitnya kebuang sia-sia, pas saya hubungi lewat email saja dijawab saja.",0.9482457637786865
"Lho nemene jne! Aku nelpon ora diangkat, tweet ora dibales, email ora dibales, pesen ora dibales!","Loh parahnya jne! Saya nelepon tidak diangkat, tweet tidak dibalas, email tidak dibalas, pesan tidak dibalas!","""Eh nyusul nih! Aku telepon tidak diangkat, tweet tidak dibalas, email tidak dibalas, pesan tidak dibalas!""",0.9492038488388062
"Gela rasane karo pelayanan sing diwenehi hotel bintang papat iki. Pas aku nginep ning hotel iku, aku entuk perlakuan kurang ngenakne saka pelayan sing ana. Ditambah maneh karo jeding e sing ora ana tisune. Padahal regane lumayan larang. Nanging ora sesuai karo pelayanan sing diwenehne.","Kecewa rasanya dengan pelayanan yang diberikan hotel bintang empat ini. Saat saya menginap di hotel itu, saya mendapat perlakuan kurang mengenakkan dari pelayan yang ada. Ditambah lagi dengan kamar mandi yang tidak ada tisunya. Padahal harganya lumayan mahal. Tapi tidak sesuai dengan pelayanan yang diberikan.","Jengkel rasanya dengan pelayanan yang diberikan oleh hotel bintang tiga ini. Pas saya menginap di hotel itu, saya dapat perlakuan kurang menyenangkan dari pelayan yang ada. Ditambah lagi dengan air yang tidak ada tisunya. Padahal harganya cukup mahal. Tapi tidak sesuai dengan pelayanan yang diberikan.",0.9791632294654846
"Saka mambengi kok ora iso dienggo, layanan indosat kok kaya ngene. Ndaftar extra 2 gb 10 ewu ora isa-isa, eman-eman pulsaku malah entek ora isa dienggo apa-apa.","Dari semalam kok tidak bisa dipakai, layanan indosat kok kayak gini. Daftar extra 2 gb 10 ribu tidak bisa-bisa, sia-sia pulsa saya malah habis tidak dipakai apa-apa.","Dari pagi bangun kok tak bisa pakai, layanan indosat kok kayak gini. Daftarkan extra 2 gb 10 ribu tak bisa-bisa, sia-sia pulsa saya malah entah entah bisa pakai apa-apa.",0.9671399593353271
"Panggonane lumayan asik, parkiran kasusun rapi. Gabungan sing aneh nanging enak, steak dikancani mi tak tak pedes banget. Hm.","Tempatnya lumayan asik, parkiran di susun rapi. Perpaduan yang aneh tapi enak, steak ditemani mi tak tak super pedas. Hm.","Tempatnya lumayan asyik, parkirannya susun rapi. Kombinasi yang aneh tapi enak, steak dicampur mie pedas banget. Hm.",0.9504114389419556
"Koyoke isuk iki macet banget yo, wis tur ning bis luwih saka sejam, nanging ora sampek-sapek yok an.","Kayaknya pagi ini macet banget ya, sudah tur di bus lebih dari sejam, tetapi tidak sampai-sampai juga.","Sebelumnya pagi ini macet banget ya, sudah sampai di bis lebih dari satu jam, tapi belum sampek-sampai ya.",0.9400262832641602
"Aku pegel kat februari ditelpon mben dina ditelpon saka mnc tv. Aku ora tau langganan, aku ping bolak-balik nglarifikasi.","Saya kesal sejak februari ditelpon tiap hari di telpon dari mnc tv. Saya tidak pernah langganan, saya puluhan kali klarifikasi.","Saya sakit kepala pada februari dihubungi sehari-hari dihubungi oleh mnc tv. Saya tidak tahu langganan, saya selalu bolak-balik menanyakan.",0.9102472066879272
Kemeruh banget to kowe mat. Ora usah sok-sokan ngekeki ceramah barang. Ceramahmu iku sesat.,Sok tahu banget sih lu mat. Tidak usah sok-sokan beri ceramah segala. Ceramah kamu sesat.,Malu malu lah anda saudara. Jangan terlalu berani mengecam ceramah orang. Ceramah anda itu sesat.,0.8981084227561951
Bakso nganggo ceker utawa sikil pithik yaiku sensasi sing enak tenan. Enak banget pokoke kajaba bakso isih akeh menu liyane. Pokoke dianjurake tenan,Bakso dengan ceker atau kaki ayam merupakan sensasi yang menakjubkan. Enak banget deh pokoknya selain bakso masih banyak menu yang lain. Pokoknya direkomendasikan banget deh,Bakso dengan ceker atau kaki ayam adalah sensasi yang enak sekali. Enak banget deh kalau bakso masih banyak menu lainnya. Pokoknya dianjurkan deh,0.9661398530006409
"Xiaomi, samsung, gumantung si kowe pengin tipe apa lan jumbuh biaya sing kowe duwe, takok-takok wae menyang panggonan sing dodol hpne","Xiaomi, samsung, tergantung sih kamu mau tipe apa dan sesuai biaya yang kamu punya, tanya-tanya aja ke tempat yang jual hpnya","Xiaomi, samsung, terserah kalian mau tipe apa dan berapa biayanya yang kalian punya, kalau-kalau saja ke tempat jual beli barang bekas hpnya",0.9411980509757996
"Panggon parkir kesempiten, sampek mobil kudu dititipne nyang lahan parkir sing ana ning sebrang hotel.","Tempat parkir terlalu sempit, sampai mobil harus dititipkan ke lahan parkir yang ada di sebrang hotel.","Tempat parkir terbatas, sampai mobil harus dititipkan di lahan parkir yang ada di seberang hotel.",0.9721785187721252
"Merga skate park iki diubengi panggon klumpukan sing asyik, aku rasane ora bakal isa krasa waleh.","Karena skate park ini dikelilingi tempat berkumpul yang asik, saya merasa tidak akan pernah merasa bosan.","Datang ke skate park ini di sambut tempat berkumpul yang asyik, saya rasa tidak akan bisa merasa bosan.",0.9461694955825806
Aku uwis lapor marang email mandiricare.co.id,Saya sudah lapor ke email mandiricare.co.id,Saya sudah lapor ke email mandiricare.co.id,1.0
Aku uwis ndhuwe kode akses lan pin.,Saya sudah punya kode akses dan pin.,Saya sudah punya kode akses dan pin.,0.9999998807907104
"Asli tenan indihome nemen tenan saiki, apa gunane mbayar larang larang edan emosi tenan","Asli dah indihome parah banget dah sekarang, apa gunanya bayar mahal mahal gila emosi nih benar-benar","Asli benar-benar indihome mengecewakan sekali sekarang, apa gunanya bayar mahal mahal emosi sekali.",0.9200462698936462
"Dhewe sakaluwarga nyempetake kanggo njajal panganan ing panggonan mangane iki kaya susuh sing kabeh kaca-kacane ditutupi karo ranting-ranting sing ngerambat. Eksotik, unik, apik tenan lan panganane uga enak.","Kami sekeluarga menyempatkan diri mencoba makan di tempat makannya ini seperti sarang yang semua kaca-kacanya ditutupi oleh ranting-ranting yang merambat. Eksotik, unik, keren banget dan makanannya pun enak.","Kami sekeluarga sempat kesinyal buat mencoba makanan di tempatnya yang namanya apa deh kayak susuh yang semuanya kacanya ditutupi dengan ranting-ranting yang memblokir. Eksotis, unik, cantik deh dan makanannya juga enak.",0.9326066374778748
Aku cemburu nanging ora isa apa-apa,Saya cemburu tapi tidak bisa apa-apa,Aku cemburu tapi tidak bisa apa-apa,0.982805609703064
"Rega ora patia larang, rasane uga enak, akeh pilian panganan khas Banjar liyane.","Harga tidak terlalu mahal, rasanya juga enak, banyak pilihan makanan khas Banjar lainnya. ","Harga tidak patia larang, rasa pun sopan, beragam pilihan makanan khas Banjar lainnya.",0.9318792223930359
Segel rapi sanajan kotak setithik peyot,Segel rapi walau kotak sedikit penyok,Segel rapi selalu kotak sedikit kendur,0.9300178289413452
Sopir gocar teka saka luwar kutha nyang jakarta dinggo golek penumpang ben entuk poin.,Supir gocar datang dari luar kota ke jakarta untuk mencari penumpang demi dapatkan poin.,Sopir go car parkir di luar kota jakarta demi mencari penumpang agar dapat poin.,0.9406623840332031
Ning kene isa metik stroberi dewe lan langsung dibayar lak pas gedhi-gedhi buahe lumayan uga legi stroberine lan ada kulinere pisan isa mangan sing liyane ning kene,Di sini bisa petik stroberi sendiri dan langsung dibayar kalau lagi besar besar buahnya lumayan juga manis stroberinya dan ada kuliner juga bisa makan yang lain di sini,Di sini bisa memetik stroberi segarnya dan langsung dihargai kalau pas buahnya lumayan besar  pula kualitas stroberrynya dan tersedia makanan juga bisa makan yang lain di sini,0.9488495588302612
"Lagek wae mau teka barange, apik kok","Baru saja tadi sampai barangnya, bagus kok","Sudah deh mau ke luar rumahnya, bagus kok",0.8779146075248718
Bosen banget ndhelok sampah ing dalan kutha palangkaraya,Bosan banget melihat sampah di ruas jalan kota palangkaraya,Jengkel banget lihat sampah di jalan kota palangkaraya.,0.9465404748916626
Lokasi restoran ing Kemang. Larang lan ora enak. Aja mara mrana deh.,Lokasi restoran di Kemang. Mahal dan tidak enak. Jangan ke situ deh.,Lokasi restoran di Kemang. Lalu lintas dan tidak enak. Jadi ke sana deh.,0.9675859808921814
Rasa nikmat dipadu karo sambele. Daginge empuk. Rega jumbuh karo sing disajikne. Lokasi gampang ditemokne. Sip pokoke.,Rasa nikmat dipadu dengan sambelnya. Daging empuk. Harga sesuai dengan yang disajikan. Lokasi mudah ditemukan. Sip pokoknya.,Rasa enak dipadukan dengan sambal. Dagingnya empuk. Harga sesuai dengan yang ditawarkan. Lokasi mudah ditempuh. Sip deh.,0.9608830213546753
Bubur Ahong iki enak dipangan pas mangan wengi. Akeh menu liane sing isa dinikmati liyane bubur. Omah mangan iki rame diparani lan lumayan amba. Bubure uga enak.,Bubur Ahong ini enak dimakan saat makan malam. Banyak menu lainnya yang dapat dinikmati selain bubur. Rumah makan ini ramai dikunjungi dan cukup luas. Buburnya juga enak.,Bubur Ahong ini enak dimakan ketika malam. Banyak menu lainnya yang bisa dinikmati selain bubur. Rumah makan ini ramai dipenuhi dan lumayan ramai. Buburnya juga enak.,0.9851818680763245
"Aku marang kene karo pacar, panggonane lumayan amba lan ana area indoor karo ing njabane. Aku njagong ing panggonan indoor sing ana pemandangan marang arah njaba, dadi ana jendela kace. kanggo panganane aku cukup puas. Saka sisi rega tenan padha karo apa sing ditawakake","Saya ke sini sama pacar, tempatnya cukup luas dan ada area indoor sama di luarnya. Saya duduk di tempat indoor yang ada pemandangan ke arah luar, jadi ada jendela kaca. untuk makanan saya cukup puas. Dari sisi harga memang sebanding dengan apa yang ditawarkan","Saya datang ke sini bersama pacar, tempatnya lumayan besar dan ada area indoor dengan di dalamnya. Saya duduk di area indoor yang memiliki pemandangan ke arah belakang, jadi ada jendela kaca. Untuk makanan cukup memuaskan. Tentunya harga sepadan dengan apa yang ditawarkan",0.9652576446533203
Milih gubernur utawa ora yaiku pilian saban uwong.,Memilih gubernur atau tidak adalah pilihan setiap orang.,Pilih gubernur atau tidak sama merupakan pilihan setiap orang.,0.9718904495239258
Rasa uwis malih ora kaya mbiyen. Kesane anyep. Kudu ditingkatake cita rasane. Kanggo menu ombean minim banget mung ana soft drink,Rasa sudah berubah tidak seperti dulu. Terkesan hambar. Harus di tingkatkan cita rasanya. Untuk menu minuman sangat minim hanya ada soft drink,Rasa sudah jauh beda dari sebelumnya. Kesannya kurang. Harus ditingkatkan cita rasa. Untuk menu minuman sangat minim hanya ada soft drink,0.9469207525253296
Sanadyan saiki regane uwes mlonjak munggah nanging percayao yen pesen sega padang bungkus ing singgalang jaya porsine badai tenaaan. Nganti saiki panggonan iki isih dadi salah siji panggonan nikmati masakan padang favoritku.,Meskipun sekarang harganya sudah melonjak naik tapi percayalah kalau pesan nasi padang bungkus di singgalang jaya porsinya badai abiiis. Sampai sekarang tempat ini masih menjadi salah satu tempat menikmati masakan padang favorit saya.,Sanadanya harganya sudah melonjak tinggi meski yakin kalau pesan nasi padang bungkus di singgalang jaya porsinya wah wah. Sampai sekarang tempat ini masih jadi salah satu tempat favorit saya.,0.951783299446106
"Bebeke enak, alus, sambele enak. Panggone resik lan lumayan oke.","Bebeknya enak, lembut, sambelnya enak. Tempat bersih dan lumayan oke.","Bebeknya enak, kuahnya segar, sambalnya enak. Tempatnya bersih dan cukup oke.",0.9734856486320496
"Manggon ana ing festival city link mal, resto iki nyajikake panganan cina panganan a la carte lan dimsum. Rasa panganane oke, panggonan uga cukup amba lan akeh keluwarga mangan ana ing kene. Favorite dhewe urang mayonaise.","Terletak di festival city link mal, resto ini menyajikan makanan cina makanan a la carte dan dimsum. Rasa makanan cukup oke, tempat cukup luas juga dan banyak keluarga bersantap di sini. Favorit kami udang mayonaise.","Masuk ke festival city link mall, resto ini menyajikan makanan cina makanan a la carte dan dimsum. Rasa makananannya oke, tempatnya juga cukup luas dan banyak keluarga makan di sini. Favorit kami ayam mayonaise.",0.967132031917572
Panganan ing rumah sakit tansah ora enak,Makanan di rumah sakit selalu tidak enak,Makanan di rumah sakit masih tidak enak,0.977869987487793
"Lak mrene wajib banget tuku terong gorenge, panggone uga enak ana sing lesehan, ngindari jam mangan awan lak sir mrene merga kebeg banget","Kalau ke sini wajib banget beli terong gorengnya, tempatnya juga enak ada yang lesehan, hindari jam makan siang kalau mau ke sini karena penuh banget","Kalau ke sini wajib banget beli terong gorengnya, tempatnya juga enak ada yang lesehan, menghindari jam makan siang kalau ke sini karena kebanjing banget",0.9737199544906616
"Panggone cukup nyaman, ana ning dalan sudirman sing cedek karo pilihan panggen belonjo, lan restone cukup cedek karo panggen iku. Panganane enak, pilihane akeh dadi ora tek malehi. Panggone uga nyaman","Letaknya cukup nyaman, ada di jalan sudirman yang dekat dengan pilihan tempat belanja, dari resto pun cukup dekat ke tempat tersebut. Makanannya enak, pilihannya banyak jadi tidak terlalu membosankan. Tempatnya juga nyaman","Tempatnya cukup nyaman, ada di jalan sudirman yang dekat dengan pilihan tempat makan, dan restonya cukup dekat dengan tempat itu. Makanannya enak, pilihannya banyak jadi tidak terlalu membosankan. Tempatnya juga nyaman",0.9828996062278748
Resto iki duwe menu sing aneka werna nanging kakean menu China lan halal. Mi ayam jamur lan sega hainane sedep lan direkomendasikake. Bebeke uga enak. Resto iki saiki duwe cabang ing Istana Plaza.,Resto ini punya menu yang beragam tetapi kebanyakan menu China dan halal. Mi ayam jamur dan nasi hainannya sedap dan direkomendasikan. Bebeknya juga enak. Resto ini sekarang punya cabang di Istana Plaza.,"""Resto ini memiliki menu yang beragam namun unggulannya adalah menu Cina dan halal. Mi ayam jamur dan nasi Hainan yang sedap serta direkomendasikan. Bebeknya juga enak. Resto ini sekarang memiliki cabang di Istana Plaza.""",0.9657279253005981
Mampir marang bandung. Nggolek ramen. Sing jarene saiki kekinian. Regane setimpal padha karo rasane. Yen marang bandung maneh mesti mampir maneh.,Mampir ke bandung. Mencari ramen. Yang katanya lagi kekinian. Harganya setimpal sesuai dengan rasanya. Kalau ke bandung lagi pasti mampir lagi.,Mampir ke bandung. Mencari ramen. Yang katanya sekarang kekinian. Harganya sesuai dengan rasanya. Kalau ke bandung lagi harus mampir lagi.,0.9814667105674744
"Yen ana sing salah karo tindak tanduke aku entuk kok ngomong langsung karo aku, aja ngomong ing mburi. Ora asik kaya ngono. Pengecut!","Kalau ada yang salah dengan tingkah laku aku boleh kok bicara langsung ke aku, jangan bicara di belakang. Tidak asik kayak begitu. Pengecut!","Jika ada yang salah dengan tindakannya aku baru bertanya langsung padanya, dia malah bicara di belakang. Tidak asyik begitu. Pengecut!",0.9375281929969788
Tolong konfirmasi kanggo pangiriman ing alamat panampa sing dileksanakake dina iki utawa dina ngesok mas suwun,Mohon konfirmasi untuk pengiriman ke alamat penerima akan dilakukan hari ini atau esok hari kak terima kasih,Tolong konfirmasi untuk pengiriman ke alamat panampa yang ditentukan pada hari ini maupun besok makasih.,0.9004517793655396
Panggen parkire kurang amba. Lan nganyelne banget lak pas awakdewe mangan terus dikongkon ngge mindahne mobil merga ana wong liya sing bar mangan lan arepe metu kendaraane. Iku ngganggu banget.,Tempat parkirnya kurang luas. Dan menyebalkan banget kalau pada saat kita makan kemudian disuruh untuk memindahkan mobil karena ada orang lain yang selesai makan dan akan keluar kendaraannya. Itu sangat mengganggu.,Parkiran kurang luas. Dan berteriak-teriak lagi kalau kita makan terus duduk di luar karena ada orang lain yang baru makan dan ingin keluar mobil karena baru sampai berkendara padahal kita sudah lama berada di dalam mobil. Itu sangat mengganggu.,0.914918839931488
"Ya ngono sih, kesadharan tanggung jawab mahasiswa saiki kuwi kurang tenan. Akeh-akehe ora tanggung jawab kanthi apa sing uwis dadi tugase.","Ya gitu sih, kesadaran akan tanggung jawab mahasiswa sekarang itu kurang sekali. Kebanyakan tidak bertanggung jawab dengan apa yang sudah jadi tugasnya.","Ya begitulah, kesadaran tanggung jawab mahasiswa sekarang itu kurang sekali. Banyak-banyak tidak bertanggung jawab dengan apa yang sudah menjadi tugasnya.",0.9756869673728943
"Sega uduk iki ana ing dalan rajiman lan bukake saka sore nganti mbengi. Menune si cukup sederhana, mung sega uduk lan aneka warna pelengkape. Biasane aku mangan sega udu karo pithik goreng lan sambel, sambele ora patia pedes.","Nasi uduk ini ada di jalan rajiman dan bukanya dari sore sampai malam. Menunya sih cukup sederhana, hanya nasi uduk dan berbagai pelengkapnya. Biasanya saya makan nasi uduk sama ayam goreng dan sambal, sambalnya tidak terlalu pedas.","Sega uduk ini ada di jalan rajiman dan buka dari sore hingga malam. Menunya si cukup sederhana, cuma sega uduk dan berbagai macam pelengkapnya. Biasanya saya makan sega uduk dengan ayam goreng dan sambal, sambalnya tidak terlalu pedas. ",0.9663472771644592
Ngomong-ngomong indomie pisanan ning 2018 ku mambengi tibake enak,Anw indomie pertama di 2018 ku semalam ternyata nikmat,Berbicara indomie pesanan tahun 2018 ku masih terbawa enak,0.8782799243927002
"Saksitike kertu internetku ora kenek digawe padahal kuota lokal e isik, aku manggon ning panggonan sing aktivasi lan kertune uga wis didaftarne.","Minimal kartu internet saya tidak dapat digunakan padahal kuota lokal masih, saya berada di lokasi aktivasi dan kartu juga sudah registrasi",Sayangnya kartu internet saya tidak bisa digunakan padahal kuota lokal ini adalah kuota pertama yang saya aktivasi dan kartu saya juga sudah terdaftar.,0.9346257448196411
Hypermart saiki ngenehi diskon 20% kanggo produk seger saben dina senen - kemis kanthi mandiri kartu hypermart,Hypermart sedang memberikan diskon 20% untuk produk segar setiap hari senin - kamis dengan mandiri kartu hypermart,Hypermart saat ini memberikan diskon 20% untuk produk segar setiap hari senin - kamis dengan mandiri kartu hypermart,0.9889357686042786
Pengen nesu wae aku karo indosat,Mau marah saja aku sama indosat,Penasaran saja saya dengan indosat,0.8852146863937378
Karo ngenteni wektu ganti tahun dhewe njajal marang rene. Dhewe wong loro pesen pirang-pirang sushi. Ombeane milktea karo es krim vanilla nganggo batok krambil. Kanggo sushine lumayan nanging kakehan segane kayane. Nanging rasane enak. Regane kajangkau.,Sambil menunggu waktu pergantian tahun kita coba ke sini. Kita berdua pesan beberapa sushi. Minumannya milktea sama eskrim vanilla dengan batok kelapa. Untuk sushinya lumayan tapi kebanyakan nasinya sepertinya. Tetapi rasanya enak. Harganya terjangkau.,Untuk menunggu waktu pergantian tahun kami coba ke sini. Kami dua orang memesan beberapa sushi. Minuman kami milktea dengan es krim vanilla dengan batok pandan. Untuk sushinya lumayan tetapi terasa terlalu berminyak sepertinya. Namun rasanya enak. Harga terjangkau.,0.96235591173172
"Endi laporanku ora diproses-proses. Magu duitku ora bakal dibalikne, padahal pulsa lan kuotaku ilang.","Mana laporan aku tidak diproses-proses. Ragu duit aku akan dikembalikan, padahal pulsa dan kuota aku hilang.","Laporan saya tidak diproses. Dapat uangnya tidak akan dikembalikan, padahal pulsa dan kuotanya hilang.",0.9396100044250488
"Dhewe kuciwa tenan karo pelayanan karyawan lion ing gate a6 bandar udara cengkareng. Aku diapusi, barang rusak lan reged satibane ing tujuan.","Kami sangat kecewa dengan pelayanan karyawan lion di gate a6 bandar udara cengkareng. Saya dibohongi, barang rusak dan kotor tiba tujuan.","Kami sangat kecewa dengan pelayanan karyawan lion di gate a6 bandara cengkareng. Saya diamankan, barang rusak dan tertinggal pada akhirnya di tempat tujuan.",0.9598868489265442
Sing paling nguciwakake yaiku nalika pimpinan ora isa mbedakake lan ora gelem ngerti endi negarawan lan endi politisi kotor,Yang paling mengecewakan adalah ketika pemimpin tak bisa bedakan dan tak mau tahu mana negarawan dan mana politisi kotor,Yang paling memalukan adalah ketika pimpinan tidak bisa membedakan dan tidak mau mengerti apa yang menjadi negarawan dan apa yang menjadi politisi kotor,0.9332038760185242
"Bubur iwak pitik sing lumayan rekomendasi ning sekitaran bandung, panggone strategis gampang digoleki, regane ora ngrogoh sak, panggone mesti rame diparani pengunjung mben dina nyambut gawe lan akhir minggu merga rasane sing enak.","Bubur ayam yang lumayan rekomendasi di sekitaran bandung, tempatnya strategis mudah dicari, harganya tidak merogoh kantong, tempatnya selalu ramai didatangi pengunjung setiap hari kerja maupun akhir pekan karena rasanya yang enak.","Bubur ayam betutu yang lumayan rekomendasi di sekitaran bandung, tempatnya strategis mudah di temui, harganya tidak terlalu mahal, tempatnya harus ramai dipadati pengunjung setiap hari mulai dan akhir minggu karena rasanya yang enak.",0.9548839926719666
"Teka ing panggonan iki kanggo ngaso sakbanjure sayah macet ing lelungan, panganane oke, nanging jajan-jajane mantep, dadi kabayarake.","Mengunjungi tempat ini untuk istirahat setelah cape macet di perjalanan, makanan oke, tapi kue-kuenya mantap, jadi terbayarkan.","Pesan di tempat ini untuk duduk sebentar setelah macet di perjalanan, makanan oke, tetapi camilan-camilannya mantap, jadi bayarannya.",0.9393318891525269
"Terus aku sia-sia no nganyari nomer hape paling anyar nyang pelayanan pelanggan cabang bni lak data ning bni isik nomer hape lawas, piye seh pelayanane!","Lalu saya percuma dong update nomor telepon genggam terbaru ke pelayanan pelanggan cab bni kalau data di bni masih nomor handphone lama, bagaimana sih pelayanannya!","Terus saya sia-sia deh ke cabang bni padahal data di bni ini nomor handphone lama, gimana sih pelayanannya!",0.9170078635215759
"Aku wis kerep mara nikmati panganan ning roemah nenek. Aku seneng karo kahanane sing nyaman dinggo mangan bareng keluarga. Ning dina-dina tertentu ana tontonan musik langsung. Panganane uga nduwe pilian sing rena-rena saka tradisional, asia, sampek panganan kidulan","Saya sudah sering kali datang menikmati makanan di roemah nenek. Saya suka dengan suasananya yang nyaman untuk makan bersama keluarga. Di hari-hari tertentu ada hiburan live musik. Makanannya pun punya pilihan yang beragam dari yang tradisional, asia, sampai makanan barat","Saya sering pergi ke sini menikmati makan di rumah nenek. Saya suka dengan tempatnya yang nyaman untuk makan bersama keluarga. Pada hari-hari tertentu ada pertunjukan musik langsung. Masakan juga punya pilihan yang beragam dari tradisional, asia, hingga masakan keren",0.9570009112358093
"Akeh wong sing ora seneng nggo berobat nyang dokter. Ora mung kerna mbayare sing relatif lumayan larang dingge separone wong, nyang dokter ora selawase isa marekne. Akeh dokter sing salah diagnosis. Apa penting utawa wis lumrah, toh dokter uga manungsa.","Banyak orang yang kurang suka untuk berobat ke dokter. Selain biaya yang relatif cukup mahal bagi sebagian orang, ke dokter tak selamanya bisa menyembuhkan. Banyak dokter yang salah diagnosa. Pentingkah ataukah sudah lumrah, toh dokter juga manusia.","Banyak orang yang tidak suka pergi ke dokter. Tidak hanya karena membayar yang relatif mahal bagi sebagian orang, yang dokter tidak selalu bisa memberikan rekomendasi. Banyak dokter yang salah diagnosis. Apa penting atau sudah lumrah, toh dokter juga manusia.",0.9499347805976868
"Pelayanane apik, panggen parkir lumayan amba, kebon stroberi amba lan akeh stroberi sing wis cukup abang nggo dipethil. Panganan ning restoran rena-rena banget, rasane enak, sambel stroberine unik lan enak. Sega liwet stroberi kudu dijajal. Sejauh iki kabeh menu sing tak pangan ora ana sing nggarai gela rekomendasi banget dinggo dolane keluarga","Pelayanan baik, tempat parkir cukup luas, kebun stroberi luas dan banyak stroberi yang sudah cukup merah untuk dipetik. Makanan direstoran sangat beragam, rasanya enak, sambal stroberinya unik dan enak. Nasi liwet stroberi harus dicoba. Sejauh ini semua menu yang saya makan tidak ada yang mengecewakan sangat rekomendasi untuk wisata keluarga","Pelayanan bagus, cukup luas parkirnya, kebun stroberi lumayan besar dan banyak stroberi yang sudah cukup besar untuk dipetik. Makanan di restoran-restoran sekitar sangat enak, rasa sangat enak, sambal stroberinya unik dan enak. Sayur stroberi harus dicoba. Sejauh ini semua menu yang saya makan tidak ada yang mengecewakan sangat rekomendasi sekali untuk kunjungan keluarga",0.9624491930007935
"Demi apa wae tes cpns marakna macet, sialannnnnnn","Demi apa pun tes cpns bikin macet, sialannnnnnn","""Demi apa sih tes cpns yang isi macet, sialan""",0.8583613634109497
"Ngenteni panganan suwi banget, pelayane galak, pas mangan pas kuwi aku pesen pizza tekone eh gosong nganti kasire pas aku mbayar ora ngguyu, pelayanane payah.","Menunggu makanannya lama banget, waitressnya galak, pas makanannya saat itu saya pesan pizza datang eh gosong sampai kasirnya pun pas saya bayar tidak senyum, pelayanannya payah.","Menunggu makanan sangat lama, pelayanannya kasar, ketika makan saya pesan pizza di atasnya eh gosong sampai kasir pas saya bayar ga komplen, pelayanannya payah.",0.9371041059494019
