javanese,ground_truth,generated,bertscore
"Cepak saka hotelku nginep, namung digawa mlaku, ing kene akeh tenan pilian panganane, panggonane sing amba, lan nyenengake","Dekat dengan hotel saya menginap, hanya ditempuh jalan kaki, di sini banyak sekali pilihan makanannya, tempat yang luas, dan menyenangkan","Cek dari hotel saya menginap, tapi dibawa jalan, di sini banyak sekali pilihan makanannya, tempatnya yang luas, dan menyenangkan",0.9499794244766235
"Iya bener, deknen lagi jaga warung.","Iya benar, dia sedang jaga warung.","""Iya bener, mereka sedang menjaga toko.""",0.9228304624557495
Kangkunge lumayan nanging yuyu saus padange nguciwakake dhewe dikei yuyu sing kopong akhir dhewe ora mangan yuyune lan dibalekake.,Kangkungnya lumayan tapi kepiting saus padangnya mengecewakan kami dikasih kepiting yang kopong akhir kami tidak makan keptingnya dan dikembalikan.,Kualitasnya lumayan tetapi saus padang nya mengecewakan kami beri tahu badiantang akhir kami tidak makan badiannya dan dikembalikan.,0.9212937951087952
"Manggon nang braga city walk sing sak gedung karo aston lan fave hotel, panggon iki nyaman banget dinggo nyangkruk-nyrangkruk. Kopi campur teh sing anyar lagek pisan iki aku njajal tibake enak banget, dipadu karo endog setengah mateng dadi kanca jagongan karo kanca-kanca. Panggon sing bebas rokokan tambah nyenengne karo nikmati pemandangan wira-wiri wong-wong sing mlebu metu mal iki.","Bertempat di braga city walk yang satu gedung dengan aston dan fave hotel, tempat ini sangat nyaman buat kongkow-kongkow. Kopi campur teh yang baru pertama kali saya nikmati ternyata sangat enak, dipadu dengan telur setengah matang menjadi pendamping mengobrol bersama teman-teman. Area yang bebas merokok semakin mengasyikkan sambil menikmati pemandangan lalu lalang orang-orang yang keluar masuk mal ini.","Berada di atas gedung sama aston dan fave hotel, tempat ini sangat nyaman untuk bersantai-bersandar. Kopi campur teh yang segar baru ini saya coba terbaknya enak sekali, dipadukan dengan daging setengah matang jadi teman bergobrolan dengan teman-teman. Tempat yang bebas asap rokok plus senang menenangkan hati dengan menikmati pemandangan perubahan wira-wiri orang-orang yang masuk keluar ke mal ini.""",0.9250319600105286
"Gianyar nompo bantuan sosial 2018 gedene rp 44, 9 milyat","Gianyar terima bantuan sosial 2018 sebesar rp 44, 9 miliar","Gianyar menerima bantuan sosial 2018 sebesar rp 44, 9 miliar",0.9916605353355408
Iki salah siji conto generasi sing ora kangge. Ora malah migunani dinggo bangsa nanging malah dadi sesuatu sing mbahayani dinggo bangsa! Mantep jeraten ae nggawe uu ite,Ini salah satu contoh generasi yang tidak berguna. Bukan malah bermanfaat untuk bangsa tapi malah jadi sesuatu yang berbahaya bagi bangsa! Mantap jerat saja pakai uu ite,"""Ini salah satu contoh generasi yang tidak berguna. Tidak malah berguna bagi bangsa tapi malah jadi sesuatu yang merugikan bagi bangsa! Mantap jeratannya saja bikin uu itu""",0.9561758637428284
"Sore konco, wektu iki lagi dilakokne pemeliharaan dadi aplikasi ora isa diakses.","Sore sahabat, saat ini sedang dilakukan pemeliharaan sehingga aplikasi tidak dapat diakses.","Sore konco, waktu ini sedang dilakukan pemeliharaan sehingga aplikasi tidak bisa diakses.""",0.9577575922012329
Tenan ringkih dhewe iki aku uga jiden saktenane,Memang lemah kita ini aku juga penakut sebenarnya,Sungguh berat kami dua ini aku juga jiden sakit,0.8689320087432861
"Terakhir nyang hanamasa regane 120 ewu / wong. Nanging puase luwih saka iku. Isa njupuk panganan sakpuase, nanging rasa ora nggelakne, pinter-pintere awakdewe ae ngeracik dewe. Lak penggemar daging sapi mesti seneng mrene","Terakhir ke hanamasa harganya 120 ribu / orang. Tapi puasnya lebih dari itu. Bisa ambil makanan sepuasnya, tapi rasa tidak mengecewakan, pintar-pintar kita saja meracik sendiri. Kalau penggemar daging sapi pasti suka ke sini","""Terakhir ke sama masa harganya 120 ribu / orang. Tapi puas lebih dari itu. Bisa ambil makanan puas, tapi rasa tidak mengecewakan, pintar-pintar mereka saja racik sendiri. Kalau penggemar daging sapi pasti suka ke sini""",0.9639720916748047
"Kanggo menyang ing the peak mesthi wae karasa adoh banget saka pusat kutha bandung, lan aksese sing lumayan mbingungake lan dalan cilike mbelak-mbelok. Nanging kowe bisa ora bakal kesasar amarga meh ing saben enggokan ana tanda marang ing the peak. Panggonane apik banget kanggo kowe sing nggolek suasana mbengi romantis, kanthi pemandangan mbengi kutha sing apik tenan.","Untuk menuju ke the peak memang terasa sangat jauh dari pusat kota bandung, dan aksesnya yang agak membingungkan dan jalan kecil berkelok-kelok. Namun anda mungkin tidak akan tersesat karena hampir di tiap belokan ada signage menuju ke the peak. Tempatnya sangat bagus untuk anda yang mencari suasana malam romantis, dengan pemandangan malam kota yang menakjubkan.","""Untuk menuju ke the peak memang jauh sekali dari pusat kota bandung, dan aksesnya yang lumayan membingungkan dan jalan sedikit berkelok-kelok. Tetapi kamu pasti tidak akan tersesat karena hampir di setiap sudut ada tanda menuju ke the peak. Tempatnya sangat bagus buat kamu yang mencari suasana malam romantis, dengan pemandangan malam kota yang sangat bagus.""",0.976606011390686
Kebon raya bogor isa didadekne salah siji tujuan destinasi wisata,Kebun raya bogor bisa dijadikan salah satu tujuan destinasi wisata,Kebon raya bogor dapat menjadi salah satu destinasi wisata,0.969292938709259
"The peak panggone ning cedeke lembang, waratan duwur ning bandung sing adem lan panggone sing apik banget nanging dalan ngge moro panggonan iki kelok-kelok banget lan tikungan landep lan curam, ora disarane dingge motoran pas udan-udan lan wengi. Ning the peak ana nggen mangan sing pemandangane kutha bandung sing indah saka nggunung, rega panganane sing larang banget lan ora sumbut.","The peak berlokasi di dekat lembang, dataran tinggi di bandung yang sejuk dan lokasi yang sangat baik namun jalan untuk mencapai tempat ini sangat berkelok disertai tikungan tajam nan curam, tidak disarankan untuk berkendara saat hujan dan malam hari. Di the peak terdapat restoran dengan pemandangan kota bandung yang indah dari perbukitan, harga makanan yang sangat mahal dan sangat tidak sesuai.","""The peak berada di atas lembang, berada di bandung yang dingin dan tempatnya yang sangat indah namun jalan menuju tempat ini berkelok-keloh sangat dan terdapat tikungan landai dan curam, tidak disarankan untuk motoran walaupun hujan-hujan dan malam. Di the peak ada makan yang pemandangannya kota bandung yang sangat indah dari gunung, harga makanannya yang sangat larang dan tidak sesuai.""",0.93758624792099
Aku kapok nganggo jasa lion air,Saya kapok menggunakan jasa lion air,"""Saya kapok menggunakan jasa lion air""",0.961571991443634
Akeh bab sing isa dhewe tindakake kanggo ngisi wektu luwang.,Banyak hal yang dapat kita lakukan untuk mengisi waktu luang.,"""Banyak hal yang bisa kita lakukan untuk mengisi waktu luang.""",0.965592086315155
Saya apatis ngelaporake bab-bab kaya iki. Amarga nganti minggu wingi isih tetep hurung digarap. Mung janji-janji terus.,Semakin apatis melaporkan hal-hal seperti ini. Karena sampai minggu lalu masih tetap belum dikerjakan. Hanya janji-janji terus.,"Saya apatis melaporkan hal-hal seperti ini. Karena sampai minggu kemarin masih belum digarap. Hanya janji-janji terus.""",0.9632556438446045
Rega dhuwur banget porsi sithik banget ora janji maneh aku teko kanggo kepindho. Panganane ora beda adoh karo emakku dong!,Harga selangit porsi seiprit tidak janji lagi saya datang untuk yang kedua kali. Masakannya tidak beda jauh sama ema saya dong!,"Harga tinggi sekali porsi sedikit sekali tidak janji lagi saya datang buat kedua kalinya. Makanannya tidak beda jauh dengan ibu saya dong!""",0.9253507852554321
"Anyar lan kashediya, 5 sekat mangan awan kotak kotak mangan yooyee kotak bekal anti bocor 590","Baru dan tersedia, 5 sekat makan siang kotak kotak makan yooyee kotak bekal anti bocor 590","Baru dan Kesindeyiana, 5 Segitiga makan siang kotak kotak makan yaoyee kotak bekal anti bocor 590""",0.9126998782157898
"Ora ngerti ya kenangapa resto iki manggoni ranking 12 saka 1800an resto sing ana ing jakarta. Regane larang! Panggonane ndhelik, lan rasa panganane biasa bae. Aja percaya banget karo review sing nyesatake.","Tidak mengerti ya kenapa resto ini menduduki peringkat 12 dari 1800an resto yang ada di jakarta. Harga mahal! Lokasi tersembunyi, dan rasa makanan biasa saja. Jangan terlalu percaya sama review yang menyesatkanlah.","""Tidak paham ya kenapa resto ini menempati ranking 12 dari 1800an resto yang ada di jakarta. Harganya mahal! Tempatnya gelap, dan rasa makanan biasa saja. Jangan percaya banget dengan review yang menyesatkan.""",0.9566555023193359
Bledosan ning aksi protes ning afghanistan mateni wong 68,Ledakan dalam aksi protes di afghanistan tewaskan 68 orang,Sebanyak 68 orang tewas dalam aksi protes di afghanistan,0.951505720615387
"Aku teka marang restoran kuwi bareng karo kancaku. Kancaku kakehan kaget ndhelok pemandangane sing apik tenan ing mbengi. Aku ndhuweni kasempatan njajal stik impore, enak tenan apa maneh sause. Mmm yummi. Yen ana kasempatan aku pengen teka maneh marang kana.","Saya berkunjung ke restoran itu bersama dengan teman saya. Teman saya kebanyakan terkejut melihat pemandangannya yang sangat indah di malam hari. Saya berkesempatan mencoba steak impornya, sangat enak apalagi sausnya. Mmm yummi. Kalau ada kesempatan saya ingin berkunjung lagi ke sana.","""Saya datang ke restoran itu bersama dengan temanku. Temanku banyak bertanya mengenai pemandangannya yang bagus sekali di malam hari. Saya memiliki kesempatan mencoba stik impornya, enak sekali apa pun sausnya. Mmm yummi. Kalau ada kesempatan saya ingin kembali lagi ke sana.""",0.9545714259147644
Akses menyang dusun bambu isa ditekani kira-kira ing wektu 1 - 2 jam nganggo mobil pribadi. Mara menyang dusun bambu diusahakake pas wektu wengi amarga awake dhewe isa ndelok cetha pemandangan sing ana lan wektu sing pas kanggo mangan wengi.,Akses menuju dusun bambu bisa ditempuh kira-kira dalam waktu 1 - 2 jam menggunakan mobil pribadi. Berkunjung ke dusun bambu diusahakan saat petang hari karena kita dapat melihat jelas pemandangan yang ada dan waktu yang pas untuk makan malam.,Akses ke desa bambu bisa dibilang cukup terjal kira-kira dalam waktu 1-2 jam pakai mobil pribadi. Jalan ke desa bambu disarankan pada malam hari karena kita bisa menikmati pemandangan bintang yang ada dan waktu yang pas buat makan malam.,0.9446815848350525
"Panganane oke padha karo xo suki liyane. Nanging sanajan dina prei gedhe kaya badha iki udhu artine meseme prei lan pesenan ombe, lan liya-liyane kudu mesen ping akeh. Tulung dijaga kepuasan pelanggane. Matur suwun,","Makanan oke sama seperti xo suki lainnya. Tetapi walaupun hari libur besar seperti lebaran ini bukan berarti senyumnya libur dan order minum, dan lain-lain harus order berkali-kali. Tolong di jaga kepuasan pelanggannya. Terima kasih.","Makanannya oke dengan xo suka lainnya. Namun meskipun hari libur panjang seperti ini baru akan datang artinya senyumnya libur dan pesanan drink, dan lainnya harus order banyak. Tolong dijaga kepuasan pelanggannya. Terima kasih,""",0.9308757185935974
"Restoran iki yaiku panggon kuliner sing wajib diparani umpama nyang bandung. Ora mung panganane sing manjakne ilat panganan sunda banget, restoran iki uga dibangun nganggo konsep mangan santai ning jero kali dadi nawarne pengalaman kuliner sing berkesan banget. Kudu dijajal dinggo sopo ae sing nyang bandung.","Restoran ini adalah sebuah destinasi kuliner yang wajib dikunjungi bila ke bandung. Selain makanan yang sangat memanjakan lidah makanan sunda, restoran ini juga dibangun dengan konsep makan santai di dalam saung yang dikelilingi alam hutan dan pegunungan yang dihias pepohonan rindang dan dihibur oleh gemericik air sungai sehingga menawarkan pengalaman kuliner yang teramat mengesankan. Harus dicoba bagi siapapun yang ke bandung.","""Restoran ini merupakan tempat kuliner yang wajib dikunjungi apabila ke bandung. Selain makanan yang memanjakan lidah makanannya sunda sekali, restoran ini juga dibangun dengan konsep makan santai di tepi sungai sehingga menghadirkan pengalaman kuliner yang sangat berkesan. Wajib dicoba bagi siapa saja yang ke bandung.""",0.9347540736198425
Mbalik ngaktifne paket data indosat merga isa akses youtube unlimited.,Kembali mengaktifkan paket data indosat karena dapat akses youtube unlimited.,"Kembali mengaktifkan paket data indosat karena bisa akses youtube unlimited.""",0.9763263463973999
Aku nembe ngerti ketemu kancaku sek makarya nang trans tv,Saya baru saja bertemu teman saya yang bekerja di trans tv,"""Saya baru tahu ketemu temanku yang di trans tv""",0.929921567440033
"Omah mangan ning dalan anggrek iki nduwe keistimewaan jenis seafood sing rena-rena lan ana sing isih urip dinggo dipilih lan dimasak pas kuwi uga. Rena-rena jenis panganan isa dipilih lan wektu ngenteni sing sediluk nggarai adewe ora tek kesuwen keluwen ngenteni. Menu kerapu kukuse enak banget lan gurih, apa meneh lak dimasak karo iwak sing isih seger. Lokasine lumayan adem, regane mirah.","Rumah makan di jalan anggrek ini memiliki keistimewaan jenis seafood yang beragam dan ada yang masih hidup untuk dipilih dan dimasak saat itu juga. Berbagai jenis masakan dapat dipilih dan waktu tunggu yang singkat membuat kita tidak terlalu lama kelaparan menunggu. Menu kerapu kukusnya sangat enak dan gurih, apalagi bila dimasak dengan ikan yang masih segar. Lokasi cukup sejuk, harga murah.","Rumah makan di jalan anggrek ini memiliki keistimewaan jenis seafood yang beragam dan ada yang masih hidup untuk dipilih dan dimasak saat itu juga. Berbagai jenis makanan bisa dipilih dan waktu menunggu yang terbilang singkat membuat kita tidak terhalang keluhan kelaparan. Menu kepiting kukus sangat enak dan gurih, apalagi jika dimasak dengan ikan yang masih segar. Lokasinya cukup sejuk, harganya terjangkau.""",0.9764519929885864
"Kaya biasane awakdewe mesti golek kuliner sing liya timbangane sing liyane, awakdewe entuk ning panggen iki yaiku the restaurant padma hotel. Awakdewe pesen menu sing ana. Ana saka indonesia, eropa lan cina, tibake kabeh masakane enak kabeh.","Seperti biasa kami selalu mencari kuliner yang lain daripada yang lain, dapatlah kami di tempat ini yaitu the restaurant padma hotel. Kami memesan menu yang ada. Ada dari indonesia, eropa dan chinese, ternyata semua masakannya enak semuanya.","""Seperti biasanya kita selalu mencari kuliner yang berbeda dibandingkan yang lainnya, kita mendapat di tempat ini adalah the restaurant padma hotel. Kita memesan menu yang ada. Ada dari indonesia, eropa dan cina, ternyata semua masakannya enak semua.""",0.960694432258606
Iya kuwi sing nggawe aku kesel. Iki udu salahe sing ngelamar nanging jelas 100% salahe pihak sing ana ing ndhuwur sing embuh piye carane dheweke koordinasi. Nyesek aku kuwi sanajan iki kasus kancaku sing ing lampung.,Iya itu yang bikin saya kesal. Ini bukan kesalahan sang pelamar tapi jelas 100% kesalahan pihak yang di atas yang entah bagaimana cara mereka berkordinasi. Nyesek saya itu walaupun ini kasus teman saya yang di lampung.,"""Iya itu yang membuat gue stress. Ini bukan kesalahan orang yang melamar tapi jelas 100% kesalahan pihak atas yang berjamur bagaimana caranya mereka koordinasi. Kesal gue itu lagi ini kasus teman gue yang di lampung.""",0.9426770210266113
"Pelayanane cukup suwi, nanging suwasanane sing diwenehi apik lan unik, dadi karo ngenteni panganan isa nikmati suwasana ing restoran iki, menu sing disajikake aneka werna lan enak,","Pelayanannya agak lama, tetapi suasana yang diberikan keren dan unik, jadi sambil menunggu makanan bisa menikmati suasana di resto ini, menu yang disajikan beragam dan enak,","Pelayanan cukup baik, namun suasana yang diberikan baik dan unik, sehingga sambil menunggu makanan bisa menikmati suasana di restoran ini, menu yang disajikan beragam dan enak,""",0.9707840085029602
"Panganan ing kene enak-enak kanthi akeh variasine. Kabehane enak kanthi pemandangan apik. Pelayanane sing maksimal saka mbak diah lan gina saka ngewiwiti teka nganti rampung, dilayani kanthi apik tenan.","Makanan di sini enak-enak dengan banyak variasi. Semuanya enak dengan pemandangan bagus. Pelayanan yang maksimal dari mbak diah dan gina dari awal datang sampai selesai, dilayani dengan sangat baik.","""Makanan di sini sangat enak dengan berbagai pilihan. Semuanya enak dengan pemandangan indah. Pelayanan yang maksimal dari mulai mbak diah dan gina saking datang sampai selesai, dilayani dengan sangat baik.""",0.9625940918922424
"Ana ing ajang piala dunia 2018 sesuk, telkomsel njupuk bagian minangka pandukung penyiaran resmi ing perhelatan sepak bola donya kasebut.","Dalam ajang piala dunia 2018 nanti, telkomsel mengambil bagian sebagai pendukung penyiaran resmi dalam perhelatan sepak bola dunia tersebut.","Di ajang piala dunia 2018 besok, telkomsel ambil bagian sebagai penyiar resmi di perhelatan sepak bola dunia tersebut.""",0.9710158109664917
De'e biasane tuku tisu paseo,Dia biasanya membeli tisu paseo,Dia biasanya beli tisu Paseo,0.9216325879096985
"Buse ora nyaman, mbak, ora sumbut karo sing diomongne bosmu, urung maneh panganane kurang enak banget, terus panggon wisata tujuane sing nggelakne:","Busnya tidak nyaman, mbak, tidak sesuai dengan yang diomongin atasan Anda, belum lagi makanannya kurang enak banget, lalu tempat wisata tujuannya yang mengecewakan:","""Hmmm tidak nyaman, kak, tidak sesuai dengan yang dikatakannya bosmu, belum lagi makanannya kurang enak banget, dan tempat wisata tujuan yang mengecewakan:""",0.9440177083015442
"Cukup gampang golek lokasi iki, mung ngikuti wae arah menyang tengah kota. Mengko ning kiwa dalan ketok parkiran mobil sing cukup akeh, nengkono panggonan kafe iki. Rasane kafe iki pancen arang sepi, pengunjunge akeh banget.","Cukup mudah mencari lokasi ini, tinggal mengikuti saja arah ke tengah kota. Nanti di kiri jalan terlihat parkiran mobil yang cukup banyak, disitulah tempat kafe ini. Rasanya kafe ini memang jarang sepi, banyak sekali pengunjung.","""Cukup gampang menemukne lokasi ini, hanya mengikuti saja arah menuju ke tengah kota. Nanti di dekat jalan terdapat parkiran mobil yang cukup banyak, dan di sebelahnya terdapat tempat kafe ini. Rasanya kafe ini memang agak sepi, pengunjunya sangat banyak.""",0.942015528678894
"Gela aku karo provider iki, nganti sebel, nesu, emosi, aku metu, gara gara, sinyal sing ora bener.","Kecewa saya dengan provider ini, sampai kesal, marah, emosi, saya keluar, gara gara, sinyal yang tidak benar.","Jangaun saya dengan provider ini, sampai sebel, marah, emosi, saya marah, karena gara gara, sinyal yang tidak benar.""",0.9593816995620728
"Sarung bantal, seprei lan slimute uwis ora putih...terus temboke wes akeh lumut..","Sarung bantal, seprai dan selimutnya tidak lagi putih...trus dindingnya sudah banyak lumut..","Sarung bantal, seprai dan selimut sudah tidak putih..dan terbungkus sudah banyak lumut..",0.9664300680160522
"Lan pas dheweke teka, saya rusak wae iki acara. Gilo banget aku karo dheweke, asli! Ngapuro yoo aku ora seneng banget karo dheweke","Dan ketika dia tiba, makin rusak saja ini acara. Jijik banget gue sama dia, asli! Maaf yaah gue enggak suka banget sama dia","""Dan pas dia datang, saya rusak saja ini acara. Gila banget saya sama dia, asli! Habis ya saya enggak seneng banget sama dia""",0.9440781474113464
"Dhewe ana acara mangan mbengi wektu kuwi, es krime ora dipisah karo espresso dadi ora isa nyampur sing cocok karo selerane awakedhewe. Salmon steake uga kurang seger, kulit salmone atos, ketoke suwi ing kulkas utawa freezer. Sanajan iku menu utama sing kudune enak.","Kami ada acara makan malam waktu itu, ice krimnya tidak dipisahkan dengan espresso jadi tidak bisa mencampur sesuai selera masing-masing. Salmon steaknya juga kurang segar, kulit salmonnya keras, keliatannya lama di kulkas atau freezer. Padahal itu menu utama yang seharusnya enak.","Kami punya acara makan malam waktu itu, es krim tidak dipisahkan dengan espresso jadi tidak bisa mencampur yang cocok dengan selera masing-masing. Salmon steaknya juga kurang segar, kulit salmonnya lusuh, kelihatannya lama di kulkas atau freezer. Meskipun itu menu utama yang seharusnya enak.""",0.9763349294662476
"Panggonane gampang ditemukake. Resik lan higienis, pelayanane apik, dhewe bisa diskusi babagan panganan kang kasadia. Asik.","Tempatnya mudah ditemukan. Bersih dan higienis, pelayanannya bagus, kita bisa diskusi tentang masakan yang tersedia. Asik.","Tempatnya mudah ditemukan. Bersih dan higienis, pelayanan baik, kita bisa diskusi tentang makanan yang tersedia. Asik.""",0.9879037141799927
Buffet mangan mbengi paling top. Regane pas karo sing dientukake. Rasane enak piliane akeh. Regane kadang didiskon yen teko rombongan. Sukses terus ya.,Buffet makan malam paling top. Harga sesuai yang didapat. Rasanya enak pilihannya banyak. Harga kadang didiskon jika datang rombongan. Sukses selalu ya.,"Buffet makan malam terbaik. Harga sepadan dengan yang ditawarkan. Rasa lezat pilihannya banyak. Harga kadang didiskon kalau datang rombongan. Sukses terus ya.""",0.9640788435935974
Panggon sing apik yen dinikmati wengi. Cukup nyaman. Ragane lumayan murah. Senenganku stik tenderloine. Cukup enak.,Tempat yang bagus kalau dinikmati malam hari. Cukup nyaman. Harga cukup terjangkau. Favorit saya steak tenderloinnya. Cukup enak.,"""Tempat yang bagus kalau dinikmati malam. Cukup nyaman. Harganya lumayan murah. Favorit saya steak tenderloinnya. Cukup enak.""",0.9759303331375122
"Njajal kanggo buka puasa ing kene. Kanggo rega sing kagolong larang ana ing antara hotel berbintang sakelasae, rasa sing ditawakake tenan nguciwakake. Pastane ora ana rasane, panganan liyane uga ora ana rasane. Beda tenan karo apa sing biasa ditawakake. Lan pelayanane uga kurang profesional pas ngelakoni pembayaran nganggo kartu kredit.","Mencoba untuk buka puasa di sini. Dengan harga yang tergolong mahal di antara hotel berbintang sekelasnya, rasa yang ditawarkan sangat mengecewakan. Pastanya hambar, makanan lain juga hambar. Sangat berbeda dengan apa yang biasa ditawarkan. Dan pelayanan juga kurang profesional pada saat melakukan pembayaran dengan mengunakan kartu kredit.","""Coba deh buat buka puasa di sini. Untuk harga yang tergolong mahal di antara hotel berbintang sekelasnya, rasa yang ditawarkan sungguh mengecewakan. Pastinya tidak ada rasanya, makanan lain juga tidak ada rasanya. Berbeda banget dengan apa yang biasanya ditawarkan. Dan pelayanannya juga kurang professional saat melakukan pembayaran menggunakan kartu kredit.""",0.9511183500289917
"Aku uga bingung loh, sing ndukung tokoh kuwi meh kabeh setipe bisane mung ngenyek-ngenyek, fitnah, tembung-tembung kasar, nyebarna isu ngapusi, ngutamakake emosi, akal sehate ora pernah dinggo.","Gue juga bingung loh, pendukung tokoh itu hampir semuanya setipe bisanya cuma maki-maki, fitnah, kata-kata kasar, menyebar isu bohong, mengutamakan emosi, akal sehat tidak pernah dipakai.","""Saya juga bingung loh, yang mendukung tokoh itu hampir semua tipe bisa memfitnah, menyebarkan fitnah, mengutamakan emosi, akal sehat tidak pernah terpakai.""",0.9201026558876038
"Omah mangan nusa indah saiki gelakne ah. Reget, uwong ditokne wae ngrokok ning ruangan nggo ac, pangganan suwe tekane.","Rumah makan nusa indah sekarang mengecewakan ah. Kotor, orang didiamkan saja merokok di ruangan ber ac, makanan lama datangnya.","Rumah makan nusa indah sekarang terang saja. Harga mahal, pengunjung disuruh saja merokok di ruangan untuk ac, pelayanan lama datangnya.",0.9215737581253052
Nadia nggoleki hem kanggo adike ning uniqlo,Nadia mencari kemeja untuk adiknya di uniqlo,Nadia mencari kak untuk ke uniqlo,0.928779125213623
"101 dalmatians: The series yaiku seri kartun tipi sing digawe karo disney television animation, kerjo bareng karo jumbo pictures.","101 dalmatians: The series adalah sebuah seri animasi televisi yang diproduksi oleh disney television animation, bekerja sama dengan jumbo pictures.","""101 dalmatians: The series merupakan seri kartun televisi yang dibuat oleh disney television animation, bekerja sama dengan jumbo pictures.""",0.9671551585197449
Kantor kang nyambungake korsel - korut dibuka pekan iki,Kantor penghubung korsel - korut dibuka pekan ini,Kantor yang menyuburkan korsel - korut dibuka pekan ini,0.9362728595733643
Menehi berkah bareng sinde! Etukna 50 paket umroh saben tuku minimal rp 15.000 ning alfamart.,Berbagi berkah bersama sinde! Dapatkan 50 paket umroh setiap pembelian minimal rp 15.000 di alfamart.,"Berikan berkah bersama sindenya! Dapatkan 50 paket umroh setiap beli minimal rp 15.000 di alfamart.""",0.9659947156906128
"Tuku kaos, topi utawa jam tangan ning lapak monoton roomstore busa ditawa khusus nganggo aplikasi ning hape bosku.","Beli kaos, topi atau jam tangan di lapak monoton roomstore bisa diego khusus pakai aplikasi di hape boskuh.","Beli kaos, topi ataupun jam tangan di lapak monochrome roomstore busa ditanya khusus menggunakan aplikasi di hape bosku.""",0.9359914660453796
"Aplikasi google maps akeh paedahe, aku puas nganggone!","Aplikasi google maps sangat bermanfaat, saya puas menggunakannya!","Aplikasi google maps banyak fitur, aku puas menggunakannya!""",0.9586049914360046
"Kanggo malem minggu ing kene pasangan diwenehi panggonan sing ora kapenak, amarga pas uwong lewat ing kana panggonane dhewe obah-obah, luwih pase mirip kaya warung pinggir dalan. Ora sesuai karo rega panganane sing disajikake, kudune pasangan uga diwenehi panggonan sing apik uduk sembarang nerima tamu lan dideleh ing panggonan kaya kuwi.","Untuk malam minggu di sana pasangan diberi tempat yang tidak nyaman, karena saat orang lewat di sana tempat kami goyang-goyang, lebih tepatnya mirip seperti warung pinggir jalan. Tidak sesuai dengan harga makanan yang disajikan, seharusnya pasangan juga diberi tempat yang bagus bukan sembarang terima tamu dan taruh di tempat seperti itu.","""Untuk malam minggu di sini pasangan di berikan tempat yang tidak nyaman, karena saat orang lewat di sana tempatnya berdebu-berdebu, lebih cocok disebut warung pinggir jalan. Tidak sesuai dengan harga makanannya yang disajikan, sebaiknya pasangan juga diberikan tempat yang baik, bisa kasih tempat sembarangan menerima tamu dan dijemput di tempat itu.""",0.9447619318962097
Menu panganan cukup rena-rena lan nggarai sir mesen kabeh. Mirah? Jelas ae!,Menu makanan cukup bervariasi dan bikin mau dipesan semuanya. Murah? Pastinya!,"""Menu hidangan cukup beragam dan membuat minta semua. Mirah? Jelas saja!""",0.8942052125930786
Bagikno sak akeh-akehe. Ben wong iki diproses. Kangen ndelok video njaluk sepiro karo nangis-nangis terus wadul nyang mbok e terus omong lak perlakuane kuwi ora sengaja.,Bagikan sebanyak-banyaknya. Biar ini orang diproses. Kangen melihat video minta maaf sambil nangis-nangis lalu ngadu ke emak lalu bilang kalau perlakuan itu tidak sengaja.,"Bagikan sebanyak mungkin. Biarkan orang ini diproses. Kenang-kenang sampai videonya minta seiramanya sambil nangis-nangis terus sampai ke neneknya terus bilang kalau perlakuan itu tidak disengaja.""",0.9171186685562134
"Soto kudus iki anane ning pinggir dalan, kaping pisan arep mangan rada ora mantep uga sih. Amarga pengen ngerti rasa kudus yo dijajal sek. Ee saktenane uga enak lho, lan ana uga pilihan kanggo nyampurake, pokoke enak tenan. Regane murah pol deh. ","Soto kudus ini adanya di kaki lima, pertama kali mau makan agak ragu juga sih. Karena ingin tahu rasa kudus ya dicoba dulu. Ee ternyata enak juga lho, dan ada juga pilhan untuk mencampurnya, pokoknya enak sekali deh. Harganya murah meriah deh.","Soto kudus ini terletak di pinggir jalan, tepat di depan mau makan agak tidak mantap juga sih. Karena ingin mencicipi rasa kudus ya dicoba dgueng. Eh sektenya juga enak lho, dan ada juga pilihan buat campurkan, pokoknya enak banget. Harganya murah pol deh. """,0.9273415207862854
Olahraga wengi isa dadi pilihan kanggo ngisi wektu lowong.,Olahraga di malam hari dapat menjadi pilihan untuk mengisi waktu luang.,Olahraga malam bisa menjadi pilihan untuk mengisi waktu luang.,0.9821487069129944
Restoran seafood. Menu spesiale yuyu sing dipangan karo kulite. Kanggo aku kurang enak. Kulite isih rada atos. Pelayanane biasa-biasa bae.,Restoran seafood. Menu spesialnyanya kepiting yang dimakan dengan kulitnya. Untuk saya kurang enak. Kulitnya masih agak keras. Pelayanannya biasa-biasa saja.,"Restoran seafood. Menu spesial udang yang disajikan dengan kualitasnya. Untuk saya kurang enak. Kulitnya masih agak keras. Pelayanan biasa-biasa saja.""",0.9567037224769592
"Enak lumayan, nanging regane larang amarga porsine luwih sithik. Ana pilihan infused kangen water sek cukup kanggo 4 uwong","Enak lumayan, tapi harganya mahal karena porsinya sedikit kecil. Ada pilihan infused kangen water yang cukup untuk 4 orang","Enak lumayan, tapi harganya mahal karena porsinya lebih sedikit. Ada pilihan infused kangen water yang cukup buat 4 orang""",0.9862591028213501
"Dinggo daerah banda aceh lan sekitare sik lancar, ora ana gangguan blas.","Untuk daerah banda aceh dan sekitarnya masih lancar, tidak ada gangguan sama sekali.","""Untuk daerah banda aceh dan sekelilingnya masih lancar, tidak ada gangguan sama sekali.""",0.9661622643470764
Emosi karo gojek sing kerep nyasar yen arep menyang omahku.,Emosi dengan gojek yang selalu nyasar kalau mau ke rumah saya.,"Emosi karena gojek yang sering salah arah ketika hendak ke rumahku.""",0.9322115182876587
"Kafe sing nyaman, enak lan murah kanthi desain kafe sing unik lan marakna krasan. Panganan enak lan kopi enak lan fasilitas wifi sing cepet lan tv kabel","Kafe yang nyaman, enak dan murah dengan desain kafe yang unik dan bikin betah. Makanan enak dan kopi enak serta fasilitas wifi yang cepat dan tv kabel","""Kafe yang nyaman, enak dan murah dengan desain kafe yang unik dan memukau. Makanan lezat dan kopi enak serta fasilitas wifi yang cepat dan tv kabel""",0.9644632935523987
"Uwis sewulan luwih ora mangan indomie, sakpisane mangan langsung nggawe rong porsi indomie goreng jumbo.","Sudah sebulan lebih tidak makan indomie, sekalinya makan langsung bikin dua porsi indomie goreng jumbo.","Sudah lama tidak makan indomie, secara langsung membuat satu porsi indomie goreng jumbo.""",0.9457600116729736
"Mangan sikil wedus bagian pupu sing empuk lan lumayan gedhi dinggo ukuran medium, pas dingge wong siji, mangan tanpa sega, karo es lemon tea. Seger kurange mung panggone kebul-kebul, wajar kan jenenge uga wedus bakar hehehe","Makan kaki kambing paha yang empuk dan lumayam besar untuk ukuran medium, pas untuk satu orang, makan tanpa nasi, dengan es lemon tea. Segar kekurangannya hanya tempatnya berasap, wajar kan namanyan jg kambing bakar hehehe","""Makan kaki ayam bagian dada yang empuk dan lumayan besar untuk ukuran medium, pas buat satu orang, makan tanpa nasi, sama es lemon tea. Segar tapi hanya di tempatnya saja sih, wajar kan namanya juga wedus bakar hehehe""",0.9329343438148499
"Panggone lumayan unik, rasa panganane biasa, menu sing ditawakne uga biasa, mung panggone karo keunikane sing menarik, cara nyeluk pelayane nganggo nutuk kentongan,. Aku pas mrana wengi, diambah udan, udarane lumayan adem nyrusuk belung, sempet ngenteni kira-kira limolas menit ben iso entuk panggon, merga bek blok wektu iku. Disaranke lak sir mrana sore-sore.","Tempatnya cukup unik, rasa makanan standar, menu yang ditawarkan juga biasa, hanya saja yang menarik tempat dan keunikannya, cara memanggil pelayannya dengan memukul kentongan,. Aku pas ke sana pada malam hari, ditambah hujan, udaranya cukup dingin menusuk tulang, sempat menunggu kira-kira 15 menit untuk bisa dapat tempat, karena penuh blok pada saat itu. Disarankan kalau mau ke sana sore-sore.","""Tempatnya agak unik, rasa makanan biasa, menu yang ditawarkan juga biasa, hanya tempatnya dengan keunikannya yang menarik, cara menyapa pelayan dengan menggunakan saputungan, saya saat kesana malam, ditambah hujan, udara cukup sejuk masuk parau, sempat menunggu sekitar lima belas menit supaya dapat tempat, karena tamu blok itu. Disarankan kalau pergi sore-sore.""",0.9405129551887512
"Ning pilkada 2018, polri dijaluk ningkatne pengamanan ning sekitar tps.","Dalam pilkada 2018, polri diminta meningkatkan pengamanan di sekitar tps.","Di pilkada 2018, polri ditingkatkan pengamanan di sekitar tps.""",0.9426318407058716
"Ora bosen apa film indonesia sing main deknen terus, udu ngomong deknen ora apik, nanging yen pemaine kuwi kuwi bae uga bosen ndheloke.","Tidak bosan apa film indonesia yang main dia terus, bukan bilang dia tidak bagus, tetapi kalau pemain itu itu melulu jenuh juga melihatnya.","""Tidak bosan menonton film indonesia yang dibintangi terus, tapi ucapannya mereka tidak baik, tapi kalau pemainnya itu saja bosan melihatnya.""",0.9225596785545349
Wingi Dian tuku kathok anyar liwat aplikasi Lazada,Kemarin Dian membeli celana baru lewat aplikasi Lazada,"""Kemarin Dian beli sepatu baru lewat aplikasi Lazada""",0.9532830715179443
"Dhewe arep menyang lembang kanthi kahanan luwe. Pas ndhelok saung pengkolan iki dhewe langsung mandhek kanggo mangan. Dhewe milih lesehan ing tingkat 2 dadi entuk pemandangan sek apik. Pesenane dhewe yaiku cumi goreng glepung, gurame goreng krispi, oseng genjer lan rong menu tahu sek aku lali jenenge. Umume ora ana sek istimewa saka hidangan kuwi. Mbok menawa pilihanku. Lanjutane","Kami dalam perjalanan ke lembang dalam keadaan lapar. Saat melihat saung pengkolan ini kami langsung berhenti untuk makan. Kami memilih lesehan di lantai 2 sehingga mendapatkan pemandangan yang indah. Pesanan kami adalah cumi goreng tepung, gurame goreng crispy, tumis genjer dan dua menu tahu yang saya lupa namanya. Secara keseluruhan tidak ada yang istimewa dari hidangan tersebut. Mungkin pilihan saya. Lanjutan","Kami akan pergi ke pantai dengan pemandangan indah. Ketika melihat saung pengkolan ini kami langsung berhenti untuk makan. Kami memilih lesehan di tingkat 2 sehingga mendapatkan pemandangan yang bagus. Pesanan kami adalah cumi goreng tepung, gurame goreng renyah, tumis terong dan satu menu tahu yang saya lupa namanya. Ujungnya tidak ada yang istimewa dari hidangan tadi. Pilihan saya. Lanjutannya...""",0.9582783579826355
Entuk bonus tcahs 12.500 nanging ora isa dienggo kanggo tuku pulsa sing regane 10 ewu h aneh,Dapat bonus tcash 12.500 tapi tidak bisa dipakai buat beli pulsa yang seharga 10 ribu h aneh,"Dapat bonus tcahs 12.500 tetapi tidak bisa digunakan untuk beli pulsa yang harganya 10 ribu aneh""",0.945796012878418
"Kaping kapisan aku marang rana, meja-meja mulai tuwa lan uga menu panganan sing ora patio variatif. Nanging regane ora bisa diomong murah, amarga kudune kanthi rega-rega sakmono bisa entuk sing luwih apik. Utamane pas aku marang kamar mandi, reged tenan lan mambu ora enak:","Saat pertama ke sana, meja-meja mulai usang dan juga menu makanan yang tidak begitu bervariatif. Namun harganya tidak bisa dibilang murah, karena seharusnya dengan harga-harga segitu bisa dapat yang lebih baik. Terutama saat saya ke toilet, sangat kotor dan berbau tidak sedap:","Waktu terakhir saya ke sana, meja-meja mulai tua dan juga menu makanan yang tidak terlalu variatif. Namun harganya tidak bisa disebut murah, karena sebaiknya dengan harga-harga yang sama bisa mendapatkan yang lebih baik. Terutama saat saya ke kamar mandi, kotor sekali dan airnya tidak enak:""",0.9578090310096741
"Ombean apa sih kok cara nggombene aneh, rasane uga aneh maneh","Minuman apa sih kok cara minumnya aneh, rasanya aneh juga lagi","Minumannya apa sih kok cara penyajiannya aneh, rasanya juga aneh lagi",0.9648412466049194
"Tanggal 12 february iku ulang taune pacarku, lan aku ngajak dee dinggo mangan nyang sawiji restoran sing terkenal ning surabaya. Aku pengen menehi kado ulang taun karo mangan sing enak ning kana. Nanging. Pas iku aku teka kira kira jam setengah 3. Panggon kebeg dadi awakdewe kudu ngenteni. Daftar tunggu pas kuwi sekitar 4 meja.","Tanggal 12 february adalah ulang tahun pacar saya, dan saya mengajak dia untuk makan di sebuah restaurant yang terkenal di surabaya. Saya ingin memberi kado ulang tahun dengan makan yang enak di sana. Tapi. Saat itu saya datang kira kira jam setengah 3. Tempat penuh sehingga kami harus menunggu. Daftar tunggu pada saat itu sekitar 4 meja.","""Tanggal 12 february adalah ulang tahun pacarku, dan saya ajak dia untuk makan ke satu restoran yang terkenal di surabaya. Saya ingin memberikan kado ulang tahun dengan makan yang enak di sana. Tetapi. Saat itu saya datang sekitar jam setengah 3. Tempatnya penuh jadi kami harus menunggu. Daftar tunggu saat itu sekitar 4 meja.""",0.9737107157707214
"Ora seneng ndelok bocah sma saiki, yen nganggo jilbab rambute pada disengajakake metu, maksude apa?","Tidak suka melihat anak sma sekarang, kalau pakai jilbab rambutnya pada disengajakan keluar, maksudnya apa?","Tidak suka melihat anak sma sekarang, kalau pakai jilbab rambutnya pada disuruh keluar, maksudnya apa?""",0.9684470295906067
Calon-calon pemimpin negeri iki cukup kuwat nyiapake strategi kanggo kemenangane.,Calon-calon pemimpin negeri ini cukup kuat mempersiapkan strategi untuk kemenangannya.,"Calon-calon pemimpin negeri ini cukup kuat mempersiapkan strategi untuk kemenangannya.""",0.9856473803520203
Adikku lagi ndhelok harry potter ing trans tv,Adik saya sedang menonton harry potter di trans tv,Adikku sedang melihat harry potter di trans tv,0.9457326531410217
"Salah siji restoran paling tak senengi ning bandung. Panggonane nylepit, nanging isih kenek dijangkau. Menu panganane enak, sunda banget. Pemadangane ya apik, kahanane pancen nggarai mripat lan ilat kabeh puas. Bar mangan sampek wareg. maleh sir turu ning saunge.","Salah satu restoran favorit saya di bandung. Lokasinya terpencil, tetapi masih terjangkau. Menu makanannya enak, sunda sekali. Pemandangannya indah, suasananya memang membuat mata dan lidah semua terpuaskan. Selesai makan sampai kenyang, jadi ingin tidur di saungnya.","Salah satu restoran paling tak disukai di bandung. Tempatnya sempit, tapi masih mudah dijangkau. Menu makanan enak, sunda banget. Pemandangan bagus, tempatnya memang bikin rileks dan ilat semua puas. Setelah makan sampai kenyang. bahkan tidur di saung.""",0.9415966868400574
Endi taring kpk? Kasus ecek-ecek puluan yuta kowe cekel senajan nganti ing bolongan semut! Waras kowe kpk?,Mana taring kpk? Kasus ecek-ecek puluhan juta kamu tangkap sampai ke lubang semut sekalipun! Waraskah anda kpk?,"Di mana taring kpk? Kasus gulung dua juta kamu cekal sampai di lubang semut! Bersih kamu kpk!""",0.9170799255371094
"Menu ning panggen iki asline sederhana banget nanging sing nduwe kreatif. Sajian mie, roti lan panganan penutupe di campur karo rena-rena pilihan. Panggone asik dingge nglumpuk karo kanca-kanca. Dingge regane ora tek larang sumbut karo rasane.","Menu di tempat ini sebetulnya sederhana banget tapi pemiliknya kreatif. Sajian mie, roti dan makanan penutupnya di mix sama berbagai pilihan. Tempatnya asik buat berkumpul dengan teman-teman. Untuk harganya tidak terlalu mahal sesuai sama rasanya.","""Menu di tempat ini sebenarnya sangat sederhana tetapi yang punya kreatif. Hidangan mi, roti dan makanan penutup dicampurkan dengan berbagai pilihan. Tempatnya asik buat kumpul bareng teman teman. Untuk harganya tidak terlalu mahal sesuai rasanya.""",0.949467658996582
"Restoran kanthi metode penyajian bedha. Piring panggonan mangan diganti karo godhong gedhang. Menu panganan khas sunda kanthi citarasa sing enak. Saka segi rega cukup kakancan, panggonan mangan amba lan akeh pilian meja, parkir cukup amba.","Restoran dengan metode penyajian berbeda. Piring tempat makan diganti dengan lembaran daun pisang. Menu makanan khas sunda dengan citarasa yang enak. Dari segi harga cukup bersahabat, tempat makan luas dan banyak pilihan meja, parkir cukup luas.","Restoran dengan metode penyajian berbeda. Penggantian soba piring dengan daun pisang. Menu hidangan khas sunda dengan cita rasa yang enak. Dari segi harga cukup terjangkau, tempat makan luas dan banyak pilihan meja, parkir cukup luas.""",0.9714710116386414
"Restoran alas daun nyajikake menu khas sunda sek ora beda adoh karo restoran khas sunda liyane, nanging sek nggawe beda yaiku ora nganggo piring lan mung diwenehi godhong gedhang sek diselehake ing meja sek ngganteni piring. Dadi kaya uwong ing India sek mangan didhasarkae godhong gedhang.","Restoran alas daun menyajikan menu khas sunda yang tidak jauh berbeda dengan restoran khas sunda lainnya, tapi yang membuatnya berbeda adalah tanpa piring, dan hanya diberi daun pisang yang diletakkan di meja sebagai pengganti piring. Jadi mirip orang di india yang makan beralaskan daun pisang.","""Restoran alas daun menyajikan menu khas sunda yang tidak beda jauh dengan restoran khas sunda lainnya, tetapi yang membedakannya adalah tidak menggunakan piring dan hanya disediakan daun pisang yang diselehkan di meja yang menampung piring. Jadi seperti orang di India yang makan didasarakan daun pisang.""",0.9409133791923523
Rasa sotone miturutku pedes nanging gurih. Ngombe sirup markisa sing seger karo es liline sing enak.,Rasa sotonya menurut saya pedas tapi gurih. Minum sirup markisa yang segar sama es lilinnya yang enak.,"""Rasa sotonya menurut saya pedas tapi gurih. Minum sirup markisa yang segar sama dengan es lilin yang enak.""",0.9749614596366882
"Aku mara ning restoran iki kanggo mangan wengi bareng rencang. Aku mesen stik pithik sing sebenere aku lali jenenge. Rasane biasa banget wae, anyep. Pithike kandhel lan krasa atos lan garing banget. Ora ana sing istimewa.","Saya mengunjungi restoran ini untuk makan malam bersama teman. Saya memesan steak ayam yang sebenarnya saya lupa namanaya. Rasanya sangat biasa saja, hambar. Ayamnya tebal dan terasa keras dan kering sekali. Tidak ada yang istimewa.","""Saya pergi ke restoran ini untuk makan malam bersama teman. Saya memesan steak ayam yang sebenarnya saya lupa namanya. Rasanya biasa banget saja, lembek. Ayamnya lembek dan krasa keras dan garing sekali. Tidak ada yang istimewa.""",0.952455461025238
Dhewe kan saling sengit siji liyane kawit 4 taun kepungkur.,Kita kan saling membenci satu sama lain sejak 4 tahun yang lalu.,"Kami saling sengit satu sama lain selama 4 tahun lalu.""",0.9233635067939758
Bapak biasane nganggo semir sepatu kiwi,Ayah biasanya memakai semir sepatu kiwi,Bapak biasanya memakai semir sepatu kiwi,0.9866992235183716
Richeese factory yaiku restoran waralaba sing nyajikake pithik kanthi rasa pedes kanthi macem-macem level. Cocok tenan kanggo kowe sing tresna rasa pedes.,Richeese factory adalah restaurat waralaba yang menyajikan ayam dengan rasa pedas dengan berbagai level. Sangat cocok untuk anda pecinta rasa pedas.,"Richeese factory merupakan restoran waralaba yang menyajikan ayam dengan rasa pedas dengan beragam level. Sangat cocok buat kamu yang suka rasa pedas.""",0.9687666296958923
"Pas rapat ning hotel sensa, aku pesen batagor riri nganggo aplikasi gofood / gojek. Pesenan teka ora suwe merga tibake paket batagor lan siomay wes di-pak ning plastik vakum. Rega sing enek ning aplikasi gojek / gojek urung termasuk pajek segedhe 10%.","Saat rapat di hotel sensa, saya memesan batagor riri menggunakan aplikasi gofood / gojek. Pesanan tiba dalam waktu tidak lama karena ternyata paket batagor dan siomay sudah di-pack dalam plastik vakum. Harga yang tertera dalam aplikasi gojek / gojek belum termasuk pajak sebesar 10%.","""Saat rapat di hotel sensa, saya pesan batagor riri melalui aplikasi gofood / gojek. Pesanan datang tidak lama setelah pemesanan batagor dan siomay sudah dibungkus dalam plastik vakum. Harga yang murah di aplikasi gofood / gojek belum termasuk pajak sekitar 10%.""",0.9586146473884583
Aku moro ing restoran iki ora pas jam mangan awan. Nanging restorane lumayan rame lan untunge awakdewe isa ndang entuk panggonan lungguh. Lebar lungguh panganan lan ombenane langsung disajikake. Sambel ijone kurang karasa pedes kanggo awakdewe. Panganane enak cukup puas mangan ing kene.,Saya mengunjungi restoran ini bukan saat jam makan siang. Tapi restorannya cukup ramai dan untungnya kami bisa cepat dapat duduk. Begitu duduk makanan dan minuman langsung dihidangkan. Sambal hijaunya kurang terasa pedas buat kami. Makanan enak cukup puas makan di sini.,"""Saya ke restoran ini tidak tepat jam makan siang. Namun restorannya lumayan ramai dan untungnya kami bisa dapatkan tempat duduk. Lebar tempat makan dan minuman langsung disajikan. Sambal udangnya kurang terasa pedas untuk kami. Makanan enak cukup puas makan di sini.""",0.9631319046020508
"Gampang cemburu ndelok dee guyonan karo wedokan, nanging awakdewe uduk sopo-sopone","Suka cemburu melihat doi bercanda sama cewek, tetapi kita bukan siapa-siapanya","Mudah iri melihat dia bahagia, tapi kita harus jadilah diri sendiri",0.8667578101158142
Pungkasane aku mangan pesen lewat pesen kirim. Anakku seneng tenan gedel isi iwake. Restoran jaman mbien sing terkenal tenan. Regane sing cukup kajangkau kantong sak lan rasa panganane sing cukup enak.,Terakhir saya makan pesan via delivery order. Anak saya sangat suka perkedel isi daging -nya. Restoran zaman dahulu yang sangat terkenal. Harga yang cukup terjangkau kantong dan rasa masakan yang cukup enak.,Penutupnya saya pesan lewat pesan kirim. Anak saya sangat suka hati-hati isi dasarnya. Restoran zaman dulu yang terkenal sekali. Harga yang cukup terjangkau kantong walau rasa makanan yang cukup enak.,0.9395214319229126
Parkiran angel bnaget sampek muter ping 3. Saran: Parkir ning cedek hotel ae terus mlaku. Restoran ning area perumahan.,Parkiran susah bener sampai berputar 3x. Saran: Parkir di dekat hotel saja terus jalan kaki. Restoran di area perumahan.,"Parkiran susah banget sampai memutar 3. Saran: Parkir di dekat hotel saja lalu jalan kaki. Restoran di area perumahan.""",0.9517226815223694
"Aku gumun karo telkomsel, kuotane akeh kok nanging cepet banget enteke, padahal ora akeh mbukak aplikasi abot. Nyurigakake","Suka heran sama telkomsel, kuotanya banyak kok tapi cepat banget abisnya, padahal tidak banyak buka aplikasi berat. Mencurigakan","Aku heran sama telkomsel, kuotanya banyak kok tapi cepat banget habisnya, padahal tidak banyak buka aplikasi internet. Menakutkan""",0.965641438961029
Bocah saiki lagek gerang wis wani nyolong,Anak sekarang baru gede sudah berani mencuri,Anak sekarang jera dulu berani mencuri,0.9179970026016235
"Nduwe kesempatan nikmati santap isuk merga lagi nginep ning hotel iki. Minangka pengunjung anyar kaya aku lan paling sing liyane isa ae bakal antusias merga suwasana santap isuk sing diwernani karo pemandangan saka sisih wetan, merga saka sisih kuwi ana kaendahan bangunan hotel sepisan kolam renange. Liyane kuwi uga ana barisan bukit lan nggunung bakal nambah pengenan dingge foto-foto.","Berkesempatan menikmati santap pagi karena sedang menginap di hotel ini. Sebagai pengunjung baru seperti saya dan mungkin yang lainnya barangkali akan antusias terhadap suasana santap pagi yang diwarnai dengan pemandangan dari sisi timur, karena dari sisi tersebut terdapat keindahan bangunan hotel berikut kolam renangnya. Selain itu juga terdapat barisan bukit dan pegunungan akan menambah keinginan untuk berfoto ria.","""Memiliki kesempatan menikmati sarapan pagi karena sedang menginap di hotel ini. Sebagai pengunjung baru seperti saya dan yang lainnya bisa jadi akan antusias karena suasana sarapan pagi yang diwarnai dengan pemandangan dari sisi timur, karena dari sisi itu terdapat keindahan bangunan hotel berdekatan kolam renangnya. Selain itu juga terdapat barisan bukit dan pegunungan yang akan menambah keinginan untuk berfoto-foto.""",0.9712314605712891
"Telekomunikasi ora mung kanggo kutha gedhe, nanging uga nganthi marang daerah pelosok lan perbatasan negara cc: Telkomsel","Telekomunikasi bukan hanya untuk kota besar, tapi juga sampai ke daerah pelosok dan perbatasan negara cc: Telkomsel","Telekomunikasi tidak hanya untuk kota besar, tetapi juga sampai ke daerah pelosok dan perbatasan negara : Telkomsel",0.9837753772735596
Apike wektu turu paling sithik iku limang jam.,Sebaiknya jam tidur minimal lima jam.,"Istirahatnya apik waktu tidur paling sekitar lima jam.""",0.8894047141075134
"Aku bareng kanca kerja sengaja nyoba mangan awan ning kene, kanggo panggonan kagolong cukup kapenak yen ning lantai dhuwur. Rasa pithik bakar ning kene tenan dak rekomendasikake karo sambel pelem.","Saya bersama rekan kerja sengaja mencoba makan siang di sini, untuk tempat terbilang cukup nyaman jika di lantai atas. Rasa ayam bakar di sini sangat saya rekomendasikan bersama sambal mangga.","""Saya bersama rekan kerja sengaja mencoba makan malam di sini, untuk tempat termasuk cukup nyaman jika di lantai atas. Rasa ayam bakar di sini memang sangat rekomendasikan bersama sambal pedas.""",0.9727593660354614
Aku gela karo pelayanane. Siktasan aku pesen grabfood pesenen ora diterna nanging wis dimarekne. Tulung gae selektif milih tukang nyambut gawe.,Saya kecewa dengan pelayanannya. Barusan saya pesan grabfood pesanan tidak diantar tapi sudah diselesaikan. Mohon untuk selektif memilih pekerja.,"""Saya kecewa dengan pelayanan. Kelar saya pesen grabfood pesen tidak diternak kan tetapi sudah diminta. Mohon selektif dalam memilih pekerja.""",0.9334626793861389
"Wis ilang handphone xiaomi redmi note 5 werna gold 64 / 4 ning daerah duri kidul, jembatan lima, tambora, jakarta barat.","Telah hilang handphone xiaomi redmi note 5 warna gold 64 / 4 di daerah duri selatan, jembatan lima, tambora, jakarta barat.","Sudah hilang handphone xiaomi redmi note 5 werna gold 64 / 4 di daerah duri kidul, jembatan lima, tambora, jakarta barat.""",0.9687346816062927
Aku ora kuciwa karo produke apple,Saya tidak kecewa dengan produk apple,"""Aku tidak kecewa dengan produk apple""",0.9548758268356323
"Youtube saben dina saya akeh iklane, njengelake!","Youtube semakin hari semakin banyak iklannya, menyebalkan!","""Youtube tiap hari saya banyak iklannya, menjengkelkan!""",0.9143015742301941
"Iku indomie karo mangkoke wis wira-wiri, kepisah sisan isi lan adahe.","Itu indomie sama mangkoknya sudah berkeliaran, terpisah pula isi sama wadahnya.","""Itu indomie sama kuah sudah hangat, terpisah sedikit isi dan kuah.""",0.8904759883880615
Dhewe marang kafe iki kanggo mangan serabi. Serabine kanggo dhewe kandel banget ing bagian tengah. Akeh tenan piliah topping serabine nganti mumet milihe. Ternyata regane luwih larang saka warung setiabudi. Kuciwa.,Kami ke kafe ini untuk makan serabi. Serabinya bagi kami terlalu tebal di bagian tengah. Banyak sekali pilihan topping serabi sampai pusing memilihnya. Ternyata harganya lebih mahal dari warung setiabudi. Kecewa.,"""Kami ke kafe ini untuk makan siomay. Siomayannya untuk kami berdua sangat banyak di bagian tengah. Banyak sekali pilihan topping siomay sampai memutih perutnya. Ternyata harganya lebih mahal dari warung setiabudi. Kecewa.""",0.9478874206542969
"Bistik murah, cocok kanggo sing anggarane cilik nanging pingin mangan murah lan wareg, kajaba bistik uga panganan liyane enak lan murah. Susanane lumayan rame, umume akeh kaluwarga utawa bocah sekolahan.","Steak murah, cocok untuk yang budgetnya kecil tapi ingin makanan murah dan kenyang, selain steak juga makanan lainnya enak dan murah. Suasananya lumayan ramai, biasanya banyak keluarga atau anak sekolahan.","Steak murah, cocok buat yang agaranya kecil namun ingin makan murah dan puas, selain steak juga makanan lain enak dan murah. Suasana lumayan ramai, umumnya banyak keluarga atau anak remaja.",0.9712499976158142
"Pertemuan antarane pihak bank bri, bpbat sungai gelam - jambi, lan pokdakan sek ana ing desa pudak. Kanggo ngrembug bentuk panyaluran dana csr saka bank bri","Pertemuan antara pihak bank bri, bpbat sungai gelam - jambi, dan pokdakan yang ada di desa pudak. Untuk mendiskusikan bentuk penyaluran dana csr dari bank bri","Pertemuan antar pihak bank bri, bpbat sungai gelam - jambi, dan perwakilan yang ada di desa pudak. Untuk membahas bentuk pengalokasian dana csr dari bank bri",0.9688102602958679
"Panggonan iki menarik tenan, pemandangan apik, ana arena dolanan ing njaba kanggo sakulawarga. Tenan disaranake kanggo kaluwarga sing ndhuwe bocah cilik. Panganan halal lan menu rena-rena.","Tempat ini sangat menarik, pemandangan bagus, ada arena bermain di luar untuk sekeluarga. Sangat disarankan untuk keluarga dengan anak kecil. Makanan halal dan menu bervariasi.","""Tempat ini sangat menarik, pemandangan bagus, ada arena bermain di dalam untuk keluarga. Sangat direkomendasikan untuk keluarga yang mempunyai anak kecil. Makanan halal dan menu variatif.""",0.9602680802345276
"Hotel arep check-in wae ruwet. Nunggu amarga ngresiki kamar suwe banget, gela lah. Iki pisanane aku mrana. Terus langsung diwenehi kesan pisanan sing ora apik.","Hotel mau  check-in aja ribet. Menunggu karena membersihkan kamar lama banget, kecewa dah. Ini pertama kalinya gue ke sana. Terus langsung dikasih first impression yang tidak bagus.","""Hotel akan check-in saja berantakan. Nunggu karena membersihkan kamar lama sekali, heran lah. Ini terakhirnya saya kesini. Terus langsung diberikan penegah pesan yang tidak baik.""",0.9315595030784607
"Amarga kartu oktrip wektu iki yaiku saka bni, mulakna isi ulang isa dilakokake ing mitra-mitra sing kerja sama karo bni.","Karena kartu oktrip saat ini adalah dari bni, maka isi ulang bisa dilakukan di mitra-mitra yang bekerjasama dengan bni.","""Karena kartu oktrip waktu ini merupakan dari bni, maka isi ulang dapat dilakukan di mitra-mitra yang terpercaya bni.""",0.9627488255500793
Ngge kabeh seh apik. Karyawane yo grapyak grapyak. Lan pemandangane apik. Nanging panganane kelarangen. Larang banget malah. Dompet kudu kandel.,Secara keseluruhannya sih bagus. Karyawanya juga ramah ramah. Dan pemandangannya bagus. Tapi makanannya terlalu mahal. Mahal banget malah. Dompet harus tebal.,"""Selamanya sepi. Karyawannya ramah ramah. Dan pemandangannya bagus. Tetapi makanannya mahal sekali. Terlalu mahal bahkan. Dompet harus dalam.""",0.9505602717399597
"Mangan karo kaluwarga bakal luwih nyenengake kanthi kabeh fasilitas sing ana. Lokasine sing apik, panganane sing cukup enak kanthi aneka werna pilian. Lan pemandangan lan suwasana dadi andalan","Makan bersama keluarga akan lebih menyenangkan dengan semua fasilitas yang ada. Lokasi yang bagus, makanan yang cukup enak dengan beragam pilihan. Dan pemandangan serta suasana jadi andalan","Makan bersama keluarga akan lebih menyenangkan dengan semua fasilitas yang tersedia. Lokasi yang bagus, makanan yang cukup enak dengan berbagai pilihan. Dan pemandangan dan suasana menjadi daya tarik",0.9792728424072266
"Sega goreng mafia sing manggon ning dalan setiabudi awakdewe pilih merga pingin golek panganan sing cepet. Ditambah yaiku salah siji kuliner sing wajib diparani ning bandung. Aku milih sega goreng sing favorit ning kene yaiku sega goreng bandit sing tingkat pedese ning level 3. Panganan sing disajikne cukup cepet, nanging sayange sega goreng sing tak pesen segane atos, bumbon rempahe ketutupan.","Nasi goreng mafia yang terletak di jalan setiabudi kami pilih karena ingin mencari makanan yang cepat. Ditambah merupakan salah satu kuliner yang wajib dikunjungi di bandung. Saya memilih nasi goreng yang favorit di sini yaitu nasi goreng bandit hingga tingkat kepedasan di level 3. Makanan yang disajikan cukup cepat, namun sayangnya nasi goreng yang saya pesan nasinya keras, bumbu rempahnya tertutupi.","Nasi goreng mafia yang berada di jalan setiabudi kami pilih karena ingin mencari makanan yang cepat. Ditambah adalah salah satu kuliner yang wajib dikunjungi di bandung. Saya pilih nasi goreng yang favorit di sini adalah nasi goreng bandit yang tingkat pedasnya di level 3. Makanan yang disajikan cukup cepat, namun sayangnya nasi goreng yang saya pesan nasi terbakarnya habis, bumbu rempah terasa tertutup.""",0.9788599610328674
Iki yaiku sop stengkel paling enak ning aceh tamiang.,Ini adalah sop stengkel terenak di aceh tamiang.,"Ini adalah sop tulang paling enak di aceh timur.""",0.8997253775596619
Kanggo kakang admin tulung doooooonk bales pesen langsungku,Untuk kakak admin tolong doooooonk balas pesan langsung saya,Untuk si kakak admin tolong dong balaskan pesan langsung saya,0.9282407760620117
"Pemandangan sing utama ing sky lounge grandia iki memang isa ngeculake keselmu. Malah isa dadi, para pelancong nggolek area iki ndhisik, dibandingake ngaso ing kamar.","Pemandangan yang utama di sky lounge grandia ini memang dapat melepas penat anda. Bahkan bisa jadi, para pelancong mencari area ini terlebih dahulu, dibandingkan beristirahat di kamar.","Pemandangan yang utama di sky lounge grandia ini memang bisa menghilangkan lelahmu. Bahkan bisa jadi, para pelancong mencari area ini duduk, dibanding beristirahat di kamar.""",0.9716988205909729
"Dhewe teka panggonan iki amarga lokasine sing cedhak karo panggonan dhewe nginep. Dhewe mesen sega bakar lan pasta. Sega bakare enak, akeh pilian, lan ora pedes, isa kanggo bocah-bocah. Dene pasta mung ana sak macem, nanging rasane uga enak. Rega panganan uga ora larang lan kajangkau kanggo panganan ing ngisor 30 ewu. Ing panggonan iki uga gratis wifi.","Kami mengunjungi tempat ini karena lokasinya yang berdekatan dengan tempat kami menginap. Kami memesan nasi bakar dan pasta. Nasi bakarnya enak, banyak pilihan, dan tidak pedas, bisa untuk anak-anak. Sedang pasta hanya ada satu macam, namun rasanya pun enak. Harga makanan pun tidak mahal dan terjangkau untuk makanan di bawah 30 ribu. Di tempat ini juga gratis wifi.","""Kami datang ke tempat ini karena lokasinya yang dekat dengan tempat kami menginap. Kami memesan nasi bakar dan pasta. Nasi bakarannya enak, banyak pilihan, dan tidak pedas, bisa untuk anak-anak. Pemesanan pasta hanya ada beberapa macam, tapi rasanya juga enak. Harga makanan juga cukup terjangkau dan layak untuk makanan di bawah 30 ribu. Di tempat ini juga gratis wifi.""",0.9768967032432556
"Kanggo ngenthukne pemandangan sing apik kanthi cahyo lampu warna-warni, apike teka ing wayah wengi. Amarga nduweni latar mburi pemandangan jembatan Pasupati sing dadi simbol kota.","Untuk mendapatkan pemandangan yang bagus dengan cahaya lampu warna-warni, sebaiknya berkunjung pada malam hari. Karena memiliki latar belakang pemandangan jembatan Pasupati yang merupakan simbol kota.","""Untuk menghadirkan pemandangan yang bagus dengan cahaya lampu berwarna-warni, sebaiknya datang di waktu malam. Karena memiliki latar belakang pemandangan jembatan Pasupati yang menjadi simbol kota.""",0.9761574864387512
"Aku teka ning resto sapulidi iki merga ana rekomendasi saka internet sing tau tak waca lak pemandangan sing apik banget lan panggon mangan pas ning sawah sing nggarai aku sir teka nyang panggon iki. Nanging pas aku teka kabeh ganti dadi elek, mulai panggon parkir sing isa diarani enek, dalan akses amoh lan panggon akses sing cilik.","Saya datang ke resto sapulidi ini karena rekomendasi dari internet yang pernah saya baca bahwa pemandangan yang sangat bagus dan tempat makan tepat di sawah yang membuat saya tertarik untuk datang ke tempat ini. Namun ketika saya sampai semua hal berubah menjadi buruk, mulai dari tempat parkir yang bisa dikatakan tersedia, jalan akses rusak dan kecilnya tempat akses.","""Saya datang ke resto-resto ini karena ada rekomendasi dari internet yang pernah saya baca kalau pemandangan yang sangat bagus dan tempat makan berada di atas sawah yang membuat saya ingin datang ke tempat ini. Tetapi saat saya datang ternyata semua berubah menjadi buruk, mulai dari tempat parkir yang sangat sulit, jalan akses sulit serta tempat akses yang sempit.""",0.9552604556083679
"Amarga ngelih, aku pesen indomie.","Karena lapar, saya pesan indomie.","""Karena lapar, saya pesan indomie.""",0.9357776045799255
"Sate wedhus lan gule wedhuse maknyus, penyajian panganane uga cepet tenan. Panggonane cukup resik","Sate kambing dan gulai kambingnya maknyus, penyajian makanannya juga sangat cepat. Tempatnya cukup bersih","Sate kambing dan gulanya maknyus, penyajian makanannya juga cepat sekali. Tempatnya cukup bersih",0.984393298625946
"Sup guramene enak, pelayanane cepet, grapyak. Restoran resik. Amarga porsi sega sithik tenan, kanggo sing doyan mangan mesthi nambah.","Sup guramenya enak, pelayanan cepat, ramah. Restoran bersih. Karena porsi nasi sangat sedikit, buat yang doyan makan pasti menambah.","""Sup guramannya enak, pelayanan cepat, ramah. Restoran bersih. Karena porsi nasi sedikit banget, buat yang suka makan pasti tambah.""",0.9627072215080261
"Restorane ana pemandangan curuge, panggonan mangan kaya saung. Saunge ana akeh saka ngisor munggah nganthi ing ndhuwur, saya munggah saya katon pemandangan curuge.","Restorannya ada pemandangan air terjunnya, tempat makan berupa saung. Saungnya ada banyak dari bawah naik hingga ke atas, semakin ke atas semakin terlihat pemandangan air terjunnya.","""Restorannya ada pemandangan curug, tempat makan seperti saung. Saunya ada banyak dari bawah ke atas, saya naik saya merasa pemandangan curug.""",0.9230964183807373
"Pelayane grapyak. Nggarai terus pingin teka maneh. Kebeneran uga kerep nginep ning kene, hotele resik lan pemandangane saka kamar hotel apik.","Pelayannya ramah. Bikin selalu ingin datang kembali. Kebetulan juga sering menginap di sini, hotelnya bersih dan pemandangan dari kamar hotel bagus.","Pelayannya ramah. bikin pengen kembali lagi. Sebenarnya juga sering menginap di sini, hotelu bersih dan pemandangannya dari kamar hotel bagus.""",0.9583424925804138
"Mangan mbengi karo kabeh kaluwarga ing dina ulang taun bojo ndhuweni kesan tenan kanthi suasana sing narik ati ing hotel. Pelayanan sing grapyak tenan saka mas tian. Ora kudu ngenteni suwi, panganan lan ombean sing dipesen.","Makan malam bersama seluruh keluarga di hari ulang tahun suami menjadi sangat berkesan dengan suasana yang menawan di hotel. Pelayanan yang sangat ramah dari mas tian. Tidak perlu menunggu lama, makanan dan minuman yang dipesan.","Makan malam bersama seluruh keluarga di hari ulang tahun suami memiliki kesan memang luar biasa dengan suasana yang menghangatkan hati di hotel. Pelayanan yang ramah sekali dari mas tian. Tidak perlu menunggu lama, makanan dan minuman yang dipesan.""",0.966895341873169
"Obong terus pak, suwek-suwek wae persatuan lan kesatuan Indonesia nganggo retorika mu.","Bakar terus pak, cabik-cabik saja persatuan dan kesatuan Indonesia dengan retorika mu.","Tolong terus pak, diam-diam saja persatuan dan kesatuan Indonesia dengan retorika mu.""",0.9375815391540527
"Manggon ana ing pinggiran bukit, panggonane amba, nyenengake lan nyaman. Nduwe pemandangan sek nyenengake mripat, kaya gunung, kebon, lan kutha bandung nalika didhelok saka ndhuwur. Pegawaine cekatan lan grapyak. Menu panganane akehe menu steak sanajan uga ana menu sega goreng, gurame, lan liya-liyane. Restoran sing direkomendasikake kanggo diparani nalika teka ing bandung.","Terletak di tepi bukit, tempatnya luas, menyenangkan dan nyaman. Memiliki pemandangan yang memanjakan mata, seperti gunung, perkebunan, dan kota bandung jika dilihat dari atas. Pegawainya cekatan dan ramah. Menu makanan di dominasi oleh menu steak walaupun ada juga menu nasi goreng, gurame, dll. Restoran yang direkomendasikan untuk dikunjungi ketika datang ke bandung.","""Tempatnya di pinggiran bukit, tempatnya luas, menyenangkan dan nyaman. Memiliki pemandangan yang sangat menakjubkan, seperti gunung, kebun, dan kota bandung ketika dilihat dari atas. Pegawainya ramah dan komunikatif. Menu makanan akanha banyak menu steak meskipun juga ada menu nasi goreng, gurame, dan lainnya. Restoran yang direkomendasikan bagi para wisatawan ketika berkunjung ke bandung.""",0.9588700532913208
Bca lagi ngadakake acara ulang tahun lan ngundang kabeh karyawane kanggo melu acara kuwi.,Bca sedang mengadakan acara ulang tahun dan mengundang seluruh karyawannya untuk mengikuti acara tersebut.,"Bca sedang mengadakan acara ulang tahun dan mengundang semua karyawannya untuk ikut dalam acara itu.""",0.9757634997367859
"Kawit mbukak cendana bistro aku wis njajal panganan, dinggo aku kurang cocok, panganane biasa-biasa ora ana sing spesial.","Sejak buka cendana bistro saya sudah coba makanan, untuk saya kurang cocok, makanannya biasa-biasa tidak ada yang spesial.","Kesan pertama cendana bistro saya sudah mencoba makanan, untuk saya kurang cocok, makanannya biasa-biasa tidak ada yang spesial.""",0.9735849499702454
Minimal biaya transaksi wulan 11 sing kudune dibalekake wulan 12 wingi ora mlebu ing rekeningku kie.,Minimal biaya transaksi bulan 11 yang harusnya direfund bulan 12 kemarin tidak masuk ke rekening saya nih.,"Minimal biaya transaksi bulan 11 yang seharusnya dikembalikan bulan 12 kemarin tidak masuk ke rekening saya ini.""",0.9548023343086243
"Sakwise kalap blanja, dhewe mutusake kanggo mangan ing warung tenda pinggir dalan. Ana ing lelungan marang hotel, dhewe lewat dalan cilik kanggo nyingkir saka macet, lan ketemu warteg iki. Pas teka rame banget! Dhewe kudu antri sediluk. Dhewe pesen sega uduk, pithik bakar madu, usus, kubis goreng. Rasane enak! Pithik bakar madune parah nggawe kemaningan banget!","Setelah kalap belanja, kami memutuskan untuk makan di warung tenda pinggir jalan. Dalam perjalanan pulang ke hotel, kita lewat jalan kecil untuk menghindari macet, dan bertemu warteg ini. Pas datang ramai banget! Kita mesti antre sebentar. Kami pesan nasi uduk, ayam bakar madu, usus, kol goreng. Rasanya enak! Ayam bakar madunya parah bikin ketagihan banget!","Setelah berbelanja, kami memutuskan untuk makan di warung tenda pinggir jalan. Ada di perjalanan menuju hotel, kami lewat jalan kecil untuk menghindari macet, dan tiba di warteg ini. Saat datang ramai sekali! Kami harus antri sedikit. Kami pesan nasi uduk, ayam bakar madu, usus, kubis goreng. Rasanya enak! Ayam bakar madunya parah bikin kangen banget!""",0.9681838750839233
Beritane sing ora berkualitas lan ora ndidik pol. Kebeg kepentingan lan golek rai.,Pemberitaanya yang tidak berkualitas dan sangat tidak mendidik. Penuh kepentingan dan pencitraan,"Berita yang tidak berkualitas dan tidak mendidik sama sekali. Jauh dari kepentingan dan mencari untung semata.""",0.9023570418357849
Bakul alon nanggepi. Ana masalah suwe diurus. Nganti saiki barang urung diganti,Penjual lambat menanggapi. Ada kendala lama diurus. Sampai sekarang barang belum diganti,Paket tiba dengan luang waktu. Ada masalah lama diatasi. Sampai sekarang barang belum diganti,0.9255937933921814
Aja lewatke diskon langsung nganti Rp 10 yuta ning kene!,Jangan lewatkan diskon langsung hingga Rp 10 juta di sini!,"Jangan lewatkan diskon langsung Rp 10 ribu di sini!""",0.9645174741744995
Pt kami lan 12 bank wis tapak asma pembiayaan lrt jabodetabek,Pt kami dan 12 bank sudah menandatangani pembiayaan lrt jabodebek,"""Pt kami dan 12 bank sudah tanda tangan pembiayaan lrt jabodetabek""",0.9391025900840759
"Nembe ngerti babagan panggonan iki saka kanca, wektu dhewe teka pengunjunge ora patia akeh, dadi dhewe milih kanggo lungguh ing lantai loro karo nikmati pemandangan ing njaba. Mbengi kuwi lagi ana pagelaran musik, aku kurang ngerti apa pagelaran musik iki ana saben dina apa ora.","Baru tahu tentang tempat ini dari teman, waktu kami datang pengunjungnya tidak terlalu banyak, jadi kami memilih untuk duduk di lantai dua sambil menikmati pemandangan di luar. Malam itu sedang ada pertunjukan musik, saya kurang tahu apakah pertunjukan musik ini ada tiap hari atau tidak.","Mau tahu tentang tempat ini dari teman, waktu kami datang pengunjungan tidak terlalu banyak, jadi kami memilih untuk duduk di lantai kedua sambil menikmati pemandangan di bawah. Malam itu sedang ada pertunjukan musik, saya kurang tahu apa pertunjukan musik ini ada setiap hari tidak atau tidak. ",0.983398973941803
Aku pingin tuku 20 tiket dinggo laga persebaya vs arema sesok.,Saya ingin beli 20 tiket untuk laga persebaya vs arema besok.,"""Saya ingin membeli 20 tiket untuk pertandingan persebaya vs arema besok.""",0.966356635093689
"Panganan uwis oke, nanging kanggo nata panggonan lungguh kurang, katon rame banget dadi ora nyaman, rega lumayan kanthi kualitas sing kurang.","Makanan sudah oke, namun untuk penataan tempat duduk kurang, terlihat terlalu ramai sehingga tidak nyaman, harga lumayan dengan kualitas yang kurang.","Makanan sudah ok, tetapi untuk tempat duduk lama kurang, terlihat ramai sekali sehingga tidak nyaman, harga lumayan dengan kualitas yang kurang.""",0.9680469632148743
"Aku seneng suwi-suwi ning kene, merga kahanane enak, pencahayaane apik, ana plihan isa ning jaba nggen utawa ning jero. Panganane lumayan.","Saya senang berlama-lama di sini, karena suasananya enak, pencahayaannya bagus, ada pilihan bisa di luar ruangan atau di dalam. Makanannya lumayan.","""Saya suka lama-lama di sini, karena suasananya enak, pencahayaannya bagus, ada pilihan bisa di luar atau di dalam. Makanannya lumayan.""",0.9822375774383545
Kabeh sing diomongne pak rocky iku ora ana dasare. Nggumun yo kok isa dadi profesor.,Semua yang diomongin sama pak rocky itu tidak berdasar. Heran ya kok bisa jadi professor.,"Semua yang diomongnya pak rocky itu tidak ada dasarnya. Menggumam ya kok bisa jadi profesor.""",0.9411980509757996
"Restoran iki nduweni lokasi sing prima ing bukit-bukit sing nduweni hawa sejuk lan pemandangan ijo nyegerake. Mesthi wae tujuan utamane yaiku masakan khas nusantara sing nikmat. Cekake, ngunjungi mrene dhewe entuk ngelakokake sisan wisata ilat, mripat, lan jiwa.","Restoran ini memiliki lokasi yang prima di perbukitan yang memiliki udara sejuk dan pemandangan hijau menyegarkan. Tentu saja tujuan utamanya adalah masakan khas nusantara yang nikmat. Singkatnya, berkunjung ke sini kita dapat melakukan sekaligus wisata lidah, mata, dan jiwa.","""Restoran ini memiliki lokasi yang prima di bukit-bukit yang memiliki udara sejuk dan pemandangan hijau menyegarkan. Pasti saja tujuan utamanya adalah masakan khas indonesia yang nikmat. Cek dan kunjungi ke sini kita dapat menghilangkan bosan wisata alam, pantai, dan jiwa.""",0.9428315162658691
"Bojoku sek ora terlalu seneng karo ramen, kanggo siki deknen ngomong nek enak lan gurih. Deknen malah mesen maneh kanggo deknen sakwise nyicipi pesenanku.","Istri saya yang tidak terlalu suka ramen, untuk kali ini dia bilang enak dan gurih. Dia malah memesan lagi untuk dirinya setelah mencicipi pesanan saya.","Istri saya yang tidak terlalu suka dengan ramen, untuk sekarang katanya enak dan gurih. Dia malah pesanan lagi untuk dirinya setelah mencicipi pesanan saya.""",0.9756326675415039
Panggone nyaman. Rasane enak. Regane uga saat. Weduse ora prengus. Pokoke cocok kanggo wong sing seneng njajan wedus.,Tempatnya nyaman. Rasanya enak. Harganya juga saat. Kambingnya tidak bau. Pokoknya recomend buat pecinta kuliner kambing.,"""Tempatnya nyaman. Rasanya enak. Harganya juga terjangkau. Jangan takut kotor. Pokoknya cocok buat orang yang suka mencicipi udang.""",0.9198709726333618
"Salah siji restoran panganan laut paling apik ing kota iki. Apike teka pas preinan dina setu, yuyu isih apik lagi teka. Rega kompetitif, ora murah pancen nanging ora kelarangen kok.","Salah satu restoran seafood terbaik di kota ini. Sebaiknya datang pas liburan hari sabtu, kepiting masih bagus baru datang. Harga bersaing, tidak murah memang tapi tidak kemahalan kok.","Salah satu restoran makanan laut terbaik di kota ini. Enak datang saat malam hari, yuyu masih bagus datang. Harga kompetitif, tidak murah memang tapi tidak mengecewakan kok.""",0.9249420762062073
"Kanggo nggolek batagor sing asli, kowe ora perlu adoh-adoh nggoleke marang pelosok, cukup arahke kendaraan marang dalan saka djunjunan, dhewe isa nikmati batagor asli sing enak kanthi panggonan sing kapenak. Rasa batagor sing ditawakake ngugah salira tenan amarga batagor disajikake garing-garinge lan diguyang kuwah kacang sing seger","Untuk menemukan batagor yang otentik, anda tak perlu jauh-jauh mencarinya ke pelosok, cukup arahkan kendaraan ke jalan dari djunjunan, kita dapat menikmati batagor asli yang enak dengan tempat yang nyaman. Rasa batagor yang ditawarkan sangat menggugah selera karena batagor disajikan garing-garingnya serta disiram kuah kacang yang segar","Untuk mencari batagor yang asli, kamu tidak perlu jauh-jauh mencari ke pelosok, cukup arahkan kendaraan kepada jalan dari menjungan, kita dapat menikmati batagor asli yang enak di tempat yang nyaman. Rasa batagor yang disajikan sangat menggugah selera benar karena batagor disajikan renyah-renyah dan diguyakan kuah kacang yang segar",0.9540362358093262
"Citarasane biasa wae, ora ana sek spesial. Kudune ngenteni cukup suwi nganti teka panganane, pelayane uga kurang grapyak.","Citarasa biasa saja, tidak ada yang spesial. Harus menunggu cukup lama datangnya makanan, pelayan juga kurang ramah.","Citarasa biasa saja, tidak ada yang spesial. Seharusnya menunggu cukup lama sampai datang makanannya, pelayannya juga kurang ramah.""",0.9646881818771362
Roti ulang tahune spesial nganggo ndhog sakpiring ditambah mozzarella kanggo kowe,Kue ulang tahun spesial pakai telur sepiring plus mozzarella buat kamu,Roti ulang tahun spesial dengan keju segar sepi plate plus mozzarella untuk kamu,0.915061354637146
Arep nesu marang indosat! Kok sinyale ilang terus si,Mau marah ke indosat! Kok sinyalnya hilang melulu si,Mau marah ke indosat! Kok sinyalnya hilang terus si,0.9722210168838501
"Omah mangan sing ngusung konsep tradisional alias jadul iki pantes kowe coba. Kejaba rasane sing pas, warung iki duweni sawetara perkara unik kaya piring sing dienggo yaiku piring seng jaman mbiyen karo gelas ombeane. Jenis menune aneka werna banget. Lan sakkabehe enak enak!","Rumah makan yang mengusung konsep tradisional alias jadul ini patut anda coba. Selain rasanya yang pas, warung ini memiliki beberapa hal unik seperti piring yang digunakan adalah piring seng zaman dahulu berikut gelas minumnya. Jenis menunya sangat beragam. Dan semuanya enak enak!","""Rumah makan yang mengaplikasikan konsep tradisional alias kuno ini layak kamu coba. Kejaban rasanya yang pas, warung ini juga memiliki beberapa hal unik seperti piring yang digunakan adalah piring seng jaman dulu serta gelas minumannya. Jenis menunya sangat diverse. Dan secara keseluruhan enak enak!""",0.9511853456497192
Kfc Palembang Square kerep dadi peyelamat pas luwe pas aku nginep ning sekitar hotel ning lokasi iku. Kabeh wong seneng kfc. Dadi. Kfc ning lokasi iki nyepetne sampeyan dinggo pesen pas sampeyan keluwen ning jero hotel.,Kfc Palembang Square seringkali menjadi penyelamat di saat lapar saat saya menginap di sekitaran hotel di lokasi itu. Semua orang suka kfc. So. Kfc di lokasi ini menyegerakan anda untuk memesan saat anda kelaparan di dalam hotel.,"""Kfc Palembang Square sering menjadi penyelamat pas lapar pas saya menginap di sekitar hotel di lokasi itu. Semua orang menyukai kfc. Jadi. Kfc di lokasi itu menyempurnakan anda untuk pesan pas anda tiba di luar hotel.""",0.9617656469345093
Aneka werna ombean seger kasadia awit saka jus buah nganti rena-rena teh.,Berbagai macam minuman segar tersedia mulai dari jus buah sampai aneka teh.,"""Segar dan sehat dimulai dari jus buah hingga aneka macam teh.""",0.915691614151001
"Dekwingi 10 Maret 2015, aku dijak anakku mangan awan ning kene. Aku pesen urang kremes lan jangan asem. Bener-bener enak. Lan sing spesial ning kene yaiku sambele, pedes nanging pancet gelem nambah. Jus blackberryne uga enak.","Kemarin 10 Maret 2015, saya diajak anak saya makan siang di sini. Saya pesan udang kremes dan sayur asam. Betul-betul enak. Dan yang spesial di sini adalah sambalnya, pedas tapi tetap mau menambah. Jus blackberrynya juga enak.","""Kemarin 10 Maret 2015, saya diajak anak saya makan siang di sini. Saya pesen nasi kremes dan jangan asam. Benar-benar enak. Dan yang spesial di sini adalah sambalnya, pedas tetapi tetap ingin menambah. Jus blackberrynya juga enak.""",0.9747971892356873
Ndhuwe restoran kudu mewah rapi mosok iki lumuten jamuren pelayane kurang muasake mosok aku ditumpahi banyu sek ombeyane ana madune aku iki alergi madu,Punya restoran harus mewah rapi masa ini berlumut berjamur pelayan kurang memuaskan masa saya ditumpahkan air mana minumnya ada madu saya itu alergi madu,"""Memiliki restoran harus mewah rapi kok ini makanya jorok pelayannya kurang memuaskan maksud saya ini ditumpahkan air yang bersumber dari sungai yang berdekatan saya ini alergi madu""",0.9048175811767578
"Aku nembe bae ganti kartu sing rusak, nanging tetep ora ana sinyal.","Saya baru saja ganti kartu yang rusak, tapi tetap tidak ada sinyal.","""Saya tukar bae ganti kartu yang rusak, tapi tetap tidak ada sinyal.""",0.9514977335929871
Adohi narkoba yaiku salah siji cara sing isa digunakake kanggo ningkatake kualitas anak bangsa.,Jauhi narkoba adalah salah satu cara yang bisa digunakan untuk meningkatkan kualitas anak bangsa.,"Jauhkan narkoba adalah salah satu cara yang bisa digunakan untuk meningkatkan kualitas anak bangsa.""",0.968468427658081
"Kafe iki ndhuweni arsitektur bangunan kang apik banget. Amarga penasaran, aku njupuk wektu muteri karo ngenteni panganan teka. Ana galeri sing kebak karo koleksi-koleksi kayu lan ing njaba galeri, katon pemandangan bandung saka ndhuwur. Ing sakitare uga akeh kursi kang digawe saka kayu lan uga watu-watu. Saka panganane, regane kalebu lumayan standar cocok karo kafe-kafe. Aku seneng suasanane.","Kafe ini memiliki arsitektur bangunan yang sangat bagus. Karena penasaran, saya meluangkan waktu berkeliling sembari menunggu makanan datang. Ada galeri yang penuh dengan koleksi-koleksi kayu dan di luar galeri, tampak pemandangan bandung dari ketinggian. Di sekitar banyak juga kursi terbuat dari kayu dan juga bebatuan. Dari sisi makanan, harganya termasuk relatif standar sesuai dengan cafe-cafe. Saya suka suasananya.","""Kafe ini memiliki arsitektur bangunan yang sangat indah. Karena penasaran, saya mengambil waktu untuk melihat dan menunggu makanan datang. Ada galeri yang penuh dengan koleksi-koleksi kayu dan di dalam galeri, terlihat pemandangan bandung dari atas. Di sekelilingnya juga banyak kursi yang terbuat dari kayu dan batu-batu. Dari makanan, harganya cukup standar cocok dengan kafe-kafe. Saya suka suasananya.""",0.9638447761535645
"Nganggoa kunci duplikat, bank bri ing tengah kutha dibobol maling, dhuwit rp 1 miliar muspra.","Gunakan kunci duplikat, bank bri di pusat kota dibobol maling, uang rp 1 miliar lenyap.","Gunakan kunci duplikat, bank bri di tengah kota dibobol maling, uang rp 1 miliar tersedot.""",0.9759885668754578
"Mbengi sekitar jam pituan dijak pelanggan marang panggonan mangan iki, umume sih panganane luwih akeh sek di goreng-goreng ngono kaya pithik, babat, usus, ati ampela, nanging miturutku sih rasane biasa wae, lan minyake ing panganan akeh banget. Nanging variane cukup akeh:","Malam sekitar jam tujuan diajak klien ke tempat makan ini, over all sih makanannya lebih banyak yang di goreng-goreng begitu kayak ayam, babat, usus, ati ampela, tapi menurut saya sih rasanya biasa saja, dan minyaknya di makanan terlalu banyak. Tapi variannya cukup banyak:","Malam sekitar jam tujuh dijak pelanggan ke tempat makan ini, umumnya sih makanannya lebih banyak yang digoreng-goreng gitu macam ayam, babat, usus, hati ampela, tapi menurut saya sih rasa makanannya biasa saja, dan minyaknya di hidangan terlalu banyak. Namun variannya cukup banyak:""",0.9696168303489685
"Hai angga, dingge penerbitan tiket owahan jadwal kudu nglakokne pembayaran disik ya.","Hai angga, untuk penerbitan tiket perubahan jadwal diharuskan melakukan pembayaran dulu ya.","""Hai angga, untuk penerbitan tiket pulang jadwal harus melunak kan pembayaran dulu ya.""",0.9297894835472107
Masku dodol iphone 8 kanggo tuku ps5,Kakak lelaki saya menjual iphone 8 untuk membeli ps5,"""Kamu jual iphone 8 pakai uangnya beli ps5""",0.8913196921348572
Aku mbela-mbelani saka bogor 7 jam kanggo mangan sup buntute nanging aku enteni saka jam 8.30 hurung buka uga. Akhire aku teka jam 10.00. Pesen sup buntute hurung ana kanthi alesan mau mbengi rame dadi kokine isih kesel. Wow alesan macem apa kaya kuwi? Beda tenan wektu aku mangan 1 taun kepungkur ya. Panggonane reged tenan kaya ora niat ndhuwe usaha.,Saya bela-belain dari bogor 7 jam demi makan sup buntutnya tetapi saya tunggu dari jam 8.30 belum buka juga. Akhirnya saya datang jam 10.00. Pesan sup buntut belum ada dengan alasan tadi malam ramai jadi chefnya masih tepar. Wow alasan macam apa seperti itu? Beda sekali waktu saya makan 1 tahun yang lalu ya. Tempat sangat kotor seperti tidak niat punya usaha.,"""Saya kelaparan dari bogor 7 jam untuk makan sup buntutnya tapi saya datang jam 8.30 belum buka juga. Akhirnya saya datang jam 10.00. Sup buntutnya belum ada dengan alasan mau malam ramai jadi kokinya masih lelah. Wow alasan macem macam apa itu? Berbeda waktu saya makan 1 tahun yang lalu ya. Tempatnya ramai sekali seolah tidak punya usaha.""",0.9549883604049683
"Kanggo ngecek layanan mandiri verified by visa vbv ora isa lewat layanan mandiri call 14000, nanging mung isa lewat email lan kantor cabang bank mandiri.","Untuk pengecekan layanan mandiri verified by visa vbv tidak dapat melalui layanan mandiri call 14000, namun hanya bisa melalui email dan kantor cabang bank mandiri.","Untuk cek layanan mandiri verified by visa vbv tidak bisa melalui layanan mandiri call 14000, tapi hanya bisa melalui email dan kantor cabang bank mandiri.""",0.9795053601264954
"Kudu njajal nggo nyantai utawa mangan mbengi nang 18th iki, pemandangan sek katon ki apik lan sek dadi daya tarik nang 18th yaiku ndue mester kaca. Regane lumayan larang amarga panggonane ana ing trans hotel, namung unda-undi karo rasa kepenake.","Harus coba untuk bersantai atau makan malam di the 18th ini, pemandangan yang didapat baik dan yang menjadi daya tarik di the 18th terdapat lantai kaca. Untuk harga cukup tergolong mahal karena terletak di trans hotel, tetapi sebanding dengan rasa kenyamanannya.","Harus cobain deh nongkrong atau makan malam ke 18th ini, pemandangan yang terlihat seperti indah dan yang jadi daya tarik ke 18th adalah memiliki lantai kaca. Harganya lumayan mahal karena tempatnya ada di trans hotel, tapi bukan berarti rasa nikmatnya berkurang.""",0.9261236786842346
Salah siji mal nganggo konsep sing lumayan unik. Akeh pilihan restoran dadi cocok dingge ngentekne wektu bareng kanca-kanca.,Salah satu mal dengan konsep yang cukup unik. Banyak pilihan restoran sehingga cocok untuk menghabiskan waktu bersama teman-teman.,"Salah satu mal yang punya konsep yang cukup unik. Banyak pilihan restoran sehingga cocok untuk menghabiskan waktu bersama teman-teman.""",0.9850085377693176
"Lokasine ana ing dalam utama dadi gampang dhewe kanggo tekan panggonane, yen ora nduwe kendaraan dhewe iki bisa ditekani kanggo kendaraan umum. Menu panganane akeh tenan lan ana pirang-pirang menu sing anyar pisanan aku nemu ing kedai iki, rasane enak kanggo rega sing standar, panggonane kapenak tenan.","Lokasinya berada di jalan utama sehingga memudahkan kami untuk mencapai tempatnya, jika tidak memiliki kendaraan pribadi tempat ini dapat dijangkau dengan kendaraan umum. Menu makanannya sangat banyak dan ada beberapa menu yang baru pertama kali saya temukan di kedai ini, rasanya pun enak dengan harga yang standar, tempatnya sangat nyaman.","Lokasi berada di dalam utama sehingga mudah bagi kita untuk ketemu tempatnya, apabila tidak memiliki kendaraan kita ini bisa ditempuh oleh kendaraan umum. Menu makanan sangat banyak dan ada beberapa menu yang baru saya temui di kedai ini, rasanya enak untuk harga yang standar, tempatnya sangat nyaman.""",0.9609968066215515
Panggonan iki ora cocok kanggo kaluwarga sing nggawa bayi. Dalanane curam tenan. Kanggo anjungan foto ing njaba mung entuk diisi  paling akeh 10 uwong nanging isih akeh sing meksa munggah kanggo foto.,Tempat ini tidak cocok untuk keluarga yang membawa anak balita. Jalanan sangat curam. Untuk anjungan foto di luar hanya boleh diisi max 10 orang tetapi masih banyak yang memaksa naik untuk berfoto.,"Tempat ini tidak cocok buat keluarga dengan bayi. Jalannya sangat curam. Untuk spot foto di luar hanya bisa difoto  maksimal 10 orang tapi masih banyak yang terpaksa naik turun buat foto.""",0.9478489756584167
"Panggonan iki salah sawijine panggonan favoritku kanggo ndhelok bogor ing dina mbengi, kanthi suwasanane sing kapenak dikancani karo panganan lan ombeane lan pelayanane sing grapyak. Cahya kutha sing tenan-tenan ayu isa kethok saka kene. Panggonan sing direkomendasikake kanggo ngentekake wektu bareng pasangan, kaluwarga utawa kanca raket.","Tempat ini salah satu tempat favourite saya untuk melihat bogor di malam hari, dengan suasananya yang nyaman ditemani dengan makanan dan minumannya serta pelayanannya yang ramah. Cahaya kota yang benar-benar indah bisa terlihat dari sini. Tempat yang rekomendasi untuk menghabiskan waktu bersama pasangan, keluarga atau sahabat.","""Tempat ini merupakan salah satu tempat favorit saya untuk melihat bogor di malam hari, dengan suasana yang nyaman ditemani dengan makanan dan minuman serta pelayanan yang ramah. Cahaya kota yang sangat indah dapat keliatan dari sini. Tempat yang sangat direkomendasikan bagi wong romantis, keluarga maupun teman berlibur.""",0.9492324590682983
"Gela karo proses mbatalne tiket, wis 43 dina nanging ora ndang ditransfer. loket ora gelem ngelayani","Kecewa dengan proses pembatalan tiket, sudah 43 hari tapi tak kunjung ditransfer. loket tidak mau melayani","Menyebalkan dengan proses pembatalan tiket, sudah 43 hari tapi belum ditransfer. loket tidak mau melayani",0.96821528673172
"Pilian mangan lan ngombene akeh kanggo dipilih. Lan panggone gede, dibagi dadi pirang-pirang bagian lan konsep. Lak rega cukupan pas kanggo ning sak.","Pilihan makan dan minuman banyak untuk dipilih. Dan tempatnya besar, dibagi menjadi beberapa bagian dan konsep. Untuk harga cukup pas buat di kantong.","Pilihan makan dan minum banyak untuk dipilih. Dan tempatnya luas, dibagi jadi beberapa bagian dan konsep. Kalau harga cukup terjangkau buat yang di kantong.""",0.9727148413658142
"Restoran gaya jaman bityen. Ana display kue-kue, es krim uga. Suwasanane nyaman. Panganan khas omahan. Isa dinggo rombongan utawa karo kaluwarga. Panganane enak. Sega ulame enak. Sega tutug oncome uga oke. Masakan eropa, asia, nusantara kasadia ning kene. Karek milih. Bocah-bocah seneng mangan es krime ning kene.","Restoran bergaya zaman dahulu. Ada display kue-kue, es krim juga. Suasana nyaman. Makanan khas rumahan. Bisa untuk rombongan maupun dengan keluarga. Makannya enak. Nasi ulamnya enak. Nasi tutug oncomnya juga oke. Masakan eropa, asia, nusantara tersedia di sini. Tinggal pilih. Anak-anak suka makan es krimnya di sini.","""Restoran bergaya zaman dahulu. Ada display kue-kue, es krim juga. Suasana nyaman. Makanan khas omahan. Bisa buat rombongan atau keluarga. Makanannya enak. Sega ulamnya enak. Sega tunggulnya juga oke. Masakan eropa, asia, nusantara tersaji di sini. Pilihan banyak. Anak-anak suka makan es krim di sini.""",0.9561743140220642
"Salah sijine jeneng batagor sing kondhang ing bandung. Rasane nikmat, kanggo rega per buwahe rp. 10 ewu. Pesen 3 buwah kanggo aku cukup maregi amarga ukuran per buwahe cukup gedhe.","Salah satu nama batagor yang terkenal di bandung. Rasanya nikmat, untuk harga per buahnya rp. 10 ribu. Order 3 buah untuk saya cukup mengenyangkan karena ukurannya per buahnya cukup besar.","Salah satu nama batagor yang terkenal di bandung. Rasanya nikmat, dengan harga per buahnya rp. 10 ribu. Pesan 3 buah untuk saya cukup memuaskan karena ukuran per buahnya cukup besar.""",0.9816374182701111
Tau percaya karo body lotion citra nggarai wulu tambah akeh,Pernah percaya kalau body lotion citra bikin bulu tambah banyak,Tahu percaya dengan body lotion citra membuat kulit semakin banyak,0.9493826627731323
Macet nang ngendi-ngendi yen lagi preinan.,Macet di mana-mana kalau lagi liburan,Macet di mana-mana kalau lagi pelemparan.,0.9431137442588806
"Tulung dikabarne kronologi lengkape, pulsa awit karo keri karo nyebutne tim ya mas/mbak, tim bakale ngecek transaksi penggaweane pulsane","Mohon informasikan detail kronologi, pulsa awal dan akhir dengan mention tim ya kak, tim akan cek transaksi pemakaian pulsanya","Tolong disampaikan kronologi kejadian, pulsa habis bersamaan dengan bilang kepada tim ya mas/mbak, tim akan cek transaksi penggantian pulsa",0.9062568545341492
"Area mangan ing njabane nyenengake. Igane oke, rasane enak. Jus jeruke ditambah stroberine nikmat. Regane uga oke.","Area makan di luarnya menyenangkan. Iganya oke, rasanya enak. Jus orange plus stroberinya nikmat. Harganya pun oke.","Area makan di luar sangat menyenangkan. Makanan oke, rasa enak. Jus jeruk ditambah stroberi nikmat. Harga juga oke.""",0.9532256126403809
Kanggo kowe sek nggolek resto kanthi suwasana sek romantis ora salah maneh uga moro mrene. Lan yen kurang kowe pas-pasan pesen wae menu sek entheng-entheng. Aja diapusi karo gambar ana ing buku menu yen ora pengen nyesel. Menu sukine luwih oke namung kayane ngapae ya adoh-adoh macet-macetan mara mrene mung nggolek kuwi. Ing kutha luwih afdol kayane. Pemandangane jogja mbengine nyekel.,Buat anda yang mencari resto dengan suasana yang romantis tidak salah lagi ke sini saja. Dan kalau rendah anda pas-pasan pesan saja menu yang ringan-ringan. Jangan terkecoh dengan picture di buku menu kalau tidak mau menyesal. Menu sukinya lebih oke tapi kayaknya ngapain ya jauh-jauh bermacet ria ke sini cuma mencari itu. Di kota lebih afdol kayaknya. Pemandangan jogja malamnya memegang.,"""Untuk kamu yang mencari resto dengan suasana yang romantis tidak salah juga berkunjung ke sini. Dan jika kurang kamu pesan saja menu yang enteng-enteng. Jangan disesaingi dengan gambar pada buku menu kalau tidak mau menyesal. Menu favoritnya lebih oke tapi sepertinya menunggu juga lama-lama macet-macetnya kelamaan ke sini cuma mencari itu. Di kota lebih afdol sepertinya. Pemandangan jogja memang menyegel.""",0.9297946691513062
Rasane meh pada karo resto sing liyane sing dodolan iwak laut. Aman resik lan pelayanane cepet,Rasanya hampir sama dengan resto yang lain yang jualan seafood. Aman bersih dan pelayanannya cepat.,"""Rasanya hampir sama dengan resto yang lainnya yang berdedikasi ikan laut. Aman bersih dan pelayanannya cepat""",0.9462308287620544
Hasil itung cepet dinyatakne seje karo hasil survei nggarai aku nggumun.,Hasil quick count dinyatakan berbeda dengan hasil survei membuat saya bertanya-tanya.,"""Hasil quick count menunjukkan berbeda dengan hasil survei yang membuat saya heran.""",0.9331369996070862
"Kapisan marang mrene kuwi ngerayakake kelulusan adikku, panggonane kuwi loh, apik tenan. Desaine uga unik, apik, kapenak, kapenak, cocok tenan kanggo mangan mbengi bareng kaluwarga, pasangan, sedulur, lan kanca-kanca, pemandangane uga apik, panganane uga enak-enak. Regane sebanding karo pelayanane, ora gela marang mrene. Bener-bener direkomendasikake.","Pertama ke sini itu merayakan kelulusan adikku, tempatnya itu loh, keren banget. Desainnya juga unik, keren, nyaman, nyaman, cocok betul untuk makan malam bareng keluarga, pasangan, saudara, dan teman-teman, pemandangannya juga keren, makanannya juga enak-enak. Harga sebanding dengan pelayanannya, tidak menyesal ke sini. Sangat-sangat direkomendasikan.","Perjalanan ke sini adalah merayakan kelulusan adikku, tempatnya itu luar biasa, sangat, desainnya juga unik, bagus, nyaman, nyaman, sangat cocok untuk makan malam bersama keluarga, pasangan, saudara, dan teman-teman, pemandangannya juga bagus, makanannya juga enak-enak. Harga sebanding dengan pelayanan, tidak mengecewakan. Sangat direkomendasikan.""",0.967399001121521
"Kabisan ngerteni woconan mben uwong kuwi seje-seje, ana sing pisan moco langsung ngerti, ana uga sing butuh ping bolak-balik moco disik lagek ngerti.","Kemampuan memahami bacaan tiap orang itu beda-beda, ada yang sekali baca sudah paham, ada juga yang butuh berkali-kali baca dulu baru paham.","Kurasa kurang mengerti orang itu sepenuhnya, ada yang sampai now ngerti langsung tahu, ada juga yang butuh diskusi berulang sampai tahu.""",0.880290687084198
Wow tenan kaget karo layanan satuan pengamanane bkpn bromo malang. Tenan diskriminasi banget. Yen aku mung pengen informasi babagan produke deknen. Dhewe diremehake. Cenderung ngusir. Kuciwa tenan!,Wow benar-benar terkejut sama layanan satuan pengamanannya bkpn bromo malang. Benar diskriminasi banget. Kalau kita hanya mau informasi tentang produk mereka. Kita disepelekan. Cenderung mengusir. Kecewa sekali!,"""Wow sungguh terkejut dengan layanan satuan keamanan bkpn bromo malang. Sangat diskriminatif. Jika saya hanya ingin informasi tentang produknya mereka. Kami diremehkan. cenderung mengusir. kecewa sekali!""",0.9293096661567688
"Bandung terkenal dadi panggon produksi tahu lokal karo kuwalitas apik, salah siji sing paling apik isa digoleki ning warung talaga. Deweke nduwe pabrik dewe ning dalan Jendral sudirman, nanging ngembangne bisnise dadi sajian kuliner uga. Ana rena-rena pilihan sajian tahu. Direkomendasikne banget dinggo pecinta kuliner.","Bandung terkenal sebagai tempat produksi tahu lokal dengan kualitas prima, salah satu yang terbaik bisa dicari di warung talaga. Mereka punya pabrik sendiri di jalan Jendral sudirman, tapi mengembangkan bisnisnya menjadi sajian kuliner juga. Ada berbagai pilihan sajian tahu. Sangat direkomendasikan bagi pecinta kuliner.","Bandung terkenal jadi tempat produksi tahu lokal dengan kualitas bagus, salah satu yang terbaik bisa dicicipi di warung talaga. Dia punya pabrik sendiri di jalan Jendral sudirman, tapi mengembangkan bisnismenya jadi sajian kuliner juga. Ada berbagai pilihan sajian tahu. Sangat direkomendasikan bagi para penggemar kuliner.""",0.9777964353561401
Tulung dikirimke meneh tagihanku sasi wingi,Mohon dikirimkan kembali tagihan saya bulan lalu,Tolong dikirimkan lagi tagihan saya bulan lalu,0.959116518497467
"Salah siji menu paling tak senengi iku mcflurry rena-rena rasa liyane paket karo iwak pitik loro. Rumangsaku, pitike mcd nduwe citarasa dewe ning bagian dodone yo teksture alus lan bumbune gurih.","Salah satu menu favorit saya adalah mcflurry aneka rasa selain menu paket dengan dua ayam. Menurut saya, ayam mcd memiliki citarasa tersendiri di bagian dadanya pun memiliki tekstur yang lembut dan bumbunya gurih.","Salah satu menu favorit saya adalah mcflurry dengan berbagai rasa di lain paket dengan ayam fillet. Rasa saya, mahkluk mcd punya citarasa tersendiri di bagian dodonya ya teksturnya halus dan bumbunya gurih.""",0.9437274932861328
Aku ngrasa kaganggu ndelok parkiran mobil uwong nutupi dalan umum.,Saya merasa terganggu melihat parkiran mobil orang menutupi jalan umum.,"Saya merasa malu melihat parkiran mobil orang menutupi jalan umum.""",0.9679798483848572
"Satene gedi-gedi. Bumbune dipisah. Diwehi rajangan brambang lan lombok riwit didang, porsi lontong karo segane uga pas. Pokoke aku seneng.","Satenya besar-besar. Bumbunya dipisah. Dikasih irisan bawang merah dan cabe rawit dikukus, porsi lontong sama nasinya juga pas. Pokoknya saya suka.","Enak banget. Bumbunya dipisah. Di kasih rebusan terong dan lombok goreng sedikit ditangguhkan, porsi lontong sama sagenya pas. Pokoknya saya suka.""",0.9197275638580322
"Yen didelok-delok, sandiaga uno karo nadiem makarim mirip yo","Kalau dilihat-lihat, sandiaga uno sama nadiem makarim mirip ya","Kalau dilihat-lihat, satu-satunya beda sama dengan nadiem makarim mirip ya""",0.9149137735366821
Sugeng enjang. Wah kuciwa tenan mosok indihome internet ora kocek maneh. Aku kuwi mbayar larang. Aja nguciwakake dhewe sing dadi pelanggan,Selamat pagi. Wah kecewa berat masa indihome internet tidak kocek lagi. Saya itu bayar mahal. Jangan kecewakan kami sebagai pelanggan,Selamat pagi. Wah kecewa banget pak. Apa indihome internet tidak bisa lagi. Aku itu bayar lunas. Jangan kecewa kami yang menjadi pelanggan,0.9485231041908264
"Sopir ora teka ing panggonan kang dituju, nanging ing aplikasi wis picu munggah, lan gopay wis kapotong, kapok aku nganggi gojek","Driver tidak datang ke tempat tujuan, tetapi di aplikasi sudah picu naik, dan gopay sudah terpotong, kapok saya pakai gojek","Driver tidak tiba di tempat tujuan, namun di aplikasi sudah dipicu upload, dan gopay sudah dipotong, kapok saya gunakan gojek""",0.9724681377410889
"Panganan ning kene menurutku kurang enak ya, merga aku wong minang, aku ora tek seneng pangana  jawa sing legi hehe","Makanan di sini menurut saya kurang enak ya, karena saya orang minang, saya tidak terlalu suka makanan jawa yang manis hehe","""Makanan di sini menurut saya kurang enak ya, karena saya orang minang, saya tidak terlalu suka makanan jawa yang manis hehe""",0.9847172498703003
"Pajak, kak, arep njaluk nomor efin, sakdurunge wis aktifasi, namung lali password akun djponline,","Pajak, kak, mau minta nomor efin, sebelumnya sudah aktifasi, tapi lupa password akun djponline,","""Pajak, kak, mau minta nomor efin, setelah sudah diaktifkan, tapi lupa password akun djponline,""",0.9588391184806824
Musim udan kaya iki saban udan mesthi ora tenang wedi kabanjiran.,Musim hujan begini setiap hujan pasti tidak tenang takut kebanjiran.,Musim hujan seperti ini setiap hujan selalu tidak tenang banjir.,0.9326114654541016
Sate wedus H. Ihsan iki cukop terkenal ning tegal. Lak ora iso marani panggon ning pusate. Sampeyan isa uga nemokne sate wedus H Ihsan ning pirang-pirang panggon mangan ning kutha tegal.,Sate kambing H. Ihsan ini cukup terkenal di tegal. Apabila tidak bisa mengunjungi lokasi di pusatnya. Anda bisa juga menemukan sate kambing H Ihsan di beberapa tempat makan di kota tegal.,"Sate babi H. Ihsan ini cukup terkenal di kota tegal. Kalau tidak bisa kunjungi tempat di pusat kota. Anda bisa juga menemui sate babi H Ihsan di beberapa tempat makan di kota tegal.""",0.9789789319038391
"Saka okehe restoran sunda ing Bandung, miturutku Ciganea salah siji favoritku. Aku seneng amarga pithike khas, digorenge ora patio garing. Terus sambele uga ora kalah enak. Menu sing liya uga enak. Panggonane kaya omah, ora patio gedhe nanging cukuplah, lan uga resik.","Dari banyaknya restoran sunda di Bandung, menurut saya Ciganea salah satu favorit saya. Saya suka karena ayamnya khas, digorengnya tidak terlalu kering. Lalu sambalnya pun tidak kalah enak. Menu yang lain pun enak. Tempatnya seperti rumah, tidak terlalu besar tapi cukuplah, dan juga bersih.","Dari banyak restoran sunda di Bandung, menurut saya Ciganea adalah favorit saya. Saya suka karena dagingnya khas, gorengnya tidak terlalu garing. Terus sambalnya juga tidak kalah enak. Menu yang lain juga enak. Tempatnya seperti rumah, tidak terlalu besar tapi cukuplah, dan juga bersih.""",0.9794265627861023
"Hotel iki uwes ngadeg saka telung puluh tahun sing kapungkur, sakdurunge aku lair. Panginepan kapisan ning kota iki. Saiki uwis akeh ngadeg hotel ning kene.","Hotel ini sudah berdiri sejak tiga puluh tahun yang lalu, sebelum saya lahir. Penginapan pertama di kota ini. Sekarang sudah banyak berdiri hotel di sini.","""Hotel ini sudah berdiri selama bertahun-tahun yang lalu, sebelum saya tiba. Timbang sama di kota ini. Sekarang sudah banyak berdiri hotel di sini.""",0.9441141486167908
"Panganan ning kene pada kaya kfc liyane. Pithik gorenge krispi, gurih, lan enak.","Makanan di sini sama seperti kfc lainnya. Ayam gorengnya crispy, gurih dan enak","Makanan di sini pada kebanyakan merupakan kfc lainnya. Ayam gorengnya renyah, gurih, dan enak.""",0.9557912945747375
"Piye ora nesu ora, kena php indosat terus kie. Pulsane kepotong ludes ora ana turahe.","Bagaimana tidak marah coba, kena php indosat terus nih. Pulsa selalu terpotong ludes tak tersisa.","Kenapa tidak marah ya, minta php indosat terus nih. Pulsa habis tidak ada sisa pulsanya.""",0.9211354851722717
"Pelayanane batik air bisnis class ing halim nguciwakake, gelas reged / mambu, tv ora ana nganggo alesan pesawat anyar, aling methuk saka medhuk pesawat diilangake","Pelayanan batik air bisnis class di halim mengecewakan, gelas kotor / bau, tv tidak ada dengan alasan pesawat baru, penjemputan dari turun pesawat dihilangkan","Pelayanan batik air bisnis class di halim mengecewakan, gelas kotor / berbau, tv tidak ada pakai alasan pesawat baru, kemarin ποδοσφαιkan dari atas pesawat dihapus""",0.9450486302375793
Ngganggo laurier dobel pas arep turu pas menstruasi ben ora bocor,Pakai laurier double pas mau tidur saat menstruasi biar tidak bocor,"""Pake baju lapis ganda sebelum tidur kalau menstruasi biar tidak bocor""",0.9163779020309448
"Panggon mangane sederhana banget, nanging rasane juara. Komposisi bumbu kacange pas lan porsine ora tek akeh. Pengunjung sing teka rame banget.","Tempat makannya sangat sederhana, namun rasanya juara. Komposisi bumbu kacangnya pas dan porsinya tidak terlalu besar. Pengunjung yang datang sangat ramai.","Tempat makannya sangat sederhana, tetapi rasanya juara. Komposisi bumbu kacangnya pas dan porsinya tidak terlalu banyak. Pengunjung yang datang sangat banyak.""",0.9893779754638672
"Panggonan lan arsitektur panggonan iki oke banget, mung yen panganane lan ombeane ing kene ora patia maer. Enak kanggo mateni bareng kanca-kanca.","Lokasi dan arsitektur tempat ini oke banget, cuma kalau makanan dan minuman di sini tidak terlalu istimewa. Enak buat bunuh bareng teman-teman.","Tempat dan arsitektur tempat ini sangat bagus, hanya saja makanannya dan minumannya di sini tidak terlalu mahal. Enak untuk menenangkan bersama teman-teman.""",0.9452464580535889
Rasa panganan biasa ae lan suasanane ora istimewa dadi pisan ketekan wis cukup.,Rasa makanan biasa saja dan suasana tidak istimewa sehingga sekali kedatangan sudah cukup.,"""Rasa makanan biasa saja dan suasana tidak istimewa jadi agak ketekan sudah cukup.""",0.9254682660102844
Sing nglarang GBK didadekake panggonan konser pada songong-songong banget dah. Suket ning lapangan sapa sing pengin ngopeni yen ora ana duwit konser. Urung meneh kursi sing seneng dirusak supporter bal. Aduh.,Yang melarang GBK dijadikan venue konser pada songong-songong amat dah. Rumput di lapangan siapa yang mau pelihara kalau tidak ada duit konser. Belum lagi kursi yang suka dirusak supporter bola. Aduh.,"Yang melarang GBK dijadikan tempat konser pada songong-songong banget dah. Suket di lapangan siapa yang mau berapa biar konser. Jauh belum kursi yang seneng digusur supporter bal. Aduh.""",0.924738883972168
Gendeng ya. Pesen mix platter ae sampek luwih saka 30 menit. Takon nyang pelayane malah minggat. Ora responsif. Suwi.,Gila ya. Pesan mix platter saja sampai lebih dari 30 menit. Bertanya ke pelayannya malah kabur. Tidak responsif. Lama.,"Kagendengan ya. Pesen mix platter saja sampai lebih dari 30 menit. Tanyakan ke pelayannya malah berlalu. Tidak responsif. Lama.""",0.9433919787406921
"Pas jenuh karo oleh oleh khas bandung sing wis ana, dadi roti bakar tunggal isa dadi pilihan. Aku kerep tuku roti marie sing dibakar karo rasa sing enaakk, uga roti bakar karo rasa keju utawa coklate. Biasane aku tuku ning konter roti bakar tunggal ning paskal hyper square. Regane ancen rodok larang, nanging rumangsaku meh podo karo panganan oleh-oleh. Dadi ya ora isa uga diomongne larang. Lan toh rasane enak.","Saat jenuh dengan oleh oleh khas bandung yang sudah ada, maka roti bakar tunggal bisa menjadi pilihan. Saya sering beli roti marie yang dibakar dengan rasa yang yuummy, juga roti bakar dengan rasa keju atau coklatnya. Biasanya saya beli di counter roti bakar tunggal di paskal hyper square. Harganya memang agak mahal, tapi saya rasa hampir sama dengan makanan oleh-oleh. Jadi ya tidak bisa juga dibilang mahal. Dan toh rasanya enak.","""Ketika jenuh dengan oleh oleh khas bandung yang sudah bermasalah, jadi roti bakar tunggal menjadi pilihan. Saya sering beli roti marie yang dibakar dengan rasa yang sangat enak, juga roti bakar dengan rasa keju atau coklat. Biasanya saya beli di konter roti bakar tunggal di paskal hyper square. Harganya memang sedikit mahal, tapi rasa roti bakarnya pun sebanding dengan byasan oleh-oleh. Jadi ya tidak bisa juga diomong mahal. Dan toh rasanya enak.""",0.961809515953064
"Lunga bareng kaluwarga mangan mbengi, regane larang kanthi rasa sing biasa bae.","Pergi bersama keluarga makan malam, harganya mahal dengan rasa yang biasa saja.","""Jangan bersama keluarga makan malam, harganya mahal dengan rasa yang biasa saja.""",0.963630199432373
"Sugeng siang, biaya administrasi rek simpedes tp 5.500, - / sasi. Maturnuwun era","Selamat siang, biaya administrasi rek simpedes rp 5.500, - / bulan. Terima kasih era","Selamat siang, biaya administrasi rek simpedes tp 5.500, - / bulan. Terima kasih era""",0.9772439002990723
"Panggonan kapenak lan enak, kala-kala didadekake panggonan foto pre-wedding","Tempat nyaman dan enak, kadang dijadikan tempat foto pre-wedding","Tempat nyaman dan enak, sekaligus dijadikan tempat foto pre-wedding",0.9890542030334473
"Pelayanane apik banget, lan muasne saka segi panggon, apik banget isa ndelok pemandangan kutha pas wengi saka segi panganan, apik pol! Panganane enak banget ora nyesel ngge mara rene.","Pelayanannya sangat bagus, sangat memuaskan dari segi tempat, indah sekali bisa melihat pemandangan kota di malam hari dari segi makanan, terbaik! Makanannya enak sekali tidak menyesal untuk datang ke sini.","Pelayanan sangat baik, dan memuaskan dari segi tempat, sangat bagus bisa melihat pemandangan kota pada malam hari dari segi makanan, sangat bagus! Makanan sangat enak tidak menyesal berkunjung ke sini.""",0.9679668545722961
Arif tuku jaket billabong sek paling anyar,Arif membeli jaket billabong yang terbaru,Arif beli jaket billabong yang baru,0.9619141817092896
"Warung mangan sing uwis teka wiwit suwi lan uwis dadi kaya legenda kayane saiki uwis buka cabang. Terkenal amarga konsisteni rasa -ne uwis pirang-pirang tahun, sanadyan bangunan asli uwis dibongkar nanging kaasliane tetep dijaga lan tetep engel parkir. Sawetara wektu kepungkur ana setithik pangowahan nalika ibu chef utama uwis ora ketok maneh.","Warung makan yang telah hadir sejak lama dan telah menjadi semacam legenda, mungkin sekarang sudah buka cabang. Terkenal karena konsistensi rasa -nya selama bertahun-tahun, meskipun bangunan asli telah dipugar tetapi keaslian masih tetap dijaga dan tetap susah parkir. Beberapa waktu terakhir ada sedikit perubahan ketika ibu chef utama sudah tidak terlihat lagi.","Rumah makan yang pernah datang sekedap waktu lalu dan menjadi semacam legenda seakan sekarang telah buka cabang. Terkenal karena konsistensi rasa -nya yang sudah beberapa tahun, meskipun bangunan asli sudah dibongkar namun kaasliannya tetap dijaga dan tetap tersedia parkir. Sepanjang waktu kepunung beberapa tahun, ada sedikit tempat duduk ketika ibu chef utama sudah tidak muncul lagi.""",0.9361675381660461
Menehi bantuan nyang korban bencana dinggo pencitraan percuma. Apameneh dinggo publikasi. Sepurane banget. Muak aku.,Memberikan bantuan ke korban bencana untuk pencitraan percuma. Apalagi untuk publikasi. Maaf banget. Muak saya.,"""Memberikan bantuan kepada korban bencana untuk pencitraan sia-sia. Apalagi untuk publikasi. Sesak dan muak saya.""",0.9353134036064148
Rasa panganane biasa bae lan regane larang. Panggonane uga biasa. Lokasine ora patia adoh saka tengah kutha.,Rasa makanannya biasa saja dan harganya mahal. Tempatnya juga biasa. Lokasinya juga terlalu jauh dari pusat kota.,"""Rasa makanan biasa saja dan harganya mahal. Tempatnya juga biasa. Lokasi tidak terlalu jauh dari pusat kota.""",0.9709688425064087
Dingge mara nyang panggon iki dalane macet banget lan adoh saka pusat kutha. Saktekane ning kana ora ana bab sing spesial sing nggarai perjalanan adoh kebayar. Menune biasa ae.,Untuk menuju ke tempat ini jalannya sangat macet dan jauh dari pusat kota. Sesampainya di sana tidak ada hal yang spesial yang membuat perjalanan jauh terbayarkan. Menunya biasa saja.,"""Untuk ke tempat ini jalan macet sekali dan jauh dari pusat kota. Secara keseluruhan di sana tidak ada yang spesial yang membuat perjalanan jauh terbayar. Menunya biasa saja.""",0.9584614038467407
Rasa rotine enak. Variasi roti lan pacetane sing didol akeh. Rega standar. Paling seneng karo roti taware. Seneng.,Rasa rotinya enak. Variasi roti dan cemilan yang dijual banyak. Harga standar. Paling suka sama roti tawarnya. Suka.,"""Rasa roti biasa enak. Variasi roti dan isi yang banyak. Harga standar. Ter favorit dengan roti tawar. Suka.""",0.9393861293792725
"Deknen kuwi sapa sih? Kok isi beritane deknen kabeh, mbokane deknen mantan narapidana kae","Dia ini siapa sih? Kok isi berita dia semua, bukannya dia mantan narapidana itu","""Mereka itu siapa sih? Kok isi berita mereka semua, mbok apik mereka mantan narapidana sih""",0.9325817227363586
"Pengin mangan karo nikmati suwasana paris? Ora usah adoh-adoh menyang prancis, cukup menyang paris van java alias bandung. Braga permai iki rekomendasi banget kanggo mangan karo santai-santai. Panganane enak, regane mlebu akal lan suwasanane kapenak banget apamaneh meja sing ning jaba. Mangan karo nikmati suwasana bandung jaman mbiyen.","Ingin makan sembari menikmati suasana paris? Enggak usah jauh-jauh ke prancis, cukup ke paris van java alias bandung. Braga permai ini rekomendasi banget buat makan sambil santai-santai. Makanannya enak, harganya masuk akal dan suasananya nyaman banget apalagi meja yang di luar. Makan sambil menikmati suasana bandung tempo dulu.","""Ingin makan sambil menikmati suasana paris? Tidak usah jauh-jauh ke prancis, cukup ke paris van java alias bandung. Braga permai ini sangat rekomendasi untuk makan sambil santai-santai. Makanan enak, harga masuk akal dan suasana sangat nyaman dengan meja yang berada di luar. Makan sambil menikmati suasana bandung zaman dulu.""",0.9728931784629822
Yogyakarta iki ing saben pojokan dalan akeh hotel. Nanging eman. Kanggo kelas bintang 3 bae rega luwih larang kanthi pelayanan sing ora sepadan.,Yogyakarta ini di tiap sudut jalan banyak hotel. Tapi sayang. Untuk kelas bintang 3 saja harga lebih mahal dengan pelayanan tidak setara.,"Yogyakarta ini di setiap pojok jalan banyak hotel. Tapi sayang. Untuk kelas bintang 3 saja harga lebih mahal dengan pelayanan yang tidak sebanding.""",0.9722126722335815
Bakmine enak. Ditambah daging rica2ne mantep banget. Rasane si pedes-pedes nanging nikmat. Mangan siji krasa kurang tah.,Bakminya enak. Ditambah daging rica2nya super mantap. Rasanya sih pedas-pedas tapi nikmat. Makan satu berasa kurang deh.,"""Bakminen enak. Ditambah daging rica2nya mantap banget. Rasanya si pedas-pedas tapi nikmat. Makan satu kenikmatan kurang deh.""",0.954555869102478
Aplikasi bni mobile banking tulung didandani soale arep aktivasi akun ora isa.,Aplikasi bni mobile banking mohon diperbaiki soalnya mau aktivasi akun tidak bisa.,"Aplikasi bni mobile banking mohon diperhatikan bahwa akan aktif akun tidak bisa.""",0.9198728203773499
Anti nganggo power bank wiwit handphone samsungku bocor bateraine sakbanjure dingokake kuwi.,Anti pakai power bank semenjak handphone samsung gue bocor baterenya setelah dipakaikan gituan.,"""Jangan pakai power bank mulus handphone samsung saya terlekatnya itu.""",0.8906661868095398
"Botol uc1000 angel banget dibukake tah, marakna tangan lara","Botol uc1000 susah banget dibukanya dah, bikin tangan sakit","""Botol uc1000 susah sekali dibuka tah, sampai tangan pecah""",0.9162536859512329
"Nggolek suwasana nostalgia ing jogja, panggonan iki yaiku pilian sing pas! Menu panganane didominasi panganan-panganan sing kena pengaruh gaya panganan landa. Kasenenganku stik sirloin. Restoran iki uga ndhuweni toko roti kanthi pilian roti gaya jaman mbiyen.","Mencari suasana nostalgia di jogja, tempat ini adalah pilhan yang tepat! Menu makanan didominasi makanan-makanan yang dipengaruhi gaya makanan belanda. Favorit saya steak sirloin. Restoran ini juga memiliki toko roti dengan pilihan roti bergaya zaman dahulu.","Mencari suasana nostalgia di jogja, tempat ini merupakan pilihan yang pas! Menu makanannya didominasi makanan-makanan yang terinspirasi gaya makanan era. Kesukaan saya stik sirloin. Restoran ini juga punya toko roti dengan pilihan roti era lama.""",0.9569076299667358
Ketua dpr ngapresiasi pilkada barengan sing mlaku damai.,Ketua dpr mengapresiasi pilkada serentak yang berlangsung damai.,"Ketua dpr mengapresiasi pilkada serentak yang berjalan damai.""",0.9824278354644775
Ngurus gaji karyawan dhewe wae ora isa jare arep ngurus bumn. Mikir nganggo utek,Mengurus gaji karyawan sendiri saja tidak becus konon mau mengurus bumn. Mikir pake otak,Merawat gaji karyawan kami saja tidak bisa berhati-hati ingin merawat bumn. Berpikir dengan otak,0.9068348407745361
Ning indonesia pilihan merek telepon seluler kan melimpah. Lak ora seneng cara xiaomi nglakokne bisnise ya kari milih merek liya. Digawa santai wae.,Di indonesia pilihan merek telepon seluler kan melimpah. Kalau tidak suka cara xiaomi menjalankan bisnisnya ya tinggal pilih merek lain. Dibawa santai saja.,"""Di indonesia pilihan merek telepon seluler kan melimpah. Kalau tidak suka cara xiaomi menjalankan bisnisnya ya pilih merek lain. Di bawain santai saja.""",0.9831809997558594
"Nate mangan ning poolside hotel hilton? Jan ora rekomendasi kanggo rasa lan rega. Panganane kurang rasane, aku nggawa 20 uwong, kabeh gela.","Pernah makan di poolside hotel hilton? Sangat tidak rekomendasi untuk rasa dan harga. Makanan kurang rasa, gue bawa 20 orang, semua kecewa.","""Nate makan di poolside hotel hilton? Tidak rekomendasi untuk rasa dan harga. Makanannya kurang terasa, saya bawa 20 orang, semua kecewa.""",0.9689958095550537
Panggonane unik. Karo mangan uga dimanjakake kaliyan panggonan sing sarwa unik. Akeh kayu kayu lan galerine. Kanggo bocah uga aja kuatir. Ana dolanan bocahe. Dadi mangan dadi luwih santai.,Tempatnya unik. Sambil makan juga dimanjakan dengan tempat yang serba unik. Banyak kayu kayu dan galerinya. Buat anak juga jangan kuatir. Ada mainan anaknya. Jadi makan jadi lebih santai,"""Tempatnya unik. Untuk makan saja disenangi oleh tempat yang semuanya unik. Banyak kayu kayu dan galerinya. Untuk anak-anak juga jangan khawatir. Ada dolanan anak-anak. Jadi makan jadi lebih santai.""",0.9438405632972717
"Yen marang rene aku mesthi pesen budin sambel roa. Budine digoreng dipasake karo sambel roa, enak. Panganan sing liyane uga enak nanging kanggo aku lan kaluwarga sing paling enak ing kene ya mangan budin karo ngombe kopi.","Kalau ke sini saya selalu pesan singkong sambal roa. Singkongnya digoreng dipadankan dengan sambal roa, enak. Makanan yang lainnya juga enak tetapi buat saya dan keluarga yang paling enak di sini ya makan singkong sambil minum kopi.","""Kalau ke sini aku selalu pesan budi daging sambal roa. Budinya digoreng dipasukan sama sambal roa, enak. Makanan yang lain juga enak tapi untuk aku dan keluarga yang paling enak di sini ya makan budi sama minum kopi.""",0.9603683352470398
Telepone genggam eror pas kaping pisan diurupne,Telepon genggamnya eror pas pertama dinyalakan,Telepone genggam eror saat dihubungi,0.8782660961151123
Turu sing cukup saben dinane isa gawe awak ora kekeselen lan seger sawektu tangi ing dina esuk.,Tidur yang cukup tiap harinya bisa bikin badan tidak kecapekan dan segar ketika bangun di pagi hari.,"Turu yang cukup setiap malamnya bisa membuat badan tidak capek dan segar sekalau pagi di hari esok.""",0.9208142161369324
Restoran iki romantis tenan kanthi pemandangane sing apik tenan ing dina mbengi,Restoran ini sangat romantis dengan pemandangannya yang sangat indah di malam hari,"""Restoran ini sangat romantis dengan pemandangan yang sangat bagus di malam hari""",0.9433237314224243
"Sugeng sonten ibu, bab produk perbankan mandiri apa sing entuk dhewe rewangi? Yogi","Selamat sore ibu, perihal produk perbankan bank mandiri apa yang dapat kami bantu? Yogi","Selamat sore ibu, beritahu produk perbankan mandiri apa yang mendapat kami rekomendasi? Yg",0.929472804069519
"Suwasanane ing panggonan iki luwar biasa tenan. Pas kuwi dhewe teka ing sore ameh wengi, lan etuk panggonan sing ngadep ning air terjun. Gemricik banyu grojogan lan suwasana desa nambah nikmat suwasana mangan wengi dhewe pas kuwi. Panganan disajekake kanthi gaya tradisional lan rasane cukup apik kanggo ilate dhewe.","Suasananya di tempat ini sungguh luar biasa. Ketika itu kami datang pada senja menjelang malam, dan mendapatkan ruang yang menghadap ke air terjun. Gemericik air terjun dan suasana pedesaan menambah nikmat suasana makan malam kami ketika itu. Makanan disajikan dengan gaya tradisional dan rasanya cukup menarik untuk lidah kami.","Suasananya di tempat ini luar biasa sekali. Pas kami datang di sore hari berdebu, dan mendapatkan tempat yang menghadap ke air terjun. Deras air mengalir dan suasana pedesaan menambah nikmat suasana makan malam kami di saat itu. Makanan disajikan dengan gaya tradisional dan rasanya cukup enak untuk memuaskan lidah kami.""",0.9621707797050476
"Regane larang banget, padahal panganan sing didol panganan indonesia umume. Padahal kanggo nikmati panganan kaya ngene iki ing panggonan liyane adoh luwih murah. Sega goreng wae ing kene larang banget banget! Jengkel.","Harganya terlalu mahal, padahal makanan yang dijualkan makan indonesia umumnya. Padahal untuk menikmati makanan sejenis di tempat lain jauh lebih murah. Nasi goreng saja di sini mahal banget banget! Kesal.","Harganya mahal sekali, padahal makanan yang dibidik makanan indonesian umumnya. Padahal buat nikmati makanan seperti ini di tempat lain jauh lebih murah. Nasi goreng saja di sini mahal sekali! Kesal.""",0.9575188159942627
Ana ing akun mycare ku sek keblokir kuwi wis aku tambahake nomer im3 ku sek anyar,Dalam akun mycare saya yang terblokir tersebut sudah saya tambahkan nomer im3 saya yang baru,"""Di akun mycare saya yang terblokir itu sudah saya tambahkan nomor im3 saya yang baru""",0.9669115543365479
120 peserta sing lulus iki bakale dibagi dadi 4 kelas karo jumlah masing masing 30 murid,120 peserta yang lulus ini akan dibagi menjadi 4 kelas dengan jumlah masing masing 30 siswa.,"""120 peserta yang lulus ini akan dibagi jadi 4 kelas dengan jumlah masing-masing 30 murid""",0.963414192199707
"Apa iki, regane larang, pelayanane jan mines!","Apa ini, harga mahal, pelayanan minus!","""Apa ini, harganya mahal, pelayanan tentu saja memuaskan!""",0.932095468044281
Aku ketemu karo deknen ing asrama panggonan dhewe manggon nalika isih mahasiswa,Saya bertemu dengannya di asrama tempat kami tinggal semasa mahasiswa dulu,Saya bertemu dengan mantan di asrama tempat kita dulu bersemangat saat masih mahasiswa,0.9352320432662964
"Endi ki suwe banget konfirmasine? Iki uwis dibayar, uwis ngirimne bukti transfer, nanging e - tiket pancet ora metu? Aku gela, wegah digantung ngene.","Mana nih lama sekali konfirmasinya? Ini sudah dibayar, sudah mengirimkan bukti transfer, tetapi e - tiket tetap tidak keluar? Saya kecewa, tidak mau digantung begini.","""Kemarin ini lama sekali konfirmasi? Ini sudah dibayar, sudah kirim bukti transfer, tapi e - tiket flight tidak keluar? Saya kecewa, kenapa harus digantung begitu.""",0.9553332924842834
"Ndelok film indonesia ning tv iki, kadang nggarai pegel. Merga kayak-kayake indonesia ora ana masalah, merga kabeh lagi mlaku-mlaku ning luar negeri.","Menonton film indonesia di tv ini, kadang bikin jengkel. Karena seakan-seakan indonesia tidak ada masalah, karena semuanya lagi jalan-jalan di luar negeri.","Menonton film indonesia di tv ini, kadang bikin sakit. Karena seperti-sayangnya indonesia tidak ada masalah, karena semua sedang berjalan di luar negeri.""",0.9511193633079529
"Dasare ora ngerti kahanan kowe! Sinau beladiri udu nggo disombongke! Nanging kanggo nglindhungi awake dhewe! Gurumu dantemi apa maneh uwong tuwamu! Dasar iblis kowe, nyawa dibayar nyawa! Kowe ndhuwe utang siji nyawa! Lan nyawamu sing dadi bayarane!?","Dasar tak tau diri kau! Belajar beladiri bukan untuk di sombongkan! Tapi untuk melindungi diri sendiri! Guru lu aja lu pukulin apalagi orang tua lo! Dasar iblis kau, nyawa di bayar nyawa! Lu punya hutang satu nyawa! Dan nyawa lo yang jadi bayarannya!?","""Dasarnya tidak tahu malu kamu! Belajar bertarung belum cukup membanggakan! Tetapi untuk melindungi diri sendiri! Gurumu bagaikan apa lagi orang tuamu! Dasar iblis kamu, nyawa dibayar nyawa! Kamu punya utang satu nyawa! Dan nyawamu yang jadi bayaran!""",0.9232880473136902
"Lak nyang mangkok iwak pitik mesti tuku kwetiaew sirame, lak didelok kayake sing sitik, nangis pas dipangan beh, akeh banget lak kanggo porsiku, kwetiaw sirame sik juara ning kene timbang nggon liya, tenan. Sambele uga sekeca banget karo seleraku.","Kalau ke mangkok ayam pasti beli kwetiaw siramnya, kalau dilihat seperti yang sedikit, tetapi pas dimakan beuh, banyak sekali kalau buat porsi saya, kwetiaw siramnya masih juara di sini dari pada di tempat lain, sungguh. Sambelnya juga sesuai banget sama selera saya.","Kalau ke mangkok ayam tadi beli kwetiaw sirame, kalau dilihat sepertinya yang sedikit, menangis pas dimakan ya, banyak sekali kalau buat porsi saya, kwetiaw sirame yang satu juara di sini timbang yang lain, memang. Sambalnya juga sangat enak dengan selera saya.""",0.939922034740448
Atlet enom tanah air melu serpong run 2018 dinggo ajang nguji coba,Atlet muda tanah air ikuti serpong run 2018 untuk ajang uji coba,Atlet muda tanah air ikut serpong run 2018 untuk ajang uji coba,0.9907683730125427
"Penting lan sebarno negriku sing wis lara, pas oknum aparat dadi keparat, sing pener disalahne lan sing salah dipenerne","Penting dan sebarkan negeriku yang sudah sakit, kala oknum aparat jadi keparat, yang benar disalahkan dan yang salah dibenarkan","""Penting dan sebetulnya negriku yang sudah sakit, ketika oknum aparat menjadi keonaran, yang dituduh salah dan yang salah diperlakukan""",0.9073741436004639
Bis harapan jawa adoh luwih kapenak dibanding sing liyane,Bus harapan jaya jauh lebih nyaman dibandingkan yang lainnya,"""Bus harapan jawa jauh lebih nyaman dibanding yang lain""",0.9315444827079773
Tinggalen ae lak awakmu pancene wis waleh karo pacarmu lan pacaran ora ana gunane kanggo awakmu.,Tinggalkanlah kalau kamu memang sudah bosan sama pacar mu dan pacaran tidak ada gunanya buat kamu.,"Tinggalkan saja kalau kamu memang sudah tidak tahan dengan pacarmu dan pacaran tidak ada gunanya untuk kamu.""",0.9609645009040833
"Isih percoyo karo omongane? Dee sing nutup rapet-rapet bobroke sifate, dee uga sing mbukak tabir aibe.","Masih percaya sama omongannya? Dia yang menutup rapat-rapat kebobrokan sifatnya, dia juga yang membuka tabir aibnya.","Masih percaya dengan ucapannya? Dia yang menutup ketat-ketat wajahnya, dia juga yang membuka kapaannya.",0.9253732562065125
"Kafe iki, nduwe pirang-pirang cemilan sing top banget, tahu ning lumboenk karo vulkano risols jenenge. Sensasine unik saka wujude karo rasane nggarai sir maneh si maneh, dinggo sing penasaran oleh njajal wis.","Kafe ini, punya beberapa cemilan yang top banget, tahu di lumboenk sama vulkano risols namanya. Sensasi unik dari tampilan sama rasanya bikin mau lagi mau lagi, bagi yang penasaran boleh dicoba deh.","""Kafe ini, memiliki beberapa makanan ringan yang sangat top, tahu di dekatnya dengan vulkano risols namanya. Sensasinya unik dari bentuk dan rasanya membuat lagi makannya lagi makannya lagi.""",0.9119523167610168
2018 kpk nduweni tekad kanggo nuntaskae kasus e-ktp lan lbi.,2018 kpk bertekad menuntaskan kasus e-ktp dan blbi.,"2018 kpk memiliki tekad untuk menyelesaikan kasus e-ktp dan pertama.""",0.9343945384025574
Namung penerbangan ing indonesia sing ora tahu ngeregani wektu. Uwis mbayar larang pelayanane tetep nguciwakake,Cuma penerbangan di indonesia yang tidak pernah ngehargai waktu. Sudah bayar mahal tetap pelayanannya mengecewakan,"""Hanya penerbangan di indonesia yang tidak tahu mengapa waktu. Sudah bayar mahal layanan tetap mengecewakan""",0.9459046721458435
"Kanggo layanan bank ing akhir pekan sing lokasine ing bekasi, bapak isa teka marang kantor cab bank mandiri bekasi juanda","Untuk layanan bank di akhir pekan yang berlokasi di bekasi, bapak dapat datang ke kantor cab bank mandiri bekasi juanda.","Untuk layanan bank di akhir pekan yang berlokasi di bekasi, bapak dapat datang ke kantor cab bank mandiri bekasi juanda",0.9962114691734314
susah banget ndelok segara sing saiki reget didadekake panggonan guwak sampah sembarangan,Sedih banget melihat laut yang sekarang kotor dijadikan tempat buang sampah sembarangan,rencik banget melihat laut yang sekarang kotor didatangi tempat duduk saya sudah sembarangan,0.922521710395813
"Salah siji panggon mangan lan panggon nangkring sing direkomendasikne kanca sing oke banget. Panggone pancene lumayan munggah lak saka kutha, lan rodok mlebu-mlebu sampek ora ketok lak saka dalan utama. Nanging panganane enak, panggone asik, regane uga standar. Sik sumbut karo regane lah. Oleh lak nyang Malang dolan mrene maneh.","Salah satu tempat makan dan tempat nongkrong yang direkomendasikan teman yang oke sekali. Tempatnya memang lumayan naik kalau dari kota, dan agak masuk-masuk sampai tidak terlihat kalau dari jalan utama. Tapi makanannya enak, tempatnya asik, harganya juga standar. Masih sepadan dengan harga lah. Bolehlah kalau ke Malang datang ke sini lagi.","Salah satu tempat makan dan tempat nongkrong yang sangat direkomendasikan teman yang sangat ok. Tempatnya memang agak naik jika dari kota, dan masuk-susun sampai tidak terlihat jika dari jalan utama. Tetapi makanannya enak, tempat asik, harganya juga standar. Yang penting sesuai dengan harganya lah. Kalau ke Malang lagi ke sini lagi.""",0.9679136276245117
On the spot lagi tayang ing trans7,On the spot sedang tayang di trans7,On the spot tayang di trans7,0.9355548620223999
"Bener-bener iwak pitik goreng sing gurih lan nggarai aku ketagihan, sambel sing pedes nggarai sensasi mangan luwih mantep karo sega anget lan es teh manis","Benar benar ayam goreng yang gurih dan membuat saya ketagihan, sambal yang pedas membuat sensasi makan lebih mantap dengan nasi hangat dan es teh manis","Memang ayam goreng yang gurih dan membuat saya ketagihan, sambal yang pedas membuat sensasi makan lebih mantap dengan nasi hangat dan es teh manis""",0.9872721433639526
Aku wis ndaftar namung ora entuk sms seka 5111.,Saya sudah registrasi tapi tidak dapat sms dari 5111.,"""Saya sudah mendaftar tetapi tidak mendapat sms balik 5111.""",0.9316931962966919
"Mumpung lagi mlaku-mlaku marang bandunh sekaliyan nyempatake nyoba batagor sek paling enak ing kota kembang iki nganti ora sadar dhewe mesen luwih akeh seka kapasitas mangan dhewe wong loro: Bakso tahu goreng, siomay goreng lan batagor kuah, ayam kremes, lan es cendol lan dhewe uga kudu mbungkus mulih tahu yun yin pesenan dhewe akhire.","Mumpung sedang berjalan-jalan ke bandunh sekalian menyempatkan mencoba batagor yang terenak di kota kembang ini sampai tidak sadar kami memesan lebih banyak dari kapasitas makan kami berdua: Bakso tahu goreng, siomay goreng dan batagor kuah, ayam kremes, dan es cendol dan kami masih harus membungkus pulang tahu yun yin pesanan kami akhirnya.","""Sambil berjalan-jalan di bandung sekalian nyempatkan mencoba batagor yang paling enak di kota kembang ini sampai tidak sadar dewe memesan lebih banyak meskipun kapasitas makan dewe berdua 2: Bakso tahu goreng, siomay goreng serta batagor kuah, ayam kremes dan es cendol dan kami juga harus membungkus kembali tahu yang merupakan pesanan kami akhirnya.""",0.9511883854866028
"Njajal pesen shabu-shabu, menu anyar ning gading resto. Kuwalitas rasane cukup enak, regane kejangkau uga. Rekomendasi lak nggawa tamu utawa mung mangan wengi karo kaluwarga.","Mencoba memesan shabu-shabu, menu baru di gading resto. Kualitas rasa cukup enak, harga terjangkau pula. Rekomendasi bilamana membawa tamu atau sekadar makan malam bersama keluarga.","Cobalah pesan shabu-shabu, menu baru di gading resto. Kwalitas rasanya cukup enak, harganya terjangkau juga. Rekomendasi kalau bawa tamu atau hanya makan malam dengan keluarga.""",0.9645807147026062
Oke. Wis tak kirim lewat pesen langsung,Oke. Sudah saya kirim via pesan langsung,"""Oke. Sudah saya kirim lewat pesan langsung""",0.958608090877533
"Kasamrawutan sing kadadean akhir debat loro pilgub jabar ing 14 mei 2018 sing kepungkur, marakke silang pendapat saka para kontestan debat.","Kericuhan yang terjadi pengujung debat kedua pilgub jabar pada 14 mei 2018 yang lalu, menimbulkan silang pendapat dari para kontestan debat.","Kesan selepas berakhirnya debat empat pilgub jabar di 14 mei 2018 yang lalu, silang pendapat dari para kontestan debat.""",0.9330371022224426
Isuk iki lali nyepot helm mas gojek bar mudun saka motor gara-gara nguber bis,Pagi ini lupa lepas helm abang gojek setelah turun dari motor gara-gara mengejar bus,Pagi ini lupa mengenakan helm saat menuju motor karena mengejar bis,0.9165094494819641
"Restoran iki tansah top. Suasanane nyaman banget kanggo ngobrol karo kanca, sedulur utawa pasangan. Panganane uga enak. Sanajan aku biasane ora mangan abot. Soale paling seneng marang mrene sore nyedhak mbengi","Restoran ini selalu top. Suasananya nyaman banget buat ngobrol dengan teman, saudara atau pasangan. Makanannya juga enak. Walaupun saya biasanya tidak makan berat. Soalnya paling suka ke sini sore menjelang malam","""Restoran ini selalu top. Suasana sangat nyaman untuk mengobrol dengan temen, saudara atau pasangan. Makanannya pun enak. Soalannya saya biasanya tidak makan banyak. Soalnya paling suka ke sini sore hari atau malam hari""",0.9554347991943359
"Menu sing dhewe pesen urang, sapi, sapo kabehane enak, sampurna dimasake, rasane pas, kuwalitase dhuwur. Panggonane amba, pelayanane oke tenan. Kabehane grapyak lan grapyak karo bocah-bocah","Menu yang kita pesan udang, sapi, sapo semuanya enak, sempurna dimasaknya, rasanya pas, berkualitas tinggi.  Tempat luas, pelayanan oke banget. Semuanya ramah dan ramah sama anak-anak","""Menu yang kami pesan ayam, sapi, semuanya enak, penyajiannya sempurna, rasanya pas, tekstur dagingnya tinggi. Tempatnya luas, pelayanan sangat baik. Semuanya ramah dan ramah dengan anak-anak""",0.9483761191368103
"Kesel ngantri, kesel golek panggon lungguh, kesel lungguh. Dinggo sing ora nduwe wektu suwe lan wis keluwen, mending ora mrene. Aku mrene pas liburan bodo panganan ning ruko-ruko kene uga rodok larang lan rasane standar.","Capek mengantre, capek mencari tempat duduk, cape duduk. Buat yang tidak punya waktu lama dan sudah kelaperan, mendingan tidak ke sini. Saya ke sini pas liburan lebaran makanan di ruko-ruko sekitar sini juga rada mahal dan rasanya standar.","Menyesal antri, menyesal cari tempat duduk lama, menyesal duduk. Untuk yang tidak punya waktu lama dan sudah kelaparan, mending tidak kemari. Saya ke sini pas liburan bodo makan di ruko-ruko di sini juga banyak tidak bersih dan rasanya standar.""",0.9431918859481812
"Warung mangan nduwe suasana sing nyaman karo gaya kampung lawas. Luwih sekeco diparani wektu sore sampek dina wengi ning kahanan sing luwih romantis karo cahyaning remeng-remeng saka obor lan geni unggun. Panganan sing disajikne rena-rena, mulai panganan indonesia sampek panganan eropa serba ana. Cocok sanget kanggo ngentekne wektu karo kanca lak keluarga.",Resto ini memiliki suasana yang nyaman dengan gaya kampung tradisional. Lebih cocok dikunjungi saat sore hingga malam hari di suasana lebih romantis dengan cahaya temaram dari obor dan api unggun. Makanan yang disajikan bervariasi mulai makanan indonesia sampai european makanan serba ada. Sangat cocok untuk menhabiskan waktu bersama teman atau keluarga.,"Resto memiliki suasana yang nyaman dengan gaya pedesaan yang dipadukan dengan sentuhan modern. Lebih menarik dipasarai waktu sore hingga malam hari di lingkungan yang lebih romantis dengan cahaya rembulan dari obor dan api unggun. Makanan yang disajikan sangat beragam, mulai dari makanan indonesia hingga makanan eropa serba ada. Sangat cocok untuk menghabiskan waktu dengan teman maupun keluarga.""",0.9406747221946716
"Menu masakan sing disajekne lumayan rena-rena karo rasa sing lumayan enak, kabehe pelayan lan wektu pelayanane ya cukup apik dadi awakdewe wareg mangan awan ning kana, mung nata panggene restoran sing mestere rena-rena munggah - mudun dadi kudu luwih ngati-ati dinggo wong tua lan bocah cilik, muga-muga isa luwih ditingkatne pelayanane lan rena-rena menune. Sukses terus kanggo boemi mitoha.","Menu masakan yang disajikan lumayan bervariasi dengan rasa yang lumayan enak, jumlah pelayan dan waktu pelayanannya pun cukup baik sehingga kami puas makan siang di sana, hanya tata letak restoran yang lantainya bervariasi naik - turun sehingga harus ekstra hati-hati untuk orang tua dan anak kecil, semoga bisa semakin ditingkatkan pelayanan dan variasi menunya. Sukses selalu untuk boemi mitoha.","""Menu masakan yang disajikan lumayan beragam dengan rasa yang lumayan enak, baik pelayan maupun waktu pelayanannya ya cukup baik sehingga kami puas makan siang di sini, hanya ditemukan tempat restoran yang benar-benar beragam naik turun saja jadi harus lebih berhati-hati untuk orang tua dan anak kecil, semoga bisa ditingkatkan pelayanan dan menu-menunya. Sukses terus untuk ke depannya.""",0.9485649466514587
"Tagihan mencolot loro kali lipat amarga promo entek tanpo kabar, ora bener iki.","Tagihan melonjak dua kali lipat gara-gara promo habis tanpa pemberitahuan, tidak benar ini.","Tagihan mencolok dua kali lipat karena promo habis tanpa kabar, tidak benar ini.""",0.9545382261276245
Njaluk informasine babagan daftar rega klambi kang didhol.,Minta informasi tentang daftar harga baju yang sedang dijual,"Minta informasinya tentang daftar harga baju yang dijual.""",0.9561084508895874
Aku tansaya sengit karo jne amarga pangirimane mesthi telat,Saya semakin membenci jne karena pengirimannya selalu telat,Saya selalu marah kepada jne karena pengirimannya selalu terlambat,0.9309942722320557
"Ora koyo warung mangan lan kafe biasane, konsep panggonane digawe unik. Akeh lampu-lampu, gambaran, semiantik. Panganan lan ombenane lumayan pas enak, sing garai kaget pas ndelok daftar menune. Ragene wuooow pas banget ning sak. Lan sing mesti rega mirah ora nggarai rasane maleh seje, pancet enak lan berkualitas.","Tidak seperti kebanyakan restoran dan kafe lain, konsep tempatnya dibuat unik. Banyak lampu-lampu, lukisan, semi antik. Makanan dan minuman lumayan cukup enak, yang buat kaget pas melihat daftar menunya. Harganya wuooow pas banget di kantong. Dan yang pasti harga murah tidak buat rasa jadi beda, tetap enak dan berkualitas.","""Tidak seperti warung makan dan kafe umumnya, konsep tempatnya dibuat unik. Banyak lampu-lampu, gambaran, semiantik. Makanan dan minuman lumayan pas enak, yang mengagumkan pas lihat daftar menunya. Harganya wajar tidak membuat rasa beban malah seje, mantap enak dan berkualitas.""",0.9254449605941772
"Ana ing lantai 1 hotel yaiku lantai paling dhuwur, nyajikake pemandangan luar biasa ing arah bukit sing dithukuli wit-witan. Seger, resik, penak, luar biasa!","Terletak di lantai 1 hotel yang merupakan lantai tertinggi, menyajikan pemandangan luar biasa ke arah bukit yang ditumbuhi pepohonan. Segar, bersih, nyaman, luar biasa!","""Di lantai 1 hotel adalah lantai paling atas, menyajikan pemandangan luar biasa di arah bukit yang ditutupi pepohonan hijau. Segar, bersih, penak, luar biasa!""",0.9554876089096069
Sakdurunge aku lan pasangan mulih marang jakarta. Aku mampir ndhisik ing restoran iki. Pemandangane apik lan panganane uga murah meriah. Rekomendasi tenan,Sebelum saya dan pasangan pulang ke jakarta. Saya mampir dahulu ke restoran ini. Pemandangannya keren dan makanannya pun murah meriah. Rekomendasi sekali,Sebelum saya dan pasangan pergi ke jakarta. Saya mampir dulu ke restoran ini. Pemandangannya bagus dan makanannya juga murah meriah. Rekomendasi banget,0.9854614734649658
Ngerasa bosen loh karo sakabehane. Bosen tenan ngelakokake rutinitas sing ngono-ngono wae.,Merasa jenuh loh sama semuanya. Bosen sekali melakukan rutinitas yang gitu-gitu saja.,"""Bosen banget loh dengan semuanya. Bosen banget mengeluh tentang rutinitas yang begini-begini saja.""",0.9287267923355103
Eman kothake sing tekan lumayan penyok,Sayang kotaknya yang sampai agak penyok,Kode emang tadi siang sempat tertekan lumayan penyok,0.8751711249351501
Kapisan njajal uwis disuguhi karo lalaine pelayan sing marakake dhewe ngenteni suwi wae 4 lagu marcell. Banjur uwis suwi ya ora sida pesenlah. Ora peduli arep enak kaya ngapa yen pelayanane elek karepe sing jenenge rasa.,Pertama mencoba sudah disuguhi dengan kelalaian pelayan yang bikin kita menunggu lama aja 4 lagu marcell. Terus sudah lama ya tidak jadi pesanlah. Tidak peduli mau enak kayak apa kalau pelayanannya buruk terserahlah yang namanya rasa.,"Pertama coba uji sudah disuguhkan sama lalain pelayan yang membuat kita menunggu lama banget 4 lagu marcell. Kemudian sudah lama ya tidak seperti pesanan. Tidak peduli mau enak gimana kalau pelayanannya jelek namanya rasa.""",0.9408863186836243
"Sego rawone enak banget, regane murah. Cedak universitas parahyangan. Panggonane unik nganggo kayu-kayu.","Nasi rawonnya sangat enak, harga terjangkau. Dekat universitas parahyangan. Tempatnya unik dengan kayu-kayu.","Nasi birnya sangat enak, harganya murah. Dekat universitas parahyangan. Tempatnya unik menggunakan kayu-kayu.""",0.9733585119247437
"Pesen soto karo iga bakar, ditambah suwasana sing adem. Rasane enak lan dilayani kanthi grapyak karo mbak diah, tisna, echa. Uwis ping pindo teka mrene lan mesthi marem karo kualitas panganan lan pelayanan:","Order soto sama iga bakar, ditambah suasana yang dingin. Rasanya enak dan dilayani dengan ramah sama mbak diah, tisna, echa. Sudah dua kali datang ke sini dan selalu puas dengan kualitas makanan dan pelayanan:","Pesan soto dan kambing bakar, ditambah suasana yang sejuk. Rasanya enak dan dilayani dengan ramah oleh para mbak diah, tisna, echa. Sudah beberapa kali datang ke sini dan selalu puas dengan kualitas makanan dan pelayanan:""",0.9816242456436157
"Youtube akeh banget manfaate. Isa nonton film, ngrungokake lagu, kala-kala kanggo sinau.","Youtube banyak sekali manfaatnya. Bisa nonton film, dengar lagu, kadang untuk belajar.","""Youtube banyak sekali manfaatnya. Bisa menonton film, mendengarkan lagu, dan juga untuk belajar.""",0.952335774898529
"Udan ing dina isuk tenan marakna kesel, macet lan rega ojol dadi tenan ora isa dikendalikake marakna eneg","Hujan di pagi hari sungguh sangat kesal, macet dan harga ojol jadi super tak terkendali bikin eneg","Hujan di pagi hari sungguh bikin capek, macet dan harga ojol jadi sungguh tidak bisa dikendalikan lagi capek",0.9313519597053528
"Panganane lumayan enak-enak ing hawa anyes lan akeh variasine mulai saka restoran burangrang, saung purbasari lan area foodcourte.","Makanannya lumayan enak-enak di udara dingin dan banyak variasinya dari mulai restoran burangrang, saung purbasari dan area foodcourtnya.","""Makanan cukup enak-enak di udara dingin dan banyak variasi mulai dari restoran bermalam, saung purbasari dan area foodcourte.""",0.9482216238975525
Tulung golekake alamat uwong iki. Bakal aku jak duel kaya uwong lanang nganggo samurai. Deknen uwis ngece ibuku sing paling aku tresnani lan hormati.,Tolong carikan alamat orang ini. Akan saya ajak duel secara jantan pakai samurai. Dia telah menghina ibuku yang paling aku cinta dan hormati.,"Tolong cari alamat orang ini. Bakal saya berkali-kali seperti orang laki-laki memakai samurai. Dia sudah menipu ibuku yang paling saya cintai dan hormati.""",0.9261327981948853
"Panggon ngombe kopi cedek kampus UI, vietnamese kopi -ne enak, regane relatif sedeng, cocok dinggo ngontemplasi karo nggarap tesis","Tempat minum kopi dekat kampus UI, vietnamese kopi -nya enak, harganya relatif sedang, cocok untuk berkontemplasi sembari mengerjakan tesis","Tempat minum kopi dekat kampus UI, vietnamese kopi -nya enak, harganya relatif murah, cocok buat mengontemplasi sambil mengerjakan tesis",0.9723495841026306
"Panganane enak, lan pemandangane apik tenan,. Mung sing menyang lawangwangine kurang dadi ora kabeh uwong bisa ngerti yen lawangwangi ana nang kono kajaba wong sek lewat.","Makanannya enak, dan viewnya amazing,. Hanya sing menuju lawangwanginya kurang jadi tidak semua orang bisa tahu ada lawangwangi di situ kecuali orang yang lewat.","Makanannya lezat, dan pemandangannya sangat bagus,. Cuma yang kehalangan jalan pinggirnya kurang jadi tidak semua orang bisa tahu kalau jalan pinggirnya ada di atas bukit.""",0.9186429977416992
Aku mulai usaha lan ora tau wedi gagal.,Saya memulai usaha dan tidak pernah takut gagal.,Aku mulai usaha dan tidak pernah takut gagal.,0.9846932291984558
Panggonan mangan kanthi nuansa doraemon. Rega panganane murah lan akeh pilihan. Panggonane ora patia amba nanging nyaman. Nang lantai 2 digawe kaya kamare nobita lkp kanthi meja sinau mesin waktu lan lawang nang ndi wae. Akeh golekan doraemon lan komik-komik sek isa diwaca sawetara ngenteni panganan. Kajaba iku sinambi ngrasakake panganane dhewe isa nonton film doraemon. Anakku seneng mangan. Lanjutan,Tempat makan dengan nuansa doraemon. Harga makanannya murah dan banyak pilihan. Tempatnya tidak terlalu luas tapi nyaman. Di lantai 2 di buat menyerupai kamar nobita lkp dengan meja belajar mesin waktu dan pintu ke mana saja. Banyak boneka doraemon dan komik-komik yang bisa dibaca saat menunggu makanan. Selain itu sambil menikmati hidangan kita bisa menonton film doraemon. Anak saya senang makan. Lanjutan,"Tempat makan dengan nuansa doraemon. Harga makanannya murah dan banyak pilihan. Tempatnya tidak terlalu luas tapi nyaman. Di lantai 2 dibuat seperti kamar nobita lkp dengan meja belajar, mesin waktu, dan pintu ke mana saja. Banyak tokoh doraemon dan komik yang bisa dibaca sambil menunggu makanan. Sambil itu menikmati makanannya sendiri bisa menonton film doraemon. Anak saya suka makan. Lanjutan""",0.9738193154335022
"Aku nyang kafe dipakar bareng keluarga, pemandangane pancene keren banget. Panganane uga eco-eco. Dinggo nyantai nikmati sing disajikne lan pemandangane ning dipakar nyenengna banget. Awakdewe mrana dina minggu, lan rame banget sing dolan. Nanging ora ngenteni suwe, awakdewe langsung entuk meja. Dinggo panganan, bar awakdewe pesen ora kudu ngenteni suwe, panganan wis teka. Dinggo foto-foto uga apik banget.","Saya ke kafe dipakar bersama keluarga, pemandangannya memang keren banget. Makanannya juga enak-enak. Untuk bersantai menikmati sajian dan pemandangan di dipakar sangat menyenangkan. Kami ke sana hari minggu, dan sangat ramai pengunjung. Tapi tidak menunggu lama, kami langsung dapat meja. Untuk makanan, setelah kita order tidak perlu menunggu lama, makanan sudah datang. Untuk foto-foto juga sangat bagus.","""Saya ke kafe ditemani keluarga, pemandangannya memang keren banget. Makanan pun enak-enak. Untuk bersantai menikmati yang disajikan dan pemandangan di depannya sangat menyenangkan. Kami pergi hari minggu, dan sangat ramai yang bermain. Namun tidak menunggu lama, kami langsung dapatkan meja. Untuk makanan, untuk makanan kami pun tidak perlu menunggu lama, makanan sudah datang. Untuk foto-foto pun bagus banget.""",0.9641439914703369
"Ora salah maneh iki kafe modern salah siji senengane wong depok kanggo mangan, nglumpuk tenanan panggone nyaman soale.","Tidak salah lagi ini kafe modern salah satu favorit warga depok buat makan, berkumpul seriusan tempatnya nyaman soalnya.","""Bukan salah lagi ini kafe modern salah satu favoritnya orang depok buat makan, berkumpul banget sih tempatnya nyaman soalnya.""",0.9487648606300354
Kesel wae karo kelakuan nyinyir terus kelompok sebelah.,Kesal saja dengan kelakuan nyinyir terus kelompok sebelah.,Kesal saja dengan kelakuan menyela terus kelompok sebelah.,0.9544408917427063
"Aku seneng mangan ning kene merga menu iwak pitike enak lan empuk, sambele pas ning ilat lan kahanane restorane uga nyaman. Liyane iku pelayanane uga apik lan regane mirah.","Saya suka makan di sini karena menu ayamnya enak dan empuk, sambal pas di lidah dan suasana restorannya juga nyaman. Selain itu pelayanan juga bagus dengan harga terjangkau.","""Saya senang makan di sini karena menu ayamnya sangat enak dan empuk, sambalnya pas di lidah dan suasana restonya pun nyaman. Selain itu pelayanan juga baik dan harganya terjangkau.""",0.9745098948478699
Aku ki wis kesel arep nesu-nesu. Ben aku dewe ae wis sing njupuk maneh pakete lan tak kirim lewat ekspedisi liya ae. Gela pol embuh ping pira.,Gue itu sudah capek mau marah-marah. Biar gue sendiri aja deh yang ambil lagi paketnya dan gue kirim via ekspedisi lain saja. Kecewa berat entah keberapa kalinya.,"""Saya ini sudah capek mau marah-marah. Biarlah saya sendiri yang sudah yang sudah yang sudah suratnya dan saya kirim lewat ekspedisi lain saja. Gelap mata pol unyil ria.""",0.9185054302215576
"Reunion house iki wis tenan direkomendasikake kanggo mangan awan nang bandung. Panggonane kepenak, asyik kanggo nyantai guyonan karo sapa bae. Menune uga oke tenan.","Reunion house ini direkomendasikan banget buat makan siang di bandung. Tempatnya nyaman, asyik buat santai mengobrol bareng siapa saja. Menunya juga oke banget.","Reunion house ini memang sangat direkomendasikan untuk makan malam di bandung. Tempatnya nyaman, asyik buat santai gawang sama siapa saja. Menunya pun oke banget.""",0.9653993844985962
Dingge meruhi promo-promo sing lagi ana ning tokopedia awakmu isa marani halaman iki.,Untuk mengetahui promo-promo yang sedang berlangsung di tokopedia kamu dapat mengunjungi halaman berikut.,"Untuk melihat promo-promo yang sedang berlangsung di tokopedia anda bisa mengunjungi halaman ini.""",0.9665086269378662
"Jarene jam iki anti banyu, nanging dienggo renang tok uwis mati","Katanya jam ini water resist, tapi dipakai berenang doang sudah mati","Katanya jam ini anti air, tapi pakai berenang doang sudah mati",0.9683465361595154
Suasane asri. Akeh sing dodolan panganan. Panggonan sing nggo nongkrong lan kafene cocok kanggo kunjungan. Dhewe ndhuwe wektu belanja ing supermarket. Regane uga ora larang. Suasanane ing njero malle penak. Acne anyeslah. Lan barang-barang merekane mantap tenan lan akeh potongan rega,Suasananya asri. Banyak jualan makanan. Tempat nongkrong dan cafenya cocok untuk berkunjung. Kami sempat belanja disupermarket. Harganya juga tidak mahal. Suasana di dalam mallnya nyaman. Acnya dinginlah. Dan barang-barang brandednya mantap sekali dan banyak diskon,Suasana asri. Banyak tempat berjualan makanan. Tempat untuk nongkrong dan kafe cocok buat kunjungan. Kita punya waktu berbelanja di supermarket. Harganya juga tidak mahal. Suasananya di dalam mal sangat nyaman. Acnya dingin. Dan barang-barang merk mereka sangat mantap dan banyak diskon harga,0.9624327421188354
Pemikirane sempit nanging ngrumangsa paling bener mangkel banget aku,Pemikiran sempit tapi sok benar kesal banget aku,Pemikirannya sempit tapi menggelikan banget aku,0.9245968461036682
Sek foto karo uwong kuwi udu adike bang doni. Jijik ah foto karo uwong kuwi.,Yang foto sama orang itu bukan adik bang doni. Jijik ah foto sama orang itu.,"Dibeberkan foto dengan orang itu bukan adike bang doni. Jijik ah foto dengan orang itu.""",0.9391910433769226
"Sakwijining musibah lagi wae kena kampung adat ning bajawa, flores. Kebakaran gedhe sing kadadean ing senin 13 / 8 sore ameh ngobongake kabeh kampung. Total 27 saka 33 omah adat sing ana entek dipangan geni bareng kabeh crita lan sejarahe.","Sebuah musibah baru saja menimpa kampung adat di bajawa, flores. Kebakaran hebat yang terjadi pada senin 13 / 8 sore hampir menghanguskan seluruh kampung. Total 27 dari 33 rumah adat yang ada habis dilalap api bersama semua cerita dan sejarahnya.","Meskipun musibah lagi saja ketimpa kampung adat di bajawa, flores. Kebakaran besar yang terjadi pada senin 13/8 sore dengan membakar semua kampung. Total 27 dari 33 rumah adat yang terbakar hingga tidak dapat ditempati kembali bersama semua cerita dan sejarahnya.",0.9441890716552734
Marang rene wektu acara kantor. Ana musik langsung. Menu aneka werna. Cocok yen lunga rame-rame nanging selerane beda-beda. Ramene enak.,Ke sini waktu acara kantor. Ada live musik. Menu beragam. Cocok kalau pergi ramai-ramai tapi seleranya beda-beda. Ramennya enak.,"""Ke sini waktu acara kantor. Ada musik langsung. Menu beragam. Cocok kalau pergi rame-rame tapi selera berbeda-beda. Ramenya enak.""",0.9672750234603882
"Aku karo keluarga mangan mbengi nang panggonan iki amarga kajaba iku menu utamane batagor uga ana menu liyane. Aku mung mesen 2 menu sek akhire teka sakwise 45 menit, kuwi sakwise  kaping pirang-pirang aku takon. Seko rasane sawetara seko menu sek sakwise aku jajal lumayan enak. Sarane sakdhurunge pesen luwih apik takon ndhisik regane piro suwi orane nggawe menu kang dipesen.","Saya bersama keluarga makan malam di tempat ini karena selain menu utama batagor terdapat menu lain. Saya hanya memesan 2 menu yang akhirnya datang setelah 45 menit, itu pun setelah beberapa kali saya tanyakan. Dari segi rasa beberapa menu yang sebelumnya pernah saya coba lumayan enak. Saran sebelum memesan lebih baik tanyakan berapa lama pembuatan menu yang dipesan","""Saya dan keluarga makan malam ke tempat ini karena sebelumnya saya lihat menu utamanya batagor juga ada menu lainnya. Saya hanya memesan 2 menu yang akhirnya datang setelah 45 menit, itu setelah beberapa saat saya bertanya. Seko rasanya beberapa dari beberapa menu yang saya coba lumayan enak. Sarannya sebelum pesan lebih baik bertanya dulu harganya berapa lama sudah membuatnya ke menu yang dipesan.""",0.9401060342788696
Paket wis ditampa. Rodok gela merga pesen werna ireng dikirim werna kuning.,Paket sudah diterima. Sedikit kecewa karena order warna hitam dikirim warna kuning.,"Paket sudah tiba. Jauh bersyarat karena order berwarna hitam dikirim berwarna kuning.""",0.9311758875846863
"Aku saka bali, dilalah pas dolan menyang kutho bandung, pas ning sanding kantor gubernur jawa barat alias cedeke gedung sate, awakdewe disarane mangan ning bancakan merga cedek. Bar mlebu awakdewe dikeki piring saka komplong sing wis ora apik eneh, kayake karaten. Akhire awakdewe milih panganan sing awakdewe sir, lan atusan laler miber teka ngendi-ngendi merga wis kadung awakdewe ya pancet mangan. Nggilani pol.","Saya dari bali, kebetulan sedang liburan ke kota bandung, ketika sedang di dekat kantor gubernur jawa barat alias dekat gedung sate, kami di-suggest makan di bancakan karena dekat. Setelah masuk kami pun diberi piring dari kaleng yang sudah tidak bagus lagi, sepertinya berkarat. Akhirnya kami memilih makanan yang kami suka, dan ratusan lalat beterbangan ke mana mana karena sudah terlanjur kami pun tetap makan. Sangat jijik","""Saya dari bali, sekali waktu saya bermain ke kota bandung, ketika di samping kantor gubernur jawa barat alias cederanya gedung sate, kami diajak makan di pinggir jalan karena kedekat. Setelah masuk kami diajak makan di nampan dari komplang yang sudah tidak bagus lagi, sepertinya kotor. Akhirnya kami memilih makanan yang kami suka, dan minuman buah-buahan karena sudah terlalu lama kami ya mengeluh makan. Sangat mengecewakan.""",0.9199065566062927
Ndelok sinetron ae anyak waleh opomeneh nonton isu apus-apus sing diramalke.,Nonton sinetron saja mulai bosan apalagi menonton isu bohong yang diramalkan.,Lihat sinetron saja banyak waktunya menonton isu apus-apus yang diramalkan.,0.930148184299469
Aku tuku werna-werna roti. Piliane akeh nanging rasane biasa wae. Rotine garing kaya uwis pirang-pirang dina. Ora seger. Pelayanane uga suwi. Nguciwakake.,Saya beli berbagai macam roti. Pilihannya banyak tapi rasanya biasa saja. Rotinya kering seperti sudah berhari-hari. Tidak segar. Pelayanannya juga lama. Mengecewakan.,"""Saya beli berbagai macam roti. Pilihan banyak tapi rasanya biasa saja. Rotinya renyah seperti sudah beberapa hari. Tidak segar. Pelayanannya juga lama. Mengecewakan.""",0.9758268594741821
Aja lali ngombe banyu mineral 8 -- 10 gelas saben dinane.,Jangan lupa minum air mineral 8 -- 10 gelas per harinya.,Jangan lupa minum air mineral 8 -- 10 gelas setiap hari.,0.9816392660140991
"Panggonane sing apik ing cedak ndhuwur bukit, bisa ndhelok pemandangan kutha saka ndhuwur.","Tempatnya yang indah di dekat atas bukit, bisa lihat pemandangan kota dari atas.","Tempatnya yang bagus di dekat puncak bukit, bisa melihat pemandangan kota dari atas.""",0.9775390625
"Numpak grab, mase crita sing wingi kena balangan watu ing dalan.Juanda pas badha jebule anake kancane","Naik grab, abangnya cerita yang kemarin kena lemparan batu di jalan.Juanda saat lebaran ternyata anak temannya","Numpang grab, tadi cerita kalau kemarin kena hujan batu di jalan.Juanda pas mau pulang ternyata anaknya temannya",0.9286937117576599
Sakkelompok mahasiswa sing bodo. Syukur aku udu mahasiswa daerah kono. Isin woy.,Sekelompok mahasiswa yang bodoh. Syukur deh gue bukan mahasiswa daerah situ. Malu woy.,"Kelompok mahasiswa yang bodoh. Syukur aku bukan mahasiswa daerah terpencil. Kesel woy.""",0.9471902251243591
"Restone apik lan gede. Wektu marang rene pas mangan siang lan dina minggu rame tenan pengunjung. Panganane enak enak, gurame goreng lan sambele mantep.","Restonya bagus dan besar. Waktu ke sini saat makan siang dan hari minggu ramai sekali pengunjung. Makanannya enak enak, gurame goreng dan sambalnya mantap.","Restunya bagus dan luas. Waktu ke sini pas makan siang dan hari minggu ramai sekali pengunjung. Makanan enak enak, gurame goreng dan sambalnya mantap.""",0.9861881732940674
"Aku klebu salah siji wong sing cukup setia karo kampung daun kat awal bukak tahun 2003 lak ora salah, kualitas panganan awite eco, ket tambah rame lan tambah mrene, panganan sing dirumantekne ora koyo biasane lan arang kading sing ngelayani kesane cuek banget, awakdewe pesen rena-rena macem panganan nanging sing teko kondisine wis anyep lan ora sekeca blas, mung panggone sing apik.","Saya termasuk salah satu orang yang cukup setia dengan kampung daun dari awal buka di tahun 2003 kalau tidak salah, kualitas makanan awalnya oke, tapi semenjak makin ramai dan makin ke sini, makanan yang disajikan tidak seperti biasanya dan terkadang pelayan terkesan cuek sekali, kita mesan beberapa jenis makanan tapi yang datang sudah dengan kondisi dingin dan tidak menarik, tempat menarik.","""Saya ke salah satu orang yang cukup setia dengan kampung daun di awal tahun 2003 jika tidak salah, kualitas hidangan awalnya enak, makin ramai dan semakin kemarin, makanan yang diminta tidak seperti biasanya dan arang dan kangkang yang mengelujugnya terlihat cuek banget, kami pesan berbagai macam hidangan tetapi yang datang dalam kondisi tidak layak dan tidak terlalu enak, hanya tempatnya yang bagus.""",0.9233704805374146
Blanja ing Giant diskon 20% kanggo kartu kredit bca.,Belanja di Giant diskon 20% dengan kartu kredit bca.,"Belanja di Giant diskon 20% dengan kartu kredit bca.""",0.9784324765205383
"Mas, dalan ning muara bulian anyar, lagek sesasian dibenakne, uwis rusak maneh. Sing nggarap kaya ora tenanan","Kang, jalan di muara bulian baru, baru sebulanan dibenarkan, sudah rusak lagi. Yang mengerjakan seperti tidak serius","Pak, jalan di muara bulian baru, baru dibuka, sudah rusak lagi. Perbaikan seperti tidak pernah serius",0.9518463611602783
"Pancen ora enak kejebak macet, nanging luwih ora enak meneh yen kejebak masa lalu","Memang enggak enak terjebak macet, tapi lebih tidak enak lagi kalau terjebak masa lalu","Memang tidak enak terjebak macet, tetapi lebih tidak enak lagi kalau terjebak dalam hubungan masa lalu",0.9781191349029541
"Sumpah, nyesel tenan nggawe orderan via aplikasi iki. Bisa-bisane tiket ekektronike ora ditokake. Lan proses konfirmasine suwi. Sakdurunge uwis ngalami babagan sing meh pada ing aplikasi sebelah, nanging layanane cepet tenan langsung wenehi solusi. Ora kudu nganti telepon layanan pelanggan ping 4.","Sumpah, menyesal sekali bikin orderan via aplikasi ini. Bisa-bisanya e - ticket tidak issued. Dan proses konfirmnya lama. Sebelumnya pernah mengalami hal yang hampir sama di aplikasi sebelah, tetapi pelayanannya cepat sekali langsung kasih solusi. Tidak harus sampai telpon layanan pelanggan 4 kali.","""Sumpah, menyesal banget membuat orderan melalui aplikasi ini. Bisa-bisa tiket pesawatnya tidak ditemukan. Dan proses konfirmasinya lama. Setelah sudah mengalami hal yang hampir sama seperti pada aplikasi sebelah, tapi pelayanan sangat cepat langsung memberikan solusi. Tanpa harus menunggu telepon layanan pelanggan ping 4.""",0.9407064914703369
"Uwis aku kirim pesen langsunge, tulung ndang dicek","Sudah saya kirim pesan langsungnya, tolong segera dicek","Sudah saya kirim pesan linnnya, tolong dicek",0.9584474563598633
"Aku nglakoni 5 transaksi ning tanggal 22 juni, kabeh ditolak nyatane kesuda saka rekening sampek 7 yuta, saka 5 transaksi lagek 3 transaksi sing dibalekne.","Saya melakukan 5 transaksi pada tanggal 22 juni, smuanya decline nyatanya terdebit dari rekening hampir 7 juta, dari 5 transaksi baru 3 transaksi yang dikembalikan.","Saya melakukan 5 transaksi pada tanggal 22 juni, seluruhnya ditolak ternyata dari rekening sampai 7 juta, dari 5 transaksi baru 3 transaksi yang dibatalkan.""",0.9346538782119751
Mayoritas sing nganggo hak pilih ing pemilihan gubernur uwis nentukake pilian.,Mayoritas pengguna hak pilih di pemilihan gubernur telah menentukan pilihan.,"Mayoritas yang menggunakan hak pilih dalam pemilihan gubernur telah menentukan pilihannya.""",0.9544437527656555
Wis ngenteni jne tibake dee tekane sesuk. Aku pengen nesu,Sudah menunggu jne ternyata dia datangnya besok. Ingin aku marah,Sudah menunggu jne tibanya sampai besok. Aku ingin marah,0.932029664516449
"Spotify rumit, kudu nganggo administrasi wulanan mbarang","Spotify ribet, pakai ada administrasi bulanan segala","Spotify rumit, harus pakai administrasi bulanan masing-masing",0.9242863059043884
"Pengen mangan oreo wae ribet tenan, mesti diputer - dijilat - dicelupake","Mau makan oreo aja ribet banget sih, mesti diputer - dijilat - dicelupkan","Ingin makan oreonya saja ribet banget, pasti diputar - dijilat - dicelupkan",0.9551989436149597
"Ngapuro, udu mung nomerku sing kaya ngono, aku takon kabeh sing nganggo ing daerah kono, ngomongake babagan sing pada, isih uga ora gelem ngaku uga yen tenan sinyale sing elek","Maaf, bukan nomer saya saja yang begitu, saya tanya semua yang pakai di daerah situ, mengatakan hal yang sama, masih tidak mau ngaku juga kalau memang sinyalnya yang jelek","Laporan, bukan hanya nomer saya yang begini, saya tanya semua yang pakai di daerah sana, berbicara tentang yang terjadi, masih tidak mau mengakui juga kalau memang sinyalnya yang jelek",0.9555155634880066
"Kisaran siare tulung diambakake, amarga akeh daerah sing hurung isa nikmati siaran net. Matur suwun.","Jangkauan siarnya tolong diperluas, karena banyak daerah yang belum bisa menikmati siaran net. Terima kasih.","Minta tolong di perbaiki, karena banyak daerah yang belum bisa menikmati siaran net. Terima kasih.""",0.9427751302719116
"Kok isa ditokne bangunan ing dhuwur kali, ing dalan saka rumah sakit menyang pasar Ciroyom, aneh.","Kok bisa dibiarkan bangunan di atas sungai, di jalan dari rumah sakit menuju pasar Ciroyom, aneh.","""Kenapa bisa ditanam bangunan di atas tanah, di jalan dari rumah sakit ke pasar Ciroyom, aneh.""",0.964371383190155
"Krungu lambe saka lambe soal restoran iki, saking penasaran, aku jajal marani. Nanging sayange, lak menurutku biasa ae, ora kaya sing diceritakne wong-wong. Rasane ya biasa-biasa ae, ora sumbut karo regane. Kaya masakan sing tas sinau.","Dengar dari mulut ke mulut tentang restoran ini, saking penasaran, saya coba untuk berkunjung. Tapi sayang, kalau menurut saya, tidak seperti apa yang banyak diceritakan orang. Rasanya biasa-biasanya saja, tidak sesuai saja dengan harganya. Seperti masakan yang baru belajar.","Setelah lama mendengar tentang restoran ini, dari penasaran, saya coba kunjungi. Namun sayangnya, menurut saya biasa saja, tidak seperti yang dituturkan orang-orang. Rasanya ya biasa-biasa saja, tidak sesuai dengan harganya. Seperti masakan yang dibelajarkan.""",0.9431859850883484
Iphone iki. Kamerane peteng wassalam elek banget ora isa diandalake banget yen males nggawa kamera.,Iphone ini. Kamera gelapnya wassalam jelek banget tidak bisa diandalkan banget kalau malas bawa kamera.,"""Iphone ini. Kameranya terlalu wassalam jelek banget tidak bisa diandalkan banget kalau malas membawa kamera.""",0.9657546877861023
"Yen ora nduwe dhuwit kanggo tuku komik nanging uga pengen jagongan, teka bae marang rene. Koleksi komike komplit. Panganan ombenae sabenere mung fasilitas tambahan, nanging cukup lumayan. Regane uga murah khas mahasiswa.","Kalau tidak punya uang buat beli komik tapi juga ingin nongkrong, datang saja ke sini. Koleksi komiknya lengkap. Makanan minumannya sebenrnya hanya fasilitas tambahan, tapi cukup lumayan. Harganya juga murah khas mahasiswa.","""Kalau tidak punya uang buat beli komik tapi ingin banget tahan lama, datang saja ke sini. Koleksi komiknya komplit. Makanan dan minuman secukupnya saja dengan fasilitas tambahan, tapi cukup lumayan. Harganya juga murah khas mahasiswa.""",0.9534215331077576
"Aduh pak kok seolah-olah manas-manasi kubu sisih seh? Ojo to pak, iku mengko deweke kabeh tambah cemburu, iren, pegel, nyinyir, mutung kayak bocah cilik, nesu-nesu ora jelas jluntrunge lan tambah bosok ae utek lan atine.","Aduh pak kok seolah-olah memanas - manasi kubu sebelah sih? Jangan dong pak, itu nanti mereka tambah cemburu, iri, dengki, nyinyir, ngambek kayak anak kecil, marah-marah tidak jelas juntrungannya dan makin busuk saja otak dan hatinya.","""Aduh pak kok seolah-olah marah-marah kubu sebelah sih? Jangan sih pak, nanti mereka semua tambah cemburu, marah, iri, sakit hati, menyindir, menuduh kayak bocah kecil, nangis-nangis tanpa alasan dan tambah rusak saja otak dan hatinya.""",0.9306446313858032
"Rekomendasi bangetlah. Cappucinone ketagihan, rega miring, lan valet parkir mbayar sakikhlase. Teka pas arep maghrib mesti luwih seru suwasanane.","Rekomendasi bangetlah. Cappuccinonya ketagihan, harga miring, dan valet parkir bayar seikhlasnya. Datang pas menjelang maghrib pasti lebih seru suasananya.","Rekomendasi bangetlah. Cappucino keadiktannya, harga murah, dan valet parkir bayar sewa. Datang pas mau maghrib pasti lebih seru suasananya.""",0.946647047996521
Oke bos masiyo hape ujug-ujug ngehank dewe sedina,"Oke bos, walau handphone tiba-tiba ngehank sendiri selama sehari",Oke bos meskipun hape tiba-tiba hangus sepanjang hari,0.899850606918335
Panggonan mangan kanthi suasana alam iki paling pas kanggo acara karo pasangan utawa karo kaluwarga. Panganane enak lan regane uga cukup kajangkau,Tempat makan dengan suasana alam ini paling tepat untuk acara dengan pasangan atau dengan keluarga. Makanannya enak dan harga juga cukup terjangkau,Tempat makan dengan suasana alam ini sangat cocok untuk acara bersama pasangan atau bersama keluarga. Makanannya enak dan harganya juga cukup terjangkau,0.9828135967254639
Yakin kuwi ikhlas? Tulus? Kuwi udu pencintraan tok ya?,Yakin itu ikhlas? Tulus? Bukannya itu hanya pencitraan saja ya?,"Yakin itu ikhlas? Tulus? Itu bukan pencitraan doang ya?""",0.9458945989608765
"Aku melu lomba blog cinta rupiah bank indonesia - net media lan uwis nyubmit artikel nang 22 desember 2017 kepungkur, nanging sampek saiki status artikelku isih unpublished. Nyuwun tulung dijelasne.","Saya mengikuuti lomba blog cinta rupiah bank indoneisa - net media dan sudah men - submit artikle pada 22 desember 2017 lalu, tapi sampai sekarang status artikel saya masih unpublished. Mohon penjelasannya.","Saya ikut lomba blog cinta rupiah bank indonesia - net media dan sudah submit artikel pada 22 desember 2017 lalu, namun sampai sekarang status artikel saya masih unpublished. Mohon tolong dijelasan.",0.9474311470985413
"Kafe iki nyediakne panganan tradisional bergaya kafe cah nom. Liyane panggon sing nyaman, rega kelebu mirah lan kejangkau","Kafe ini menyediakan makanan tradisional bergaya kafe anak muda. Selain tempat yang nyaman, harga terbilang murah dan terjangkau","Cafe ini menyediakan makanan tradisional dengan gaya cafe modern. Selain itu tempat yang nyaman, harga terjangkau dan kemahalan.",0.9408977627754211
"Stasiun tv owol, ora konsisten, nguciwokake panyengkuyunge persib - persiba, ora ndhuwe welas asih marang manungsa! Owol, lan cupu!","Stasiun tv payah, tidak konsisten, mengecewakan pendukung persib - persiba, tidak berprikemanusiaan! Payah, dan cupu!","Stasiun tv owol, tidak konsisten, mengecewakan penyajian persib - persiba, tidak ada welas kasih kepada manusia! Owol, dan cupu!""",0.9271259903907776
"Panggone nyaman lan kesane adem. Satene uga enak lan ana menu liyane maneh ning panggon iki, ora mung sate","Tempatnya nyaman dan berkesan adem. Satenya juga enak dan ada menu lainnya lagi di tempat ini, tidak hanya sate","""Tempatnya nyaman dan terasa sejuk. Satenya juga enak dan ada menu lain lagi di tempat ini, tidak hanya sate""",0.970710277557373
"Pemandangane apik kanggo foto-foto, hawane sejuk, panganane rasane enak. Rega uga kajangkau. Mantep.","Pemandangannya bagus untuk foto-foto, udaranya sejuk, makanannya rasanya enak. Harga juga terjangkau. Mantap.","Pemandangan bagus untuk foto foto, udaranya sejuk, makanannya rasanya enak. Harga juga terjangkau. Mantap.""",0.9843183159828186
Adikku seneng banget brownis primarasa,Adikku sangat suka brownis primarasa,Adikku sangat menyukai brownis primerasa,0.9280650019645691
Akeh klambi lan celono sing didol ning matahari mal,Banyak baju dan celana yang dijual di matahari mal,"""Banyak baju dan celana yang dijual di matahari mall",0.9312686920166016
"Minimal internetku pedhot dumadakan, 1 omah nganggo simpati kabeh semono uga ora isa nyambung internet","Minimal internet saya putus tiba-tiba, 1 rumah pakai simpati semua begitu juga tidak bisa connect internet","Minimal internet saya lebih baik rumah sakit, 1 rumah pakai simpati semua tidak bisa terhubung internet""",0.9294465780258179
Kaskus pancen kerep menehi informasi sing menarik lan paling anyar,Kaskus memang sering memberikan informasi yang menarik dan terbaru,Kaskus memang sering memberikan informasi yang menarik dan terbaru,0.9999998807907104
"Aku paling ora seneng kuwi, yen nyepaki pemilu, suasane tansah panas.","Saya paling tidak suka itu, kalau mendekati pemilu, suasananya selalu memanas.","""Saya paling tidak suka itu, kalau menyangkut pemilu, suasananya selalu panas.""",0.9649420380592346
"Lumayan nyesel karo kaputusan mlebu jurusan film, pengen mlebu seni rupa sakasline. Nanging ragu karo bakar sing didhuweni.","Agak menyesal dengan keputusan masuk jurusan film, ingin masuk seni rupa sebenarnya. Tapi ragu dengan bakat yang dimiliki."," agak menyesal masuk jurusan film, pengen masuk seni rupa sesungguhnya. Tapi ragu dengan keahlian yang dimiliki.""",0.9561620354652405
"Rasa bumbu sega gorenge ora seenak mbiyen maneh, cemplang lan luwih asin. Kudu ana sing ngontrol kualitas rasa ben kualitas tetep siyaga.","Rasa bumbu nasi gorengnya tidak seenak dulu lagi, terkesan hambar dan lebih asin. Perlu ada pengontrol kualitas rasa agar kualitas tetap terjaga.","Rasa bumbu nasi gorengnya tidak sebaik dulu lagi, terlalu lama dan lebih asin. Harus ada yang mengontrol kualitas rasa agar kualitas tetap terjaga.""",0.9618605375289917
"Sesuai rekomendasi, aku njajal mie goreng spesial lan rasane menurutku biasa banget ae lan kurang cocok ning ilat","Sesuai rekomendasi, saya mencoba mie goreng special dan rasanya menurut saya sangat biasa saja dan kurang cocok di lidah","Sesuai rekomendasi, aku coba mie goreng spesial dan rasanya menurutku biasa saja dan kurang cocok di lidah""",0.975395917892456
"Baksone enak kanggo dipangan, panggonane resik penyajiane panganan bakso sek caraku beda. Enak banget deh","Baksonya enak buat di makan, tempat bersih penyajian makanan bakso yang menurut saya beda. Enak banget deh","Baksone enak untuk dimakan, tempatnya bersih penyajian makanannya bakso yang unik caranya berbeda. Enak banget deh",0.9549757242202759
Pelakune aja diserahake karo pak polisi. Kubur urip-urip bae.,Pelakunya jangan diserahkan sama pak polisi. Kubur hidup-hidup saja.,"Pelakunya jangan diserah-serahkan sama pak polisi. Selamat tinggal-tinggal saja.""",0.9169281721115112
"Nggelakne banget, aku pesen tiket lan uwis tak bayar, padahal wektu iku urung kadaluwarsa pas aku transfer, nanging nganti saiki urung dikeki kode bookinge, malah dikeki notifikasi uwis kadaluwarsa, banjur duwite mlayune neng ngendi, pas aku hubungi liwat email gur ditanggepi pisan wae.","Sangat mengecewakan, saya pesan tiket dan sudah saya bayar, padahal waktu itu belum kadaluarsa pas saya transfer, tapi sampai sekarang belum dikasih kode bookingnya, malah dikasih notifikasi sudah kadaluarsa, lalu uangnya larinya ke mana, pas saya hubungi lewat email hanya ditanggapi sekali saja.","Memalukan banget, saya pesan tiket dan sudah saya bayar, padahal waktu itu belum kadaluwarsa saat saya transfer, tapi sampai sekarang belum dikembalikan kode bookingnya, malah sampai notifikasi kadaluwarsa, terus biaya penerbangan ke mana itu, ketika saya hubungi melalui email tanya saja tidak dibalas.""",0.9431135058403015
"Lho nemene jne! Aku nelpon ora diangkat, tweet ora dibales, email ora dibales, pesen ora dibales!","Loh parahnya jne! Saya nelepon tidak diangkat, tweet tidak dibalas, email tidak dibalas, pesan tidak dibalas!","""Lho kenapa jne! Aku telepon tidak diangkat, tweet tidak dibalas, email tidak dibalas, pesan tidak dibalas!""",0.9586372971534729
"Gela rasane karo pelayanan sing diwenehi hotel bintang papat iki. Pas aku nginep ning hotel iku, aku entuk perlakuan kurang ngenakne saka pelayan sing ana. Ditambah maneh karo jeding e sing ora ana tisune. Padahal regane lumayan larang. Nanging ora sesuai karo pelayanan sing diwenehne.","Kecewa rasanya dengan pelayanan yang diberikan hotel bintang empat ini. Saat saya menginap di hotel itu, saya mendapat perlakuan kurang mengenakkan dari pelayan yang ada. Ditambah lagi dengan kamar mandi yang tidak ada tisunya. Padahal harganya lumayan mahal. Tapi tidak sesuai dengan pelayanan yang diberikan.","""Kecewa rasanya dengan pelayanan yang diberikan hotel bintang lima ini. Saat menginap di hotel itu, saya mendapat perlakuan kurang menyenangkan dari pelayan yang ada. Ditambah lagi dengan air dingin yang tidak ada tisunya. Padahal harganya lumayan mahal. Tetapi tidak sesuai dengan pelayanan yang diberikan.""",0.9825788140296936
"Saka mambengi kok ora iso dienggo, layanan indosat kok kaya ngene. Ndaftar extra 2 gb 10 ewu ora isa-isa, eman-eman pulsaku malah entek ora isa dienggo apa-apa.","Dari semalam kok tidak bisa dipakai, layanan indosat kok kayak gini. Daftar extra 2 gb 10 ribu tidak bisa-bisa, sia-sia pulsa saya malah habis tidak dipakai apa-apa.","Dari semalam kok tidak bisa dipakai, layanan indosat kok kayak begini. Daftarkan extra 2 gb 10 ribu tidak bisa -kual pulsaku malah habis tidak bisa dipakai apa-apa.""",0.9622799158096313
"Panggonane lumayan asik, parkiran kasusun rapi. Gabungan sing aneh nanging enak, steak dikancani mi tak tak pedes banget. Hm.","Tempatnya lumayan asik, parkiran di susun rapi. Perpaduan yang aneh tapi enak, steak ditemani mi tak tak super pedas. Hm.","""Tempatnya lumayan asik, parkiran teratur rapi. Gabungan yang aneh tapi enak, steak ditemani mi kalau saya yang terlalu pedes. Hm.""",0.9434625506401062
"Koyoke isuk iki macet banget yo, wis tur ning bis luwih saka sejam, nanging ora sampek-sapek yok an.","Kayaknya pagi ini macet banget ya, sudah tur di bus lebih dari sejam, tetapi tidak sampai-sampai juga.","Sepertinya pagi ini macet sekali ya, sudah dua jam di bis lebih dari satu jam, tapi tidak sampai menggila ya.",0.9299858808517456
"Aku pegel kat februari ditelpon mben dina ditelpon saka mnc tv. Aku ora tau langganan, aku ping bolak-balik nglarifikasi.","Saya kesal sejak februari ditelpon tiap hari di telpon dari mnc tv. Saya tidak pernah langganan, saya puluhan kali klarifikasi.","""Saya sakit kepala setiap bulan telepon dari mnc tv. Saya tidak punya langganan, saya selalu bolak balik memverifikasi.""",0.921011745929718
Kemeruh banget to kowe mat. Ora usah sok-sokan ngekeki ceramah barang. Ceramahmu iku sesat.,Sok tahu banget sih lu mat. Tidak usah sok-sokan beri ceramah segala. Ceramah kamu sesat.,"Kemarahanmu itu kelihatan banget dari matamu. Tidak usah sok-sokan menjadi penginjil. Ceramahmu itu sesat.""",0.9104738235473633
Bakso nganggo ceker utawa sikil pithik yaiku sensasi sing enak tenan. Enak banget pokoke kajaba bakso isih akeh menu liyane. Pokoke dianjurake tenan,Bakso dengan ceker atau kaki ayam merupakan sensasi yang menakjubkan. Enak banget deh pokoknya selain bakso masih banyak menu yang lain. Pokoknya direkomendasikan banget deh,Bakso dengan kulit atau kaki ayam adalah sensasi yang enak sekali. Enak banget secara keseluruhan bakso masih banyak menu lainnya. Pokoknya dianjurkan banget,0.9437989592552185
"Xiaomi, samsung, gumantung si kowe pengin tipe apa lan jumbuh biaya sing kowe duwe, takok-takok wae menyang panggonan sing dodol hpne","Xiaomi, samsung, tergantung sih kamu mau tipe apa dan sesuai biaya yang kamu punya, tanya-tanya aja ke tempat yang jual hpnya","""Xiaomi, samsung, tunggu sejenak, kamu mau tipe apa dan berapa biaya yang kamu punya, tanyal-tanyal saja ke tempat yang menjual hpnya""",0.9278162121772766
"Panggon parkir kesempiten, sampek mobil kudu dititipne nyang lahan parkir sing ana ning sebrang hotel.","Tempat parkir terlalu sempit, sampai mobil harus dititipkan ke lahan parkir yang ada di sebrang hotel.","Ruang parkir terbatas, sehingga kendaraan harus dititipkan ke lahan parkir yang berada di seberang hotel.""",0.9556389451026917
"Merga skate park iki diubengi panggon klumpukan sing asyik, aku rasane ora bakal isa krasa waleh.","Karena skate park ini dikelilingi tempat berkumpul yang asik, saya merasa tidak akan pernah merasa bosan.","Kunjungin skate park ini dikelilingi tempat berkumpul yang asyik, saya rasakan tidak akan pernah merasa bosan.",0.964704692363739
Aku uwis lapor marang email mandiricare.co.id,Saya sudah lapor ke email mandiricare.co.id,"Saya sudah laporkan ke email mandiricare.co.id""",0.9754348397254944
Aku uwis ndhuwe kode akses lan pin.,Saya sudah punya kode akses dan pin.,Saya sudah punya kode akses dan pin.,0.9999998807907104
"Asli tenan indihome nemen tenan saiki, apa gunane mbayar larang larang edan emosi tenan","Asli dah indihome parah banget dah sekarang, apa gunanya bayar mahal mahal gila emosi nih benar-benar","Asli deh indihome ngomong ngomong sekarang, apa gunanya bayar mahal mahal emosi bener bener",0.9221689701080322
"Dhewe sakaluwarga nyempetake kanggo njajal panganan ing panggonan mangane iki kaya susuh sing kabeh kaca-kacane ditutupi karo ranting-ranting sing ngerambat. Eksotik, unik, apik tenan lan panganane uga enak.","Kami sekeluarga menyempatkan diri mencoba makan di tempat makannya ini seperti sarang yang semua kaca-kacanya ditutupi oleh ranting-ranting yang merambat. Eksotik, unik, keren banget dan makanannya pun enak.","Kami sekeluarga menyempatkan untuk mencoba makanan di tempat makannya ini seperti hutan yang seluruh kacanya tertutup dengan ranting-ranting yang bergoyang. Eksotis, unik, sangat cantik dan makanannya pun enak.""",0.956378698348999
Aku cemburu nanging ora isa apa-apa,Saya cemburu tapi tidak bisa apa-apa,"""Saya iri tapi tidak bisa apa-apa""",0.9305533766746521
"Rega ora patia larang, rasane uga enak, akeh pilian panganan khas Banjar liyane.","Harga tidak terlalu mahal, rasanya juga enak, banyak pilihan makanan khas Banjar lainnya. ","Harga tidak terlalu mahal, rasanya juga enak, banyak pilihan makanan khas Banjar lainnya.""",0.9906318783760071
Segel rapi sanajan kotak setithik peyot,Segel rapi walau kotak sedikit penyok,Segel rapi meskipun kotak sedikit berantakan,0.9085596203804016
Sopir gocar teka saka luwar kutha nyang jakarta dinggo golek penumpang ben entuk poin.,Supir gocar datang dari luar kota ke jakarta untuk mencari penumpang demi dapatkan poin.,"Oto gocar datang dari luar kota ke jakarta untuk mencari penumpang biar dapat poin.""",0.9586054086685181
Ning kene isa metik stroberi dewe lan langsung dibayar lak pas gedhi-gedhi buahe lumayan uga legi stroberine lan ada kulinere pisan isa mangan sing liyane ning kene,Di sini bisa petik stroberi sendiri dan langsung dibayar kalau lagi besar besar buahnya lumayan juga manis stroberinya dan ada kuliner juga bisa makan yang lain di sini,Di sini bisa memetik stroberi sendiri dan langsung dibayar kalau pas beratnya lumayan juga manis stroberinya dan ada kulinernya juga bisa makan yang lain di sini,0.9738314747810364
"Lagek wae mau teka barange, apik kok","Baru saja tadi sampai barangnya, bagus kok",Barangnya bagus kok,0.8690540194511414
Bosen banget ndhelok sampah ing dalan kutha palangkaraya,Bosan banget melihat sampah di ruas jalan kota palangkaraya,Bosen sekali melihat sampah di jalan kota palangkaraya,0.9617425799369812
Lokasi restoran ing Kemang. Larang lan ora enak. Aja mara mrana deh.,Lokasi restoran di Kemang. Mahal dan tidak enak. Jangan ke situ deh.,"""Lokasi restoran di Kemang. Mahal dan tidak enak. Jangan coba ke sana deh.""",0.9680333733558655
Rasa nikmat dipadu karo sambele. Daginge empuk. Rega jumbuh karo sing disajikne. Lokasi gampang ditemokne. Sip pokoke.,Rasa nikmat dipadu dengan sambelnya. Daging empuk. Harga sesuai dengan yang disajikan. Lokasi mudah ditemukan. Sip pokoknya.,"""Rasa nikmat dipadu dengan sambalnya. Dagingnya empuk. Harga sesuai dengan yang disajikan. Lokasi mudah ditemukan. Sip pokoke.""",0.9673365950584412
Bubur Ahong iki enak dipangan pas mangan wengi. Akeh menu liane sing isa dinikmati liyane bubur. Omah mangan iki rame diparani lan lumayan amba. Bubure uga enak.,Bubur Ahong ini enak dimakan saat makan malam. Banyak menu lainnya yang dapat dinikmati selain bubur. Rumah makan ini ramai dikunjungi dan cukup luas. Buburnya juga enak.,"Bubur Ahong ini enak dinikmati saat makan malam. Banyak menu lain yang bisa dinikmati selain bubur. Rumah makan ini ramai dipenuhi dan lumayan luas. Buburnya juga enak.""",0.9825475811958313
"Aku marang kene karo pacar, panggonane lumayan amba lan ana area indoor karo ing njabane. Aku njagong ing panggonan indoor sing ana pemandangan marang arah njaba, dadi ana jendela kace. kanggo panganane aku cukup puas. Saka sisi rega tenan padha karo apa sing ditawakake","Saya ke sini sama pacar, tempatnya cukup luas dan ada area indoor sama di luarnya. Saya duduk di tempat indoor yang ada pemandangan ke arah luar, jadi ada jendela kaca. untuk makanan saya cukup puas. Dari sisi harga memang sebanding dengan apa yang ditawarkan","""Saya ke sini bersama pacar, tempatnya lumayan luas dan ada area indoor serta bagian outdoor. Saya duduk di tempat indoor yang ada pemandangan ke arah luar, sehingga ada jendela kaca. Untuk makanan saya cukup puas. Dari sisi harga juga sesuai dengan apa yang ditawarkan""",0.9745061993598938
Milih gubernur utawa ora yaiku pilian saban uwong.,Memilih gubernur atau tidak adalah pilihan setiap orang.,"Pilihan gubernur maupun tidak menjadi pilihan masing-masing orang.""",0.9191829562187195
Rasa uwis malih ora kaya mbiyen. Kesane anyep. Kudu ditingkatake cita rasane. Kanggo menu ombean minim banget mung ana soft drink,Rasa sudah berubah tidak seperti dulu. Terkesan hambar. Harus di tingkatkan cita rasanya. Untuk menu minuman sangat minim hanya ada soft drink,"""Rasa sudah tidak seperti dulu. Kesannya lembek. Harus ditingkatkan cita rasanya. Untuk menu minum minim banget hanya ada soft drink""",0.9428813457489014
Sanadyan saiki regane uwes mlonjak munggah nanging percayao yen pesen sega padang bungkus ing singgalang jaya porsine badai tenaaan. Nganti saiki panggonan iki isih dadi salah siji panggonan nikmati masakan padang favoritku.,Meskipun sekarang harganya sudah melonjak naik tapi percayalah kalau pesan nasi padang bungkus di singgalang jaya porsinya badai abiiis. Sampai sekarang tempat ini masih menjadi salah satu tempat menikmati masakan padang favorit saya.,"""Meskipun sekarang harganya udah naik tinggi tapi tetap percaya deh kalau pesan nasi padang bungkus di sanggar jaya porsinya luar biasa. Sampai sekarang tempat ini masih jadi salah satu tempat menikmati masakan padang favoritku.""",0.9453613758087158
"Bebeke enak, alus, sambele enak. Panggone resik lan lumayan oke.","Bebeknya enak, lembut, sambelnya enak. Tempat bersih dan lumayan oke.","""Ayam bebeknya enak, halus, sambelnya enak. Tempatnya bersih dan lumayan oke.""",0.9668886661529541
"Manggon ana ing festival city link mal, resto iki nyajikake panganan cina panganan a la carte lan dimsum. Rasa panganane oke, panggonan uga cukup amba lan akeh keluwarga mangan ana ing kene. Favorite dhewe urang mayonaise.","Terletak di festival city link mal, resto ini menyajikan makanan cina makanan a la carte dan dimsum. Rasa makanan cukup oke, tempat cukup luas juga dan banyak keluarga bersantap di sini. Favorit kami udang mayonaise.","""Letaknya di festival city link mal, resto ini menyajikan makanan china makanan a la carte dan dimsum. Rasa masakannya ok, tempat juga cukup luas dan banyak keluarga makan di sini. Favorite kami mayonaise.""",0.9661452770233154
Panganan ing rumah sakit tansah ora enak,Makanan di rumah sakit selalu tidak enak,"""Makanan di rumah sakit selalu tidak enak""",0.9497501850128174
"Lak mrene wajib banget tuku terong gorenge, panggone uga enak ana sing lesehan, ngindari jam mangan awan lak sir mrene merga kebeg banget","Kalau ke sini wajib banget beli terong gorengnya, tempatnya juga enak ada yang lesehan, hindari jam makan siang kalau mau ke sini karena penuh banget","Kalau ke sini wajib banget beli terong gorengnya, tempatnya juga enak ada yang lesehan, menghindari jam makan siang kalau datang ke sini karena terlalu penuh",0.9808359146118164
"Panggone cukup nyaman, ana ning dalan sudirman sing cedek karo pilihan panggen belonjo, lan restone cukup cedek karo panggen iku. Panganane enak, pilihane akeh dadi ora tek malehi. Panggone uga nyaman","Letaknya cukup nyaman, ada di jalan sudirman yang dekat dengan pilihan tempat belanja, dari resto pun cukup dekat ke tempat tersebut. Makanannya enak, pilihannya banyak jadi tidak terlalu membosankan. Tempatnya juga nyaman","""Tempatnya cukup nyaman, berada di jalan sudirman yang dekat dengan berbagai pilihan restoran, dan restonya cukup dekat dengan tempat tersebut. Makanannya enak, pilihannya banyak sehingga tidak membosankan. Tempatnya juga nyaman""",0.9644556641578674
Resto iki duwe menu sing aneka werna nanging kakean menu China lan halal. Mi ayam jamur lan sega hainane sedep lan direkomendasikake. Bebeke uga enak. Resto iki saiki duwe cabang ing Istana Plaza.,Resto ini punya menu yang beragam tetapi kebanyakan menu China dan halal. Mi ayam jamur dan nasi hainannya sedap dan direkomendasikan. Bebeknya juga enak. Resto ini sekarang punya cabang di Istana Plaza.,Resto ini memiliki menu yang beragam tetapi kebanyakan menu China dan halal. Mi ayam jamur dan nasi hauntan mereka sedap dan direkomendasikan. Bebeknya juga enak. Resto ini saat ini memiliki cabang di Istana Plaza.,0.979395866394043
Mampir marang bandung. Nggolek ramen. Sing jarene saiki kekinian. Regane setimpal padha karo rasane. Yen marang bandung maneh mesti mampir maneh.,Mampir ke bandung. Mencari ramen. Yang katanya lagi kekinian. Harganya setimpal sesuai dengan rasanya. Kalau ke bandung lagi pasti mampir lagi.,"Mampir ke bandung. Mencari ramen. Yang katanya sekarang kekinian. Harganya sesuai kualitasnya. Kalau ke bandung lagi pasti mampir lagi.""",0.973990797996521
"Yen ana sing salah karo tindak tanduke aku entuk kok ngomong langsung karo aku, aja ngomong ing mburi. Ora asik kaya ngono. Pengecut!","Kalau ada yang salah dengan tingkah laku aku boleh kok bicara langsung ke aku, jangan bicara di belakang. Tidak asik kayak begitu. Pengecut!","""Kalau ada yang salah dengan tingkah laku saya mendapat kok berbicara langsung ke saya, jangan berbicara di belakang. Tidak keren kayak begitu. Pengecut!""",0.9632136225700378
Tolong konfirmasi kanggo pangiriman ing alamat panampa sing dileksanakake dina iki utawa dina ngesok mas suwun,Mohon konfirmasi untuk pengiriman ke alamat penerima akan dilakukan hari ini atau esok hari kak terima kasih,"Mohon konfirmasi untuk pengiriman ke alamat penampakan yang dilaksanakan hari ini atau hari besok ya mas terima kasih""",0.9243301153182983
Panggen parkire kurang amba. Lan nganyelne banget lak pas awakdewe mangan terus dikongkon ngge mindahne mobil merga ana wong liya sing bar mangan lan arepe metu kendaraane. Iku ngganggu banget.,Tempat parkirnya kurang luas. Dan menyebalkan banget kalau pada saat kita makan kemudian disuruh untuk memindahkan mobil karena ada orang lain yang selesai makan dan akan keluar kendaraannya. Itu sangat mengganggu.,"Ruang parkirnya kurang luas. Dan menyulitkan banget kalau kita makan terus disuruh menghapus mobilnya karena ada orang lain yang baru makan dan mau memarkir mobilnya. Itu mengganggu banget.""",0.9513100981712341
"Ya ngono sih, kesadharan tanggung jawab mahasiswa saiki kuwi kurang tenan. Akeh-akehe ora tanggung jawab kanthi apa sing uwis dadi tugase.","Ya gitu sih, kesadaran akan tanggung jawab mahasiswa sekarang itu kurang sekali. Kebanyakan tidak bertanggung jawab dengan apa yang sudah jadi tugasnya.","""Iya sih, kesebangutan tanggung jawab mahasiswa sekarang ini kurang berat. Banyak-banyak tidak bertanggung jawab dengan apa yang sudah jadi tugasnya.""",0.9422553777694702
"Sega uduk iki ana ing dalan rajiman lan bukake saka sore nganti mbengi. Menune si cukup sederhana, mung sega uduk lan aneka warna pelengkape. Biasane aku mangan sega udu karo pithik goreng lan sambel, sambele ora patia pedes.","Nasi uduk ini ada di jalan rajiman dan bukanya dari sore sampai malam. Menunya sih cukup sederhana, hanya nasi uduk dan berbagai pelengkapnya. Biasanya saya makan nasi uduk sama ayam goreng dan sambal, sambalnya tidak terlalu pedas.","""Menyenangkan kepala ini berada di jalan rajiman dan membukakan dari sore hingga malam. Menunya si cukup sederhana, nasi uduk dan berbagai pelengkapannya. Biasanya saya makan nasi uduk sama ayam goreng dan sambal, sambalnya tidak terlalu pedas.""",0.9593684077262878
Ngomong-ngomong indomie pisanan ning 2018 ku mambengi tibake enak,Anw indomie pertama di 2018 ku semalam ternyata nikmat,"""Menyebutkan indomie pesanan di 2018 malam tiba tiba enak""",0.8747177124023438
"Saksitike kertu internetku ora kenek digawe padahal kuota lokal e isik, aku manggon ning panggonan sing aktivasi lan kertune uga wis didaftarne.","Minimal kartu internet saya tidak dapat digunakan padahal kuota lokal masih, saya berada di lokasi aktivasi dan kartu juga sudah registrasi","Masalahnya speed internet saya tidak bisa di perbaiki padahal kuota localnya habis, saya tinggal di tempat yang aktivasi dan speednya juga sudah didaftarkan.""",0.9205840826034546
Hypermart saiki ngenehi diskon 20% kanggo produk seger saben dina senen - kemis kanthi mandiri kartu hypermart,Hypermart sedang memberikan diskon 20% untuk produk segar setiap hari senin - kamis dengan mandiri kartu hypermart,"Hypermart sekarang memiliki diskon 20% untuk produk segar setiap hari senen - kemis dengan menggunakan kartu mandiri hypermart""",0.9402801394462585
Pengen nesu wae aku karo indosat,Mau marah saja aku sama indosat,"Ingin marah saja saya sama indosat""",0.9463022947311401
Karo ngenteni wektu ganti tahun dhewe njajal marang rene. Dhewe wong loro pesen pirang-pirang sushi. Ombeane milktea karo es krim vanilla nganggo batok krambil. Kanggo sushine lumayan nanging kakehan segane kayane. Nanging rasane enak. Regane kajangkau.,Sambil menunggu waktu pergantian tahun kita coba ke sini. Kita berdua pesan beberapa sushi. Minumannya milktea sama eskrim vanilla dengan batok kelapa. Untuk sushinya lumayan tapi kebanyakan nasinya sepertinya. Tetapi rasanya enak. Harganya terjangkau.,"""Sambil menunggu waktu berubah tahun kami mencoba ke sini. Kita dua pesan beberapa sushi. Minumannya milktea dengan es krim vanilla dengan toping kelapa. Untuk sushisnya lumayan tapi terlalu banyak sayangnya sepertinya. Namun rasanya enak. Harganya terjangkau.""",0.9568989872932434
"Endi laporanku ora diproses-proses. Magu duitku ora bakal dibalikne, padahal pulsa lan kuotaku ilang.","Mana laporan aku tidak diproses-proses. Ragu duit aku akan dikembalikan, padahal pulsa dan kuota aku hilang.","""Laporanku tidak diproses-proses. Tak akan dikembalikan uangnya, padahal pulsa dan kuota saya hilang.""",0.9470580816268921
"Dhewe kuciwa tenan karo pelayanan karyawan lion ing gate a6 bandar udara cengkareng. Aku diapusi, barang rusak lan reged satibane ing tujuan.","Kami sangat kecewa dengan pelayanan karyawan lion di gate a6 bandar udara cengkareng. Saya dibohongi, barang rusak dan kotor tiba tujuan.","Kami sangat kecewa dengan pelayanan karyawan lion di gate a6 bandar udara cengkareng. Saya disuruh, barang rusak dan kotor sekali di tujuan.""",0.9741027355194092
Sing paling nguciwakake yaiku nalika pimpinan ora isa mbedakake lan ora gelem ngerti endi negarawan lan endi politisi kotor,Yang paling mengecewakan adalah ketika pemimpin tak bisa bedakan dan tak mau tahu mana negarawan dan mana politisi kotor,Yang paling menyedihkan adalah ketika pimpinan tidak berani bertentangan dan tidak mau tahu apa negara dan apa politisi kotor,0.9381355047225952
"Bubur iwak pitik sing lumayan rekomendasi ning sekitaran bandung, panggone strategis gampang digoleki, regane ora ngrogoh sak, panggone mesti rame diparani pengunjung mben dina nyambut gawe lan akhir minggu merga rasane sing enak.","Bubur ayam yang lumayan rekomendasi di sekitaran bandung, tempatnya strategis mudah dicari, harganya tidak merogoh kantong, tempatnya selalu ramai didatangi pengunjung setiap hari kerja maupun akhir pekan karena rasanya yang enak.","Bubur ayam yang cukup rekomendasi di sekitaran bandung, tempatnya strategis mudah dijangkau, harganya tidak merogoh sak, tempatnya pun selalu ramai dipadati pengunjung baik di hari kerja maupun akhir pekan karena rasanya yang enak.""",0.9681679010391235
"Teka ing panggonan iki kanggo ngaso sakbanjure sayah macet ing lelungan, panganane oke, nanging jajan-jajane mantep, dadi kabayarake.","Mengunjungi tempat ini untuk istirahat setelah cape macet di perjalanan, makanan oke, tapi kue-kuenya mantap, jadi terbayarkan.","Datang ke tempat ini buat beristirahat sebentar, meski macet di jalan, makanannya ok, tapi jajan-jajannya mantap, jadi terbayar.",0.936176598072052
"Terus aku sia-sia no nganyari nomer hape paling anyar nyang pelayanan pelanggan cabang bni lak data ning bni isik nomer hape lawas, piye seh pelayanane!","Lalu saya percuma dong update nomor telepon genggam terbaru ke pelayanan pelanggan cab bni kalau data di bni masih nomor handphone lama, bagaimana sih pelayanannya!","""Lanjut saya sia-sia mencari nomor hape terbarukan ke pelayanan pelanggan cabang bni kalau data di bni isi nomor hape lama, gimana sih pelayananannya!""",0.9091728329658508
"Aku wis kerep mara nikmati panganan ning roemah nenek. Aku seneng karo kahanane sing nyaman dinggo mangan bareng keluarga. Ning dina-dina tertentu ana tontonan musik langsung. Panganane uga nduwe pilian sing rena-rena saka tradisional, asia, sampek panganan kidulan","Saya sudah sering kali datang menikmati makanan di roemah nenek. Saya suka dengan suasananya yang nyaman untuk makan bersama keluarga. Di hari-hari tertentu ada hiburan live musik. Makanannya pun punya pilihan yang beragam dari yang tradisional, asia, sampai makanan barat","""Saya sudah sering berkunjung menikmati makanan di rooomah nenek. Saya senang dengan suasana yang nyaman untuk bersantap bersama keluarga. Di beberapa hari terdapat penampilan musik langsung. Makanannya juga mempunyai pilihan yang beragam dari mulai tradisional, asia, sampai makanan barat""",0.962370753288269
"Akeh wong sing ora seneng nggo berobat nyang dokter. Ora mung kerna mbayare sing relatif lumayan larang dingge separone wong, nyang dokter ora selawase isa marekne. Akeh dokter sing salah diagnosis. Apa penting utawa wis lumrah, toh dokter uga manungsa.","Banyak orang yang kurang suka untuk berobat ke dokter. Selain biaya yang relatif cukup mahal bagi sebagian orang, ke dokter tak selamanya bisa menyembuhkan. Banyak dokter yang salah diagnosa. Pentingkah ataukah sudah lumrah, toh dokter juga manusia.","""Banyak orang yang tidak suka berobat ke dokter. Tidak hanya karena bayar yang relatif mahal untuk separuhnya orang, ke dokter tidak selamanya bisa mendiagnosa. Banyak dokter yang salah diagnosis. Apa penting atau sudah biasa, toh dokter juga manusia.""",0.9446994662284851
"Pelayanane apik, panggen parkir lumayan amba, kebon stroberi amba lan akeh stroberi sing wis cukup abang nggo dipethil. Panganan ning restoran rena-rena banget, rasane enak, sambel stroberine unik lan enak. Sega liwet stroberi kudu dijajal. Sejauh iki kabeh menu sing tak pangan ora ana sing nggarai gela rekomendasi banget dinggo dolane keluarga","Pelayanan baik, tempat parkir cukup luas, kebun stroberi luas dan banyak stroberi yang sudah cukup merah untuk dipetik. Makanan direstoran sangat beragam, rasanya enak, sambal stroberinya unik dan enak. Nasi liwet stroberi harus dicoba. Sejauh ini semua menu yang saya makan tidak ada yang mengecewakan sangat rekomendasi untuk wisata keluarga","Pelayanan baik, tempat parkir cukup luas, kebun stroberi luas dan banyak stroberi yang sudah cukup merah untuk dipetik. Makanan di resto sangat enak, rasa enak, sambal stroberi unik dan enak. Sega liwet stroberi wajib dicoba. Sejauh ini semua menu yang saya coba sangat rekomendasi untuk kunjungan keluarga",0.9662002921104431
"Demi apa wae tes cpns marakna macet, sialannnnnnn","Demi apa pun tes cpns bikin macet, sialannnnnnn","""Demi apaan sih tes cpns makanya macet, sialaaaaaannnnn""",0.879108190536499
"Ngenteni panganan suwi banget, pelayane galak, pas mangan pas kuwi aku pesen pizza tekone eh gosong nganti kasire pas aku mbayar ora ngguyu, pelayanane payah.","Menunggu makanannya lama banget, waitressnya galak, pas makanannya saat itu saya pesan pizza datang eh gosong sampai kasirnya pun pas saya bayar tidak senyum, pelayanannya payah.","""Menunggu makanan lama sekali, pelayan kasar, saat makan saat itu saya pesan pizza ketonya eh gosong sampai kasir saat saya bayar tidak menanyakan, pelayanan buruk.""",0.9348907470703125
