javanese,ground_truth,generated,bertscore
"Cepak saka hotelku nginep, namung digawa mlaku, ing kene akeh tenan pilian panganane, panggonane sing amba, lan nyenengake","Dekat dengan hotel saya menginap, hanya ditempuh jalan kaki, di sini banyak sekali pilihan makanannya, tempat yang luas, dan menyenangkan","""Jalan dari hotelnya menginap, tapi membuat jalan, di sini banyak pilihan makanan, tempat yang luas, dan menyenangkan""",0.9301325678825378
"Iya bener, deknen lagi jaga warung.","Iya benar, dia sedang jaga warung.","""Iya benar, sekarang jaga warung.""",0.9157958626747131
Kangkunge lumayan nanging yuyu saus padange nguciwakake dhewe dikei yuyu sing kopong akhir dhewe ora mangan yuyune lan dibalekake.,Kangkungnya lumayan tapi kepiting saus padangnya mengecewakan kami dikasih kepiting yang kopong akhir kami tidak makan keptingnya dan dikembalikan.,"""Kangkune lumayan tapi saus pedas bikin muntah setelah diberi sambal yang kering ke ujung perut enggak makan sambalnya dan dibuangnya """,0.8756495118141174
"Manggon nang braga city walk sing sak gedung karo aston lan fave hotel, panggon iki nyaman banget dinggo nyangkruk-nyrangkruk. Kopi campur teh sing anyar lagek pisan iki aku njajal tibake enak banget, dipadu karo endog setengah mateng dadi kanca jagongan karo kanca-kanca. Panggon sing bebas rokokan tambah nyenengne karo nikmati pemandangan wira-wiri wong-wong sing mlebu metu mal iki.","Bertempat di braga city walk yang satu gedung dengan aston dan fave hotel, tempat ini sangat nyaman buat kongkow-kongkow. Kopi campur teh yang baru pertama kali saya nikmati ternyata sangat enak, dipadu dengan telur setengah matang menjadi pendamping mengobrol bersama teman-teman. Area yang bebas merokok semakin mengasyikkan sambil menikmati pemandangan lalu lalang orang-orang yang keluar masuk mal ini.","""Membangun di braga city walk yang sama kota dengan aston dan fave hotel, tempat ini sangat nyaman untuk duduk-duduk. Kopi campur teh yang baru saja dilaunching sangat bagus, dipadukan dengan roti setengah matang jadi pendamping pas untuk pembaca sambil perokok. Tempat yang bebas rokok lebih menyenangkan untuk menikmati pemandangan suasana orang yang masuk ke mal ini.""",0.9282670617103577
"Gianyar nompo bantuan sosial 2018 gedene rp 44, 9 milyat","Gianyar terima bantuan sosial 2018 sebesar rp 44, 9 miliar","""Gianyar naik bantuan sosial 2018 sebesar rp 44, 9 milyat""",0.9106792211532593
Iki salah siji conto generasi sing ora kangge. Ora malah migunani dinggo bangsa nanging malah dadi sesuatu sing mbahayani dinggo bangsa! Mantep jeraten ae nggawe uu ite,Ini salah satu contoh generasi yang tidak berguna. Bukan malah bermanfaat untuk bangsa tapi malah jadi sesuatu yang berbahaya bagi bangsa! Mantap jerat saja pakai uu ite,"""Ini salah satu contoh generasi yang benar-benar mengabdi untuk bangsa bukan malah menjadi sesuatu yang menjemputuhi bangsa! Mantap kalo bikin uu itu""",0.8986753821372986
"Sore konco, wektu iki lagi dilakokne pemeliharaan dadi aplikasi ora isa diakses.","Sore sahabat, saat ini sedang dilakukan pemeliharaan sehingga aplikasi tidak dapat diakses.","""Soal teman, waktu ini sedang dilakukan pemeliharaan sehingga aplikasi tidak bisa diakses.""",0.9476734399795532
Tenan ringkih dhewe iki aku uga jiden saktenane,Memang lemah kita ini aku juga penakut sebenarnya,"""Tulus sakit hati kami itu saya juga jujur saja""",0.8587558269500732
"Terakhir nyang hanamasa regane 120 ewu / wong. Nanging puase luwih saka iku. Isa njupuk panganan sakpuase, nanging rasa ora nggelakne, pinter-pintere awakdewe ae ngeracik dewe. Lak penggemar daging sapi mesti seneng mrene","Terakhir ke hanamasa harganya 120 ribu / orang. Tapi puasnya lebih dari itu. Bisa ambil makanan sepuasnya, tapi rasa tidak mengecewakan, pintar-pintar kita saja meracik sendiri. Kalau penggemar daging sapi pasti suka ke sini","""Terakhir yang hematnya harga sekitar 120 ribuan per orang. Tapi puas lebih dari itu. Ada soal makanan puasan, tapi rasa tidak mengecewakan, pintar-pintar dulunya deh meraciknya. Kalau penggemar daging sapi pasti senang sama sini""",0.9295821189880371
"Kanggo menyang ing the peak mesthi wae karasa adoh banget saka pusat kutha bandung, lan aksese sing lumayan mbingungake lan dalan cilike mbelak-mbelok. Nanging kowe bisa ora bakal kesasar amarga meh ing saben enggokan ana tanda marang ing the peak. Panggonane apik banget kanggo kowe sing nggolek suasana mbengi romantis, kanthi pemandangan mbengi kutha sing apik tenan.","Untuk menuju ke the peak memang terasa sangat jauh dari pusat kota bandung, dan aksesnya yang agak membingungkan dan jalan kecil berkelok-kelok. Namun anda mungkin tidak akan tersesat karena hampir di tiap belokan ada signage menuju ke the peak. Tempatnya sangat bagus untuk anda yang mencari suasana malam romantis, dengan pemandangan malam kota yang menakjubkan.","""Untuk sampai ke the peak memang harus kuat hati yang cukup jauh dari pusat kota bandung, dan akses yang cukup membingungkan dan jalanan berkelok-kelok. Namun anda tidak akan salah karena di setiap sudut ada tanda ke the peak. Tempatnya sangat indah untuk anda yang ingin mencari suasana malam romantis, dengan pemandangan malam kota yang sangat bagus sekali.""",0.957643449306488
Kebon raya bogor isa didadekne salah siji tujuan destinasi wisata,Kebun raya bogor bisa dijadikan salah satu tujuan destinasi wisata,"""Kebun raya bogor bisa jadi salah satu destinasi wisata""",0.9643189907073975
"The peak panggone ning cedeke lembang, waratan duwur ning bandung sing adem lan panggone sing apik banget nanging dalan ngge moro panggonan iki kelok-kelok banget lan tikungan landep lan curam, ora disarane dingge motoran pas udan-udan lan wengi. Ning the peak ana nggen mangan sing pemandangane kutha bandung sing indah saka nggunung, rega panganane sing larang banget lan ora sumbut.","The peak berlokasi di dekat lembang, dataran tinggi di bandung yang sejuk dan lokasi yang sangat baik namun jalan untuk mencapai tempat ini sangat berkelok disertai tikungan tajam nan curam, tidak disarankan untuk berkendara saat hujan dan malam hari. Di the peak terdapat restoran dengan pemandangan kota bandung yang indah dari perbukitan, harga makanan yang sangat mahal dan sangat tidak sesuai.","""The peak tempatnya di cedeke lembah, jarak terbilang jauh di bandung yang dingin dan tempatnya sangat bagus tetapi jalan terjal dan menanjak, tidak disarankan buat penumpang motor saat hujan-hujanan dan malam. Di the peak ada juga makan yang pemandangan kota bandung yang indah dari gunung, harga makanan yang agak mahal dan tidak berserakan.""",0.9221310615539551
Aku kapok nganggo jasa lion air,Saya kapok menggunakan jasa lion air,"""Saya kapok menggunakan jasa lion air""",0.961571991443634
Akeh bab sing isa dhewe tindakake kanggo ngisi wektu luwang.,Banyak hal yang dapat kita lakukan untuk mengisi waktu luang.,"""Banyak hal yang bisa dilakukan untuk mengisi waktu luang.""",0.9575910568237305
Saya apatis ngelaporake bab-bab kaya iki. Amarga nganti minggu wingi isih tetep hurung digarap. Mung janji-janji terus.,Semakin apatis melaporkan hal-hal seperti ini. Karena sampai minggu lalu masih tetap belum dikerjakan. Hanya janji-janji terus.,"""Saya bosan mengeluhkan hal-hal seperti ini. Karena kemarin sudah bersumpah masih belum terjelajahi. Hanya janji tertunda.""",0.9005216360092163
Rega dhuwur banget porsi sithik banget ora janji maneh aku teko kanggo kepindho. Panganane ora beda adoh karo emakku dong!,Harga selangit porsi seiprit tidak janji lagi saya datang untuk yang kedua kali. Masakannya tidak beda jauh sama ema saya dong!,"""Harga tinggi banget porsi sangat tidak sesuai sama janji 2 kali makan ke depan. Makanan tidak berbeda jauh sama ibu sendiri!""",0.8787239193916321
"Anyar lan kashediya, 5 sekat mangan awan kotak kotak mangan yooyee kotak bekal anti bocor 590","Baru dan tersedia, 5 sekat makan siang kotak kotak makan yooyee kotak bekal anti bocor 590","""Baru dan berkualitas, 5 sekat makan awan kotak kotak makan yaaa kotak bekal anti bocor 590""",0.9318376183509827
"Ora ngerti ya kenangapa resto iki manggoni ranking 12 saka 1800an resto sing ana ing jakarta. Regane larang! Panggonane ndhelik, lan rasa panganane biasa bae. Aja percaya banget karo review sing nyesatake.","Tidak mengerti ya kenapa resto ini menduduki peringkat 12 dari 1800an resto yang ada di jakarta. Harga mahal! Lokasi tersembunyi, dan rasa makanan biasa saja. Jangan terlalu percaya sama review yang menyesatkanlah.","""Tidak mengerti ya kenapa resto ini punyanya peringkat 12 dari 1800an resto yang ada di jakarta. Harganya mahal! Tempatnya sempit, dan rasa makanannya biasa saja. Ajikan percaya sangat dengan review yang menyesatkan.""",0.9464012384414673
Bledosan ning aksi protes ning afghanistan mateni wong 68,Ledakan dalam aksi protes di afghanistan tewaskan 68 orang,"""Enam puluh delapan orang tewas dalam aksi protes di afghanistan kemarin""",0.9133220314979553
"Aku teka marang restoran kuwi bareng karo kancaku. Kancaku kakehan kaget ndhelok pemandangane sing apik tenan ing mbengi. Aku ndhuweni kasempatan njajal stik impore, enak tenan apa maneh sause. Mmm yummi. Yen ana kasempatan aku pengen teka maneh marang kana.","Saya berkunjung ke restoran itu bersama dengan teman saya. Teman saya kebanyakan terkejut melihat pemandangannya yang sangat indah di malam hari. Saya berkesempatan mencoba steak impornya, sangat enak apalagi sausnya. Mmm yummi. Kalau ada kesempatan saya ingin berkunjung lagi ke sana.","""Saya pergi ke restoran itu bersama dengan temanku. Temanku kaget melihat pemandangannya yang indah sekali di malam hari. Saya coba steak impur, enak sekali plus saus. Mmm yummi. Jika ada kesempatan saya ingin pergi lagi ke sana.""",0.9531040191650391
Akses menyang dusun bambu isa ditekani kira-kira ing wektu 1 - 2 jam nganggo mobil pribadi. Mara menyang dusun bambu diusahakake pas wektu wengi amarga awake dhewe isa ndelok cetha pemandangan sing ana lan wektu sing pas kanggo mangan wengi.,Akses menuju dusun bambu bisa ditempuh kira-kira dalam waktu 1 - 2 jam menggunakan mobil pribadi. Berkunjung ke dusun bambu diusahakan saat petang hari karena kita dapat melihat jelas pemandangan yang ada dan waktu yang pas untuk makan malam.,"""Akses ke desa bambu bisa ditempuh kira-kira dalam waktu 1 - 2 jam dengan mobil pribadi. Perjalanan ke desa bambu sebaiknya dilakukan pada waktu malam hari karena kita bisa melihat indah pemandangan yang ada dan waktu yang pas untuk makan malam.""",0.9605655074119568
"Panganane oke padha karo xo suki liyane. Nanging sanajan dina prei gedhe kaya badha iki udhu artine meseme prei lan pesenan ombe, lan liya-liyane kudu mesen ping akeh. Tulung dijaga kepuasan pelanggane. Matur suwun,","Makanan oke sama seperti xo suki lainnya. Tetapi walaupun hari libur besar seperti lebaran ini bukan berarti senyumnya libur dan order minum, dan lain-lain harus order berkali-kali. Tolong di jaga kepuasan pelanggannya. Terima kasih.","""Makanan oke sama xo suka lainnya. Hanya malam hari pada hari besar sepertinya lebih mahal dua kali. Jadi itu berarti rice dan minum biar lebih banyak. Silakan dijamin banyak. Terima kasih,""",0.875798761844635
"Restoran iki yaiku panggon kuliner sing wajib diparani umpama nyang bandung. Ora mung panganane sing manjakne ilat panganan sunda banget, restoran iki uga dibangun nganggo konsep mangan santai ning jero kali dadi nawarne pengalaman kuliner sing berkesan banget. Kudu dijajal dinggo sopo ae sing nyang bandung.","Restoran ini adalah sebuah destinasi kuliner yang wajib dikunjungi bila ke bandung. Selain makanan yang sangat memanjakan lidah makanan sunda, restoran ini juga dibangun dengan konsep makan santai di dalam saung yang dikelilingi alam hutan dan pegunungan yang dihias pepohonan rindang dan dihibur oleh gemericik air sungai sehingga menawarkan pengalaman kuliner yang teramat mengesankan. Harus dicoba bagi siapapun yang ke bandung.","""Restoran ini adalah tempat kuliner yang wajib di kunjungi apabila ke bandung. Bukan hanya makanan yang memanjakan lidah dengan masakan sunda yang sangat, restoran ini juga dibangun dengan konsep makan santai di tepi sungai sehingga memberikan pengalaman kuliner yang sangat berkesan. Harus dicoba bagi siapa saja yang ke bandung.""",0.9350364804267883
Mbalik ngaktifne paket data indosat merga isa akses youtube unlimited.,Kembali mengaktifkan paket data indosat karena dapat akses youtube unlimited.,"""Mpulang aktifkan paket data indosat karena bisa akses youtube unlimited.""",0.9374247789382935
Aku nembe ngerti ketemu kancaku sek makarya nang trans tv,Saya baru saja bertemu teman saya yang bekerja di trans tv,"""Saya terkejut bertemu temanku sek makarya di trans tv""",0.9096564650535583
"Omah mangan ning dalan anggrek iki nduwe keistimewaan jenis seafood sing rena-rena lan ana sing isih urip dinggo dipilih lan dimasak pas kuwi uga. Rena-rena jenis panganan isa dipilih lan wektu ngenteni sing sediluk nggarai adewe ora tek kesuwen keluwen ngenteni. Menu kerapu kukuse enak banget lan gurih, apa meneh lak dimasak karo iwak sing isih seger. Lokasine lumayan adem, regane mirah.","Rumah makan di jalan anggrek ini memiliki keistimewaan jenis seafood yang beragam dan ada yang masih hidup untuk dipilih dan dimasak saat itu juga. Berbagai jenis masakan dapat dipilih dan waktu tunggu yang singkat membuat kita tidak terlalu lama kelaparan menunggu. Menu kerapu kukusnya sangat enak dan gurih, apalagi bila dimasak dengan ikan yang masih segar. Lokasi cukup sejuk, harga murah.","""Rumah makan di jalan anggrek ini punya keistimewaan jenis seafood yang sedikit dan masih hidup untuk dipilih dan dimasak sesuai itu juga. Sedikit jenis makanan bisa dipilih dan waktu menunggu yang sedempul membuat tidak kesal menunggu. Menu kepiting kukus enak sekali dan gurih, apalagi kalau dimasak dengan ikan yang masih segar. Lokasinya cukup adem, harganya terlebih mahal.""",0.9533944129943848
"Kaya biasane awakdewe mesti golek kuliner sing liya timbangane sing liyane, awakdewe entuk ning panggen iki yaiku the restaurant padma hotel. Awakdewe pesen menu sing ana. Ana saka indonesia, eropa lan cina, tibake kabeh masakane enak kabeh.","Seperti biasa kami selalu mencari kuliner yang lain daripada yang lain, dapatlah kami di tempat ini yaitu the restaurant padma hotel. Kami memesan menu yang ada. Ada dari indonesia, eropa dan chinese, ternyata semua masakannya enak semuanya.","""Seperti biasanya pelanggan harus mencari kuliner yang lain selain yang lain, kami pergi ke tempat ini yaitu the restaurant padma hotel. Kami pesan menu yang ada. Ada dari indonesia, eropa dan cina, akhirnya semua masakan enak semua.""",0.9532866477966309
Iya kuwi sing nggawe aku kesel. Iki udu salahe sing ngelamar nanging jelas 100% salahe pihak sing ana ing ndhuwur sing embuh piye carane dheweke koordinasi. Nyesek aku kuwi sanajan iki kasus kancaku sing ing lampung.,Iya itu yang bikin saya kesal. Ini bukan kesalahan sang pelamar tapi jelas 100% kesalahan pihak yang di atas yang entah bagaimana cara mereka berkordinasi. Nyesek saya itu walaupun ini kasus teman saya yang di lampung.,"""Iya itu yang bikin saya kesal. Ini kedua kalinya dalam sebulan dia melamar tapi jelas 100% salah pihak yang di atas yang tidak tahu cara apa caranya koordinasi. Nyesek saya itu kejadian ini dua kali kasus teman saya yang di lampung.""",0.9299038052558899
"Pelayanane cukup suwi, nanging suwasanane sing diwenehi apik lan unik, dadi karo ngenteni panganan isa nikmati suwasana ing restoran iki, menu sing disajikake aneka werna lan enak,","Pelayanannya agak lama, tetapi suasana yang diberikan keren dan unik, jadi sambil menunggu makanan bisa menikmati suasana di resto ini, menu yang disajikan beragam dan enak,","""Pelayanan cukup baik, meskipun suasana yang ditawarkan cukup baik dan unik, sehingga sambil menanti makanan bisa menikmati suasana di restoran ini, menu yang disajikan beragam dan enak,""",0.9474362730979919
"Panganan ing kene enak-enak kanthi akeh variasine. Kabehane enak kanthi pemandangan apik. Pelayanane sing maksimal saka mbak diah lan gina saka ngewiwiti teka nganti rampung, dilayani kanthi apik tenan.","Makanan di sini enak-enak dengan banyak variasi. Semuanya enak dengan pemandangan bagus. Pelayanan yang maksimal dari mbak diah dan gina dari awal datang sampai selesai, dilayani dengan sangat baik.","""Makanan di sini enak-enak dengan banyak varietas. Semua enak dengan pemandangan bagus. Pelayanan yang maksimal dari mbak diah dan gina dari mulai duduk sampai pulang, dijaga dengan baik.""",0.9631242752075195
"Ana ing ajang piala dunia 2018 sesuk, telkomsel njupuk bagian minangka pandukung penyiaran resmi ing perhelatan sepak bola donya kasebut.","Dalam ajang piala dunia 2018 nanti, telkomsel mengambil bagian sebagai pendukung penyiaran resmi dalam perhelatan sepak bola dunia tersebut.","""Di ajang piala dunia 2018 besok, telkomsel menjadi sponsor sebagai penyiar resmi dalam perhelatan sepak bola dunia yang disebut.""",0.9566571712493896
De'e biasane tuku tisu paseo,Dia biasanya membeli tisu paseo,"""Sangat penting membeli tisu basah""",0.8465794920921326
"Buse ora nyaman, mbak, ora sumbut karo sing diomongne bosmu, urung maneh panganane kurang enak banget, terus panggon wisata tujuane sing nggelakne:","Busnya tidak nyaman, mbak, tidak sesuai dengan yang diomongin atasan Anda, belum lagi makanannya kurang enak banget, lalu tempat wisata tujuannya yang mengecewakan:","""Limbah tidak nyaman mbak, tidak minta karen kejawaban bosnya, sampai masih belum minta makanan kurang enak banget, lalu tempat wisata tujuan yang mengecewakan,""",0.9222059845924377
"Cukup gampang golek lokasi iki, mung ngikuti wae arah menyang tengah kota. Mengko ning kiwa dalan ketok parkiran mobil sing cukup akeh, nengkono panggonan kafe iki. Rasane kafe iki pancen arang sepi, pengunjunge akeh banget.","Cukup mudah mencari lokasi ini, tinggal mengikuti saja arah ke tengah kota. Nanti di kiri jalan terlihat parkiran mobil yang cukup banyak, disitulah tempat kafe ini. Rasanya kafe ini memang jarang sepi, banyak sekali pengunjung.","""Cukup mudah menemukan lokasi ini, hanya mengikuti saja arah menuju tengah kota. Nah di tengah jalan ketemu parkiran mobil yang cukup luas, disitu tempatnya berdiri kafe ini. Rasanya kafe ini memang sepi, pengunjung sangat banyak.""",0.9603939056396484
"Gela aku karo provider iki, nganti sebel, nesu, emosi, aku metu, gara gara, sinyal sing ora bener.","Kecewa saya dengan provider ini, sampai kesal, marah, emosi, saya keluar, gara gara, sinyal yang tidak benar.","""Gelak aku sama provider ini, sampai sebel, nyesel, emosi, aku metu, gara-gara, sinyal yang tidak benar.""",0.9395453929901123
"Sarung bantal, seprei lan slimute uwis ora putih...terus temboke wes akeh lumut..","Sarung bantal, seprai dan selimutnya tidak lagi putih...trus dindingnya sudah banyak lumut..","""Bantal, seprai dan selimut sudah tidak putih..temboknya sudah banyak lumut.""",0.9577819108963013
"Lan pas dheweke teka, saya rusak wae iki acara. Gilo banget aku karo dheweke, asli! Ngapuro yoo aku ora seneng banget karo dheweke","Dan ketika dia tiba, makin rusak saja ini acara. Jijik banget gue sama dia, asli! Maaf yaah gue enggak suka banget sama dia","""Dan pas dia ngejam, saya emang deh ini acara. Gila banget gue sama dia, asli! Bawa juga ya gue nggak suka banget sama dia""",0.9200996160507202
"Dhewe ana acara mangan mbengi wektu kuwi, es krime ora dipisah karo espresso dadi ora isa nyampur sing cocok karo selerane awakedhewe. Salmon steake uga kurang seger, kulit salmone atos, ketoke suwi ing kulkas utawa freezer. Sanajan iku menu utama sing kudune enak.","Kami ada acara makan malam waktu itu, ice krimnya tidak dipisahkan dengan espresso jadi tidak bisa mencampur sesuai selera masing-masing. Salmon steaknya juga kurang segar, kulit salmonnya keras, keliatannya lama di kulkas atau freezer. Padahal itu menu utama yang seharusnya enak.","""Kami punya acara makan malam pada waktu itu, es krim tidak terpisah dengan espresso jadi tidak bisa tercampur yang cocok dengan selera masing masing. Salmon steak juga kurang segar, kulit salmonnya kering, sepertinya dingin di kulkas atau freezer. Makanan ini menu utama yang harus enak.""",0.9526969790458679
"Panggonane gampang ditemukake. Resik lan higienis, pelayanane apik, dhewe bisa diskusi babagan panganan kang kasadia. Asik.","Tempatnya mudah ditemukan. Bersih dan higienis, pelayanannya bagus, kita bisa diskusi tentang masakan yang tersedia. Asik.","""Tempatnya mudah ditemukan. Bersih dan higienis, pelayanan bagus, kami bisa berdiskusi mengenai makanan yang enak. Asik.""",0.9647915363311768
Buffet mangan mbengi paling top. Regane pas karo sing dientukake. Rasane enak piliane akeh. Regane kadang didiskon yen teko rombongan. Sukses terus ya.,Buffet makan malam paling top. Harga sesuai yang didapat. Rasanya enak pilihannya banyak. Harga kadang didiskon jika datang rombongan. Sukses selalu ya.,"""Buffet makan malam terbaik. Harga seimbang dengan yang disajikan. Rasa enak pilihan banyak. Harga kadang didiskon kalau rombongan. Sukses terus ya.""",0.9521423578262329
Panggon sing apik yen dinikmati wengi. Cukup nyaman. Ragane lumayan murah. Senenganku stik tenderloine. Cukup enak.,Tempat yang bagus kalau dinikmati malam hari. Cukup nyaman. Harga cukup terjangkau. Favorit saya steak tenderloinnya. Cukup enak.,"""Tempat yang bagus kalau dinikmati muda-muda. Cukup nyaman. Harga lumayan murah. Favorit saya stik tenderloin. Cukup enak.""",0.945123016834259
"Njajal kanggo buka puasa ing kene. Kanggo rega sing kagolong larang ana ing antara hotel berbintang sakelasae, rasa sing ditawakake tenan nguciwakake. Pastane ora ana rasane, panganan liyane uga ora ana rasane. Beda tenan karo apa sing biasa ditawakake. Lan pelayanane uga kurang profesional pas ngelakoni pembayaran nganggo kartu kredit.","Mencoba untuk buka puasa di sini. Dengan harga yang tergolong mahal di antara hotel berbintang sekelasnya, rasa yang ditawarkan sangat mengecewakan. Pastanya hambar, makanan lain juga hambar. Sangat berbeda dengan apa yang biasa ditawarkan. Dan pelayanan juga kurang profesional pada saat melakukan pembayaran dengan mengunakan kartu kredit.","""Mencoba untuk buka puasa di sini. Untuk harga yang tergolong mahal di antara hotel bintang sama, rasa yang diimplementasikan sungguh mengundang muntah. Pasti tidak ada rasa, makanan lainnya juga tidak ada rasa. Terbedakan jauh dari apa yang diimplementasikan. Dan pelayanan juga kurang profesional saat melakukan pembayaran dengan kartu kredit.""",0.9288297295570374
"Aku uga bingung loh, sing ndukung tokoh kuwi meh kabeh setipe bisane mung ngenyek-ngenyek, fitnah, tembung-tembung kasar, nyebarna isu ngapusi, ngutamakake emosi, akal sehate ora pernah dinggo.","Gue juga bingung loh, pendukung tokoh itu hampir semuanya setipe bisanya cuma maki-maki, fitnah, kata-kata kasar, menyebar isu bohong, mengutamakan emosi, akal sehat tidak pernah dipakai.","""Saya juga bingung loh, yang mendukung tokoh itu semua setipe bisa-bisa biarin, fitnah, tembung-tembung kasar, sebarkan isu bohong, maksimalkan emosi, akal sehat tidak pernah buang.""",0.9288231134414673
"Omah mangan nusa indah saiki gelakne ah. Reget, uwong ditokne wae ngrokok ning ruangan nggo ac, pangganan suwe tekane.","Rumah makan nusa indah sekarang mengecewakan ah. Kotor, orang didiamkan saja merokok di ruangan ber ac, makanan lama datangnya.","""Rumah makan nusa indah sekarang gelak deh. Kecil, orang duduknya hanya merokok di ruangan dengan ac, meja yang lama dipakai.""",0.9084492921829224
Nadia nggoleki hem kanggo adike ning uniqlo,Nadia mencari kemeja untuk adiknya di uniqlo,"""Nadia membeli hem untuk adiknya di uniqlo""",0.9402567148208618
"101 dalmatians: The series yaiku seri kartun tipi sing digawe karo disney television animation, kerjo bareng karo jumbo pictures.","101 dalmatians: The series adalah sebuah seri animasi televisi yang diproduksi oleh disney television animation, bekerja sama dengan jumbo pictures.","""101 dalmatians: The series adalah seri kartun televisi yang dibuat oleh disney television animation, kerjasama dengan jumbo pictures.""",0.961883008480072
Kantor kang nyambungake korsel - korut dibuka pekan iki,Kantor penghubung korsel - korut dibuka pekan ini,"""Kantor yang menghubungkan korsel - korut dibuka pekan ini""",0.9290561676025391
Menehi berkah bareng sinde! Etukna 50 paket umroh saben tuku minimal rp 15.000 ning alfamart.,Berbagi berkah bersama sinde! Dapatkan 50 paket umroh setiap pembelian minimal rp 15.000 di alfamart.,"""Menangkan berkah bersama muhammad! Dapatkan 50 paket umroh setiap beli minimal rp 15.000 di alfamart.""",0.9462544918060303
"Tuku kaos, topi utawa jam tangan ning lapak monoton roomstore busa ditawa khusus nganggo aplikasi ning hape bosku.","Beli kaos, topi atau jam tangan di lapak monoton roomstore bisa diego khusus pakai aplikasi di hape boskuh.","Dapatkan kaos, topi atau jam tangan di lapak monoton roomstore dengan diskon khusus menggunakan aplikasi di ponsel bosku.",0.9529560804367065
"Aplikasi google maps akeh paedahe, aku puas nganggone!","Aplikasi google maps sangat bermanfaat, saya puas menggunakannya!","""Aplikasi google maps kepake, saya puas pake!""",0.9241465330123901
"Kanggo malem minggu ing kene pasangan diwenehi panggonan sing ora kapenak, amarga pas uwong lewat ing kana panggonane dhewe obah-obah, luwih pase mirip kaya warung pinggir dalan. Ora sesuai karo rega panganane sing disajikake, kudune pasangan uga diwenehi panggonan sing apik uduk sembarang nerima tamu lan dideleh ing panggonan kaya kuwi.","Untuk malam minggu di sana pasangan diberi tempat yang tidak nyaman, karena saat orang lewat di sana tempat kami goyang-goyang, lebih tepatnya mirip seperti warung pinggir jalan. Tidak sesuai dengan harga makanan yang disajikan, seharusnya pasangan juga diberi tempat yang bagus bukan sembarang terima tamu dan taruh di tempat seperti itu.","""Untuk malam minggu di tempat ini pasangan di beri pemandangan yang tidak nyaman, karena setelah melewati orang di tempat mereka bergerombol, lebih pas serupa warung pinggir jalan. Tidak sesuai dengan harga makanan yang disajikan, pasangan juga di beri tempat yang bagus secara sembarangan menerima tamu dan didekadkan di tempat seperti itu.""",0.9350868463516235
Menu panganan cukup rena-rena lan nggarai sir mesen kabeh. Mirah? Jelas ae!,Menu makanan cukup bervariasi dan bikin mau dipesan semuanya. Murah? Pastinya!,"""Menu makanan cukup beragam dan membuat lapar sampai memesan semua. Minum? Tentu saja!""",0.9031956791877747
Bagikno sak akeh-akehe. Ben wong iki diproses. Kangen ndelok video njaluk sepiro karo nangis-nangis terus wadul nyang mbok e terus omong lak perlakuane kuwi ora sengaja.,Bagikan sebanyak-banyaknya. Biar ini orang diproses. Kangen melihat video minta maaf sambil nangis-nangis lalu ngadu ke emak lalu bilang kalau perlakuan itu tidak sengaja.,"""Ditegur sebanyak-banyaknya. Kalau orang itu diproses. Sayang lihat video minta sepiro terus tangis-tanggis terus bilang kalau itu tidak sengaja.""",0.912672758102417
"Soto kudus iki anane ning pinggir dalan, kaping pisan arep mangan rada ora mantep uga sih. Amarga pengen ngerti rasa kudus yo dijajal sek. Ee saktenane uga enak lho, lan ana uga pilihan kanggo nyampurake, pokoke enak tenan. Regane murah pol deh. ","Soto kudus ini adanya di kaki lima, pertama kali mau makan agak ragu juga sih. Karena ingin tahu rasa kudus ya dicoba dulu. Ee ternyata enak juga lho, dan ada juga pilhan untuk mencampurnya, pokoknya enak sekali deh. Harganya murah meriah deh.","""Soto kudus ini terletak di pinggir jalan, kalau mau makan sepertinya tidak mantap juga sih. Kalau mau tahu rasa kudus ya dicoba dulu sek. Ee sungguhnya juga enak lho, dan ada juga pilihan untuk mencampurkan, pokoknya enak sekali deh. Harganya murah banget deh. """,0.9463241100311279
Olahraga wengi isa dadi pilihan kanggo ngisi wektu lowong.,Olahraga di malam hari dapat menjadi pilihan untuk mengisi waktu luang.,"""Olahraga ringan bisa jadi pilihan buat mengisi waktu luang.""",0.9264419078826904
Restoran seafood. Menu spesiale yuyu sing dipangan karo kulite. Kanggo aku kurang enak. Kulite isih rada atos. Pelayanane biasa-biasa bae.,Restoran seafood. Menu spesialnyanya kepiting yang dimakan dengan kulitnya. Untuk saya kurang enak. Kulitnya masih agak keras. Pelayanannya biasa-biasa saja.,"""Restoran seafood. Menu spesialnya udang yang ditempati dengan kulitnya. Untuk saya kurang enak. Kulitnya masih sedikit keras. Pelayanan biasa-biasa saja.""",0.9638730883598328
"Enak lumayan, nanging regane larang amarga porsine luwih sithik. Ana pilihan infused kangen water sek cukup kanggo 4 uwong","Enak lumayan, tapi harganya mahal karena porsinya sedikit kecil. Ada pilihan infused kangen water yang cukup untuk 4 orang","""Enak lumayan, tetapi harganya mahal karena porsinya lebih kecil. Ada pilihan infused kangen water seharga 4 orang cukup untuk 2 orang""",0.9559069871902466
"Dinggo daerah banda aceh lan sekitare sik lancar, ora ana gangguan blas.","Untuk daerah banda aceh dan sekitarnya masih lancar, tidak ada gangguan sama sekali.","""Untuk daerah banda aceh dan sekitarnya lancar, tidak ada gangguan sama sekali.""",0.9778265953063965
Emosi karo gojek sing kerep nyasar yen arep menyang omahku.,Emosi dengan gojek yang selalu nyasar kalau mau ke rumah saya.,"""Emosi sama gojek yang sering salah arah kalau mau ke rumahku.""",0.9219949841499329
"Kafe sing nyaman, enak lan murah kanthi desain kafe sing unik lan marakna krasan. Panganan enak lan kopi enak lan fasilitas wifi sing cepet lan tv kabel","Kafe yang nyaman, enak dan murah dengan desain kafe yang unik dan bikin betah. Makanan enak dan kopi enak serta fasilitas wifi yang cepat dan tv kabel","""Kafe yang nyaman, enak dan murah dengan desain kafe yang unik dan luasnya tempat. Makanan enak dan kopi enak dan fasilitas wifi yang cepat dan tv kabel""",0.9642000794410706
"Uwis sewulan luwih ora mangan indomie, sakpisane mangan langsung nggawe rong porsi indomie goreng jumbo.","Sudah sebulan lebih tidak makan indomie, sekalinya makan langsung bikin dua porsi indomie goreng jumbo.","Jangan malu banyak makan indomiy, bukannya makan langsung pakai porsi indomie goreng jumbo.",0.9275197386741638
"Mangan sikil wedus bagian pupu sing empuk lan lumayan gedhi dinggo ukuran medium, pas dingge wong siji, mangan tanpa sega, karo es lemon tea. Seger kurange mung panggone kebul-kebul, wajar kan jenenge uga wedus bakar hehehe","Makan kaki kambing paha yang empuk dan lumayam besar untuk ukuran medium, pas untuk satu orang, makan tanpa nasi, dengan es lemon tea. Segar kekurangannya hanya tempatnya berasap, wajar kan namanyan jg kambing bakar hehehe","""Makanan kaki babi dengan perut yang empuk dan cukup besar untuk ukuran medium, cocok untuk satu orang, makan tanpa nasi, dengan es lemon tea. Segar sih cuma tempatnya agak berdebu, wajar lah namanya juga babi bakar hehehe""",0.9373725652694702
"Panggone lumayan unik, rasa panganane biasa, menu sing ditawakne uga biasa, mung panggone karo keunikane sing menarik, cara nyeluk pelayane nganggo nutuk kentongan,. Aku pas mrana wengi, diambah udan, udarane lumayan adem nyrusuk belung, sempet ngenteni kira-kira limolas menit ben iso entuk panggon, merga bek blok wektu iku. Disaranke lak sir mrana sore-sore.","Tempatnya cukup unik, rasa makanan standar, menu yang ditawarkan juga biasa, hanya saja yang menarik tempat dan keunikannya, cara memanggil pelayannya dengan memukul kentongan,. Aku pas ke sana pada malam hari, ditambah hujan, udaranya cukup dingin menusuk tulang, sempat menunggu kira-kira 15 menit untuk bisa dapat tempat, karena penuh blok pada saat itu. Disarankan kalau mau ke sana sore-sore.","""Tempatnya cukup unik, rasa makanan diatas rata-rata, menu yang disajikan juga rata-rata, hanya tempat dengan keunikannya yang menarik, cara menyambut pelanggan dengan cara tepukan tangan, saya pas duduk di luar cuaca hujan, udara cukup sejuk, sempat menunggu sekitar lima menit sebelum diantar ke tempat, karena bek blok waktu itu. Disarankan jika belum pernah datang sore-sore.""",0.9210250377655029
"Ning pilkada 2018, polri dijaluk ningkatne pengamanan ning sekitar tps.","Dalam pilkada 2018, polri diminta meningkatkan pengamanan di sekitar tps.","""Dalam pilkada 2018, polri meningkatkan keamanan di sekitar tps.""",0.9618033766746521
"Ora bosen apa film indonesia sing main deknen terus, udu ngomong deknen ora apik, nanging yen pemaine kuwi kuwi bae uga bosen ndheloke.","Tidak bosan apa film indonesia yang main dia terus, bukan bilang dia tidak bagus, tetapi kalau pemain itu itu melulu jenuh juga melihatnya.","""Tidak bosan apa film indonesia yang mainnya sama terus, dia baru bilang tidak bagus, tapi kalau pemainnya itu itu juga tidak bosan baginya.""",0.9393836259841919
Wingi Dian tuku kathok anyar liwat aplikasi Lazada,Kemarin Dian membeli celana baru lewat aplikasi Lazada,"""Kemarin Dian membeli tiket pesawat lewat aplikasi Lazada""",0.9350405931472778
"Dhewe arep menyang lembang kanthi kahanan luwe. Pas ndhelok saung pengkolan iki dhewe langsung mandhek kanggo mangan. Dhewe milih lesehan ing tingkat 2 dadi entuk pemandangan sek apik. Pesenane dhewe yaiku cumi goreng glepung, gurame goreng krispi, oseng genjer lan rong menu tahu sek aku lali jenenge. Umume ora ana sek istimewa saka hidangan kuwi. Mbok menawa pilihanku. Lanjutane","Kami dalam perjalanan ke lembang dalam keadaan lapar. Saat melihat saung pengkolan ini kami langsung berhenti untuk makan. Kami memilih lesehan di lantai 2 sehingga mendapatkan pemandangan yang indah. Pesanan kami adalah cumi goreng tepung, gurame goreng crispy, tumis genjer dan dua menu tahu yang saya lupa namanya. Secara keseluruhan tidak ada yang istimewa dari hidangan tersebut. Mungkin pilihan saya. Lanjutan","""Kami bertiga ke lembah dengan sewa bus. Saat melihat saung pengkolan kami langsung turun untuk makan. Kami pilih duduk di lantai 2 untuk mendapatkan pemandangan yang bagus. Pesanan kami adalah cumi goreng tepung, gurame goreng crispy, oseng kangkung dan minuman tahu yang saya lupakan namanya. Rasanya tidak ada istimewanya dari hidangan tadi. Sayang sekali jika memilih saya dan lanjutnya""",0.9415243864059448
Entuk bonus tcahs 12.500 nanging ora isa dienggo kanggo tuku pulsa sing regane 10 ewu h aneh,Dapat bonus tcash 12.500 tapi tidak bisa dipakai buat beli pulsa yang seharga 10 ribu h aneh,Untuk bonus tcahs 12.500 tapi tidak boleh digunakan buat beli pulsa yang harganya 10 ekuan aneh,0.9223387241363525
"Kaping kapisan aku marang rana, meja-meja mulai tuwa lan uga menu panganan sing ora patio variatif. Nanging regane ora bisa diomong murah, amarga kudune kanthi rega-rega sakmono bisa entuk sing luwih apik. Utamane pas aku marang kamar mandi, reged tenan lan mambu ora enak:","Saat pertama ke sana, meja-meja mulai usang dan juga menu makanan yang tidak begitu bervariatif. Namun harganya tidak bisa dibilang murah, karena seharusnya dengan harga-harga segitu bisa dapat yang lebih baik. Terutama saat saya ke toilet, sangat kotor dan berbau tidak sedap:","""Hiasan hiasan saya kecewa pada malam hari, meja-meja mulai tua dan juga menu makanan yang tidak terlalu bervariasi. Namun harga tidak bisa dikatakan murah, karena seharusnya dengan harga-harga itu bisa dapat yang lebih baik. Terutama saat saya ke kamar mandi, lumayan lama dan bau tidak sedap:""",0.9455373287200928
"Ombean apa sih kok cara nggombene aneh, rasane uga aneh maneh","Minuman apa sih kok cara minumnya aneh, rasanya aneh juga lagi","""Review apa sih kok cara mengomentari aneh, rasanya juga aneh lagi""",0.9270867705345154
"Tanggal 12 february iku ulang taune pacarku, lan aku ngajak dee dinggo mangan nyang sawiji restoran sing terkenal ning surabaya. Aku pengen menehi kado ulang taun karo mangan sing enak ning kana. Nanging. Pas iku aku teka kira kira jam setengah 3. Panggon kebeg dadi awakdewe kudu ngenteni. Daftar tunggu pas kuwi sekitar 4 meja.","Tanggal 12 february adalah ulang tahun pacar saya, dan saya mengajak dia untuk makan di sebuah restaurant yang terkenal di surabaya. Saya ingin memberi kado ulang tahun dengan makan yang enak di sana. Tapi. Saat itu saya datang kira kira jam setengah 3. Tempat penuh sehingga kami harus menunggu. Daftar tunggu pada saat itu sekitar 4 meja.","""Tanggal 12 february itu ulang tahun pacarku, dan aku mengajak dia ke makan di satu restoran yang terkenal di surabaya. Aku ingin memberikan kado ulang tahun dengan makan yang enak di sana. Tetapi. Saat itu aku kira kira jam setengah 3. Tempat penuh jadi kami harus menunggu. Daftar tunggu saat itu sekitar 4 meja.""",0.9751377105712891
"Ora seneng ndelok bocah sma saiki, yen nganggo jilbab rambute pada disengajakake metu, maksude apa?","Tidak suka melihat anak sma sekarang, kalau pakai jilbab rambutnya pada disengajakan keluar, maksudnya apa?","""Tidak suka melihat bocah sma sekarang, kalau memakai jilbab rambute pada disengaja buat, maksudnya apa?""",0.9603102803230286
Calon-calon pemimpin negeri iki cukup kuwat nyiapake strategi kanggo kemenangane.,Calon-calon pemimpin negeri ini cukup kuat mempersiapkan strategi untuk kemenangannya.,"""Calon-calon pemimpin negara ini cukup kuat mempersiapkan strategi untuk kemenangan.""",0.9569277167320251
Adikku lagi ndhelok harry potter ing trans tv,Adik saya sedang menonton harry potter di trans tv,"""Adikku sedang menonton harry potter di trans tv""",0.9473679065704346
"Salah siji restoran paling tak senengi ning bandung. Panggonane nylepit, nanging isih kenek dijangkau. Menu panganane enak, sunda banget. Pemadangane ya apik, kahanane pancen nggarai mripat lan ilat kabeh puas. Bar mangan sampek wareg. maleh sir turu ning saunge.","Salah satu restoran favorit saya di bandung. Lokasinya terpencil, tetapi masih terjangkau. Menu makanannya enak, sunda sekali. Pemandangannya indah, suasananya memang membuat mata dan lidah semua terpuaskan. Selesai makan sampai kenyang, jadi ingin tidur di saungnya.","""Salah satu restoran paling tidak disukai di bandung. Tempatnya sempit, namun masih mudah dijangkau. Menu makanan enak, sunda sekali. Pemandangannya ya bagus, pecinta perjalanan akan membuat mripat dan ilat hingga puas. Sampai malam makan sampai terlelap. baru tidur di kamarnya.""",0.9202439785003662
Endi taring kpk? Kasus ecek-ecek puluan yuta kowe cekel senajan nganti ing bolongan semut! Waras kowe kpk?,Mana taring kpk? Kasus ecek-ecek puluhan juta kamu tangkap sampai ke lubang semut sekalipun! Waraskah anda kpk?,"""Di mana taring kpk? Kasus ecek-ecek puluan jutaan kau cengkokkan singa! Selamat kau kpk?""",0.8990277647972107
"Menu ning panggen iki asline sederhana banget nanging sing nduwe kreatif. Sajian mie, roti lan panganan penutupe di campur karo rena-rena pilihan. Panggone asik dingge nglumpuk karo kanca-kanca. Dingge regane ora tek larang sumbut karo rasane.","Menu di tempat ini sebetulnya sederhana banget tapi pemiliknya kreatif. Sajian mie, roti dan makanan penutupnya di mix sama berbagai pilihan. Tempatnya asik buat berkumpul dengan teman-teman. Untuk harganya tidak terlalu mahal sesuai sama rasanya.","""Menu di tempat ini sebenarnya sangat sederhana namun yang punya kreatif. Sajian mie, roti dan makanan penutupnya dicampur dengan beberapa pilihan. Tempatnya asik untuk berkumpul dengan teman-teman. Untuk harganya tak terlalu mahal di bandingkan rasa.""",0.9524020552635193
"Restoran kanthi metode penyajian bedha. Piring panggonan mangan diganti karo godhong gedhang. Menu panganan khas sunda kanthi citarasa sing enak. Saka segi rega cukup kakancan, panggonan mangan amba lan akeh pilian meja, parkir cukup amba.","Restoran dengan metode penyajian berbeda. Piring tempat makan diganti dengan lembaran daun pisang. Menu makanan khas sunda dengan citarasa yang enak. Dari segi harga cukup bersahabat, tempat makan luas dan banyak pilihan meja, parkir cukup luas.","""Restoran dengan metode penyajian berbeda. Piring tempat makan diganti dengan daun palem. Menu makanan khas sunda dengan cita rasa yang enak. Dari segi harga cukup terjangkau, tempat makan luas dan beragam pilihan meja, parkir cukup luas.""",0.9715128540992737
"Restoran alas daun nyajikake menu khas sunda sek ora beda adoh karo restoran khas sunda liyane, nanging sek nggawe beda yaiku ora nganggo piring lan mung diwenehi godhong gedhang sek diselehake ing meja sek ngganteni piring. Dadi kaya uwong ing India sek mangan didhasarkae godhong gedhang.","Restoran alas daun menyajikan menu khas sunda yang tidak jauh berbeda dengan restoran khas sunda lainnya, tapi yang membuatnya berbeda adalah tanpa piring, dan hanya diberi daun pisang yang diletakkan di meja sebagai pengganti piring. Jadi mirip orang di india yang makan beralaskan daun pisang.","""Restoran alas daun menyajikan menu khas sunda tidak berbeda dengan restoran khas sunda lainnya, tetapi yang menjadikan berbeda adalah tidak menggunakan piring dan hanya disajikan daun lontar yang diletakkan di atas meja sebagai penyaji piring. Jadi seperti orang di India makan didahului daun lontar.""",0.9397949576377869
Rasa sotone miturutku pedes nanging gurih. Ngombe sirup markisa sing seger karo es liline sing enak.,Rasa sotonya menurut saya pedas tapi gurih. Minum sirup markisa yang segar sama es lilinnya yang enak.,"""Rasanya sotonya menurutku pedas tapi gurih. Minum sirup markisa yang segar dengan es lilin yang enak.""",0.9703422784805298
"Aku mara ning restoran iki kanggo mangan wengi bareng rencang. Aku mesen stik pithik sing sebenere aku lali jenenge. Rasane biasa banget wae, anyep. Pithike kandhel lan krasa atos lan garing banget. Ora ana sing istimewa.","Saya mengunjungi restoran ini untuk makan malam bersama teman. Saya memesan steak ayam yang sebenarnya saya lupa namanaya. Rasanya sangat biasa saja, hambar. Ayamnya tebal dan terasa keras dan kering sekali. Tidak ada yang istimewa.","""Saya pergi ke restoran ini untuk makan malam bersama rencana. Saya pesan ayam goreng yang sebenarnya saya lupa namanya. Rasanya biasa sekali deh, apalagi. Ayamnya lembek dan rasa tidak ada yang istimewa.""",0.9382978081703186
Dhewe kan saling sengit siji liyane kawit 4 taun kepungkur.,Kita kan saling membenci satu sama lain sejak 4 tahun yang lalu.,"""Kami berdua sama-sama cocok satu sama lain setelah 4 tahun berpacaran.""",0.8909515142440796
Bapak biasane nganggo semir sepatu kiwi,Ayah biasanya memakai semir sepatu kiwi,"""Ayah biasanya memencet sepatu kwi""i",0.832012951374054
Richeese factory yaiku restoran waralaba sing nyajikake pithik kanthi rasa pedes kanthi macem-macem level. Cocok tenan kanggo kowe sing tresna rasa pedes.,Richeese factory adalah restaurat waralaba yang menyajikan ayam dengan rasa pedas dengan berbagai level. Sangat cocok untuk anda pecinta rasa pedas.,"""Richeese factory adalah restoran waralaba yang menyajikan ayam dengan rasa pedas dengan banyak level. Cocok sekali untuk anda yang menyukai rasa pedas.""",0.9520050883293152
"Pas rapat ning hotel sensa, aku pesen batagor riri nganggo aplikasi gofood / gojek. Pesenan teka ora suwe merga tibake paket batagor lan siomay wes di-pak ning plastik vakum. Rega sing enek ning aplikasi gojek / gojek urung termasuk pajek segedhe 10%.","Saat rapat di hotel sensa, saya memesan batagor riri menggunakan aplikasi gofood / gojek. Pesanan tiba dalam waktu tidak lama karena ternyata paket batagor dan siomay sudah di-pack dalam plastik vakum. Harga yang tertera dalam aplikasi gojek / gojek belum termasuk pajak sebesar 10%.","""Setelah rapat di hotel senam, saya pesan batagor riri via aplikasi gofood / gojek. Pesanan sampai terlambat sekitar 45 menit karena sudah dimasukkan paket batagor dan siomay di dalam plastik vakum. Biaya yang mahal di aplikasi gojek / gojek tidak termasuk pajak sekitar 10%.""",0.9428635835647583
Aku moro ing restoran iki ora pas jam mangan awan. Nanging restorane lumayan rame lan untunge awakdewe isa ndang entuk panggonan lungguh. Lebar lungguh panganan lan ombenane langsung disajikake. Sambel ijone kurang karasa pedes kanggo awakdewe. Panganane enak cukup puas mangan ing kene.,Saya mengunjungi restoran ini bukan saat jam makan siang. Tapi restorannya cukup ramai dan untungnya kami bisa cepat dapat duduk. Begitu duduk makanan dan minuman langsung dihidangkan. Sambal hijaunya kurang terasa pedas buat kami. Makanan enak cukup puas makan di sini.,"""Saya datang ke restoran ini tidak pada jam makan siang. Akan tetapi restoran cukup ramai dan untung kami bisa mendapatkan tempat duduk terlebih dahulu. Lebar tempat duduk untuk makanan dan minuman langsung disajikan. Sambal ijonya kurang terasa pedas untuk kami. Makanan enak cukup puas makan di sini.""",0.9522337317466736
"Gampang cemburu ndelok dee guyonan karo wedokan, nanging awakdewe uduk sopo-sopone","Suka cemburu melihat doi bercanda sama cewek, tetapi kita bukan siapa-siapanya","""Mudah cemburu lihat mereka berdua, tapi sebenarnya kita sendiri belum apa-apa""",0.8831467628479004
Pungkasane aku mangan pesen lewat pesen kirim. Anakku seneng tenan gedel isi iwake. Restoran jaman mbien sing terkenal tenan. Regane sing cukup kajangkau kantong sak lan rasa panganane sing cukup enak.,Terakhir saya makan pesan via delivery order. Anak saya sangat suka perkedel isi daging -nya. Restoran zaman dahulu yang sangat terkenal. Harga yang cukup terjangkau kantong dan rasa masakan yang cukup enak.,"""Pengakhiran saya makan pesen lewat pesan kirim. Anaku suka sekali lemak isi hati. Restoran jaman dulu yang terkenal benar. Harga yang cukup terjangkau bagi kantong dan rasa makanan yang cukup enak.""",0.932662844657898
Parkiran angel bnaget sampek muter ping 3. Saran: Parkir ning cedek hotel ae terus mlaku. Restoran ning area perumahan.,Parkiran susah bener sampai berputar 3x. Saran: Parkir di dekat hotel saja terus jalan kaki. Restoran di area perumahan.,"""Parkir sangat sulit sampai putar 3. Saran: Parkir di dekat hotel saja lalu jalan kaki. Restoran di area perumahan.""",0.9523913264274597
"Aku gumun karo telkomsel, kuotane akeh kok nanging cepet banget enteke, padahal ora akeh mbukak aplikasi abot. Nyurigakake","Suka heran sama telkomsel, kuotanya banyak kok tapi cepat banget abisnya, padahal tidak banyak buka aplikasi berat. Mencurigakan","""Saya permisi sama telkomsel, kuotanya banyak kok tapi cepat banget entak, padahal belum banyak membuka aplikasi apa. Menyesalkan""",0.927801787853241
Bocah saiki lagek gerang wis wani nyolong,Anak sekarang baru gede sudah berani mencuri,"""Anak sekarang sudah berani mencuri""",0.9014726877212524
"Nduwe kesempatan nikmati santap isuk merga lagi nginep ning hotel iki. Minangka pengunjung anyar kaya aku lan paling sing liyane isa ae bakal antusias merga suwasana santap isuk sing diwernani karo pemandangan saka sisih wetan, merga saka sisih kuwi ana kaendahan bangunan hotel sepisan kolam renange. Liyane kuwi uga ana barisan bukit lan nggunung bakal nambah pengenan dingge foto-foto.","Berkesempatan menikmati santap pagi karena sedang menginap di hotel ini. Sebagai pengunjung baru seperti saya dan mungkin yang lainnya barangkali akan antusias terhadap suasana santap pagi yang diwarnai dengan pemandangan dari sisi timur, karena dari sisi tersebut terdapat keindahan bangunan hotel berikut kolam renangnya. Selain itu juga terdapat barisan bukit dan pegunungan akan menambah keinginan untuk berfoto ria.","""Memiliki kesempatan menikmati sarapan karena sedang menginap di hotel ini. Sebagai pengunjung baru seperti saya dan mungkin yang lainnya juga akan terkejut karena suasana sarapan yang disertai dengan pemandangan dari sisi timur, karena di sisi itu terdapat hal-hal bangunan hotel yang terjalin kolam renangnya. Selain itu juga terdapat barisan bukit dan gunung yang akan menambah daya tarik untuk foto-foto.""",0.944470226764679
"Telekomunikasi ora mung kanggo kutha gedhe, nanging uga nganthi marang daerah pelosok lan perbatasan negara cc: Telkomsel","Telekomunikasi bukan hanya untuk kota besar, tapi juga sampai ke daerah pelosok dan perbatasan negara cc: Telkomsel","""Telekomunikasi bukan hanya untuk kota besar, tapi juga mengerti kepada daerah terpencil dan perbatasan negara cc: Telkomsel""",0.9595639705657959
Apike wektu turu paling sithik iku limang jam.,Sebaiknya jam tidur minimal lima jam.,"""Yang paling baik waktu tidur itu adalah pukul lima sore.""",0.8748037219047546
"Aku bareng kanca kerja sengaja nyoba mangan awan ning kene, kanggo panggonan kagolong cukup kapenak yen ning lantai dhuwur. Rasa pithik bakar ning kene tenan dak rekomendasikake karo sambel pelem.","Saya bersama rekan kerja sengaja mencoba makan siang di sini, untuk tempat terbilang cukup nyaman jika di lantai atas. Rasa ayam bakar di sini sangat saya rekomendasikan bersama sambal mangga.","""Saya dan teman kerja sengaja mencoba makan siang di sini, untuk tempatnya cukup nyaman jika di lantai atas. Rasa ayam bakar di sini memang rekomendasikan dengan sambal pelem.""",0.959213376045227
Aku gela karo pelayanane. Siktasan aku pesen grabfood pesenen ora diterna nanging wis dimarekne. Tulung gae selektif milih tukang nyambut gawe.,Saya kecewa dengan pelayanannya. Barusan saya pesan grabfood pesanan tidak diantar tapi sudah diselesaikan. Mohon untuk selektif memilih pekerja.,"""Saya marah dengan pelayanan. Tadi saya pesan grabfood pesan tidak diterima tapi sudah terkonfirmasi. Tolong selektif pilih tukang ambil mahalnya.""",0.935077965259552
"Wis ilang handphone xiaomi redmi note 5 werna gold 64 / 4 ning daerah duri kidul, jembatan lima, tambora, jakarta barat.","Telah hilang handphone xiaomi redmi note 5 warna gold 64 / 4 di daerah duri selatan, jembatan lima, tambora, jakarta barat.","""Sudah hilang handphone xiaomi redmi note 5 berwarna gold 64 / 4 di daerah duri kidul, jembatan lima, tambora, jakarta barat.""",0.9697632193565369
Aku ora kuciwa karo produke apple,Saya tidak kecewa dengan produk apple,"""Saya tidak menyesal dengan produk apple""",0.9440080523490906
"Youtube saben dina saya akeh iklane, njengelake!","Youtube semakin hari semakin banyak iklannya, menyebalkan!","""Youtube setiap hari saya banyak iklan, menjengkelkan!""",0.9026783108711243
"Iku indomie karo mangkoke wis wira-wiri, kepisah sisan isi lan adahe.","Itu indomie sama mangkoknya sudah berkeliaran, terpisah pula isi sama wadahnya.","""Itu indomie plus paketnya sudah berkeliaran, terpisah lagi isi dan bungkusnya.""",0.9217458963394165
Dhewe marang kafe iki kanggo mangan serabi. Serabine kanggo dhewe kandel banget ing bagian tengah. Akeh tenan piliah topping serabine nganti mumet milihe. Ternyata regane luwih larang saka warung setiabudi. Kuciwa.,Kami ke kafe ini untuk makan serabi. Serabinya bagi kami terlalu tebal di bagian tengah. Banyak sekali pilihan topping serabi sampai pusing memilihnya. Ternyata harganya lebih mahal dari warung setiabudi. Kecewa.,"""Kami ke kafe ini untuk makan serabi. Serabinya kami 2 orang cukup sampai perut kenyang. Banyak sekali pilihan topping serabinya sampai perut mual kenyangnya. Ternyata harganya jauh lebih mahal dari warung setiabudi. Kecewa.""",0.9498866200447083
"Bistik murah, cocok kanggo sing anggarane cilik nanging pingin mangan murah lan wareg, kajaba bistik uga panganan liyane enak lan murah. Susanane lumayan rame, umume akeh kaluwarga utawa bocah sekolahan.","Steak murah, cocok untuk yang budgetnya kecil tapi ingin makanan murah dan kenyang, selain steak juga makanan lainnya enak dan murah. Suasananya lumayan ramai, biasanya banyak keluarga atau anak sekolahan.","""Steak murah, cocok buat yang rumahnya kecil tetapi ingin makan murah dan enak, kalau steak juga makanan lain enak dan murah. Suasana cukup ramai, umumenya banyak keluarga atau anak sekolah.""",0.958434522151947
"Pertemuan antarane pihak bank bri, bpbat sungai gelam - jambi, lan pokdakan sek ana ing desa pudak. Kanggo ngrembug bentuk panyaluran dana csr saka bank bri","Pertemuan antara pihak bank bri, bpbat sungai gelam - jambi, dan pokdakan yang ada di desa pudak. Untuk mendiskusikan bentuk penyaluran dana csr dari bank bri","""Rapat antara pihak bank bri, bpbat sungai gelam - jambi, dan pengkasan sejawat di desa pudak. Untuk mengrembug bentuk penyuluhan dana csr dari bank bri""",0.9387394785881042
"Panggonan iki menarik tenan, pemandangan apik, ana arena dolanan ing njaba kanggo sakulawarga. Tenan disaranake kanggo kaluwarga sing ndhuwe bocah cilik. Panganan halal lan menu rena-rena.","Tempat ini sangat menarik, pemandangan bagus, ada arena bermain di luar untuk sekeluarga. Sangat disarankan untuk keluarga dengan anak kecil. Makanan halal dan menu bervariasi.","""Tempat ini sangat menarik, pemandangan bagus, memiliki area bermain di luar yang untuk anak-anak. Sangat disarankan untuk keluarga yang mempunyai anak-anak kecil. Makanan halal dan menu-menu yang beragam.""",0.9496566653251648
"Hotel arep check-in wae ruwet. Nunggu amarga ngresiki kamar suwe banget, gela lah. Iki pisanane aku mrana. Terus langsung diwenehi kesan pisanan sing ora apik.","Hotel mau  check-in aja ribet. Menunggu karena membersihkan kamar lama banget, kecewa dah. Ini pertama kalinya gue ke sana. Terus langsung dikasih first impression yang tidak bagus.","""Hotel mau check-in saja macet. Menunggu sampai membaca kamar lama sekali, jengkel lah. Ini saja pengalamanku. Langsung diberikan kesan pesanan yang tidak bagus.""",0.923359215259552
"Amarga kartu oktrip wektu iki yaiku saka bni, mulakna isi ulang isa dilakokake ing mitra-mitra sing kerja sama karo bni.","Karena kartu oktrip saat ini adalah dari bni, maka isi ulang bisa dilakukan di mitra-mitra yang bekerjasama dengan bni.","""Karena kartu oktrip pada waktu sekarang berasal dari bni, maka isi ulang bisa dilakukan di mitra-mitra yang kerja sama dengan bni.""",0.9616156816482544
Ngge kabeh seh apik. Karyawane yo grapyak grapyak. Lan pemandangane apik. Nanging panganane kelarangen. Larang banget malah. Dompet kudu kandel.,Secara keseluruhannya sih bagus. Karyawanya juga ramah ramah. Dan pemandangannya bagus. Tapi makanannya terlalu mahal. Mahal banget malah. Dompet harus tebal.,"""Semua sih ok. Karyawan juga ramah ramah. Dan pemandangannya bagus. Tapi makanan tidak enak. Mahal sekali malah. Dompet harus kreditan.""",0.9463536143302917
"Mangan karo kaluwarga bakal luwih nyenengake kanthi kabeh fasilitas sing ana. Lokasine sing apik, panganane sing cukup enak kanthi aneka werna pilian. Lan pemandangan lan suwasana dadi andalan","Makan bersama keluarga akan lebih menyenangkan dengan semua fasilitas yang ada. Lokasi yang bagus, makanan yang cukup enak dengan beragam pilihan. Dan pemandangan serta suasana jadi andalan","""Makan bersama keluarga akan lebih menyenangkan dengan semua fasilitas yang ada. Lokasi yang bagus, makanan yang cukup enak dengan beragam pilihan. Dan pemandangan serta suasana menjadi daya tarik tersendiri.""",0.9712891578674316
"Sega goreng mafia sing manggon ning dalan setiabudi awakdewe pilih merga pingin golek panganan sing cepet. Ditambah yaiku salah siji kuliner sing wajib diparani ning bandung. Aku milih sega goreng sing favorit ning kene yaiku sega goreng bandit sing tingkat pedese ning level 3. Panganan sing disajikne cukup cepet, nanging sayange sega goreng sing tak pesen segane atos, bumbon rempahe ketutupan.","Nasi goreng mafia yang terletak di jalan setiabudi kami pilih karena ingin mencari makanan yang cepat. Ditambah merupakan salah satu kuliner yang wajib dikunjungi di bandung. Saya memilih nasi goreng yang favorit di sini yaitu nasi goreng bandit hingga tingkat kepedasan di level 3. Makanan yang disajikan cukup cepat, namun sayangnya nasi goreng yang saya pesan nasinya keras, bumbu rempahnya tertutupi.","""Sega goreng mafia yang datang di jalan setiabudi yang pertama karena ingin mencari makanan yang cepat. Ditambah juga salah satu kuliner yang wajib dinikmati di bandung. Saya memilih sega goreng favorit di sini yaitu sega goreng bandit yang tingkat pedasnya pada level 3. Makanan yang disajikan cukup cepat, tapi sayangnya sega goreng yang saya pesan tidak sesuai dengan yang tertera di menu. Bumbu rempahannya tertutup.""",0.9461666345596313
Iki yaiku sop stengkel paling enak ning aceh tamiang.,Ini adalah sop stengkel terenak di aceh tamiang.,"""Ini adalah sop kuah paling enak di aceh tamiang.""",0.9263666272163391
Kanggo kakang admin tulung doooooonk bales pesen langsungku,Untuk kakak admin tolong doooooonk balas pesan langsung saya,"""Untuk saudara admin mohon dong bales pesan saya semadi""",0.8571353554725647
"Pemandangan sing utama ing sky lounge grandia iki memang isa ngeculake keselmu. Malah isa dadi, para pelancong nggolek area iki ndhisik, dibandingake ngaso ing kamar.","Pemandangan yang utama di sky lounge grandia ini memang dapat melepas penat anda. Bahkan bisa jadi, para pelancong mencari area ini terlebih dahulu, dibandingkan beristirahat di kamar.","""Pemandangan utama di sky lounge grandia itu memang bisa mencuri hati. Bahkan bisa jadi, para pelancong lebih mengincar area itu, daripada bersantai di kamar.""",0.9386785626411438
"Dhewe teka panggonan iki amarga lokasine sing cedhak karo panggonan dhewe nginep. Dhewe mesen sega bakar lan pasta. Sega bakare enak, akeh pilian, lan ora pedes, isa kanggo bocah-bocah. Dene pasta mung ana sak macem, nanging rasane uga enak. Rega panganan uga ora larang lan kajangkau kanggo panganan ing ngisor 30 ewu. Ing panggonan iki uga gratis wifi.","Kami mengunjungi tempat ini karena lokasinya yang berdekatan dengan tempat kami menginap. Kami memesan nasi bakar dan pasta. Nasi bakarnya enak, banyak pilihan, dan tidak pedas, bisa untuk anak-anak. Sedang pasta hanya ada satu macam, namun rasanya pun enak. Harga makanan pun tidak mahal dan terjangkau untuk makanan di bawah 30 ribu. Di tempat ini juga gratis wifi.","""Kami singgah ke tempat ini karena lokasi yang dekat dengan tempat kami menginap. Kami pesan nasi bakar dan pasta. Nasi bakarnya enak, banyak pilihan, dan tidak pedas, cocok untuk anak2. De pasta hanya ada beberapa pilihan, tetapi rasanya juga enak. Harga makanan juga tidak mahal dan terjangkau untuk makanan di malam hari 30 rebu. Di tempat ini juga gratis wifi.""",0.9617390632629395
"Kanggo ngenthukne pemandangan sing apik kanthi cahyo lampu warna-warni, apike teka ing wayah wengi. Amarga nduweni latar mburi pemandangan jembatan Pasupati sing dadi simbol kota.","Untuk mendapatkan pemandangan yang bagus dengan cahaya lampu warna-warni, sebaiknya berkunjung pada malam hari. Karena memiliki latar belakang pemandangan jembatan Pasupati yang merupakan simbol kota.","""Untuk menikmati pemandangan yang indah dengan cahaya lampu berwarna-warni, penting datang di malam hari. Karena memiliki latar belakang pemandangan jembatan Pasupati yang menjadi simbol kota.""",0.973442018032074
"Aku teka ning resto sapulidi iki merga ana rekomendasi saka internet sing tau tak waca lak pemandangan sing apik banget lan panggon mangan pas ning sawah sing nggarai aku sir teka nyang panggon iki. Nanging pas aku teka kabeh ganti dadi elek, mulai panggon parkir sing isa diarani enek, dalan akses amoh lan panggon akses sing cilik.","Saya datang ke resto sapulidi ini karena rekomendasi dari internet yang pernah saya baca bahwa pemandangan yang sangat bagus dan tempat makan tepat di sawah yang membuat saya tertarik untuk datang ke tempat ini. Namun ketika saya sampai semua hal berubah menjadi buruk, mulai dari tempat parkir yang bisa dikatakan tersedia, jalan akses rusak dan kecilnya tempat akses.","""Saya datang ke resto sapulidi karena ada rekomendasi dari internet yang saya baca bahwa pemandangan yang sangat bagus dan tempat duduk makan di sawah yang membuat saya terpesona sampai sangat mahal, mulai dari parkir yang bisa dikatakan jauh, jalan akses yang sempit dan tempat akses yang kecil.""",0.9419008493423462
"Amarga ngelih, aku pesen indomie.","Karena lapar, saya pesan indomie.","""Karena lapar, saya pesan indomie.""",0.9357776045799255
"Sate wedhus lan gule wedhuse maknyus, penyajian panganane uga cepet tenan. Panggonane cukup resik","Sate kambing dan gulai kambingnya maknyus, penyajian makanannya juga sangat cepat. Tempatnya cukup bersih","""Sate babi dan gule babi nya maknyus, penyajian makanan nya juga cepat sekali. Tempatnya cukup bersih""",0.9570780992507935
"Sup guramene enak, pelayanane cepet, grapyak. Restoran resik. Amarga porsi sega sithik tenan, kanggo sing doyan mangan mesthi nambah.","Sup guramenya enak, pelayanan cepat, ramah. Restoran bersih. Karena porsi nasi sangat sedikit, buat yang doyan makan pasti menambah.","""Sup guramanya enak, pelayanan cepat, tata letak. Restoran bersih. Karena porsi nasi saja benar-benar, bagi yang doyan makan pasti menambah.""",0.9453364610671997
"Restorane ana pemandangan curuge, panggonan mangan kaya saung. Saunge ana akeh saka ngisor munggah nganthi ing ndhuwur, saya munggah saya katon pemandangan curuge.","Restorannya ada pemandangan air terjunnya, tempat makan berupa saung. Saungnya ada banyak dari bawah naik hingga ke atas, semakin ke atas semakin terlihat pemandangan air terjunnya.","""Restorannya memiliki pemandangan gunung, tempat makan seperti saung. Saung memiliki banyak dari atas ke bawah, saya naik saya katon pemandangan gunung.""",0.9177600741386414
"Pelayane grapyak. Nggarai terus pingin teka maneh. Kebeneran uga kerep nginep ning kene, hotele resik lan pemandangane saka kamar hotel apik.","Pelayannya ramah. Bikin selalu ingin datang kembali. Kebetulan juga sering menginap di sini, hotelnya bersih dan pemandangan dari kamar hotel bagus.","""Pelayanan ramah. Bikin pengen kembali lagi. Sebenarnya juga sering menginap di sini, hotel bersih dan pemandangan dari kamar hotel bagus.""",0.9587388038635254
"Mangan mbengi karo kabeh kaluwarga ing dina ulang taun bojo ndhuweni kesan tenan kanthi suasana sing narik ati ing hotel. Pelayanan sing grapyak tenan saka mas tian. Ora kudu ngenteni suwi, panganan lan ombean sing dipesen.","Makan malam bersama seluruh keluarga di hari ulang tahun suami menjadi sangat berkesan dengan suasana yang menawan di hotel. Pelayanan yang sangat ramah dari mas tian. Tidak perlu menunggu lama, makanan dan minuman yang dipesan.","""Makan malam bersama seluruh keluarga di malam ulang tahun istri tercinta dengan suasana yang memikat hati di hotel. Pelayanan yang sangat memuaskan dari mas tian. Tidak perlu menunggu lama, hidangan dan minuman yang dipesan.""",0.9591158628463745
"Obong terus pak, suwek-suwek wae persatuan lan kesatuan Indonesia nganggo retorika mu.","Bakar terus pak, cabik-cabik saja persatuan dan kesatuan Indonesia dengan retorika mu.","""Bola gitu pak, kehabisan-kehabisan saja persatuan dan kesatuan Indonesia dengan retorika mu.""",0.9241772890090942
"Manggon ana ing pinggiran bukit, panggonane amba, nyenengake lan nyaman. Nduwe pemandangan sek nyenengake mripat, kaya gunung, kebon, lan kutha bandung nalika didhelok saka ndhuwur. Pegawaine cekatan lan grapyak. Menu panganane akehe menu steak sanajan uga ana menu sega goreng, gurame, lan liya-liyane. Restoran sing direkomendasikake kanggo diparani nalika teka ing bandung.","Terletak di tepi bukit, tempatnya luas, menyenangkan dan nyaman. Memiliki pemandangan yang memanjakan mata, seperti gunung, perkebunan, dan kota bandung jika dilihat dari atas. Pegawainya cekatan dan ramah. Menu makanan di dominasi oleh menu steak walaupun ada juga menu nasi goreng, gurame, dll. Restoran yang direkomendasikan untuk dikunjungi ketika datang ke bandung.","""Datanglah di pinggiran bukit, tempatnya luas, menyenangkan dan nyaman. Memiliki pemandangan yang menyenangkan mata, seperti gunung, kebun, dan kota bandung bila dilihat dari atas. Pelayanan ramah dan cepat. Menu makanan beragam menu steak dan aneka menu steak, gurame, dan lainnya. Restoran yang direkomendasikan untuk dikunjungi saat datang di bandung.""",0.9482590556144714
Bca lagi ngadakake acara ulang tahun lan ngundang kabeh karyawane kanggo melu acara kuwi.,Bca sedang mengadakan acara ulang tahun dan mengundang seluruh karyawannya untuk mengikuti acara tersebut.,"""Bca kembali mengadakan acara ulang tahun dan mengundang semua karyawannya untuk datang pada acara itu.""",0.9567216634750366
"Kawit mbukak cendana bistro aku wis njajal panganan, dinggo aku kurang cocok, panganane biasa-biasa ora ana sing spesial.","Sejak buka cendana bistro saya sudah coba makanan, untuk saya kurang cocok, makanannya biasa-biasa tidak ada yang spesial.","""Saya coba makan di mawar bistro saya sudah mencoba makanan, untuk saya kurang cocok, makanan biasa-biasa tidak ada yang spesial.""",0.9575658440589905
Minimal biaya transaksi wulan 11 sing kudune dibalekake wulan 12 wingi ora mlebu ing rekeningku kie.,Minimal biaya transaksi bulan 11 yang harusnya direfund bulan 12 kemarin tidak masuk ke rekening saya nih.,"""Minimal biaya transaksi bulan 11 yang akan dibayarkan bulan 12 hari ini tidak masuk ke rekening saya ya.""",0.9284628629684448
"Sakwise kalap blanja, dhewe mutusake kanggo mangan ing warung tenda pinggir dalan. Ana ing lelungan marang hotel, dhewe lewat dalan cilik kanggo nyingkir saka macet, lan ketemu warteg iki. Pas teka rame banget! Dhewe kudu antri sediluk. Dhewe pesen sega uduk, pithik bakar madu, usus, kubis goreng. Rasane enak! Pithik bakar madune parah nggawe kemaningan banget!","Setelah kalap belanja, kami memutuskan untuk makan di warung tenda pinggir jalan. Dalam perjalanan pulang ke hotel, kita lewat jalan kecil untuk menghindari macet, dan bertemu warteg ini. Pas datang ramai banget! Kita mesti antre sebentar. Kami pesan nasi uduk, ayam bakar madu, usus, kol goreng. Rasanya enak! Ayam bakar madunya parah bikin ketagihan banget!","""Secara kelaparan belanja, kami memutuskan untuk makan di warung tenda pinggir jalan. Menempuh perjalanan menuju hotel, kami melewati jalanan kecil untuk mengelak dari macet, dan menemukan warteg ini. Saat tiba ramai banget! Kami harus antre sebentar. Kami pesan nasi uduk, ayam bakar madu, usus, kubis goreng. Rasanya enak! Ayam bakar madunya parah bikin kepenetan banget!""",0.9540501236915588
Beritane sing ora berkualitas lan ora ndidik pol. Kebeg kepentingan lan golek rai.,Pemberitaanya yang tidak berkualitas dan sangat tidak mendidik. Penuh kepentingan dan pencitraan,"""Ceritanya yang tidak berkualitas dan tidak mendidik sekali. Berlangsung kepentingan dan cari uang.""",0.9047020673751831
Bakul alon nanggepi. Ana masalah suwe diurus. Nganti saiki barang urung diganti,Penjual lambat menanggapi. Ada kendala lama diurus. Sampai sekarang barang belum diganti,"""Pembeli murah hati. Ada masalah lama diurus. Sampai sekarang barang tidak diganti""",0.9364510774612427
Aja lewatke diskon langsung nganti Rp 10 yuta ning kene!,Jangan lewatkan diskon langsung hingga Rp 10 juta di sini!,"""Jangan lewatnya diskon dulu biar Rp 10 juta di sini!""",0.9161996841430664
Pt kami lan 12 bank wis tapak asma pembiayaan lrt jabodetabek,Pt kami dan 12 bank sudah menandatangani pembiayaan lrt jabodebek,"""Pt kami dan 12 bank sudah tandatangani perjanjian asma pembiayaan lrt jabodetabek""",0.9402468204498291
"Nembe ngerti babagan panggonan iki saka kanca, wektu dhewe teka pengunjunge ora patia akeh, dadi dhewe milih kanggo lungguh ing lantai loro karo nikmati pemandangan ing njaba. Mbengi kuwi lagi ana pagelaran musik, aku kurang ngerti apa pagelaran musik iki ana saben dina apa ora.","Baru tahu tentang tempat ini dari teman, waktu kami datang pengunjungnya tidak terlalu banyak, jadi kami memilih untuk duduk di lantai dua sambil menikmati pemandangan di luar. Malam itu sedang ada pertunjukan musik, saya kurang tahu apakah pertunjukan musik ini ada tiap hari atau tidak.","""Terkejut dengan tempat ini dari temen, waktu kami berkunjung tidak patut banyak, jadi kami pilih duduk di lantai bawah sambil menikmati pemandangan di luar. Menariknya lagi ada pertunjukan musik, saya kurang mengerti tiap hari apa pertunjukan musik ini ada atau tidak.""",0.9535362124443054
Aku pingin tuku 20 tiket dinggo laga persebaya vs arema sesok.,Saya ingin beli 20 tiket untuk laga persebaya vs arema besok.,"""Saya ingin membeli 20 tiket untuk pertandingan persebaya vs arema besok.""",0.966356635093689
"Panganan uwis oke, nanging kanggo nata panggonan lungguh kurang, katon rame banget dadi ora nyaman, rega lumayan kanthi kualitas sing kurang.","Makanan sudah oke, namun untuk penataan tempat duduk kurang, terlihat terlalu ramai sehingga tidak nyaman, harga lumayan dengan kualitas yang kurang.","""Makanan sudah oke, tetapi untuk suasana agak jauh kurang, katanya ramai banget jadi tidak nyaman, harga lumayan dengan kualitas yang kurang.""",0.9477379322052002
"Aku seneng suwi-suwi ning kene, merga kahanane enak, pencahayaane apik, ana plihan isa ning jaba nggen utawa ning jero. Panganane lumayan.","Saya senang berlama-lama di sini, karena suasananya enak, pencahayaannya bagus, ada pilihan bisa di luar ruangan atau di dalam. Makanannya lumayan.","""Saya suka berkunjung ke sini, karena tempatnya enak, pencahayaannya bagus, tersedia pilihan bisa di dalam maupun di luar. Makanannya cukup.""",0.9551669955253601
Kabeh sing diomongne pak rocky iku ora ana dasare. Nggumun yo kok isa dadi profesor.,Semua yang diomongin sama pak rocky itu tidak berdasar. Heran ya kok bisa jadi professor.,"""Semua yang dibilang pak rocky itu tidak ada dasarnya. Nggombal ya kok bisa jadi profesor.""",0.919008731842041
"Restoran iki nduweni lokasi sing prima ing bukit-bukit sing nduweni hawa sejuk lan pemandangan ijo nyegerake. Mesthi wae tujuan utamane yaiku masakan khas nusantara sing nikmat. Cekake, ngunjungi mrene dhewe entuk ngelakokake sisan wisata ilat, mripat, lan jiwa.","Restoran ini memiliki lokasi yang prima di perbukitan yang memiliki udara sejuk dan pemandangan hijau menyegarkan. Tentu saja tujuan utamanya adalah masakan khas nusantara yang nikmat. Singkatnya, berkunjung ke sini kita dapat melakukan sekaligus wisata lidah, mata, dan jiwa.","""Restoran ini memiliki lokasi yang prima di bukit-bukit yang memiliki udara sejuk dan pemandangan hijau yang menyegarkan. Tentu saja tujuan utamanya adalah masakan khas nusantara yang nikmat. Coba, kunjungi ke sini deh untuk melengkapi wisata kuliner, mripit, dan jiwa.""",0.937698245048523
"Bojoku sek ora terlalu seneng karo ramen, kanggo siki deknen ngomong nek enak lan gurih. Deknen malah mesen maneh kanggo deknen sakwise nyicipi pesenanku.","Istri saya yang tidak terlalu suka ramen, untuk kali ini dia bilang enak dan gurih. Dia malah memesan lagi untuk dirinya setelah mencicipi pesanan saya.","""Istri saya memang tidak terlalu suka dengan ramen, jadi setelah mendengar dia bilang kalau enak dan gurih. Jadi pun pesan lagi untuk mau mencoba pesanan saya.""",0.9254099130630493
Panggone nyaman. Rasane enak. Regane uga saat. Weduse ora prengus. Pokoke cocok kanggo wong sing seneng njajan wedus.,Tempatnya nyaman. Rasanya enak. Harganya juga saat. Kambingnya tidak bau. Pokoknya recomend buat pecinta kuliner kambing.,"""Tempatnya nyaman. Rasanya enak. Harganya uga masuk akal. Bersihnya kurang. Ya itu cocok buat orang yang suka makan daging.""",0.9125416874885559
"Salah siji restoran panganan laut paling apik ing kota iki. Apike teka pas preinan dina setu, yuyu isih apik lagi teka. Rega kompetitif, ora murah pancen nanging ora kelarangen kok.","Salah satu restoran seafood terbaik di kota ini. Sebaiknya datang pas liburan hari sabtu, kepiting masih bagus baru datang. Harga bersaing, tidak murah memang tapi tidak kemahalan kok.","""Salah satu restoran makanan laut terbaik di kota ini. Enak banget pas malam hari hari minggu, udang masih bagus lagi. Harga kompetitif, bukan murah tentu saja tapi tidak mahal juga kok.""",0.9211505055427551
"Kanggo nggolek batagor sing asli, kowe ora perlu adoh-adoh nggoleke marang pelosok, cukup arahke kendaraan marang dalan saka djunjunan, dhewe isa nikmati batagor asli sing enak kanthi panggonan sing kapenak. Rasa batagor sing ditawakake ngugah salira tenan amarga batagor disajikake garing-garinge lan diguyang kuwah kacang sing seger","Untuk menemukan batagor yang otentik, anda tak perlu jauh-jauh mencarinya ke pelosok, cukup arahkan kendaraan ke jalan dari djunjunan, kita dapat menikmati batagor asli yang enak dengan tempat yang nyaman. Rasa batagor yang ditawarkan sangat menggugah selera karena batagor disajikan garing-garingnya serta disiram kuah kacang yang segar","""Untuk mencari batagor yang asli, anda tidak perlu jauh-jauh mencari ke pelosok, cukup arahkan kendaraan ke jalanan dari djunjunan, anda bisa menikmati batagor asli yang lezat dengan tempat yang nyaman. Rasa batagor yang disajikan langsung mengundang salir karena batagor disajikan garing-garing dan dicelupkan ke dalam kuwah kacang yang segar""",0.9522183537483215
"Citarasane biasa wae, ora ana sek spesial. Kudune ngenteni cukup suwi nganti teka panganane, pelayane uga kurang grapyak.","Citarasa biasa saja, tidak ada yang spesial. Harus menunggu cukup lama datangnya makanan, pelayan juga kurang ramah.","""Citarasanya biasa saja, tidak ada yang spesial. Harusnya menunggu cukup lama hingga keluar makanannya, pelayannya juga kurang ramah.""",0.955870509147644
Roti ulang tahune spesial nganggo ndhog sakpiring ditambah mozzarella kanggo kowe,Kue ulang tahun spesial pakai telur sepiring plus mozzarella buat kamu,"""Roti ulang tahun spesial dengan daging sapi sebagai topping ditambah mozzarella untukmu""",0.8946355581283569
Arep nesu marang indosat! Kok sinyale ilang terus si,Mau marah ke indosat! Kok sinyalnya hilang melulu si,"""Mintanya ke indosat! Kok sinyalnya hilang terus si""",0.9257184863090515
"Omah mangan sing ngusung konsep tradisional alias jadul iki pantes kowe coba. Kejaba rasane sing pas, warung iki duweni sawetara perkara unik kaya piring sing dienggo yaiku piring seng jaman mbiyen karo gelas ombeane. Jenis menune aneka werna banget. Lan sakkabehe enak enak!","Rumah makan yang mengusung konsep tradisional alias jadul ini patut anda coba. Selain rasanya yang pas, warung ini memiliki beberapa hal unik seperti piring yang digunakan adalah piring seng zaman dahulu berikut gelas minumnya. Jenis menunya sangat beragam. Dan semuanya enak enak!","""Rumah makan yang menyajikan konsep tradisional alias jadul ini pantas anda coba. Setelah rasanya yang pas, warung ini memiliki beberapa hal unik yaitu piring yang digunakan yaitu piring tembaga jaman dahulu serta gelas tinggi mereka. Jenis menuenya beragam sekali. Dan rasa enak enak!""",0.9539645910263062
Kfc Palembang Square kerep dadi peyelamat pas luwe pas aku nginep ning sekitar hotel ning lokasi iku. Kabeh wong seneng kfc. Dadi. Kfc ning lokasi iki nyepetne sampeyan dinggo pesen pas sampeyan keluwen ning jero hotel.,Kfc Palembang Square seringkali menjadi penyelamat di saat lapar saat saya menginap di sekitaran hotel di lokasi itu. Semua orang suka kfc. So. Kfc di lokasi ini menyegerakan anda untuk memesan saat anda kelaparan di dalam hotel.,"""Kfc Palembang Square memang selalu menjadi pilihan sejak saya tinggal di sekitar hotel di lokasi itu. Semua orang suka kfc. Jadi. Kfc di lokasi itu nyaman bagi anda untuk pesan saat anda mau keluar dari hotel.""",0.9362097382545471
Aneka werna ombean seger kasadia awit saka jus buah nganti rena-rena teh.,Berbagai macam minuman segar tersedia mulai dari jus buah sampai aneka teh.,"""Berbagai rasa minuman segar tersedia dari jus buah hingga beragam teh.""",0.933108925819397
"Dekwingi 10 Maret 2015, aku dijak anakku mangan awan ning kene. Aku pesen urang kremes lan jangan asem. Bener-bener enak. Lan sing spesial ning kene yaiku sambele, pedes nanging pancet gelem nambah. Jus blackberryne uga enak.","Kemarin 10 Maret 2015, saya diajak anak saya makan siang di sini. Saya pesan udang kremes dan sayur asam. Betul-betul enak. Dan yang spesial di sini adalah sambalnya, pedas tapi tetap mau menambah. Jus blackberrynya juga enak.","""Tadi 10 Maret 2015, saya dijak anak saya makan awan di sini. Saya pesen urang kremes dan jangan asam. Benar-benar enak. Dan yang spesial di sini adalah sambalnya, pedas tapi gigi hito kemau tambah. Jus blackberrynya juga enak.""",0.9500588774681091
Ndhuwe restoran kudu mewah rapi mosok iki lumuten jamuren pelayane kurang muasake mosok aku ditumpahi banyu sek ombeyane ana madune aku iki alergi madu,Punya restoran harus mewah rapi masa ini berlumut berjamur pelayan kurang memuaskan masa saya ditumpahkan air mana minumnya ada madu saya itu alergi madu,"""Memiliki restoran harus mewah rapi kalau ini baru kali pertama datang jamurnya pelayannya kurang memuaskan kalau aku ditumpahi air kelapa saja ada di mulutnya saya ini alergi kelapa""",0.9008055329322815
"Aku nembe bae ganti kartu sing rusak, nanging tetep ora ana sinyal.","Saya baru saja ganti kartu yang rusak, tapi tetap tidak ada sinyal.","""Saya kecewa ganti kartu yang rusak, tapi tetap tidak ada sinyal.""",0.9618669152259827
Adohi narkoba yaiku salah siji cara sing isa digunakake kanggo ningkatake kualitas anak bangsa.,Jauhi narkoba adalah salah satu cara yang bisa digunakan untuk meningkatkan kualitas anak bangsa.,"""Narkoba adalah salah satu cara yang salah digunakan untuk meningkatkan kualitas anak bangsa.""",0.9436677694320679
"Kafe iki ndhuweni arsitektur bangunan kang apik banget. Amarga penasaran, aku njupuk wektu muteri karo ngenteni panganan teka. Ana galeri sing kebak karo koleksi-koleksi kayu lan ing njaba galeri, katon pemandangan bandung saka ndhuwur. Ing sakitare uga akeh kursi kang digawe saka kayu lan uga watu-watu. Saka panganane, regane kalebu lumayan standar cocok karo kafe-kafe. Aku seneng suasanane.","Kafe ini memiliki arsitektur bangunan yang sangat bagus. Karena penasaran, saya meluangkan waktu berkeliling sembari menunggu makanan datang. Ada galeri yang penuh dengan koleksi-koleksi kayu dan di luar galeri, tampak pemandangan bandung dari ketinggian. Di sekitar banyak juga kursi terbuat dari kayu dan juga bebatuan. Dari sisi makanan, harganya termasuk relatif standar sesuai dengan cafe-cafe. Saya suka suasananya.","""Kafe ini memiliki arsitektur bangunan yang sangat indah. Jadi penasaran, saya ikuti waktu ke sana sambil menunggu makanan datang. Ada galeri yang berdekatan dengan koleksi-koleksi kayu dan di dalam galeri, menampilkan pemandangan bandung dari atas. Di dalamnya pun banyak kursi yang terbuat dari kayu dan juga batu-batu. Dari makanan, harga nya agak lumayan standar cocok dengan kafe-kafe. Saya suka suasananya.""",0.9552682638168335
"Nganggoa kunci duplikat, bank bri ing tengah kutha dibobol maling, dhuwit rp 1 miliar muspra.","Gunakan kunci duplikat, bank bri di pusat kota dibobol maling, uang rp 1 miliar lenyap.","""Menggunakan kunci duplikat, bank bri di tengah kota dibobol maling, uang rp 1 miliar muslah.""",0.958160400390625
"Mbengi sekitar jam pituan dijak pelanggan marang panggonan mangan iki, umume sih panganane luwih akeh sek di goreng-goreng ngono kaya pithik, babat, usus, ati ampela, nanging miturutku sih rasane biasa wae, lan minyake ing panganan akeh banget. Nanging variane cukup akeh:","Malam sekitar jam tujuan diajak klien ke tempat makan ini, over all sih makanannya lebih banyak yang di goreng-goreng begitu kayak ayam, babat, usus, ati ampela, tapi menurut saya sih rasanya biasa saja, dan minyaknya di makanan terlalu banyak. Tapi variannya cukup banyak:","""Mandi sekitar jam setengah dua dijak pelanggan ke tempat makan ini, umumnya sih makanan lebih banyak di goreng-goreng begini seperti ayam, hati, usus, ati ampela, tetapi menurut saya sih rasanya biasa saja, dan minumnya di makanan terlalu banyak. Akan tetapi varian cukup banyak:""",0.9493488073348999
"Hai angga, dingge penerbitan tiket owahan jadwal kudu nglakokne pembayaran disik ya.","Hai angga, untuk penerbitan tiket perubahan jadwal diharuskan melakukan pembayaran dulu ya.","""Hai aga, untuk penerbitan tiket penerbangan jadwal harus menyertakan pembayaran ya.""",0.9091697335243225
Masku dodol iphone 8 kanggo tuku ps5,Kakak lelaki saya menjual iphone 8 untuk membeli ps5,"""Saya jual iphone 8 untuk beli ps5""",0.9203444123268127
Aku mbela-mbelani saka bogor 7 jam kanggo mangan sup buntute nanging aku enteni saka jam 8.30 hurung buka uga. Akhire aku teka jam 10.00. Pesen sup buntute hurung ana kanthi alesan mau mbengi rame dadi kokine isih kesel. Wow alesan macem apa kaya kuwi? Beda tenan wektu aku mangan 1 taun kepungkur ya. Panggonane reged tenan kaya ora niat ndhuwe usaha.,Saya bela-belain dari bogor 7 jam demi makan sup buntutnya tetapi saya tunggu dari jam 8.30 belum buka juga. Akhirnya saya datang jam 10.00. Pesan sup buntut belum ada dengan alasan tadi malam ramai jadi chefnya masih tepar. Wow alasan macam apa seperti itu? Beda sekali waktu saya makan 1 tahun yang lalu ya. Tempat sangat kotor seperti tidak niat punya usaha.,"""Saya datang-datang ke bogor 7 jam untuk makan sup buntutnya tapi saya menunggu 2 jam belum buka juga. Akhirnya saya pulang jam 10.00. Pesanan sup buntutnya tidak ada dengan alasan mau close rame sehingga kokinya masih belum ganti. Wow alasan seperti apa itu? Bedanya sangat jauh dengan saat saya makan 1 tahun lalu. Tempatnya sangat kotor sungguh tidak ada niat berusaha.""",0.940406322479248
"Kanggo ngecek layanan mandiri verified by visa vbv ora isa lewat layanan mandiri call 14000, nanging mung isa lewat email lan kantor cabang bank mandiri.","Untuk pengecekan layanan mandiri verified by visa vbv tidak dapat melalui layanan mandiri call 14000, namun hanya bisa melalui email dan kantor cabang bank mandiri.","""Untuk ngecek layanan mandiri verified by visa vbv tidak bisa lewat layanan mandiri call 14000, tetapi hanya bisa lewat email dan kantor cabang bank mandiri.""",0.9744018316268921
"Kudu njajal nggo nyantai utawa mangan mbengi nang 18th iki, pemandangan sek katon ki apik lan sek dadi daya tarik nang 18th yaiku ndue mester kaca. Regane lumayan larang amarga panggonane ana ing trans hotel, namung unda-undi karo rasa kepenake.","Harus coba untuk bersantai atau makan malam di the 18th ini, pemandangan yang didapat baik dan yang menjadi daya tarik di the 18th terdapat lantai kaca. Untuk harga cukup tergolong mahal karena terletak di trans hotel, tetapi sebanding dengan rasa kenyamanannya.","""Harus coba deh buat bersantai atau makan malam di 18th ini, pemandangan luar biasa cantik dan menjadi daya tarik 18th yaitu memiliki 2nd floor kaca. Harga lumayan mahal karena tempatnya ada di trans hotel, tapi sepadan dengan keindahan.""",0.9363484382629395
Salah siji mal nganggo konsep sing lumayan unik. Akeh pilihan restoran dadi cocok dingge ngentekne wektu bareng kanca-kanca.,Salah satu mal dengan konsep yang cukup unik. Banyak pilihan restoran sehingga cocok untuk menghabiskan waktu bersama teman-teman.,"""Salah satu tempat yang menggunakan konsep yang cukup unik. Banyak pilihan restoran jadi cocok untuk berkumpulnya waktu bersama teman-teman.""",0.9488372802734375
"Lokasine ana ing dalam utama dadi gampang dhewe kanggo tekan panggonane, yen ora nduwe kendaraan dhewe iki bisa ditekani kanggo kendaraan umum. Menu panganane akeh tenan lan ana pirang-pirang menu sing anyar pisanan aku nemu ing kedai iki, rasane enak kanggo rega sing standar, panggonane kapenak tenan.","Lokasinya berada di jalan utama sehingga memudahkan kami untuk mencapai tempatnya, jika tidak memiliki kendaraan pribadi tempat ini dapat dijangkau dengan kendaraan umum. Menu makanannya sangat banyak dan ada beberapa menu yang baru pertama kali saya temukan di kedai ini, rasanya pun enak dengan harga yang standar, tempatnya sangat nyaman.","""Lokasinya di dalam pusat perbelanjaan jadi mudah kita untuk duduk menunggu, kalau tidak punya kendaraan kita bisa menunggu untuk kendaraan umum. Menu makanannya banyak sekali dan ada beberapa menu yang baru yang saya temukan di kedai ini, rasanya enak untuk harga yang standar, tempatnya nyaman sekali.""",0.9417588114738464
Panggonan iki ora cocok kanggo kaluwarga sing nggawa bayi. Dalanane curam tenan. Kanggo anjungan foto ing njaba mung entuk diisi  paling akeh 10 uwong nanging isih akeh sing meksa munggah kanggo foto.,Tempat ini tidak cocok untuk keluarga yang membawa anak balita. Jalanan sangat curam. Untuk anjungan foto di luar hanya boleh diisi max 10 orang tetapi masih banyak yang memaksa naik untuk berfoto.,"""Tempat ini tidak cocok untuk keluarga yang membawa bayi. Jalanan sangat curam. Untuk tempat foto di luar hanya diisi paling banyak 10 orang namun masih banyak yang mendesak naik demi foto.""",0.956200122833252
"Panggonan iki salah sawijine panggonan favoritku kanggo ndhelok bogor ing dina mbengi, kanthi suwasanane sing kapenak dikancani karo panganan lan ombeane lan pelayanane sing grapyak. Cahya kutha sing tenan-tenan ayu isa kethok saka kene. Panggonan sing direkomendasikake kanggo ngentekake wektu bareng pasangan, kaluwarga utawa kanca raket.","Tempat ini salah satu tempat favourite saya untuk melihat bogor di malam hari, dengan suasananya yang nyaman ditemani dengan makanan dan minumannya serta pelayanannya yang ramah. Cahaya kota yang benar-benar indah bisa terlihat dari sini. Tempat yang rekomendasi untuk menghabiskan waktu bersama pasangan, keluarga atau sahabat.","""Tempat ini salah satu dari tempat favorit saya untuk melihat bogor di malam hari, dengan suasana yang sangat nyaman untuk dinikmati dengan makanan dan minuman serta pelayanan yang sangat ramah. Cahaya rumah yang sangat romantis bisa dikagumi dari sini. Tempat yang direkomendasikan untuk merayakan waktu bersama pasangan, keluarga atau teman-teman dekat.""",0.9443305134773254
"Gela karo proses mbatalne tiket, wis 43 dina nanging ora ndang ditransfer. loket ora gelem ngelayani","Kecewa dengan proses pembatalan tiket, sudah 43 hari tapi tak kunjung ditransfer. loket tidak mau melayani","""Keluhan dengan proses membatalkan tiket, sudah 43 hari tetapi belum ditransfer. loket tidak mau melayani""",0.9588479399681091
"Pilian mangan lan ngombene akeh kanggo dipilih. Lan panggone gede, dibagi dadi pirang-pirang bagian lan konsep. Lak rega cukupan pas kanggo ning sak.","Pilihan makan dan minuman banyak untuk dipilih. Dan tempatnya besar, dibagi menjadi beberapa bagian dan konsep. Untuk harga cukup pas buat di kantong.","""Pilihan makan dan minum banyak untuk dipilih. Dan tempatnya besar, dibagi jadi beberapa bagian dan tema. Kalau harga cukup sesuai buat di dalam.""",0.9528746604919434
"Restoran gaya jaman bityen. Ana display kue-kue, es krim uga. Suwasanane nyaman. Panganan khas omahan. Isa dinggo rombongan utawa karo kaluwarga. Panganane enak. Sega ulame enak. Sega tutug oncome uga oke. Masakan eropa, asia, nusantara kasadia ning kene. Karek milih. Bocah-bocah seneng mangan es krime ning kene.","Restoran bergaya zaman dahulu. Ada display kue-kue, es krim juga. Suasana nyaman. Makanan khas rumahan. Bisa untuk rombongan maupun dengan keluarga. Makannya enak. Nasi ulamnya enak. Nasi tutug oncomnya juga oke. Masakan eropa, asia, nusantara tersedia di sini. Tinggal pilih. Anak-anak suka makan es krimnya di sini.","""Restoran dengan atmosfer yang cukup lama. Ada display kue-kue, es krim juga. Suasana yang nyaman. Makanan khas omahan. Cocok untuk rombongan maupun keluarga. Makanan lezat. Saus ulame juga enak. Saus tutug oncome juga oke. Menu beragam. Anak-anak suka makan es krime di sini.""",0.9253962635993958
"Salah sijine jeneng batagor sing kondhang ing bandung. Rasane nikmat, kanggo rega per buwahe rp. 10 ewu. Pesen 3 buwah kanggo aku cukup maregi amarga ukuran per buwahe cukup gedhe.","Salah satu nama batagor yang terkenal di bandung. Rasanya nikmat, untuk harga per buahnya rp. 10 ribu. Order 3 buah untuk saya cukup mengenyangkan karena ukurannya per buahnya cukup besar.","""Kesalahan pertama berbakat batagor yang terkenal di bandung. Rasa luar biasa, untuk harga per bungkusnya sangat murah yaitu rp. 10 ribu. Pesen 3 bungkus untuk saya cukup kenyang karena ukuran per bungkusnya cukup besar.""",0.9352126121520996
Tau percaya karo body lotion citra nggarai wulu tambah akeh,Pernah percaya kalau body lotion citra bikin bulu tambah banyak,"""Tahu percaya sama body lotion citra membuat kulit semakin lembap""",0.8995518684387207
Macet nang ngendi-ngendi yen lagi preinan.,Macet di mana-mana kalau lagi liburan,"""Macet kemana-mana kalau lagi weekend.""",0.9216506481170654
"Tulung dikabarne kronologi lengkape, pulsa awit karo keri karo nyebutne tim ya mas/mbak, tim bakale ngecek transaksi penggaweane pulsane","Mohon informasikan detail kronologi, pulsa awal dan akhir dengan mention tim ya kak, tim akan cek transaksi pemakaian pulsanya","Silakan diberitahukan kronologi perihal, pulsa awal dengan waktu mengucapkan tim ya mas/mbak, tim akan mengecek transaksi mengenai pulsa nya",0.9245245456695557
"Area mangan ing njabane nyenengake. Igane oke, rasane enak. Jus jeruke ditambah stroberine nikmat. Regane uga oke.","Area makan di luarnya menyenangkan. Iganya oke, rasanya enak. Jus orange plus stroberinya nikmat. Harganya pun oke.","""Area makan di dalamnya menyenangkan. Iganenya oke, rasanya enak. Jus jeruk ditambah stroberi nikmat. Harganya juga oke.""",0.9567655324935913
Kanggo kowe sek nggolek resto kanthi suwasana sek romantis ora salah maneh uga moro mrene. Lan yen kurang kowe pas-pasan pesen wae menu sek entheng-entheng. Aja diapusi karo gambar ana ing buku menu yen ora pengen nyesel. Menu sukine luwih oke namung kayane ngapae ya adoh-adoh macet-macetan mara mrene mung nggolek kuwi. Ing kutha luwih afdol kayane. Pemandangane jogja mbengine nyekel.,Buat anda yang mencari resto dengan suasana yang romantis tidak salah lagi ke sini saja. Dan kalau rendah anda pas-pasan pesan saja menu yang ringan-ringan. Jangan terkecoh dengan picture di buku menu kalau tidak mau menyesal. Menu sukinya lebih oke tapi kayaknya ngapain ya jauh-jauh bermacet ria ke sini cuma mencari itu. Di kota lebih afdol kayaknya. Pemandangan jogja malamnya memegang.,"""Untuk kamu yang mau mencari restoran dengan suasana yang sangat romantis tak salah lagi nih. Dan jika diamukan sama menul-menulnya. Jangan lupa tunjukkan gambar di buku menu kalau tidak mau nyesal. Menu favoritnya lebih oke tapi kenapa ya kadang-kadang macet-macet terkena di sana cuma mau cari itu. Di dalam lebih afdol ya. Pemandangan jogja sangat sedap.""",0.9059497117996216
Rasane meh pada karo resto sing liyane sing dodolan iwak laut. Aman resik lan pelayanane cepet,Rasanya hampir sama dengan resto yang lain yang jualan seafood. Aman bersih dan pelayanannya cepat.,"""Rasa lebih suka ke resto lain yang lebih punya keunggulan ikan laut. Aman bersih dan pelayanan cepet""",0.917110025882721
Hasil itung cepet dinyatakne seje karo hasil survei nggarai aku nggumun.,Hasil quick count dinyatakan berbeda dengan hasil survei membuat saya bertanya-tanya.,"""Hasil quick count cepat dinyatakan beda jauh dengan hasil survei yang membuat saya kecewa.""",0.9249001741409302
"Kapisan marang mrene kuwi ngerayakake kelulusan adikku, panggonane kuwi loh, apik tenan. Desaine uga unik, apik, kapenak, kapenak, cocok tenan kanggo mangan mbengi bareng kaluwarga, pasangan, sedulur, lan kanca-kanca, pemandangane uga apik, panganane uga enak-enak. Regane sebanding karo pelayanane, ora gela marang mrene. Bener-bener direkomendasikake.","Pertama ke sini itu merayakan kelulusan adikku, tempatnya itu loh, keren banget. Desainnya juga unik, keren, nyaman, nyaman, cocok betul untuk makan malam bareng keluarga, pasangan, saudara, dan teman-teman, pemandangannya juga keren, makanannya juga enak-enak. Harga sebanding dengan pelayanannya, tidak menyesal ke sini. Sangat-sangat direkomendasikan.","""Setelah ke sana adalah merayakan kelulusan adikku, tempatnya itu loh, bagus sekali. Desainnya juga unik, bagus, nyaman, nyaman, cocok sekali untuk makan malam bersama keluarga, pasangan, teman, dan teman-teman, pemandangannya juga bagus, makanannya juga enak-enak. Harganya sebanding dengan pelayanan, tidak mengecewakan. Sangat direkomendasikan.""",0.9652202725410461
"Kabisan ngerteni woconan mben uwong kuwi seje-seje, ana sing pisan moco langsung ngerti, ana uga sing butuh ping bolak-balik moco disik lagek ngerti.","Kemampuan memahami bacaan tiap orang itu beda-beda, ada yang sekali baca sudah paham, ada juga yang butuh berkali-kali baca dulu baru paham.","""Terlalu terperangkap dengan penampilan luar, ada yang diam saja langsung ngerti, ada juga yang butuh bertanya berulang bertanya lagi ngerti.""",0.8693894147872925
Wow tenan kaget karo layanan satuan pengamanane bkpn bromo malang. Tenan diskriminasi banget. Yen aku mung pengen informasi babagan produke deknen. Dhewe diremehake. Cenderung ngusir. Kuciwa tenan!,Wow benar-benar terkejut sama layanan satuan pengamanannya bkpn bromo malang. Benar diskriminasi banget. Kalau kita hanya mau informasi tentang produk mereka. Kita disepelekan. Cenderung mengusir. Kecewa sekali!,"""Wow sungguh mengejutkan dengan layanan satuan keamanan bkpn bromo malang. sungguh diskriminasi sekali. Jika saya hanya ingin informasi mengenai produk mereka. Kami diremehkan. cenderung mengusir. Sangat kecewa!""",0.930523693561554
"Bandung terkenal dadi panggon produksi tahu lokal karo kuwalitas apik, salah siji sing paling apik isa digoleki ning warung talaga. Deweke nduwe pabrik dewe ning dalan Jendral sudirman, nanging ngembangne bisnise dadi sajian kuliner uga. Ana rena-rena pilihan sajian tahu. Direkomendasikne banget dinggo pecinta kuliner.","Bandung terkenal sebagai tempat produksi tahu lokal dengan kualitas prima, salah satu yang terbaik bisa dicari di warung talaga. Mereka punya pabrik sendiri di jalan Jendral sudirman, tapi mengembangkan bisnisnya menjadi sajian kuliner juga. Ada berbagai pilihan sajian tahu. Sangat direkomendasikan bagi pecinta kuliner.","""Bandung terkenal menjadi tempat produksi tahu lokal dengan kualitas baik, salah satu yang paling baik bisa didapat di warung talaga. Letaknya memiliki pabrik sendiri di jalan Jendral sudirman, namun mengembangkannya jadi bisnis menjadi penyajian kuliner juga. Ada beberapa pilihan penyajian tahu. Direkomendasikan banget bagi pecinta kuliner.""",0.9646105170249939
Tulung dikirimke meneh tagihanku sasi wingi,Mohon dikirimkan kembali tagihan saya bulan lalu,"""Tolong dikirimkan kembali tagihannya kemarin""",0.9164247512817383
"Salah siji menu paling tak senengi iku mcflurry rena-rena rasa liyane paket karo iwak pitik loro. Rumangsaku, pitike mcd nduwe citarasa dewe ning bagian dodone yo teksture alus lan bumbune gurih.","Salah satu menu favorit saya adalah mcflurry aneka rasa selain menu paket dengan dua ayam. Menurut saya, ayam mcd memiliki citarasa tersendiri di bagian dadanya pun memiliki tekstur yang lembut dan bumbunya gurih.","""Salah satu menu favoritku itu mcflurry renyah rasa lain paket dengan ayam pitik lorong. Rumahnya, ayam mcd punya citarasa sendiri di bagian dalam ya tekstur lembut dan bumbu gurih.""",0.9259434342384338
Aku ngrasa kaganggu ndelok parkiran mobil uwong nutupi dalan umum.,Saya merasa terganggu melihat parkiran mobil orang menutupi jalan umum.,"""Saya merasa mengganggu melihat parkirannya mobil yang menutupi jalan umum.""",0.943950355052948
"Satene gedi-gedi. Bumbune dipisah. Diwehi rajangan brambang lan lombok riwit didang, porsi lontong karo segane uga pas. Pokoke aku seneng.","Satenya besar-besar. Bumbunya dipisah. Dikasih irisan bawang merah dan cabe rawit dikukus, porsi lontong sama nasinya juga pas. Pokoknya saya suka.","""Harga mahal-mahal. Bumbu dipisah. Dihidangkan nasi brambang dan lombok rebus, porsi lontong serta semanginya juga pas. Pokoknya saya senang.""",0.9190321564674377
"Yen didelok-delok, sandiaga uno karo nadiem makarim mirip yo","Kalau dilihat-lihat, sandiaga uno sama nadiem makarim mirip ya","""Jika terpilih, sandiaga uno dengan nadiem makarim mirip ya""",0.9312801361083984
Sugeng enjang. Wah kuciwa tenan mosok indihome internet ora kocek maneh. Aku kuwi mbayar larang. Aja nguciwakake dhewe sing dadi pelanggan,Selamat pagi. Wah kecewa berat masa indihome internet tidak kocek lagi. Saya itu bayar mahal. Jangan kecewakan kami sebagai pelanggan,"""Selamat sore. Wah kecewa sekali ternyata indihome internet tidak sesuai sama biayanya. Aku itu bayar mahal. Jangan mengecewakan kami yang menjadi pelanggan""",0.9302611351013184
"Sopir ora teka ing panggonan kang dituju, nanging ing aplikasi wis picu munggah, lan gopay wis kapotong, kapok aku nganggi gojek","Driver tidak datang ke tempat tujuan, tetapi di aplikasi sudah picu naik, dan gopay sudah terpotong, kapok saya pakai gojek","""Sopir tidak bertanda di tempat yang dituju, namun di aplikasi sudah terpicu biaya, dan gopay sudah dipotong, kapok saya naik gojek"".",0.9440419673919678
"Panganan ning kene menurutku kurang enak ya, merga aku wong minang, aku ora tek seneng pangana  jawa sing legi hehe","Makanan di sini menurut saya kurang enak ya, karena saya orang minang, saya tidak terlalu suka makanan jawa yang manis hehe","""Makanan di sini menurut saya kurang enak ya, karena saya orang minang, saya tidak suka makanan jawa yang pedas hehe""",0.9750375747680664
"Pajak, kak, arep njaluk nomor efin, sakdurunge wis aktifasi, namung lali password akun djponline,","Pajak, kak, mau minta nomor efin, sebelumnya sudah aktifasi, tapi lupa password akun djponline,","""Pajak, bu, mau minta nomor efinan, sebelum aktifasi, tapi lupa password akun djponline,""",0.9403535723686218
Musim udan kaya iki saban udan mesthi ora tenang wedi kabanjiran.,Musim hujan begini setiap hujan pasti tidak tenang takut kebanjiran.,"""Musim hujan seperti ini setiap hujan pasti selalu takut banjir.""",0.9097236394882202
Sate wedus H. Ihsan iki cukop terkenal ning tegal. Lak ora iso marani panggon ning pusate. Sampeyan isa uga nemokne sate wedus H Ihsan ning pirang-pirang panggon mangan ning kutha tegal.,Sate kambing H. Ihsan ini cukup terkenal di tegal. Apabila tidak bisa mengunjungi lokasi di pusatnya. Anda bisa juga menemukan sate kambing H Ihsan di beberapa tempat makan di kota tegal.,"""Sate babi H. Ihsan ini memang terkenal di tegal. Kalau tidak mampu duduk di dalam adalah. Anda juga bisa menemukan sate babi H Ihsan di beberapa tempat makan di kutha tegal.""",0.9519314169883728
"Saka okehe restoran sunda ing Bandung, miturutku Ciganea salah siji favoritku. Aku seneng amarga pithike khas, digorenge ora patio garing. Terus sambele uga ora kalah enak. Menu sing liya uga enak. Panggonane kaya omah, ora patio gedhe nanging cukuplah, lan uga resik.","Dari banyaknya restoran sunda di Bandung, menurut saya Ciganea salah satu favorit saya. Saya suka karena ayamnya khas, digorengnya tidak terlalu kering. Lalu sambalnya pun tidak kalah enak. Menu yang lain pun enak. Tempatnya seperti rumah, tidak terlalu besar tapi cukuplah, dan juga bersih.","""Dari beberapa restoran sunda di Bandung, menurut saya Ciganea adalah salah satu favorit saya. Saya suka karena hidangan khas, digoreng tidak terlalu kering. Terus sambalnya juga tidak kalah enak. Menu lainnya juga enak. Tempatnya seperti rumah, tidak terlalu besar tapi cukup, dan juga bersih.""",0.9733065962791443
"Hotel iki uwes ngadeg saka telung puluh tahun sing kapungkur, sakdurunge aku lair. Panginepan kapisan ning kota iki. Saiki uwis akeh ngadeg hotel ning kene.","Hotel ini sudah berdiri sejak tiga puluh tahun yang lalu, sebelum saya lahir. Penginapan pertama di kota ini. Sekarang sudah banyak berdiri hotel di sini.","""Hotel ini sudah berdiri sejak 20 tahun lalu, padahal saya masih beli air. Pemandangan bersebelahan di kota ini. Sekarang sudah banyak hotel di sini.""",0.9340744614601135
"Panganan ning kene pada kaya kfc liyane. Pithik gorenge krispi, gurih, lan enak.","Makanan di sini sama seperti kfc lainnya. Ayam gorengnya crispy, gurih dan enak","""Makanan yang di sini pada kaya kfc lainnya. Ayam gorengnya crispy, gurih, dan enak.""",0.9567826390266418
"Piye ora nesu ora, kena php indosat terus kie. Pulsane kepotong ludes ora ana turahe.","Bagaimana tidak marah coba, kena php indosat terus nih. Pulsa selalu terpotong ludes tak tersisa.","""Bagaimana tidak marah, saya php indosat terus. Pulsa habis seluruh tidak ada duanya.""",0.9117099642753601
"Pelayanane batik air bisnis class ing halim nguciwakake, gelas reged / mambu, tv ora ana nganggo alesan pesawat anyar, aling methuk saka medhuk pesawat diilangake","Pelayanan batik air bisnis class di halim mengecewakan, gelas kotor / bau, tv tidak ada dengan alasan pesawat baru, penjemputan dari turun pesawat dihilangkan","""Pelayanan batik air bisnis class di halim mengecewakan, gelas kotor/ berbau, tv tidak ada digunakan dengan alasan pesawat baru, sebelahnya dibersihkan dari kotorannya""",0.9296185374259949
Ngganggo laurier dobel pas arep turu pas menstruasi ben ora bocor,Pakai laurier double pas mau tidur saat menstruasi biar tidak bocor,"""Menggunakan laurier double layer sebelum tidur ketika menstruasi biar tidak bocor""",0.9419845938682556
"Panggon mangane sederhana banget, nanging rasane juara. Komposisi bumbu kacange pas lan porsine ora tek akeh. Pengunjung sing teka rame banget.","Tempat makannya sangat sederhana, namun rasanya juara. Komposisi bumbu kacangnya pas dan porsinya tidak terlalu besar. Pengunjung yang datang sangat ramai.","""Tempat makannya sangat sederhana, tetapi rasanya juara. Komposisi bumbu kacangnya pas dan porsinya tidak terlalu besar. Pengunjung yang datang ramai sekali.""",0.9815166592597961
"Panggonan lan arsitektur panggonan iki oke banget, mung yen panganane lan ombeane ing kene ora patia maer. Enak kanggo mateni bareng kanca-kanca.","Lokasi dan arsitektur tempat ini oke banget, cuma kalau makanan dan minuman di sini tidak terlalu istimewa. Enak buat bunuh bareng teman-teman.","""Tempat dan arsitektur tempat ini oke banget, cuma kalau makanan dan minuman di sini tidak bersahabat. Enak untuk menyudahi bersama teman-teman.""",0.9582205414772034
Rasa panganan biasa ae lan suasanane ora istimewa dadi pisan ketekan wis cukup.,Rasa makanan biasa saja dan suasana tidak istimewa sehingga sekali kedatangan sudah cukup.,"""Rasa makanan biasa saja dan suasana tidak istimewa jadi ya sudah cukup"".",0.9325275421142578
Sing nglarang GBK didadekake panggonan konser pada songong-songong banget dah. Suket ning lapangan sapa sing pengin ngopeni yen ora ana duwit konser. Urung meneh kursi sing seneng dirusak supporter bal. Aduh.,Yang melarang GBK dijadikan venue konser pada songong-songong amat dah. Rumput di lapangan siapa yang mau pelihara kalau tidak ada duit konser. Belum lagi kursi yang suka dirusak supporter bola. Aduh.,"""Yang melarang GBK jadi tempat konser keliru sekali deh. Gelar dalam lapangan siapa yang mau nyanyi kalau tidak ada duit konser. Jangan sampai juga kursi yang disukai dirusak supporter bal. Aduh.""",0.9099036455154419
Gendeng ya. Pesen mix platter ae sampek luwih saka 30 menit. Takon nyang pelayane malah minggat. Ora responsif. Suwi.,Gila ya. Pesan mix platter saja sampai lebih dari 30 menit. Bertanya ke pelayannya malah kabur. Tidak responsif. Lama.,"""Sudah deh. Pesen mix platter saja sampai lebih dari 30 menit. Datang lagi di saat pelayane malah kabur. Tidak responsif. Sayang.""",0.9258095026016235
"Pas jenuh karo oleh oleh khas bandung sing wis ana, dadi roti bakar tunggal isa dadi pilihan. Aku kerep tuku roti marie sing dibakar karo rasa sing enaakk, uga roti bakar karo rasa keju utawa coklate. Biasane aku tuku ning konter roti bakar tunggal ning paskal hyper square. Regane ancen rodok larang, nanging rumangsaku meh podo karo panganan oleh-oleh. Dadi ya ora isa uga diomongne larang. Lan toh rasane enak.","Saat jenuh dengan oleh oleh khas bandung yang sudah ada, maka roti bakar tunggal bisa menjadi pilihan. Saya sering beli roti marie yang dibakar dengan rasa yang yuummy, juga roti bakar dengan rasa keju atau coklatnya. Biasanya saya beli di counter roti bakar tunggal di paskal hyper square. Harganya memang agak mahal, tapi saya rasa hampir sama dengan makanan oleh-oleh. Jadi ya tidak bisa juga dibilang mahal. Dan toh rasanya enak.","""Saat jenuh dengan oleh-oleh khas bandung yang sudah ada, roti bakar tunggal bisa jadi pilihan. Saya biasanya beli roti marie yang dibakar dengan rasa yang enak, juga roti bakar dengan rasa keju atau coklate. Biasanya saya beli di konter roti bakar tunggal di paskal hyper square. Harganya memang rada mahal, tapi perutku lebih cocok sama makanan oleh-oleh. Jadi ya tidak bisa juga dikatakan mahal. Dan toh rasanya enak.""",0.9708880186080933
"Lunga bareng kaluwarga mangan mbengi, regane larang kanthi rasa sing biasa bae.","Pergi bersama keluarga makan malam, harganya mahal dengan rasa yang biasa saja.","""Assyik bareng keluarga makan malam, harganya terjangkau dengan rasa yang biasa saja.""",0.9370107650756836
"Sugeng siang, biaya administrasi rek simpedes tp 5.500, - / sasi. Maturnuwun era","Selamat siang, biaya administrasi rek simpedes rp 5.500, - / bulan. Terima kasih era","""Selamat siang, biaya administrasi rek simpedes sebesar 5.500,00 / bulan. Terima kasih era""",0.9409634470939636
"Panggonan kapenak lan enak, kala-kala didadekake panggonan foto pre-wedding","Tempat nyaman dan enak, kadang dijadikan tempat foto pre-wedding","""Lokasi yang kece dan enak, sering dijadikan lokasi foto pre-wedding""",0.9422460198402405
"Pelayanane apik banget, lan muasne saka segi panggon, apik banget isa ndelok pemandangan kutha pas wengi saka segi panganan, apik pol! Panganane enak banget ora nyesel ngge mara rene.","Pelayanannya sangat bagus, sangat memuaskan dari segi tempat, indah sekali bisa melihat pemandangan kota di malam hari dari segi makanan, terbaik! Makanannya enak sekali tidak menyesal untuk datang ke sini.","""Pelayanan sangat baik, dan luas dari segi tempat, sangat baik bisa melihat pemandangan kota dari segi makanan, sangat baik! Makanan sangat enak tidak akan menyesal pergi ke sini.""",0.9458192586898804
Arif tuku jaket billabong sek paling anyar,Arif membeli jaket billabong yang terbaru,"""Arif membeli jaket billabong seri terbaru""",0.9277376532554626
"Warung mangan sing uwis teka wiwit suwi lan uwis dadi kaya legenda kayane saiki uwis buka cabang. Terkenal amarga konsisteni rasa -ne uwis pirang-pirang tahun, sanadyan bangunan asli uwis dibongkar nanging kaasliane tetep dijaga lan tetep engel parkir. Sawetara wektu kepungkur ana setithik pangowahan nalika ibu chef utama uwis ora ketok maneh.","Warung makan yang telah hadir sejak lama dan telah menjadi semacam legenda, mungkin sekarang sudah buka cabang. Terkenal karena konsistensi rasa -nya selama bertahun-tahun, meskipun bangunan asli telah dipugar tetapi keaslian masih tetap dijaga dan tetap susah parkir. Beberapa waktu terakhir ada sedikit perubahan ketika ibu chef utama sudah tidak terlihat lagi.","""Warung makan yang dulu pernah datang sekitar waktu tertentu dan sudah menjadi sebuah legenda sejak itulah sudah buka cabang. Terkenal karena konsistensi rasa - yang sudah pirang-pirang tahun lalu, setelah itu bangunan asli sudah dibongkar tapi keaslian tetap dijaga dan masih ada tempat parkir. Selain itu setiap waktu kepungkur pastinya ada kuis saat ibu chef utama belum turun.""",0.9163375496864319
Menehi bantuan nyang korban bencana dinggo pencitraan percuma. Apameneh dinggo publikasi. Sepurane banget. Muak aku.,Memberikan bantuan ke korban bencana untuk pencitraan percuma. Apalagi untuk publikasi. Maaf banget. Muak saya.,"""Menjadi bantuan untuk korban bencana demi pencitraan saja. Tidak apa-apa buat publikasi. Salah besar. Muak aku.""",0.9223828315734863
Rasa panganane biasa bae lan regane larang. Panggonane uga biasa. Lokasine ora patia adoh saka tengah kutha.,Rasa makanannya biasa saja dan harganya mahal. Tempatnya juga biasa. Lokasinya juga terlalu jauh dari pusat kota.,"""Rasa makanan biasa saja dan harganya mahal. Tempatnya juga biasa. Lokasi tidak jauh dari tengah kota.""",0.9653878808021545
Dingge mara nyang panggon iki dalane macet banget lan adoh saka pusat kutha. Saktekane ning kana ora ana bab sing spesial sing nggarai perjalanan adoh kebayar. Menune biasa ae.,Untuk menuju ke tempat ini jalannya sangat macet dan jauh dari pusat kota. Sesampainya di sana tidak ada hal yang spesial yang membuat perjalanan jauh terbayarkan. Menunya biasa saja.,"""Perjalanan ke tempat ini sangat terjal dan sulit dari pusat kota. Selain itu tidak ada hal yang spesial yang membuat perjalanan terasa terbayar. Menunya biasa aja.""",0.9362362623214722
Rasa rotine enak. Variasi roti lan pacetane sing didol akeh. Rega standar. Paling seneng karo roti taware. Seneng.,Rasa rotinya enak. Variasi roti dan cemilan yang dijual banyak. Harga standar. Paling suka sama roti tawarnya. Suka.,"""Rasa rotine rutinitas. Variasi roti dan minuman yang banyak. Harga standar. Paling suka dengan roti tawar. Suka.""",0.9436666965484619
"Deknen kuwi sapa sih? Kok isi beritane deknen kabeh, mbokane deknen mantan narapidana kae","Dia ini siapa sih? Kok isi berita dia semua, bukannya dia mantan narapidana itu","""Itu siapa sih? Kok isi beritanya semua, sebaiknya disebut mantan narapidana aja""",0.932967483997345
"Pengin mangan karo nikmati suwasana paris? Ora usah adoh-adoh menyang prancis, cukup menyang paris van java alias bandung. Braga permai iki rekomendasi banget kanggo mangan karo santai-santai. Panganane enak, regane mlebu akal lan suwasanane kapenak banget apamaneh meja sing ning jaba. Mangan karo nikmati suwasana bandung jaman mbiyen.","Ingin makan sembari menikmati suasana paris? Enggak usah jauh-jauh ke prancis, cukup ke paris van java alias bandung. Braga permai ini rekomendasi banget buat makan sambil santai-santai. Makanannya enak, harganya masuk akal dan suasananya nyaman banget apalagi meja yang di luar. Makan sambil menikmati suasana bandung tempo dulu.","""Ingin makan sambil menikmati suasana paris? Tidak perlu jauh-jauh ke prancis, cukup ke paris van java alias bandung. Braga permai ini rekomendasi banget nih buat makan sambil santai-santai. Makanannya enak, harganya masuk akal dan suasana sangat nyaman apalagi pada meja di luar. Makan sambil menikmati suasana bandung zaman dahulu.""",0.9766269326210022
Yogyakarta iki ing saben pojokan dalan akeh hotel. Nanging eman. Kanggo kelas bintang 3 bae rega luwih larang kanthi pelayanan sing ora sepadan.,Yogyakarta ini di tiap sudut jalan banyak hotel. Tapi sayang. Untuk kelas bintang 3 saja harga lebih mahal dengan pelayanan tidak setara.,"""Yogyakarta ini di setiap pojok jalan ada hotel. Tapi mahal. Untuk kelas bintang 3 saja harga jauh lebih mahal dengan pelayanannya yang tidak sesuai.""",0.9364047050476074
Bakmine enak. Ditambah daging rica2ne mantep banget. Rasane si pedes-pedes nanging nikmat. Mangan siji krasa kurang tah.,Bakminya enak. Ditambah daging rica2nya super mantap. Rasanya sih pedas-pedas tapi nikmat. Makan satu berasa kurang deh.,"""Masakannya enak. Di tambah daging rica2nya mantep sekali. Rasanya si pedas-pedas tapi nikmat. Makan sekali rasa kurang lho.""",0.9370965957641602
Aplikasi bni mobile banking tulung didandani soale arep aktivasi akun ora isa.,Aplikasi bni mobile banking mohon diperbaiki soalnya mau aktivasi akun tidak bisa.,"""Aplikasi bni mobile banking mohon diperiksa karena ingin aktivasi akun tidak bisa.""",0.9502484202384949
Anti nganggo power bank wiwit handphone samsungku bocor bateraine sakbanjure dingokake kuwi.,Anti pakai power bank semenjak handphone samsung gue bocor baterenya setelah dipakaikan gituan.,"""Anti menggunakan power bank sedikit-sedikit handphone samsung saya bocor baterainya hingga akhir-akhir ini malah dikomplain itu.""",0.8861166834831238
"Botol uc1000 angel banget dibukake tah, marakna tangan lara","Botol uc1000 susah banget dibukanya dah, bikin tangan sakit","""Botol uc1000 susah sekali dibuka ya, sakit tangan deh""",0.9155030846595764
"Nggolek suwasana nostalgia ing jogja, panggonan iki yaiku pilian sing pas! Menu panganane didominasi panganan-panganan sing kena pengaruh gaya panganan landa. Kasenenganku stik sirloin. Restoran iki uga ndhuweni toko roti kanthi pilian roti gaya jaman mbiyen.","Mencari suasana nostalgia di jogja, tempat ini adalah pilhan yang tepat! Menu makanan didominasi makanan-makanan yang dipengaruhi gaya makanan belanda. Favorit saya steak sirloin. Restoran ini juga memiliki toko roti dengan pilihan roti bergaya zaman dahulu.","""Mencari suasana nostalgia di jogja, tempat ini adalah pilihan yang tepat! Menu makanannya didominasi makanan yang memiliki pengaruh gaya makanan sido. Favoritku adalah steak sirloin. Restoran ini juga merupakan toko roti dengan pilihan roti gaya jaman dulu.""",0.9538928270339966
Ketua dpr ngapresiasi pilkada barengan sing mlaku damai.,Ketua dpr mengapresiasi pilkada serentak yang berlangsung damai.,"""Ketua dpr mengapresiasi pilkada serentak yang berlangsung damai.""",0.9607382416725159
Ngurus gaji karyawan dhewe wae ora isa jare arep ngurus bumn. Mikir nganggo utek,Mengurus gaji karyawan sendiri saja tidak becus konon mau mengurus bumn. Mikir pake otak,"""Mengurus gaji karyawan sendiri saja belum bisa maka mau mengurus bumn. Berpikir dengan otak utak-atik""",0.9180115461349487
Ning indonesia pilihan merek telepon seluler kan melimpah. Lak ora seneng cara xiaomi nglakokne bisnise ya kari milih merek liya. Digawa santai wae.,Di indonesia pilihan merek telepon seluler kan melimpah. Kalau tidak suka cara xiaomi menjalankan bisnisnya ya tinggal pilih merek lain. Dibawa santai saja.,"""Di indonesia pilihan merek telepon seluler kan melimpah. Kalau tidak suka cara xiaomi menjalankan bisninya ya pilih merek lain. Dijalankan santai saja.""",0.9739790558815002
"Nate mangan ning poolside hotel hilton? Jan ora rekomendasi kanggo rasa lan rega. Panganane kurang rasane, aku nggawa 20 uwong, kabeh gela.","Pernah makan di poolside hotel hilton? Sangat tidak rekomendasi untuk rasa dan harga. Makanan kurang rasa, gue bawa 20 orang, semua kecewa.","""Nate makan di poolside hotel hilton? Tidak rekomendasi buat rasa dan harga. Makanan kurang rasanya, aku beli 20 orang, semuanya kurang puas.""",0.9605202078819275
Panggonane unik. Karo mangan uga dimanjakake kaliyan panggonan sing sarwa unik. Akeh kayu kayu lan galerine. Kanggo bocah uga aja kuatir. Ana dolanan bocahe. Dadi mangan dadi luwih santai.,Tempatnya unik. Sambil makan juga dimanjakan dengan tempat yang serba unik. Banyak kayu kayu dan galerinya. Buat anak juga jangan kuatir. Ada mainan anaknya. Jadi makan jadi lebih santai,"""Suasana unik. Selain makan juga dimanjakan dengan suasana yang sungguh unik. Banyak kayu kayu dan galeri. Bagi anak juga tidak perlu khawatir. Ada mainan anak juga. Jadi makan jadi lebih santai.""",0.9550858736038208
"Yen marang rene aku mesthi pesen budin sambel roa. Budine digoreng dipasake karo sambel roa, enak. Panganan sing liyane uga enak nanging kanggo aku lan kaluwarga sing paling enak ing kene ya mangan budin karo ngombe kopi.","Kalau ke sini saya selalu pesan singkong sambal roa. Singkongnya digoreng dipadankan dengan sambal roa, enak. Makanan yang lainnya juga enak tetapi buat saya dan keluarga yang paling enak di sini ya makan singkong sambil minum kopi.","""Jika ke sini pasti pesan budin sambal roa. Budinya digoreng disajikan pakai sambal roa, enak. Makanan lainnya juga enak tapi buat saya dan keluarga yang paling enak di sini ya makan budin dengan minum kopi.""",0.9541013836860657
Telepone genggam eror pas kaping pisan diurupne,Telepon genggamnya eror pas pertama dinyalakan,"""Telepon genggam eror beda waktu sama pakai dua bilah""",0.8818361759185791
Turu sing cukup saben dinane isa gawe awak ora kekeselen lan seger sawektu tangi ing dina esuk.,Tidur yang cukup tiap harinya bisa bikin badan tidak kecapekan dan segar ketika bangun di pagi hari.,"""Teruslah yang cukup setiap harinya bisa membuat kita tidak kesal dan segar setiap pagi di hari berikutnya.""",0.9091715216636658
Restoran iki romantis tenan kanthi pemandangane sing apik tenan ing dina mbengi,Restoran ini sangat romantis dengan pemandangannya yang sangat indah di malam hari,"""Restoran ini romantis sekali dengan pemandangan yang cantik sekali di malam hari""",0.9291076064109802
"Sugeng sonten ibu, bab produk perbankan mandiri apa sing entuk dhewe rewangi? Yogi","Selamat sore ibu, perihal produk perbankan bank mandiri apa yang dapat kami bantu? Yogi","""Selamat sore ibu, tentang produk bank mandiri apa yang dapat kami bermanfaat? Yogi""",0.9475012421607971
"Suwasanane ing panggonan iki luwar biasa tenan. Pas kuwi dhewe teka ing sore ameh wengi, lan etuk panggonan sing ngadep ning air terjun. Gemricik banyu grojogan lan suwasana desa nambah nikmat suwasana mangan wengi dhewe pas kuwi. Panganan disajekake kanthi gaya tradisional lan rasane cukup apik kanggo ilate dhewe.","Suasananya di tempat ini sungguh luar biasa. Ketika itu kami datang pada senja menjelang malam, dan mendapatkan ruang yang menghadap ke air terjun. Gemericik air terjun dan suasana pedesaan menambah nikmat suasana makan malam kami ketika itu. Makanan disajikan dengan gaya tradisional dan rasanya cukup menarik untuk lidah kami.","""Suasana di tempat ini luar biasa memang. Pas kami bertiga singgah di sore hari dengan beberapa gelas koktail, dan duduk di tempat yang menghadap air terjun. Deretan air terjun mengalir dan suasana pedesaan menambah nikmat suasana makan malam kami di atas. Hidangan disajikan dengan gaya tradisional dan rasanya cukup baik untuk minum malam kami.""",0.9291185140609741
"Regane larang banget, padahal panganan sing didol panganan indonesia umume. Padahal kanggo nikmati panganan kaya ngene iki ing panggonan liyane adoh luwih murah. Sega goreng wae ing kene larang banget banget! Jengkel.","Harganya terlalu mahal, padahal makanan yang dijualkan makan indonesia umumnya. Padahal untuk menikmati makanan sejenis di tempat lain jauh lebih murah. Nasi goreng saja di sini mahal banget banget! Kesal.",""" Harganya sangat mahal, padahal makanan yang disajikan adalah makanan indonesia umumnya. Padahal kalau untuk menikmati makanan seperti ini di tempat lain lebih murah. Menangis goreng saja di sini sangat mahal sekali! Jengkel.""",0.9457430243492126
Ana ing akun mycare ku sek keblokir kuwi wis aku tambahake nomer im3 ku sek anyar,Dalam akun mycare saya yang terblokir tersebut sudah saya tambahkan nomer im3 saya yang baru,"""Terjadilah di akun mycare saya ada blokir itu sudah saya tambahkan nomor im3 saya baru""",0.9277821779251099
120 peserta sing lulus iki bakale dibagi dadi 4 kelas karo jumlah masing masing 30 murid,120 peserta yang lulus ini akan dibagi menjadi 4 kelas dengan jumlah masing masing 30 siswa.,"""120 peserta yang lulus itu akan dibagi menjadi 4 kelas dengan jumlah masing-masing 30 murid""",0.9625850915908813
"Apa iki, regane larang, pelayanane jan mines!","Apa ini, harga mahal, pelayanan minus!","""Luar biasa harga, pelayanan pun luar biasa!""",0.8853462934494019
Aku ketemu karo deknen ing asrama panggonan dhewe manggon nalika isih mahasiswa,Saya bertemu dengannya di asrama tempat kami tinggal semasa mahasiswa dulu,"""Aku bertemu dengan teman kuliah lama kemarin setelah menjadi sarjana""",0.8576163649559021
"Endi ki suwe banget konfirmasine? Iki uwis dibayar, uwis ngirimne bukti transfer, nanging e - tiket pancet ora metu? Aku gela, wegah digantung ngene.","Mana nih lama sekali konfirmasinya? Ini sudah dibayar, sudah mengirimkan bukti transfer, tetapi e - tiket tetap tidak keluar? Saya kecewa, tidak mau digantung begini.","""Tadi sudah bayar, sudah kirim bukti transfer, tapi tiket masih belum keluar? Saya gila, digantung begitu?""",0.9160345196723938
"Ndelok film indonesia ning tv iki, kadang nggarai pegel. Merga kayak-kayake indonesia ora ana masalah, merga kabeh lagi mlaku-mlaku ning luar negeri.","Menonton film indonesia di tv ini, kadang bikin jengkel. Karena seakan-seakan indonesia tidak ada masalah, karena semuanya lagi jalan-jalan di luar negeri.","""Nonton film indonesia di tv itu, kadang bikin sakit kepala. Sepertinya indonesia tidak punya masalah, karena semuanya lagi berjalan-jalan di luar negeri.""",0.9519329071044922
"Dasare ora ngerti kahanan kowe! Sinau beladiri udu nggo disombongke! Nanging kanggo nglindhungi awake dhewe! Gurumu dantemi apa maneh uwong tuwamu! Dasar iblis kowe, nyawa dibayar nyawa! Kowe ndhuwe utang siji nyawa! Lan nyawamu sing dadi bayarane!?","Dasar tak tau diri kau! Belajar beladiri bukan untuk di sombongkan! Tapi untuk melindungi diri sendiri! Guru lu aja lu pukulin apalagi orang tua lo! Dasar iblis kau, nyawa di bayar nyawa! Lu punya hutang satu nyawa! Dan nyawa lo yang jadi bayarannya!?",""" Dasar tak tahu kelemahanmu! Belajar beladiri untuk disombongkan! Tetapi untuk melindungimu sendiri! Gurumu kok masih berani sama orang tuamu! Dasar iblis kamu, nyawa dibayar nyawa! Kamu punya utang satu nyawa! Dan nyawamu yang menjadi pembayarannya!?""",0.9419005513191223
"Lak nyang mangkok iwak pitik mesti tuku kwetiaew sirame, lak didelok kayake sing sitik, nangis pas dipangan beh, akeh banget lak kanggo porsiku, kwetiaw sirame sik juara ning kene timbang nggon liya, tenan. Sambele uga sekeca banget karo seleraku.","Kalau ke mangkok ayam pasti beli kwetiaw siramnya, kalau dilihat seperti yang sedikit, tetapi pas dimakan beuh, banyak sekali kalau buat porsi saya, kwetiaw siramnya masih juara di sini dari pada di tempat lain, sungguh. Sambelnya juga sesuai banget sama selera saya.","""Kalau ke mangkok ayam betutu mesti bawa kwetiawnya sirame, kalau ke sana ke sana terlihatnya sih cuma, menangis pas ditimbang nellian, banyak banget kalau buat porsi saya, kwetiaw sirame juara di sini timbang sama saya, tenan. Sambalnya juga sangat amat beda sama selera saya.""",0.9139524102210999
Atlet enom tanah air melu serpong run 2018 dinggo ajang nguji coba,Atlet muda tanah air ikuti serpong run 2018 untuk ajang uji coba,"""Atlet unggulan negara ikut lari jarak jauh 2018 dalam rangka uji coba""",0.8810032606124878
"Penting lan sebarno negriku sing wis lara, pas oknum aparat dadi keparat, sing pener disalahne lan sing salah dipenerne","Penting dan sebarkan negeriku yang sudah sakit, kala oknum aparat jadi keparat, yang benar disalahkan dan yang salah dibenarkan","""Penting dan sebenarnya negara yang sudah sakit, pas oknum aparat jadi terbelenggu, yang salah dituduhkan dan yang salah dituduhinya.""",0.9132101535797119
Bis harapan jawa adoh luwih kapenak dibanding sing liyane,Bus harapan jaya jauh lebih nyaman dibandingkan yang lainnya,"""Bisi harapan jawa laut lebih enak dibanding yang lain""",0.9019928574562073
Tinggalen ae lak awakmu pancene wis waleh karo pacarmu lan pacaran ora ana gunane kanggo awakmu.,Tinggalkanlah kalau kamu memang sudah bosan sama pacar mu dan pacaran tidak ada gunanya buat kamu.,"""Tinggalkan saja kalau kamu sudah pasti memiliki pacarmu dan pacaran tidak ada gunanya bagi kamu.""",0.9337143898010254
"Isih percoyo karo omongane? Dee sing nutup rapet-rapet bobroke sifate, dee uga sing mbukak tabir aibe.","Masih percaya sama omongannya? Dia yang menutup rapat-rapat kebobrokan sifatnya, dia juga yang membuka tabir aibnya.","""Masih percaya dengan omongan? Dari yang menutup rapat-rapat kebohongan, sampai yang membuka tabir hati.""",0.9161142706871033
"Kafe iki, nduwe pirang-pirang cemilan sing top banget, tahu ning lumboenk karo vulkano risols jenenge. Sensasine unik saka wujude karo rasane nggarai sir maneh si maneh, dinggo sing penasaran oleh njajal wis.","Kafe ini, punya beberapa cemilan yang top banget, tahu di lumboenk sama vulkano risols namanya. Sensasi unik dari tampilan sama rasanya bikin mau lagi mau lagi, bagi yang penasaran boleh dicoba deh.","""Kafe ini memiliki beberapa cemilan yang sangat top, tahu di perut terbakar sama vulkano risols namanya. Sensasinya unik dari bentuk dan rasanya membuat perut terasa lagi terasa lagi.""",0.9199238419532776
2018 kpk nduweni tekad kanggo nuntaskae kasus e-ktp lan lbi.,2018 kpk bertekad menuntaskan kasus e-ktp dan blbi.,"""2018 kpk punya tekad untuk menyelesaikannya kasus e-ktp dan lainnya.""",0.9223051071166992
Namung penerbangan ing indonesia sing ora tahu ngeregani wektu. Uwis mbayar larang pelayanane tetep nguciwakake,Cuma penerbangan di indonesia yang tidak pernah ngehargai waktu. Sudah bayar mahal tetap pelayanannya mengecewakan,"""Meskipun penerbangan di indonesia yang tidak tahu membuat marah waktu. Sudah membayar mahal pelayanannya tetap mengecewakan""",0.9331636428833008
"Kanggo layanan bank ing akhir pekan sing lokasine ing bekasi, bapak isa teka marang kantor cab bank mandiri bekasi juanda","Untuk layanan bank di akhir pekan yang berlokasi di bekasi, bapak dapat datang ke kantor cab bank mandiri bekasi juanda.","""Untuk layanan bank pada akhir pekan yang berlokasi di bekasi, bapak bisa naik ke kantor cab bank mandiri bekasi juanda""",0.9786787629127502
susah banget ndelok segara sing saiki reget didadekake panggonan guwak sampah sembarangan,Sedih banget melihat laut yang sekarang kotor dijadikan tempat buang sampah sembarangan,"""sulit sekali melihat laut yang sekarang tercemar tempat sampah sembarangan""",0.9325810670852661
"Salah siji panggon mangan lan panggon nangkring sing direkomendasikne kanca sing oke banget. Panggone pancene lumayan munggah lak saka kutha, lan rodok mlebu-mlebu sampek ora ketok lak saka dalan utama. Nanging panganane enak, panggone asik, regane uga standar. Sik sumbut karo regane lah. Oleh lak nyang Malang dolan mrene maneh.","Salah satu tempat makan dan tempat nongkrong yang direkomendasikan teman yang oke sekali. Tempatnya memang lumayan naik kalau dari kota, dan agak masuk-masuk sampai tidak terlihat kalau dari jalan utama. Tapi makanannya enak, tempatnya asik, harganya juga standar. Masih sepadan dengan harga lah. Bolehlah kalau ke Malang datang ke sini lagi.","""Salah satu tempat makan dan tempat nongkrong yang direkomendasikan teman yang oke banget. Tempatnya memang agak tersembunyi dari luar, dan perlu masuk-masuk dahulu sampai tidak ketahuan dari jalan utama. Tetapi makanannya enak, tempatnya asik, harganya juga standar. Silakan deh datang dengan kantongnya. Dijamin deh. Kalau ke Malang main mendi sini lagi.""",0.9468786716461182
On the spot lagi tayang ing trans7,On the spot sedang tayang di trans7,"""On the spot tayang di trans7""",0.9245560765266418
"Bener-bener iwak pitik goreng sing gurih lan nggarai aku ketagihan, sambel sing pedes nggarai sensasi mangan luwih mantep karo sega anget lan es teh manis","Benar benar ayam goreng yang gurih dan membuat saya ketagihan, sambal yang pedas membuat sensasi makan lebih mantap dengan nasi hangat dan es teh manis","""Benar-benar ayam ayam goreng yang gurih dan membuat saya ketagihan, sambal yang pedas membuat sensasi makan lebih mantap dengan nasi hangat dan es teh manis""",0.9722453355789185
Aku wis ndaftar namung ora entuk sms seka 5111.,Saya sudah registrasi tapi tidak dapat sms dari 5111.,"""Saya sudah mendaftarkan nomor tapi tidak dapat sms ke nomor 5111.""",0.9350018501281738
"Mumpung lagi mlaku-mlaku marang bandunh sekaliyan nyempatake nyoba batagor sek paling enak ing kota kembang iki nganti ora sadar dhewe mesen luwih akeh seka kapasitas mangan dhewe wong loro: Bakso tahu goreng, siomay goreng lan batagor kuah, ayam kremes, lan es cendol lan dhewe uga kudu mbungkus mulih tahu yun yin pesenan dhewe akhire.","Mumpung sedang berjalan-jalan ke bandunh sekalian menyempatkan mencoba batagor yang terenak di kota kembang ini sampai tidak sadar kami memesan lebih banyak dari kapasitas makan kami berdua: Bakso tahu goreng, siomay goreng dan batagor kuah, ayam kremes, dan es cendol dan kami masih harus membungkus pulang tahu yun yin pesanan kami akhirnya.","""Karena sedang jalan-jalan ke bandung sekalian sempat mencoba batagor sekelas teratas di kota kembang ini hingga tidak sadar diri kami memesan lebih dari kapasitas kami 2 orang: Bakso tahu goreng, siomay goreng dan batagor kuah, ayam kremes, dan es cendol. Dan kami juga harus membungkus kembali tahu yang pesanan kami akhirnya.""",0.9517126083374023
"Njajal pesen shabu-shabu, menu anyar ning gading resto. Kuwalitas rasane cukup enak, regane kejangkau uga. Rekomendasi lak nggawa tamu utawa mung mangan wengi karo kaluwarga.","Mencoba memesan shabu-shabu, menu baru di gading resto. Kualitas rasa cukup enak, harga terjangkau pula. Rekomendasi bilamana membawa tamu atau sekadar makan malam bersama keluarga.","""Mencoba pesan shabu-shabu, menu baru di gading resto. Kualitas rasanya cukup enak, harga terjangkau juga. Rekomendasi untuk tamu atau hanya makan malam bersama keluarga.""",0.973626971244812
Oke. Wis tak kirim lewat pesen langsung,Oke. Sudah saya kirim via pesan langsung,"""Oke. Sudah saya kirim lewat pesan langsung""",0.958608090877533
"Kasamrawutan sing kadadean akhir debat loro pilgub jabar ing 14 mei 2018 sing kepungkur, marakke silang pendapat saka para kontestan debat.","Kericuhan yang terjadi pengujung debat kedua pilgub jabar pada 14 mei 2018 yang lalu, menimbulkan silang pendapat dari para kontestan debat.","""Sebagai penutup, dua kontestan debat dua pilgub jabar di 14 mei 2018 yang lalu, mulai bertukar pendapat dari masing-masing kontestan debat.""",0.9195873141288757
Isuk iki lali nyepot helm mas gojek bar mudun saka motor gara-gara nguber bis,Pagi ini lupa lepas helm abang gojek setelah turun dari motor gara-gara mengejar bus,"""Pagi ini tergelincir helm pak gojek gara-gara buru bis""",0.8883344531059265
"Restoran iki tansah top. Suasanane nyaman banget kanggo ngobrol karo kanca, sedulur utawa pasangan. Panganane uga enak. Sanajan aku biasane ora mangan abot. Soale paling seneng marang mrene sore nyedhak mbengi","Restoran ini selalu top. Suasananya nyaman banget buat ngobrol dengan teman, saudara atau pasangan. Makanannya juga enak. Walaupun saya biasanya tidak makan berat. Soalnya paling suka ke sini sore menjelang malam","""Restoran ini selalu top. Suasana nyaman sekali untuk ngobrol dengan kawan, pasangan atau keluarga. Makanan juga enak. Biasanya saya jarang makan habis. Soalnya paling suka ke sini sore menjelang malam""",0.9661111831665039
"Menu sing dhewe pesen urang, sapi, sapo kabehane enak, sampurna dimasake, rasane pas, kuwalitase dhuwur. Panggonane amba, pelayanane oke tenan. Kabehane grapyak lan grapyak karo bocah-bocah","Menu yang kita pesan udang, sapi, sapo semuanya enak, sempurna dimasaknya, rasanya pas, berkualitas tinggi.  Tempat luas, pelayanan oke banget. Semuanya ramah dan ramah sama anak-anak","""Menu yang kami pesan udang, sapi, semuanya enak, keseluruhan disiapkan, rasa pas, kuwalitasnya luar biasa. Tempatnya nyaman, pelayanan oke banget. Semua memuaskan dan puas dengan bocah-bocah""",0.924011766910553
"Kesel ngantri, kesel golek panggon lungguh, kesel lungguh. Dinggo sing ora nduwe wektu suwe lan wis keluwen, mending ora mrene. Aku mrene pas liburan bodo panganan ning ruko-ruko kene uga rodok larang lan rasane standar.","Capek mengantre, capek mencari tempat duduk, cape duduk. Buat yang tidak punya waktu lama dan sudah kelaperan, mendingan tidak ke sini. Saya ke sini pas liburan lebaran makanan di ruko-ruko sekitar sini juga rada mahal dan rasanya standar.","""Kesal antre, kesal cari tempat duduk kosong, kesal menunggu. Untuk yang tidak punya waktu lama dan sudah bosan, lebih baik tidak mrene. Saya mrene pas liburan lebaran makanan di ruko-ruko ini juga hijau daun dan rasanya standar.""",0.9306288957595825
"Warung mangan nduwe suasana sing nyaman karo gaya kampung lawas. Luwih sekeco diparani wektu sore sampek dina wengi ning kahanan sing luwih romantis karo cahyaning remeng-remeng saka obor lan geni unggun. Panganan sing disajikne rena-rena, mulai panganan indonesia sampek panganan eropa serba ana. Cocok sanget kanggo ngentekne wektu karo kanca lak keluarga.",Resto ini memiliki suasana yang nyaman dengan gaya kampung tradisional. Lebih cocok dikunjungi saat sore hingga malam hari di suasana lebih romantis dengan cahaya temaram dari obor dan api unggun. Makanan yang disajikan bervariasi mulai makanan indonesia sampai european makanan serba ada. Sangat cocok untuk menhabiskan waktu bersama teman atau keluarga.,"""Warung makan memiliki suasana yang nyaman dengan gaya kampung lawas. Lebih murah meriah pada waktu sore hingga malam di tempat yang lebih romantis dengan cahaya remang-remang dari obor dan bara api unggun. Hidangan yang disajikannya beragam, mulai makanan indonesia hingga makanan eropa serba ada. Cocok banget untuk berkumpul waktu dengan teman maupun keluarga.""",0.930306613445282
"Menu masakan sing disajekne lumayan rena-rena karo rasa sing lumayan enak, kabehe pelayan lan wektu pelayanane ya cukup apik dadi awakdewe wareg mangan awan ning kana, mung nata panggene restoran sing mestere rena-rena munggah - mudun dadi kudu luwih ngati-ati dinggo wong tua lan bocah cilik, muga-muga isa luwih ditingkatne pelayanane lan rena-rena menune. Sukses terus kanggo boemi mitoha.","Menu masakan yang disajikan lumayan bervariasi dengan rasa yang lumayan enak, jumlah pelayan dan waktu pelayanannya pun cukup baik sehingga kami puas makan siang di sana, hanya tata letak restoran yang lantainya bervariasi naik - turun sehingga harus ekstra hati-hati untuk orang tua dan anak kecil, semoga bisa semakin ditingkatkan pelayanan dan variasi menunya. Sukses selalu untuk boemi mitoha.","""Menu masakan yang disajikan cukup banyak dengan rasa yang cukup enak, kecepat pelayanan dan kecepatannya cukup baik bagi para tamu makan pertama di sana, hanya menapa nama restoran dengan atmosfer yang bisa - sampai - lebih berani bagi orang tua dan anak kecil, semoga bisa ditingkatkan pelayanan dan cerianya menu. Sukses terus buat para pemiliknya.""",0.9179939031600952
"Tagihan mencolot loro kali lipat amarga promo entek tanpo kabar, ora bener iki.","Tagihan melonjak dua kali lipat gara-gara promo habis tanpa pemberitahuan, tidak benar ini.","""Tagihan melonjak dua kali lipat karena promo habis tanpa kabar, tidak fair ini.""",0.9554624557495117
Njaluk informasine babagan daftar rega klambi kang didhol.,Minta informasi tentang daftar harga baju yang sedang dijual,"""Meminta informasi mengenai daftar harga kain yang diminati.""",0.8960068225860596
Aku tansaya sengit karo jne amarga pangirimane mesthi telat,Saya semakin membenci jne karena pengirimannya selalu telat,"""Saya berterima kasih atas kecepatan pengiriman di jne walaupun pengirimannya selalu telat""",0.894961416721344
"Ora koyo warung mangan lan kafe biasane, konsep panggonane digawe unik. Akeh lampu-lampu, gambaran, semiantik. Panganan lan ombenane lumayan pas enak, sing garai kaget pas ndelok daftar menune. Ragene wuooow pas banget ning sak. Lan sing mesti rega mirah ora nggarai rasane maleh seje, pancet enak lan berkualitas.","Tidak seperti kebanyakan restoran dan kafe lain, konsep tempatnya dibuat unik. Banyak lampu-lampu, lukisan, semi antik. Makanan dan minuman lumayan cukup enak, yang buat kaget pas melihat daftar menunya. Harganya wuooow pas banget di kantong. Dan yang pasti harga murah tidak buat rasa jadi beda, tetap enak dan berkualitas.","""Tidak seperti warung makan dan kafe pada umumnya, konsep tempatnya dibuat unik. Banyak lampu, gambar, semiantik. Makanan dan minumannya cukup pas enak, yang membuat kaget saat melihat daftar menunya. Rasa nya woooow sekali dalam sak. Dan yang harus harga merah tidak membuat rasa sakit apalagi, pencet enak dan berkualitas."" ",0.9300258159637451
"Ana ing lantai 1 hotel yaiku lantai paling dhuwur, nyajikake pemandangan luar biasa ing arah bukit sing dithukuli wit-witan. Seger, resik, penak, luar biasa!","Terletak di lantai 1 hotel yang merupakan lantai tertinggi, menyajikan pemandangan luar biasa ke arah bukit yang ditumbuhi pepohonan. Segar, bersih, nyaman, luar biasa!","""Ada di lantai 1 hotel yang merupakan lantai paling bawah, menjajakan pemandangan luar biasa di arah bukit yang dikelilingi pepohonan-pohonan. Segar, bersih, cantik, luar biasa!""",0.9516907334327698
Sakdurunge aku lan pasangan mulih marang jakarta. Aku mampir ndhisik ing restoran iki. Pemandangane apik lan panganane uga murah meriah. Rekomendasi tenan,Sebelum saya dan pasangan pulang ke jakarta. Saya mampir dahulu ke restoran ini. Pemandangannya keren dan makanannya pun murah meriah. Rekomendasi sekali,"""Sekali jalan ke jakarta. Saya mampir ke restoran ini. Pemandangan bagus dan makanan juga murah meriah. Rekomendasi banget""",0.9461548924446106
Ngerasa bosen loh karo sakabehane. Bosen tenan ngelakokake rutinitas sing ngono-ngono wae.,Merasa jenuh loh sama semuanya. Bosen sekali melakukan rutinitas yang gitu-gitu saja.,"""Rasa bosan loh sama semua. Bosan banget sama rutinitas yang itu-itu saja.""",0.933211088180542
Eman kothake sing tekan lumayan penyok,Sayang kotaknya yang sampai agak penyok,"""Mesinnya sungguh memalukan mesinnya bekas penyok""",0.8873212933540344
Kapisan njajal uwis disuguhi karo lalaine pelayan sing marakake dhewe ngenteni suwi wae 4 lagu marcell. Banjur uwis suwi ya ora sida pesenlah. Ora peduli arep enak kaya ngapa yen pelayanane elek karepe sing jenenge rasa.,Pertama mencoba sudah disuguhi dengan kelalaian pelayan yang bikin kita menunggu lama aja 4 lagu marcell. Terus sudah lama ya tidak jadi pesanlah. Tidak peduli mau enak kayak apa kalau pelayanannya buruk terserahlah yang namanya rasa.,"""Setelah sudah dihubungi lewat lalaine pelayan yang mengganggu kita sampai 4 lagu mariell. Kemudian setelah sampai ya tak tinggal jadi 2 lagu. Tak peduli mau enak apa maksudnya kalau pelayaniannya buruk sekali yang namanya rasa.""",0.8987410664558411
"Sego rawone enak banget, regane murah. Cedak universitas parahyangan. Panggonane unik nganggo kayu-kayu.","Nasi rawonnya sangat enak, harga terjangkau. Dekat universitas parahyangan. Tempatnya unik dengan kayu-kayu.","""Nasi rawonnya enak banget, harganya murah. Dekat universitas parahyangan. Tempatnya unik dengan kayu-kayu.""",0.9716256260871887
"Pesen soto karo iga bakar, ditambah suwasana sing adem. Rasane enak lan dilayani kanthi grapyak karo mbak diah, tisna, echa. Uwis ping pindo teka mrene lan mesthi marem karo kualitas panganan lan pelayanan:","Order soto sama iga bakar, ditambah suasana yang dingin. Rasanya enak dan dilayani dengan ramah sama mbak diah, tisna, echa. Sudah dua kali datang ke sini dan selalu puas dengan kualitas makanan dan pelayanan:","""Pesanan soto dengan iga bakar, ditambah suwasan yang sejuk. Rasa enak dan dilayani dengan ramah oleh mbak diah, tisa, echa. Sudah beberapa kali datang dan selalu puas dengan kualitas makanan dan pelayanan:""",0.9565679430961609
"Youtube akeh banget manfaate. Isa nonton film, ngrungokake lagu, kala-kala kanggo sinau.","Youtube banyak sekali manfaatnya. Bisa nonton film, dengar lagu, kadang untuk belajar.","""Youtube memiliki banyak kegunaan. Bisa menonton film, mendengarkan lagu, terkadang untuk belajar.""",0.9583373665809631
"Udan ing dina isuk tenan marakna kesel, macet lan rega ojol dadi tenan ora isa dikendalikake marakna eneg","Hujan di pagi hari sungguh sangat kesal, macet dan harga ojol jadi super tak terkendali bikin eneg","""Hujan di pagi hari kemarin sungguh derasnya menjengkelkan, macet dan harga ojek jadi benar2 tidak bisa dikendalikan sangat menjengkelkan""",0.8942543268203735
"Panganane lumayan enak-enak ing hawa anyes lan akeh variasine mulai saka restoran burangrang, saung purbasari lan area foodcourte.","Makanannya lumayan enak-enak di udara dingin dan banyak variasinya dari mulai restoran burangrang, saung purbasari dan area foodcourtnya.","""Makanannya lumayan enak-enak di tengah malam dan banyak varietas mulai dari restoran wahana, saung purbasari dan area foodcourte.""",0.9436683058738708
Tulung golekake alamat uwong iki. Bakal aku jak duel kaya uwong lanang nganggo samurai. Deknen uwis ngece ibuku sing paling aku tresnani lan hormati.,Tolong carikan alamat orang ini. Akan saya ajak duel secara jantan pakai samurai. Dia telah menghina ibuku yang paling aku cinta dan hormati.,"""Tolong cari alamat orang itu. Nanti aku bertarung seperti orang dengan samurai. Dulu sudah membuat ibu yang paling aku cintai dan hormati.""",0.9075469374656677
"Panggon ngombe kopi cedek kampus UI, vietnamese kopi -ne enak, regane relatif sedeng, cocok dinggo ngontemplasi karo nggarap tesis","Tempat minum kopi dekat kampus UI, vietnamese kopi -nya enak, harganya relatif sedang, cocok untuk berkontemplasi sembari mengerjakan tesis","""Tempat minum kopi dekat kampus UI, vietnamese kopi -nya enak, harga relatif murah, cocok untuk menenggelam dan mengerjakan tesis""",0.9484444856643677
"Panganane enak, lan pemandangane apik tenan,. Mung sing menyang lawangwangine kurang dadi ora kabeh uwong bisa ngerti yen lawangwangi ana nang kono kajaba wong sek lewat.","Makanannya enak, dan viewnya amazing,. Hanya sing menuju lawangwanginya kurang jadi tidak semua orang bisa tahu ada lawangwangi di situ kecuali orang yang lewat.","""Makanannya enak, dan pemandangannya bagus sekali,. Hanya yang ke lawangwanginya kurang jadi tidak semua orang bisa mengerti kalau lawangwangi di sini kalau sedang orang lewat.""",0.9428028464317322
Aku mulai usaha lan ora tau wedi gagal.,Saya memulai usaha dan tidak pernah takut gagal.,"""Saya mulai usaha dan tidak tahu takut gagal.""",0.9395213723182678
Panggonan mangan kanthi nuansa doraemon. Rega panganane murah lan akeh pilihan. Panggonane ora patia amba nanging nyaman. Nang lantai 2 digawe kaya kamare nobita lkp kanthi meja sinau mesin waktu lan lawang nang ndi wae. Akeh golekan doraemon lan komik-komik sek isa diwaca sawetara ngenteni panganan. Kajaba iku sinambi ngrasakake panganane dhewe isa nonton film doraemon. Anakku seneng mangan. Lanjutan,Tempat makan dengan nuansa doraemon. Harga makanannya murah dan banyak pilihan. Tempatnya tidak terlalu luas tapi nyaman. Di lantai 2 di buat menyerupai kamar nobita lkp dengan meja belajar mesin waktu dan pintu ke mana saja. Banyak boneka doraemon dan komik-komik yang bisa dibaca saat menunggu makanan. Selain itu sambil menikmati hidangan kita bisa menonton film doraemon. Anak saya senang makan. Lanjutan,"""Tempat makan bertema doraemon. Harga makanan terjangkau dan beragam pilihan. Tempatnya nyaman tapi tidak luas. Di lantai 2 dibuat seperti kamarnya nobita dengan meja belajar mesin waktu dan pintu kemana saja. Banyak poster doraemon dan komik yang bisa dibaca sambil menunggu makanan. Sambil itu bisa menonton film doraemon. Anak saya senang makan. Lanjutan""",0.9519156217575073
"Aku nyang kafe dipakar bareng keluarga, pemandangane pancene keren banget. Panganane uga eco-eco. Dinggo nyantai nikmati sing disajikne lan pemandangane ning dipakar nyenengna banget. Awakdewe mrana dina minggu, lan rame banget sing dolan. Nanging ora ngenteni suwe, awakdewe langsung entuk meja. Dinggo panganan, bar awakdewe pesen ora kudu ngenteni suwe, panganan wis teka. Dinggo foto-foto uga apik banget.","Saya ke kafe dipakar bersama keluarga, pemandangannya memang keren banget. Makanannya juga enak-enak. Untuk bersantai menikmati sajian dan pemandangan di dipakar sangat menyenangkan. Kami ke sana hari minggu, dan sangat ramai pengunjung. Tapi tidak menunggu lama, kami langsung dapat meja. Untuk makanan, setelah kita order tidak perlu menunggu lama, makanan sudah datang. Untuk foto-foto juga sangat bagus.","""Saya yang ke kafe dipake bareng keluarga, pemandangannya memang keren sekali. Makanan juga enak-enak. Untuk beristirahat menikmati yang ditawarkan dan pemandangan sangat menyenangkan sekali. Kami kesana tadi malam minggu, dan ramai sekali orang yang main. Namun tidak menunggu lama, kami langsung dapat meja. Untuk makanan, karena kami pesan tidak perlu menunggu lama, makanan sudah datang. Untuk foto-foto juga sangat bagus sekali.""",0.9542866349220276
"Ora salah maneh iki kafe modern salah siji senengane wong depok kanggo mangan, nglumpuk tenanan panggone nyaman soale.","Tidak salah lagi ini kafe modern salah satu favorit warga depok buat makan, berkumpul seriusan tempatnya nyaman soalnya.","""Tidak salah sama sekali ini kafe modern salah satu kesukaan orang depok untuk makan malam, duduk tenang tempatnya nyaman soal.""",0.9272465109825134
Kesel wae karo kelakuan nyinyir terus kelompok sebelah.,Kesal saja dengan kelakuan nyinyir terus kelompok sebelah.,"""Kesal saja sama kelakuan sinis terus kelompok sebelah.""",0.9187160134315491
"Aku seneng mangan ning kene merga menu iwak pitike enak lan empuk, sambele pas ning ilat lan kahanane restorane uga nyaman. Liyane iku pelayanane uga apik lan regane mirah.","Saya suka makan di sini karena menu ayamnya enak dan empuk, sambal pas di lidah dan suasana restorannya juga nyaman. Selain itu pelayanan juga bagus dengan harga terjangkau.","""Saya suka makan di sini karena menu ikan tetapanya enak dan lembut, sambalnya pas di lidah serta suasana kahananya pun nyaman. Lainnya adalah pelayanan pun bagus dan harga terjangkau.""",0.9431272149085999
Aku ki wis kesel arep nesu-nesu. Ben aku dewe ae wis sing njupuk maneh pakete lan tak kirim lewat ekspedisi liya ae. Gela pol embuh ping pira.,Gue itu sudah capek mau marah-marah. Biar gue sendiri aja deh yang ambil lagi paketnya dan gue kirim via ekspedisi lain saja. Kecewa berat entah keberapa kalinya.,"""Saya deh kalau mau tidur-tidur. Sayang saya saja deh sudah bawa kembali paket dan kiriman lewat ekspedisi lagi deh. Capek deh kalau mau komplain.""",0.896373987197876
"Reunion house iki wis tenan direkomendasikake kanggo mangan awan nang bandung. Panggonane kepenak, asyik kanggo nyantai guyonan karo sapa bae. Menune uga oke tenan.","Reunion house ini direkomendasikan banget buat makan siang di bandung. Tempatnya nyaman, asyik buat santai mengobrol bareng siapa saja. Menunya juga oke banget.","""Reunion house ini benar-benar direkomendasikan untuk makan siang di bandung. Suasana tempatnya nyaman, asyik untuk bersantai bercanda dengan siapa saja. Menunya juga oke banget.""",0.9495387077331543
Dingge meruhi promo-promo sing lagi ana ning tokopedia awakmu isa marani halaman iki.,Untuk mengetahui promo-promo yang sedang berlangsung di tokopedia kamu dapat mengunjungi halaman berikut.,"""Di sini ada promo-promosi yang sedang berlangsung di tokopedia anda bisa melihat halaman ini.""",0.9282864928245544
"Jarene jam iki anti banyu, nanging dienggo renang tok uwis mati","Katanya jam ini water resist, tapi dipakai berenang doang sudah mati","""Hati-hati jam ini anti air, tapi dipakai berenang sudah mati""",0.9213989973068237
Suasane asri. Akeh sing dodolan panganan. Panggonan sing nggo nongkrong lan kafene cocok kanggo kunjungan. Dhewe ndhuwe wektu belanja ing supermarket. Regane uga ora larang. Suasanane ing njero malle penak. Acne anyeslah. Lan barang-barang merekane mantap tenan lan akeh potongan rega,Suasananya asri. Banyak jualan makanan. Tempat nongkrong dan cafenya cocok untuk berkunjung. Kami sempat belanja disupermarket. Harganya juga tidak mahal. Suasana di dalam mallnya nyaman. Acnya dinginlah. Dan barang-barang brandednya mantap sekali dan banyak diskon,"""Suasana asri. Berbagai pilihan makanan. Tempat yang cocok untuk kunjungan. Dekat dengan supermarket. Harga juga terjangkau. Suasana di malam hari sungguh menawan. Ac nya dinginlah. Dan barang-barang brand mereka sangat mantap indeed dan banyak diskon harga""",0.9220343828201294
Pemikirane sempit nanging ngrumangsa paling bener mangkel banget aku,Pemikiran sempit tapi sok benar kesal banget aku,"""Pikirannya sempit tapi nyerang paling keras aku jujur sungguh susah saya""",0.8739932775497437
Sek foto karo uwong kuwi udu adike bang doni. Jijik ah foto karo uwong kuwi.,Yang foto sama orang itu bukan adik bang doni. Jijik ah foto sama orang itu.,"""Lihat foto sama orang itu sama adiknya bang doni. Jijik ah foto sama orang itu.""",0.9548582434654236
"Sakwijining musibah lagi wae kena kampung adat ning bajawa, flores. Kebakaran gedhe sing kadadean ing senin 13 / 8 sore ameh ngobongake kabeh kampung. Total 27 saka 33 omah adat sing ana entek dipangan geni bareng kabeh crita lan sejarahe.","Sebuah musibah baru saja menimpa kampung adat di bajawa, flores. Kebakaran hebat yang terjadi pada senin 13 / 8 sore hampir menghanguskan seluruh kampung. Total 27 dari 33 rumah adat yang ada habis dilalap api bersama semua cerita dan sejarahnya.","""Saat ini pasca musibah saja yang diderita kampung adat di bajawa, flores. Kebakaran besar yang terjadi pada senin 13/8 sore menghanguskan semua kampung. Total 27 dari 33 rumah adat yang terbakar bersama seluruh cerita dan sejarah.""",0.9415199160575867
Marang rene wektu acara kantor. Ana musik langsung. Menu aneka werna. Cocok yen lunga rame-rame nanging selerane beda-beda. Ramene enak.,Ke sini waktu acara kantor. Ada live musik. Menu beragam. Cocok kalau pergi ramai-ramai tapi seleranya beda-beda. Ramennya enak.,"""Menuju ke sana waktu acara kantor. Ada musik langsung. Menu beragam. Cocok kalau pergi ramai-ramai tapi selera berbeda-beda. Ramai itu enak.""",0.9579970836639404
"Aku karo keluarga mangan mbengi nang panggonan iki amarga kajaba iku menu utamane batagor uga ana menu liyane. Aku mung mesen 2 menu sek akhire teka sakwise 45 menit, kuwi sakwise  kaping pirang-pirang aku takon. Seko rasane sawetara seko menu sek sakwise aku jajal lumayan enak. Sarane sakdhurunge pesen luwih apik takon ndhisik regane piro suwi orane nggawe menu kang dipesen.","Saya bersama keluarga makan malam di tempat ini karena selain menu utama batagor terdapat menu lain. Saya hanya memesan 2 menu yang akhirnya datang setelah 45 menit, itu pun setelah beberapa kali saya tanyakan. Dari segi rasa beberapa menu yang sebelumnya pernah saya coba lumayan enak. Saran sebelum memesan lebih baik tanyakan berapa lama pembuatan menu yang dipesan","""Saya dan keluarga makan malam di tempat ini karena setelah itu menu utamanya adalah batagor juga ada menu lainnya. Saya hanya memesan 2 menu setelah itu menunggu sekitar 45 menit, setelah hampir setengah jam saya sudah geram-geram saya mulai. Sejauh rasanya apabila menu tersebut saya coba lumayan enak. Saran untuk setelah pesan lebih baik tunggu kemudian. Harga seolah-olah mencocokkan menu yang dipesan.""",0.9140932559967041
Paket wis ditampa. Rodok gela merga pesen werna ireng dikirim werna kuning.,Paket sudah diterima. Sedikit kecewa karena order warna hitam dikirim warna kuning.,"""Paket sudah tiba. Langsung gela karena pesan warna hitam dikirim warna kuning.""",0.9273756146430969
"Aku saka bali, dilalah pas dolan menyang kutho bandung, pas ning sanding kantor gubernur jawa barat alias cedeke gedung sate, awakdewe disarane mangan ning bancakan merga cedek. Bar mlebu awakdewe dikeki piring saka komplong sing wis ora apik eneh, kayake karaten. Akhire awakdewe milih panganan sing awakdewe sir, lan atusan laler miber teka ngendi-ngendi merga wis kadung awakdewe ya pancet mangan. Nggilani pol.","Saya dari bali, kebetulan sedang liburan ke kota bandung, ketika sedang di dekat kantor gubernur jawa barat alias dekat gedung sate, kami di-suggest makan di bancakan karena dekat. Setelah masuk kami pun diberi piring dari kaleng yang sudah tidak bagus lagi, sepertinya berkarat. Akhirnya kami memilih makanan yang kami suka, dan ratusan lalat beterbangan ke mana mana karena sudah terlanjur kami pun tetap makan. Sangat jijik","""Saya dari bali, terlalu terpesona saat berkunjung ke pusat kota bandung, begitu tiba di kantor gubernur jawa barat alias gedung sate, kami disuruh makan di luar karena penuh. Baru masuk kami diberitahu piringnya kotor yang sudah tidak enak lagi, katanya tampak. Akhirnya kami memilih makanan yang kami suka dan minuman sama sama minum kopi karena sudah terlalu lapar kami lapar. Ternyata setelah makan baru kami diberitahu kalau sudah berlamanya kami tertidur. Menyeramkan.""",0.9108404517173767
Ndelok sinetron ae anyak waleh opomeneh nonton isu apus-apus sing diramalke.,Nonton sinetron saja mulai bosan apalagi menonton isu bohong yang diramalkan.,"""Melihat sinetron punyanya banyak sekali menonton isu aneh-aneh yang diramal.""",0.8818768858909607
Aku tuku werna-werna roti. Piliane akeh nanging rasane biasa wae. Rotine garing kaya uwis pirang-pirang dina. Ora seger. Pelayanane uga suwi. Nguciwakake.,Saya beli berbagai macam roti. Pilihannya banyak tapi rasanya biasa saja. Rotinya kering seperti sudah berhari-hari. Tidak segar. Pelayanannya juga lama. Mengecewakan.,"""Saya membeli beberapa warna roti. Pilihannya banyak tetapi rasanya biasa saja. Rotinya kering seperti sudah beberapa hari. Tidak segar. Pelayanannya juga biasa saja.""",0.954867959022522
Aja lali ngombe banyu mineral 8 -- 10 gelas saben dinane.,Jangan lupa minum air mineral 8 -- 10 gelas per harinya.,"""Jangan lupa minum air mineral 8 -- 10 gelas setiap harinya.""",0.9629502892494202
"Panggonane sing apik ing cedak ndhuwur bukit, bisa ndhelok pemandangan kutha saka ndhuwur.","Tempatnya yang indah di dekat atas bukit, bisa lihat pemandangan kota dari atas.","""Tempat yang pas di bawah bukit, bisa melihat pemandangan kota dari atas.""",0.953934371471405
"Numpak grab, mase crita sing wingi kena balangan watu ing dalan.Juanda pas badha jebule anake kancane","Naik grab, abangnya cerita yang kemarin kena lemparan batu di jalan.Juanda saat lebaran ternyata anak temannya","""Tadi pas jalan kesengera kena balongan batu di jalan.Juanda pas hujan jadi putus jalan""",0.8824443817138672
Sakkelompok mahasiswa sing bodo. Syukur aku udu mahasiswa daerah kono. Isin woy.,Sekelompok mahasiswa yang bodoh. Syukur deh gue bukan mahasiswa daerah situ. Malu woy.,"""Sebagian mahasiswa yang kelaparan. Syukur saya jadi mahasiswa daerah sini. Isin deh.""",0.9337197542190552
"Restone apik lan gede. Wektu marang rene pas mangan siang lan dina minggu rame tenan pengunjung. Panganane enak enak, gurame goreng lan sambele mantep.","Restonya bagus dan besar. Waktu ke sini saat makan siang dan hari minggu ramai sekali pengunjung. Makanannya enak enak, gurame goreng dan sambalnya mantap.","""Restorannya bagus dan luas. Ketika ke sana pas makan siang dan hari minggu ramai sekali pengunjung. Makanan enak enak, gurame goreng dan sambalnya mantep.""",0.971834123134613
"Aku klebu salah siji wong sing cukup setia karo kampung daun kat awal bukak tahun 2003 lak ora salah, kualitas panganan awite eco, ket tambah rame lan tambah mrene, panganan sing dirumantekne ora koyo biasane lan arang kading sing ngelayani kesane cuek banget, awakdewe pesen rena-rena macem panganan nanging sing teko kondisine wis anyep lan ora sekeca blas, mung panggone sing apik.","Saya termasuk salah satu orang yang cukup setia dengan kampung daun dari awal buka di tahun 2003 kalau tidak salah, kualitas makanan awalnya oke, tapi semenjak makin ramai dan makin ke sini, makanan yang disajikan tidak seperti biasanya dan terkadang pelayan terkesan cuek sekali, kita mesan beberapa jenis makanan tapi yang datang sudah dengan kondisi dingin dan tidak menarik, tempat menarik.","""Saya baru salah satu orang yang cukup setia kepada kampung daun sejak awal buka 2003 kalau tidak salah, kualitas makanan tempatan sangat, sangat enak dan semakin ramai dan semakin murah, makanan yang dicanangkan tidak seperti biasanya dan arang kading yang melayani sangat cuek banget, khas kami pesen beraneka ragam makanan namun yang ada kondisinya sudah lembek dan tidak segar sama sekali, hanya tempat yang bagus.""",0.9143484830856323
Blanja ing Giant diskon 20% kanggo kartu kredit bca.,Belanja di Giant diskon 20% dengan kartu kredit bca.,"""Belanja di Giant diskon 20% untuk kartu kredit bca.""",0.9452144503593445
"Mas, dalan ning muara bulian anyar, lagek sesasian dibenakne, uwis rusak maneh. Sing nggarap kaya ora tenanan","Kang, jalan di muara bulian baru, baru sebulanan dibenarkan, sudah rusak lagi. Yang mengerjakan seperti tidak serius","""Mas, jalan ke muara bulian baru, sepertinya nanti akan rusak lagi. Yang bertanggung jawab tidak sama sekali""",0.9190736413002014
"Pancen ora enak kejebak macet, nanging luwih ora enak meneh yen kejebak masa lalu","Memang enggak enak terjebak macet, tapi lebih tidak enak lagi kalau terjebak masa lalu","Memang tidak enak terjebak macet, tetapi lebih tidak enak lagi kalau terjebak masa lalu",0.9922358989715576
"Sumpah, nyesel tenan nggawe orderan via aplikasi iki. Bisa-bisane tiket ekektronike ora ditokake. Lan proses konfirmasine suwi. Sakdurunge uwis ngalami babagan sing meh pada ing aplikasi sebelah, nanging layanane cepet tenan langsung wenehi solusi. Ora kudu nganti telepon layanan pelanggan ping 4.","Sumpah, menyesal sekali bikin orderan via aplikasi ini. Bisa-bisanya e - ticket tidak issued. Dan proses konfirmnya lama. Sebelumnya pernah mengalami hal yang hampir sama di aplikasi sebelah, tetapi pelayanannya cepat sekali langsung kasih solusi. Tidak harus sampai telpon layanan pelanggan 4 kali.","""Sumpah, sungguh menyesal membuat orderan melalui aplikasi ini. Mungkin-mungkin tiket elektroniknya tidak dikenakan. Dan proses konfirmasi lama sekali. Merasa sama seperti di aplikasi yang lain, namun layanan sangat cepat langsung memberikan solusi. Tidak perlu menunggu telepon layanan pelanggan hingga 4.""",0.928453266620636
"Uwis aku kirim pesen langsunge, tulung ndang dicek","Sudah saya kirim pesan langsungnya, tolong segera dicek","""Saya pesan langsung, tolong dicecek""",0.9055776596069336
"Aku nglakoni 5 transaksi ning tanggal 22 juni, kabeh ditolak nyatane kesuda saka rekening sampek 7 yuta, saka 5 transaksi lagek 3 transaksi sing dibalekne.","Saya melakukan 5 transaksi pada tanggal 22 juni, smuanya decline nyatanya terdebit dari rekening hampir 7 juta, dari 5 transaksi baru 3 transaksi yang dikembalikan.","""Saya melakukan 5 transaksi pada tanggal 22 juni, semua ditolak secara berurutan dari rekening hingga 7 juta, dari 5 transaksi kembali 3 transaksi yang ditolak.""",0.9231186509132385
Mayoritas sing nganggo hak pilih ing pemilihan gubernur uwis nentukake pilian.,Mayoritas pengguna hak pilih di pemilihan gubernur telah menentukan pilihan.,"""Mayoritas yang menggunakan hak pilih dalam pemilihan gubernur telah menentukan pilihan.""",0.9444198608398438
Wis ngenteni jne tibake dee tekane sesuk. Aku pengen nesu,Sudah menunggu jne ternyata dia datangnya besok. Ingin aku marah,"""Sudah menunggu pos indosat sampai sekarang. Saya ingin menegur deh besok. Saya kesal""",0.8636506199836731
"Spotify rumit, kudu nganggo administrasi wulanan mbarang","Spotify ribet, pakai ada administrasi bulanan segala","""Spotify mahal, harus pakai administrasi bulanan""",0.9132512807846069
"Pengen mangan oreo wae ribet tenan, mesti diputer - dijilat - dicelupake","Mau makan oreo aja ribet banget sih, mesti diputer - dijilat - dicelupkan","""Ingin makan oreo saja deh ngeribetin, pasti diputer - dijilat - dicelupke""",0.9065423011779785
"Ngapuro, udu mung nomerku sing kaya ngono, aku takon kabeh sing nganggo ing daerah kono, ngomongake babagan sing pada, isih uga ora gelem ngaku uga yen tenan sinyale sing elek","Maaf, bukan nomer saya saja yang begitu, saya tanya semua yang pakai di daerah situ, mengatakan hal yang sama, masih tidak mau ngaku juga kalau memang sinyalnya yang jelek","""Meminta, tolong perbaiki nomornya saja, saya tanyakan semua yang menggunakan di daerah ini, beritahu tempat yang sama, masih juga tidak mau dengarkan kalau benar sinyal yang buruk""",0.9173494577407837
"Kisaran siare tulung diambakake, amarga akeh daerah sing hurung isa nikmati siaran net. Matur suwun.","Jangkauan siarnya tolong diperluas, karena banyak daerah yang belum bisa menikmati siaran net. Terima kasih.","""Permintaan silakan didapatkan, karena banyak daerah yang belum bisa menikmati siaran net. Terima kasih.""",0.9414685964584351
"Kok isa ditokne bangunan ing dhuwur kali, ing dalan saka rumah sakit menyang pasar Ciroyom, aneh.","Kok bisa dibiarkan bangunan di atas sungai, di jalan dari rumah sakit menuju pasar Ciroyom, aneh.","""Bagaimana bisa berdiri bangunan di bawah tanah, di jalan dari rumah sakit ke pasar ciroyom, aneh.""",0.9635507464408875
"Krungu lambe saka lambe soal restoran iki, saking penasaran, aku jajal marani. Nanging sayange, lak menurutku biasa ae, ora kaya sing diceritakne wong-wong. Rasane ya biasa-biasa ae, ora sumbut karo regane. Kaya masakan sing tas sinau.","Dengar dari mulut ke mulut tentang restoran ini, saking penasaran, saya coba untuk berkunjung. Tapi sayang, kalau menurut saya, tidak seperti apa yang banyak diceritakan orang. Rasanya biasa-biasanya saja, tidak sesuai saja dengan harganya. Seperti masakan yang baru belajar.","""Komentar banyak tentang restoran ini, sehingga penasaran, saya coba ke sana. Namun sayangnya, jika menurut saya biasa saja, tidak seperti yang diceritakan orang-orang. Rasanya ya biasa-biasa saja, tidak sesuai dengan harganya.""",0.9441530108451843
Iphone iki. Kamerane peteng wassalam elek banget ora isa diandalake banget yen males nggawa kamera.,Iphone ini. Kamera gelapnya wassalam jelek banget tidak bisa diandalkan banget kalau malas bawa kamera.,"""Iphone ini. Kameranya peteh wassalam sangat buruk tidak bisa diandalkan sangat jika malas membawa kamera.""",0.9441466331481934
"Yen ora nduwe dhuwit kanggo tuku komik nanging uga pengen jagongan, teka bae marang rene. Koleksi komike komplit. Panganan ombenae sabenere mung fasilitas tambahan, nanging cukup lumayan. Regane uga murah khas mahasiswa.","Kalau tidak punya uang buat beli komik tapi juga ingin nongkrong, datang saja ke sini. Koleksi komiknya lengkap. Makanan minumannya sebenrnya hanya fasilitas tambahan, tapi cukup lumayan. Harganya juga murah khas mahasiswa.","""Kalau tidak punya uang untuk beli komik tapi juga ingin minum kopi, lebih baik ke sini. Koleksi komiknya komplit. Makanan nasi seadanya dengan fasilitas tambahan, tapi cukup lumayan. Harganya juga murah khas mahasiswa.""",0.9481886625289917
"Aduh pak kok seolah-olah manas-manasi kubu sisih seh? Ojo to pak, iku mengko deweke kabeh tambah cemburu, iren, pegel, nyinyir, mutung kayak bocah cilik, nesu-nesu ora jelas jluntrunge lan tambah bosok ae utek lan atine.","Aduh pak kok seolah-olah memanas - manasi kubu sebelah sih? Jangan dong pak, itu nanti mereka tambah cemburu, iri, dengki, nyinyir, ngambek kayak anak kecil, marah-marah tidak jelas juntrungannya dan makin busuk saja otak dan hatinya.","""Aduh pak kok seolah-olah panas-panas berdebat kubu beda sih? Jangan pak, itu kalau agar mereka semua semakin cemburu, iri, sakit, cemosoh, murung kayak bocah kecil, tidak jelas kuncinya dan semakin buang-buang waktu dan semakin busuk juga utek dan hatinya.""",0.9177650213241577
"Rekomendasi bangetlah. Cappucinone ketagihan, rega miring, lan valet parkir mbayar sakikhlase. Teka pas arep maghrib mesti luwih seru suwasanane.","Rekomendasi bangetlah. Cappuccinonya ketagihan, harga miring, dan valet parkir bayar seikhlasnya. Datang pas menjelang maghrib pasti lebih seru suasananya.","""Rekomendasi banget deh. Cappucinone ketagihan, harga miring, dan valet parking bayar sesuai kenyamanan. Biasa deh kalau mau maghrib harus lebih seru suasananya.""",0.9239075779914856
Oke bos masiyo hape ujug-ujug ngehank dewe sedina,"Oke bos, walau handphone tiba-tiba ngehank sendiri selama sehari","""Oke bos tak apa-apa telepon tiba-tiba mendadak datang deh sewaktu""",0.8686748743057251
Panggonan mangan kanthi suasana alam iki paling pas kanggo acara karo pasangan utawa karo kaluwarga. Panganane enak lan regane uga cukup kajangkau,Tempat makan dengan suasana alam ini paling tepat untuk acara dengan pasangan atau dengan keluarga. Makanannya enak dan harga juga cukup terjangkau,"""Tempat makan dengan suasana alam ini sangat cocok untuk acara bersama pasangan atau bersama keluarga. Makanannya enak dan harga juga cukup terjangkau.""",0.9705836176872253
Yakin kuwi ikhlas? Tulus? Kuwi udu pencintraan tok ya?,Yakin itu ikhlas? Tulus? Bukannya itu hanya pencitraan saja ya?,"""Yakinkah itu ikhlas? Tulus? Itu cuma pencitraan saja ya?""",0.948883056640625
"Aku melu lomba blog cinta rupiah bank indonesia - net media lan uwis nyubmit artikel nang 22 desember 2017 kepungkur, nanging sampek saiki status artikelku isih unpublished. Nyuwun tulung dijelasne.","Saya mengikuuti lomba blog cinta rupiah bank indoneisa - net media dan sudah men - submit artikle pada 22 desember 2017 lalu, tapi sampai sekarang status artikel saya masih unpublished. Mohon penjelasannya.","""Saya ikut lomba blog cinta rupiah bank indonesia - net media dan sudah submit artikel pada tanggal 22 desember 2017 lalu, namun sampai sekarang status artikelnya masih unpublished. Mohon membantu dijelaskannya.""",0.9461371898651123
"Kafe iki nyediakne panganan tradisional bergaya kafe cah nom. Liyane panggon sing nyaman, rega kelebu mirah lan kejangkau","Kafe ini menyediakan makanan tradisional bergaya kafe anak muda. Selain tempat yang nyaman, harga terbilang murah dan terjangkau","""Kafe ini menyediakan makanan tradisional bergaya kafe modern. Tempatnya yang nyaman, harga yang terjangkau dan ramah sapa.""",0.9309604167938232
"Stasiun tv owol, ora konsisten, nguciwokake panyengkuyunge persib - persiba, ora ndhuwe welas asih marang manungsa! Owol, lan cupu!","Stasiun tv payah, tidak konsisten, mengecewakan pendukung persib - persiba, tidak berprikemanusiaan! Payah, dan cupu!","""Stasiun tv divo, tidak konsisten, memaparkan persib - persiba, tidak memiliki belas kasihan kepada manusia! Divo, dan cupu!""",0.9241830706596375
"Panggone nyaman lan kesane adem. Satene uga enak lan ana menu liyane maneh ning panggon iki, ora mung sate","Tempatnya nyaman dan berkesan adem. Satenya juga enak dan ada menu lainnya lagi di tempat ini, tidak hanya sate","""Tempatnya nyaman dan suasananya sejuk. Umbutnya juga enak dan ada menu lain lain lagi di tempat ini, bukan cuma sate""",0.9511402249336243
"Pemandangane apik kanggo foto-foto, hawane sejuk, panganane rasane enak. Rega uga kajangkau. Mantep.","Pemandangannya bagus untuk foto-foto, udaranya sejuk, makanannya rasanya enak. Harga juga terjangkau. Mantap.","""Pemandangan bagus buat foto-foto, udara sejuk, makanan rasanya enak. Harga juga terjangkau. Mantap.""",0.9737482070922852
Adikku seneng banget brownis primarasa,Adikku sangat suka brownis primarasa,"""Adik saya suka sekali brownies primadaria""",0.8670803904533386
Akeh klambi lan celono sing didol ning matahari mal,Banyak baju dan celana yang dijual di matahari mal,"""Banyaknya kerumunan dan celono yang berdesak-desakan di matahari mal""",0.8458327054977417
"Minimal internetku pedhot dumadakan, 1 omah nganggo simpati kabeh semono uga ora isa nyambung internet","Minimal internet saya putus tiba-tiba, 1 rumah pakai simpati semua begitu juga tidak bisa connect internet","""Minimal internetku udah tidak terjangkau, 1 rumah gunakanya simpati semua sama juga tidak bisa nyambung internet""",0.9124845862388611
Kaskus pancen kerep menehi informasi sing menarik lan paling anyar,Kaskus memang sering memberikan informasi yang menarik dan terbaru,"""Kaskus memang selalu menyediakan informasi yang menarik dan paling baru""",0.9420961141586304
"Aku paling ora seneng kuwi, yen nyepaki pemilu, suasane tansah panas.","Saya paling tidak suka itu, kalau mendekati pemilu, suasananya selalu memanas.","""Saya paling tidak suka itu, kalau berurusan dengan pemilu, suasananya selalu panas.""",0.955807626247406
"Lumayan nyesel karo kaputusan mlebu jurusan film, pengen mlebu seni rupa sakasline. Nanging ragu karo bakar sing didhuweni.","Agak menyesal dengan keputusan masuk jurusan film, ingin masuk seni rupa sebenarnya. Tapi ragu dengan bakat yang dimiliki.","""Sedikit menyesal dengan keputusan masuk ke jurusan film, ingin masuk seni rupa yang murni. Tapi ragu dengan bakar yang didhuhului.""",0.9320647120475769
"Rasa bumbu sega gorenge ora seenak mbiyen maneh, cemplang lan luwih asin. Kudu ana sing ngontrol kualitas rasa ben kualitas tetep siyaga.","Rasa bumbu nasi gorengnya tidak seenak dulu lagi, terkesan hambar dan lebih asin. Perlu ada pengontrol kualitas rasa agar kualitas tetap terjaga.","""Rasa bumbu nasi goreng tidak sebagus pernah lagi, teralu dan lebih asin. Harus ada yang mengontrol kualitas rasa agar kualitas tetap terjaga.""",0.9471679329872131
"Sesuai rekomendasi, aku njajal mie goreng spesial lan rasane menurutku biasa banget ae lan kurang cocok ning ilat","Sesuai rekomendasi, saya mencoba mie goreng special dan rasanya menurut saya sangat biasa saja dan kurang cocok di lidah","""Sesuai rekomendasi saya coba mie goreng spesial dan rasanya menurut saya biasa saja dan kurang cocok di perut saya""",0.9541261792182922
"Baksone enak kanggo dipangan, panggonane resik penyajiane panganan bakso sek caraku beda. Enak banget deh","Baksonya enak buat di makan, tempat bersih penyajian makanan bakso yang menurut saya beda. Enak banget deh","""Baksonya enak buat dimakan, tempatnya bersih penyajian bakso yang beda. Enak banget deh""",0.9622572660446167
Pelakune aja diserahake karo pak polisi. Kubur urip-urip bae.,Pelakunya jangan diserahkan sama pak polisi. Kubur hidup-hidup saja.,"""Pelakunya sudah diserahkan ke polisi. Kubur hidup-hidup saja.""",0.9461377263069153
"Nggelakne banget, aku pesen tiket lan uwis tak bayar, padahal wektu iku urung kadaluwarsa pas aku transfer, nanging nganti saiki urung dikeki kode bookinge, malah dikeki notifikasi uwis kadaluwarsa, banjur duwite mlayune neng ngendi, pas aku hubungi liwat email gur ditanggepi pisan wae.","Sangat mengecewakan, saya pesan tiket dan sudah saya bayar, padahal waktu itu belum kadaluarsa pas saya transfer, tapi sampai sekarang belum dikasih kode bookingnya, malah dikasih notifikasi sudah kadaluarsa, lalu uangnya larinya ke mana, pas saya hubungi lewat email hanya ditanggapi sekali saja.","""Terlalau mengecewakan, saya pesan tiket dan sudah saya bayar, padahal saat itu belum kadaluarsa saat saya transfer, n namun hingga sekarang belum dikembalikan kode bookingnya, malah mengantarkan notifikasi sudah kadaluwarsa, kemudian uang terkehilang di mana, saat saya hubungi melalui email tidak di tanggapi sama sekali.""",0.9361007213592529
"Lho nemene jne! Aku nelpon ora diangkat, tweet ora dibales, email ora dibales, pesen ora dibales!","Loh parahnya jne! Saya nelepon tidak diangkat, tweet tidak dibalas, email tidak dibalas, pesan tidak dibalas!","""Hadeh jne! Aku telepon tidak diangkat, tweet tidak dibalas, email tidak dibalas, pesan tidak dibalas!""",0.958288848400116
"Gela rasane karo pelayanan sing diwenehi hotel bintang papat iki. Pas aku nginep ning hotel iku, aku entuk perlakuan kurang ngenakne saka pelayan sing ana. Ditambah maneh karo jeding e sing ora ana tisune. Padahal regane lumayan larang. Nanging ora sesuai karo pelayanan sing diwenehne.","Kecewa rasanya dengan pelayanan yang diberikan hotel bintang empat ini. Saat saya menginap di hotel itu, saya mendapat perlakuan kurang mengenakkan dari pelayan yang ada. Ditambah lagi dengan kamar mandi yang tidak ada tisunya. Padahal harganya lumayan mahal. Tapi tidak sesuai dengan pelayanan yang diberikan.","""Terkejut rasanya dengan pelayanan yang diberikan hotel bintang tiga ini. Saat saya menginap di hotel tersebut, saya dapat perlakuan kurang menyenangkan dari pelayan yang ada. Di tambah lagi dengan jeding yang tidak ada tisu. Padahal harganya cukup mahal. Namun tidak sesuai dengan pelayanan yang diberikan.""",0.9661836624145508
"Saka mambengi kok ora iso dienggo, layanan indosat kok kaya ngene. Ndaftar extra 2 gb 10 ewu ora isa-isa, eman-eman pulsaku malah entek ora isa dienggo apa-apa.","Dari semalam kok tidak bisa dipakai, layanan indosat kok kayak gini. Daftar extra 2 gb 10 ribu tidak bisa-bisa, sia-sia pulsa saya malah habis tidak dipakai apa-apa.","""Dari tadi bangun kok tidak bisa digunakan, layanan indosat kok kayak gitu. Dafta extra 2 gb 10 ribu tidak bisa-bisa, banyak banyak pulsa saya malah kekurangan tidak bisa-bisa.""",0.9411630034446716
"Panggonane lumayan asik, parkiran kasusun rapi. Gabungan sing aneh nanging enak, steak dikancani mi tak tak pedes banget. Hm.","Tempatnya lumayan asik, parkiran di susun rapi. Perpaduan yang aneh tapi enak, steak ditemani mi tak tak super pedas. Hm.","""Tempatnya cukup asik, parkirannya terlihat rapi. Gabungan yang aneh tapi enak, steak disajikan dengan mie, pedas banget. Hm.""",0.9384584426879883
"Koyoke isuk iki macet banget yo, wis tur ning bis luwih saka sejam, nanging ora sampek-sapek yok an.","Kayaknya pagi ini macet banget ya, sudah tur di bus lebih dari sejam, tetapi tidak sampai-sampai juga.","""Memang deh kemarin macet banget ya, sudah lewat bis hampir satu jam, tapi masih pantas lah dikasih poin. """,0.8914906978607178
"Aku pegel kat februari ditelpon mben dina ditelpon saka mnc tv. Aku ora tau langganan, aku ping bolak-balik nglarifikasi.","Saya kesal sejak februari ditelpon tiap hari di telpon dari mnc tv. Saya tidak pernah langganan, saya puluhan kali klarifikasi.","""Saya sakit hati februari dihubungi selama hari dihubungi dari mnc tv. Saya tidak tahu langganan, saya mulai bolak-balik menelpon untuk menanyakan.""",0.9058863520622253
Kemeruh banget to kowe mat. Ora usah sok-sokan ngekeki ceramah barang. Ceramahmu iku sesat.,Sok tahu banget sih lu mat. Tidak usah sok-sokan beri ceramah segala. Ceramah kamu sesat.,"""Memalukan sekali kamu itu. Jangan beranisan mengaje ceramah sembarangan. Ceramahmu itu sesat.""",0.8880736827850342
Bakso nganggo ceker utawa sikil pithik yaiku sensasi sing enak tenan. Enak banget pokoke kajaba bakso isih akeh menu liyane. Pokoke dianjurake tenan,Bakso dengan ceker atau kaki ayam merupakan sensasi yang menakjubkan. Enak banget deh pokoknya selain bakso masih banyak menu yang lain. Pokoknya direkomendasikan banget deh,"""Bakso dengan ceker atau kaki ayam adalah sensasi yang enak sekali. Enak sekali deh kalau bakso masih banyak menu lainnya. Sangat dianjurkan deh""",0.9444711804389954
"Xiaomi, samsung, gumantung si kowe pengin tipe apa lan jumbuh biaya sing kowe duwe, takok-takok wae menyang panggonan sing dodol hpne","Xiaomi, samsung, tergantung sih kamu mau tipe apa dan sesuai biaya yang kamu punya, tanya-tanya aja ke tempat yang jual hpnya","""Xiaomi, samsung, tergantung si kamu mau tipe apa dan berapa biaya yang kamu punya, ngeri-ngeri saja ke toko yang dodol hpne""",0.9172082543373108
"Panggon parkir kesempiten, sampek mobil kudu dititipne nyang lahan parkir sing ana ning sebrang hotel.","Tempat parkir terlalu sempit, sampai mobil harus dititipkan ke lahan parkir yang ada di sebrang hotel.","""Tempat parkirnya sempit, sampai mobil harus dititipkan ke lahan parkir yang ada di seberang hotel.""",0.9654431939125061
"Merga skate park iki diubengi panggon klumpukan sing asyik, aku rasane ora bakal isa krasa waleh.","Karena skate park ini dikelilingi tempat berkumpul yang asik, saya merasa tidak akan pernah merasa bosan.","""Masuk skate park ini diimbangi tempat berkumpul yang asik, saya rasa tidak akan bisa merasa bosan.""",0.9542945027351379
Aku uwis lapor marang email mandiricare.co.id,Saya sudah lapor ke email mandiricare.co.id,"""Saya sudah mengirim ke email mandiricare.co.id""",0.9489266276359558
Aku uwis ndhuwe kode akses lan pin.,Saya sudah punya kode akses dan pin.,"""Saya sudah punya kode akses dan pin.""",0.9617031216621399
"Asli tenan indihome nemen tenan saiki, apa gunane mbayar larang larang edan emosi tenan","Asli dah indihome parah banget dah sekarang, apa gunanya bayar mahal mahal gila emosi nih benar-benar","""Benar2 indihome mengecewakan sekali sekarang, apa gunanya bayar mahal mahal hanya emosi saja""",0.8928488492965698
"Dhewe sakaluwarga nyempetake kanggo njajal panganan ing panggonan mangane iki kaya susuh sing kabeh kaca-kacane ditutupi karo ranting-ranting sing ngerambat. Eksotik, unik, apik tenan lan panganane uga enak.","Kami sekeluarga menyempatkan diri mencoba makan di tempat makannya ini seperti sarang yang semua kaca-kacanya ditutupi oleh ranting-ranting yang merambat. Eksotik, unik, keren banget dan makanannya pun enak.","""Kami bertiga berkemah untuk menjejak makanan di tempatnya yang seperti susuh yang semua kacanya ditutupi dengan ranting-ranting yang merambat. Eksotis, unik, bagus sekali dan makanannya pun enak.""",0.9386429190635681
Aku cemburu nanging ora isa apa-apa,Saya cemburu tapi tidak bisa apa-apa,"""Aku cemburu tapi tidak bisa apa-apa""",0.9552510380744934
"Rega ora patia larang, rasane uga enak, akeh pilian panganan khas Banjar liyane.","Harga tidak terlalu mahal, rasanya juga enak, banyak pilihan makanan khas Banjar lainnya. ","""Harga tidak mahal, rasanya juga enak, banyak pilihan makanan khas Banjar lainnya.""",0.9687104225158691
Segel rapi sanajan kotak setithik peyot,Segel rapi walau kotak sedikit penyok,"""Segel rapi termasuk tas dan handuk hitam""",0.8667334914207458
Sopir gocar teka saka luwar kutha nyang jakarta dinggo golek penumpang ben entuk poin.,Supir gocar datang dari luar kota ke jakarta untuk mencari penumpang demi dapatkan poin.,"""Sopir gocar meneka dari luar kota jakarta demi mencari penumpang supaya dapat poin.""",0.9436577558517456
Ning kene isa metik stroberi dewe lan langsung dibayar lak pas gedhi-gedhi buahe lumayan uga legi stroberine lan ada kulinere pisan isa mangan sing liyane ning kene,Di sini bisa petik stroberi sendiri dan langsung dibayar kalau lagi besar besar buahnya lumayan juga manis stroberinya dan ada kuliner juga bisa makan yang lain di sini,"""Di sini bisa memetik stroberi sendiri dan langsung dibayar ketika keluar buah nya lumayan juga kasih makan nya dan ada kulinernya bisa makan yang lain di sini""",0.9545567631721497
"Lagek wae mau teka barange, apik kok","Baru saja tadi sampai barangnya, bagus kok","""Sama-sama mau pergi besok, bagus kok""",0.8506209850311279
Bosen banget ndhelok sampah ing dalan kutha palangkaraya,Bosan banget melihat sampah di ruas jalan kota palangkaraya,"""Saya muak melihat sampah di jalan kota palangkaraya""",0.9336413741111755
Lokasi restoran ing Kemang. Larang lan ora enak. Aja mara mrana deh.,Lokasi restoran di Kemang. Mahal dan tidak enak. Jangan ke situ deh.,"""Lokasi restoran di kemang. Larang dan tidak enak. Jangan pernah ke sana deh.""",0.9543067812919617
Rasa nikmat dipadu karo sambele. Daginge empuk. Rega jumbuh karo sing disajikne. Lokasi gampang ditemokne. Sip pokoke.,Rasa nikmat dipadu dengan sambelnya. Daging empuk. Harga sesuai dengan yang disajikan. Lokasi mudah ditemukan. Sip pokoknya.,"""Rasanya nikmat dipadukan dengan sambal. Dagingnya empuk. Harga lumayan dengan yang disajikan. Lokasi mudah ditemukan. Sip deh.""",0.9463304281234741
Bubur Ahong iki enak dipangan pas mangan wengi. Akeh menu liane sing isa dinikmati liyane bubur. Omah mangan iki rame diparani lan lumayan amba. Bubure uga enak.,Bubur Ahong ini enak dimakan saat makan malam. Banyak menu lainnya yang dapat dinikmati selain bubur. Rumah makan ini ramai dikunjungi dan cukup luas. Buburnya juga enak.,"""Nasi kuning Ahong ini enak dikala malam. Banyak menu lain yang bisa dinikmati selain bubur. Rumah makan ini ramai dikunjungi dan lumayan mahal. Nasi kuning pun enak.""",0.9548521041870117
"Aku marang kene karo pacar, panggonane lumayan amba lan ana area indoor karo ing njabane. Aku njagong ing panggonan indoor sing ana pemandangan marang arah njaba, dadi ana jendela kace. kanggo panganane aku cukup puas. Saka sisi rega tenan padha karo apa sing ditawakake","Saya ke sini sama pacar, tempatnya cukup luas dan ada area indoor sama di luarnya. Saya duduk di tempat indoor yang ada pemandangan ke arah luar, jadi ada jendela kaca. untuk makanan saya cukup puas. Dari sisi harga memang sebanding dengan apa yang ditawarkan","""Saya ke sini bersama pasangan, tempatnya lumayan luas dan ada area indoor di dalam. Saya duduk di area indoor yang ada pemandangan ke arah luar, jadi ada jendela kaca. untuk makanan saya cukup puas. Dari sisi harga sesuai dengan apa yang ditawarkan""",0.9776654839515686
Milih gubernur utawa ora yaiku pilian saban uwong.,Memilih gubernur atau tidak adalah pilihan setiap orang.,"""Pilih gubernur maupun tidak ya itu pilihan setiap orang.""",0.9266706705093384
Rasa uwis malih ora kaya mbiyen. Kesane anyep. Kudu ditingkatake cita rasane. Kanggo menu ombean minim banget mung ana soft drink,Rasa sudah berubah tidak seperti dulu. Terkesan hambar. Harus di tingkatkan cita rasanya. Untuk menu minuman sangat minim hanya ada soft drink,"""Rasa jauh berbeda dari sebelumnya. Tropisnya mengecewakan. Harus ditingkatkan cita rasanya. Untuk menu minuman sangat minim hanya ada soft drink""",0.9265515804290771
Sanadyan saiki regane uwes mlonjak munggah nanging percayao yen pesen sega padang bungkus ing singgalang jaya porsine badai tenaaan. Nganti saiki panggonan iki isih dadi salah siji panggonan nikmati masakan padang favoritku.,Meskipun sekarang harganya sudah melonjak naik tapi percayalah kalau pesan nasi padang bungkus di singgalang jaya porsinya badai abiiis. Sampai sekarang tempat ini masih menjadi salah satu tempat menikmati masakan padang favorit saya.,"""Waktu itu kemarin harganya sudah naik tingginya luar biasa. Rasanya kalau pesan sega padang bungkus ke singgalang jaya sih lebih terasa. Sampai sekarang tempat ini masih menjadi salah satu tempat yang menikmati masakan padang favoritku.""",0.9211733937263489
"Bebeke enak, alus, sambele enak. Panggone resik lan lumayan oke.","Bebeknya enak, lembut, sambelnya enak. Tempat bersih dan lumayan oke.","""Ikan enak, segar, sambel enak. Tempatnya bersih dan cukup ok.""",0.949609100818634
"Manggon ana ing festival city link mal, resto iki nyajikake panganan cina panganan a la carte lan dimsum. Rasa panganane oke, panggonan uga cukup amba lan akeh keluwarga mangan ana ing kene. Favorite dhewe urang mayonaise.","Terletak di festival city link mal, resto ini menyajikan makanan cina makanan a la carte dan dimsum. Rasa makanan cukup oke, tempat cukup luas juga dan banyak keluarga bersantap di sini. Favorit kami udang mayonaise.","""Mangga datang ke festival city link mal, resto ini menyajikan makanan china la carte dan dimsum. Rasa makanan ok, tempat juga cukup luas dan ramah keluarga makan di sini. Favorit kami adalah mayonaise.""",0.9453873038291931
Panganan ing rumah sakit tansah ora enak,Makanan di rumah sakit selalu tidak enak,"""Makanan di rumah sakit masih belum enak""",0.9159249067306519
"Lak mrene wajib banget tuku terong gorenge, panggone uga enak ana sing lesehan, ngindari jam mangan awan lak sir mrene merga kebeg banget","Kalau ke sini wajib banget beli terong gorengnya, tempatnya juga enak ada yang lesehan, hindari jam makan siang kalau mau ke sini karena penuh banget","""Kalau ke sini wajib banget beli terong gorengnya, tempatnya juga bagus ada yang duduknya, menghindari jam makan siang karena sih jarang ke sini karena kebetulan""",0.9529752731323242
"Panggone cukup nyaman, ana ning dalan sudirman sing cedek karo pilihan panggen belonjo, lan restone cukup cedek karo panggen iku. Panganane enak, pilihane akeh dadi ora tek malehi. Panggone uga nyaman","Letaknya cukup nyaman, ada di jalan sudirman yang dekat dengan pilihan tempat belanja, dari resto pun cukup dekat ke tempat tersebut. Makanannya enak, pilihannya banyak jadi tidak terlalu membosankan. Tempatnya juga nyaman","""Lokasinya cukup strategic, dekat di jalan sudirman yang dekat dengan pilihan tempat minumnya, dan restonya cukup dekat dengan tempat minumnya. Makanannya enak, pilihan banyak jadi tidak bermasalah. Lokasinya juga nyaman""",0.9455881714820862
Resto iki duwe menu sing aneka werna nanging kakean menu China lan halal. Mi ayam jamur lan sega hainane sedep lan direkomendasikake. Bebeke uga enak. Resto iki saiki duwe cabang ing Istana Plaza.,Resto ini punya menu yang beragam tetapi kebanyakan menu China dan halal. Mi ayam jamur dan nasi hainannya sedap dan direkomendasikan. Bebeknya juga enak. Resto ini sekarang punya cabang di Istana Plaza.,"""Resto ini memiliki menu yang beragam namun lebih banyak menu Cina dan halal. Mi ayam jamur dan nasi Hainan yang sangat direkomendasikan. Babi juga enak. Resto ini sekarang memiliki cabang di Istana Plaza.""",0.9641492366790771
Mampir marang bandung. Nggolek ramen. Sing jarene saiki kekinian. Regane setimpal padha karo rasane. Yen marang bandung maneh mesti mampir maneh.,Mampir ke bandung. Mencari ramen. Yang katanya lagi kekinian. Harganya setimpal sesuai dengan rasanya. Kalau ke bandung lagi pasti mampir lagi.,"""Mampir ke bandung. Mencari ramen. Yang tarinya sekarang keren. Harganya setimpal walau dengan rasanya. Kalau ke bandung lagi pasti mampir lagi.""",0.9560564160346985
"Yen ana sing salah karo tindak tanduke aku entuk kok ngomong langsung karo aku, aja ngomong ing mburi. Ora asik kaya ngono. Pengecut!","Kalau ada yang salah dengan tingkah laku aku boleh kok bicara langsung ke aku, jangan bicara di belakang. Tidak asik kayak begitu. Pengecut!","""Kalau ada yang salah dengan tindak laku saya, datang saja berbicara langsung sama saya, jangan bilang di belakang. Tidak baik kayak gitu. Pengecut!""",0.9448000192642212
Tolong konfirmasi kanggo pangiriman ing alamat panampa sing dileksanakake dina iki utawa dina ngesok mas suwun,Mohon konfirmasi untuk pengiriman ke alamat penerima akan dilakukan hari ini atau esok hari kak terima kasih,"""Tolong konfirmasi untuk pengiriman ke alamat yang sama yang diminta kemarin atau hari besok terima kasih""",0.9001795053482056
Panggen parkire kurang amba. Lan nganyelne banget lak pas awakdewe mangan terus dikongkon ngge mindahne mobil merga ana wong liya sing bar mangan lan arepe metu kendaraane. Iku ngganggu banget.,Tempat parkirnya kurang luas. Dan menyebalkan banget kalau pada saat kita makan kemudian disuruh untuk memindahkan mobil karena ada orang lain yang selesai makan dan akan keluar kendaraannya. Itu sangat mengganggu.,"""Tampang parkirnya agak sempit. Terlebih kalo pas kita makan terus parkirnya mobil gara-gara ada orang lain yang makan dan mau keluar kendaraannya. Itu sangat mengganggu.""",0.926064670085907
"Ya ngono sih, kesadharan tanggung jawab mahasiswa saiki kuwi kurang tenan. Akeh-akehe ora tanggung jawab kanthi apa sing uwis dadi tugase.","Ya gitu sih, kesadaran akan tanggung jawab mahasiswa sekarang itu kurang sekali. Kebanyakan tidak bertanggung jawab dengan apa yang sudah jadi tugasnya.","""Ya memang sih, kesadaran tanggung jawab mahasiswa sekarang itu kurang sekali. Banyak-banyak tidak tanggung jawab dengan apa yang sudah jadi tugasnya.""",0.9651885628700256
"Sega uduk iki ana ing dalan rajiman lan bukake saka sore nganti mbengi. Menune si cukup sederhana, mung sega uduk lan aneka warna pelengkape. Biasane aku mangan sega udu karo pithik goreng lan sambel, sambele ora patia pedes.","Nasi uduk ini ada di jalan rajiman dan bukanya dari sore sampai malam. Menunya sih cukup sederhana, hanya nasi uduk dan berbagai pelengkapnya. Biasanya saya makan nasi uduk sama ayam goreng dan sambal, sambalnya tidak terlalu pedas.","""Begitu pagi ini kami kita menemui di jalan kura-kura dan rumah dari sore hingga malam. Menunya si cukup sederhana, hanya nasi kuning dan aneka pelengkap. Biasanya saya makan nasi kuning dengan ayam goreng dan sambal, sambalnya tidak terlalu pedas.""",0.9360612034797668
Ngomong-ngomong indomie pisanan ning 2018 ku mambengi tibake enak,Anw indomie pertama di 2018 ku semalam ternyata nikmat,"""Mengingat indomie pesanan pada 2018 kemarin 2 hari lalu enak""",0.860026478767395
"Saksitike kertu internetku ora kenek digawe padahal kuota lokal e isik, aku manggon ning panggonan sing aktivasi lan kertune uga wis didaftarne.","Minimal kartu internet saya tidak dapat digunakan padahal kuota lokal masih, saya berada di lokasi aktivasi dan kartu juga sudah registrasi","""Malu-malu saya mengeluh internetku tidak maksimal padahal kuota lokal. Saya pergi ke tempat aktivasi dan kertanya juga sudah didaftarkan.""",0.9020786881446838
Hypermart saiki ngenehi diskon 20% kanggo produk seger saben dina senen - kemis kanthi mandiri kartu hypermart,Hypermart sedang memberikan diskon 20% untuk produk segar setiap hari senin - kamis dengan mandiri kartu hypermart,"""Hypermart sekarang menghadirkan diskon 20% untuk produk segar setiap hari senin - kamis dengan mandiri kartu hypermart""",0.9663425087928772
Pengen nesu wae aku karo indosat,Mau marah saja aku sama indosat,"""Saya mau beralih ke indosat""",0.8603922128677368
Karo ngenteni wektu ganti tahun dhewe njajal marang rene. Dhewe wong loro pesen pirang-pirang sushi. Ombeane milktea karo es krim vanilla nganggo batok krambil. Kanggo sushine lumayan nanging kakehan segane kayane. Nanging rasane enak. Regane kajangkau.,Sambil menunggu waktu pergantian tahun kita coba ke sini. Kita berdua pesan beberapa sushi. Minumannya milktea sama eskrim vanilla dengan batok kelapa. Untuk sushinya lumayan tapi kebanyakan nasinya sepertinya. Tetapi rasanya enak. Harganya terjangkau.,"""Datang sebelum pergantian tahun untuk cicipi beberapa hal baru. Kami dua orang pesen beberapa sushi. Minumannya milktea dengan es krim vanilla dengan batok krambil. Untuk sushinya cukup lazim namun farahnya mahal kayaknya. Tapi rasanya enak. Harganya terjangkau.""",0.9298790693283081
"Endi laporanku ora diproses-proses. Magu duitku ora bakal dibalikne, padahal pulsa lan kuotaku ilang.","Mana laporan aku tidak diproses-proses. Ragu duit aku akan dikembalikan, padahal pulsa dan kuota aku hilang.","""Laporanku belum diproses-proses. Mau duitku tidak akan dikembalikan, padahal pulsa dan kuota saya hilang.""",0.953596293926239
"Dhewe kuciwa tenan karo pelayanan karyawan lion ing gate a6 bandar udara cengkareng. Aku diapusi, barang rusak lan reged satibane ing tujuan.","Kami sangat kecewa dengan pelayanan karyawan lion di gate a6 bandar udara cengkareng. Saya dibohongi, barang rusak dan kotor tiba tujuan.","Kami sangat kecewa dengan pelayanan karyawan lion di gate a6 bandara cengkareng. Saya diapusi, barang rusak dan tertahan selama 2 jam.",0.9574910402297974
Sing paling nguciwakake yaiku nalika pimpinan ora isa mbedakake lan ora gelem ngerti endi negarawan lan endi politisi kotor,Yang paling mengecewakan adalah ketika pemimpin tak bisa bedakan dan tak mau tahu mana negarawan dan mana politisi kotor,"""Yang paling menyedihkan adalah ketika pimpinan tidak bisa membedakan dan tidak mau mengerti antara negarawan dan politisi kotor""",0.9352249503135681
"Bubur iwak pitik sing lumayan rekomendasi ning sekitaran bandung, panggone strategis gampang digoleki, regane ora ngrogoh sak, panggone mesti rame diparani pengunjung mben dina nyambut gawe lan akhir minggu merga rasane sing enak.","Bubur ayam yang lumayan rekomendasi di sekitaran bandung, tempatnya strategis mudah dicari, harganya tidak merogoh kantong, tempatnya selalu ramai didatangi pengunjung setiap hari kerja maupun akhir pekan karena rasanya yang enak.","""Bubur ayam itik yang cukup rekomendasi di sekitar bandung, lokasi strategis mudah ditemukan, harganya tidak menggadaikan, lokasi wajib ramai dikunjungi pengunjung sebelum dan akhir pekan karena rasa yang enak.""",0.931261420249939
"Teka ing panggonan iki kanggo ngaso sakbanjure sayah macet ing lelungan, panganane oke, nanging jajan-jajane mantep, dadi kabayarake.","Mengunjungi tempat ini untuk istirahat setelah cape macet di perjalanan, makanan oke, tapi kue-kuenya mantap, jadi terbayarkan.","""Datang ke tempat ini setelah seharian lelah, makanan enak, namun jajanannya berlebih, jadi sayang kantong.""",0.8925999402999878
"Terus aku sia-sia no nganyari nomer hape paling anyar nyang pelayanan pelanggan cabang bni lak data ning bni isik nomer hape lawas, piye seh pelayanane!","Lalu saya percuma dong update nomor telepon genggam terbaru ke pelayanan pelanggan cab bni kalau data di bni masih nomor handphone lama, bagaimana sih pelayanannya!","""Terus saya sia-sia dapat nomor hape paling baru yang pelayanan pelanggan cabang bni bi data di bni isik nomor hape lama, gimana sih pelayanan!""",0.8953348398208618
"Aku wis kerep mara nikmati panganan ning roemah nenek. Aku seneng karo kahanane sing nyaman dinggo mangan bareng keluarga. Ning dina-dina tertentu ana tontonan musik langsung. Panganane uga nduwe pilian sing rena-rena saka tradisional, asia, sampek panganan kidulan","Saya sudah sering kali datang menikmati makanan di roemah nenek. Saya suka dengan suasananya yang nyaman untuk makan bersama keluarga. Di hari-hari tertentu ada hiburan live musik. Makanannya pun punya pilihan yang beragam dari yang tradisional, asia, sampai makanan barat","""Saya sering pergi menikmati makanan di rumah nenek. Saya suka dengan suasana yang nyaman untuk makan bersama keluarga. Di hari-hari tertentu ada pertunjukan musik langsung. Makanan juga memiliki pilihan yang beragam dari tradisional, asia, hingga makanan barat""",0.956207275390625
"Akeh wong sing ora seneng nggo berobat nyang dokter. Ora mung kerna mbayare sing relatif lumayan larang dingge separone wong, nyang dokter ora selawase isa marekne. Akeh dokter sing salah diagnosis. Apa penting utawa wis lumrah, toh dokter uga manungsa.","Banyak orang yang kurang suka untuk berobat ke dokter. Selain biaya yang relatif cukup mahal bagi sebagian orang, ke dokter tak selamanya bisa menyembuhkan. Banyak dokter yang salah diagnosa. Pentingkah ataukah sudah lumrah, toh dokter juga manusia.","""Banyak orang yang tidak suka pergi berobat ke dokter. Tidak hanya karena bayar yang relatif lumayan mahal bagi sebagian orang, yang dokter tidak selalu bisa memberikan. Banyak dokter yang salah diagnosis. Apa penting atau sudah biasa, toh dokter juga manusia.""",0.9423205256462097
"Pelayanane apik, panggen parkir lumayan amba, kebon stroberi amba lan akeh stroberi sing wis cukup abang nggo dipethil. Panganan ning restoran rena-rena banget, rasane enak, sambel stroberine unik lan enak. Sega liwet stroberi kudu dijajal. Sejauh iki kabeh menu sing tak pangan ora ana sing nggarai gela rekomendasi banget dinggo dolane keluarga","Pelayanan baik, tempat parkir cukup luas, kebun stroberi luas dan banyak stroberi yang sudah cukup merah untuk dipetik. Makanan direstoran sangat beragam, rasanya enak, sambal stroberinya unik dan enak. Nasi liwet stroberi harus dicoba. Sejauh ini semua menu yang saya makan tidak ada yang mengecewakan sangat rekomendasi untuk wisata keluarga","""Pelayanan baik, cukup luas tempat parkir, kebun stroberi luas dan banyak stroberi yang sudah cukup menyentuh lidah. Makanan di restoran mana saja, rasanya enak, sambal stroberinya unik dan enak. Segar liwet stroberi harus dicoba. Dari semua menu tidak ada yang membuat rasa kecewa sangat rekomendasi bagi keluarga""",0.9416853785514832
"Demi apa wae tes cpns marakna macet, sialannnnnnn","Demi apa pun tes cpns bikin macet, sialannnnnnn","""Demi apa sih tes cpns maksudnya macet, sialan banget sih""",0.846728503704071
"Ngenteni panganan suwi banget, pelayane galak, pas mangan pas kuwi aku pesen pizza tekone eh gosong nganti kasire pas aku mbayar ora ngguyu, pelayanane payah.","Menunggu makanannya lama banget, waitressnya galak, pas makanannya saat itu saya pesan pizza datang eh gosong sampai kasirnya pun pas saya bayar tidak senyum, pelayanannya payah.","""Menunggu makanan sangat lama, pelayanan kasar, pas makan pas itu saya pesen pizza tebalnya ternyata terbakar sampai kasir pas saya bayar tidak mau, pelayanan payah.""",0.9223460555076599
