javanese,ground_truth,generated,bertscore
"Cepak saka hotelku nginep, namung digawa mlaku, ing kene akeh tenan pilian panganane, panggonane sing amba, lan nyenengake","Dekat dengan hotel saya menginap, hanya ditempuh jalan kaki, di sini banyak sekali pilihan makanannya, tempat yang luas, dan menyenangkan","Dekat dari hotel tempat saya menginap, hanya perlu berjalan kaki, di sini banyak sekali pilihan makanannya, tempatnya luas, dan menyenangkan.",0.9726324677467346
"Iya bener, deknen lagi jaga warung.","Iya benar, dia sedang jaga warung.","Iya benar, dia lagi menjaga warung.",0.9847874641418457
Kangkunge lumayan nanging yuyu saus padange nguciwakake dhewe dikei yuyu sing kopong akhir dhewe ora mangan yuyune lan dibalekake.,Kangkungnya lumayan tapi kepiting saus padangnya mengecewakan kami dikasih kepiting yang kopong akhir kami tidak makan keptingnya dan dikembalikan.,"Kangkungnya lumayan tapi kepiting saus padangnya mengecewakan sekali, diberi kepiting yang kosong. Akhirnya saya tidak makan kepitingnya dan dikembalikan.",0.9656140208244324
"Manggon nang braga city walk sing sak gedung karo aston lan fave hotel, panggon iki nyaman banget dinggo nyangkruk-nyrangkruk. Kopi campur teh sing anyar lagek pisan iki aku njajal tibake enak banget, dipadu karo endog setengah mateng dadi kanca jagongan karo kanca-kanca. Panggon sing bebas rokokan tambah nyenengne karo nikmati pemandangan wira-wiri wong-wong sing mlebu metu mal iki.","Bertempat di braga city walk yang satu gedung dengan aston dan fave hotel, tempat ini sangat nyaman buat kongkow-kongkow. Kopi campur teh yang baru pertama kali saya nikmati ternyata sangat enak, dipadu dengan telur setengah matang menjadi pendamping mengobrol bersama teman-teman. Area yang bebas merokok semakin mengasyikkan sambil menikmati pemandangan lalu lalang orang-orang yang keluar masuk mal ini.","Terletak di Braga City Walk yang satu gedung dengan Aston dan Fave Hotel, tempat ini nyaman sekali untuk nongkrong. Kopi campur teh yang baru pertama kali ini aku coba ternyata enak sekali, dipadu dengan telur setengah matang jadi teman ngobrol bersama teman-teman. Tempat yang bebas rokokan tambah menyenangkan sambil menikmati pemandangan lalu lalang orang-orang yang masuk keluar mal ini.",0.9500252604484558
"Gianyar nompo bantuan sosial 2018 gedene rp 44, 9 milyat","Gianyar terima bantuan sosial 2018 sebesar rp 44, 9 miliar","Gianyar menerima bantuan sosial tahun 2018 sebesar Rp 44,9 miliar.",0.914333164691925
Iki salah siji conto generasi sing ora kangge. Ora malah migunani dinggo bangsa nanging malah dadi sesuatu sing mbahayani dinggo bangsa! Mantep jeraten ae nggawe uu ite,Ini salah satu contoh generasi yang tidak berguna. Bukan malah bermanfaat untuk bangsa tapi malah jadi sesuatu yang berbahaya bagi bangsa! Mantap jerat saja pakai uu ite,"Ini salah satu contoh generasi yang tidak berguna. Tidak malah berguna bagi bangsa, tetapi malah menjadi sesuatu yang membahayakan bagi bangsa! Mantap jerat saja pakai UU ITE.",0.9674587249755859
"Sore konco, wektu iki lagi dilakokne pemeliharaan dadi aplikasi ora isa diakses.","Sore sahabat, saat ini sedang dilakukan pemeliharaan sehingga aplikasi tidak dapat diakses.","Maaf teman-teman, saat ini sedang dilakukan pemeliharaan jadi aplikasi tidak bisa diakses.",0.955739438533783
Tenan ringkih dhewe iki aku uga jiden saktenane,Memang lemah kita ini aku juga penakut sebenarnya,"Sungguh lemah diri ini, aku juga sungguh-sungguh merasa jemu.",0.8629234433174133
"Terakhir nyang hanamasa regane 120 ewu / wong. Nanging puase luwih saka iku. Isa njupuk panganan sakpuase, nanging rasa ora nggelakne, pinter-pintere awakdewe ae ngeracik dewe. Lak penggemar daging sapi mesti seneng mrene","Terakhir ke hanamasa harganya 120 ribu / orang. Tapi puasnya lebih dari itu. Bisa ambil makanan sepuasnya, tapi rasa tidak mengecewakan, pintar-pintar kita saja meracik sendiri. Kalau penggemar daging sapi pasti suka ke sini","Terakhir ke Hanamasa harganya 120 ribu per orang. Tapi puasnya lebih dari itu. Bisa mengambil makanan sepuasnya, tapi rasanya tidak membosankan, pintar-pintarnya kita saja meracik sendiri. Kalau penggemar daging sapi pasti senang ke sini.",0.9723963737487793
"Kanggo menyang ing the peak mesthi wae karasa adoh banget saka pusat kutha bandung, lan aksese sing lumayan mbingungake lan dalan cilike mbelak-mbelok. Nanging kowe bisa ora bakal kesasar amarga meh ing saben enggokan ana tanda marang ing the peak. Panggonane apik banget kanggo kowe sing nggolek suasana mbengi romantis, kanthi pemandangan mbengi kutha sing apik tenan.","Untuk menuju ke the peak memang terasa sangat jauh dari pusat kota bandung, dan aksesnya yang agak membingungkan dan jalan kecil berkelok-kelok. Namun anda mungkin tidak akan tersesat karena hampir di tiap belokan ada signage menuju ke the peak. Tempatnya sangat bagus untuk anda yang mencari suasana malam romantis, dengan pemandangan malam kota yang menakjubkan.","Untuk menuju ke The Peak, tentu saja terasa sangat jauh dari pusat kota Bandung, dan aksesnya lumayan membingungkan serta jalannya kecil dan berkelok-kelok. Namun, kamu tidak akan tersesat karena hampir di setiap belokan ada tanda menuju The Peak. Tempatnya sangat cocok untuk kamu yang mencari suasana malam romantis, dengan pemandangan malam kota yang indah.",0.9680036306381226
Kebon raya bogor isa didadekne salah siji tujuan destinasi wisata,Kebun raya bogor bisa dijadikan salah satu tujuan destinasi wisata,Kebun Raya Bogor bisa dijadikan salah satu tujuan destinasi wisata.,0.9633209705352783
"The peak panggone ning cedeke lembang, waratan duwur ning bandung sing adem lan panggone sing apik banget nanging dalan ngge moro panggonan iki kelok-kelok banget lan tikungan landep lan curam, ora disarane dingge motoran pas udan-udan lan wengi. Ning the peak ana nggen mangan sing pemandangane kutha bandung sing indah saka nggunung, rega panganane sing larang banget lan ora sumbut.","The peak berlokasi di dekat lembang, dataran tinggi di bandung yang sejuk dan lokasi yang sangat baik namun jalan untuk mencapai tempat ini sangat berkelok disertai tikungan tajam nan curam, tidak disarankan untuk berkendara saat hujan dan malam hari. Di the peak terdapat restoran dengan pemandangan kota bandung yang indah dari perbukitan, harga makanan yang sangat mahal dan sangat tidak sesuai.","The Peak lokasinya dekat Lembang, dataran tinggi di Bandung yang sejuk dan tempatnya sangat bagus, tetapi jalan menuju tempat ini berkelok-kelok sekali dengan tikungan tajam dan curam, tidak disarankan untuk naik motor saat hujan dan malam hari. Di The Peak ada tempat makan dengan pemandangan kota Bandung yang indah dari pegunungan, harga makanannya sangat mahal dan tidak sepadan.",0.9502256512641907
Aku kapok nganggo jasa lion air,Saya kapok menggunakan jasa lion air,Saya kapok menggunakan jasa Lion Air.,0.934566855430603
Akeh bab sing isa dhewe tindakake kanggo ngisi wektu luwang.,Banyak hal yang dapat kita lakukan untuk mengisi waktu luang.,Banyak hal yang bisa kita lakukan sendiri untuk mengisi waktu luang.,0.9873437285423279
Saya apatis ngelaporake bab-bab kaya iki. Amarga nganti minggu wingi isih tetep hurung digarap. Mung janji-janji terus.,Semakin apatis melaporkan hal-hal seperti ini. Karena sampai minggu lalu masih tetap belum dikerjakan. Hanya janji-janji terus.,Saya apatis melaporkan hal-hal seperti ini. Karena sampai minggu kemarin masih tetap belum dikerjakan. Hanya janji-janji terus.,0.9786738157272339
Rega dhuwur banget porsi sithik banget ora janji maneh aku teko kanggo kepindho. Panganane ora beda adoh karo emakku dong!,Harga selangit porsi seiprit tidak janji lagi saya datang untuk yang kedua kali. Masakannya tidak beda jauh sama ema saya dong!,"Harganya terlalu mahal, porsinya sangat sedikit, tidak akan janji lagi saya datang untuk kedua kalinya. Masakannya tidak jauh beda dengan masakan ibuku, dong!
",0.9162032008171082
"Anyar lan kashediya, 5 sekat mangan awan kotak kotak mangan yooyee kotak bekal anti bocor 590","Baru dan tersedia, 5 sekat makan siang kotak kotak makan yooyee kotak bekal anti bocor 590","Baru dan tersedia, 5 sekat makan siang kotak bekal makan siang yooyee anti bocor 590
",0.9875953197479248
"Ora ngerti ya kenangapa resto iki manggoni ranking 12 saka 1800an resto sing ana ing jakarta. Regane larang! Panggonane ndhelik, lan rasa panganane biasa bae. Aja percaya banget karo review sing nyesatake.","Tidak mengerti ya kenapa resto ini menduduki peringkat 12 dari 1800an resto yang ada di jakarta. Harga mahal! Lokasi tersembunyi, dan rasa makanan biasa saja. Jangan terlalu percaya sama review yang menyesatkanlah.","Tidak mengerti kenapa restoran ini menempati peringkat 12 dari 1800-an restoran yang ada di Jakarta. Harganya mahal! Tempatnya tersembunyi, dan rasa makanannya biasa saja. Jangan terlalu percaya dengan ulasan yang menyesatkan.",0.9572082757949829
Bledosan ning aksi protes ning afghanistan mateni wong 68,Ledakan dalam aksi protes di afghanistan tewaskan 68 orang,Ledakan dalam aksi protes di Afghanistan menewaskan 68 orang.,0.9624823927879333
"Aku teka marang restoran kuwi bareng karo kancaku. Kancaku kakehan kaget ndhelok pemandangane sing apik tenan ing mbengi. Aku ndhuweni kasempatan njajal stik impore, enak tenan apa maneh sause. Mmm yummi. Yen ana kasempatan aku pengen teka maneh marang kana.","Saya berkunjung ke restoran itu bersama dengan teman saya. Teman saya kebanyakan terkejut melihat pemandangannya yang sangat indah di malam hari. Saya berkesempatan mencoba steak impornya, sangat enak apalagi sausnya. Mmm yummi. Kalau ada kesempatan saya ingin berkunjung lagi ke sana.","Saya datang ke restoran itu bersama temanku. Temanku sangat terkejut melihat pemandangan yang sangat indah di malam hari. Saya berkesempatan mencoba steak impor, rasanya sangat enak apalagi sausnya. Mmm, yummi. Jika ada kesempatan, saya ingin datang lagi ke sana.",0.9764753580093384
Akses menyang dusun bambu isa ditekani kira-kira ing wektu 1 - 2 jam nganggo mobil pribadi. Mara menyang dusun bambu diusahakake pas wektu wengi amarga awake dhewe isa ndelok cetha pemandangan sing ana lan wektu sing pas kanggo mangan wengi.,Akses menuju dusun bambu bisa ditempuh kira-kira dalam waktu 1 - 2 jam menggunakan mobil pribadi. Berkunjung ke dusun bambu diusahakan saat petang hari karena kita dapat melihat jelas pemandangan yang ada dan waktu yang pas untuk makan malam.,Akses ke Dusun Bambu dapat ditempuh kira-kira dalam waktu 1 - 2 jam menggunakan mobil pribadi. Disarankan untuk pergi ke Dusun Bambu pada waktu malam hari karena kita bisa melihat jelas pemandangan yang ada dan waktu yang tepat untuk makan malam.,0.9687350392341614
"Panganane oke padha karo xo suki liyane. Nanging sanajan dina prei gedhe kaya badha iki udhu artine meseme prei lan pesenan ombe, lan liya-liyane kudu mesen ping akeh. Tulung dijaga kepuasan pelanggane. Matur suwun,","Makanan oke sama seperti xo suki lainnya. Tetapi walaupun hari libur besar seperti lebaran ini bukan berarti senyumnya libur dan order minum, dan lain-lain harus order berkali-kali. Tolong di jaga kepuasan pelanggannya. Terima kasih.","Makanannya oke sama dengan xo suki lainnya. Tetapi meskipun hari libur besar seperti lebaran ini, bukan berarti pelayannya libur dan pesanan minuman, dan lain-lain harus memesan berkali-kali. Tolong dijaga kepuasan pelanggannya. Terima kasih.",0.9726706743240356
"Restoran iki yaiku panggon kuliner sing wajib diparani umpama nyang bandung. Ora mung panganane sing manjakne ilat panganan sunda banget, restoran iki uga dibangun nganggo konsep mangan santai ning jero kali dadi nawarne pengalaman kuliner sing berkesan banget. Kudu dijajal dinggo sopo ae sing nyang bandung.","Restoran ini adalah sebuah destinasi kuliner yang wajib dikunjungi bila ke bandung. Selain makanan yang sangat memanjakan lidah makanan sunda, restoran ini juga dibangun dengan konsep makan santai di dalam saung yang dikelilingi alam hutan dan pegunungan yang dihias pepohonan rindang dan dihibur oleh gemericik air sungai sehingga menawarkan pengalaman kuliner yang teramat mengesankan. Harus dicoba bagi siapapun yang ke bandung.","Restoran ini adalah tempat kuliner yang wajib dikunjungi jika ke Bandung. Tidak hanya makanannya yang memanjakan lidah dengan cita rasa Sunda yang sangat kental, restoran ini juga dibangun dengan konsep makan santai di dalam sungai, sehingga menawarkan pengalaman kuliner yang sangat berkesan. Harus dicoba untuk siapa saja yang ke Bandung.",0.9304116368293762
Mbalik ngaktifne paket data indosat merga isa akses youtube unlimited.,Kembali mengaktifkan paket data indosat karena dapat akses youtube unlimited.,Mengaktifkan kembali paket data Indosat karena bisa akses YouTube unlimited.,0.9789866805076599
Aku nembe ngerti ketemu kancaku sek makarya nang trans tv,Saya baru saja bertemu teman saya yang bekerja di trans tv,Aku baru tahu bertemu temanku yang bekerja di Trans TV.,0.9450109004974365
"Omah mangan ning dalan anggrek iki nduwe keistimewaan jenis seafood sing rena-rena lan ana sing isih urip dinggo dipilih lan dimasak pas kuwi uga. Rena-rena jenis panganan isa dipilih lan wektu ngenteni sing sediluk nggarai adewe ora tek kesuwen keluwen ngenteni. Menu kerapu kukuse enak banget lan gurih, apa meneh lak dimasak karo iwak sing isih seger. Lokasine lumayan adem, regane mirah.","Rumah makan di jalan anggrek ini memiliki keistimewaan jenis seafood yang beragam dan ada yang masih hidup untuk dipilih dan dimasak saat itu juga. Berbagai jenis masakan dapat dipilih dan waktu tunggu yang singkat membuat kita tidak terlalu lama kelaparan menunggu. Menu kerapu kukusnya sangat enak dan gurih, apalagi bila dimasak dengan ikan yang masih segar. Lokasi cukup sejuk, harga murah.","Rumah makan di jalan anggrek ini memiliki keistimewaan jenis seafood yang beragam dan ada yang masih hidup untuk dipilih dan dimasak saat itu juga. Berbagai jenis makanan bisa dipilih dan waktu menunggu yang sebentar membuat kita tidak terlalu kelaparan saat menunggu. Menu kerapu kukusnya enak sekali dan gurih, apalagi kalau dimasak dengan ikan yang masih segar. Lokasinya lumayan adem, harganya murah.",0.9869603514671326
"Kaya biasane awakdewe mesti golek kuliner sing liya timbangane sing liyane, awakdewe entuk ning panggen iki yaiku the restaurant padma hotel. Awakdewe pesen menu sing ana. Ana saka indonesia, eropa lan cina, tibake kabeh masakane enak kabeh.","Seperti biasa kami selalu mencari kuliner yang lain daripada yang lain, dapatlah kami di tempat ini yaitu the restaurant padma hotel. Kami memesan menu yang ada. Ada dari indonesia, eropa dan chinese, ternyata semua masakannya enak semuanya.","Seperti biasa, kita selalu mencari kuliner yang berbeda dari yang lain, kita menemukan di tempat ini yaitu restoran Padma Hotel. Kita memesan menu yang ada. Ada dari Indonesia, Eropa dan Cina, ternyata semua masakannya enak semua.",0.9674487709999084
Iya kuwi sing nggawe aku kesel. Iki udu salahe sing ngelamar nanging jelas 100% salahe pihak sing ana ing ndhuwur sing embuh piye carane dheweke koordinasi. Nyesek aku kuwi sanajan iki kasus kancaku sing ing lampung.,Iya itu yang bikin saya kesal. Ini bukan kesalahan sang pelamar tapi jelas 100% kesalahan pihak yang di atas yang entah bagaimana cara mereka berkordinasi. Nyesek saya itu walaupun ini kasus teman saya yang di lampung.,Ya itu yang membuat aku kesal. Ini bukan salah pelamar tetapi jelas 100% salah pihak yang di atas yang entah bagaimana caranya mereka berkoordinasi. Sesak aku itu meskipun ini kasus temanku yang di Lampung.,0.9682193994522095
"Pelayanane cukup suwi, nanging suwasanane sing diwenehi apik lan unik, dadi karo ngenteni panganan isa nikmati suwasana ing restoran iki, menu sing disajikake aneka werna lan enak,","Pelayanannya agak lama, tetapi suasana yang diberikan keren dan unik, jadi sambil menunggu makanan bisa menikmati suasana di resto ini, menu yang disajikan beragam dan enak,","Pelayanannya cukup lama, tetapi suasana yang diberikan bagus dan unik, jadi sambil menunggu makanan bisa menikmati suasana di restoran ini, menu yang disajikan beraneka ragam dan enak.",0.9788759350776672
"Panganan ing kene enak-enak kanthi akeh variasine. Kabehane enak kanthi pemandangan apik. Pelayanane sing maksimal saka mbak diah lan gina saka ngewiwiti teka nganti rampung, dilayani kanthi apik tenan.","Makanan di sini enak-enak dengan banyak variasi. Semuanya enak dengan pemandangan bagus. Pelayanan yang maksimal dari mbak diah dan gina dari awal datang sampai selesai, dilayani dengan sangat baik.","Makanan di sini enak-enak dengan banyak variasinya. Semuanya enak dengan pemandangan yang indah. Pelayanannya sangat maksimal dari mbak Diah dan Gina dari mulai datang sampai selesai, dilayani dengan sangat baik.",0.9692525267601013
"Ana ing ajang piala dunia 2018 sesuk, telkomsel njupuk bagian minangka pandukung penyiaran resmi ing perhelatan sepak bola donya kasebut.","Dalam ajang piala dunia 2018 nanti, telkomsel mengambil bagian sebagai pendukung penyiaran resmi dalam perhelatan sepak bola dunia tersebut.","Dalam ajang piala dunia 2018 mendatang, Telkomsel mengambil bagian sebagai pendukung penyiaran resmi dalam perhelatan sepak bola dunia tersebut.",0.9950668811798096
De'e biasane tuku tisu paseo,Dia biasanya membeli tisu paseo,Dia biasanya membeli tisu Paseo.,0.9101125597953796
"Buse ora nyaman, mbak, ora sumbut karo sing diomongne bosmu, urung maneh panganane kurang enak banget, terus panggon wisata tujuane sing nggelakne:","Busnya tidak nyaman, mbak, tidak sesuai dengan yang diomongin atasan Anda, belum lagi makanannya kurang enak banget, lalu tempat wisata tujuannya yang mengecewakan:","Busnya tidak nyaman, Mbak, tidak sesuai dengan yang dikatakan bosmu, apalagi makanannya kurang enak sekali, terus tempat wisata tujuannya mengecewakan.",0.9525700211524963
"Cukup gampang golek lokasi iki, mung ngikuti wae arah menyang tengah kota. Mengko ning kiwa dalan ketok parkiran mobil sing cukup akeh, nengkono panggonan kafe iki. Rasane kafe iki pancen arang sepi, pengunjunge akeh banget.","Cukup mudah mencari lokasi ini, tinggal mengikuti saja arah ke tengah kota. Nanti di kiri jalan terlihat parkiran mobil yang cukup banyak, disitulah tempat kafe ini. Rasanya kafe ini memang jarang sepi, banyak sekali pengunjung.","Cukup mudah menemukan lokasi ini, cukup ikuti saja arah menuju tengah kota. Nanti di kiri jalan akan terlihat parkiran mobil yang cukup banyak, di situlah tempat kafe ini. Rasanya kafe ini memang jarang sepi, pengunjungnya sangat banyak.",0.9821304082870483
"Gela aku karo provider iki, nganti sebel, nesu, emosi, aku metu, gara gara, sinyal sing ora bener.","Kecewa saya dengan provider ini, sampai kesal, marah, emosi, saya keluar, gara gara, sinyal yang tidak benar.","Saya kecewa dengan provider ini, sampai kesal, marah, emosi, saya keluar, gara-gara sinyal yang tidak benar.",0.9703296422958374
"Sarung bantal, seprei lan slimute uwis ora putih...terus temboke wes akeh lumut..","Sarung bantal, seprai dan selimutnya tidak lagi putih...trus dindingnya sudah banyak lumut..","Sarung bantal, sprei, dan selimutnya sudah tidak putih...lalu temboknya sudah banyak lumut...",0.9604322910308838
"Lan pas dheweke teka, saya rusak wae iki acara. Gilo banget aku karo dheweke, asli! Ngapuro yoo aku ora seneng banget karo dheweke","Dan ketika dia tiba, makin rusak saja ini acara. Jijik banget gue sama dia, asli! Maaf yaah gue enggak suka banget sama dia","Dan saat dia datang, acara ini jadi semakin rusak saja. Aku sangat jijik dengannya, asli! Maaf ya aku tidak suka sekali dengannya.",0.9391928911209106
"Dhewe ana acara mangan mbengi wektu kuwi, es krime ora dipisah karo espresso dadi ora isa nyampur sing cocok karo selerane awakedhewe. Salmon steake uga kurang seger, kulit salmone atos, ketoke suwi ing kulkas utawa freezer. Sanajan iku menu utama sing kudune enak.","Kami ada acara makan malam waktu itu, ice krimnya tidak dipisahkan dengan espresso jadi tidak bisa mencampur sesuai selera masing-masing. Salmon steaknya juga kurang segar, kulit salmonnya keras, keliatannya lama di kulkas atau freezer. Padahal itu menu utama yang seharusnya enak.","Saat itu ada acara makan malam sendirian, es krim tidak dipisah dengan espresso jadi tidak bisa mencampur sesuai selera sendiri. Steak salmonnya juga kurang segar, kulit salmonnya keras, sepertinya sudah lama di kulkas atau freezer. Padahal itu menu utama yang seharusnya enak.",0.963765561580658
"Panggonane gampang ditemukake. Resik lan higienis, pelayanane apik, dhewe bisa diskusi babagan panganan kang kasadia. Asik.","Tempatnya mudah ditemukan. Bersih dan higienis, pelayanannya bagus, kita bisa diskusi tentang masakan yang tersedia. Asik.","Tempatnya mudah ditemukan. Bersih dan higienis, pelayanannya bagus, kita bisa berdiskusi tentang makanan yang tersedia. Asyik.",0.9827295541763306
Buffet mangan mbengi paling top. Regane pas karo sing dientukake. Rasane enak piliane akeh. Regane kadang didiskon yen teko rombongan. Sukses terus ya.,Buffet makan malam paling top. Harga sesuai yang didapat. Rasanya enak pilihannya banyak. Harga kadang didiskon jika datang rombongan. Sukses selalu ya.,Prasmanan makan malam paling top. Harganya sesuai dengan yang didapatkan. Rasanya enak pilihannya banyak. Harganya kadang didiskon jika datang rombongan. Sukses terus ya.,0.9737509489059448
Panggon sing apik yen dinikmati wengi. Cukup nyaman. Ragane lumayan murah. Senenganku stik tenderloine. Cukup enak.,Tempat yang bagus kalau dinikmati malam hari. Cukup nyaman. Harga cukup terjangkau. Favorit saya steak tenderloinnya. Cukup enak.,Tempat yang bagus jika dinikmati malam hari. Cukup nyaman. Harganya lumayan murah. Favoritku steak tenderloin. Cukup enak.,0.9831967353820801
"Njajal kanggo buka puasa ing kene. Kanggo rega sing kagolong larang ana ing antara hotel berbintang sakelasae, rasa sing ditawakake tenan nguciwakake. Pastane ora ana rasane, panganan liyane uga ora ana rasane. Beda tenan karo apa sing biasa ditawakake. Lan pelayanane uga kurang profesional pas ngelakoni pembayaran nganggo kartu kredit.","Mencoba untuk buka puasa di sini. Dengan harga yang tergolong mahal di antara hotel berbintang sekelasnya, rasa yang ditawarkan sangat mengecewakan. Pastanya hambar, makanan lain juga hambar. Sangat berbeda dengan apa yang biasa ditawarkan. Dan pelayanan juga kurang profesional pada saat melakukan pembayaran dengan mengunakan kartu kredit.","Coba untuk berbuka puasa di sini. Untuk harga yang tergolong mahal di antara hotel berbintang sekelasnya, rasa yang ditawarkan benar-benar mengecewakan. Pastanya tidak ada rasanya, makanan lain juga tidak ada rasanya. Beda sekali dengan apa yang biasa ditawarkan. Dan pelayanannya juga kurang profesional saat melakukan pembayaran dengan kartu kredit.",0.9656257033348083
"Aku uga bingung loh, sing ndukung tokoh kuwi meh kabeh setipe bisane mung ngenyek-ngenyek, fitnah, tembung-tembung kasar, nyebarna isu ngapusi, ngutamakake emosi, akal sehate ora pernah dinggo.","Gue juga bingung loh, pendukung tokoh itu hampir semuanya setipe bisanya cuma maki-maki, fitnah, kata-kata kasar, menyebar isu bohong, mengutamakan emosi, akal sehat tidak pernah dipakai.","Saya juga bingung loh, yang mendukung tokoh itu hampir semua tipenya cuma bisa mengejek-ejek, fitnah, kata-kata kasar, menyebarkan isu bohong, mengutamakan emosi, akal sehatnya tidak pernah dipakai.",0.9629197716712952
"Omah mangan nusa indah saiki gelakne ah. Reget, uwong ditokne wae ngrokok ning ruangan nggo ac, pangganan suwe tekane.","Rumah makan nusa indah sekarang mengecewakan ah. Kotor, orang didiamkan saja merokok di ruangan ber ac, makanan lama datangnya.","Rumah makan Nusa Indah sekarang mengecewakan sekali. Kotor, orang dibiarkan saja merokok di ruangan ber-AC, makanan lama datangnya.",0.9588282108306885
Nadia nggoleki hem kanggo adike ning uniqlo,Nadia mencari kemeja untuk adiknya di uniqlo,Nadia mencari kemeja untuk adiknya di Uniqlo.,0.9521216154098511
"101 dalmatians: The series yaiku seri kartun tipi sing digawe karo disney television animation, kerjo bareng karo jumbo pictures.","101 dalmatians: The series adalah sebuah seri animasi televisi yang diproduksi oleh disney television animation, bekerja sama dengan jumbo pictures.","101 Dalmatians: The Series adalah serial kartun televisi yang dibuat oleh Disney Television Animation, bekerja sama dengan Jumbo Pictures.",0.9266048669815063
Kantor kang nyambungake korsel - korut dibuka pekan iki,Kantor penghubung korsel - korut dibuka pekan ini,Kantor yang menghubungkan Korea Selatan - Korea Utara dibuka pekan ini.,0.8935672044754028
Menehi berkah bareng sinde! Etukna 50 paket umroh saben tuku minimal rp 15.000 ning alfamart.,Berbagi berkah bersama sinde! Dapatkan 50 paket umroh setiap pembelian minimal rp 15.000 di alfamart.,Berikan berkah bersama sinden! Dapatkan 50 paket umroh setiap pembelian minimal Rp 15.000 di Alfamart.,0.9628943800926208
"Tuku kaos, topi utawa jam tangan ning lapak monoton roomstore busa ditawa khusus nganggo aplikasi ning hape bosku.","Beli kaos, topi atau jam tangan di lapak monoton roomstore bisa diego khusus pakai aplikasi di hape boskuh.","Beli kaos, topi, atau jam tangan di lapak Monoton Roomstore bisa ditawar khusus menggunakan aplikasi di HP bosku.",0.9496816992759705
"Aplikasi google maps akeh paedahe, aku puas nganggone!","Aplikasi google maps sangat bermanfaat, saya puas menggunakannya!","Aplikasi Google Maps banyak manfaatnya, aku puas menggunakannya!
",0.9566992521286011
"Kanggo malem minggu ing kene pasangan diwenehi panggonan sing ora kapenak, amarga pas uwong lewat ing kana panggonane dhewe obah-obah, luwih pase mirip kaya warung pinggir dalan. Ora sesuai karo rega panganane sing disajikake, kudune pasangan uga diwenehi panggonan sing apik uduk sembarang nerima tamu lan dideleh ing panggonan kaya kuwi.","Untuk malam minggu di sana pasangan diberi tempat yang tidak nyaman, karena saat orang lewat di sana tempat kami goyang-goyang, lebih tepatnya mirip seperti warung pinggir jalan. Tidak sesuai dengan harga makanan yang disajikan, seharusnya pasangan juga diberi tempat yang bagus bukan sembarang terima tamu dan taruh di tempat seperti itu.","Untuk malam minggu di sini pasangan diberi tempat yang tidak nyaman, karena pas ada orang lewat di sana tempatnya jadi goyang-goyang, lebih tepatnya mirip seperti warung pinggir jalan. Tidak sesuai dengan harga makanannya yang disajikan, seharusnya pasangan juga diberi tempat yang bagus bukan sembarang menerima tamu dan ditaruh di tempat seperti itu.",0.9803107976913452
Menu panganan cukup rena-rena lan nggarai sir mesen kabeh. Mirah? Jelas ae!,Menu makanan cukup bervariasi dan bikin mau dipesan semuanya. Murah? Pastinya!,"Menu makanan cukup beragam dan membuat ingin memesan semuanya. Murah? Jelas saja!
",0.9449037909507751
Bagikno sak akeh-akehe. Ben wong iki diproses. Kangen ndelok video njaluk sepiro karo nangis-nangis terus wadul nyang mbok e terus omong lak perlakuane kuwi ora sengaja.,Bagikan sebanyak-banyaknya. Biar ini orang diproses. Kangen melihat video minta maaf sambil nangis-nangis lalu ngadu ke emak lalu bilang kalau perlakuan itu tidak sengaja.,Bagikan sebanyak-banyaknya. Biar orang ini diproses. Kangen melihat video minta maaf sambil menangis-nangis terus mengadu ke ibunya terus bilang kalau perlakuannya itu tidak sengaja.,0.9763550758361816
"Soto kudus iki anane ning pinggir dalan, kaping pisan arep mangan rada ora mantep uga sih. Amarga pengen ngerti rasa kudus yo dijajal sek. Ee saktenane uga enak lho, lan ana uga pilihan kanggo nyampurake, pokoke enak tenan. Regane murah pol deh. ","Soto kudus ini adanya di kaki lima, pertama kali mau makan agak ragu juga sih. Karena ingin tahu rasa kudus ya dicoba dulu. Ee ternyata enak juga lho, dan ada juga pilhan untuk mencampurnya, pokoknya enak sekali deh. Harganya murah meriah deh.","Soto Kudus ini adanya di pinggir jalan, pertama kali mau makan agak kurang yakin juga sih. Karena pengen tahu rasa Kudus ya dicoba dulu. Eh ternyata enak juga lho, dan ada juga pilihan untuk mencampurnya, pokoknya enak banget. Harganya murah banget deh.",0.9708954691886902
Olahraga wengi isa dadi pilihan kanggo ngisi wektu lowong.,Olahraga di malam hari dapat menjadi pilihan untuk mengisi waktu luang.,Olahraga malam bisa menjadi pilihan untuk mengisi waktu luang.,0.9821487069129944
Restoran seafood. Menu spesiale yuyu sing dipangan karo kulite. Kanggo aku kurang enak. Kulite isih rada atos. Pelayanane biasa-biasa bae.,Restoran seafood. Menu spesialnyanya kepiting yang dimakan dengan kulitnya. Untuk saya kurang enak. Kulitnya masih agak keras. Pelayanannya biasa-biasa saja.,Restoran hidangan laut. Menu spesialnya kepiting yang dimakan dengan kulitnya. Menurut saya kurang enak. Kulitnya masih agak keras. Pelayanannya biasa-biasa saja.,0.9828777313232422
"Enak lumayan, nanging regane larang amarga porsine luwih sithik. Ana pilihan infused kangen water sek cukup kanggo 4 uwong","Enak lumayan, tapi harganya mahal karena porsinya sedikit kecil. Ada pilihan infused kangen water yang cukup untuk 4 orang","Lumayan enak, tapi harganya mahal karena porsinya sedikit. Ada pilihan infused water yang cukup untuk 4 orang.",0.9653688073158264
"Dinggo daerah banda aceh lan sekitare sik lancar, ora ana gangguan blas.","Untuk daerah banda aceh dan sekitarnya masih lancar, tidak ada gangguan sama sekali.","Untuk daerah Banda Aceh dan sekitarnya lancar, tidak ada gangguan sama sekali.",0.9637453556060791
Emosi karo gojek sing kerep nyasar yen arep menyang omahku.,Emosi dengan gojek yang selalu nyasar kalau mau ke rumah saya.,Emosi dengan becandaan yang seringkali meleset kalau mau ke rumahku.,0.9448810815811157
"Kafe sing nyaman, enak lan murah kanthi desain kafe sing unik lan marakna krasan. Panganan enak lan kopi enak lan fasilitas wifi sing cepet lan tv kabel","Kafe yang nyaman, enak dan murah dengan desain kafe yang unik dan bikin betah. Makanan enak dan kopi enak serta fasilitas wifi yang cepat dan tv kabel","Kafe yang nyaman, enak, dan murah dengan desain kafe yang unik dan membuat betah. Makanan lezat, kopi enak, dan fasilitas wifi yang cepat serta TV kabel.",0.9779179096221924
"Uwis sewulan luwih ora mangan indomie, sakpisane mangan langsung nggawe rong porsi indomie goreng jumbo.","Sudah sebulan lebih tidak makan indomie, sekalinya makan langsung bikin dua porsi indomie goreng jumbo.","Sudah sebulan lebih tidak makan Indomie, sekali makan langsung membuat dua porsi Indomie goreng jumbo.",0.9852239489555359
"Mangan sikil wedus bagian pupu sing empuk lan lumayan gedhi dinggo ukuran medium, pas dingge wong siji, mangan tanpa sega, karo es lemon tea. Seger kurange mung panggone kebul-kebul, wajar kan jenenge uga wedus bakar hehehe","Makan kaki kambing paha yang empuk dan lumayam besar untuk ukuran medium, pas untuk satu orang, makan tanpa nasi, dengan es lemon tea. Segar kekurangannya hanya tempatnya berasap, wajar kan namanyan jg kambing bakar hehehe","Makan kaki kambing bagian paha yang empuk dan lumayan besar untuk ukuran medium, pas untuk satu orang, makan tanpa nasi, dengan es lemon tea. Segar, kekurangannya cuma tempatnya berasap, wajar kan namanya juga kambing bakar hehehe.",0.969719409942627
"Panggone lumayan unik, rasa panganane biasa, menu sing ditawakne uga biasa, mung panggone karo keunikane sing menarik, cara nyeluk pelayane nganggo nutuk kentongan,. Aku pas mrana wengi, diambah udan, udarane lumayan adem nyrusuk belung, sempet ngenteni kira-kira limolas menit ben iso entuk panggon, merga bek blok wektu iku. Disaranke lak sir mrana sore-sore.","Tempatnya cukup unik, rasa makanan standar, menu yang ditawarkan juga biasa, hanya saja yang menarik tempat dan keunikannya, cara memanggil pelayannya dengan memukul kentongan,. Aku pas ke sana pada malam hari, ditambah hujan, udaranya cukup dingin menusuk tulang, sempat menunggu kira-kira 15 menit untuk bisa dapat tempat, karena penuh blok pada saat itu. Disarankan kalau mau ke sana sore-sore.","Tempatnya lumayan unik, rasa makanannya biasa saja, menu yang ditawarkan juga biasa saja, hanya tempatnya dengan keunikannya yang menarik, cara memanggil pelayannya menggunakan memukul kentongan. Aku ke sana malam, kehujanan, udaranya lumayan dingin menusuk tulang, sempat menunggu kira-kira lima belas menit supaya bisa dapat tempat, karena penuh sekali waktu itu. Disarankan kalau ke sana sore-sore.",0.9633281230926514
"Ning pilkada 2018, polri dijaluk ningkatne pengamanan ning sekitar tps.","Dalam pilkada 2018, polri diminta meningkatkan pengamanan di sekitar tps.","Dalam pilkada 2018, Polri diminta meningkatkan pengamanan di sekitar TPS.",0.9734858274459839
"Ora bosen apa film indonesia sing main deknen terus, udu ngomong deknen ora apik, nanging yen pemaine kuwi kuwi bae uga bosen ndheloke.","Tidak bosan apa film indonesia yang main dia terus, bukan bilang dia tidak bagus, tetapi kalau pemain itu itu melulu jenuh juga melihatnya.","Tidak bosan apa film Indonesia yang pemerannya dia terus, bukan bilang dia tidak bagus, tapi kalau pemainnya itu-itu saja juga bosan melihatnya.",0.9537367820739746
Wingi Dian tuku kathok anyar liwat aplikasi Lazada,Kemarin Dian membeli celana baru lewat aplikasi Lazada,Kemarin Dian membeli celana baru lewat aplikasi Lazada.,0.9805765151977539
"Dhewe arep menyang lembang kanthi kahanan luwe. Pas ndhelok saung pengkolan iki dhewe langsung mandhek kanggo mangan. Dhewe milih lesehan ing tingkat 2 dadi entuk pemandangan sek apik. Pesenane dhewe yaiku cumi goreng glepung, gurame goreng krispi, oseng genjer lan rong menu tahu sek aku lali jenenge. Umume ora ana sek istimewa saka hidangan kuwi. Mbok menawa pilihanku. Lanjutane","Kami dalam perjalanan ke lembang dalam keadaan lapar. Saat melihat saung pengkolan ini kami langsung berhenti untuk makan. Kami memilih lesehan di lantai 2 sehingga mendapatkan pemandangan yang indah. Pesanan kami adalah cumi goreng tepung, gurame goreng crispy, tumis genjer dan dua menu tahu yang saya lupa namanya. Secara keseluruhan tidak ada yang istimewa dari hidangan tersebut. Mungkin pilihan saya. Lanjutan","Kami mau pergi ke Lembang dalam keadaan lapar. Pas melihat saung di tikungan ini, kami langsung berhenti untuk makan. Kami memilih lesehan di tingkat 2 supaya dapat pemandangan yang bagus. Pesanan kami adalah cumi goreng tepung, gurame goreng krispi, oseng genjer dan dua menu tahu yang aku lupa namanya. Secara umum tidak ada yang istimewa dari hidangan itu. Mungkin karena pilihan saya. Lanjutannya
",0.9698085188865662
Entuk bonus tcahs 12.500 nanging ora isa dienggo kanggo tuku pulsa sing regane 10 ewu h aneh,Dapat bonus tcash 12.500 tapi tidak bisa dipakai buat beli pulsa yang seharga 10 ribu h aneh,"Mendapatkan bonus tcash 12.500 tetapi tidak bisa digunakan untuk membeli pulsa yang harganya 10 ribu, aneh.",0.9514037370681763
"Kaping kapisan aku marang rana, meja-meja mulai tuwa lan uga menu panganan sing ora patio variatif. Nanging regane ora bisa diomong murah, amarga kudune kanthi rega-rega sakmono bisa entuk sing luwih apik. Utamane pas aku marang kamar mandi, reged tenan lan mambu ora enak:","Saat pertama ke sana, meja-meja mulai usang dan juga menu makanan yang tidak begitu bervariatif. Namun harganya tidak bisa dibilang murah, karena seharusnya dengan harga-harga segitu bisa dapat yang lebih baik. Terutama saat saya ke toilet, sangat kotor dan berbau tidak sedap:","Pertama kali saya ke sana, meja-meja mulai tua dan juga menu makanan yang tidak terlalu variatif. Tapi harganya tidak bisa dibilang murah, karena seharusnya dengan harga-harga segitu bisa mendapatkan yang lebih baik. Apalagi pas saya ke kamar mandi, kotor sekali dan baunya tidak enak.",0.96701580286026
"Ombean apa sih kok cara nggombene aneh, rasane uga aneh maneh","Minuman apa sih kok cara minumnya aneh, rasanya aneh juga lagi","Minuman apa sih kok cara meminumnya aneh, rasanya juga aneh lagi.",0.9790688753128052
"Tanggal 12 february iku ulang taune pacarku, lan aku ngajak dee dinggo mangan nyang sawiji restoran sing terkenal ning surabaya. Aku pengen menehi kado ulang taun karo mangan sing enak ning kana. Nanging. Pas iku aku teka kira kira jam setengah 3. Panggon kebeg dadi awakdewe kudu ngenteni. Daftar tunggu pas kuwi sekitar 4 meja.","Tanggal 12 february adalah ulang tahun pacar saya, dan saya mengajak dia untuk makan di sebuah restaurant yang terkenal di surabaya. Saya ingin memberi kado ulang tahun dengan makan yang enak di sana. Tapi. Saat itu saya datang kira kira jam setengah 3. Tempat penuh sehingga kami harus menunggu. Daftar tunggu pada saat itu sekitar 4 meja.","Tanggal 12 Februari itu ulang tahun pacarku, dan aku mengajak dia untuk makan di sebuah restoran yang terkenal di Surabaya. Aku ingin memberikan kado ulang tahun dengan makan yang enak di sana. Tapi, pas itu aku datang kira-kira jam setengah 3. Tempatnya penuh sesak jadi kami harus menunggu. Daftar tunggu saat itu sekitar 4 meja.",0.9695185422897339
"Ora seneng ndelok bocah sma saiki, yen nganggo jilbab rambute pada disengajakake metu, maksude apa?","Tidak suka melihat anak sma sekarang, kalau pakai jilbab rambutnya pada disengajakan keluar, maksudnya apa?","Tidak suka melihat anak SMA sekarang, kalau memakai jilbab rambutnya sengaja dikeluarkan, maksudnya apa?
",0.9650322794914246
Calon-calon pemimpin negeri iki cukup kuwat nyiapake strategi kanggo kemenangane.,Calon-calon pemimpin negeri ini cukup kuat mempersiapkan strategi untuk kemenangannya.,Para calon pemimpin negeri ini cukup kuat mempersiapkan strategi untuk kemenangannya.,0.9750339388847351
Adikku lagi ndhelok harry potter ing trans tv,Adik saya sedang menonton harry potter di trans tv,Adikku sedang menonton Harry Potter di Trans TV.,0.8904579877853394
"Salah siji restoran paling tak senengi ning bandung. Panggonane nylepit, nanging isih kenek dijangkau. Menu panganane enak, sunda banget. Pemadangane ya apik, kahanane pancen nggarai mripat lan ilat kabeh puas. Bar mangan sampek wareg. maleh sir turu ning saunge.","Salah satu restoran favorit saya di bandung. Lokasinya terpencil, tetapi masih terjangkau. Menu makanannya enak, sunda sekali. Pemandangannya indah, suasananya memang membuat mata dan lidah semua terpuaskan. Selesai makan sampai kenyang, jadi ingin tidur di saungnya.","Salah satu restoran paling saya sukai di Bandung. Tempatnya tersembunyi, tetapi masih bisa dijangkau. Menu makanannya enak, sangat Sunda. Pemandangannya juga bagus, suasananya benar-benar membuat mata dan lidah semua puas. Selesai makan sampai kenyang, malah ingin tidur di saungnya.",0.9594951272010803
Endi taring kpk? Kasus ecek-ecek puluan yuta kowe cekel senajan nganti ing bolongan semut! Waras kowe kpk?,Mana taring kpk? Kasus ecek-ecek puluhan juta kamu tangkap sampai ke lubang semut sekalipun! Waraskah anda kpk?,"Di mana taring KPK? Kasus recehan puluhan juta kalian tangkap, bahkan sampai ke lubang semut! Waras kalian KPK?
",0.9178704023361206
"Menu ning panggen iki asline sederhana banget nanging sing nduwe kreatif. Sajian mie, roti lan panganan penutupe di campur karo rena-rena pilihan. Panggone asik dingge nglumpuk karo kanca-kanca. Dingge regane ora tek larang sumbut karo rasane.","Menu di tempat ini sebetulnya sederhana banget tapi pemiliknya kreatif. Sajian mie, roti dan makanan penutupnya di mix sama berbagai pilihan. Tempatnya asik buat berkumpul dengan teman-teman. Untuk harganya tidak terlalu mahal sesuai sama rasanya.","Menu di tempat ini sebenarnya sangat sederhana, tapi pemiliknya kreatif. Sajian mie, roti, dan hidangan penutup dicampur dengan berbagai pilihan. Tempatnya asyik untuk berkumpul dengan teman-teman. Untuk harganya tidak terlalu mahal sesuai dengan rasanya.",0.9695743322372437
"Restoran kanthi metode penyajian bedha. Piring panggonan mangan diganti karo godhong gedhang. Menu panganan khas sunda kanthi citarasa sing enak. Saka segi rega cukup kakancan, panggonan mangan amba lan akeh pilian meja, parkir cukup amba.","Restoran dengan metode penyajian berbeda. Piring tempat makan diganti dengan lembaran daun pisang. Menu makanan khas sunda dengan citarasa yang enak. Dari segi harga cukup bersahabat, tempat makan luas dan banyak pilihan meja, parkir cukup luas.","Restoran dengan metode penyajian yang berbeda. Piring tempat makan diganti dengan daun pisang. Menu makanan khas Sunda dengan cita rasa yang lezat. Dari segi harga cukup bersahabat, tempat makan luas dan banyak pilihan meja, parkir cukup luas.",0.9863151907920837
"Restoran alas daun nyajikake menu khas sunda sek ora beda adoh karo restoran khas sunda liyane, nanging sek nggawe beda yaiku ora nganggo piring lan mung diwenehi godhong gedhang sek diselehake ing meja sek ngganteni piring. Dadi kaya uwong ing India sek mangan didhasarkae godhong gedhang.","Restoran alas daun menyajikan menu khas sunda yang tidak jauh berbeda dengan restoran khas sunda lainnya, tapi yang membuatnya berbeda adalah tanpa piring, dan hanya diberi daun pisang yang diletakkan di meja sebagai pengganti piring. Jadi mirip orang di india yang makan beralaskan daun pisang.","Restoran Alas Daun menyajikan menu khas Sunda yang tidak jauh berbeda dengan restoran khas Sunda lainnya, tetapi yang membedakan adalah tidak menggunakan piring dan hanya diberi daun pisang yang diletakkan di meja sebagai pengganti piring. Jadi seperti orang di India yang makan menggunakan daun pisang.",0.9588283896446228
Rasa sotone miturutku pedes nanging gurih. Ngombe sirup markisa sing seger karo es liline sing enak.,Rasa sotonya menurut saya pedas tapi gurih. Minum sirup markisa yang segar sama es lilinnya yang enak.,Menurutku rasa sotonya pedas tapi gurih. Minum sirup markisa yang segar dengan es lilinnya yang enak.,0.9881603121757507
"Aku mara ning restoran iki kanggo mangan wengi bareng rencang. Aku mesen stik pithik sing sebenere aku lali jenenge. Rasane biasa banget wae, anyep. Pithike kandhel lan krasa atos lan garing banget. Ora ana sing istimewa.","Saya mengunjungi restoran ini untuk makan malam bersama teman. Saya memesan steak ayam yang sebenarnya saya lupa namanaya. Rasanya sangat biasa saja, hambar. Ayamnya tebal dan terasa keras dan kering sekali. Tidak ada yang istimewa.","Saya datang ke restoran ini untuk makan malam bersama teman. Saya memesan steak ayam yang sebenarnya saya lupa namanya. Rasanya biasa saja, dingin. Ayamnya tebal dan terasa alot serta sangat kering. Tidak ada yang istimewa.",0.970757246017456
Dhewe kan saling sengit siji liyane kawit 4 taun kepungkur.,Kita kan saling membenci satu sama lain sejak 4 tahun yang lalu.,Kami sudah saling membenci satu sama lain sejak 4 tahun lalu.,0.9739946126937866
Bapak biasane nganggo semir sepatu kiwi,Ayah biasanya memakai semir sepatu kiwi,Bapak biasanya memakai semir sepatu Kiwi.,0.9469784498214722
Richeese factory yaiku restoran waralaba sing nyajikake pithik kanthi rasa pedes kanthi macem-macem level. Cocok tenan kanggo kowe sing tresna rasa pedes.,Richeese factory adalah restaurat waralaba yang menyajikan ayam dengan rasa pedas dengan berbagai level. Sangat cocok untuk anda pecinta rasa pedas.,Richeese Factory adalah restoran waralaba yang menyajikan ayam dengan rasa pedas dengan berbagai level. Cocok sekali untuk kamu yang suka rasa pedas.,0.9615619778633118
"Pas rapat ning hotel sensa, aku pesen batagor riri nganggo aplikasi gofood / gojek. Pesenan teka ora suwe merga tibake paket batagor lan siomay wes di-pak ning plastik vakum. Rega sing enek ning aplikasi gojek / gojek urung termasuk pajek segedhe 10%.","Saat rapat di hotel sensa, saya memesan batagor riri menggunakan aplikasi gofood / gojek. Pesanan tiba dalam waktu tidak lama karena ternyata paket batagor dan siomay sudah di-pack dalam plastik vakum. Harga yang tertera dalam aplikasi gojek / gojek belum termasuk pajak sebesar 10%.","Saat rapat di hotel Sensa, saya pesan batagor Riri menggunakan aplikasi GoFood / Gojek. Pesanan datang tidak lama karena ternyata paket batagor dan siomay sudah di-pak dalam plastik vakum. Harga yang tertera di aplikasi Gojek / Gojek belum termasuk pajak sebesar 10%.",0.978937566280365
Aku moro ing restoran iki ora pas jam mangan awan. Nanging restorane lumayan rame lan untunge awakdewe isa ndang entuk panggonan lungguh. Lebar lungguh panganan lan ombenane langsung disajikake. Sambel ijone kurang karasa pedes kanggo awakdewe. Panganane enak cukup puas mangan ing kene.,Saya mengunjungi restoran ini bukan saat jam makan siang. Tapi restorannya cukup ramai dan untungnya kami bisa cepat dapat duduk. Begitu duduk makanan dan minuman langsung dihidangkan. Sambal hijaunya kurang terasa pedas buat kami. Makanan enak cukup puas makan di sini.,"Saya datang ke restoran ini tidak tepat di jam makan siang. Tetapi restorannya lumayan ramai dan untungnya kami bisa langsung mendapat tempat duduk. Setelah duduk, makanan dan minumannya langsung disajikan. Sambal hijaunya kurang terasa pedas bagi kami. Makanannya enak, cukup puas makan di sini.",0.9683524966239929
"Gampang cemburu ndelok dee guyonan karo wedokan, nanging awakdewe uduk sopo-sopone","Suka cemburu melihat doi bercanda sama cewek, tetapi kita bukan siapa-siapanya","Mudah cemburu melihat dia bercanda dengan perempuan lain, padahal aku bukan siapa-siapanya.",0.9536868333816528
Pungkasane aku mangan pesen lewat pesen kirim. Anakku seneng tenan gedel isi iwake. Restoran jaman mbien sing terkenal tenan. Regane sing cukup kajangkau kantong sak lan rasa panganane sing cukup enak.,Terakhir saya makan pesan via delivery order. Anak saya sangat suka perkedel isi daging -nya. Restoran zaman dahulu yang sangat terkenal. Harga yang cukup terjangkau kantong dan rasa masakan yang cukup enak.,Akhirnya aku makan pesanan lewat pesan antar. Anakku sangat suka perkedel isi ikannya. Restoran jaman dulu yang sangat terkenal. Harganya cukup terjangkau kantong dan rasa makanannya cukup enak.,0.962308406829834
Parkiran angel bnaget sampek muter ping 3. Saran: Parkir ning cedek hotel ae terus mlaku. Restoran ning area perumahan.,Parkiran susah bener sampai berputar 3x. Saran: Parkir di dekat hotel saja terus jalan kaki. Restoran di area perumahan.,Parkirnya susah banget sampai muter 3 kali. Saran: Parkir di dekat hotel saja terus jalan kaki. Restoran di area perumahan.,0.970432698726654
"Aku gumun karo telkomsel, kuotane akeh kok nanging cepet banget enteke, padahal ora akeh mbukak aplikasi abot. Nyurigakake","Suka heran sama telkomsel, kuotanya banyak kok tapi cepat banget abisnya, padahal tidak banyak buka aplikasi berat. Mencurigakan","Saya heran dengan Telkomsel, kuotanya banyak tapi cepat sekali habisnya, padahal tidak banyak membuka aplikasi berat. Mencurigakan.",0.9632193446159363
Bocah saiki lagek gerang wis wani nyolong,Anak sekarang baru gede sudah berani mencuri,Anak sekarang masih kecil sudah berani mencuri.,0.9102312922477722
"Nduwe kesempatan nikmati santap isuk merga lagi nginep ning hotel iki. Minangka pengunjung anyar kaya aku lan paling sing liyane isa ae bakal antusias merga suwasana santap isuk sing diwernani karo pemandangan saka sisih wetan, merga saka sisih kuwi ana kaendahan bangunan hotel sepisan kolam renange. Liyane kuwi uga ana barisan bukit lan nggunung bakal nambah pengenan dingge foto-foto.","Berkesempatan menikmati santap pagi karena sedang menginap di hotel ini. Sebagai pengunjung baru seperti saya dan mungkin yang lainnya barangkali akan antusias terhadap suasana santap pagi yang diwarnai dengan pemandangan dari sisi timur, karena dari sisi tersebut terdapat keindahan bangunan hotel berikut kolam renangnya. Selain itu juga terdapat barisan bukit dan pegunungan akan menambah keinginan untuk berfoto ria.","Memiliki kesempatan menikmati sarapan karena sedang menginap di hotel ini. Sebagai pengunjung baru seperti saya dan kebanyakan orang lain mungkin akan antusias karena suasana sarapan yang diwarnai dengan pemandangan dari sisi timur, karena dari sisi itu ada keindahan bangunan hotel dan kolam renangnya. Selain itu juga ada barisan bukit dan pegunungan yang akan menambah keinginan untuk berfoto-foto.",0.9624771475791931
"Telekomunikasi ora mung kanggo kutha gedhe, nanging uga nganthi marang daerah pelosok lan perbatasan negara cc: Telkomsel","Telekomunikasi bukan hanya untuk kota besar, tapi juga sampai ke daerah pelosok dan perbatasan negara cc: Telkomsel","Telekomunikasi bukan hanya untuk kota besar, tetapi juga menjangkau daerah pelosok dan perbatasan negara cc: Telkomsel
",0.9859645366668701
Apike wektu turu paling sithik iku limang jam.,Sebaiknya jam tidur minimal lima jam.,Sebaiknya waktu tidur minimal adalah lima jam.,0.9737945795059204
"Aku bareng kanca kerja sengaja nyoba mangan awan ning kene, kanggo panggonan kagolong cukup kapenak yen ning lantai dhuwur. Rasa pithik bakar ning kene tenan dak rekomendasikake karo sambel pelem.","Saya bersama rekan kerja sengaja mencoba makan siang di sini, untuk tempat terbilang cukup nyaman jika di lantai atas. Rasa ayam bakar di sini sangat saya rekomendasikan bersama sambal mangga.","Saya dan teman kerja sengaja mencoba makan siang di sini, tempatnya tergolong cukup nyaman jika di lantai atas. Rasa ayam bakarnya di sini benar-benar saya rekomendasikan dengan sambal mangga.",0.9682168960571289
Aku gela karo pelayanane. Siktasan aku pesen grabfood pesenen ora diterna nanging wis dimarekne. Tulung gae selektif milih tukang nyambut gawe.,Saya kecewa dengan pelayanannya. Barusan saya pesan grabfood pesanan tidak diantar tapi sudah diselesaikan. Mohon untuk selektif memilih pekerja.,"Saya kecewa dengan pelayanannya. Barusan saya pesan GrabFood, pesanan tidak diantar tapi sudah ditandai selesai. Tolong lebih selektif dalam memilih pekerja.",0.9642916321754456
"Wis ilang handphone xiaomi redmi note 5 werna gold 64 / 4 ning daerah duri kidul, jembatan lima, tambora, jakarta barat.","Telah hilang handphone xiaomi redmi note 5 warna gold 64 / 4 di daerah duri selatan, jembatan lima, tambora, jakarta barat.","Telah hilang handphone Xiaomi Redmi Note 5 warna gold 64/4 di daerah Duri Kidul, Jembatan Lima, Tambora, Jakarta Barat.",0.9287587404251099
Aku ora kuciwa karo produke apple,Saya tidak kecewa dengan produk apple,Saya tidak kecewa dengan produk Apple.,0.9641539454460144
"Youtube saben dina saya akeh iklane, njengelake!","Youtube semakin hari semakin banyak iklannya, menyebalkan!","Youtube makin hari makin banyak iklannya, menjengkelkan!
",0.9644806981086731
"Iku indomie karo mangkoke wis wira-wiri, kepisah sisan isi lan adahe.","Itu indomie sama mangkoknya sudah berkeliaran, terpisah pula isi sama wadahnya.","Itu Indomie dengan mangkuknya sudah beterbangan, terpisah juga isi dan kuahnya.",0.9310210347175598
Dhewe marang kafe iki kanggo mangan serabi. Serabine kanggo dhewe kandel banget ing bagian tengah. Akeh tenan piliah topping serabine nganti mumet milihe. Ternyata regane luwih larang saka warung setiabudi. Kuciwa.,Kami ke kafe ini untuk makan serabi. Serabinya bagi kami terlalu tebal di bagian tengah. Banyak sekali pilihan topping serabi sampai pusing memilihnya. Ternyata harganya lebih mahal dari warung setiabudi. Kecewa.,Aku pergi ke kafe ini khusus untuk makan serabi. Serabi pesananku terlalu tebal di bagian tengah. Banyak sekali pilihan topping serabinya sampai bingung memilihnya. Ternyata harganya lebih mahal dari warung Setiabudi. Kecewa.,0.9722120761871338
"Bistik murah, cocok kanggo sing anggarane cilik nanging pingin mangan murah lan wareg, kajaba bistik uga panganan liyane enak lan murah. Susanane lumayan rame, umume akeh kaluwarga utawa bocah sekolahan.","Steak murah, cocok untuk yang budgetnya kecil tapi ingin makanan murah dan kenyang, selain steak juga makanan lainnya enak dan murah. Suasananya lumayan ramai, biasanya banyak keluarga atau anak sekolahan.","Steak murah, cocok untuk yang anggarannya kecil tetapi ingin makan murah dan kenyang, selain steak juga ada makanan lain yang enak dan murah. Suasananya lumayan ramai, umumnya banyak keluarga atau anak sekolahan.",0.9862189292907715
"Pertemuan antarane pihak bank bri, bpbat sungai gelam - jambi, lan pokdakan sek ana ing desa pudak. Kanggo ngrembug bentuk panyaluran dana csr saka bank bri","Pertemuan antara pihak bank bri, bpbat sungai gelam - jambi, dan pokdakan yang ada di desa pudak. Untuk mendiskusikan bentuk penyaluran dana csr dari bank bri","Pertemuan antara pihak bank BRI, BPBAT Sungai Gelam - Jambi, dan kelompok budidaya ikan (Pokdakan) yang ada di desa Pudak. Untuk membahas bentuk penyaluran dana CSR dari bank BRI.",0.9330539107322693
"Panggonan iki menarik tenan, pemandangan apik, ana arena dolanan ing njaba kanggo sakulawarga. Tenan disaranake kanggo kaluwarga sing ndhuwe bocah cilik. Panganan halal lan menu rena-rena.","Tempat ini sangat menarik, pemandangan bagus, ada arena bermain di luar untuk sekeluarga. Sangat disarankan untuk keluarga dengan anak kecil. Makanan halal dan menu bervariasi.","Tempat ini sangat menarik, pemandangannya bagus, ada arena bermain di luar untuk sekeluarga. Sangat direkomendasikan untuk keluarga yang memiliki anak kecil. Makanannya halal dan menunya beragam.",0.9756195545196533
"Hotel arep check-in wae ruwet. Nunggu amarga ngresiki kamar suwe banget, gela lah. Iki pisanane aku mrana. Terus langsung diwenehi kesan pisanan sing ora apik.","Hotel mau  check-in aja ribet. Menunggu karena membersihkan kamar lama banget, kecewa dah. Ini pertama kalinya gue ke sana. Terus langsung dikasih first impression yang tidak bagus.","Hotel mau check-in saja ribet. Nunggu karena membersihkan kamar lama sekali, kecewa deh. Ini pertama kalinya aku ke sana. Terus langsung diberi kesan pertama yang tidak baik.",0.9726467728614807
"Amarga kartu oktrip wektu iki yaiku saka bni, mulakna isi ulang isa dilakokake ing mitra-mitra sing kerja sama karo bni.","Karena kartu oktrip saat ini adalah dari bni, maka isi ulang bisa dilakukan di mitra-mitra yang bekerjasama dengan bni.","Karena kartu oktrip kali ini adalah dari BNI, maka pengisian ulang bisa dilakukan di mitra-mitra yang bekerja sama dengan BNI.",0.9658119082450867
Ngge kabeh seh apik. Karyawane yo grapyak grapyak. Lan pemandangane apik. Nanging panganane kelarangen. Larang banget malah. Dompet kudu kandel.,Secara keseluruhannya sih bagus. Karyawanya juga ramah ramah. Dan pemandangannya bagus. Tapi makanannya terlalu mahal. Mahal banget malah. Dompet harus tebal.,Semuanya baik-baik saja. Karyawannya juga ramah-ramah. Dan pemandangannya bagus. Tapi makanannya kemahalan. Malah sangat mahal. Dompet harus tebal.,0.955209493637085
"Mangan karo kaluwarga bakal luwih nyenengake kanthi kabeh fasilitas sing ana. Lokasine sing apik, panganane sing cukup enak kanthi aneka werna pilian. Lan pemandangan lan suwasana dadi andalan","Makan bersama keluarga akan lebih menyenangkan dengan semua fasilitas yang ada. Lokasi yang bagus, makanan yang cukup enak dengan beragam pilihan. Dan pemandangan serta suasana jadi andalan","Makan bersama keluarga akan lebih menyenangkan dengan semua fasilitas yang ada. Lokasinya yang bagus, makanannya cukup enak dengan aneka pilihan. Dan pemandangan serta suasananya menjadi andalan.",0.9770336151123047
"Sega goreng mafia sing manggon ning dalan setiabudi awakdewe pilih merga pingin golek panganan sing cepet. Ditambah yaiku salah siji kuliner sing wajib diparani ning bandung. Aku milih sega goreng sing favorit ning kene yaiku sega goreng bandit sing tingkat pedese ning level 3. Panganan sing disajikne cukup cepet, nanging sayange sega goreng sing tak pesen segane atos, bumbon rempahe ketutupan.","Nasi goreng mafia yang terletak di jalan setiabudi kami pilih karena ingin mencari makanan yang cepat. Ditambah merupakan salah satu kuliner yang wajib dikunjungi di bandung. Saya memilih nasi goreng yang favorit di sini yaitu nasi goreng bandit hingga tingkat kepedasan di level 3. Makanan yang disajikan cukup cepat, namun sayangnya nasi goreng yang saya pesan nasinya keras, bumbu rempahnya tertutupi.","Nasi goreng mafia yang berada di jalan Setiabudi kami pilih karena ingin mencari makanan yang cepat. Ditambah, ini adalah salah satu kuliner yang wajib dikunjungi di Bandung. Aku memilih nasi goreng yang favorit di sini yaitu nasi goreng bandit yang tingkat pedasnya di level 3. Makanan yang disajikan cukup cepat, tapi sayangnya nasi goreng yang aku pesan nasinya keras, bumbu rempahnya tertutupi.",0.9783279895782471
Iki yaiku sop stengkel paling enak ning aceh tamiang.,Ini adalah sop stengkel terenak di aceh tamiang.,Ini adalah sop sumsum paling enak di Aceh Tamiang.,0.9144104719161987
Kanggo kakang admin tulung doooooonk bales pesen langsungku,Untuk kakak admin tolong doooooonk balas pesan langsung saya,"Untuk kakak admin, tolong dooooong balas pesan langsungku.",0.9354084730148315
"Pemandangan sing utama ing sky lounge grandia iki memang isa ngeculake keselmu. Malah isa dadi, para pelancong nggolek area iki ndhisik, dibandingake ngaso ing kamar.","Pemandangan yang utama di sky lounge grandia ini memang dapat melepas penat anda. Bahkan bisa jadi, para pelancong mencari area ini terlebih dahulu, dibandingkan beristirahat di kamar.","Pemandangan utama di sky lounge Grandia ini memang bisa menghilangkan lelahmu. Bahkan bisa jadi, para pelancong mencari area ini terlebih dahulu, dibandingkan beristirahat di kamar.",0.9721089601516724
"Dhewe teka panggonan iki amarga lokasine sing cedhak karo panggonan dhewe nginep. Dhewe mesen sega bakar lan pasta. Sega bakare enak, akeh pilian, lan ora pedes, isa kanggo bocah-bocah. Dene pasta mung ana sak macem, nanging rasane uga enak. Rega panganan uga ora larang lan kajangkau kanggo panganan ing ngisor 30 ewu. Ing panggonan iki uga gratis wifi.","Kami mengunjungi tempat ini karena lokasinya yang berdekatan dengan tempat kami menginap. Kami memesan nasi bakar dan pasta. Nasi bakarnya enak, banyak pilihan, dan tidak pedas, bisa untuk anak-anak. Sedang pasta hanya ada satu macam, namun rasanya pun enak. Harga makanan pun tidak mahal dan terjangkau untuk makanan di bawah 30 ribu. Di tempat ini juga gratis wifi.","Kami datang ke tempat ini karena lokasinya yang dekat dengan tempat kami menginap. Kami memesan nasi bakar dan pasta. Nasi bakarnya enak, banyak pilihan, dan tidak pedas, bisa untuk anak-anak. Sementara pasta hanya ada satu macam, tetapi rasanya juga enak. Harga makanan juga tidak mahal dan terjangkau untuk makanan di bawah 30 ribu. Di tempat ini juga gratis wifi.",0.9905045032501221
"Kanggo ngenthukne pemandangan sing apik kanthi cahyo lampu warna-warni, apike teka ing wayah wengi. Amarga nduweni latar mburi pemandangan jembatan Pasupati sing dadi simbol kota.","Untuk mendapatkan pemandangan yang bagus dengan cahaya lampu warna-warni, sebaiknya berkunjung pada malam hari. Karena memiliki latar belakang pemandangan jembatan Pasupati yang merupakan simbol kota.","Untuk mendapatkan pemandangan yang indah dengan cahaya lampu warna-warni, sebaiknya datang pada malam hari. Karena memiliki latar belakang pemandangan jembatan Pasupati yang menjadi simbol kota.",0.9935042858123779
"Aku teka ning resto sapulidi iki merga ana rekomendasi saka internet sing tau tak waca lak pemandangan sing apik banget lan panggon mangan pas ning sawah sing nggarai aku sir teka nyang panggon iki. Nanging pas aku teka kabeh ganti dadi elek, mulai panggon parkir sing isa diarani enek, dalan akses amoh lan panggon akses sing cilik.","Saya datang ke resto sapulidi ini karena rekomendasi dari internet yang pernah saya baca bahwa pemandangan yang sangat bagus dan tempat makan tepat di sawah yang membuat saya tertarik untuk datang ke tempat ini. Namun ketika saya sampai semua hal berubah menjadi buruk, mulai dari tempat parkir yang bisa dikatakan tersedia, jalan akses rusak dan kecilnya tempat akses.","Saya datang ke restoran Sapulidi ini karena ada rekomendasi dari internet yang pernah saya baca bahwa pemandangannya sangat bagus dan tempat makannya pas di sawah yang membuat saya ingin datang ke tempat ini. Tetapi, pas saya datang semua berubah menjadi jelek, mulai dari tempat parkir yang bisa dibilang ada, jalan akses rusak, dan tempat akses yang kecil.",0.9673125743865967
"Amarga ngelih, aku pesen indomie.","Karena lapar, saya pesan indomie.","Karena lapar, aku memesan Indomie.",0.9845324754714966
"Sate wedhus lan gule wedhuse maknyus, penyajian panganane uga cepet tenan. Panggonane cukup resik","Sate kambing dan gulai kambingnya maknyus, penyajian makanannya juga sangat cepat. Tempatnya cukup bersih","Sate kambing dan gulai kambingnya maknyus, penyajian makanannya juga cepat sekali. Tempatnya cukup bersih.",0.9930267333984375
"Sup guramene enak, pelayanane cepet, grapyak. Restoran resik. Amarga porsi sega sithik tenan, kanggo sing doyan mangan mesthi nambah.","Sup guramenya enak, pelayanan cepat, ramah. Restoran bersih. Karena porsi nasi sangat sedikit, buat yang doyan makan pasti menambah.","Sup guraminya enak, pelayanannya cepat, ramah. Restorannya bersih. Karena porsi nasinya sangat sedikit, bagi yang suka makan pasti akan menambah.",0.9679015278816223
"Restorane ana pemandangan curuge, panggonan mangan kaya saung. Saunge ana akeh saka ngisor munggah nganthi ing ndhuwur, saya munggah saya katon pemandangan curuge.","Restorannya ada pemandangan air terjunnya, tempat makan berupa saung. Saungnya ada banyak dari bawah naik hingga ke atas, semakin ke atas semakin terlihat pemandangan air terjunnya.","Restorannya memiliki pemandangan air terjun, tempat makannya seperti saung. Saungnya ada banyak dari bawah naik sampai ke atas, semakin naik semakin terlihat pemandangan air terjunnya.",0.9826568961143494
"Pelayane grapyak. Nggarai terus pingin teka maneh. Kebeneran uga kerep nginep ning kene, hotele resik lan pemandangane saka kamar hotel apik.","Pelayannya ramah. Bikin selalu ingin datang kembali. Kebetulan juga sering menginap di sini, hotelnya bersih dan pemandangan dari kamar hotel bagus.","Pelayannya ramah. Membuat jadi ingin datang lagi. Kebetulan juga sering menginap di sini, hotelnya bersih dan pemandangannya dari kamar hotel bagus.",0.9895669221878052
"Mangan mbengi karo kabeh kaluwarga ing dina ulang taun bojo ndhuweni kesan tenan kanthi suasana sing narik ati ing hotel. Pelayanan sing grapyak tenan saka mas tian. Ora kudu ngenteni suwi, panganan lan ombean sing dipesen.","Makan malam bersama seluruh keluarga di hari ulang tahun suami menjadi sangat berkesan dengan suasana yang menawan di hotel. Pelayanan yang sangat ramah dari mas tian. Tidak perlu menunggu lama, makanan dan minuman yang dipesan.","Makan malam bersama seluruh keluarga di hari ulang tahun istri sangat berkesan dengan suasana yang menarik di hotel. Pelayanan yang ramah sekali dari Mas Tian. Tidak perlu menunggu lama, makanan dan minuman yang dipesan langsung datang.",0.9717708826065063
"Obong terus pak, suwek-suwek wae persatuan lan kesatuan Indonesia nganggo retorika mu.","Bakar terus pak, cabik-cabik saja persatuan dan kesatuan Indonesia dengan retorika mu.","Bakar terus pak, sobek-sobek saja persatuan dan kesatuan Indonesia dengan retorikamu.",0.9662269353866577
"Manggon ana ing pinggiran bukit, panggonane amba, nyenengake lan nyaman. Nduwe pemandangan sek nyenengake mripat, kaya gunung, kebon, lan kutha bandung nalika didhelok saka ndhuwur. Pegawaine cekatan lan grapyak. Menu panganane akehe menu steak sanajan uga ana menu sega goreng, gurame, lan liya-liyane. Restoran sing direkomendasikake kanggo diparani nalika teka ing bandung.","Terletak di tepi bukit, tempatnya luas, menyenangkan dan nyaman. Memiliki pemandangan yang memanjakan mata, seperti gunung, perkebunan, dan kota bandung jika dilihat dari atas. Pegawainya cekatan dan ramah. Menu makanan di dominasi oleh menu steak walaupun ada juga menu nasi goreng, gurame, dll. Restoran yang direkomendasikan untuk dikunjungi ketika datang ke bandung.","Terletak di pinggir bukit, tempatnya luas, menyenangkan, dan nyaman. Memiliki pemandangan yang memanjakan mata, seperti gunung, kebun, dan kota Bandung ketika dilihat dari atas. Pelayannya cekatan dan ramah. Menu makanannya kebanyakan menu steak, meskipun juga ada menu nasi goreng, gurame, dan lain-lain. Restoran yang direkomendasikan untuk dikunjungi ketika datang ke Bandung.",0.9707660675048828
Bca lagi ngadakake acara ulang tahun lan ngundang kabeh karyawane kanggo melu acara kuwi.,Bca sedang mengadakan acara ulang tahun dan mengundang seluruh karyawannya untuk mengikuti acara tersebut.,BCA sedang mengadakan acara ulang tahun dan mengundang semua karyawannya untuk mengikuti acara tersebut.,0.9910537004470825
"Kawit mbukak cendana bistro aku wis njajal panganan, dinggo aku kurang cocok, panganane biasa-biasa ora ana sing spesial.","Sejak buka cendana bistro saya sudah coba makanan, untuk saya kurang cocok, makanannya biasa-biasa tidak ada yang spesial.","Sejak dibukanya Cendana Bistro, saya sudah mencoba makanannya, menurut saya kurang cocok, makanannya biasa-biasa saja tidak ada yang spesial.",0.9667137265205383
Minimal biaya transaksi wulan 11 sing kudune dibalekake wulan 12 wingi ora mlebu ing rekeningku kie.,Minimal biaya transaksi bulan 11 yang harusnya direfund bulan 12 kemarin tidak masuk ke rekening saya nih.,Biaya transaksi minimum bulan 11 yang seharusnya dikembalikan bulan 12 kemarin belum masuk ke rekeningku ini.,0.9491574168205261
"Sakwise kalap blanja, dhewe mutusake kanggo mangan ing warung tenda pinggir dalan. Ana ing lelungan marang hotel, dhewe lewat dalan cilik kanggo nyingkir saka macet, lan ketemu warteg iki. Pas teka rame banget! Dhewe kudu antri sediluk. Dhewe pesen sega uduk, pithik bakar madu, usus, kubis goreng. Rasane enak! Pithik bakar madune parah nggawe kemaningan banget!","Setelah kalap belanja, kami memutuskan untuk makan di warung tenda pinggir jalan. Dalam perjalanan pulang ke hotel, kita lewat jalan kecil untuk menghindari macet, dan bertemu warteg ini. Pas datang ramai banget! Kita mesti antre sebentar. Kami pesan nasi uduk, ayam bakar madu, usus, kol goreng. Rasanya enak! Ayam bakar madunya parah bikin ketagihan banget!","Setelah selesai berbelanja, kami memutuskan untuk makan di warung tenda pinggir jalan. Dalam perjalanan menuju hotel, kami melewati jalan kecil untuk menghindari macet, dan menemukan warteg ini. Saat tiba, sangat ramai! Kami harus antri sebentar. Kami memesan nasi uduk, ayam bakar madu, usus, kubis goreng. Rasanya enak! Ayam bakar madunya benar-benar bikin ketagihan!
",0.9667203426361084
Beritane sing ora berkualitas lan ora ndidik pol. Kebeg kepentingan lan golek rai.,Pemberitaanya yang tidak berkualitas dan sangat tidak mendidik. Penuh kepentingan dan pencitraan,Berita yang tidak berkualitas dan sangat tidak mendidik. Penuh kepentingan dan mencari muka.,0.9457906484603882
Bakul alon nanggepi. Ana masalah suwe diurus. Nganti saiki barang urung diganti,Penjual lambat menanggapi. Ada kendala lama diurus. Sampai sekarang barang belum diganti,Penjual perlahan menanggapi. Ada masalah lama yang sedang diurus. Sampai sekarang barang belum diganti.,0.9673959016799927
Aja lewatke diskon langsung nganti Rp 10 yuta ning kene!,Jangan lewatkan diskon langsung hingga Rp 10 juta di sini!,"Jangan lewatkan diskon langsung hingga Rp 10 juta di sini!
",1.0
Pt kami lan 12 bank wis tapak asma pembiayaan lrt jabodetabek,Pt kami dan 12 bank sudah menandatangani pembiayaan lrt jabodebek,Perusahaan kami dan 12 bank telah menandatangani pembiayaan LRT Jabodebek.,0.940762996673584
"Nembe ngerti babagan panggonan iki saka kanca, wektu dhewe teka pengunjunge ora patia akeh, dadi dhewe milih kanggo lungguh ing lantai loro karo nikmati pemandangan ing njaba. Mbengi kuwi lagi ana pagelaran musik, aku kurang ngerti apa pagelaran musik iki ana saben dina apa ora.","Baru tahu tentang tempat ini dari teman, waktu kami datang pengunjungnya tidak terlalu banyak, jadi kami memilih untuk duduk di lantai dua sambil menikmati pemandangan di luar. Malam itu sedang ada pertunjukan musik, saya kurang tahu apakah pertunjukan musik ini ada tiap hari atau tidak.","Baru tahu tentang tempat ini dari teman, waktu sendiri datang pengunjungnya tidak terlalu banyak, jadi leluasa memilih untuk duduk di lantai dua sambil menikmati pemandangan di luar. Malam itu sedang ada pertunjukan musik, aku kurang tahu apakah pertunjukan musik ini ada setiap hari atau tidak.",0.9862800240516663
Aku pingin tuku 20 tiket dinggo laga persebaya vs arema sesok.,Saya ingin beli 20 tiket untuk laga persebaya vs arema besok.,Saya ingin membeli 20 tiket untuk pertandingan Persebaya vs Arema besok.,0.9643970727920532
"Panganan uwis oke, nanging kanggo nata panggonan lungguh kurang, katon rame banget dadi ora nyaman, rega lumayan kanthi kualitas sing kurang.","Makanan sudah oke, namun untuk penataan tempat duduk kurang, terlihat terlalu ramai sehingga tidak nyaman, harga lumayan dengan kualitas yang kurang.","Makanan sudah oke, tapi untuk menata tempat duduk kurang, terlihat ramai sekali jadi tidak nyaman, harga lumayan dengan kualitas yang kurang.",0.9804275035858154
"Aku seneng suwi-suwi ning kene, merga kahanane enak, pencahayaane apik, ana plihan isa ning jaba nggen utawa ning jero. Panganane lumayan.","Saya senang berlama-lama di sini, karena suasananya enak, pencahayaannya bagus, ada pilihan bisa di luar ruangan atau di dalam. Makanannya lumayan.","Saya senang berlama-lama di sini, karena suasananya enak, pencahayaannya bagus, ada pilihan bisa di luar atau di dalam. Makanannya lumayan.",0.9965385794639587
Kabeh sing diomongne pak rocky iku ora ana dasare. Nggumun yo kok isa dadi profesor.,Semua yang diomongin sama pak rocky itu tidak berdasar. Heran ya kok bisa jadi professor.,Semua yang dikatakan Pak Rocky itu tidak ada dasarnya. Heran ya kok bisa jadi profesor.,0.954537570476532
"Restoran iki nduweni lokasi sing prima ing bukit-bukit sing nduweni hawa sejuk lan pemandangan ijo nyegerake. Mesthi wae tujuan utamane yaiku masakan khas nusantara sing nikmat. Cekake, ngunjungi mrene dhewe entuk ngelakokake sisan wisata ilat, mripat, lan jiwa.","Restoran ini memiliki lokasi yang prima di perbukitan yang memiliki udara sejuk dan pemandangan hijau menyegarkan. Tentu saja tujuan utamanya adalah masakan khas nusantara yang nikmat. Singkatnya, berkunjung ke sini kita dapat melakukan sekaligus wisata lidah, mata, dan jiwa.","Restoran ini memiliki lokasi yang prima di perbukitan yang berhawa sejuk dan pemandangan hijau menyegarkan. Tentu saja, tujuan utamanya adalah masakan khas nusantara yang nikmat. Singkatnya, mengunjungi tempat ini seperti melakukan wisata lidah, mata, dan jiwa sekaligus.",0.9814484119415283
"Bojoku sek ora terlalu seneng karo ramen, kanggo siki deknen ngomong nek enak lan gurih. Deknen malah mesen maneh kanggo deknen sakwise nyicipi pesenanku.","Istri saya yang tidak terlalu suka ramen, untuk kali ini dia bilang enak dan gurih. Dia malah memesan lagi untuk dirinya setelah mencicipi pesanan saya.","Istriku yang biasanya tidak terlalu suka ramen, untuk kali ini dia bilang enak dan gurih. Dia bahkan memesan lagi untuk dirinya sendiri setelah mencicipi pesananku.",0.9808638095855713
Panggone nyaman. Rasane enak. Regane uga saat. Weduse ora prengus. Pokoke cocok kanggo wong sing seneng njajan wedus.,Tempatnya nyaman. Rasanya enak. Harganya juga saat. Kambingnya tidak bau. Pokoknya recomend buat pecinta kuliner kambing.,Tempatnya nyaman. Rasanya enak. Harganya juga pas. Daging kambingnya tidak prengus. Pokoknya cocok untuk orang yang suka jajan kambing.,0.9419502019882202
"Salah siji restoran panganan laut paling apik ing kota iki. Apike teka pas preinan dina setu, yuyu isih apik lagi teka. Rega kompetitif, ora murah pancen nanging ora kelarangen kok.","Salah satu restoran seafood terbaik di kota ini. Sebaiknya datang pas liburan hari sabtu, kepiting masih bagus baru datang. Harga bersaing, tidak murah memang tapi tidak kemahalan kok.","Salah satu restoran makanan laut terbaik di kota ini. Sebaiknya datang saat liburan di hari Sabtu, kepitingnya masih segar baru datang. Harga kompetitif, tidak murah memang tapi tidak terlalu mahal kok.",0.9650173783302307
"Kanggo nggolek batagor sing asli, kowe ora perlu adoh-adoh nggoleke marang pelosok, cukup arahke kendaraan marang dalan saka djunjunan, dhewe isa nikmati batagor asli sing enak kanthi panggonan sing kapenak. Rasa batagor sing ditawakake ngugah salira tenan amarga batagor disajikake garing-garinge lan diguyang kuwah kacang sing seger","Untuk menemukan batagor yang otentik, anda tak perlu jauh-jauh mencarinya ke pelosok, cukup arahkan kendaraan ke jalan dari djunjunan, kita dapat menikmati batagor asli yang enak dengan tempat yang nyaman. Rasa batagor yang ditawarkan sangat menggugah selera karena batagor disajikan garing-garingnya serta disiram kuah kacang yang segar","Untuk mencari batagor yang asli, kamu tidak perlu jauh-jauh mencarinya sampai pelosok, cukup arahkan kendaraan ke jalan Djunjunan, kamu bisa menikmati batagor asli yang enak dengan tempat yang nyaman. Rasa batagor yang ditawarkan benar-benar menggugah selera karena batagor disajikan kering dan disiram kuah kacang yang segar.",0.9693507552146912
"Citarasane biasa wae, ora ana sek spesial. Kudune ngenteni cukup suwi nganti teka panganane, pelayane uga kurang grapyak.","Citarasa biasa saja, tidak ada yang spesial. Harus menunggu cukup lama datangnya makanan, pelayan juga kurang ramah.","Rasanya biasa saja, tidak ada yang spesial. Harus menunggu cukup lama sampai makanannya datang, pelayannya juga kurang ramah.",0.9772489070892334
Roti ulang tahune spesial nganggo ndhog sakpiring ditambah mozzarella kanggo kowe,Kue ulang tahun spesial pakai telur sepiring plus mozzarella buat kamu,Roti ulang tahun spesial dengan telur sepiring ditambah mozzarella untukmu.,0.9439060688018799
Arep nesu marang indosat! Kok sinyale ilang terus si,Mau marah ke indosat! Kok sinyalnya hilang melulu si,Mau marah sama Indosat! Kok sinyalnya hilang terus sih,0.9260336756706238
"Omah mangan sing ngusung konsep tradisional alias jadul iki pantes kowe coba. Kejaba rasane sing pas, warung iki duweni sawetara perkara unik kaya piring sing dienggo yaiku piring seng jaman mbiyen karo gelas ombeane. Jenis menune aneka werna banget. Lan sakkabehe enak enak!","Rumah makan yang mengusung konsep tradisional alias jadul ini patut anda coba. Selain rasanya yang pas, warung ini memiliki beberapa hal unik seperti piring yang digunakan adalah piring seng zaman dahulu berikut gelas minumnya. Jenis menunya sangat beragam. Dan semuanya enak enak!","Rumah makan yang mengusung konsep tradisional alias jadul ini pantas kamu coba. Selain rasanya yang pas, warung ini memiliki beberapa hal unik seperti piring yang dipakai yaitu piring seng zaman dulu beserta gelas minumnya. Jenis menunya sangat beragam. Dan semuanya enak enak!
",0.9906731843948364
Kfc Palembang Square kerep dadi peyelamat pas luwe pas aku nginep ning sekitar hotel ning lokasi iku. Kabeh wong seneng kfc. Dadi. Kfc ning lokasi iki nyepetne sampeyan dinggo pesen pas sampeyan keluwen ning jero hotel.,Kfc Palembang Square seringkali menjadi penyelamat di saat lapar saat saya menginap di sekitaran hotel di lokasi itu. Semua orang suka kfc. So. Kfc di lokasi ini menyegerakan anda untuk memesan saat anda kelaparan di dalam hotel.,"KFC Palembang Square sering menjadi penyelamat saat lapar ketika saya menginap di sekitar hotel di lokasi itu. Semua orang suka KFC. Jadi, KFC di lokasi ini mempercepat Anda untuk memesan saat Anda kelaparan di dalam hotel.",0.9687942266464233
Aneka werna ombean seger kasadia awit saka jus buah nganti rena-rena teh.,Berbagai macam minuman segar tersedia mulai dari jus buah sampai aneka teh.,"Berbagai macam minuman segar tersedia, mulai dari jus buah hingga berbagai macam teh.",0.9699223637580872
"Dekwingi 10 Maret 2015, aku dijak anakku mangan awan ning kene. Aku pesen urang kremes lan jangan asem. Bener-bener enak. Lan sing spesial ning kene yaiku sambele, pedes nanging pancet gelem nambah. Jus blackberryne uga enak.","Kemarin 10 Maret 2015, saya diajak anak saya makan siang di sini. Saya pesan udang kremes dan sayur asam. Betul-betul enak. Dan yang spesial di sini adalah sambalnya, pedas tapi tetap mau menambah. Jus blackberrynya juga enak.","Kemarin 10 Maret 2015, saya diajak anak saya makan siang di sini. Saya pesan udang kremes dan sayur asem. Benar-benar enak. Dan yang spesial di sini adalah sambalnya, pedas tapi tetap mau nambah. Jus blackberry-nya juga enak.",0.9847972393035889
Ndhuwe restoran kudu mewah rapi mosok iki lumuten jamuren pelayane kurang muasake mosok aku ditumpahi banyu sek ombeyane ana madune aku iki alergi madu,Punya restoran harus mewah rapi masa ini berlumut berjamur pelayan kurang memuaskan masa saya ditumpahkan air mana minumnya ada madu saya itu alergi madu,"Punya restoran harus mewah rapi, masa ini berlumut berjamur, pelayannya kurang memuaskan, masa saya ditumpahi air yang minumannya ada madunya, saya ini alergi madu.",0.9457395076751709
"Aku nembe bae ganti kartu sing rusak, nanging tetep ora ana sinyal.","Saya baru saja ganti kartu yang rusak, tapi tetap tidak ada sinyal.","Saya baru saja mengganti kartu yang rusak, tetapi tetap tidak ada sinyal.",0.9952139258384705
Adohi narkoba yaiku salah siji cara sing isa digunakake kanggo ningkatake kualitas anak bangsa.,Jauhi narkoba adalah salah satu cara yang bisa digunakan untuk meningkatkan kualitas anak bangsa.,Menjauhi narkoba adalah salah satu cara yang bisa digunakan untuk meningkatkan kualitas anak bangsa.,0.9823650121688843
"Kafe iki ndhuweni arsitektur bangunan kang apik banget. Amarga penasaran, aku njupuk wektu muteri karo ngenteni panganan teka. Ana galeri sing kebak karo koleksi-koleksi kayu lan ing njaba galeri, katon pemandangan bandung saka ndhuwur. Ing sakitare uga akeh kursi kang digawe saka kayu lan uga watu-watu. Saka panganane, regane kalebu lumayan standar cocok karo kafe-kafe. Aku seneng suasanane.","Kafe ini memiliki arsitektur bangunan yang sangat bagus. Karena penasaran, saya meluangkan waktu berkeliling sembari menunggu makanan datang. Ada galeri yang penuh dengan koleksi-koleksi kayu dan di luar galeri, tampak pemandangan bandung dari ketinggian. Di sekitar banyak juga kursi terbuat dari kayu dan juga bebatuan. Dari sisi makanan, harganya termasuk relatif standar sesuai dengan cafe-cafe. Saya suka suasananya.","Kafe ini memiliki arsitektur bangunan yang sangat bagus. Karena penasaran, aku meluangkan waktu berkeliling sambil menunggu makanan datang. Ada galeri yang penuh dengan koleksi-koleksi kayu dan di luar galeri, terlihat pemandangan Bandung dari atas. Di sekitarnya juga banyak kursi yang terbuat dari kayu dan juga batu-batu. Dari makanannya, harganya termasuk lumayan standar cocok dengan kafe-kafe. Aku suka suasananya.",0.9779054522514343
"Nganggoa kunci duplikat, bank bri ing tengah kutha dibobol maling, dhuwit rp 1 miliar muspra.","Gunakan kunci duplikat, bank bri di pusat kota dibobol maling, uang rp 1 miliar lenyap.","Menggunakan kunci duplikat, bank BRI di tengah kota dibobol maling, uang Rp 1 miliar lenyap.",0.9740141034126282
"Mbengi sekitar jam pituan dijak pelanggan marang panggonan mangan iki, umume sih panganane luwih akeh sek di goreng-goreng ngono kaya pithik, babat, usus, ati ampela, nanging miturutku sih rasane biasa wae, lan minyake ing panganan akeh banget. Nanging variane cukup akeh:","Malam sekitar jam tujuan diajak klien ke tempat makan ini, over all sih makanannya lebih banyak yang di goreng-goreng begitu kayak ayam, babat, usus, ati ampela, tapi menurut saya sih rasanya biasa saja, dan minyaknya di makanan terlalu banyak. Tapi variannya cukup banyak:","Tadi malam sekitar jam tujuh diajak pelanggan ke tempat makan ini, umumnya sih makanannya lebih banyak yang digoreng-goreng gitu seperti ayam, babat, usus, ati ampela, tapi menurutku sih rasanya biasa saja, dan minyaknya di makanan banyak banget. Tapi variannya cukup banyak:
",0.9708329439163208
"Hai angga, dingge penerbitan tiket owahan jadwal kudu nglakokne pembayaran disik ya.","Hai angga, untuk penerbitan tiket perubahan jadwal diharuskan melakukan pembayaran dulu ya.","Hai Angga, untuk penerbitan tiket perubahan jadwal, harus melakukan pembayaran dulu ya.",0.979623019695282
Masku dodol iphone 8 kanggo tuku ps5,Kakak lelaki saya menjual iphone 8 untuk membeli ps5,Kakakku menjual iPhone 8 untuk membeli PS5.,0.9144420027732849
Aku mbela-mbelani saka bogor 7 jam kanggo mangan sup buntute nanging aku enteni saka jam 8.30 hurung buka uga. Akhire aku teka jam 10.00. Pesen sup buntute hurung ana kanthi alesan mau mbengi rame dadi kokine isih kesel. Wow alesan macem apa kaya kuwi? Beda tenan wektu aku mangan 1 taun kepungkur ya. Panggonane reged tenan kaya ora niat ndhuwe usaha.,Saya bela-belain dari bogor 7 jam demi makan sup buntutnya tetapi saya tunggu dari jam 8.30 belum buka juga. Akhirnya saya datang jam 10.00. Pesan sup buntut belum ada dengan alasan tadi malam ramai jadi chefnya masih tepar. Wow alasan macam apa seperti itu? Beda sekali waktu saya makan 1 tahun yang lalu ya. Tempat sangat kotor seperti tidak niat punya usaha.,Aku membela-belakan dari Bogor 7 jam untuk makan sup buntut tapi aku menunggu dari jam 8.30 belum buka juga. Akhirnya aku datang jam 10.00. Pesan sup buntut belum ada dengan alasan semalam ramai jadi kokinya masih kecapekan. Wow alasan macam apa seperti itu? Beda sekali waktu aku makan 1 tahun lalu ya. Tempatnya kotor sekali seperti tidak niat punya usaha.,0.9693735241889954
"Kanggo ngecek layanan mandiri verified by visa vbv ora isa lewat layanan mandiri call 14000, nanging mung isa lewat email lan kantor cabang bank mandiri.","Untuk pengecekan layanan mandiri verified by visa vbv tidak dapat melalui layanan mandiri call 14000, namun hanya bisa melalui email dan kantor cabang bank mandiri.","Untuk pengecekan layanan mandiri Verified by Visa (VbV) tidak bisa melalui layanan mandiri call 14000, tetapi hanya bisa melalui email dan kantor cabang Bank Mandiri.",0.9653406143188477
"Kudu njajal nggo nyantai utawa mangan mbengi nang 18th iki, pemandangan sek katon ki apik lan sek dadi daya tarik nang 18th yaiku ndue mester kaca. Regane lumayan larang amarga panggonane ana ing trans hotel, namung unda-undi karo rasa kepenake.","Harus coba untuk bersantai atau makan malam di the 18th ini, pemandangan yang didapat baik dan yang menjadi daya tarik di the 18th terdapat lantai kaca. Untuk harga cukup tergolong mahal karena terletak di trans hotel, tetapi sebanding dengan rasa kenyamanannya.","Anda harus mencoba bersantai atau makan malam di The 18th ini, pemandangan yang terlihat bagus dan yang menjadi daya tarik di The 18th adalah memiliki master kaca. Harganya lumayan mahal karena lokasinya ada di Trans Hotel, namun sebanding dengan kenyamanannya.",0.9638040065765381
Salah siji mal nganggo konsep sing lumayan unik. Akeh pilihan restoran dadi cocok dingge ngentekne wektu bareng kanca-kanca.,Salah satu mal dengan konsep yang cukup unik. Banyak pilihan restoran sehingga cocok untuk menghabiskan waktu bersama teman-teman.,Salah satu mal dengan konsep yang lumayan unik. Banyak pilihan restoran jadi cocok untuk menghabiskan waktu bersama teman-teman.,0.9918710589408875
"Lokasine ana ing dalam utama dadi gampang dhewe kanggo tekan panggonane, yen ora nduwe kendaraan dhewe iki bisa ditekani kanggo kendaraan umum. Menu panganane akeh tenan lan ana pirang-pirang menu sing anyar pisanan aku nemu ing kedai iki, rasane enak kanggo rega sing standar, panggonane kapenak tenan.","Lokasinya berada di jalan utama sehingga memudahkan kami untuk mencapai tempatnya, jika tidak memiliki kendaraan pribadi tempat ini dapat dijangkau dengan kendaraan umum. Menu makanannya sangat banyak dan ada beberapa menu yang baru pertama kali saya temukan di kedai ini, rasanya pun enak dengan harga yang standar, tempatnya sangat nyaman.","Lokasinya berada di jalan utama jadi sangat mudah untuk mencapai tempatnya, jika tidak memiliki kendaraan sendiri bisa dijangkau dengan kendaraan umum. Menu makanannya sangat banyak dan ada beberapa menu yang baru pertama kali saya temui di kedai ini, rasanya enak dengan harga yang standar, tempatnya sangat nyaman.",0.9849802851676941
Panggonan iki ora cocok kanggo kaluwarga sing nggawa bayi. Dalanane curam tenan. Kanggo anjungan foto ing njaba mung entuk diisi  paling akeh 10 uwong nanging isih akeh sing meksa munggah kanggo foto.,Tempat ini tidak cocok untuk keluarga yang membawa anak balita. Jalanan sangat curam. Untuk anjungan foto di luar hanya boleh diisi max 10 orang tetapi masih banyak yang memaksa naik untuk berfoto.,Tempat ini tidak cocok untuk keluarga yang membawa bayi. Jalannya sangat curam. Untuk anjungan foto di luar hanya boleh diisi paling banyak 10 orang tetapi masih banyak yang memaksa naik untuk foto.,0.9818608164787292
"Panggonan iki salah sawijine panggonan favoritku kanggo ndhelok bogor ing dina mbengi, kanthi suwasanane sing kapenak dikancani karo panganan lan ombeane lan pelayanane sing grapyak. Cahya kutha sing tenan-tenan ayu isa kethok saka kene. Panggonan sing direkomendasikake kanggo ngentekake wektu bareng pasangan, kaluwarga utawa kanca raket.","Tempat ini salah satu tempat favourite saya untuk melihat bogor di malam hari, dengan suasananya yang nyaman ditemani dengan makanan dan minumannya serta pelayanannya yang ramah. Cahaya kota yang benar-benar indah bisa terlihat dari sini. Tempat yang rekomendasi untuk menghabiskan waktu bersama pasangan, keluarga atau sahabat.","Tempat ini adalah salah satu tempat favoritku untuk menikmati pemandangan Bogor di malam hari, dengan suasananya yang nyaman ditemani makanan dan minuman yang enak serta pelayanannya yang ramah. Pemandangan lampu kota yang sangat indah bisa terlihat dari sini. Tempat yang direkomendasikan untuk menghabiskan waktu bersama pasangan, keluarga, atau teman dekat.",0.9628593325614929
"Gela karo proses mbatalne tiket, wis 43 dina nanging ora ndang ditransfer. loket ora gelem ngelayani","Kecewa dengan proses pembatalan tiket, sudah 43 hari tapi tak kunjung ditransfer. loket tidak mau melayani","Kecewa dengan proses pembatalan tiket, sudah 43 hari tetapi belum juga ditransfer. Loket tidak mau melayani.",0.9738138318061829
"Pilian mangan lan ngombene akeh kanggo dipilih. Lan panggone gede, dibagi dadi pirang-pirang bagian lan konsep. Lak rega cukupan pas kanggo ning sak.","Pilihan makan dan minuman banyak untuk dipilih. Dan tempatnya besar, dibagi menjadi beberapa bagian dan konsep. Untuk harga cukup pas buat di kantong.","Pilihan makanan dan minumannya banyak untuk dipilih. Dan tempatnya besar, dibagi menjadi beberapa bagian dan konsep. Harganya juga cukup sesuai dengan kantong.",0.9723802804946899
"Restoran gaya jaman bityen. Ana display kue-kue, es krim uga. Suwasanane nyaman. Panganan khas omahan. Isa dinggo rombongan utawa karo kaluwarga. Panganane enak. Sega ulame enak. Sega tutug oncome uga oke. Masakan eropa, asia, nusantara kasadia ning kene. Karek milih. Bocah-bocah seneng mangan es krime ning kene.","Restoran bergaya zaman dahulu. Ada display kue-kue, es krim juga. Suasana nyaman. Makanan khas rumahan. Bisa untuk rombongan maupun dengan keluarga. Makannya enak. Nasi ulamnya enak. Nasi tutug oncomnya juga oke. Masakan eropa, asia, nusantara tersedia di sini. Tinggal pilih. Anak-anak suka makan es krimnya di sini.","Restoran bergaya zaman dulu. Ada pajangan kue-kue, es krim juga. Suasananya nyaman. Makanan khas rumahan. Bisa untuk rombongan atau bersama keluarga. Makanannya enak. Nasi ulamnya enak. Nasi tutug oncomnya juga oke. Masakan Eropa, Asia, Nusantara tersedia di sini. Tinggal pilih. Anak-anak senang makan es krim di sini.",0.9798546433448792
"Salah sijine jeneng batagor sing kondhang ing bandung. Rasane nikmat, kanggo rega per buwahe rp. 10 ewu. Pesen 3 buwah kanggo aku cukup maregi amarga ukuran per buwahe cukup gedhe.","Salah satu nama batagor yang terkenal di bandung. Rasanya nikmat, untuk harga per buahnya rp. 10 ribu. Order 3 buah untuk saya cukup mengenyangkan karena ukurannya per buahnya cukup besar.","Salah satu nama batagor yang terkenal di Bandung. Rasanya nikmat, untuk harga per buahnya Rp 10 ribu. Pesan 3 buah untuk saya cukup memuaskan karena ukuran per buahnya cukup besar.",0.9735518097877502
Tau percaya karo body lotion citra nggarai wulu tambah akeh,Pernah percaya kalau body lotion citra bikin bulu tambah banyak,Selalu percaya dengan body lotion Citra membuat bulu semakin banyak.,0.9287111759185791
Macet nang ngendi-ngendi yen lagi preinan.,Macet di mana-mana kalau lagi liburan,Macet di mana-mana kalau lagi liburan.,0.9819566607475281
"Tulung dikabarne kronologi lengkape, pulsa awit karo keri karo nyebutne tim ya mas/mbak, tim bakale ngecek transaksi penggaweane pulsane","Mohon informasikan detail kronologi, pulsa awal dan akhir dengan mention tim ya kak, tim akan cek transaksi pemakaian pulsanya","Tolong kabari kronologi lengkapnya, pulsa awal dan akhir, serta sebutkan timnya ya mas/mbak, tim akan mengecek transaksi penggunaan pulsanya.",0.9288193583488464
"Area mangan ing njabane nyenengake. Igane oke, rasane enak. Jus jeruke ditambah stroberine nikmat. Regane uga oke.","Area makan di luarnya menyenangkan. Iganya oke, rasanya enak. Jus orange plus stroberinya nikmat. Harganya pun oke.","Area makannya di luar menyenangkan. Iga bakarnya oke, rasanya enak. Jus jeruk yang ditambah stroberi nikmat. Harganya juga oke.",0.9709677696228027
Kanggo kowe sek nggolek resto kanthi suwasana sek romantis ora salah maneh uga moro mrene. Lan yen kurang kowe pas-pasan pesen wae menu sek entheng-entheng. Aja diapusi karo gambar ana ing buku menu yen ora pengen nyesel. Menu sukine luwih oke namung kayane ngapae ya adoh-adoh macet-macetan mara mrene mung nggolek kuwi. Ing kutha luwih afdol kayane. Pemandangane jogja mbengine nyekel.,Buat anda yang mencari resto dengan suasana yang romantis tidak salah lagi ke sini saja. Dan kalau rendah anda pas-pasan pesan saja menu yang ringan-ringan. Jangan terkecoh dengan picture di buku menu kalau tidak mau menyesal. Menu sukinya lebih oke tapi kayaknya ngapain ya jauh-jauh bermacet ria ke sini cuma mencari itu. Di kota lebih afdol kayaknya. Pemandangan jogja malamnya memegang.,"Bagi kalian yang mencari restoran dengan suasana romantis, tidak salah lagi untuk datang ke sini. Dan jika dana kalian pas-pasan, pesan saja menu yang ringan-ringan. Jangan tertipu dengan gambar di buku menu jika tidak ingin menyesal. Menu suki-nya lebih oke, tapi rasanya kenapa ya jauh-jauh bermacet-macetan datang ke sini hanya untuk mencari itu. Di kota sepertinya lebih afdol. Pemandangan Jogja malam hari memikat.",0.9454084038734436
Rasane meh pada karo resto sing liyane sing dodolan iwak laut. Aman resik lan pelayanane cepet,Rasanya hampir sama dengan resto yang lain yang jualan seafood. Aman bersih dan pelayanannya cepat.,"Rasanya hampir sama dengan restoran lain yang menjual ikan laut. Aman, bersih, dan pelayanannya cepat.",0.9713336229324341
Hasil itung cepet dinyatakne seje karo hasil survei nggarai aku nggumun.,Hasil quick count dinyatakan berbeda dengan hasil survei membuat saya bertanya-tanya.,Hasil hitung cepat yang dinyatakan berbeda dengan hasil survei membuat saya terkejut.,0.937491774559021
"Kapisan marang mrene kuwi ngerayakake kelulusan adikku, panggonane kuwi loh, apik tenan. Desaine uga unik, apik, kapenak, kapenak, cocok tenan kanggo mangan mbengi bareng kaluwarga, pasangan, sedulur, lan kanca-kanca, pemandangane uga apik, panganane uga enak-enak. Regane sebanding karo pelayanane, ora gela marang mrene. Bener-bener direkomendasikake.","Pertama ke sini itu merayakan kelulusan adikku, tempatnya itu loh, keren banget. Desainnya juga unik, keren, nyaman, nyaman, cocok betul untuk makan malam bareng keluarga, pasangan, saudara, dan teman-teman, pemandangannya juga keren, makanannya juga enak-enak. Harga sebanding dengan pelayanannya, tidak menyesal ke sini. Sangat-sangat direkomendasikan.","Pertama kali datang ke sini itu merayakan kelulusan adikku, tempatnya itu loh, bagus banget. Desainnya juga unik, bagus, nyaman, enak, cocok banget untuk makan malam bersama keluarga, pasangan, saudara, dan teman-teman, pemandangannya juga bagus, makanannya juga enak-enak. Harganya sebanding dengan pelayanannya, tidak kecewa datang ke sini. Benar-benar direkomendasikan.",0.9805905818939209
"Kabisan ngerteni woconan mben uwong kuwi seje-seje, ana sing pisan moco langsung ngerti, ana uga sing butuh ping bolak-balik moco disik lagek ngerti.","Kemampuan memahami bacaan tiap orang itu beda-beda, ada yang sekali baca sudah paham, ada juga yang butuh berkali-kali baca dulu baru paham.","Kemampuan memahami bacaan setiap orang itu berbeda-beda, ada yang sekali baca langsung mengerti, ada juga yang butuh berulang-ulang membaca dulu baru mengerti.",0.9799199104309082
Wow tenan kaget karo layanan satuan pengamanane bkpn bromo malang. Tenan diskriminasi banget. Yen aku mung pengen informasi babagan produke deknen. Dhewe diremehake. Cenderung ngusir. Kuciwa tenan!,Wow benar-benar terkejut sama layanan satuan pengamanannya bkpn bromo malang. Benar diskriminasi banget. Kalau kita hanya mau informasi tentang produk mereka. Kita disepelekan. Cenderung mengusir. Kecewa sekali!,"Wah, benar-benar kaget dengan pelayanan satuan pengamanan BPKN Bromo Malang. Benar-benar diskriminasi sekali. Jika saya hanya ingin informasi tentang produk mereka, saya diremehkan, cenderung diusir. Kecewa sekali!
",0.9302126169204712
"Bandung terkenal dadi panggon produksi tahu lokal karo kuwalitas apik, salah siji sing paling apik isa digoleki ning warung talaga. Deweke nduwe pabrik dewe ning dalan Jendral sudirman, nanging ngembangne bisnise dadi sajian kuliner uga. Ana rena-rena pilihan sajian tahu. Direkomendasikne banget dinggo pecinta kuliner.","Bandung terkenal sebagai tempat produksi tahu lokal dengan kualitas prima, salah satu yang terbaik bisa dicari di warung talaga. Mereka punya pabrik sendiri di jalan Jendral sudirman, tapi mengembangkan bisnisnya menjadi sajian kuliner juga. Ada berbagai pilihan sajian tahu. Sangat direkomendasikan bagi pecinta kuliner.","Bandung terkenal sebagai tempat produksi tahu lokal dengan kualitas bagus, salah satunya yang terbaik bisa dicari di warung Talaga. Mereka punya pabrik sendiri di jalan Jenderal Sudirman, tetapi mengembangkan bisnisnya menjadi sajian kuliner juga. Ada bermacam-macam pilihan sajian tahu. Sangat direkomendasikan untuk pecinta kuliner.",0.9759641885757446
Tulung dikirimke meneh tagihanku sasi wingi,Mohon dikirimkan kembali tagihan saya bulan lalu,Tolong kirimkan kembali tagihanku bulan lalu.,0.944566547870636
"Salah siji menu paling tak senengi iku mcflurry rena-rena rasa liyane paket karo iwak pitik loro. Rumangsaku, pitike mcd nduwe citarasa dewe ning bagian dodone yo teksture alus lan bumbune gurih.","Salah satu menu favorit saya adalah mcflurry aneka rasa selain menu paket dengan dua ayam. Menurut saya, ayam mcd memiliki citarasa tersendiri di bagian dadanya pun memiliki tekstur yang lembut dan bumbunya gurih.","Salah satu menu paling saya sukai itu McFlurry berbagai rasa selain paket dengan ikan ayam dua. Menurutku, ayamnya McD punya cita rasa sendiri di bagian dadanya juga teksturnya halus dan bumbunya gurih.",0.9471868276596069
Aku ngrasa kaganggu ndelok parkiran mobil uwong nutupi dalan umum.,Saya merasa terganggu melihat parkiran mobil orang menutupi jalan umum.,Saya merasa terganggu melihat parkiran mobil orang lain menutupi jalan umum.,0.9919381737709045
"Satene gedi-gedi. Bumbune dipisah. Diwehi rajangan brambang lan lombok riwit didang, porsi lontong karo segane uga pas. Pokoke aku seneng.","Satenya besar-besar. Bumbunya dipisah. Dikasih irisan bawang merah dan cabe rawit dikukus, porsi lontong sama nasinya juga pas. Pokoknya saya suka.","Satenya besar-besar. Bumbunya dipisah. Diberi irisan bawang merah dan cabai rawit segar, porsi lontong dan nasinya juga pas. Pokoknya aku suka.",0.9792534112930298
"Yen didelok-delok, sandiaga uno karo nadiem makarim mirip yo","Kalau dilihat-lihat, sandiaga uno sama nadiem makarim mirip ya","Kalau diperhatikan, Sandiaga Uno dengan Nadiem Makarim mirip ya.",0.9004614353179932
Sugeng enjang. Wah kuciwa tenan mosok indihome internet ora kocek maneh. Aku kuwi mbayar larang. Aja nguciwakake dhewe sing dadi pelanggan,Selamat pagi. Wah kecewa berat masa indihome internet tidak kocek lagi. Saya itu bayar mahal. Jangan kecewakan kami sebagai pelanggan,"Selamat pagi. Wah, kecewa sekali masa Indihome internet tidak berfungsi lagi. Saya itu bayar mahal. Jangan mengecewakan orang yang sudah jadi pelanggan.",0.9491181373596191
"Sopir ora teka ing panggonan kang dituju, nanging ing aplikasi wis picu munggah, lan gopay wis kapotong, kapok aku nganggi gojek","Driver tidak datang ke tempat tujuan, tetapi di aplikasi sudah picu naik, dan gopay sudah terpotong, kapok saya pakai gojek","Supir tidak datang ke tempat tujuan, tapi di aplikasi sudah aktif, dan Gopay sudah terpotong, kapok saya pakai Gojek.",0.9743650555610657
"Panganan ning kene menurutku kurang enak ya, merga aku wong minang, aku ora tek seneng pangana  jawa sing legi hehe","Makanan di sini menurut saya kurang enak ya, karena saya orang minang, saya tidak terlalu suka makanan jawa yang manis hehe","Makanan di sini menurutku kurang enak ya, karena aku orang Minang, aku tidak terlalu suka makanan Jawa yang manis hehe.",0.9814179539680481
"Pajak, kak, arep njaluk nomor efin, sakdurunge wis aktifasi, namung lali password akun djponline,","Pajak, kak, mau minta nomor efin, sebelumnya sudah aktifasi, tapi lupa password akun djponline,","Pajak, Mas/Mbak, mau minta nomor EFIN, sebelumnya sudah aktivasi, tapi lupa password akun DJP Online.",0.9483248591423035
Musim udan kaya iki saban udan mesthi ora tenang wedi kabanjiran.,Musim hujan begini setiap hujan pasti tidak tenang takut kebanjiran.,"Musim hujan seperti ini, setiap kali hujan pasti tidak tenang karena takut kebanjiran.",0.9613324999809265
Sate wedus H. Ihsan iki cukop terkenal ning tegal. Lak ora iso marani panggon ning pusate. Sampeyan isa uga nemokne sate wedus H Ihsan ning pirang-pirang panggon mangan ning kutha tegal.,Sate kambing H. Ihsan ini cukup terkenal di tegal. Apabila tidak bisa mengunjungi lokasi di pusatnya. Anda bisa juga menemukan sate kambing H Ihsan di beberapa tempat makan di kota tegal.,"Sate kambing H. Ihsan ini cukup terkenal di Tegal. Kalau tidak bisa mendatangi tempat di pusatnya, Anda bisa juga menemukan sate kambing H. Ihsan di beberapa tempat makan di kota Tegal.",0.9850395917892456
"Saka okehe restoran sunda ing Bandung, miturutku Ciganea salah siji favoritku. Aku seneng amarga pithike khas, digorenge ora patio garing. Terus sambele uga ora kalah enak. Menu sing liya uga enak. Panggonane kaya omah, ora patio gedhe nanging cukuplah, lan uga resik.","Dari banyaknya restoran sunda di Bandung, menurut saya Ciganea salah satu favorit saya. Saya suka karena ayamnya khas, digorengnya tidak terlalu kering. Lalu sambalnya pun tidak kalah enak. Menu yang lain pun enak. Tempatnya seperti rumah, tidak terlalu besar tapi cukuplah, dan juga bersih.","Dari banyaknya restoran Sunda di Bandung, menurutku Ciganea salah satu favoritku. Aku suka karena ayamnya khas, digorengnya tidak terlalu kering. Terus sambalnya juga tidak kalah enak. Menu yang lain juga enak. Tempatnya seperti rumah, tidak terlalu besar tapi cukuplah, dan juga bersih.",0.9882667064666748
"Hotel iki uwes ngadeg saka telung puluh tahun sing kapungkur, sakdurunge aku lair. Panginepan kapisan ning kota iki. Saiki uwis akeh ngadeg hotel ning kene.","Hotel ini sudah berdiri sejak tiga puluh tahun yang lalu, sebelum saya lahir. Penginapan pertama di kota ini. Sekarang sudah banyak berdiri hotel di sini.","Hotel ini sudah berdiri sejak tiga puluh tahun yang lalu, bahkan sebelum aku lahir. Penginapan pertama di kota ini. Sekarang sudah banyak berdiri hotel di sini.",0.9942321181297302
"Panganan ning kene pada kaya kfc liyane. Pithik gorenge krispi, gurih, lan enak.","Makanan di sini sama seperti kfc lainnya. Ayam gorengnya crispy, gurih dan enak","Makanan di sini sama seperti KFC lainnya. Ayam gorengnya renyah, gurih, dan enak.",0.9785842299461365
"Piye ora nesu ora, kena php indosat terus kie. Pulsane kepotong ludes ora ana turahe.","Bagaimana tidak marah coba, kena php indosat terus nih. Pulsa selalu terpotong ludes tak tersisa.","Bagaimana tidak marah coba, kena PHP Indosat terus ini. Pulsanya terpotong habis tidak ada sisanya.",0.9424827098846436
"Pelayanane batik air bisnis class ing halim nguciwakake, gelas reged / mambu, tv ora ana nganggo alesan pesawat anyar, aling methuk saka medhuk pesawat diilangake","Pelayanan batik air bisnis class di halim mengecewakan, gelas kotor / bau, tv tidak ada dengan alasan pesawat baru, penjemputan dari turun pesawat dihilangkan","Pelayanan Batik Air kelas bisnis di Halim mengecewakan, gelas kotor/bau, TV tidak berfungsi dengan alasan pesawat baru, penjemputan dari mulut pesawat ditiadakan.",0.9496355652809143
Ngganggo laurier dobel pas arep turu pas menstruasi ben ora bocor,Pakai laurier double pas mau tidur saat menstruasi biar tidak bocor,Menggunakan Laurier Double saat akan tidur saat menstruasi agar tidak bocor.,0.939423143863678
"Panggon mangane sederhana banget, nanging rasane juara. Komposisi bumbu kacange pas lan porsine ora tek akeh. Pengunjung sing teka rame banget.","Tempat makannya sangat sederhana, namun rasanya juara. Komposisi bumbu kacangnya pas dan porsinya tidak terlalu besar. Pengunjung yang datang sangat ramai.","Tempat makannya sangat sederhana, tapi rasanya juara. Komposisi bumbu kacangnya pas dan porsinya tidak terlalu banyak. Pengunjung yang datang sangat ramai.",0.9969528913497925
"Panggonan lan arsitektur panggonan iki oke banget, mung yen panganane lan ombeane ing kene ora patia maer. Enak kanggo mateni bareng kanca-kanca.","Lokasi dan arsitektur tempat ini oke banget, cuma kalau makanan dan minuman di sini tidak terlalu istimewa. Enak buat bunuh bareng teman-teman.","Tempat dan arsitektur tempat ini sangat bagus, hanya saja makanan dan minumannya di sini tidak terlalu istimewa. Cocok untuk menghabiskan waktu bersama teman-teman.",0.9522912502288818
Rasa panganan biasa ae lan suasanane ora istimewa dadi pisan ketekan wis cukup.,Rasa makanan biasa saja dan suasana tidak istimewa sehingga sekali kedatangan sudah cukup.,"Rasanya makanan biasa saja dan suasananya tidak istimewa, jadi sekali datang sudah cukup.",0.9638035893440247
Sing nglarang GBK didadekake panggonan konser pada songong-songong banget dah. Suket ning lapangan sapa sing pengin ngopeni yen ora ana duwit konser. Urung meneh kursi sing seneng dirusak supporter bal. Aduh.,Yang melarang GBK dijadikan venue konser pada songong-songong amat dah. Rumput di lapangan siapa yang mau pelihara kalau tidak ada duit konser. Belum lagi kursi yang suka dirusak supporter bola. Aduh.,Orang-orang yang melarang GBK dijadikan tempat konser pada sombong-sombong banget deh. Rumput di lapangan siapa yang mau merawat kalau tidak ada uang konser. Belum lagi kursi yang suka dirusak suporter bola. Aduh.,0.9320791959762573
Gendeng ya. Pesen mix platter ae sampek luwih saka 30 menit. Takon nyang pelayane malah minggat. Ora responsif. Suwi.,Gila ya. Pesan mix platter saja sampai lebih dari 30 menit. Bertanya ke pelayannya malah kabur. Tidak responsif. Lama.,Gila ya. Pesan mix platter saja sampai lebih dari 30 menit. Tanya ke pelayannya malah pergi. Tidak responsif. Lama.,0.9865520596504211
"Pas jenuh karo oleh oleh khas bandung sing wis ana, dadi roti bakar tunggal isa dadi pilihan. Aku kerep tuku roti marie sing dibakar karo rasa sing enaakk, uga roti bakar karo rasa keju utawa coklate. Biasane aku tuku ning konter roti bakar tunggal ning paskal hyper square. Regane ancen rodok larang, nanging rumangsaku meh podo karo panganan oleh-oleh. Dadi ya ora isa uga diomongne larang. Lan toh rasane enak.","Saat jenuh dengan oleh oleh khas bandung yang sudah ada, maka roti bakar tunggal bisa menjadi pilihan. Saya sering beli roti marie yang dibakar dengan rasa yang yuummy, juga roti bakar dengan rasa keju atau coklatnya. Biasanya saya beli di counter roti bakar tunggal di paskal hyper square. Harganya memang agak mahal, tapi saya rasa hampir sama dengan makanan oleh-oleh. Jadi ya tidak bisa juga dibilang mahal. Dan toh rasanya enak.","Ketika jenuh dengan oleh-oleh khas Bandung yang sudah ada, jadi roti bakar tunggal bisa jadi pilihan. Aku sering beli roti marie yang dibakar dengan rasa yang enaaak, juga roti bakar dengan rasa keju atau cokelat. Biasanya aku beli di konter roti bakar tunggal di Paskal Hyper Square. Harganya memang agak mahal, tapi menurutku hampir sama dengan makanan oleh-oleh. Jadi ya tidak bisa juga dibilang mahal. Lagipula rasanya enak.",0.9713407158851624
"Lunga bareng kaluwarga mangan mbengi, regane larang kanthi rasa sing biasa bae.","Pergi bersama keluarga makan malam, harganya mahal dengan rasa yang biasa saja.","Pergi bersama keluarga makan malam, harganya mahal dengan rasa yang biasa saja.",1.0
"Sugeng siang, biaya administrasi rek simpedes tp 5.500, - / sasi. Maturnuwun era","Selamat siang, biaya administrasi rek simpedes rp 5.500, - / bulan. Terima kasih era","Selamat siang, biaya administrasi rekening Simpedes Rp 5.500,- / bulan. Terima kasih, Era.",0.9452006816864014
"Panggonan kapenak lan enak, kala-kala didadekake panggonan foto pre-wedding","Tempat nyaman dan enak, kadang dijadikan tempat foto pre-wedding","Tempat yang nyaman dan enak, kadang-kadang dijadikan tempat foto pre-wedding.",0.972934365272522
"Pelayanane apik banget, lan muasne saka segi panggon, apik banget isa ndelok pemandangan kutha pas wengi saka segi panganan, apik pol! Panganane enak banget ora nyesel ngge mara rene.","Pelayanannya sangat bagus, sangat memuaskan dari segi tempat, indah sekali bisa melihat pemandangan kota di malam hari dari segi makanan, terbaik! Makanannya enak sekali tidak menyesal untuk datang ke sini.","Pelayanannya sangat baik, dan memuaskan dari segi tempat, sangat bagus bisa melihat pemandangan kota saat malam hari. Dari segi makanan, sangat enak! Makanannya enak sekali tidak menyesal datang ke sini.",0.975036084651947
Arif tuku jaket billabong sek paling anyar,Arif membeli jaket billabong yang terbaru,Arif membeli jaket Billabong yang paling baru.,0.930536687374115
"Warung mangan sing uwis teka wiwit suwi lan uwis dadi kaya legenda kayane saiki uwis buka cabang. Terkenal amarga konsisteni rasa -ne uwis pirang-pirang tahun, sanadyan bangunan asli uwis dibongkar nanging kaasliane tetep dijaga lan tetep engel parkir. Sawetara wektu kepungkur ana setithik pangowahan nalika ibu chef utama uwis ora ketok maneh.","Warung makan yang telah hadir sejak lama dan telah menjadi semacam legenda, mungkin sekarang sudah buka cabang. Terkenal karena konsistensi rasa -nya selama bertahun-tahun, meskipun bangunan asli telah dipugar tetapi keaslian masih tetap dijaga dan tetap susah parkir. Beberapa waktu terakhir ada sedikit perubahan ketika ibu chef utama sudah tidak terlihat lagi.","Warung makan yang sudah ada sejak lama dan sudah menjadi seperti legenda sepertinya sekarang sudah buka cabang. Terkenal karena konsistensi rasanya selama bertahun-tahun, meskipun bangunan aslinya sudah dibongkar tetapi keasliannya tetap dijaga dan tetap susah parkir. Beberapa waktu lalu ada sedikit perubahan ketika ibu chef utama sudah tidak terlihat lagi.",0.9708579778671265
Menehi bantuan nyang korban bencana dinggo pencitraan percuma. Apameneh dinggo publikasi. Sepurane banget. Muak aku.,Memberikan bantuan ke korban bencana untuk pencitraan percuma. Apalagi untuk publikasi. Maaf banget. Muak saya.,Memberikan bantuan kepada korban bencana bukan untuk pencitraan gratis. Apalagi untuk publikasi. Mohon maaf sekali. Aku muak.,0.9593393206596375
Rasa panganane biasa bae lan regane larang. Panggonane uga biasa. Lokasine ora patia adoh saka tengah kutha.,Rasa makanannya biasa saja dan harganya mahal. Tempatnya juga biasa. Lokasinya juga terlalu jauh dari pusat kota.,Rasa makanannya biasa saja dan harganya mahal. Tempatnya juga biasa. Lokasinya tidak terlalu jauh dari pusat kota.,0.990558922290802
Dingge mara nyang panggon iki dalane macet banget lan adoh saka pusat kutha. Saktekane ning kana ora ana bab sing spesial sing nggarai perjalanan adoh kebayar. Menune biasa ae.,Untuk menuju ke tempat ini jalannya sangat macet dan jauh dari pusat kota. Sesampainya di sana tidak ada hal yang spesial yang membuat perjalanan jauh terbayarkan. Menunya biasa saja.,Untuk menuju tempat ini jalannya sangat macet dan jauh dari pusat kota. Sesampainya di sana tidak ada hal spesial yang membuat perjalanan jauh terbayar. Menunya biasa saja.,0.9910358190536499
Rasa rotine enak. Variasi roti lan pacetane sing didol akeh. Rega standar. Paling seneng karo roti taware. Seneng.,Rasa rotinya enak. Variasi roti dan cemilan yang dijual banyak. Harga standar. Paling suka sama roti tawarnya. Suka.,Rasanya enak. Variasi roti dan kuenya yang dijual banyak. Harga standar. Paling suka dengan roti tawarnya. Senang.,0.9719201922416687
"Deknen kuwi sapa sih? Kok isi beritane deknen kabeh, mbokane deknen mantan narapidana kae","Dia ini siapa sih? Kok isi berita dia semua, bukannya dia mantan narapidana itu","Dia itu siapa sih? Kok isinya beritanya dia semua, apa jangan-jangan dia mantan narapidana itu?
",0.9526135921478271
"Pengin mangan karo nikmati suwasana paris? Ora usah adoh-adoh menyang prancis, cukup menyang paris van java alias bandung. Braga permai iki rekomendasi banget kanggo mangan karo santai-santai. Panganane enak, regane mlebu akal lan suwasanane kapenak banget apamaneh meja sing ning jaba. Mangan karo nikmati suwasana bandung jaman mbiyen.","Ingin makan sembari menikmati suasana paris? Enggak usah jauh-jauh ke prancis, cukup ke paris van java alias bandung. Braga permai ini rekomendasi banget buat makan sambil santai-santai. Makanannya enak, harganya masuk akal dan suasananya nyaman banget apalagi meja yang di luar. Makan sambil menikmati suasana bandung tempo dulu.","Ingin makan sambil menikmati suasana Paris? Tidak usah jauh-jauh ke Prancis, cukup datang ke Paris van Java alias Bandung. Braga Permai ini sangat direkomendasikan untuk makan sambil bersantai-santai. Makanannya enak, harganya masuk akal, dan suasananya nyaman sekali apalagi meja yang di luar. Makan sambil menikmati suasana Bandung zaman dulu.",0.9518308043479919
Yogyakarta iki ing saben pojokan dalan akeh hotel. Nanging eman. Kanggo kelas bintang 3 bae rega luwih larang kanthi pelayanan sing ora sepadan.,Yogyakarta ini di tiap sudut jalan banyak hotel. Tapi sayang. Untuk kelas bintang 3 saja harga lebih mahal dengan pelayanan tidak setara.,"Di Yogyakarta ini, di setiap sudut jalan banyak hotel. Tetapi sayang. Untuk kelas bintang 3 saja, harganya lebih mahal dengan pelayanan yang tidak sepadan.",0.9716654419898987
Bakmine enak. Ditambah daging rica2ne mantep banget. Rasane si pedes-pedes nanging nikmat. Mangan siji krasa kurang tah.,Bakminya enak. Ditambah daging rica2nya super mantap. Rasanya sih pedas-pedas tapi nikmat. Makan satu berasa kurang deh.,Mienya enak. Ditambah daging rica-ricanya mantap banget. Rasanya pedas-pedas tapi nikmat. Makan satu terasa kurang ya.,0.9513508677482605
Aplikasi bni mobile banking tulung didandani soale arep aktivasi akun ora isa.,Aplikasi bni mobile banking mohon diperbaiki soalnya mau aktivasi akun tidak bisa.,"Aplikasi BNI Mobile Banking tolong diperbaiki, soalnya mau aktivasi akun tidak bisa.",0.9747967720031738
Anti nganggo power bank wiwit handphone samsungku bocor bateraine sakbanjure dingokake kuwi.,Anti pakai power bank semenjak handphone samsung gue bocor baterenya setelah dipakaikan gituan.,Saya jadi sering pakai power bank sejak HP Samsung saya bocor baterainya setelah dibetulkan waktu itu.,0.9206052422523499
"Botol uc1000 angel banget dibukake tah, marakna tangan lara","Botol uc1000 susah banget dibukanya dah, bikin tangan sakit","Botol UC1000 susah banget dibuka ya, bikin tangan sakit.",0.9548836946487427
"Nggolek suwasana nostalgia ing jogja, panggonan iki yaiku pilian sing pas! Menu panganane didominasi panganan-panganan sing kena pengaruh gaya panganan landa. Kasenenganku stik sirloin. Restoran iki uga ndhuweni toko roti kanthi pilian roti gaya jaman mbiyen.","Mencari suasana nostalgia di jogja, tempat ini adalah pilhan yang tepat! Menu makanan didominasi makanan-makanan yang dipengaruhi gaya makanan belanda. Favorit saya steak sirloin. Restoran ini juga memiliki toko roti dengan pilihan roti bergaya zaman dahulu.","Mencari suasana nostalgia di Jogja, tempat ini adalah pilihan yang tepat! Menu makanannya didominasi makanan-makanan yang terpengaruh gaya makanan Belanda. Kesukaanku steak sirloin. Restoran ini juga memiliki toko roti dengan pilihan roti gaya zaman dulu.",0.9699164032936096
Ketua dpr ngapresiasi pilkada barengan sing mlaku damai.,Ketua dpr mengapresiasi pilkada serentak yang berlangsung damai.,Ketua DPR mengapresiasi pilkada serentak yang berjalan damai.,0.9758620262145996
Ngurus gaji karyawan dhewe wae ora isa jare arep ngurus bumn. Mikir nganggo utek,Mengurus gaji karyawan sendiri saja tidak becus konon mau mengurus bumn. Mikir pake otak,Mengurus gaji karyawan sendiri saja tidak bisa katanya mau mengurus BUMN. Mikir pakai otak.,0.949433445930481
Ning indonesia pilihan merek telepon seluler kan melimpah. Lak ora seneng cara xiaomi nglakokne bisnise ya kari milih merek liya. Digawa santai wae.,Di indonesia pilihan merek telepon seluler kan melimpah. Kalau tidak suka cara xiaomi menjalankan bisnisnya ya tinggal pilih merek lain. Dibawa santai saja.,"Di Indonesia, pilihan merek telepon seluler kan melimpah. Kalau tidak suka cara Xiaomi menjalankan bisnisnya, ya tinggal pilih merek lain. Dibawa santai saja.",0.975571870803833
"Nate mangan ning poolside hotel hilton? Jan ora rekomendasi kanggo rasa lan rega. Panganane kurang rasane, aku nggawa 20 uwong, kabeh gela.","Pernah makan di poolside hotel hilton? Sangat tidak rekomendasi untuk rasa dan harga. Makanan kurang rasa, gue bawa 20 orang, semua kecewa.","Makan di pinggir kolam renang Hotel Hilton? Wah, tidak direkomendasikan untuk rasa dan harga. Makanannya kurang rasa, aku membawa 20 orang, semuanya kecewa.",0.9461207985877991
Panggonane unik. Karo mangan uga dimanjakake kaliyan panggonan sing sarwa unik. Akeh kayu kayu lan galerine. Kanggo bocah uga aja kuatir. Ana dolanan bocahe. Dadi mangan dadi luwih santai.,Tempatnya unik. Sambil makan juga dimanjakan dengan tempat yang serba unik. Banyak kayu kayu dan galerinya. Buat anak juga jangan kuatir. Ada mainan anaknya. Jadi makan jadi lebih santai,Tempatnya unik. Sambil makan juga dimanjakan dengan tempat yang serba unik. Banyak kayu-kayu dan galeri. Untuk anak-anak juga jangan khawatir. Ada mainan anak-anak. Jadi makan jadi lebih santai.,0.9740428328514099
"Yen marang rene aku mesthi pesen budin sambel roa. Budine digoreng dipasake karo sambel roa, enak. Panganan sing liyane uga enak nanging kanggo aku lan kaluwarga sing paling enak ing kene ya mangan budin karo ngombe kopi.","Kalau ke sini saya selalu pesan singkong sambal roa. Singkongnya digoreng dipadankan dengan sambal roa, enak. Makanan yang lainnya juga enak tetapi buat saya dan keluarga yang paling enak di sini ya makan singkong sambil minum kopi.","Kalau ke sini aku pasti pesan botok sambal roa. Botoknya digoreng dipadukan dengan sambal roa, enak. Makanan yang lain juga enak tapi untuk aku dan keluarga yang paling enak di sini ya makan botok dengan minum kopi.",0.9722501635551453
Telepone genggam eror pas kaping pisan diurupne,Telepon genggamnya eror pas pertama dinyalakan,Ponselnya error saat pertama kali dinyalakan.,0.9117934107780457
Turu sing cukup saben dinane isa gawe awak ora kekeselen lan seger sawektu tangi ing dina esuk.,Tidur yang cukup tiap harinya bisa bikin badan tidak kecapekan dan segar ketika bangun di pagi hari.,Tidur yang cukup setiap hari bisa membuat tubuh tidak kelelahan dan segar saat bangun di pagi hari.,0.9591802358627319
Restoran iki romantis tenan kanthi pemandangane sing apik tenan ing dina mbengi,Restoran ini sangat romantis dengan pemandangannya yang sangat indah di malam hari,Restoran ini sangat romantis dengan pemandangan yang sangat indah di malam hari.,0.9771096706390381
"Sugeng sonten ibu, bab produk perbankan mandiri apa sing entuk dhewe rewangi? Yogi","Selamat sore ibu, perihal produk perbankan bank mandiri apa yang dapat kami bantu? Yogi","Selamat sore ibu, tentang produk perbankan mandiri apa yang bisa saya bantu? Yogi
",0.9708659648895264
"Suwasanane ing panggonan iki luwar biasa tenan. Pas kuwi dhewe teka ing sore ameh wengi, lan etuk panggonan sing ngadep ning air terjun. Gemricik banyu grojogan lan suwasana desa nambah nikmat suwasana mangan wengi dhewe pas kuwi. Panganan disajekake kanthi gaya tradisional lan rasane cukup apik kanggo ilate dhewe.","Suasananya di tempat ini sungguh luar biasa. Ketika itu kami datang pada senja menjelang malam, dan mendapatkan ruang yang menghadap ke air terjun. Gemericik air terjun dan suasana pedesaan menambah nikmat suasana makan malam kami ketika itu. Makanan disajikan dengan gaya tradisional dan rasanya cukup menarik untuk lidah kami.","Suasana di tempat ini benar-benar luar biasa. Waktu itu kami datang saat sore menjelang malam, dan mendapat tempat yang menghadap ke air terjun. Gemericik air terjun dan suasana desa menambah nikmat suasana makan malam kami saat itu. Makanan disajikan dengan gaya tradisional dan rasanya cukup enak di lidah kami.",0.9780025482177734
"Regane larang banget, padahal panganan sing didol panganan indonesia umume. Padahal kanggo nikmati panganan kaya ngene iki ing panggonan liyane adoh luwih murah. Sega goreng wae ing kene larang banget banget! Jengkel.","Harganya terlalu mahal, padahal makanan yang dijualkan makan indonesia umumnya. Padahal untuk menikmati makanan sejenis di tempat lain jauh lebih murah. Nasi goreng saja di sini mahal banget banget! Kesal.","Harganya mahal sekali, padahal makanan yang dijual makanan Indonesia pada umumnya. Padahal untuk menikmati makanan seperti ini di tempat lain jauh lebih murah. Nasi goreng saja di sini mahal sekali! Jengkel.",0.9685090184211731
Ana ing akun mycare ku sek keblokir kuwi wis aku tambahake nomer im3 ku sek anyar,Dalam akun mycare saya yang terblokir tersebut sudah saya tambahkan nomer im3 saya yang baru,"Di akun MyCare saya, yang terblokir itu, sudah saya tambahkan nomor IM3 saya yang baru.",0.9468666911125183
120 peserta sing lulus iki bakale dibagi dadi 4 kelas karo jumlah masing masing 30 murid,120 peserta yang lulus ini akan dibagi menjadi 4 kelas dengan jumlah masing masing 30 siswa.,120 peserta yang lulus ini akan dibagi menjadi 4 kelas dengan jumlah masing-masing 30 murid.,0.9858696460723877
"Apa iki, regane larang, pelayanane jan mines!","Apa ini, harga mahal, pelayanan minus!","Apa ini, harganya mahal, pelayanannya benar-benar buruk!
",0.9428145885467529
Aku ketemu karo deknen ing asrama panggonan dhewe manggon nalika isih mahasiswa,Saya bertemu dengannya di asrama tempat kami tinggal semasa mahasiswa dulu,Aku bertemu dengannya di asrama tempat kami tinggal saat masih menjadi mahasiswa.,0.9439245462417603
"Endi ki suwe banget konfirmasine? Iki uwis dibayar, uwis ngirimne bukti transfer, nanging e - tiket pancet ora metu? Aku gela, wegah digantung ngene.","Mana nih lama sekali konfirmasinya? Ini sudah dibayar, sudah mengirimkan bukti transfer, tetapi e - tiket tetap tidak keluar? Saya kecewa, tidak mau digantung begini.","Mana sih lama banget konfirmasinya? Ini sudah dibayar, sudah mengirimkan bukti transfer, tapi e-tiket tetap tidak keluar? Aku kecewa, tidak mau digantung begini.",0.9780871272087097
"Ndelok film indonesia ning tv iki, kadang nggarai pegel. Merga kayak-kayake indonesia ora ana masalah, merga kabeh lagi mlaku-mlaku ning luar negeri.","Menonton film indonesia di tv ini, kadang bikin jengkel. Karena seakan-seakan indonesia tidak ada masalah, karena semuanya lagi jalan-jalan di luar negeri.","Menonton film Indonesia di TV ini, kadang membuat jengkel. Karena sepertinya Indonesia tidak ada masalah, karena semua lagi jalan-jalan di luar negeri.",0.9789507985115051
"Dasare ora ngerti kahanan kowe! Sinau beladiri udu nggo disombongke! Nanging kanggo nglindhungi awake dhewe! Gurumu dantemi apa maneh uwong tuwamu! Dasar iblis kowe, nyawa dibayar nyawa! Kowe ndhuwe utang siji nyawa! Lan nyawamu sing dadi bayarane!?","Dasar tak tau diri kau! Belajar beladiri bukan untuk di sombongkan! Tapi untuk melindungi diri sendiri! Guru lu aja lu pukulin apalagi orang tua lo! Dasar iblis kau, nyawa di bayar nyawa! Lu punya hutang satu nyawa! Dan nyawa lo yang jadi bayarannya!?","Dasar tidak tahu situasi kamu! Belajar bela diri bukan untuk disombongkan! Tapi untuk melindungi diri sendiri! Gurumu kamu lawan apalagi orang tuamu! Dasar iblis kamu, nyawa dibayar nyawa! Kamu punya utang satu nyawa! Dan nyawamu yang jadi bayarannya!?
",0.9554955363273621
"Lak nyang mangkok iwak pitik mesti tuku kwetiaew sirame, lak didelok kayake sing sitik, nangis pas dipangan beh, akeh banget lak kanggo porsiku, kwetiaw sirame sik juara ning kene timbang nggon liya, tenan. Sambele uga sekeca banget karo seleraku.","Kalau ke mangkok ayam pasti beli kwetiaw siramnya, kalau dilihat seperti yang sedikit, tetapi pas dimakan beuh, banyak sekali kalau buat porsi saya, kwetiaw siramnya masih juara di sini dari pada di tempat lain, sungguh. Sambelnya juga sesuai banget sama selera saya.","Kalau ke warung bakso ayam pasti beli kwetiau siramnya, kalau dilihat kayaknya sedikit, nangis pas dimakan beh, banyak banget kalau untuk porsiku, kwetiau siram paling juara di sini dibanding tempat lain, beneran. Sambalnya juga enak banget sesuai seleraku.",0.9424738883972168
Atlet enom tanah air melu serpong run 2018 dinggo ajang nguji coba,Atlet muda tanah air ikuti serpong run 2018 untuk ajang uji coba,Atlet muda tanah air mengikuti Serpong Run 2018 sebagai ajang uji coba.,0.9492883086204529
"Penting lan sebarno negriku sing wis lara, pas oknum aparat dadi keparat, sing pener disalahne lan sing salah dipenerne","Penting dan sebarkan negeriku yang sudah sakit, kala oknum aparat jadi keparat, yang benar disalahkan dan yang salah dibenarkan","Penting dan sebarkan negaraku yang sudah sakit, saat oknum aparat menjadi keparat, yang benar disalahkan dan yang salah dibenarkan.",0.9839769005775452
Bis harapan jawa adoh luwih kapenak dibanding sing liyane,Bus harapan jaya jauh lebih nyaman dibandingkan yang lainnya,Bus Harapan Jaya jauh lebih nyaman dibandingkan yang lain.,0.9413130879402161
Tinggalen ae lak awakmu pancene wis waleh karo pacarmu lan pacaran ora ana gunane kanggo awakmu.,Tinggalkanlah kalau kamu memang sudah bosan sama pacar mu dan pacaran tidak ada gunanya buat kamu.,Tinggalkan saja jika kamu memang sudah bosan dengan pacarmu dan pacaran tidak ada gunanya untukmu.,0.9716891646385193
"Isih percoyo karo omongane? Dee sing nutup rapet-rapet bobroke sifate, dee uga sing mbukak tabir aibe.","Masih percaya sama omongannya? Dia yang menutup rapat-rapat kebobrokan sifatnya, dia juga yang membuka tabir aibnya.","Masih percaya dengan omongannya? Dia yang menutup rapat-rapat keburukan sifatnya, dia juga yang membuka tabir aibnya.",0.9832077026367188
"Kafe iki, nduwe pirang-pirang cemilan sing top banget, tahu ning lumboenk karo vulkano risols jenenge. Sensasine unik saka wujude karo rasane nggarai sir maneh si maneh, dinggo sing penasaran oleh njajal wis.","Kafe ini, punya beberapa cemilan yang top banget, tahu di lumboenk sama vulkano risols namanya. Sensasi unik dari tampilan sama rasanya bikin mau lagi mau lagi, bagi yang penasaran boleh dicoba deh.","Kafe ini punya banyak camilan yang sangat top, ada tahu ning lumboenk dan risol vulkano namanya. Sensasi unik dari bentuk dan rasanya bikin ketagihan, buat yang penasaran wajib coba deh.",0.9418931603431702
2018 kpk nduweni tekad kanggo nuntaskae kasus e-ktp lan lbi.,2018 kpk bertekad menuntaskan kasus e-ktp dan blbi.,"Pada tahun 2018, KPK memiliki tekad untuk menuntaskan kasus e-KTP dan LBI.",0.9151632189750671
Namung penerbangan ing indonesia sing ora tahu ngeregani wektu. Uwis mbayar larang pelayanane tetep nguciwakake,Cuma penerbangan di indonesia yang tidak pernah ngehargai waktu. Sudah bayar mahal tetap pelayanannya mengecewakan,Hanya penerbangan di Indonesia yang tidak menghargai waktu. Sudah membayar mahal pelayanannya tetap mengecewakan.,0.965597927570343
"Kanggo layanan bank ing akhir pekan sing lokasine ing bekasi, bapak isa teka marang kantor cab bank mandiri bekasi juanda","Untuk layanan bank di akhir pekan yang berlokasi di bekasi, bapak dapat datang ke kantor cab bank mandiri bekasi juanda.","Untuk layanan bank di akhir pekan yang lokasinya di Bekasi, Bapak bisa datang ke kantor cabang Bank Mandiri Bekasi Juanda.",0.9532355070114136
susah banget ndelok segara sing saiki reget didadekake panggonan guwak sampah sembarangan,Sedih banget melihat laut yang sekarang kotor dijadikan tempat buang sampah sembarangan,Sangat susah melihat laut yang sekarang kotor dijadikan tempat membuang sampah sembarangan.,0.9631109237670898
"Salah siji panggon mangan lan panggon nangkring sing direkomendasikne kanca sing oke banget. Panggone pancene lumayan munggah lak saka kutha, lan rodok mlebu-mlebu sampek ora ketok lak saka dalan utama. Nanging panganane enak, panggone asik, regane uga standar. Sik sumbut karo regane lah. Oleh lak nyang Malang dolan mrene maneh.","Salah satu tempat makan dan tempat nongkrong yang direkomendasikan teman yang oke sekali. Tempatnya memang lumayan naik kalau dari kota, dan agak masuk-masuk sampai tidak terlihat kalau dari jalan utama. Tapi makanannya enak, tempatnya asik, harganya juga standar. Masih sepadan dengan harga lah. Bolehlah kalau ke Malang datang ke sini lagi.","Salah satu tempat makan dan tempat nongkrong yang direkomendasikan teman dan sangat oke. Tempatnya memang lumayan jauh dari kota, dan agak masuk-masuk sampai tidak kelihatan dari jalan utama. Tapi makanannya enak, tempatnya asyik, harganya juga standar. Sesuai dengan harganya lah. Kalau ke Malang, bisa main ke sini lagi.",0.9712639451026917
On the spot lagi tayang ing trans7,On the spot sedang tayang di trans7,On the spot sedang tayang di Trans7.,0.9666412472724915
"Bener-bener iwak pitik goreng sing gurih lan nggarai aku ketagihan, sambel sing pedes nggarai sensasi mangan luwih mantep karo sega anget lan es teh manis","Benar benar ayam goreng yang gurih dan membuat saya ketagihan, sambal yang pedas membuat sensasi makan lebih mantap dengan nasi hangat dan es teh manis","Benar-benar ayam goreng yang gurih dan membuatku ketagihan, sambal yang pedas membuat sensasi makan lebih mantap dengan nasi hangat dan es teh manis.",0.986096203327179
Aku wis ndaftar namung ora entuk sms seka 5111.,Saya sudah registrasi tapi tidak dapat sms dari 5111.,Saya sudah mendaftar tapi tidak menerima SMS dari 5111.,0.9703646302223206
"Mumpung lagi mlaku-mlaku marang bandunh sekaliyan nyempatake nyoba batagor sek paling enak ing kota kembang iki nganti ora sadar dhewe mesen luwih akeh seka kapasitas mangan dhewe wong loro: Bakso tahu goreng, siomay goreng lan batagor kuah, ayam kremes, lan es cendol lan dhewe uga kudu mbungkus mulih tahu yun yin pesenan dhewe akhire.","Mumpung sedang berjalan-jalan ke bandunh sekalian menyempatkan mencoba batagor yang terenak di kota kembang ini sampai tidak sadar kami memesan lebih banyak dari kapasitas makan kami berdua: Bakso tahu goreng, siomay goreng dan batagor kuah, ayam kremes, dan es cendol dan kami masih harus membungkus pulang tahu yun yin pesanan kami akhirnya.","Mumpung lagi jalan-jalan ke Bandung sekalian menyempatkan mencoba batagor yang paling enak di kota kembang ini sampai tidak sadar memesan lebih banyak dari kapasitas makan kami berdua: Bakso tahu goreng, siomay goreng dan batagor kuah, ayam kremes, dan es cendol dan kami juga harus membungkus pulang tahu Yun Yin pesanan kami akhirnya.",0.9711614847183228
"Njajal pesen shabu-shabu, menu anyar ning gading resto. Kuwalitas rasane cukup enak, regane kejangkau uga. Rekomendasi lak nggawa tamu utawa mung mangan wengi karo kaluwarga.","Mencoba memesan shabu-shabu, menu baru di gading resto. Kualitas rasa cukup enak, harga terjangkau pula. Rekomendasi bilamana membawa tamu atau sekadar makan malam bersama keluarga.","Coba pesan shabu-shabu, menu baru di Gading Resto. Kualitas rasanya cukup enak, harganya terjangkau juga. Rekomendasi kalau membawa tamu atau hanya makan malam bersama keluarga.",0.9680628180503845
Oke. Wis tak kirim lewat pesen langsung,Oke. Sudah saya kirim via pesan langsung,Oke. Sudah saya kirim lewat pesan langsung.,0.975573718547821
"Kasamrawutan sing kadadean akhir debat loro pilgub jabar ing 14 mei 2018 sing kepungkur, marakke silang pendapat saka para kontestan debat.","Kericuhan yang terjadi pengujung debat kedua pilgub jabar pada 14 mei 2018 yang lalu, menimbulkan silang pendapat dari para kontestan debat.","Kericuhan yang terjadi di akhir debat kedua pilgub Jabar pada 14 Mei 2018 yang lalu, menyebabkan perbedaan pendapat dari para kontestan debat.",0.9782732725143433
Isuk iki lali nyepot helm mas gojek bar mudun saka motor gara-gara nguber bis,Pagi ini lupa lepas helm abang gojek setelah turun dari motor gara-gara mengejar bus,Pagi ini lupa melepas helm mas gojek setelah turun dari motor gara-gara mengejar bis.,0.9685490131378174
"Restoran iki tansah top. Suasanane nyaman banget kanggo ngobrol karo kanca, sedulur utawa pasangan. Panganane uga enak. Sanajan aku biasane ora mangan abot. Soale paling seneng marang mrene sore nyedhak mbengi","Restoran ini selalu top. Suasananya nyaman banget buat ngobrol dengan teman, saudara atau pasangan. Makanannya juga enak. Walaupun saya biasanya tidak makan berat. Soalnya paling suka ke sini sore menjelang malam","Restoran ini selalu jadi yang terbaik. Suasananya sangat nyaman untuk mengobrol dengan teman, saudara, atau pasangan. Makanannya juga enak. Walaupun aku biasanya tidak makan banyak. Soalnya paling suka datang ke sini sore menjelang malam.",0.9681946039199829
"Menu sing dhewe pesen urang, sapi, sapo kabehane enak, sampurna dimasake, rasane pas, kuwalitase dhuwur. Panggonane amba, pelayanane oke tenan. Kabehane grapyak lan grapyak karo bocah-bocah","Menu yang kita pesan udang, sapi, sapo semuanya enak, sempurna dimasaknya, rasanya pas, berkualitas tinggi.  Tempat luas, pelayanan oke banget. Semuanya ramah dan ramah sama anak-anak","Menu yang kami pesan, udang, sapi, sapo semuanya enak, dimasak dengan sempurna, rasanya pas, kualitasnya tinggi. Tempatnya luas, pelayanannya sangat baik. Semuanya ramah dan ramah terhadap anak-anak.",0.9659109115600586
"Kesel ngantri, kesel golek panggon lungguh, kesel lungguh. Dinggo sing ora nduwe wektu suwe lan wis keluwen, mending ora mrene. Aku mrene pas liburan bodo panganan ning ruko-ruko kene uga rodok larang lan rasane standar.","Capek mengantre, capek mencari tempat duduk, cape duduk. Buat yang tidak punya waktu lama dan sudah kelaperan, mendingan tidak ke sini. Saya ke sini pas liburan lebaran makanan di ruko-ruko sekitar sini juga rada mahal dan rasanya standar.","Capek antre, capek cari tempat duduk, capek duduk. Buat yang tidak punya waktu lama dan sudah kelaparan, mending tidak ke sini. Aku ke sini pas liburan lebaran makanan di ruko-ruko sini juga agak mahal dan rasanya standar.",0.9700126051902771
"Warung mangan nduwe suasana sing nyaman karo gaya kampung lawas. Luwih sekeco diparani wektu sore sampek dina wengi ning kahanan sing luwih romantis karo cahyaning remeng-remeng saka obor lan geni unggun. Panganan sing disajikne rena-rena, mulai panganan indonesia sampek panganan eropa serba ana. Cocok sanget kanggo ngentekne wektu karo kanca lak keluarga.",Resto ini memiliki suasana yang nyaman dengan gaya kampung tradisional. Lebih cocok dikunjungi saat sore hingga malam hari di suasana lebih romantis dengan cahaya temaram dari obor dan api unggun. Makanan yang disajikan bervariasi mulai makanan indonesia sampai european makanan serba ada. Sangat cocok untuk menhabiskan waktu bersama teman atau keluarga.,"Warung makan ini memiliki suasana yang nyaman dengan gaya kampung tempo dulu. Lebih enak dikunjungi waktu sore sampai malam hari dalam suasana yang lebih romantis dengan cahaya remang-remang dari obor dan api unggun. Makanan yang disajikan bermacam-macam, mulai dari makanan Indonesia sampai makanan Eropa serba ada. Cocok sekali untuk menghabiskan waktu dengan teman atau keluarga.",0.9472883939743042
"Menu masakan sing disajekne lumayan rena-rena karo rasa sing lumayan enak, kabehe pelayan lan wektu pelayanane ya cukup apik dadi awakdewe wareg mangan awan ning kana, mung nata panggene restoran sing mestere rena-rena munggah - mudun dadi kudu luwih ngati-ati dinggo wong tua lan bocah cilik, muga-muga isa luwih ditingkatne pelayanane lan rena-rena menune. Sukses terus kanggo boemi mitoha.","Menu masakan yang disajikan lumayan bervariasi dengan rasa yang lumayan enak, jumlah pelayan dan waktu pelayanannya pun cukup baik sehingga kami puas makan siang di sana, hanya tata letak restoran yang lantainya bervariasi naik - turun sehingga harus ekstra hati-hati untuk orang tua dan anak kecil, semoga bisa semakin ditingkatkan pelayanan dan variasi menunya. Sukses selalu untuk boemi mitoha.","Menu masakan yang disajikan cukup beragam dengan rasa yang lumayan enak, semua pelayan dan waktu pelayanannya juga cukup baik jadi kami puas makan siang di sana, hanya saja tata letak restorannya yang agak beragam naik-turun jadi harus lebih berhati-hati untuk orang tua dan anak kecil, semoga bisa lebih ditingkatkan pelayanannya dan keragaman menunya. Sukses terus untuk boemi mitoha.",0.9695374369621277
"Tagihan mencolot loro kali lipat amarga promo entek tanpo kabar, ora bener iki.","Tagihan melonjak dua kali lipat gara-gara promo habis tanpa pemberitahuan, tidak benar ini.","Tagihan melonjak dua kali lipat karena promo berakhir tanpa pemberitahuan, ini tidak benar.",0.9742910861968994
Njaluk informasine babagan daftar rega klambi kang didhol.,Minta informasi tentang daftar harga baju yang sedang dijual,Minta informasi mengenai daftar harga pakaian yang dijual.,0.955487072467804
Aku tansaya sengit karo jne amarga pangirimane mesthi telat,Saya semakin membenci jne karena pengirimannya selalu telat,Aku semakin benci dengan JNE karena pengirimannya selalu terlambat.,0.9111089706420898
"Ora koyo warung mangan lan kafe biasane, konsep panggonane digawe unik. Akeh lampu-lampu, gambaran, semiantik. Panganan lan ombenane lumayan pas enak, sing garai kaget pas ndelok daftar menune. Ragene wuooow pas banget ning sak. Lan sing mesti rega mirah ora nggarai rasane maleh seje, pancet enak lan berkualitas.","Tidak seperti kebanyakan restoran dan kafe lain, konsep tempatnya dibuat unik. Banyak lampu-lampu, lukisan, semi antik. Makanan dan minuman lumayan cukup enak, yang buat kaget pas melihat daftar menunya. Harganya wuooow pas banget di kantong. Dan yang pasti harga murah tidak buat rasa jadi beda, tetap enak dan berkualitas.","Tidak seperti warung makan dan kafe biasanya, konsep tempatnya dibuat unik. Banyak lampu-lampu, lukisan, semi antik. Makanan dan minumannya lumayan enak, yang membuat kaget saat melihat daftar menunya. Harganya wuooow pas banget di kantong. Dan yang pasti harga murah tidak membuat rasanya berubah, tetap enak dan berkualitas.",0.9833995699882507
"Ana ing lantai 1 hotel yaiku lantai paling dhuwur, nyajikake pemandangan luar biasa ing arah bukit sing dithukuli wit-witan. Seger, resik, penak, luar biasa!","Terletak di lantai 1 hotel yang merupakan lantai tertinggi, menyajikan pemandangan luar biasa ke arah bukit yang ditumbuhi pepohonan. Segar, bersih, nyaman, luar biasa!","Terletak di lantai 1 hotel yang merupakan lantai paling atas, menyajikan pemandangan luar biasa ke arah bukit yang ditumbuhi pepohonan. Segar, bersih, nyaman, luar biasa!
",0.995641827583313
Sakdurunge aku lan pasangan mulih marang jakarta. Aku mampir ndhisik ing restoran iki. Pemandangane apik lan panganane uga murah meriah. Rekomendasi tenan,Sebelum saya dan pasangan pulang ke jakarta. Saya mampir dahulu ke restoran ini. Pemandangannya keren dan makanannya pun murah meriah. Rekomendasi sekali,"Sebelum aku dan pasangan pulang ke Jakarta, aku mampir dulu di restoran ini. Pemandangannya bagus dan makanannya juga murah meriah. Rekomendasi banget.",0.9739024043083191
Ngerasa bosen loh karo sakabehane. Bosen tenan ngelakokake rutinitas sing ngono-ngono wae.,Merasa jenuh loh sama semuanya. Bosen sekali melakukan rutinitas yang gitu-gitu saja.,Merasa bosan sekali dengan semuanya. Benar-benar bosan menjalani rutinitas yang itu-itu saja.,0.9354963898658752
Eman kothake sing tekan lumayan penyok,Sayang kotaknya yang sampai agak penyok,Sayang sekali kotaknya sampai dalam kondisi agak penyok.,0.9433154463768005
Kapisan njajal uwis disuguhi karo lalaine pelayan sing marakake dhewe ngenteni suwi wae 4 lagu marcell. Banjur uwis suwi ya ora sida pesenlah. Ora peduli arep enak kaya ngapa yen pelayanane elek karepe sing jenenge rasa.,Pertama mencoba sudah disuguhi dengan kelalaian pelayan yang bikin kita menunggu lama aja 4 lagu marcell. Terus sudah lama ya tidak jadi pesanlah. Tidak peduli mau enak kayak apa kalau pelayanannya buruk terserahlah yang namanya rasa.,Pertama mencoba sudah disuguhi dengan lamanya pelayan yang membuat diri menunggu lama sekali selama 4 lagu Marcell. Lalu sudah lama ya tidak jadi pesanlah. Tidak peduli seenak apapun kalau pelayanannya jelek hilang sudah yang namanya rasa.,0.9414471387863159
"Sego rawone enak banget, regane murah. Cedak universitas parahyangan. Panggonane unik nganggo kayu-kayu.","Nasi rawonnya sangat enak, harga terjangkau. Dekat universitas parahyangan. Tempatnya unik dengan kayu-kayu.","Nasi rawonnya enak sekali, harganya murah. Dekat Universitas Parahyangan. Tempatnya unik dengan menggunakan kayu-kayu.",0.9780319333076477
"Pesen soto karo iga bakar, ditambah suwasana sing adem. Rasane enak lan dilayani kanthi grapyak karo mbak diah, tisna, echa. Uwis ping pindo teka mrene lan mesthi marem karo kualitas panganan lan pelayanan:","Order soto sama iga bakar, ditambah suasana yang dingin. Rasanya enak dan dilayani dengan ramah sama mbak diah, tisna, echa. Sudah dua kali datang ke sini dan selalu puas dengan kualitas makanan dan pelayanan:","Pesan soto dan iga bakar, ditambah suasana yang sejuk. Rasanya enak dan dilayani dengan ramah oleh Mbak Diah, Tisna, Echa. Sudah dua kali datang ke sini dan selalu puas dengan kualitas makanan dan pelayanan.",0.9729647636413574
"Youtube akeh banget manfaate. Isa nonton film, ngrungokake lagu, kala-kala kanggo sinau.","Youtube banyak sekali manfaatnya. Bisa nonton film, dengar lagu, kadang untuk belajar.","Youtube memiliki banyak sekali manfaat. Bisa menonton film, mendengarkan lagu, kadang-kadang untuk belajar.",0.9688485264778137
"Udan ing dina isuk tenan marakna kesel, macet lan rega ojol dadi tenan ora isa dikendalikake marakna eneg","Hujan di pagi hari sungguh sangat kesal, macet dan harga ojol jadi super tak terkendali bikin eneg","Hujan di pagi hari benar-benar bikin capek, macet dan harga ojol jadi benar-benar tidak bisa dikendalikan bikin kesal.",0.9219778180122375
"Panganane lumayan enak-enak ing hawa anyes lan akeh variasine mulai saka restoran burangrang, saung purbasari lan area foodcourte.","Makanannya lumayan enak-enak di udara dingin dan banyak variasinya dari mulai restoran burangrang, saung purbasari dan area foodcourtnya.","Makanannya lumayan enak-enak di udara yang sejuk dan banyak variasinya mulai dari restoran Burangrang, Saung Purbasari dan area foodcourt.",0.9813385009765625
Tulung golekake alamat uwong iki. Bakal aku jak duel kaya uwong lanang nganggo samurai. Deknen uwis ngece ibuku sing paling aku tresnani lan hormati.,Tolong carikan alamat orang ini. Akan saya ajak duel secara jantan pakai samurai. Dia telah menghina ibuku yang paling aku cinta dan hormati.,Tolong carikan alamat orang ini. Akan saya ajak duel seperti laki-laki menggunakan samurai. Dia sudah mengejek ibuku yang paling saya cintai dan hormati.,0.9652455449104309
"Panggon ngombe kopi cedek kampus UI, vietnamese kopi -ne enak, regane relatif sedeng, cocok dinggo ngontemplasi karo nggarap tesis","Tempat minum kopi dekat kampus UI, vietnamese kopi -nya enak, harganya relatif sedang, cocok untuk berkontemplasi sembari mengerjakan tesis","Tempat minum kopi dekat kampus UI, kopi vietnamnya enak, harganya relatif sedang, cocok untuk kontemplasi dan mengerjakan tesis.",0.9630113244056702
"Panganane enak, lan pemandangane apik tenan,. Mung sing menyang lawangwangine kurang dadi ora kabeh uwong bisa ngerti yen lawangwangi ana nang kono kajaba wong sek lewat.","Makanannya enak, dan viewnya amazing,. Hanya sing menuju lawangwanginya kurang jadi tidak semua orang bisa tahu ada lawangwangi di situ kecuali orang yang lewat.","Makanannya enak, dan pemandangannya sangat bagus. Hanya saja petunjuk arahnya kurang, jadi tidak semua orang bisa tahu kalau restoran ada di sana kecuali orang yang lewat.",0.9421122074127197
Aku mulai usaha lan ora tau wedi gagal.,Saya memulai usaha dan tidak pernah takut gagal.,Saya memulai usaha dan tidak pernah takut gagal.,0.9999998807907104
Panggonan mangan kanthi nuansa doraemon. Rega panganane murah lan akeh pilihan. Panggonane ora patia amba nanging nyaman. Nang lantai 2 digawe kaya kamare nobita lkp kanthi meja sinau mesin waktu lan lawang nang ndi wae. Akeh golekan doraemon lan komik-komik sek isa diwaca sawetara ngenteni panganan. Kajaba iku sinambi ngrasakake panganane dhewe isa nonton film doraemon. Anakku seneng mangan. Lanjutan,Tempat makan dengan nuansa doraemon. Harga makanannya murah dan banyak pilihan. Tempatnya tidak terlalu luas tapi nyaman. Di lantai 2 di buat menyerupai kamar nobita lkp dengan meja belajar mesin waktu dan pintu ke mana saja. Banyak boneka doraemon dan komik-komik yang bisa dibaca saat menunggu makanan. Selain itu sambil menikmati hidangan kita bisa menonton film doraemon. Anak saya senang makan. Lanjutan,"Tempat makan dengan nuansa Doraemon. Harga makanannya murah dan banyak pilihan. Tempatnya tidak terlalu luas tapi nyaman. Di lantai 2 dibuat seperti kamarnya Nobita lengkap dengan meja belajar, mesin waktu, dan pintu ke mana saja. Banyak koleksi Doraemon dan komik-komik yang bisa dibaca sambil menunggu makanan. Selain itu, sambil menikmati makanannya, bisa menonton film Doraemon. Anakku senang makan. Lanjutan
",0.9654403924942017
"Aku nyang kafe dipakar bareng keluarga, pemandangane pancene keren banget. Panganane uga eco-eco. Dinggo nyantai nikmati sing disajikne lan pemandangane ning dipakar nyenengna banget. Awakdewe mrana dina minggu, lan rame banget sing dolan. Nanging ora ngenteni suwe, awakdewe langsung entuk meja. Dinggo panganan, bar awakdewe pesen ora kudu ngenteni suwe, panganan wis teka. Dinggo foto-foto uga apik banget.","Saya ke kafe dipakar bersama keluarga, pemandangannya memang keren banget. Makanannya juga enak-enak. Untuk bersantai menikmati sajian dan pemandangan di dipakar sangat menyenangkan. Kami ke sana hari minggu, dan sangat ramai pengunjung. Tapi tidak menunggu lama, kami langsung dapat meja. Untuk makanan, setelah kita order tidak perlu menunggu lama, makanan sudah datang. Untuk foto-foto juga sangat bagus.","Aku pergi ke kafe D'Pakar bersama keluarga, pemandangannya memang keren banget. Makanannya juga enak-enak. Untuk bersantai menikmati yang disajikan dan pemandangannya di D'Pakar sangat menyenangkan. Kami pergi ke sana hari Minggu, dan ramai sekali yang berkunjung. Tapi tidak menunggu lama, kami langsung dapat meja. Untuk makanan, setelah kami pesan tidak perlu menunggu lama, makanan sudah datang. Untuk foto-foto juga bagus sekali.",0.9653487205505371
"Ora salah maneh iki kafe modern salah siji senengane wong depok kanggo mangan, nglumpuk tenanan panggone nyaman soale.","Tidak salah lagi ini kafe modern salah satu favorit warga depok buat makan, berkumpul seriusan tempatnya nyaman soalnya.","Tidak salah lagi, ini kafe modern salah satu favoritnya orang Depok untuk makan dan berkumpul, tempatnya sangat nyaman soalnya.",0.9648420214653015
Kesel wae karo kelakuan nyinyir terus kelompok sebelah.,Kesal saja dengan kelakuan nyinyir terus kelompok sebelah.,Capek saja dengan kelakuan nyinyir terus kelompok sebelah.,0.9793362617492676
"Aku seneng mangan ning kene merga menu iwak pitike enak lan empuk, sambele pas ning ilat lan kahanane restorane uga nyaman. Liyane iku pelayanane uga apik lan regane mirah.","Saya suka makan di sini karena menu ayamnya enak dan empuk, sambal pas di lidah dan suasana restorannya juga nyaman. Selain itu pelayanan juga bagus dengan harga terjangkau.","Saya senang makan di sini karena menu ayam dan ikannya enak dan empuk, sambalnya pas di lidah, dan suasana restorannya juga nyaman. Selain itu, pelayanannya juga baik dan harganya murah.",0.9755241274833679
Aku ki wis kesel arep nesu-nesu. Ben aku dewe ae wis sing njupuk maneh pakete lan tak kirim lewat ekspedisi liya ae. Gela pol embuh ping pira.,Gue itu sudah capek mau marah-marah. Biar gue sendiri aja deh yang ambil lagi paketnya dan gue kirim via ekspedisi lain saja. Kecewa berat entah keberapa kalinya.,Aku sudah capek mau marah-marah. Biar aku sendiri saja yang ambil lagi paketnya dan aku kirim lewat ekspedisi lain saja. Kecewa sekali entah sudah berapa kali.,0.9630239009857178
"Reunion house iki wis tenan direkomendasikake kanggo mangan awan nang bandung. Panggonane kepenak, asyik kanggo nyantai guyonan karo sapa bae. Menune uga oke tenan.","Reunion house ini direkomendasikan banget buat makan siang di bandung. Tempatnya nyaman, asyik buat santai mengobrol bareng siapa saja. Menunya juga oke banget.","Rumah Reunion ini sangat direkomendasikan untuk makan siang di Bandung. Tempatnya nyaman, asyik untuk bersantai dan bercanda dengan siapa saja. Menunya juga sangat oke.",0.9611103534698486
Dingge meruhi promo-promo sing lagi ana ning tokopedia awakmu isa marani halaman iki.,Untuk mengetahui promo-promo yang sedang berlangsung di tokopedia kamu dapat mengunjungi halaman berikut.,"Untuk mengetahui promo-promo yang sedang berlangsung di Tokopedia, kamu bisa mengunjungi halaman ini.",0.9786937236785889
"Jarene jam iki anti banyu, nanging dienggo renang tok uwis mati","Katanya jam ini water resist, tapi dipakai berenang doang sudah mati","Katanya jam ini anti air, tapi dipakai berenang sebentar saja sudah mati.",0.9508252739906311
Suasane asri. Akeh sing dodolan panganan. Panggonan sing nggo nongkrong lan kafene cocok kanggo kunjungan. Dhewe ndhuwe wektu belanja ing supermarket. Regane uga ora larang. Suasanane ing njero malle penak. Acne anyeslah. Lan barang-barang merekane mantap tenan lan akeh potongan rega,Suasananya asri. Banyak jualan makanan. Tempat nongkrong dan cafenya cocok untuk berkunjung. Kami sempat belanja disupermarket. Harganya juga tidak mahal. Suasana di dalam mallnya nyaman. Acnya dinginlah. Dan barang-barang brandednya mantap sekali dan banyak diskon,Suasananya asri. Banyak yang berjualan makanan. Tempat untuk nongkrong dan kafenya cocok untuk dikunjungi. Kami sempat berbelanja di supermarket. Harganya juga tidak mahal. Suasana di dalam mal nyaman. AC-nya dingin. Dan barang-barang mereknya sangat bagus dan banyak potongan harga.,0.9610434770584106
Pemikirane sempit nanging ngrumangsa paling bener mangkel banget aku,Pemikiran sempit tapi sok benar kesal banget aku,Pemikirannya sempit tapi merasa paling benar menjengkelkan sekali bagiku.,0.8990160226821899
Sek foto karo uwong kuwi udu adike bang doni. Jijik ah foto karo uwong kuwi.,Yang foto sama orang itu bukan adik bang doni. Jijik ah foto sama orang itu.,Itu foto sama orang itu bukan adiknya Bang Doni. Jijik ah foto sama orang itu.,0.9763087034225464
"Sakwijining musibah lagi wae kena kampung adat ning bajawa, flores. Kebakaran gedhe sing kadadean ing senin 13 / 8 sore ameh ngobongake kabeh kampung. Total 27 saka 33 omah adat sing ana entek dipangan geni bareng kabeh crita lan sejarahe.","Sebuah musibah baru saja menimpa kampung adat di bajawa, flores. Kebakaran hebat yang terjadi pada senin 13 / 8 sore hampir menghanguskan seluruh kampung. Total 27 dari 33 rumah adat yang ada habis dilalap api bersama semua cerita dan sejarahnya.","Sebuah musibah baru saja menimpa kampung adat di Bajawa, Flores. Kebakaran besar yang terjadi pada Senin 13/8 sore hampir menghanguskan seluruh kampung. Total 27 dari 33 rumah adat yang ada ludes dilalap api beserta seluruh cerita dan sejarahnya.",0.9765344858169556
Marang rene wektu acara kantor. Ana musik langsung. Menu aneka werna. Cocok yen lunga rame-rame nanging selerane beda-beda. Ramene enak.,Ke sini waktu acara kantor. Ada live musik. Menu beragam. Cocok kalau pergi ramai-ramai tapi seleranya beda-beda. Ramennya enak.,Datang ke sini saat acara kantor. Ada musik live. Menu beragam. Cocok jika pergi ramai-ramai tetapi selera berbeda-beda. Suasananya menyenangkan.,0.9703224897384644
"Aku karo keluarga mangan mbengi nang panggonan iki amarga kajaba iku menu utamane batagor uga ana menu liyane. Aku mung mesen 2 menu sek akhire teka sakwise 45 menit, kuwi sakwise  kaping pirang-pirang aku takon. Seko rasane sawetara seko menu sek sakwise aku jajal lumayan enak. Sarane sakdhurunge pesen luwih apik takon ndhisik regane piro suwi orane nggawe menu kang dipesen.","Saya bersama keluarga makan malam di tempat ini karena selain menu utama batagor terdapat menu lain. Saya hanya memesan 2 menu yang akhirnya datang setelah 45 menit, itu pun setelah beberapa kali saya tanyakan. Dari segi rasa beberapa menu yang sebelumnya pernah saya coba lumayan enak. Saran sebelum memesan lebih baik tanyakan berapa lama pembuatan menu yang dipesan","Saya dan keluarga makan malam di tempat ini karena selain menu utamanya batagor juga ada menu lainnya. Saya cuma memesan 2 menu yang akhirnya datang setelah 45 menit, itu pun setelah beberapa kali saya bertanya. Dari rasanya, beberapa menu yang setelah saya coba lumayan enak. Sarannya, sebelum memesan lebih baik tanya dulu harganya berapa dan berapa lama membuat menu yang dipesan.",0.9660319089889526
Paket wis ditampa. Rodok gela merga pesen werna ireng dikirim werna kuning.,Paket sudah diterima. Sedikit kecewa karena order warna hitam dikirim warna kuning.,Paket sudah diterima. Agak kecewa karena pesan warna hitam dikirim warna kuning.,0.9726583957672119
"Aku saka bali, dilalah pas dolan menyang kutho bandung, pas ning sanding kantor gubernur jawa barat alias cedeke gedung sate, awakdewe disarane mangan ning bancakan merga cedek. Bar mlebu awakdewe dikeki piring saka komplong sing wis ora apik eneh, kayake karaten. Akhire awakdewe milih panganan sing awakdewe sir, lan atusan laler miber teka ngendi-ngendi merga wis kadung awakdewe ya pancet mangan. Nggilani pol.","Saya dari bali, kebetulan sedang liburan ke kota bandung, ketika sedang di dekat kantor gubernur jawa barat alias dekat gedung sate, kami di-suggest makan di bancakan karena dekat. Setelah masuk kami pun diberi piring dari kaleng yang sudah tidak bagus lagi, sepertinya berkarat. Akhirnya kami memilih makanan yang kami suka, dan ratusan lalat beterbangan ke mana mana karena sudah terlanjur kami pun tetap makan. Sangat jijik","Saya dari Bali, kebetulan pas jalan-jalan ke kota Bandung, pas di dekat kantor gubernur Jawa Barat alias dekat Gedung Sate, kami disarankan makan di Bancakan karena dekat. Setelah masuk, kami diberi piring dari batok kelapa yang sudah tidak bagus lagi, seperti berkarat. Akhirnya kami memilih makanan yang kami suka, dan ratusan lalat terbang ke mana-mana, karena sudah terlanjur, ya tetap kami makan. Menjijikkan sekali.",0.9499894976615906
Ndelok sinetron ae anyak waleh opomeneh nonton isu apus-apus sing diramalke.,Nonton sinetron saja mulai bosan apalagi menonton isu bohong yang diramalkan.,"Nonton sinetron saja sudah bosan, apalagi menonton isu bohong yang diramalkan.",0.9868978261947632
Aku tuku werna-werna roti. Piliane akeh nanging rasane biasa wae. Rotine garing kaya uwis pirang-pirang dina. Ora seger. Pelayanane uga suwi. Nguciwakake.,Saya beli berbagai macam roti. Pilihannya banyak tapi rasanya biasa saja. Rotinya kering seperti sudah berhari-hari. Tidak segar. Pelayanannya juga lama. Mengecewakan.,Saya membeli berbagai macam roti. Pilihannya banyak tetapi rasanya biasa saja. Rotinya kering seperti sudah beberapa hari. Tidak segar. Pelayanannya juga lama. Mengecewakan.,0.9866853952407837
Aja lali ngombe banyu mineral 8 -- 10 gelas saben dinane.,Jangan lupa minum air mineral 8 -- 10 gelas per harinya.,Jangan lupa minum air mineral 8 -- 10 gelas setiap harinya.,0.99062579870224
"Panggonane sing apik ing cedak ndhuwur bukit, bisa ndhelok pemandangan kutha saka ndhuwur.","Tempatnya yang indah di dekat atas bukit, bisa lihat pemandangan kota dari atas.","Tempat yang bagus di dekat puncak bukit, bisa melihat pemandangan kota dari atas.",0.9751265645027161
"Numpak grab, mase crita sing wingi kena balangan watu ing dalan.Juanda pas badha jebule anake kancane","Naik grab, abangnya cerita yang kemarin kena lemparan batu di jalan.Juanda saat lebaran ternyata anak temannya","Naik Grab, masnya cerita yang kemarin kena lemparan batu di jalan. Juanda pas Lebaran ternyata anaknya temannya.",0.9620601534843445
Sakkelompok mahasiswa sing bodo. Syukur aku udu mahasiswa daerah kono. Isin woy.,Sekelompok mahasiswa yang bodoh. Syukur deh gue bukan mahasiswa daerah situ. Malu woy.,Sekelompok mahasiswa yang bodoh. Syukur aku bukan mahasiswa daerah sana. Malu woi.,0.9745485782623291
"Restone apik lan gede. Wektu marang rene pas mangan siang lan dina minggu rame tenan pengunjung. Panganane enak enak, gurame goreng lan sambele mantep.","Restonya bagus dan besar. Waktu ke sini saat makan siang dan hari minggu ramai sekali pengunjung. Makanannya enak enak, gurame goreng dan sambalnya mantap.","Restorannya bagus dan besar. Waktu datang ke sini pas makan siang dan hari minggu ramai sekali pengunjung. Makanannya enak-enak, gurame goreng dan sambalnya mantap.",0.979958713054657
"Aku klebu salah siji wong sing cukup setia karo kampung daun kat awal bukak tahun 2003 lak ora salah, kualitas panganan awite eco, ket tambah rame lan tambah mrene, panganan sing dirumantekne ora koyo biasane lan arang kading sing ngelayani kesane cuek banget, awakdewe pesen rena-rena macem panganan nanging sing teko kondisine wis anyep lan ora sekeca blas, mung panggone sing apik.","Saya termasuk salah satu orang yang cukup setia dengan kampung daun dari awal buka di tahun 2003 kalau tidak salah, kualitas makanan awalnya oke, tapi semenjak makin ramai dan makin ke sini, makanan yang disajikan tidak seperti biasanya dan terkadang pelayan terkesan cuek sekali, kita mesan beberapa jenis makanan tapi yang datang sudah dengan kondisi dingin dan tidak menarik, tempat menarik.","Saya termasuk salah satu orang yang cukup setia dengan Kampung Daun dari awal buka tahun 2003 kalau tidak salah, kualitas makanannya awalnya enak, tetapi semakin ramai dan semakin ke sini, makanan yang diperhatikan tidak seperti biasanya dan jarang sekali ada yang melayani, kesannya cuek banget, kami pesan bermacam-macam makanan tapi yang datang kondisinya sudah dingin dan tidak enak sama sekali, hanya tempatnya yang bagus.",0.9429852366447449
Blanja ing Giant diskon 20% kanggo kartu kredit bca.,Belanja di Giant diskon 20% dengan kartu kredit bca.,Belanja di Giant diskon 20% untuk kartu kredit BCA.,0.9754871129989624
"Mas, dalan ning muara bulian anyar, lagek sesasian dibenakne, uwis rusak maneh. Sing nggarap kaya ora tenanan","Kang, jalan di muara bulian baru, baru sebulanan dibenarkan, sudah rusak lagi. Yang mengerjakan seperti tidak serius","Mas, jalan ke Muara Bulian yang baru, baru sebulan diperbaiki, sudah rusak lagi. Yang mengerjakan seperti tidak sungguh-sungguh.",0.9384616017341614
"Pancen ora enak kejebak macet, nanging luwih ora enak meneh yen kejebak masa lalu","Memang enggak enak terjebak macet, tapi lebih tidak enak lagi kalau terjebak masa lalu","Memang tidak enak terjebak macet, tapi lebih tidak enak lagi jika terjebak masa lalu.",0.9894925951957703
"Sumpah, nyesel tenan nggawe orderan via aplikasi iki. Bisa-bisane tiket ekektronike ora ditokake. Lan proses konfirmasine suwi. Sakdurunge uwis ngalami babagan sing meh pada ing aplikasi sebelah, nanging layanane cepet tenan langsung wenehi solusi. Ora kudu nganti telepon layanan pelanggan ping 4.","Sumpah, menyesal sekali bikin orderan via aplikasi ini. Bisa-bisanya e - ticket tidak issued. Dan proses konfirmnya lama. Sebelumnya pernah mengalami hal yang hampir sama di aplikasi sebelah, tetapi pelayanannya cepat sekali langsung kasih solusi. Tidak harus sampai telpon layanan pelanggan 4 kali.","Sumpah, benar-benar menyesal melakukan pesanan lewat aplikasi ini. Bagaimana bisa tiket elektroniknya tidak dikeluarkan. Dan proses konfirmasinya lama. Sebelumnya sudah mengalami hal yang hampir sama di aplikasi sebelah, tapi layanannya cepat sekali langsung memberi solusi. Tidak perlu sampai menelepon layanan pelanggan 4 kali.",0.957434356212616
"Uwis aku kirim pesen langsunge, tulung ndang dicek","Sudah saya kirim pesan langsungnya, tolong segera dicek","Sudah saya kirim pesan langsung, tolong segera dicek.",0.9772163033485413
"Aku nglakoni 5 transaksi ning tanggal 22 juni, kabeh ditolak nyatane kesuda saka rekening sampek 7 yuta, saka 5 transaksi lagek 3 transaksi sing dibalekne.","Saya melakukan 5 transaksi pada tanggal 22 juni, smuanya decline nyatanya terdebit dari rekening hampir 7 juta, dari 5 transaksi baru 3 transaksi yang dikembalikan.","Saya melakukan 5 transaksi pada tanggal 22 Juni, semuanya ditolak padahal saldo rekening sudah terpotong sampai 7 juta, dari 5 transaksi baru 3 transaksi yang dikembalikan.",0.9479069113731384
Mayoritas sing nganggo hak pilih ing pemilihan gubernur uwis nentukake pilian.,Mayoritas pengguna hak pilih di pemilihan gubernur telah menentukan pilihan.,Mayoritas pemilih dalam pemilihan gubernur sudah menentukan pilihan.,0.957602858543396
Wis ngenteni jne tibake dee tekane sesuk. Aku pengen nesu,Sudah menunggu jne ternyata dia datangnya besok. Ingin aku marah,"Sudah menunggu JNE, ternyata dia datangnya besok. Aku ingin marah.",0.9498366713523865
"Spotify rumit, kudu nganggo administrasi wulanan mbarang","Spotify ribet, pakai ada administrasi bulanan segala","Spotify itu ribet, harus pakai langganan bulanan segala.",0.9351219534873962
"Pengen mangan oreo wae ribet tenan, mesti diputer - dijilat - dicelupake","Mau makan oreo aja ribet banget sih, mesti diputer - dijilat - dicelupkan","Pengen makan oreo saja ribet sekali, harus diputar - dijilat - dicelupkan.",0.950438916683197
"Ngapuro, udu mung nomerku sing kaya ngono, aku takon kabeh sing nganggo ing daerah kono, ngomongake babagan sing pada, isih uga ora gelem ngaku uga yen tenan sinyale sing elek","Maaf, bukan nomer saya saja yang begitu, saya tanya semua yang pakai di daerah situ, mengatakan hal yang sama, masih tidak mau ngaku juga kalau memang sinyalnya yang jelek","Maaf, bukan hanya nomor saya yang seperti itu, saya bertanya kepada semua orang yang menggunakan (provider yang sama) di daerah sana, membicarakan hal yang sama, tetap saja mereka tidak mau mengakui juga kalau memang sinyalnya yang jelek.",0.9373149275779724
"Kisaran siare tulung diambakake, amarga akeh daerah sing hurung isa nikmati siaran net. Matur suwun.","Jangkauan siarnya tolong diperluas, karena banyak daerah yang belum bisa menikmati siaran net. Terima kasih.","Jangkauan siaran tolong diperluas, karena banyak daerah yang belum bisa menikmati siaran digital. Terima kasih.",0.9807958006858826
"Kok isa ditokne bangunan ing dhuwur kali, ing dalan saka rumah sakit menyang pasar Ciroyom, aneh.","Kok bisa dibiarkan bangunan di atas sungai, di jalan dari rumah sakit menuju pasar Ciroyom, aneh.","Kok bisa ada bangunan didirikan di atas sungai, di jalan dari rumah sakit menuju pasar Ciroyom, aneh.",0.9887765049934387
"Krungu lambe saka lambe soal restoran iki, saking penasaran, aku jajal marani. Nanging sayange, lak menurutku biasa ae, ora kaya sing diceritakne wong-wong. Rasane ya biasa-biasa ae, ora sumbut karo regane. Kaya masakan sing tas sinau.","Dengar dari mulut ke mulut tentang restoran ini, saking penasaran, saya coba untuk berkunjung. Tapi sayang, kalau menurut saya, tidak seperti apa yang banyak diceritakan orang. Rasanya biasa-biasanya saja, tidak sesuai saja dengan harganya. Seperti masakan yang baru belajar.","Mendengar dari mulut ke mulut soal restoran ini, saking penasarannya, aku coba datangi. Tapi sayangnya, kalau menurutku biasa saja, tidak seperti yang diceritakan orang-orang. Rasanya ya biasa-biasa saja, tidak sebanding dengan harganya. Seperti masakan yang baru belajar.",0.9675343036651611
Iphone iki. Kamerane peteng wassalam elek banget ora isa diandalake banget yen males nggawa kamera.,Iphone ini. Kamera gelapnya wassalam jelek banget tidak bisa diandalkan banget kalau malas bawa kamera.,Iphone ini. Kameranya gelap sekali jelek sekali tidak bisa diandalkan sekali jika malas membawa kamera.,0.9614673256874084
"Yen ora nduwe dhuwit kanggo tuku komik nanging uga pengen jagongan, teka bae marang rene. Koleksi komike komplit. Panganan ombenae sabenere mung fasilitas tambahan, nanging cukup lumayan. Regane uga murah khas mahasiswa.","Kalau tidak punya uang buat beli komik tapi juga ingin nongkrong, datang saja ke sini. Koleksi komiknya lengkap. Makanan minumannya sebenrnya hanya fasilitas tambahan, tapi cukup lumayan. Harganya juga murah khas mahasiswa.","Jika tidak punya uang untuk membeli komik tapi juga ingin nongkrong, datang saja ke sini. Koleksi komiknya komplit. Makanan dan minumannya sebenarnya hanya fasilitas tambahan, tetapi cukup lumayan. Harganya juga murah khas mahasiswa.",0.978488028049469
"Aduh pak kok seolah-olah manas-manasi kubu sisih seh? Ojo to pak, iku mengko deweke kabeh tambah cemburu, iren, pegel, nyinyir, mutung kayak bocah cilik, nesu-nesu ora jelas jluntrunge lan tambah bosok ae utek lan atine.","Aduh pak kok seolah-olah memanas - manasi kubu sebelah sih? Jangan dong pak, itu nanti mereka tambah cemburu, iri, dengki, nyinyir, ngambek kayak anak kecil, marah-marah tidak jelas juntrungannya dan makin busuk saja otak dan hatinya.","Aduh pak, kok seolah-olah memanas-manasi pihak sebelah sih? Jangan dong pak, itu nanti mereka semua jadi tambah cemburu, iri, kesal, nyinyir, ngambek kayak anak kecil, marah-marah tidak jelas juntrungannya, dan tambah busuk saja otak dan hatinya.",0.9752206206321716
"Rekomendasi bangetlah. Cappucinone ketagihan, rega miring, lan valet parkir mbayar sakikhlase. Teka pas arep maghrib mesti luwih seru suwasanane.","Rekomendasi bangetlah. Cappuccinonya ketagihan, harga miring, dan valet parkir bayar seikhlasnya. Datang pas menjelang maghrib pasti lebih seru suasananya.","Sangat direkomendasikan. Cappuccinonya bikin ketagihan, harga terjangkau, dan valet parkir bayar seikhlasnya. Datang pas mau maghrib pasti lebih seru suasananya.",0.9744059443473816
Oke bos masiyo hape ujug-ujug ngehank dewe sedina,"Oke bos, walau handphone tiba-tiba ngehank sendiri selama sehari","Oke bos, meskipun HP tiba-tiba nge-hang sendiri seharian.",0.9449148178100586
Panggonan mangan kanthi suasana alam iki paling pas kanggo acara karo pasangan utawa karo kaluwarga. Panganane enak lan regane uga cukup kajangkau,Tempat makan dengan suasana alam ini paling tepat untuk acara dengan pasangan atau dengan keluarga. Makanannya enak dan harga juga cukup terjangkau,Tempat makan dengan suasana alam ini paling cocok untuk acara bersama pasangan atau keluarga. Makanannya enak dan harganya juga cukup terjangkau.,0.984670877456665
Yakin kuwi ikhlas? Tulus? Kuwi udu pencintraan tok ya?,Yakin itu ikhlas? Tulus? Bukannya itu hanya pencitraan saja ya?,"Yakin itu ikhlas? Tulus? Itu bukan pencitraan saja kan?
",0.9602149128913879
"Aku melu lomba blog cinta rupiah bank indonesia - net media lan uwis nyubmit artikel nang 22 desember 2017 kepungkur, nanging sampek saiki status artikelku isih unpublished. Nyuwun tulung dijelasne.","Saya mengikuuti lomba blog cinta rupiah bank indoneisa - net media dan sudah men - submit artikle pada 22 desember 2017 lalu, tapi sampai sekarang status artikel saya masih unpublished. Mohon penjelasannya.","Saya mengikuti lomba blog cinta rupiah Bank Indonesia - Net Media dan sudah menyubmit artikel pada 22 Desember 2017 lalu, tetapi sampai sekarang status artikel saya masih unpublished. Mohon tolong dijelaskan.",0.9435513615608215
"Kafe iki nyediakne panganan tradisional bergaya kafe cah nom. Liyane panggon sing nyaman, rega kelebu mirah lan kejangkau","Kafe ini menyediakan makanan tradisional bergaya kafe anak muda. Selain tempat yang nyaman, harga terbilang murah dan terjangkau","Kafe ini menyediakan makanan tradisional bergaya kafe anak muda. Selain tempatnya nyaman, harganya juga murah dan terjangkau.",0.974555253982544
"Stasiun tv owol, ora konsisten, nguciwokake panyengkuyunge persib - persiba, ora ndhuwe welas asih marang manungsa! Owol, lan cupu!","Stasiun tv payah, tidak konsisten, mengecewakan pendukung persib - persiba, tidak berprikemanusiaan! Payah, dan cupu!","Stasiun TV bodoh, tidak konsisten, mengecewakan pendukung Persib - Persiba, tidak punya belas kasihan terhadap manusia! Bodoh, dan payah!
",0.9415842890739441
"Panggone nyaman lan kesane adem. Satene uga enak lan ana menu liyane maneh ning panggon iki, ora mung sate","Tempatnya nyaman dan berkesan adem. Satenya juga enak dan ada menu lainnya lagi di tempat ini, tidak hanya sate","Tempatnya nyaman dan kesannya sejuk. Satenya juga enak dan ada menu lainnya lagi di tempat ini, tidak hanya sate.",0.9817773699760437
"Pemandangane apik kanggo foto-foto, hawane sejuk, panganane rasane enak. Rega uga kajangkau. Mantep.","Pemandangannya bagus untuk foto-foto, udaranya sejuk, makanannya rasanya enak. Harga juga terjangkau. Mantap.","Pemandangannya bagus untuk foto-foto, udaranya sejuk, makanannya terasa enak. Harganya juga terjangkau. Mantap.",0.9948211312294006
Adikku seneng banget brownis primarasa,Adikku sangat suka brownis primarasa,Adikku sangat suka brownies Primarasa.,0.9428945183753967
Akeh klambi lan celono sing didol ning matahari mal,Banyak baju dan celana yang dijual di matahari mal,Banyak baju dan celana yang dijual di Matahari Mall.,0.9251401424407959
"Minimal internetku pedhot dumadakan, 1 omah nganggo simpati kabeh semono uga ora isa nyambung internet","Minimal internet saya putus tiba-tiba, 1 rumah pakai simpati semua begitu juga tidak bisa connect internet","Minimal internetku putus tiba-tiba, satu rumah pakai Simpati semua sama juga tidak bisa menyambung internet.",0.959071695804596
Kaskus pancen kerep menehi informasi sing menarik lan paling anyar,Kaskus memang sering memberikan informasi yang menarik dan terbaru,Kaskus memang sering memberikan informasi yang menarik dan terbaru.,0.9788640737533569
"Aku paling ora seneng kuwi, yen nyepaki pemilu, suasane tansah panas.","Saya paling tidak suka itu, kalau mendekati pemilu, suasananya selalu memanas.","Aku paling tidak suka itu, kalau menjelang pemilu, suasananya selalu panas.",0.9833399057388306
"Lumayan nyesel karo kaputusan mlebu jurusan film, pengen mlebu seni rupa sakasline. Nanging ragu karo bakar sing didhuweni.","Agak menyesal dengan keputusan masuk jurusan film, ingin masuk seni rupa sebenarnya. Tapi ragu dengan bakat yang dimiliki.","Lumayan menyesal dengan keputusan masuk jurusan film, ingin masuk seni rupa sebenarnya. Tapi ragu dengan bakat yang dimiliki.",0.9879437685012817
"Rasa bumbu sega gorenge ora seenak mbiyen maneh, cemplang lan luwih asin. Kudu ana sing ngontrol kualitas rasa ben kualitas tetep siyaga.","Rasa bumbu nasi gorengnya tidak seenak dulu lagi, terkesan hambar dan lebih asin. Perlu ada pengontrol kualitas rasa agar kualitas tetap terjaga.","Rasa bumbu nasi gorengnya tidak seenak dulu lagi, hambar dan lebih asin. Harus ada yang mengontrol kualitas rasa agar kualitas tetap terjaga.",0.9818161725997925
"Sesuai rekomendasi, aku njajal mie goreng spesial lan rasane menurutku biasa banget ae lan kurang cocok ning ilat","Sesuai rekomendasi, saya mencoba mie goreng special dan rasanya menurut saya sangat biasa saja dan kurang cocok di lidah","Sesuai rekomendasi, saya mencoba mi goreng spesial dan rasanya menurut saya biasa saja dan kurang cocok di lidah.",0.9835014343261719
"Baksone enak kanggo dipangan, panggonane resik penyajiane panganan bakso sek caraku beda. Enak banget deh","Baksonya enak buat di makan, tempat bersih penyajian makanan bakso yang menurut saya beda. Enak banget deh","Baksonya enak untuk dimakan, tempatnya bersih, penyajian makanan baksonya juga caranya beda. Enak banget deh.",0.9551852941513062
Pelakune aja diserahake karo pak polisi. Kubur urip-urip bae.,Pelakunya jangan diserahkan sama pak polisi. Kubur hidup-hidup saja.,Jangan serahkan pelakunya ke polisi. Kubur hidup-hidup saja.,0.9571484923362732
"Nggelakne banget, aku pesen tiket lan uwis tak bayar, padahal wektu iku urung kadaluwarsa pas aku transfer, nanging nganti saiki urung dikeki kode bookinge, malah dikeki notifikasi uwis kadaluwarsa, banjur duwite mlayune neng ngendi, pas aku hubungi liwat email gur ditanggepi pisan wae.","Sangat mengecewakan, saya pesan tiket dan sudah saya bayar, padahal waktu itu belum kadaluarsa pas saya transfer, tapi sampai sekarang belum dikasih kode bookingnya, malah dikasih notifikasi sudah kadaluarsa, lalu uangnya larinya ke mana, pas saya hubungi lewat email hanya ditanggapi sekali saja.","Sangat mengecewakan, saya sudah memesan tiket dan sudah saya bayar, padahal waktu itu belum kadaluarsa saat saya transfer, tetapi sampai sekarang belum diberikan kode bookingnya, malah diberi notifikasi sudah kadaluarsa, lalu uangnya lari ke mana, saat saya hubungi lewat email hanya ditanggapi sekali saja.",0.9875743985176086
"Lho nemene jne! Aku nelpon ora diangkat, tweet ora dibales, email ora dibales, pesen ora dibales!","Loh parahnya jne! Saya nelepon tidak diangkat, tweet tidak dibalas, email tidak dibalas, pesan tidak dibalas!","Lho, parah banget JNE! Aku menelepon tidak diangkat, tweet tidak dibalas, email tidak dibalas, pesan tidak dibalas!
",0.947418212890625
"Gela rasane karo pelayanan sing diwenehi hotel bintang papat iki. Pas aku nginep ning hotel iku, aku entuk perlakuan kurang ngenakne saka pelayan sing ana. Ditambah maneh karo jeding e sing ora ana tisune. Padahal regane lumayan larang. Nanging ora sesuai karo pelayanan sing diwenehne.","Kecewa rasanya dengan pelayanan yang diberikan hotel bintang empat ini. Saat saya menginap di hotel itu, saya mendapat perlakuan kurang mengenakkan dari pelayan yang ada. Ditambah lagi dengan kamar mandi yang tidak ada tisunya. Padahal harganya lumayan mahal. Tapi tidak sesuai dengan pelayanan yang diberikan.","Kecewa rasanya dengan pelayanan yang diberikan hotel bintang empat ini. Waktu saya menginap di hotel itu, saya mendapat perlakuan kurang menyenangkan dari pelayan yang ada. Ditambah lagi dengan kamar mandinya yang tidak ada tisunya. Padahal harganya lumayan mahal. Tetapi tidak sesuai dengan pelayanan yang diberikan.",0.991603434085846
"Saka mambengi kok ora iso dienggo, layanan indosat kok kaya ngene. Ndaftar extra 2 gb 10 ewu ora isa-isa, eman-eman pulsaku malah entek ora isa dienggo apa-apa.","Dari semalam kok tidak bisa dipakai, layanan indosat kok kayak gini. Daftar extra 2 gb 10 ribu tidak bisa-bisa, sia-sia pulsa saya malah habis tidak dipakai apa-apa.","Semalam kenapa tidak bisa dipakai, layanan Indosat kok seperti ini. Mendaftar extra 2 GB 10 ribu tidak bisa-bisa, sayang-sayang pulsaku malah habis tidak bisa dipakai apa-apa.",0.9596117734909058
"Panggonane lumayan asik, parkiran kasusun rapi. Gabungan sing aneh nanging enak, steak dikancani mi tak tak pedes banget. Hm.","Tempatnya lumayan asik, parkiran di susun rapi. Perpaduan yang aneh tapi enak, steak ditemani mi tak tak super pedas. Hm.","Tempatnya lumayan asyik, parkiran tersusun rapi. Gabungan yang aneh tapi enak, steak ditemani mi yang tidak terlalu pedas. Hm.",0.9614832997322083
"Koyoke isuk iki macet banget yo, wis tur ning bis luwih saka sejam, nanging ora sampek-sapek yok an.","Kayaknya pagi ini macet banget ya, sudah tur di bus lebih dari sejam, tetapi tidak sampai-sampai juga.","Kayaknya pagi ini macet banget ya, sudah naik bis lebih dari satu jam, tapi tidak sampai-sampai juga.",0.9754111170768738
"Aku pegel kat februari ditelpon mben dina ditelpon saka mnc tv. Aku ora tau langganan, aku ping bolak-balik nglarifikasi.","Saya kesal sejak februari ditelpon tiap hari di telpon dari mnc tv. Saya tidak pernah langganan, saya puluhan kali klarifikasi.","Saya lelah dari bulan Februari ditelepon setiap hari dari MNC TV. Saya tidak pernah berlangganan, saya sudah bolak-balik mengklarifikasi.",0.934731662273407
Kemeruh banget to kowe mat. Ora usah sok-sokan ngekeki ceramah barang. Ceramahmu iku sesat.,Sok tahu banget sih lu mat. Tidak usah sok-sokan beri ceramah segala. Ceramah kamu sesat.,"Sombong sekali kamu, Mat. Tidak usah sok-sokan memberi ceramah segala. Ceramahmu itu sesat.",0.9537690281867981
Bakso nganggo ceker utawa sikil pithik yaiku sensasi sing enak tenan. Enak banget pokoke kajaba bakso isih akeh menu liyane. Pokoke dianjurake tenan,Bakso dengan ceker atau kaki ayam merupakan sensasi yang menakjubkan. Enak banget deh pokoknya selain bakso masih banyak menu yang lain. Pokoknya direkomendasikan banget deh,Bakso dengan ceker atau kaki ayam itu sensasi yang enak sekali. Enak banget pokoknya selain bakso masih banyak menu lainnya. Pokoknya direkomendasikan banget.,0.9743987321853638
"Xiaomi, samsung, gumantung si kowe pengin tipe apa lan jumbuh biaya sing kowe duwe, takok-takok wae menyang panggonan sing dodol hpne","Xiaomi, samsung, tergantung sih kamu mau tipe apa dan sesuai biaya yang kamu punya, tanya-tanya aja ke tempat yang jual hpnya","Xiaomi, Samsung, tergantung kamu ingin tipe apa dan sesuai biaya yang kamu punya, tanya-tanya saja ke tempat yang menjual HP.",0.9783276319503784
"Panggon parkir kesempiten, sampek mobil kudu dititipne nyang lahan parkir sing ana ning sebrang hotel.","Tempat parkir terlalu sempit, sampai mobil harus dititipkan ke lahan parkir yang ada di sebrang hotel.","Tempat parkir terlalu sempit, sampai mobil harus dititipkan di lahan parkir yang ada di seberang hotel.",0.9847210645675659
"Merga skate park iki diubengi panggon klumpukan sing asyik, aku rasane ora bakal isa krasa waleh.","Karena skate park ini dikelilingi tempat berkumpul yang asik, saya merasa tidak akan pernah merasa bosan.","Karena skate park ini dikelilingi tempat nongkrong yang asyik, aku rasanya tidak akan bisa merasa bosan.",0.9612659811973572
Aku uwis lapor marang email mandiricare.co.id,Saya sudah lapor ke email mandiricare.co.id,"Saya sudah melapor ke email mandiricare.co.id
",0.9909356832504272
Aku uwis ndhuwe kode akses lan pin.,Saya sudah punya kode akses dan pin.,Saya sudah memiliki kode akses dan PIN.,0.9832489490509033
"Asli tenan indihome nemen tenan saiki, apa gunane mbayar larang larang edan emosi tenan","Asli dah indihome parah banget dah sekarang, apa gunanya bayar mahal mahal gila emosi nih benar-benar","Benar-benar parah Indihome sekarang, apa gunanya bayar mahal-mahal jadi emosi sekali.",0.923848569393158
"Dhewe sakaluwarga nyempetake kanggo njajal panganan ing panggonan mangane iki kaya susuh sing kabeh kaca-kacane ditutupi karo ranting-ranting sing ngerambat. Eksotik, unik, apik tenan lan panganane uga enak.","Kami sekeluarga menyempatkan diri mencoba makan di tempat makannya ini seperti sarang yang semua kaca-kacanya ditutupi oleh ranting-ranting yang merambat. Eksotik, unik, keren banget dan makanannya pun enak.","Kami sekeluarga menyempatkan diri untuk mencoba makanan di tempat makan ini yang seperti sarang burung karena semua kacanya ditutupi dengan ranting-ranting yang merambat. Eksotis, unik, menakjubkan, dan makanannya juga enak.",0.9720028042793274
Aku cemburu nanging ora isa apa-apa,Saya cemburu tapi tidak bisa apa-apa,Aku cemburu tapi tidak bisa berbuat apa-apa.,0.9623028039932251
"Rega ora patia larang, rasane uga enak, akeh pilian panganan khas Banjar liyane.","Harga tidak terlalu mahal, rasanya juga enak, banyak pilihan makanan khas Banjar lainnya. ","Harganya tidak terlalu mahal, rasanya juga enak, banyak pilihan makanan khas Banjar lainnya.",0.9936378002166748
Segel rapi sanajan kotak setithik peyot,Segel rapi walau kotak sedikit penyok,Segel rapi meskipun kotaknya sedikit penyok.,0.9381654262542725
Sopir gocar teka saka luwar kutha nyang jakarta dinggo golek penumpang ben entuk poin.,Supir gocar datang dari luar kota ke jakarta untuk mencari penumpang demi dapatkan poin.,Sopir gocar datang dari luar kota ke Jakarta untuk mencari penumpang agar mendapat poin.,0.9709148406982422
Ning kene isa metik stroberi dewe lan langsung dibayar lak pas gedhi-gedhi buahe lumayan uga legi stroberine lan ada kulinere pisan isa mangan sing liyane ning kene,Di sini bisa petik stroberi sendiri dan langsung dibayar kalau lagi besar besar buahnya lumayan juga manis stroberinya dan ada kuliner juga bisa makan yang lain di sini,Di sini bisa memetik stroberi sendiri dan langsung dibayar kalau pas besar-besar buahnya lumayan juga manis stroberinya dan ada kulinernya juga bisa makan yang lain di sini.,0.9768553972244263
"Lagek wae mau teka barange, apik kok","Baru saja tadi sampai barangnya, bagus kok","Barangnya baru saja datang tadi, bagus kok.",0.9477167129516602
Bosen banget ndhelok sampah ing dalan kutha palangkaraya,Bosan banget melihat sampah di ruas jalan kota palangkaraya,Bosan sekali melihat sampah di jalanan kota Palangkaraya.,0.9542550444602966
Lokasi restoran ing Kemang. Larang lan ora enak. Aja mara mrana deh.,Lokasi restoran di Kemang. Mahal dan tidak enak. Jangan ke situ deh.,Lokasi restoran di Kemang. Mahal dan tidak enak. Jangan ke sana deh.,0.9940300583839417
Rasa nikmat dipadu karo sambele. Daginge empuk. Rega jumbuh karo sing disajikne. Lokasi gampang ditemokne. Sip pokoke.,Rasa nikmat dipadu dengan sambelnya. Daging empuk. Harga sesuai dengan yang disajikan. Lokasi mudah ditemukan. Sip pokoknya.,"Rasanya nikmat dipadu dengan sambalnya. Dagingnya empuk. Harga sesuai dengan yang disajikan. Lokasinya mudah ditemukan. Sip, pokoknya.",0.9810850620269775
Bubur Ahong iki enak dipangan pas mangan wengi. Akeh menu liane sing isa dinikmati liyane bubur. Omah mangan iki rame diparani lan lumayan amba. Bubure uga enak.,Bubur Ahong ini enak dimakan saat makan malam. Banyak menu lainnya yang dapat dinikmati selain bubur. Rumah makan ini ramai dikunjungi dan cukup luas. Buburnya juga enak.,Bubur Ahong ini enak disantap saat makan malam. Banyak menu lain yang bisa dinikmati selain bubur. Rumah makan ini ramai dikunjungi dan lumayan luas. Buburnya juga enak.,0.9911098480224609
"Aku marang kene karo pacar, panggonane lumayan amba lan ana area indoor karo ing njabane. Aku njagong ing panggonan indoor sing ana pemandangan marang arah njaba, dadi ana jendela kace. kanggo panganane aku cukup puas. Saka sisi rega tenan padha karo apa sing ditawakake","Saya ke sini sama pacar, tempatnya cukup luas dan ada area indoor sama di luarnya. Saya duduk di tempat indoor yang ada pemandangan ke arah luar, jadi ada jendela kaca. untuk makanan saya cukup puas. Dari sisi harga memang sebanding dengan apa yang ditawarkan","Aku datang ke sini bersama pacarku, tempatnya lumayan luas dan ada area indoor serta outdoor. Aku duduk di tempat indoor yang ada pemandangan ke arah luar, jadi ada jendela kaca. Untuk makanannya aku cukup puas. Dari sisi harga, sangat sesuai dengan apa yang ditawarkan.",0.9719446897506714
Milih gubernur utawa ora yaiku pilian saban uwong.,Memilih gubernur atau tidak adalah pilihan setiap orang.,Memilih gubernur atau tidak adalah pilihan setiap orang.,0.9999999403953552
Rasa uwis malih ora kaya mbiyen. Kesane anyep. Kudu ditingkatake cita rasane. Kanggo menu ombean minim banget mung ana soft drink,Rasa sudah berubah tidak seperti dulu. Terkesan hambar. Harus di tingkatkan cita rasanya. Untuk menu minuman sangat minim hanya ada soft drink,"Rasanya sudah berubah tidak seperti dulu. Kesannya hambar. Harus ditingkatkan cita rasanya. Untuk menu minuman sangat minim, hanya ada soft drink.",0.9687876105308533
Sanadyan saiki regane uwes mlonjak munggah nanging percayao yen pesen sega padang bungkus ing singgalang jaya porsine badai tenaaan. Nganti saiki panggonan iki isih dadi salah siji panggonan nikmati masakan padang favoritku.,Meskipun sekarang harganya sudah melonjak naik tapi percayalah kalau pesan nasi padang bungkus di singgalang jaya porsinya badai abiiis. Sampai sekarang tempat ini masih menjadi salah satu tempat menikmati masakan padang favorit saya.,"Meskipun sekarang harganya sudah melonjak naik, tapi percayalah kalau pesan nasi padang bungkus di Singgalang Jaya porsinya besar sekali. Sampai sekarang tempat ini masih menjadi salah satu tempat menikmati masakan padang favoritku.",0.9676335453987122
"Bebeke enak, alus, sambele enak. Panggone resik lan lumayan oke.","Bebeknya enak, lembut, sambelnya enak. Tempat bersih dan lumayan oke.","Bebeknya enak, lembut, sambalnya enak. Tempatnya bersih dan lumayan oke.",0.9934099912643433
"Manggon ana ing festival city link mal, resto iki nyajikake panganan cina panganan a la carte lan dimsum. Rasa panganane oke, panggonan uga cukup amba lan akeh keluwarga mangan ana ing kene. Favorite dhewe urang mayonaise.","Terletak di festival city link mal, resto ini menyajikan makanan cina makanan a la carte dan dimsum. Rasa makanan cukup oke, tempat cukup luas juga dan banyak keluarga bersantap di sini. Favorit kami udang mayonaise.","Berlokasi di Festival City Link Mall, resto ini menyajikan makanan Cina ala carte dan dimsum. Rasa makanannya oke, tempatnya juga cukup luas dan banyak keluarga makan di sini. Favorit saya udang mayonaise.",0.9588332772254944
Panganan ing rumah sakit tansah ora enak,Makanan di rumah sakit selalu tidak enak,Makanan di rumah sakit selalu tidak enak.,0.972458004951477
"Lak mrene wajib banget tuku terong gorenge, panggone uga enak ana sing lesehan, ngindari jam mangan awan lak sir mrene merga kebeg banget","Kalau ke sini wajib banget beli terong gorengnya, tempatnya juga enak ada yang lesehan, hindari jam makan siang kalau mau ke sini karena penuh banget","Kalau ke sini wajib banget beli terong gorengnya, tempatnya juga enak ada yang lesehan, hindari jam makan siang kalau ke sini karena penuh banget.",0.993902325630188
"Panggone cukup nyaman, ana ning dalan sudirman sing cedek karo pilihan panggen belonjo, lan restone cukup cedek karo panggen iku. Panganane enak, pilihane akeh dadi ora tek malehi. Panggone uga nyaman","Letaknya cukup nyaman, ada di jalan sudirman yang dekat dengan pilihan tempat belanja, dari resto pun cukup dekat ke tempat tersebut. Makanannya enak, pilihannya banyak jadi tidak terlalu membosankan. Tempatnya juga nyaman","Tempatnya cukup nyaman, ada di jalan Sudirman yang dekat dengan pilihan tempat belanja, dan restorannya cukup dekat dengan tempat itu. Makanannya enak, pilihannya banyak jadi tidak membuat bosan. Tempatnya juga nyaman.",0.9683042168617249
Resto iki duwe menu sing aneka werna nanging kakean menu China lan halal. Mi ayam jamur lan sega hainane sedep lan direkomendasikake. Bebeke uga enak. Resto iki saiki duwe cabang ing Istana Plaza.,Resto ini punya menu yang beragam tetapi kebanyakan menu China dan halal. Mi ayam jamur dan nasi hainannya sedap dan direkomendasikan. Bebeknya juga enak. Resto ini sekarang punya cabang di Istana Plaza.,Restoran ini memiliki menu yang beragam tetapi terlalu banyak menu Cina dan halal. Mie ayam jamur dan nasi hainan enak dan direkomendasikan. Bebeknya juga enak. Restoran ini sekarang memiliki cabang di Istana Plaza.,0.9760989546775818
Mampir marang bandung. Nggolek ramen. Sing jarene saiki kekinian. Regane setimpal padha karo rasane. Yen marang bandung maneh mesti mampir maneh.,Mampir ke bandung. Mencari ramen. Yang katanya lagi kekinian. Harganya setimpal sesuai dengan rasanya. Kalau ke bandung lagi pasti mampir lagi.,Mampir ke Bandung. Mencari ramen. Yang katanya sekarang kekinian. Harganya sepadan dengan rasanya. Kalau ke Bandung lagi pasti mampir lagi.,0.9729275107383728
"Yen ana sing salah karo tindak tanduke aku entuk kok ngomong langsung karo aku, aja ngomong ing mburi. Ora asik kaya ngono. Pengecut!","Kalau ada yang salah dengan tingkah laku aku boleh kok bicara langsung ke aku, jangan bicara di belakang. Tidak asik kayak begitu. Pengecut!","Kalau ada yang salah dengan tingkah lakuku, aku boleh kok ditegur langsung, jangan bicara di belakang. Tidak asyik seperti itu. Pengecut!
",0.9633366465568542
Tolong konfirmasi kanggo pangiriman ing alamat panampa sing dileksanakake dina iki utawa dina ngesok mas suwun,Mohon konfirmasi untuk pengiriman ke alamat penerima akan dilakukan hari ini atau esok hari kak terima kasih,"Tolong konfirmasi untuk pengiriman ke alamat penerima yang akan dilaksanakan hari ini atau besok ya, terima kasih.",0.9258160591125488
Panggen parkire kurang amba. Lan nganyelne banget lak pas awakdewe mangan terus dikongkon ngge mindahne mobil merga ana wong liya sing bar mangan lan arepe metu kendaraane. Iku ngganggu banget.,Tempat parkirnya kurang luas. Dan menyebalkan banget kalau pada saat kita makan kemudian disuruh untuk memindahkan mobil karena ada orang lain yang selesai makan dan akan keluar kendaraannya. Itu sangat mengganggu.,Area parkirnya kurang luas. Dan menjengkelkan sekali kalau pas kita lagi makan terus disuruh mindahin mobil karena ada orang lain yang selesai makan dan mau keluar kendaraannya. Itu sangat mengganggu.,0.9668941497802734
"Ya ngono sih, kesadharan tanggung jawab mahasiswa saiki kuwi kurang tenan. Akeh-akehe ora tanggung jawab kanthi apa sing uwis dadi tugase.","Ya gitu sih, kesadaran akan tanggung jawab mahasiswa sekarang itu kurang sekali. Kebanyakan tidak bertanggung jawab dengan apa yang sudah jadi tugasnya.","Ya, begitulah, kesadaran tanggung jawab mahasiswa sekarang itu sangat kurang. Kebanyakan tidak bertanggung jawab dengan apa yang sudah menjadi tugasnya.",0.9788926839828491
"Sega uduk iki ana ing dalan rajiman lan bukake saka sore nganti mbengi. Menune si cukup sederhana, mung sega uduk lan aneka warna pelengkape. Biasane aku mangan sega udu karo pithik goreng lan sambel, sambele ora patia pedes.","Nasi uduk ini ada di jalan rajiman dan bukanya dari sore sampai malam. Menunya sih cukup sederhana, hanya nasi uduk dan berbagai pelengkapnya. Biasanya saya makan nasi uduk sama ayam goreng dan sambal, sambalnya tidak terlalu pedas.","Nasi uduk ini ada di jalan Rajiman dan bukanya dari sore sampai malam. Menunya cukup sederhana, hanya nasi uduk dan aneka macam pelengkapnya. Biasanya aku makan nasi uduk dengan ayam goreng dan sambal, sambalnya tidak terlalu pedas.",0.9891886115074158
Ngomong-ngomong indomie pisanan ning 2018 ku mambengi tibake enak,Anw indomie pertama di 2018 ku semalam ternyata nikmat,"Omong-omong, Indomie pertamaku di tahun 2018 semalam ternyata enak.",0.8900092244148254
"Saksitike kertu internetku ora kenek digawe padahal kuota lokal e isik, aku manggon ning panggonan sing aktivasi lan kertune uga wis didaftarne.","Minimal kartu internet saya tidak dapat digunakan padahal kuota lokal masih, saya berada di lokasi aktivasi dan kartu juga sudah registrasi","Kartu internetku sepertinya tidak bisa digunakan padahal kuota lokalnya masih ada, aku tinggal di tempat aktivasi dan kartunya juga sudah didaftarkan.",0.9513847827911377
Hypermart saiki ngenehi diskon 20% kanggo produk seger saben dina senen - kemis kanthi mandiri kartu hypermart,Hypermart sedang memberikan diskon 20% untuk produk segar setiap hari senin - kamis dengan mandiri kartu hypermart,Hypermart saat ini memberikan diskon 20% untuk produk segar setiap hari Senin - Kamis dengan menggunakan kartu Hypermart.,0.9498894810676575
Pengen nesu wae aku karo indosat,Mau marah saja aku sama indosat,Rasanya aku mau marah saja sama Indosat.,0.8657832741737366
Karo ngenteni wektu ganti tahun dhewe njajal marang rene. Dhewe wong loro pesen pirang-pirang sushi. Ombeane milktea karo es krim vanilla nganggo batok krambil. Kanggo sushine lumayan nanging kakehan segane kayane. Nanging rasane enak. Regane kajangkau.,Sambil menunggu waktu pergantian tahun kita coba ke sini. Kita berdua pesan beberapa sushi. Minumannya milktea sama eskrim vanilla dengan batok kelapa. Untuk sushinya lumayan tapi kebanyakan nasinya sepertinya. Tetapi rasanya enak. Harganya terjangkau.,"Sambil menunggu waktu pergantian tahun, kami mencoba datang ke sini. Kami berdua memesan beberapa sushi. Minumannya milk tea dengan es krim vanilla menggunakan batok kelapa. Untuk sushinya lumayan, tapi terlalu banyak nasinya sepertinya. Tapi rasanya enak. Harganya terjangkau.",0.9750667810440063
"Endi laporanku ora diproses-proses. Magu duitku ora bakal dibalikne, padahal pulsa lan kuotaku ilang.","Mana laporan aku tidak diproses-proses. Ragu duit aku akan dikembalikan, padahal pulsa dan kuota aku hilang.","Mana laporanku tidak diproses-proses. Sepertinya uangku tidak akan dikembalikan, padahal pulsa dan kuotaku hilang.",0.9706370830535889
"Dhewe kuciwa tenan karo pelayanan karyawan lion ing gate a6 bandar udara cengkareng. Aku diapusi, barang rusak lan reged satibane ing tujuan.","Kami sangat kecewa dengan pelayanan karyawan lion di gate a6 bandar udara cengkareng. Saya dibohongi, barang rusak dan kotor tiba tujuan.","Saya sangat kecewa dengan pelayanan karyawan Lion di gate A6 bandara udara Cengkareng. Saya ditipu, barang rusak dan kotor setibanya di tujuan.",0.9595882296562195
Sing paling nguciwakake yaiku nalika pimpinan ora isa mbedakake lan ora gelem ngerti endi negarawan lan endi politisi kotor,Yang paling mengecewakan adalah ketika pemimpin tak bisa bedakan dan tak mau tahu mana negarawan dan mana politisi kotor,Yang paling mengecewakan adalah ketika seorang pemimpin tidak bisa membedakan dan tidak mau mengerti mana negarawan dan mana politisi kotor.,0.9733288884162903
"Bubur iwak pitik sing lumayan rekomendasi ning sekitaran bandung, panggone strategis gampang digoleki, regane ora ngrogoh sak, panggone mesti rame diparani pengunjung mben dina nyambut gawe lan akhir minggu merga rasane sing enak.","Bubur ayam yang lumayan rekomendasi di sekitaran bandung, tempatnya strategis mudah dicari, harganya tidak merogoh kantong, tempatnya selalu ramai didatangi pengunjung setiap hari kerja maupun akhir pekan karena rasanya yang enak.","Bubur ayam ikan yang cukup direkomendasikan di sekitar Bandung, tempatnya strategis mudah dicari, harganya tidak menguras kantong, tempatnya selalu ramai dikunjungi pengunjung setiap hari kerja dan akhir pekan karena rasanya yang enak.",0.9667608141899109
"Teka ing panggonan iki kanggo ngaso sakbanjure sayah macet ing lelungan, panganane oke, nanging jajan-jajane mantep, dadi kabayarake.","Mengunjungi tempat ini untuk istirahat setelah cape macet di perjalanan, makanan oke, tapi kue-kuenya mantap, jadi terbayarkan.","Datang ke tempat ini untuk beristirahat setelah lelah terjebak dalam perjalanan, makanannya oke, tapi kue-kuenya mantap, jadi terbayarkan.",0.9527718424797058
"Terus aku sia-sia no nganyari nomer hape paling anyar nyang pelayanan pelanggan cabang bni lak data ning bni isik nomer hape lawas, piye seh pelayanane!","Lalu saya percuma dong update nomor telepon genggam terbaru ke pelayanan pelanggan cab bni kalau data di bni masih nomor handphone lama, bagaimana sih pelayanannya!","Terus aku sia-sia memperbarui nomor HP terbaru ke pelayanan pelanggan cabang BNI kalau data di BNI masih nomor HP lama, bagaimana sih pelayanannya!
",0.9280511736869812
"Aku wis kerep mara nikmati panganan ning roemah nenek. Aku seneng karo kahanane sing nyaman dinggo mangan bareng keluarga. Ning dina-dina tertentu ana tontonan musik langsung. Panganane uga nduwe pilian sing rena-rena saka tradisional, asia, sampek panganan kidulan","Saya sudah sering kali datang menikmati makanan di roemah nenek. Saya suka dengan suasananya yang nyaman untuk makan bersama keluarga. Di hari-hari tertentu ada hiburan live musik. Makanannya pun punya pilihan yang beragam dari yang tradisional, asia, sampai makanan barat","Aku sudah sering berkunjung menikmati makanan di rumah nenek. Aku senang dengan suasananya yang nyaman untuk makan bersama keluarga. Di hari-hari tertentu ada pertunjukan musik langsung. Makanannya juga memiliki pilihan yang beragam dari tradisional, Asia, sampai makanan western.",0.9641386270523071
"Akeh wong sing ora seneng nggo berobat nyang dokter. Ora mung kerna mbayare sing relatif lumayan larang dingge separone wong, nyang dokter ora selawase isa marekne. Akeh dokter sing salah diagnosis. Apa penting utawa wis lumrah, toh dokter uga manungsa.","Banyak orang yang kurang suka untuk berobat ke dokter. Selain biaya yang relatif cukup mahal bagi sebagian orang, ke dokter tak selamanya bisa menyembuhkan. Banyak dokter yang salah diagnosa. Pentingkah ataukah sudah lumrah, toh dokter juga manusia.","Banyak orang yang tidak suka berobat ke dokter. Bukan hanya karena biayanya yang relatif lumayan mahal bagi sebagian orang, pergi ke dokter tidak selamanya bisa menyembuhkan. Banyak dokter yang salah diagnosis. Entah penting atau sudah lumrah, toh dokter juga manusia.",0.9682220816612244
"Pelayanane apik, panggen parkir lumayan amba, kebon stroberi amba lan akeh stroberi sing wis cukup abang nggo dipethil. Panganan ning restoran rena-rena banget, rasane enak, sambel stroberine unik lan enak. Sega liwet stroberi kudu dijajal. Sejauh iki kabeh menu sing tak pangan ora ana sing nggarai gela rekomendasi banget dinggo dolane keluarga","Pelayanan baik, tempat parkir cukup luas, kebun stroberi luas dan banyak stroberi yang sudah cukup merah untuk dipetik. Makanan direstoran sangat beragam, rasanya enak, sambal stroberinya unik dan enak. Nasi liwet stroberi harus dicoba. Sejauh ini semua menu yang saya makan tidak ada yang mengecewakan sangat rekomendasi untuk wisata keluarga","Pelayanannya bagus, tempat parkir lumayan luas, kebun stroberi luas dan banyak stroberi yang sudah cukup merah untuk dipetik. Makanan di restoran sangat beragam, rasanya enak, sambal stroberinya unik dan enak. Nasi liwet stroberi wajib dicoba. Sejauh ini semua menu yang saya makan tidak ada yang mengecewakan, sangat direkomendasikan untuk liburan keluarga.",0.9847502708435059
"Demi apa wae tes cpns marakna macet, sialannnnnnn","Demi apa pun tes cpns bikin macet, sialannnnnnn","Demi apapun tes CPNS menyebabkan macet, sialannnnnnn!",0.8937915563583374
"Ngenteni panganan suwi banget, pelayane galak, pas mangan pas kuwi aku pesen pizza tekone eh gosong nganti kasire pas aku mbayar ora ngguyu, pelayanane payah.","Menunggu makanannya lama banget, waitressnya galak, pas makanannya saat itu saya pesan pizza datang eh gosong sampai kasirnya pun pas saya bayar tidak senyum, pelayanannya payah.","Menunggu makanan lama sekali, pelayannya galak, pas makan pas itu aku pesan pizza eh datangnya gosong sampai kasirnya pas aku bayar tidak tersenyum, pelayanannya payah.",0.9568048119544983
