source_text,target_text
Translate Javanese to Indonesian: Nikmatono cicilan 0% sampek 12 sasi dinggo pesen tiket kapal air asia nganggo kertu kredit bni!,Nikmati cicilan 0% hingga 12 bulan untuk pemesanan tiket pesawat air asia dengan kartu kredit bni!
"Translate Javanese to Indonesian: Roti-roti sing disajekne nggarai aku nostalgianan. Kabeh model roti jaman biyen, saka tampilane utawa rasa. Rotine enak lan regane uga mirah.","Kue-kue yang disajikan bikin saya bernostalgia. Semuanya tipikal kue zaman dulu, baik dari penampilan maupun rasa. Kuenya enak dan harganya juga murah."
Translate Javanese to Indonesian: Ibu uwis tahu kerja ing grab indonesia,Ibu pernah bekerja di grab indonesia
"Translate Javanese to Indonesian: Paling seneng banget mangan awan ing kene pithik karo sambele enak banget regane luwar biasa hemat, rasa pithike ngeresep nganti tekan balunge, es lidah buayane uga seger marakna adem wetenge sakbanjure mangan sambel sing pedes, pelayanane sigap lan grapyak, sing aku seneng ing panggon kasir ana tulisan 10% disumbangake kanggo amal, kanggo mangan dadi luwih enak ing weteng","Paling suka banget makan siang di sini ayam sama sambalnya enak banget harganya luar biasa hemat, rasa ayamnya meresap sampai ketulangnya, es lidah buayanya juga segar bikin adem perut setelah makan sambal yang pedas, pelayannya sigap dan ramah, yang aku suka di tempat kasir ada tulisan 10% disumbangkan untuk beramal, buat makan jadi lebih enak ke perut"
Translate Javanese to Indonesian: Pelayanane bis DAMRI apik banget.,Pelayanan bus DAMRI sangat baik
Translate Javanese to Indonesian: Arep nggawe postingan sing isine ngedukasi pelanggan gojek.,Mau bikin postingan yang isinya mengedukasi customers gojek.
Translate Javanese to Indonesian: Atusan omah ing medan kebanjiran,Ratusan rumah di medan terendam banjir
"Translate Javanese to Indonesian: Barange lumayan, mung sung aku gumun xiaomi redmi note 2 iki tombol uripe tenan rada rusak? Banjur bateraine tenan cepet entek juragan?","Barangnya lumayan, cuma yang saya heran xiaomi redmi note 2 ini tombol onnya memang agak rusak? Terus baterai memang cepat low bat juragan?"
Translate Javanese to Indonesian: Angel banget mercoyoi wong sing wis tau khianat,Sulit sekali mempercayai orang yang sudah pernah berkhianat
"Translate Javanese to Indonesian: Panggonan di gombel karo pemandangan semarang, tekao bengi merga lampu kutha bakale ketok, panganane enak steak lan teh anget menu wajib ning kene, njupuk spot ning jaba merga udara anyep lan sejuk","Lokasi di gombel dengan pemandangan semarang, datanglah malam karena lampu kota akan terlihat, makanan enak steak dan teh hangat menu wajib di sini, ambil spot di luar karena udara dingin dan sejuk"
"Translate Javanese to Indonesian: Wektu kuwi mara mrene pesen sega goreng karo kentang goreng, sega gorenge kabehane seneng, Kentang gorenge enak tenan, lan dhelokane apik. Keluarga ngomong yen kopine enak. Babagan paling apik nang kene yaiku panggonane jembar lan sek nang njaba iso ndhelok pemandangan dusun pring, nanging pelayanane ora cepet dadi aku kudu takon kaping pirang-pirang babagan pesenanku. Regane cukup larang, nanging amarga panganane enak kabeh dadi kabayar. Ora kudhu mikir ping pindho yen pengen mara panggonan iki maneh.","Waktu itu ke sini pesan nasi goreng dan kentang goreng, nasi gorengnya semua suka. Kentang gorengnya enak banget, dan presentasinya bagus. Keluarga bilang kopinya enak. Hal yang sangat baik di sini adalah tempatnya luas dan yang di luar bisa lihat pemandangan dusun bambu, tapi pelayanannya tidak cepat sehingga saya harus bertanya beberapa kali tentang pesanan saya. Harganya cukup mahal, namun karena makanannya enak semua jadi terbayarkan. Tidak perlu pikir dua kali jika mau ke tempat ini lagi."
"Translate Javanese to Indonesian: Sega goreng thailand ning rega 35 ewu, polos, mung ana suwir pithik sethithik. Panganan laute ora ana.","Nasi goreng thailand di harga 35 ribu, polos, hanya ada suir ayam sedikit. Seafoodnya tidak ada."
"Translate Javanese to Indonesian: Kaya sing awakdewe eruh, brownies sing asli saka amerika iku roti bantat sing pancene wernane cokelat. Toko amanda ngreasikne browies karo masake carane dikukus. Brownies kukus iki jan blas ora banget. Teksture malah podo karo bolu biasa. Dadi menurutku, iki uduk brownies.","Seperti yang kita tahu, brownies yang asli dari amerika adalah kue bantat yang memang berwarna cokelat. Toko amanda mengkreasikan brownies dengan memasaknya secara mengukus. Brownies kukus ini sama sekali nggak banget. Teksturnya malah sama dengan bolu biasa. Jadi menurut saya, ini bukan brownies."
"Translate Javanese to Indonesian: Yen teka marang restoran iki cocok banget pas sore lan mbengi, nggawa pasangan kanggo nikmati mangan mbengi sing romantis lan pemandangan sing nakjubake banget","Jika datang ke restoran ini sangat cocok pada sore dan malam hari, membawa pasangan untuk menikmati makan malam yang romantis dan pemandangan yang sangat menakjubkan"
"Translate Javanese to Indonesian: Pengalaman kapisan cukup ngesanke merga cukup kaget tibake bar mari pesen panganan, salah siji staf menehi godong gedang ning mejaku uduk piring utawa sendok, dadi lak mangan ning kene siapo dingge mangan nggawe tangan merga awakdewe bakale ngrasakne sensasi sing unik ditambah alas mangane godong gedang.","Pengalaman pertama cukup mengesankan karena cukup kaget ternyata setelah selesai memesan makanan, salah satu staf memberikan daun pisang ke meja saya bukan piring atau sendok, jadi jika makan di sini bersiaplah untuk makan menggunakan tangan karena kita akan merasakan sensasi yang unik ditambah alas makannya daun pisang."
Translate Javanese to Indonesian: Salah sijine area kuliner sing cukup ngunggah salira. Nanging dadi bingung uga milihe. Akhire aku njajal kerak telur lan mi kocok karo ngrungokake pertunjukan musik kanthi lagu-lagu nostalgia kulon. Cukup direkomendasikake.,Salah satu area kuliner yang cukup menggugah selera. Namun jadi bingung juga milihnya. Akhirnya ku coba kerak telur dan mie kocok sembari mendengarkan pertunjukan musik dengan lagu-lagu nostalgia barat. Cukup direkomendasikan.
Translate Javanese to Indonesian: Kanggo njamin ibu isa teka marang kantor cab bank mandiri kasebut ing dina lan jam kerja kanggo ijol dhuwit.,Untuk memastikannya ibu bisa datang ke kantor cab bank mandiri tersebut pada hari dan jam kerja untuk penukaran uang.
"Translate Javanese to Indonesian: Numpak sepur jayabaya malang - jakarta mandek ing gubeng, tiket 35 ewu ditambah asuransi 6 ewu lewat traveloka","Naik kereta jayabaya malang - jakarta berhenti di gubeng, tiket 35 ribu plus asuransi 6 ribu via traveloka"
Translate Javanese to Indonesian: Dpr menehi apresiasi saka melune wong wedok ning pilkada 2018.,Dpr memberi apresiasi atas keikutsertaan perempuan pada pilkada 2018.
"Translate Javanese to Indonesian: Aku teka kanggo mangan mbengi bareng kaluwarga. Iki kapisan aku marang rene. Kondisine ora patia rame. Kanggo interior, agak reged miturutku. Anane remukan bekas panganan ing jogan lan meja, kayane ora diresiki kanthi sampurna. Kanggo rasa panganan, standar, ora patia istimewa.","Saya datang untuk makan malam bersama keluarga. Ini pertama kali saya ke sini. Kondisi tidak terlalu ramai. Untuk interior, agak kotor menurut saya. Adanya remah-remah bekas makanan di lantai dan meja, sepertinya tidak dibersihkan secara sempurna. Untuk rasa makanan, standar, tidak terlalu istimewa."
"Translate Javanese to Indonesian: Tulung ngomong marang anggota dewan aja lali revisi perppu ormas lan elingna janjine yen perppu ora direvisi, aneka werna elemen masyarakat bakal ngetokake sikap.","Tolong bilang ke anggota dewan jangan lupa revisi perppu ormas dan ingatkan janjinya kalau perppu tidak direvisi, berbagai elemen masyarakat akan mengeluarkan sikap."
Translate Javanese to Indonesian: Kripik budin kuwi camilan paling enak lan pas kanggo ngancani wektu nugas,Keripik singkong itu makanan ringan terenak dan tepat buat menemani waktu tugas
"Translate Javanese to Indonesian: Batagor lan siomay kingsley iki ora nduwe cabang ning panggon liya. Panganane enak, utamane batator lan siomay lan baksone lan ora nganggo pengawet. Lan lak pengen dinggo oleh-oleh ana paket sing iso digowo muleh. Dipertahane eneh kualitase.","Batagor dan siomay kingsley ini tidak mempunyai cabang di tempat lain. Makanannya enak, terutama batator dan siomay serta basonya dan tidak pakai pengawet. Dan jika ingin buat oleh-oleh ada paket yang bisa dibawa pulang. Dipertahankan lagi kualitasnya."
"Translate Javanese to Indonesian: Aja nganti pesen liwat layanan iki ya kanca-kanca. Nguciwakake! Vila -ne reged, kabeh berkakas ora pantes dienggo","Jangan pernah pesan melalui layanan ini ya teman-teman. Mengecewakan! Villa -nya kotor, semua peralatannya tidak layak pakai"
"Translate Javanese to Indonesian: Pendaftarane mulai sesok, kementerian kominfo mbukak beasiswa pelatihan digital dinggo wong 1.000","Pendaftaran mulai esok, kementerian kominfo buka beasiswa pelatihan digital untuk 1.000 orang"
"Translate Javanese to Indonesian: Minangka netijen sing lagi april kepungkur piknik nyang toba, mung sir omong lak tenan akeh perkara sing nggelakne saka sistem pariwisata ning kana. Parapat -e reget, angel golek akomodasi sing tenan-tenan apik, agen transporasi ora profesional, pokoke ora direkomendasikne dolan nyang parapat.","Sebagai netijen yang baru april lalu piknik ke toba, hanya mau bilang bahwa benar banyak hal yang mengecewakan dari sistem pariwisata di sana. Parapat -nya kotor, susah cari akomodasi yang benar-benar bagus, agen transportasi tidak profesional, pokoknya tidak direkomendasikan pergi ke parapat."
Translate Javanese to Indonesian: Reget banget lan ora digatekake karo pelayan restoran. Nguciwakake tenan pelayanane!,Kotor banget dan tidak di hiraukan oleh pelayan restoran. Mengecewakan sekali pelayanannya!
"Translate Javanese to Indonesian: Panggone menurutku biasa ae, kurang resik. Panganane uga biasa ae.","Tempatnya menurut saya biasa saja, kurang bersih. Makanannya pun biasa saja."
"Translate Javanese to Indonesian: Kango usaha sing ditokne marang panggonan iki hasile biasa-biasa war. Sing nguciwakake yaiku kuwalitas panganane. Panganan mung kaya masak thok. Kanggo kelas kuliner bandung sing enak-enak, iki nguciwakake. Ana karcis mlebu per uwong 10.000 lan mobil 15.000.","Untuk usaha yang dikeluarkan ke tempat ini hasilnya biasa-biasa saja. Yang mengecewakan adalah kualitas makanannya. Makanan hanya sekedar masak saja. Untuk kelas kuliner bandung yang enak-enak, ini mengecewakan. Ada karcis masuk per orang 10.000 dan mobil 15.000."
Translate Javanese to Indonesian: Aku sakaluwarga lagi nggolek panggonan mangan lebar nonton. Dhewe bosen mangan ing resto / kafe ing mal. Ujug-ujug katon resto ing tengen dalan. Uwis suwi dhewe ora mangan kari. Mampir dhewe marang resto sing kagolong cilik mung 9 meja. Jebule enak panggonan lan panganane.,Saya sekeluarga sedang cari tempat makan habis nonton. Kami bosan makan di resto / kafe di mal. Tiba-tiba terlihat resto di kanan jalan. Sudah lama kami tidak makan kari. Mampirlah kami ke resto yang tergolong kecil hanya 9 meja. Ternyata enak tempat dan makanannya.
Translate Javanese to Indonesian: Kopi starbucks nyapo isa enak banget seh,Kopi starbucks kenapa bisa enak banget sih
"Translate Javanese to Indonesian: Jerene ning kana bakale dibangun transmart, ning sisih bangunan iku.","Katanya di sana akan dibangun transmart, di sebelah bangunan itu."
"Translate Javanese to Indonesian: Tenan pengalaman unik, mangan ing tengah sawah ing antarane pari sing meh nguning. Kanthi pilian menu sing variatif, penyajian sing apik lan nggugah salera.","Sungguh pengalaman unik, makan di tengah sawah di antara padi yang hampir menguning. Dengan pilihan menu yang variatif, penyajian yang menarik dan menggugah selera."
"Translate Javanese to Indonesian: Mangan abreng karo dulur-dulur wedok kala wingi, panggon nyaman, enak kanggo nongkrong, pelayanane apik. Wis ping bolak-balik mangan ning kene.","Makan bersama dengan para sistah beberapa waktu yang lalu, tempat nyaman, enak buat nongkrong, pelayanan bagus. Dah beberapa kali makan di sini."
"Translate Javanese to Indonesian: Panggonan oleh-oleh komplet lan cukup nyaman, penak dijangkau, regane kajangkau, lan pelayanane grapyak","Tempat oleh-olehnya lengkap dan cukup nyaman, mudah dijangkau, harganya terjangkau, serta pelayanannya ramah"
"Translate Javanese to Indonesian: Hai eviana, ngapura amarga ora nyaman. Kanggo kontak saka indosat isa ngakses tautan iki: Mangga dicek, yo. Matur suwun. Erf","Hai eviana, mohon maaf atas ketidaknyamanannya. Untuk kontak dari indosat dapat mengakses tautan ini: Silakan pengecekan ya. Terima kasih. Erf"
Translate Javanese to Indonesian: Menune indomie karo roti bakar. Kanggo panggonan padha karo cabang sing liyane kapenak kanggo ngumpul.,Menunya indomie sama roti bakar. Untuk tempat sama seperti cabang yang lainnya nyaman buat kumpul. 
"Translate Javanese to Indonesian: Sambel nganggo godhong serawung, tomat, lan lombok rawit. Rasa sambele iki sek nggawe kutha ing garut sek jenengane cibiuk dadi kondhang. Sambel iki isa dinikmati nganggo gurame goreng utawa nganggo pithik goreng. Rasane tenan enak. Liyane ing lengkong cibiuk uga ndhuwe akeh cabang","Sambal dengan daun serawung, tomat, dan cabe rawit. Rasa sambal ini yang membuat kota di garut yang namanya cibiuk jadi terkenal. Sambal ini bisa dinikmati dengan gurame goreng ataupun dengan ayam goreng. Rasanya sangat enak. Selain di lengkokng cibiuk juga memiliki banyak cabang"
Translate Javanese to Indonesian: Aku wis konfirmasi marang pihak gramedia nanging diputer-puter ora ana kajelasan. Pihak gramed nganti spv ing outlet kuwi saling mbuwang lan nyebutake ora ana promo. Kuciwa diputer-puter kaya kuwi,Saya sudah konfirmasi ke pihak gramedia tapi dilempar-lempar tak ada kejelasan. Pihak gramed sampai spv di outlet tersebut saling lempar dan menyebut tidak ada promo. Kecewa dilempar-lempar begitu
"Translate Javanese to Indonesian: Sugeng siang, yen ana bab liyane sing bapak bakal takokake isa nyebut dhewe maneh. Matur suwun zan","Selamat siang, jika ada hal lain yang bapak akan tanyakan dapat mention kami kembali. Terima kasih zan"
"Translate Javanese to Indonesian: Menurut awakdewe panggon iki biasa ae ora ana atraksi utawa pemandangan sing menarik karo rega tiket 10000 / uwong, lak pemandangan gunung ya pancene wis kudune merga ana ning daerah duwur. Dingge wisata kuliner uga ora tek akeh pilihan kaya panggon sing siji maneh.","Menurut kami tempat ini biasa saja tidak ada atraksi atau pemandangan yang menarik dengan harga tiket 10000 / orang, kalau pemandangan gunung ya memang sudah seharusnya karena berada di daerah tinggi. Untuk wisata kuliner juga tidak terlalu banyak pilihan seperti tempat yang satu lagi."
"Translate Javanese to Indonesian: Aku wis dadi pelanggan madtari kat tahun 2002, pas kuwi isih awujud warung terop cilik sing rame banget pas wengi. Pirang-pirang tahun kepungkur manggoni bangunan sing permanen, kat iku aku ngrasa kualitase radak muduk dibandingne karo pas ning warung terop. Sing jelas, rega mundak cukup signifikan, dibandingne warung sakrupa, paling luwih larang.","Saya sudah menjadi pelanggan madtari sejak tahun 2002, saat itu masih berupa warung tenda kecil yang sangat ramai malam hari. Beberapa tahun silam menempati bangunan yang permanen, sejak itu saya merasa kualitasnya agak menurun dibandingkan dengan saat di warung tenda. Yang jelas, harga naik cukup signifikan, dibandingkan warung serupa, mungkin lebih mahal."
"Translate Javanese to Indonesian: Komentar kapisan wis mesthi panggonan sing apik, pelayanane grapyak tenan, lan kanggo menu sing dipilih yaiku iwak bakar lan sop buntute sing aku menehi biji 4 nanging kanggo es buwahe kuwi aku menehi biji 5 ya!","Komentar pertama sudah pasti venue yang kece, pelayanan ramah sekali, dan untuk menu yang dipilih adalah ikan bakar dan sop buntutnya yang aku kasih nilai 4 tapi buat es buah itu aku kasih nilai 5 ya!"
"Translate Javanese to Indonesian: Ing restoran iki panganan kang disediakake akeh banget lan regane cukup kajangkau, kahanane sek enak lan nyaman","Di restoran ini makanan yang disediakan banyak sekali dan harga cukup terjangkau, suasana yang enak dan nyaman"
Translate Javanese to Indonesian: Aku meri ndeleng kaliyan sing isa nemukake rasa seneng.,Aku iri melihat kalian yang bisa menemukan kebahagiaan.
Translate Javanese to Indonesian: Bar tuku pulsa arep daftar paket internet gagal terus lan dikongkon mbaleni terus ning 363 lan panggah ora isa,Habis beli pulsa mau daftar paket internet gagal terus dan suruh mengulang terus di 363 dan tetap tidak bisa
"Translate Javanese to Indonesian: Panggonane apik tenan apa maneh dina mbengi dihias kanggo lampu-lampu, romantis tenan. Cocok kanggo pasangan. Adoh saka reramenan. Hawane adem tenan. Dhewe iso ndhelok apike kutha saka ndhuwur.","Tempatnya sangat bagus apa lagi malam hari dihias dengan lampu-lampu, sangat romantis. Cocok buat pasangan. Jauh dari keramaian. Udaranya sangat dingin. Kita dapat melihat keindahan kota dari atas."
"Translate Javanese to Indonesian: Panganane enak enak lan eye catching kanggo di foto, seneng. Nanging ombeane uga enak lan panggonane kepenak kanggo ngumpul ngumpul karo kanca.","Makanannya enak enak dan eye catching untuk di foto, suka. Tetapi minumannya juga enak dan tempatnya nyaman untuk kumpul kumpul dengan teman."
"Translate Javanese to Indonesian: Iki kaping loro dolanku. Kabeh panganan sing tak jajal eco-eco, lan panggone sik seapik biyen. Ora tau nyesel aku mangan ning kene.","Ini kali kedua kunjungan saya. Semua makanan yang saya coba enak-enak, dan tempatnya masih semenawan dulu. Tidak pernah menyesal makan di sini."
"Translate Javanese to Indonesian: Panganane pithik asap lan sandwich keju, ombeane jus. Lumayan pas lan enak. Panggonane mesthi enak kanggo sing pengen suwasana sepi santai adoh saka rame.","Makanannya smoked chicken dan cheese sandwich, minumannya jus. Lumayan pas dan enak. Tempatnya memang enak buat yang ingin suasana hening santai jauh dari kebisingan."
Translate Javanese to Indonesian: Obat tanpa resep kudune diadohi ibu menyusui,Obat tanpa resep sebaiknya dihindari ibu menyusui
"Translate Javanese to Indonesian: Makin akeh eruh, makin cemburu.","Semakin banyak tahu, semakin cemburu."
Translate Javanese to Indonesian: Karyawan males kanggo ngapa diwenehi cuti. Bisnis lagi elek malah arep foya foya Mikir mulakno!,Karyawan malas untuk apa kasih cuti. Bisnis lagi jelek malah mau foya foya. Mikir dong!
"Translate Javanese to Indonesian: Panggongan sing jejeran kanthi banyu kali lan rimbune wit-witan lan panganan sing enak nggawe betah lan cocok kanggo ngaso, aneka werna jajanan uga kasadia ing panggonan iki, hawane uga seger.","Tempat yang berdampingan dengan air sungai dan rimbunnya pepohonan dan makanan yang lezat membuat betah dan cocok untuk beristirahat, berbagai jajanan juga tersedia di tempat ini, hawanya juga sejuk."
"Translate Javanese to Indonesian: Tulung ya minimal, kanggo kamudahan nasabah supaya ing njero stasiun tigaraksa diwenehi mesin atm bni","Tolong ya minimal, demi kemudahan nasabah agar di dalam stasiun tigaraksa diberikan mesin atm bni"
"Translate Javanese to Indonesian: Kupat tahu gempol iku salah siji kupat tahu legendaris. Panggone ora tek gedhe nanging cukup nyolok karo werna abange ning protelon pasar gempol. Porsine pas banget dingge ngilangne luwe. Ciri khas saka kupat tahu iki yaiku tahune lembut lan kenyel lan duduh kacange pas ning ilat, dicampur karo lontong, capar lan krupuk abang. Enak banget.","Kupat tahu gempol merupakan salah satu kupat tahu legendaris. Tempatnya tidak terlalu besar tetapi cukup mencolok dengan warna merahnya di pertigaan pasar gempol. Porsinya pas banget untuk menghilangkan lapar. Ciri khas dari kupat tahu ini adalah tahunya yang lembut dan kenyal serta kuah kacangnya pas di lidah, dipadu dengan lontong, tauge dan kerupuk merah. Enak sekali."
"Translate Javanese to Indonesian: Wah pada karo aku iki masu nembe wae, paket freesom 1 aku hurung entek namung wis 40 ewu aku disedot perampok","Wah sama seperti saya ini mas barusan, paket freedom l saya belum habis tapi sudah dibebankan tarif internet perlu sampai pulsa sekitar 40 ribu saya disedot perampok"
Translate Javanese to Indonesian: Omah mangan iki mesthu kagolong murah yen dibandingake karo omah mangan sakjenise. Nanging panganan sing disediakake biasa wae ora ana sing istimewa. Akeh-akehe panganan mung iwak utawa oithik kanthi cara masak digoreng. Bisa diomong menu panganane ora ana variasine blas.,Rumah makan ini memang tergolong murah bila dibandingkan dengan rumah makan sejenisnya. Namun makanan yang disediakan biasa saja tidak ada yang istimewa. Sebagian besar makanannya hanya ikan atau ayam dengan cara masak digoreng. Bisa dibilang menu makanannya tidak ada variasi sama sekali.
"Translate Javanese to Indonesian: Kamar mandine adoh saka pantes, kanggo wisuh tangan ora disediakake sabun.","Kamar mandi jauh dari layak, untuk cuci tangan tidak disediakan sabun."
"Translate Javanese to Indonesian: Kahanane cocok dingge kabeh wong, dinggo awakmu sing sir dewean, karo keluarga, utawa karo kanca-kanca cedek ijolan cerita","Suasananya cocok bagi semua orang, baik anda yang ingin menyendiri, bersama keluarga, maupun dengan teman-teman dekat bertukar cerita"
Translate Javanese to Indonesian: Bakso favorite dhewe sakaluwarga. Rasane gurih lan super enak. Dikancani karo es jeruk lan kerupuk putih. Super yummy deh. Regane kajangkau tenan. Lokasine mlebu gang cilik nanging gampang ditemokake amarga akeh uwong sing ngerti ing lokasine.,Bakso favorit kami sekeluarga. Rasanya gurih dan super enak. Ditemani dengan es jeruk dan kerupuk putih. Super yummy deh. Harga sangat terjangkau. Lokasi masuk gang kecil tapi mudah ditemukan karena banyak orang yang tahu di lokasinya. 
"Translate Javanese to Indonesian: Ora enak mangan ing restoran, ora bisa njaluk duduh opor pithik setitik kaya ing warteg.","Tidak enak makan di restoran, tidak bisa minta kuah opor ayam dikit seperti di warteg."
Translate Javanese to Indonesian: Mundake presentase sing minat ride sharing nggarai toyota nekat nggelontor duwit sampek $1 milyat ning grab ben iso nylametne bisnis otomotife.,Meningkatnya presentase peminat ride sharing membuat toyota nekad menggelontorkan uang hingga $1 miliar pada grab demi menyelamatkan bisnis otomotifnya.
"Translate Javanese to Indonesian: Pemandangan kutha bandung sing apik iso dideleng saka sierra kafe lounge. Ana rong pilihan panggen, isa ning jero ruangan utawa njaba. Panggon sing romantis sekeco kanggo wong loro lan sekeca kanggo nglumpuk bareng kanca-kanca karo ngilangne kesel, merga udarane adem lan nyegerne. Panganan sing disediakne uga enak lan akeh pilihane. Ana masakan indonesia, asia, malah eropa / panganan kulonan barang.","Pemandangan kota bandung yang indah dapat disaksikan dari sierra kafe lounge. Ada dua pilihan tempat, bisa dalam ruangan maupun di luar. Tempat yang romantis cocok untuk berduaan dan cocok juga buat kumpul bersama teman-teman sambil melepas lelah, karena udaranya sejuk dan menyegarkan. Makanan yang disediakan juga lezat dan banyak pilihan. Ada masakan indonesia, asia, bahkan eropa / makanan barat."
Translate Javanese to Indonesian: Omah kuwi ndhuwe pager gedhe werna ireng.,Rumah itu memiliki pagar besar berwarna hitam.
"Translate Javanese to Indonesian: Restoran unik, nalika ora disediakake piring, kanggo mangan nganggo lepek godhong gedhang. Panganane cukup enak.","Restoran unik, di mana tidak disediakan piring, untuk makan menggunakan alas daun pisang. Makanan cukup enak."
Translate Javanese to Indonesian: Bapakku pegawe net tv,Ayah saya merupakan seorang pegawai net tv
Translate Javanese to Indonesian: Indomie akeh ditemukake ing warung-warung paling cepak.,Indomie banyak ditemukan di warung-warung terdekat.
Translate Javanese to Indonesian: Angel banget ngerteni wong sing terus rumangsa pener,Sulit sekali mengerti orang yang merasa selalu benar
Translate Javanese to Indonesian: Ngimpi dikon nggolek coklat karo gordon ramsay eh malah kacampur karo duduh indomie,Mimpi disuruh mencari coklat sama gordon ramsay eh malah kecampur sama kuah indomie
"Translate Javanese to Indonesian: Iyo seh mi sedap isine luwih akeh, nanging perkara rasa kalah adoh karo sing liyane","Iya sih mi sedap isinya lebih banyak, tapi soal rasa kalah jauh sama yang lain"
"Translate Javanese to Indonesian: Wah enak tenan, sate sing nikmat bumbu sing pas, rasa sing pas lan iwak sing seger, nganti ngasilake sate sing tenan mantep. Pelayanane sing grapyak.","Wah enak banget, sate yang nikmat bumbu yang pas, rasa yang pas dan daging yang segar, hingga menghasilkan sate yang benar benar mantap. Pelayanan yang ramah. "
Translate Javanese to Indonesian: Wektu teka marang mrene egek udu musim stroberi dadi pada cilik-cilik lan ora apik. Dadi mung njupuk seanane wae. __sad__.,Waktu datang ke sini sedang bukan musim stroberi jadi pada kecil-kecil dan tidak bagus. Jadi cuma ambil seadanya saja. __sad__.
"Translate Javanese to Indonesian: Peresmian operasi sepur bandara dening presiden ri kanthi simbolis, mejet tombol sirine sek nyuarakake genta, dikancani dening menteri perhubungan, menteri bumn, gubernur banten, dirjen perkeretaapian kemhub, dirut ap2, dirut pt kan, lan dirut railink","Peresmian pengoperasian kereta api bandara oleh presiden ri dengan simbolis, penekanan tombol sirine yang menyuarakan genta, didampingi oleh menteri perhubungan, menteri bumn, gubernur banten, dirjen perkeretaapian kemhub, dirut ap2, dirut pt kan, dan dirut railink"
Translate Javanese to Indonesian: Masakan restoran iki rata-rata ora enak.,Masakan restoran ini rata-rata tidak enak.
"Translate Javanese to Indonesian: Cocok kanggo mangan mbengi romantis karo pasangan nalika ngrameke wayahe wong loro, panganane enak lan ndhuwe kelas.","Cocok untuk makan malam romantis dengan pasangan ketika merayakan momen berdua, makanannya enak dan berkelas."
"Translate Javanese to Indonesian: Batagore enak, mi ne enak. Ana aneka panganan sing isa dicicip ing sak panggonan, apameneh saiki tokone uwis direnovasi dadi apik. Ana musala. Area oleh-oleh akeh pilian.","Batagornya enak, mi nya enak. Ada aneka makanan yang bisa dicicip di satu tempat, apalagi sekarang tokonya sudah direnovasi jadi bagus. Ada musala. Area oleh-oleh banyak pilihan. "
"Translate Javanese to Indonesian: Nembe nganggo pirang dina langsung hang, power bank ora isa dinggo apa-apa. Kudu gawa marang panggonan servis.","Baru pakai berapa hari langsung hang, power bank tidak bisa di pake apa-apa. Harus bawa ke tempat servis."
"Translate Javanese to Indonesian: Restoran sing nduwe pemandangan sing apik, lak mrene pas dina wengi golek o panggon lungguh ning jaba ruangan, makane awakmu kabeh bakal ndelok mben meja lampu lampu sing murup, panganane sing awakdewe pesen yaiku sup krim lan cokelat anget enak banget lan lezat pas karo cuacane sing adem","Restoran yang memiliki pemandangan yang bagus, jika ke sini pada malam hari carilah tempat duduk di luar ruangan, maka kalian akan melihat disetiap meja lampu lampu yang menyala, makanan yang kami pesan adalah sup krim dan coklat hangat sangatlah enak dan lezat pas dengan cuacanya yang dingin"
"Translate Javanese to Indonesian: Panggona jan romantis lan nyaman. Karo kahanan sing nyaman banget lan pelayanane sing apik. Panganane enak pol karo regane sing sumbut. Pingin banget mbalik mrene nikmati kahanan wayah sorene. Kabeh apik, sekeca banget!",Tempatnya sangat romantis dan nyaman. Dengan suasana yang sangat nyaman dan pelayanan yang baik. Makanan sangat enak dengan harga yang reasonable. Sangat ingin kembali ke sini menikmati suasana sorenya. Secara keseluruhan baik sangat bagus!
"Translate Javanese to Indonesian: Panganan court sing akeh penyewan, akeh pilihan. Cocok kanggo bocah enom sek pengen nongkrong kelompokan karo mangan - ngombe sek cocok karo dhewe-dhewe. Parkire ambane pol.","Makanan court dengan banyak penyewa, banyak pilihan. Cocok untuk anak muda yang ingin nongkrong berkelompok sambil makan - minum sesuai selera masing-masing. Parkir sangat luas."
"Translate Javanese to Indonesian: Maturnuwun mas kanggo apresiasine. Muga-muga dheweke enggal nemoni wakil awake dhewe, korban phk sakpihak freeport.","Terima kasih bang atas apresiasinya. Semoga beliau segera menemui wakil kami, korban phk sepihak freeport. "
Translate Javanese to Indonesian: Meh luwih ping 5 aku merene. Dim sume yahud lan regane mirah banget. Panggone asyik lan nyaman banget. Sing ngllayani grapyak masiyo awakdewe mung wong loro lan mangan ora akeh jenise. Pokoke rekomendasi banget lak golek dim sum utawa shabu ning balikpapan.,"Hampir lebih 5 kali saya ke sini. Dim sumnya yahud dan harganya terjangkau banget. Tempatnya asyik dan sangat nyaman. Pelayannya ramah walaupun kita cuma berdua dan makan tidak banyak jenisnya. Pokoknya rekomendasi banget, bila mencari dim sum atau shabu di balikpapan."
"Translate Javanese to Indonesian: Panggone nyenengne, santai, lan ora gampang ditemokne, merga sandingan karo toko gede lotte mart.","Tempatnya menyenangkan, santai, dan sangat mudah ditemui, karena bersebelahan dengan swalayan lotte mart"
Translate Javanese to Indonesian: KIPP nampa akeh laporan kaitan anane pelanggaran ing pilkada 2018.,KIPP menerima banyak laporan terkait adanya pelanggaran pada pilkada 2018.
"Translate Javanese to Indonesian: Uwis pirang-pirang marang mrene, panganane lumayan enak, saung-saunge uga nggawe suwasana mangan lan nyantai dadi nikmat, ditambah karo suwara kali cilik nambah suwasana dadi tambah alami. Dianjurake teka marang mrene mbengi amarga luwih apik.","Sudah beberapa kali ke sini, makanan lumayan enak, saung-saungnya juga membuat suasana makan dan bersantai jadi nikmat, ditambah dengan suara sungai kecil menambah suasana jadi bertambah alami. Dianjurkan datang ke sini malam hari karena lebih indah."
Translate Javanese to Indonesian: Panganan ning kene enak banget. Cocok dinggo pertemuan kantor utawa bareng keluwarga gede regane mirah,Makanan di sini sangat enak. Cocok untuk pertemuan kantor atau bersama keluarga besar harga terjangkau
Translate Javanese to Indonesian: DHL lagi mbukak lowongan kerja dinggo customer service,DHL sedang membuka lowongan pekerjaan untuk customer service
Translate Javanese to Indonesian: Aku njajal sing ning cedek kantor walikota. Aku pesen bakso malang super komplet. Rasane enak. Wareg. Regane uga mlebu akal.,Saya coba yang di dekat kantor walikota. Saya pesan bakso malang super komplet. Rasanya enak. Kenyang. Harga juga masuk akal.
"Translate Javanese to Indonesian: Panggon mangan ning jaba sing amba nyajikne kabeh panganan saka tradisional sampek sing paling modern, nanging rega sing murah meriah sampek sing larang. Penataan dekorasi sing apik bakal nggarai betah.","Tempat makan di luar yang luas menyajikan segala makanan dari tradisional hingga yang termodern, dari harga yang murah meriah hingga yang mahal. Penataan dekorasi yang apik akan membuat betah. "
Translate Javanese to Indonesian: Sing kudu banget dijajal ning rsto iki ana jus stroberi tanpo susu utawa gula. Asli enak banget. Kayake 1 gelas ae kurang ta.,Yang wajib banget dicoba di resto ini ada jus stroberi tanpa susu atau gula. Asli enak banget. Kayaknya 1 gelas saja kurang deh.
"Translate Javanese to Indonesian: Resto panganan barat sing regane kaki lima, ditambah pemandangan alam sing apik, suasanane sing romantis, asal aja udan, amarga ing teras dibenake kabuka. Resto favorit kaluwargaku.","Resto makanan barat dengan harga kaki lima, ditambah pemandangan alam yang indah, suasana yang romantis, asal jangan hujan, karena di teras dibiarkan terbuka. Resto favorit keluarga saya."
"Translate Javanese to Indonesian: Pithik gorenge enak ing kene. Cocok kanggo sing lebare perjalanan adoh. Aku marang kene mulih saka njaba kutha, dadi mangane pas ngelih ngono deh. Marakake weteng wareg, panganane enak banjur pelayanane mantap. Kasire ayu ayu","Ayam gorengnya enak di sini. Cocok buat yang habis perjalanan jauh. Saya ke sini pulang dari luar kota, jadi makannya pas lapar gitu deh. Bikin perut kenyang, makanannya enak terus pelayanannya mantap. Kasirnya cantik cantik"
"Translate Javanese to Indonesian: Paketku uga sampek saiki ora teka-teka wis limang dina statuse nganggo pengiriman kurir jakarta, nemen saiki jne","Paket saya juga sampai sekarang tidak sampai sampai sudah 5 hari statusnya dengan pengiriman courier jakarta, parah sekarang jne"
"Translate Javanese to Indonesian: Adol iwak pitik bakar taliwang nanging iwak pitik sing disajikne kaya karet lan ora muasne, lan rasane hambar, sambele uga apa eneke. Saka kabeh ngecewakne pol lan aku ora bakal kaping lorone mrono eneh","Jual ayam bakar taliwang tapi ayam yang disajikan seperti karet dan tidak memuaskan, dan rasanya hambar, sambalnya juga alakadarnya. Dari keseluruhan sangat mengecewakan dan saya tidak akan ke dua kalinya ke sana lagi"
Translate Javanese to Indonesian: Dalan. Sukajadi lak bengi biasane ana wang-wang sing ngguwak reget ning pinggir dalan! wang-wang koyo ngana iku kudu diilangne.,Jalan. Sukajadi kalau malam suka ada warga yang buang sampah di pinggir jalan! orang-orang kayak gitu harus dimusnahkan
Translate Javanese to Indonesian: Paling favorit ing resto iki yaiku bubur 3 rasa. 1 mangkok gede bisa kanggo wong loro karo bojo. Banjur akeh menune kanggo tambahan mangan karo bubur. Rega lan rasa pas. Lan sing mesthi kanca mangan bubur yaiku teh anget hmmm. Enak!,Paling favorit di resto ini adalah bubur 3 rasa. 1 mangkok besar bisa untuk berdua sama suami. Lalu banyak menunya untuk tambahan makan sama bubur. Harga dan rasa sesuai. Dan yang pasti teman makan bubur adalah teh hangat hmmm. Enak!
Translate Javanese to Indonesian: Indosat yaiku panyebab aku nesu saben dina,Indosat adalah penyebab gue marah tiap hari
Translate Javanese to Indonesian: Restoran iki yaiku panggonan sing cocok kanggo mangan wengi bareng pasangan lan kaluwarga kanthi panganan sing cukup enak lan pemandangan sing apik. Suwasanane uga apik kanthi hiasan klasik saka pojok nganti lawang mlebune.,Restoran ini merupakan tempat yang cocok untuk makan malam bersama pasangan dan keluarga dengan makanan yang cukup enak dan pemandangan yang bagus. Suasananya juga baik dengan hiasan klasik dari pojok sampai pintu masuknya. 
"Translate Javanese to Indonesian: Konsepe restoran biasa ae, nanging rega ombee kok larang banget. Mbok dimurahne sitik ta masiyo ning panggon dolan hehe. Maleh mikir bolak-balik dinggo tuku.","Konsep restoran biasa saja, tapi harga minumannya kok mahal banget. Dimurahinlah dikit meskipun di daerah wisata hehe. Jadi mikir berkali-kali buat beli."
Translate Javanese to Indonesian: Susune seger kanthi kluban sing mantep lan rasa kuwahe sing enak lan pelayanane sing tenan super grapyak.,Susunya segar dengan sayuran yang mantap dan rasa kuah yang enak dan pelayanan yang sangat super ramah.
"Translate Javanese to Indonesian: Gelo aku menehi ngerti kowe, Farrel","Menyesal nih gue kasih tahu loe, Farrel"
"Translate Javanese to Indonesian: Sengit lah, aling parkir ora bener, marakake dalanan sempit tok maneh, giliran mobile baret ngomyang-ngomyang nuduh sembarang uwong","Kesel lah, mana parkir tidak benar, bikin jalanan sempit doang lagi, giliran mobilnya baret misuh-misuh menuduh sembarang orang"
"Translate Javanese to Indonesian: Resto iki aku rekomendasikake kanggo kowe tekani yen kowe pengen nyantap karo nikmati surup. Amarga lokasine sing ana ing dhataran dhuwur, kowe iso nikmati kaendahan alam pegununungan lan suwasana kota. Kanggo panganane dhewe ana sawetara cita rasa, saka masakan daerah, indonesia, nganti internasional.","Resto ini saya rekomendasikan untuk anda singgahi jika anda ingin bersantap sambil menikmati sunset. Karena letaknya yang berada di dataran tinggi, anda dapat menikmati keindahan alam pegunungan dan suasana kota. Untuk makananannya sendiri ada beberapa cita rasa, dari masakan daerah, indonesia hingga internasional."
"Translate Javanese to Indonesian: Nyayahake tenan, mbalik lunga saka kampus sore pisan ditambah kerja kelompok sing ora ana enteke, deadline tugas uga mepet tenan","Sangat melelahkan, balik pergi ke kampus sore sekali ditambah kerja kelompok yang tidak ada abisnya, deadline tugas juga mepet sekali"
Translate Javanese to Indonesian: Bali duwe pulo akeh sing isa ditekani.,Bali punya banyak pulau yang bisa dikunjungi.
"Translate Javanese to Indonesian: Aku mangan isuk ning restoran lantai 18 iki lan ndilalah aku entuk panggon lungguh ning njaba utawa balkon. Bantalan panggone lungguh ketok akeh regete. Angine nyebul banter makane mangan isuk maleh ora nyaman. Tak saranne lak awakmu mangan ning restoran iki, pilih panggon lungguh ning jero dinggo nyamane.","Saya makan pagi di restoran lantai 18 ini dan kebetulan saya mendapatkan tempat duduk di luar atau balkon. Bantalan tempat duduknya terlihat banyak noda kotoran. Angin sangat kencang bertiup sehingga makan pagi tidak nyaman. Saya sarankan apabila anda makan di restoran ini, pilih tempat duduk di dalam untuk kenyamanan."
Translate Javanese to Indonesian: Kilang lenga sing diambakne pt pertamina nyerep 20 ewu luwih tenaga nyambut gawe,Perluasan kilang minyak pt pertamina serap 20 ribu lebih tenaga kerja
"Translate Javanese to Indonesian: Restoran ning padma hotel mlebu salah siji panggon sing nyaman lan indah karo pemandangan bukit, lembah lan wit-witan sing ijo. Dadi isa nikmati panganan karo kahanan sing seje. Panganan ning kene cukup rena-rena lan akeh pilihane ora beda adoh karo restoran-restoran liyane ning bandung, nanging ning kene ana pilihan tradisional sing nggarai aawakmu isa ngrasakne khas panganan sing seje karo nikmati alam.","Restoran di padma hotel termasuk salah satu tempat yang nyaman dan indah dengan pemandangan bukit, lembah dan pepohonan yang hijau. Sehingga bisa menikmati makanan dengan suasana yang berbeda. Makanan di sini cukup bervariasi dan banyak pilihan tidak beda jauh dengan restoran-restoran lain di bandung, tapi di sini ada menu pilihan tradisional yang membuat anda bisa merasakan khas makanan yang berbeda sambil menikmati alam."
Translate Javanese to Indonesian: Saiki udu jamane janji. Dhewe rakyat uwis bosen alias muak,Sekarang bukan zaman janji. Km rakyat sudah bosan alias muak
Translate Javanese to Indonesian: Aku lan bojoku biasane nginep ning jimbaran pas dolan nyang bali,Aku dan suami biasanya menginap di jimbaran saat berkunjung ke bali
"Translate Javanese to Indonesian: Bingung wis, mesti ae ora isa melu nangkring merga pancene rame banget. Yauwislah ya ketoke pancen luwih enak aku drive thru ae berhubung ning pusat kutha posisine sumpah iki mcd paling rame.","Bingung deh, selalu saja tidak bisa ikutan nongkrong karena memang ramai sekali. Yasudahlah ya sepertinya memang lebih enak aku drive thru saja berhubung di pusat kota posisinya sumpah ini mcd paling ramai. "
"Translate Javanese to Indonesian: Bocah jiden soksokan ora wedi, dijei nonton film horror oke ayok, rampung nonton ora wani nang kamar mandi","Penakut tapi soksikan tidak takut, diajak nonton film horror oke ayok, selesai menonton tidak berani ke kamar mandi"
"Translate Javanese to Indonesian: Kuwalitas lounge nguciwakake tenan. Adoh saka eskalator, lewat lorong-lorong kotor. Desain sempit dawa.","Kualitas lounge amat mengecewakan. Jauh dari eskalator, melalui lorong-lorong kotor. Desain sempit memanjang."
"Translate Javanese to Indonesian: Sanadyan ora tau etuk gubug pinggir sawah, nanging pesona lan kanyamanan mangan ning gubug liya ora dadi biji minus kanggo panggonan mangan iki. Akeh gubug sing kapenak kanggo didadekake panggonan mangan, kuwalitas panganane uga super lan enak. Coba iwak bakar godhong, wangi, pedes, lan sedep banget.","Meski tidak pernah mendapatkan gubug tepi sawah, namun pesona dan kenyamanan makan di gubug lain tak menjadi nilai minus bagi tempat makan ini. Banyak gubug yang nyaman untuk dijadikan tempat bersantap, kualitas makanannya pun super dan enak. Coba ikan bakar daun, wangi, pedas dan sedap sekali."
Translate Javanese to Indonesian: Yen urusan panganan sing enak-enak kaya iki rajane. Udu mung panganan sing mantap nanging susasanane makin anget apa maneh bareng kaluwarga utawa kanca. Lagu-lagune uga nglipur tenan.,Kalau urusan makanan yang enak-enak sepertinya inilah rajanya. Bukan hanya makanan yang mantap tapi suasananya pun semakin hangat apalagi bersama keluarga atau teman. Lagu-lagunya juga menghibur banget.
"Translate Javanese to Indonesian: Uwis kaping pirang-pirang mangan ing panggonan iki. Menu yaiku menu khas sunda, utamane kasadia menu sing uwis langka ditemukake ing omah mangan liyane ing bandung. Rasa panganane, tenan enak","Sudah beberapa kali makan di tempat ini. Menu merupakan menu khas sunda, terutama tersedia menu yang sudah jarang ditemukan di rumah makan lainnya di bandung. Rasa makanan, sungguh lezat"
Translate Javanese to Indonesian: Rakyat wis waleh krungu ocehane politikus sing apik nyapo ora omong apik. Nyapo kabeh sing dilakoni pemerintah. Kabeh ora ana apike.,Rakyat sudah jenuh mendengar ocehan politikus jika baik kenapa tidak katakan baik. Kenapa semua yang dilakukan pemerintah. Semuanya tidak ada baiknya.
"Translate Javanese to Indonesian: Ngenteni mal istana plaza buka ing dina isuk, apike mampir ing mangkok ayam ing pelataran lantai 1 istana plaza, macem-macem jenis menu pilian panganan indonesia, panganan china kasedia. Apike dijajal mi ayam rica tenan puas banget karo ngombe kopi ing dina isuk.","Menunggu mal istana plaza buka di pagi hari, sebaiknya mampir di mangkok ayam di pelataran lantai 1 istana plaza, berbagai macam menu pilihan indonesia food, chinese food tersedia. Sebaiknya dicoba mi ayam rica sungguh sangat puas sembari minum kopi di pagi hari."
"Translate Javanese to Indonesian: Mangan ing kene cukup nikmat amarga menune aneka warna, mulai saka menu indonesia, asia, tekan tiongkok. Dadi isa nyoba rasa sing aneka warna. Rasane uga ora kalah enak. Panggonane cukup nyaman, pelayanane uga cepet","Makan di sini cukup nikmat karena menunya beragam, dari mulai menu indonesia, asia, hingga tiongkok. Sehingga bisa mencoba rasa yang beragam. Rasanya juga tidak kalah enak. Tempatnya cukup nyaman, pelayanannya pun cepat"
"Translate Javanese to Indonesian: Mangan ning nduwur gunung karo pemandangan lampu kutha lak bengi iku apik banget. Panganane ya enak, regane biasa kaya ning kafe liyane.",Makan di atas gunung degan pemandangan lampu kota kalau malam sangat indah. Makanannya juga enak harga standar seperti kafe yang lain.
"Translate Javanese to Indonesian: Sebenere rodok lucu uga sih nyang bandung, nanging kok mangan pizza hut. Mung merga lagi pengen pizza. Rasane ora seje karo sing ning Jakarta.","Sebenarnya agak lucu juga sih ke bandung, tapi kok makan pizza hut. Hanya karena lagi ingin pizza. Rasanya tidak berbeda dengan yang di Jakarta."
"Translate Javanese to Indonesian: Biyen aku seneng banget mangan ning kene wektu podo ning jakarta, lagek eruh lak ning bandung uga ana. Panggone enak banget. Akeh pilihan kahanan sing isa dipilih, sir ning jaba, jero, ngrokok utawa ngge ora, ana panggon dinggo kabeh jenis wong moro. Panganane uga enak seh. Ya pasta-pasta ala wong indonesia.","Dulu suka banget makan di sini waktu sama di jakarta, baru tahu kalau di bandung juga ada. Tempatnya enak banget. Banyak pilihan suasana yang bisa dipilih, mau di luar, indoor, merokok atau ngge tidak, ada tempat buat segala jenis pengunjung. Makanannya juga enak sih. Ya pasta-pasta ala orang indonesia."
Translate Javanese to Indonesian: Kanggo apa kowe sekolah dhuwur-dhuwur nanging ngomong kaya asu njegok.,Untuk apa kau sekolah tinggi-tinggi tapi ngomong macam anjing menggonggong.
"Translate Javanese to Indonesian: Apik lan kapenak panggon, panggonane direkomendasikake banget kanggo mangan mbengi. Teka karo pasangan diladeni karo mbak dela, dijelaskake detail lan grapyak banget. Menune variatif lan enak, pas teka aku lan pasangan njajal menu lokal lan asinge, loro-lorone padha-padha enak. Kanggo saran bae, aja teka marang panggonan iki, isa-isa mbolak-mbalik teka, hehehehe. Pemandangane luwar biasa.","Bagus dan nyaman tempat, tempatnya rekomendasi banget buat makan malam. Datang sama pasangan dilayani sama mbak dela, dijelaskan detail dan ramah banget. Menunya variatif dan enak, pas datang saya sama pasangan nyobain menu lokal dan asingnya, keduanya sama-sama enak. Buat saran saja, jangan datang ke tempat ini, bisa-bisa malah bolak balik datang, hehehehe. Pemandangannya luar biasa."
"Translate Javanese to Indonesian: Dingge sing seneng legi, njajal sega pitik jamure. Lak ora seneng, jajal pilih sega iwak asin. Sing terkenal satene, disajikne ning nduwur piring panas. Pilihan liyane sing akeh dipesen yaiku tahu goreng.","Buat yang suka manis, coba nasi ayam jamurnya. Kalau tidak suka, coba pilih nasi ikan asin. Yang terkenal satenya, disajikan di atas piring panas. Pilihan lain yang banyak dipesan adalah tahu goreng."
Translate Javanese to Indonesian: Aku seneng banget mangan ning kene. Regane ora patia larang lan rasane enak. Sing paling aku seneng jamur panggange. Akeh kejune lan lembut. Saben mrene mesthi pesen iki.,Saya suka sekali makan di sini. Harganya tidak terlalu mahal dan rasanya enak. Yang paling saya suka jamur panggangnya. Banyak kejunya dan lembut. Tiap kali ke sini pasti order ini.
"Translate Javanese to Indonesian: Ing restoran kuwi kasadia akeh pilian panganan, mulai saka sing murah nganti sing larang","Di restoran itu tersedia banyak pilihan makanan, mulai dari yang murah hingga yang mahal"
Translate Javanese to Indonesian: Panggonan sing nyaman lan alami kanggo nggawa kaluwarga santai suasana pedesan alami. Ngenalake bocah karo alam,Tempat yang nyaman dan alami untuk membawa keluarga relaks suasana pedesaan alami. Mengenalkan anak pda alam
"Translate Javanese to Indonesian: Uwis seminggu iki pdam ing daerahe dhewe ora mili, apa stok banyu pdam entek. Tanggung jawab tah","Sudah seminggu ini pdam di daerah kami tidak mengalir, apa stok air pdam habis. Tanggung jawab dong"
Translate Javanese to Indonesian: Kerja saka isuk sampek isuk maneh iku mung bakale nyiksa awake dewe. Dadi ora usah kenemenen lak soal gawean.,Kerja dari pagi sampai pagi lagi itu cuma bakal menyiksa diri sendiri. Jadi tidak usah berlebihan kalau soal kerjaan.
"Translate Javanese to Indonesian: Rasa panganane ora semewah regane. Kelarangen dinggo pengunjung keluarga, grup kanca utawa bisnis.","Rasa makanan tidak semewah harganya. Overpriced untuk pengunjung keluarga, grup teman atau bisnis."
"Translate Javanese to Indonesian: Lak mampir nyang sukabumi, aja lali nyicip bubur ayam hamid. Asli, enak banget, seje karo bubur ayam ing panggon liyane. Suwiran iwak pitike lumayan akeh, bumbune uga krasa banget, apameneh lak adewe mangane ditambahi sate rempela utawa usus. Dijamin bakale nagihi!","Kalau mampir ke sukabumi, jangan lupa nyicip bubur ayam hamid. Asli, enak banget, beda dengan bubur ayam di tempat lain. Suiran ayamnya lumayan banyak, bumbunya juga terasa banget, apalagi jika kita makannya ditambah sate ampela atau usus. Dijamin bakal ketagihan!"
Translate Javanese to Indonesian: Tulunglah pihak telkomsel direvisi rega-rega paket internete regane saklangit.,Tolonglah pihak telkomsel di revisi harga-harga paket internetnya harganya selangit.
Translate Javanese to Indonesian: Sing kinurmatan tulung dong jawab pesenku. Matur suwun,Yang terhormat tolong dong respon pesan saya. Terima kasih
Translate Javanese to Indonesian: Ora mung jenenge tok swike waled. Rasane podo enake karo sing ning desa waled cirebon kuahe taucone asine pas. Swieke gorenge uga enak. Mung regane radak larang timbang swike ning cirebon.,Bukan hanya namanya saja swike waled. Rasanya sama enaknya dengan yang di desa waled cirebon kuahnya tauconya asinnya pas. Swieke gorengnya juga enak. Cuma harganya agak mahal dibanding swike di cirebon.
Translate Javanese to Indonesian: Entukno hardisk nganggo rega promo dinggo mben pesen jasa isi hardisk kebeg 1 tb,Dapatkan hardisk dengan harga promo untuk setiap pemesanan jasa isi hardisk penuh 1 tb
"Translate Javanese to Indonesian: Restoran unik karo menu sega goreng sing unik pisan. Sega goreng sing disajikne nganggo level pedes sing seje-seje. Sampeyan seneng pedes kudu njajal sega goreng ning kene. Saklintune punika, sega goreng disajikne nganggo rena-rena resep kaya nganggo ebi, kemangi, kecap legi, bumbu rahasia sampek karo campuran kencur. Mben porsi disajikne nganggo takaran sing pas. Rega mben porsine mulai rp 13. 000 - rp 21. 000. Pelayanane nyenengne banget.","Restoran unik dengan menu nasi goreng yang unik pula. Nasi goreng disajikan dengan level kepedasan yang berbeda-beda. Anda penggemar pedas harus mencoba nasi goreng di sini. Selain itu, nasi goreng disajikan dengan berbagai resep seperti dengan ebi, kemangi, kecap manis, bumbu rahasia sampai dengan campuran kencur. Per porsi disajikan dengan takaran yang pas. Harga per porsinya mulai rp 13. 000 - rp 21. 000. Pelayanan sangat menyenangkan."
Translate Javanese to Indonesian: Nganggo telkomsel pengen nesu terus mung mbagikake capture kurang saka 100 kb muteer terus ujunge gagal. Nanging yen dipompakake ngomonge jaringane ora ana masalah.,Pakek telkomsel pengin marah terus hanya berbagi capture kurang dari 100 kb muteer terus berujung gagal. Tetapi kalau dipompakan bilangnya jaringan tidak bermasalah.
"Translate Javanese to Indonesian: Dienteni ae, mesti diwehi. Biasane paling suwi seminggu kok e","Ditunggu saja, pasti dikasih. Biasa maksimal seminggu kok"
"Translate Javanese to Indonesian: Enak, panggonane resik nyaman, lan panganan sing disajikake reno-reno. Kajaba kuwi panggonane sing ana ing kutha ndadikake panggonan nggo ngaso uwong-uwong sing blanja lan pegawe kantoran. Regane mesthi wae larang nanging padha karo rasane","Enak, tempatnya bersih nyaman, dan makanan yang disajikan pun bervariasi. Selain itu tempatnya yang berada di kota menjadikan tempat istirahat orang-orang yang berbelanja dan pekerja kantoran. Harganya memang mahal tapi setara dengan rasanya"
"Translate Javanese to Indonesian: Nggolek ing bukalapak wae. Yen kepepet, sauntara isa nganggo duwe redmi 4a.","Cari di bukalapak saja. Kalau kepepet, sementara bisa gunakan punya redmi 4a."
"Translate Javanese to Indonesian: Panganane lumayan, nanging ana pelayan sing lumayan kemproh war dadi kurang nyaman. Kanggo panganan rada cepet yo ben ora kangelihen konsumene. Isih akeh sing kudu ditingkatake.","Makannya lumayan, tapi ada pelayan yang agak jorok saja jadi kurang nyaman. Untuk makanan agak cepat ya agar tidak kelaparan konsumen. Masih banyak yang harus ditingkatkan."
"Translate Javanese to Indonesian: Padahal nembe wae jam 4 sore ing dina kemis. Aku lan kancaku arep ngaso kopi. Aku lali dhewe pesen ombean apa wektu kuwi, mung sing tak eling yaiku pas milih menu a, diomong karo pelayane yen uwis entek. Banjur dhewe milih menu b. Eh, uga uwis entek. Akhire kapaksa milih menu liyane. Cukup nyebelake.","Padahal baru jam 4 sore di hari kamis. Saya dan teman saya mau coffe break. Saya lupa kami pesan minuman apa waktu itu, hanya yang saya ingat adalah pada saat pilih menu a, dibilang dengan pelayannya sudah habis. Lalu kami pilih menu b,. Eh sudah habis juga. Akhirnya terpaksa memilih menu lain. Cukup menyebalkan."
"Translate Javanese to Indonesian: Yen ing kene daginge luwih enak, bumbune sih luwis kerasa sing ning kana, regane uga ora beda adoh.","Kalau di sini dagingnya lebih enak, bumbunya sih lebih berasa yang di sana, harganya juga tidak beda jauh."
"Translate Javanese to Indonesian: Panggonan sing apik lan romantis karo pemandangan kuto/kutha bandung karo kelip lampune sing mirip karo ewunan cahya lilin ing dino/dina wengi/mbengi lan hawa anyese pagunungan,. Apa maneh panganan sing enak anget lan rupane sing menginakake banget. Wah eman tenan yen dilewatake. ","Tempat yang indah dan romantis dengan pemandangan kota bandung dengan kerlip lampunya yang mirip dengan ribuan cahaya lilin di malam hari serta hawa dingin pegunungan,. Apalagi hidangan yang lezat hangat dan penampilan yang sangat menggoda. Wah sangat sayang jika dilewatkan."
Translate Javanese to Indonesian: Penasaran mrene amarga saben ngliwati tol mesthi ndelok iklane ning dalan. Pas mrana jebule panggonane cenderung biasa wae. Mrana pas wengi-wengi ditambah udan uga dadi rada lendhut.,Penasaran ke sini karena tiap melewati tol selalu melihat iklannya di jalan. Pas ke sana ternyata tempatnya cenderung biasa saja. Ke sana pas malam-malam plus hujan juga jadi agak becek.
"Translate Javanese to Indonesian: Resto iki cukup amba, suwasanane nyenengake tenan, pangunjung bisa ndhelok pemandangan kutha bandung. Menu panganane kulon lan indonesia panganan. Regane pada karo kualitase lan pelayanane.","Resto ini cukup luas, suasana sangat menyenangkan, pengunjung dapat melihat pemandangan kota bandung. Menu makanan barat dan indonesian makanan. Harga sesuai kualitas dan pelayanan."
Translate Javanese to Indonesian: Bogor bakal dipimpin meneh karo bima arya.,Bogor akan dipimpin kembali oleh bima arya.
"Translate Javanese to Indonesian: Wulan januari aku uwis marang galeri indosat kanggo registrasi kartu, jare mbake sing tas, uwis diregistrasikaek kok, nanging wingi ora isa telepon lan sms amarga diblokir hurung registrasi. Geleme apa cuba? Matur suwun kanggo pelayanane sing apik tenan.","Bulan januari saya sudah ke galeri indosat untuk registrasi kartu, kata mbaknya yang tas, sudah teregistrasi kok, tapi kemarin tidak bisa telepon dan sms karena diblokir belum registrasi. Maunya apa coba? Terima kasih atas layanannya yang excellent sekali."
"Translate Javanese to Indonesian: Aku njajal suis butcher ning selai ning suis butcehr ning stiabudhi, aku uga njajal suis butcher ning dalan. Riau. Aku luwih seneng kahanan ning suis butcher ning setiabudi sing ora patio rame, lan panggone enak kanggo jagongan. Panganane aku seneng tenderloin, salad, kentang goreng, lan tiramisune. Rego lan rasa sabanding kok, sumbut karo pelayanane sing lumayan cepet.","Saya mencoba suis butcher di selai di suis butcehr di stiabudhi, saya juga mencoba suis butcher di jalan. Riau. Saya lebih menyukai suasanan di suis butcher di setiabudi yang tidak terlalu ramai, dan enak tempatnya buat ngobrol. Makanannya saya suka tenderloin, salad, frencfries, dan tiramisunya. Harga dan rasa sebanding kok, so setimpal sekali pelayanannya juga lumayan cepat."
"Translate Javanese to Indonesian: Wifi ing kene tansah eror, panganan lan ombeane radha larang, lumpiah goreng asin tenan, teh susu mung sitik enak, suwi tenan kanggo mesen","Wifi di sini selalu eror, makanan dan minuman agak mahal, lumpiah goreng asin sekali, teh susu hanya sedikit enak, lama sekali untuk pesanan"
"Translate Javanese to Indonesian: Arep nyang hotel ning mongkok hongkong, ora ana! Sasi juni wingi, aku mesen lan wis mbayar dingge 2 kamar. Nanging hotele ora temu","Mau ke hotel yang di mongkok hongkong, tidak ada! Bulan juni lalu, saya booked dan sudah bayar untuk 2 kamar. Tapi hotel tidak ditemukan."
Translate Javanese to Indonesian: Timbangane rame-rame soal barang flash sale mending dolanan poker online.,Daripada ribut-ribut soal barang flash sale mending main poker online.
"Translate Javanese to Indonesian: Roti Unyil, toko roti sing nyedhiayakake aneka werna roti / kue sing ukuran cilik, kondhang banget ning Bogor lan Bandung.","Roti Unyil, toko kue yang menyediakan berbagai macam roti / kue dengan ukuran kecil, sangat dikenal di Bogor dan Bandung."
"Translate Javanese to Indonesian: Pingin ngewangi menehi hubungan infone, nanging kuota internetku kebates.","Ingin bantu kasih hubungan infonya, tapi kuota internet saya terbatas."
"Translate Javanese to Indonesian: Aku sapendapat, acara kasebut kudu diilangake, akeh acara sing ora guna. Uwong-uwong ing acarane uga tumindhak kaya uwong ora sekolah bae.","Saya sependapat, acara tersebut harus dihilangkan, banyak acara yang tidak berguna. Orang-orang dalam acaranya pun bertingkah seperti orang tidak sekolah saja."
"Translate Javanese to Indonesian: Resto nostalgia sing wajib diparani, panggon sing nyaman kanggo keluwarga, parkir sing amba. Panganane meh kabeh eco, pomeneh steak, saslick lan es krim.","Resto nostalgia yang wajib dikunjungi, tempat yang nyaman buat keluarga, parkir yang luas. Hidangannya hampir semua enak, terutama steak, saslick dan es krim."
"Translate Javanese to Indonesian: Jak en keluargo, kanca sak kantor, kanca mlaku, pacar, kancane pacar, utawa bahkan tipak pacar, kanggo suara award iki.","Ajak keluarga, kawan satu kantor, kawan jalan, pacar, kawan pacar, atau bahkan mantan pacar, buat suara award ini."
"Translate Javanese to Indonesian: Panggone menarik, karo konsepe sing pabrik banget. Sayange meh kabeh menune ora halal.","Tempatnya menarik, dengan konsep yang sangat pabrik. Sayangnya hampir seluruh menunya non halal."
Translate Javanese to Indonesian: Dinggo wong jogja seh males mbalik mrana ping pindo. Cukup pisan. Mlebu kudu mbayar. Panganan larang.,Untuk orang jogja sih malas kembali ke sana 2 kali. Cukup sekali. Masuk harus bayar. Makanan mahal.
Translate Javanese to Indonesian: Akeh kaluwargaku sing kerja dadi pegawe negeri,Banyak keluarga saya yang bekerja sebagai pegawai negeri
"Translate Javanese to Indonesian: Kita mangan mbengi ing restoran kuwi lan pelayanane cukup maremake. Panggonane amba, ana sek nang njero ruangaan, ana sek nang teras. Panganane langsung dipilih seka meja saji nang njero restoran. Ana pilihan menu seger sek bar mentas digoreng pas dipesen lan akehe menu tradisional. Wektu ngenteni ora suwi. Penyajiane unik amarga ora nganggo piring nanging nganggo godhong.","Kami makan malam di restoran itu dan pelayanannya cukup memuaskan. Tempatnya luas, ada yang berada di dalam ruangan, ada yang diteras. Makanan langsung dipilih dari meja saji di dalam restoran. Ada pilihan menu segar yang baru digoreng pada saat dipesan dan sebagian besar menu tradisional. Waktu tunggu tidak lama. Penyajian unik karena tidak menggunakan piring melainkan memakai daun."
Translate Javanese to Indonesian: Kiriman rada telat 1 hari nganggo kurir kuwi. Luwih responsif dong,Kiriman agak terlambat 1 hari pakai kurir itu. Lebih responsif dong
"Translate Javanese to Indonesian: Wektu pengen mangan variasi panganan, piliane mesthi Hanamasa. Lokasi panggonane cukup enak. Pilian panganane akeh, saka awit camilan, bakar-bakaran, godhokan nganti panganan panutup. Ora nggelakne banget.","Ketika ingin menyantap variasi makanan, pilihannya selalu Hanamasa. Lokasi tempatnya cukup enak. Pilihan makanannya banyak, dari mulai makanan ringan, bakar-bakaran, rebusan hingga makanan penutup. Sangat tidak mengecewakan."
"Translate Javanese to Indonesian: Entuko voucher pulsa rp 25.000, - dinggo wong loro sing bejo mben dinane mung karo retweet bniquotes","Dapatkan voucher pulsa rp 25.000, - untuk dua orang yang beruntung setiap harinya hanya dengan retweet bniquotes"
"Translate Javanese to Indonesian: Mangan ning resto mewah, rega mesti ae larang, nanging rasane payah, jan nganyelne.","Makan di resto mewah, harga tentu saja mahal, tapi rasanya payah, sungguh menjengkelkan."
Translate Javanese to Indonesian: Gunane shazam: Ben ngerti lagu-lagu ajaib sek diputer sopir gocar,Gunanya shazam: Biar tahu lagu-lagu ajaib yang diputer sopir gocar
"Translate Javanese to Indonesian: Enake mangan ing redsdifo, tembe iki aku seneng banget mangan iwak. Iwake seger, enak, lan ora mambu amis maneh. Pokoke iwak bawale enak. Lan kopi robusta susu mantap. Pokok. A ketagihan tenan. Redsdipo dadi panggonan kesenenganku. Enak pokoke lah.","Enaknya makan di redsdifo, baru kali ini dah saya suka banget makan ikan. Ikannya segar, enak, dan tidak ada bau amis lagi. Pokoknya ikan bawal enak. Dan kopi robusta susu mantap. Pokok. A ketagihan dah. Redsdipo jadi tempat favorit saya. Enak pokoknya mah."
Translate Javanese to Indonesian: Iki ngapa sih astogo telkomsel lan uga indihome loro-lorone kerep ana masalah! Larang tok woy!,Ini kenapa sih astaga telkomsel maupun indihome dua-duanya sering bermasalah! Mahal doang woy!
Translate Javanese to Indonesian: Aku lunga mrene mung gur golek sitik hiburan ning kala dolan karo keluarga. Aku mung ngombe karo mangan panganan cilik. Ombenan ning kene regane mirah banget dibandingne karo jakarta.,Saya pergi ke sini hanya untuk mencari sedikit hiburan di kala berlibur bersama keluarga. Saya hanya minum dan makan makanan kecil. Minuman di sini harganya murah banget dibandingkan dengan jakarta. 
Translate Javanese to Indonesian: Tagihan indihomeku sasi oktober ini seje karo sing sasi september. Cebloke luwih larang. Nyapo kok ngono? Janjine wektu awit pasang ora biaya liyane lan biaya flat. Iki kok e munggah mudun piye? Mbok sing ajek.,Tagihan indihome saya bulan oktober ini beda dengan bulan september. Jatuhnya lebih mahal. Kenapa bisa begitu? Janjinya waktu awal pasang tidak ada biaya lain dan biaya flat. Ini kok naik turun bagaimana? Konsisten dong
"Translate Javanese to Indonesian: Iki nyesel banget mangan indomie endog asin. Mangane maeng jam 8 isuk, sampek saiki rasane sak bare isi ana! Ora enak banget pisan ya allah","Ini menyesal sekali makan indomie salted egg. Makannya tadi pagi jam 8, sampai sekarang after tastenya masih ada! Gaenak banget lagi ya allah"
"Translate Javanese to Indonesian: Bakso sek unik. Bakso kanthi jenis jenis isiane sek bedha-bedha. Ana sek isi keju, daging cincang pedes lan urat. Aku milih cincang daging pedes ehmmmm rasane padha karo jenenge. Regane murah, panggonane resik.","Bakso yang unik. Bakso dengan jenis jenis isian yang berbeda. Ada yang isi keju, daging cincang pedas dan urat. Saya memilih cincang daging pedas ehmmmm rasanya sesuai dengan namanya. Harganya murah, tempat bersih."
Translate Javanese to Indonesian: Marai macet dalan wae iki uwong,Bikin macet jalan saja nih orang
Translate Javanese to Indonesian: Bni ningkatne branding lewat stasiun bni city,Bni tingkatkan branding melalui stasiun bni city
"Translate Javanese to Indonesian: Sensasi mangan nganggo tatakan godhong gedhang, kanthi enake cumi bakar lan tempe gandum sing gurih, karo sambel sing nangekna selera. Pancen mantep.","Sensasi makan dengan alas daun pisang, dengan enaknya cumi bakar dan tempe tepung yang gurih, serta sambal yang menggugah selera. Memang mantap"
"Translate Javanese to Indonesian: Mie mewek manggon ing dalan pajajaran. Cepak karo area BEC, pusat dodolan gadget. Ing kene dhewe bisa nikmati kuliner khas kaya panganan kanthi cita rasa pedes. Mie nangis bakal nggawe dhewe kaya sing nikmati tenanan nangis, amarga kepedesen lan kemaningan terus kanggo teko lan mangan maneh. Miene kandel lan kenyel. Enak.","Mie mewek terletak di jalan pajajaran. Dekat dengan area BEC, pusat penjualan gadget. Di sini kita bisa menikmati kuliner khas berupa makanan dengan cita rasa pedas. Mie nangis akan membuat kita sebagai penikmatnya benar-benar menangis, karena kepedesan sekaligus ketagihan untuk datang dan makan lagi. Mienya tebal dan kenyal. Enak."
Translate Javanese to Indonesian: Dee mangan susu indomilk ning jero kulkas,Dia memakan susu indomilk di dalam kulkas
Translate Javanese to Indonesian: Mangkel tenan kawit mau dodolan yakult ora untung terus,Kesal banget dari tadi jualan yakult tidak untung terus
Translate Javanese to Indonesian: Ramayana bukak cabang maneh ning samarinda.,Ramayana kembali membuka cabangnya di samarinda
Translate Javanese to Indonesian: Panggon iki kondang banget ning kalangan mahasiswa. Ora mung merga enak regane uga termasuk mirah lak menurutku. Top wis.,Tempat ini terkenal banget di kalangan mahasiswa. Karena selain enak harganya juga termasuk murah kalau menurut saya. Top deh.
"Translate Javanese to Indonesian: Aneka rena karya seni sing ditampilne ning lantai dasar lan kaping loro jan narik perhatian. Liyane iku ning latar njaba akeh karya seni sing isa dideloki. Pemadangane sing nyerukne mripat, lan cuaca sing adem nggarai panggon iki disenengi banget karo wong akeh.","Beragam macam karya seni yang ditampilkan di lantai dasar dan kedua sungguh menarik perhatian. Selain itu di halaman luar juga banyak karya seni yang bisa diamati. Pemandangan yang menyerukan mata, serta cuaca yang adem membuat tempat ini sangat disukai banyak orang."
"Translate Javanese to Indonesian: Aku ora seneng karo pelatih sing saiki, strategi sing digawe deknen ora isa dienggo kanggo ngalahke mungsuh.","Gue enggak suka sama pelatih yang sekarang, strategi yang dibikinnya tidak bisa dipakai buat mengalahkan lawan."
Translate Javanese to Indonesian: Iki yaiku panggonan mangan kanggo uwong sing ngenteni kaluwarga sing lagi asik blanja. Nanging ora kanggo uwong uwong sing seneng mangan sing enak. Ing jakarta akeh banget panggonan mangan sing adoh luwih enak lan regane adoh luwih murah.,Ini adalah tempat makan untuk orang yang menunggu keluarganya yang sedang asyik berbelanja. Tetapi tidak untuk orang orang yang senang makanan yang enak. Di jakarta banyak sekali tempat makan yang jauh lebih enak dan harganya jauh lebih murah.
"Translate Javanese to Indonesian: Yen kowe rampung transaksi ngirim, pastikna priksa maneh alamat ing resi sakdurunge ninggalake konter jne pondok timur ya","Bila kamu selesai transaksi mengirim, pastikan cek kembali alamat di resi sebelum meninggalkan counter jne pondok timur ya"
"Translate Javanese to Indonesian: Sepak kana sepak kene ajar kana ajar kene, tibake podo nduwe agenda ndelik-ndelik! Megelne!","Tendang sana tendang sini hajar sana hajar sini, ternyata masing-masing punya agenda tersembunyi! Menyebalkan!"
Translate Javanese to Indonesian: Mangkel udu amarga kowe. Nanging persis dikalahake pssm. Ora enak ati ora enak turu ora enak mangan. Kabeh gara-gara pssm!,Kesal bukan karena mu. Tetapi persis dikalahkan pssm. Tidak enak hati tidak enak tidur tidak enak makan. Semua gara-gara pssm!
"Translate Javanese to Indonesian: Isi pulsa liwat atm bca mau jam 17.48 nganti saiki urung mlebu, etuk tulung dicek? Maturnuwun","Isi pulsa via atm bca tadi jam 17.48 sampai sekarang belum masuk, boleh tolong dicek? Terima kasih"
"Translate Javanese to Indonesian: Senen isukku diisi karo kegiyatan wawancara, sakdurunge mlaku marang lokasi aku kudu mesen gojek lan kahanane isih udan.","Senin pagi gue diisi dengan kegiatan wawancara, sebelum jalan ke lokasi gue harus memesan gojek dan suasana masih hujan."
"Translate Javanese to Indonesian: Panggon sing paling cocok dinggo golek panganan lak budgete kebates nanging muasake, ning kene akeh banget pilihane saka mulai masakan khas saka daerah ning indonesia sampek masakan modern.","Tempat yang paling cocok untuk mencari makanan kalau budget terbatas tetapi memuaskan, di sini banyak sekali pilihannya dari mulai masakan khas dari daerah di indonesia sampai masakan modern."
"Translate Javanese to Indonesian: Aku ndelok akeh pangguna indosat kena pamotongan pulsa, mesakne.","Saya lihat banyak pengguna indosat terkena pemotongan pulsa, kasihan."
"Translate Javanese to Indonesian: Panggonan sing alami banget, karo menu sing variatif, karo rasa sing pas. Aku seneng karo bandrek jagunge, jagung sing legi disajekne anget banget. Ana rena-rena jajanan tradisional sing wes arang diweruhi.","Tempat yang sangat alami, dengan menu yang variatif, dengan rasa yang pas. Saya suka dengan bandrek jagungnya,  jagung yang manis disajikan sangat hangat. Ada aneka jajanan tradisional yang sudah jarang ditemui."
Translate Javanese to Indonesian: Bapak iki ngomonge ora mlebu akal! Uwong diculik kok malah mikir penculike. Teori saka ngendi iku?,Bapak ini ngomongnya tidak masuk akal! Orang diculik kok malah memikirkan penculiknya. Teori dari mana itu?
"Translate Javanese to Indonesian: Panggonane gedhe. Buka 24 dina. Cocok nggo ngemil. Kursi sofane kepenak. Sayange akeh mahasiswa sek nggarap tugas nang kana, dadi arang kosong panggonane yen mbengi. Hehehe","Tempatnya besar. Open 24 hari. Cocok buat ngemil. Tempat duduk sofanya nyaman. Sayang banyak mahasiswa yang mengerjakan tugas di sana, jadi jarang kosong tempatnya kalau malam. Hehehe"
Translate Javanese to Indonesian: Ora untung aku melu rombongan kanggo lunga marang bali mbosenake tenan,Tidak untung saya ikut rombongan untuk pergi ke bali sangat membosankan
"Translate Javanese to Indonesian: Masiyo cukup lika-liku kanggo teka nang panggon ini, nanging sumbut karo kahanane sing sepi, tenang lan uga kahanan udara dataran duwur, sing pas aku biasane lak sir mangan ning jaba pas dina kerja merga ben ora tek rame nanging ya kurange ora ana wong musikan. Dinggo panganane cukup enak lan keluargaku cukup nikmati.","Walaupun cukup berliku untuk sampai ke tempat ini tapi terbayarkan dengan suasana sepi, tenang dan juga suasana udara dataran tingginya, yang kebetulan saya biasanya kalau makan di luar pasti pas hari kerja karena biar tidak terlalu ramai tapi ya minusnya tidak ada lift musik. Untuk makanannya cukup enak dan keluarga saya pun cukup menikmatinya."
Translate Javanese to Indonesian: Cocok banget dingge mangan bareng keluwarga ngrasakne panganan sing enak karo jagongan ngilangi penat bar sedinoan tandang gawe pokoke paling apik wis,Sangat cocok untuk bersantap bersama keluarga menikmati hidangan yang lezat sambil mengobrol melepas penat setelah seharian beraktivitas pokoknya terbaik deh
"Translate Javanese to Indonesian: Teko marang restoran iki ora ana bosene, apa maneh ini mbengi minggu dhewe sakaluwarga seneng tenan panggonan iki amarga ana live musike. Suwasanane ora owah nahunan. Menu sing disajikake egek tetep padha, saka mulai menu eropa nganti menu khas indonesia tetep nyengsemake. Porsine uga ora kalah akeh.","Datang ke restoran ini tidak ada bosannya, apalagi di malam minggu kami sekeluarga sangat menyukai tempat ini karena ada live musiknya. Suasananya tidak berubah dari tahun ke tahun. Menu yang disajikan pun masih tetap sama, dari mulai menu eropa sampai menu khas indonesia tetap memikat. Porsinya juga tak kalah banyak."
Translate Javanese to Indonesian: Yen ndhelok raine uwong iki hawane emosi tingkat dewa,Kalau melihat muka orang ini bawaan emosi tingkat dewa
Translate Javanese to Indonesian: Panganan india miturut ku ora enak. Kakehan bumbon,Masakan india menurut ku tidak enak. Terlalu banyak rempah
"Translate Javanese to Indonesian: Dhewe sakaluwarga marang tempat iki amarga dina wis wengi lan ora ana resto liya sek buka. Jebule jam 10 mbengi panggonan iki uga egek macet, parkir kebek lan jagongane ing njero resto kebek. Petugase sing ketok kesayahan aleng nglayani karo mbesengut. Ampun Akhire panganane dhewe gawa marang hotel.","Kami sekeluarga ke tempat ini karena hari sudah larut malam dan tidak ada resto lain yang buka. Ternyata jam 10 malam pun tempat ini masih macet, parkir penuh dan tempat duduk di dalam resto penuh. Petugas yang tampak kelelahan melayani dengan masam. Ampun. Akhirnya makanan kami bawa ke hotel."
Translate Javanese to Indonesian: Oh iya aku pengen fitur nyetak resi otomatis dibenakake.,Oh iya saya mau fitur cetak resi otomatis diperbaiki.
Translate Javanese to Indonesian: Awal taun iki bakti budaya djarum foundation kerja bareng karo garin workshop,Awal tahun ini bakti budaya djarum foundation bekerjasama dengan dan garin workshop
"Translate Javanese to Indonesian: Kanthi tuku morinaga chil kid lan chil school rega rp 500. 000, ibu isa entuk voucher gopay rp 50. 000.","Dengan membeli morinaga chil kid dan chil school senilai rp 500. 000, bunda akan mendapatkan voucher gopay rp 50. 000."
Translate Javanese to Indonesian: Wektu iki para lelungan pecinta diving kecewa banget karo kahanan teluk ambon sing ketok asri nanging kotor banget,Saat ini para wisatawan pecinta diving sangat kecewa dengan kondisi teluk ambon yang nampak indah namun sangat kotor
"Translate Javanese to Indonesian: Rekomendasi kanggo mangan awan ala indonesia, pilian panganane akeh tenan gari ngacung bae. Paling akeh sing bentuk gorengan, kaya empal, pithik goreng, tahu goreng lsp. peralatan mangan sing dienggo sing ala model jaman mbien, kaya piring seng, ngelingake mangan ing jaman mbiyen. Pelayanane cepet. Mantap","Rekomendasi untuk makan siang ala indonesia, pilihan makanannya banyak sekali tinggal tunjuk saja. Terbanyak yang bentuk gorengan, misalnya empal, ayam goreng, tahu goreng dll. peralatan makan yang dipakai yang ala model zaman dulu, seperti piring seng, gelas seng, mengingatkan makan di zaman dahulu. Pelayanan cepat. Mantap"
"Translate Javanese to Indonesian: Panggonane nyaman, akeh angine banget nanging uga seger. Konsep panggonane apik, kamar vipne apik tenan. Cocok kanggo instagram banget panggonane. Cocok kanggo njagong-njagong karo kanca, kaluwarga, pacar. Panganane uga ora elek, lan regane uga kajangkau. Mbak kasire wektu kuwi grapyak tenan.","Tempatnya nyaman, sangat windy tapi sejuk juga. Konsep tempatnya bagus, vip roomnya keren sekali. Instagramable banget deh tempatnya. Cocok untuk nongkrong-nongkrong bareng teman, keluarga, pacar. Makanannya juga not bad, dan harganya juga terjangkau. Mbak kasirnya waktu itu ramah sekali."
Translate Javanese to Indonesian: Iki tuwa bangka uwis mambu lemah kok ora sadar-sadar ya. Menungsa paling elek sing paling mambu,Ini tua bangka sudah bau tanah kok tidak sadar-sadar ya. manusia terburuk yang paling busuk.
"Translate Javanese to Indonesian: Ora ana sunlight lan mama lemon, garnier men turbo oil control pun dadi dinggo ngumbah tangan bar masak alias lunyu cuy bar kenek lenga.","Tak ada sunlight dan mama lemon, garnier men turbo oil control pun jadi buat cuci tangan setelah masak alias licin cuy setelah kena minyak."
"Translate Javanese to Indonesian: Batagor kingsley enak tenan lan disenengi karo kaluwarga lan warga jakarta. Saben marang bandung, kaluwarga lan kanca-kanca mesthi njaluk ditukokake batagor kingsley.","Batagor kingsley sangat lezat dan disukai oleh keluarga dan warga jakarta. Setiap kali pergi ke bandung, keluarga dan teman-teman selalu minta dibelikan batagor kingsley."
"Translate Javanese to Indonesian: Kopi sing paling enak ning kene yaiku kopi apokat lan kopi gedang. Kopi campur apokat ora nggarai rasa kopi iki mudar, cocok banget ning ilatku minangka pecinta kopi campuran. Jenis panganan sing disajikne uga lumayan enak, favoritku yaiku kentang gorenge dinggo rega kejangkau.","Kopi yang paling enak di sini adalah kopi alpukat dan kopi pisang. Kopi bercampur alpukat tidak membuat rasa kopi ini memudar, sangat cocok di lidah saya sebagai pecinta kopi campuran. Jenis makanan yang disajikan pun lumayan enak, favorit saya adalah kentang gorengnya untuk harga terjangkau."
Translate Javanese to Indonesian: Dheweke konangan nggawe indomie goreng jumbo sanajan nek 1 kuwi ora maregi.,Dia ketahuan bikin indomie goreng jumbo padahal kan kalau 1 itu tidak kenyang.
"Translate Javanese to Indonesian: Pas dolani panggon mangan iki merga dijak kanca bisnisku. Pas aku nikmati mie iki rasane nduwe citarasa sing nikmat banget. Sayange pas iku, mi ku kasinen. Dadi mi sing kudune nikmat ora isa tak rasakne. Dinggo kondisi panggon sing kegolong biasa-biasa ae. Dinggo rega kegolong larang banget. 2 mangkok mie regane rp. 95.000.","Saat mengunjungi rumah makan ini karena diajak rekan bisnis saya. Saat saya menikmati mie ini terasa memiliki citarasa yang nikmat sekali. Sayang saat itu, mi saya terlalu asin. Sehingga mi yang seharusnya sangat nikmat tidak bisa saya rasakan. Untuk suasana tempat tergolong biasa-biasa saja. Untuk harga tergolong sangat mahal. 2 mangkok mie harganya rp. 95.000."
Translate Javanese to Indonesian: Sopir iki ora gelem mapak barang kat awan mau. Tulung ditandangi.,Driver ini tidak mau pickup barang dari tadi siang. Mohon ditindaklanjuti.
Translate Javanese to Indonesian: Isuk sing nyayahake rasane pengen meneng wae,Pagi yang melelahkan rasanya ingin diam saja
Translate Javanese to Indonesian: Bidangmu uduk ning dunya politik goblok!,Bidang lo bukan di dunia politik oon!
"Translate Javanese to Indonesian: Penasaran pinggin dijajal pithik sik cukup terkenal kuwi. Awan kuwi sepi, pesen pithik bakar. Jebule pithik bakare pedes. Bocah-bocah ora isa mangan. Kudune pelayan nakokake arep pedes utawa ora amarga ana 2 pilian. Banjur aku njaluk 2 pithik bakar sing ora pedes. Ampun! Pithike mung kaya digoreng banjur dilumuri kecap. Dhewe uwis ilang napsu mangan.","Penasaran ingin dicoba ayam yang cukup terkenal itu. Siang itu sepi, pesan ayam bakar. Ternyata ayam bakarnya pedas. Anak-anak tidak bisa makan. Harusnya pelayan menanyakan mau pedas atau tidak karena ada 2 pilihan. Kemudian saya minta 2 ayam bakar yang tidak pedas. Ampun! Ayamnya cuma seperti digoreng terus dilumuri kecap. Kami sudah hilang napsu makan."
"Translate Javanese to Indonesian: Awale magu-magu karo kecepatane pelayanan ning kene nanging lumayan lah, pas wektu kok. aku lali pesen jus apa kayake jus campuran ngono, oke sih. Lan panganane uga oke. Ohya iki dheweke menehi gratis es krim. Isa dijajal takon karo pelayane. Seneng.","Awalnya ragu dengan kecepatan pelayanan di sini tapi lumayan lah, tepat waktu kok. aku lupa pesan jus apa sepertinya jus campuran begitu, oke sih. Dan makanannya juga ok. Ohya ini mereka kasi gratis es krim. Bisa dicoba tanya dengan pelayannya. Suka."
"Translate Javanese to Indonesian: Aku nyang bandung lagek dek wingi wis keturutan mangan ning kene. Awakdewe mangan ning the valley suki. Warek, enak, pelayane grapyak, lan pemandangane keren lak awakdewe lungguh ning sanding cendela. Ya karo rega rp. 190.000, - / uwong uwis termasuk pajek awakdewe isa mangan los, sisteme kaya hanamasa tapi luwih asyik panggone.","Saya ke bandung baru kemarin baru kesampaian makan di sini. Kami makan di the valley suki. Kenyang, enak, pelayan ramah, dan pemandangannya keren kalau kita duduk dekat jendela. Ya dengan harga rp. 190.000, - / orang sudah termasuk pajak kita bisa makan sepuasnya, sistemnya seperti hanamasa tapi lebih asyik tempatnya."
"Translate Javanese to Indonesian: Bingung arep mangan nandi sing panggone asik, panganane enak lan regane terjangkau? Mrene ae. Aku lan bojoku nikmati banget. Sing mara akeh-akeh cah enom dadi melu-melu ngrasa enom maneh.","Bingung mau makan ke mana yang tempatnya asik, makanan enak dan harga terjangkau? Ke sini saja. Saya dan pasangan sangat menikmati. Pengunjung kebanyakan anak muda jadi ikutan merasa muda lagi."
"Translate Javanese to Indonesian: Seko panggonane / lokasine cukup gampang digolek. Bangunan lan isi seko bangian njerone apik, apa maneh ana taman cilike nang njerone sek uga diisi karo gentong sek banyune dibenake mili terus. Nggawe susanane dadi tambah romantis lan nyenengake. Menu sek disajikake lumayan akeh lan seko segi rasa lumayan enak.","Dari segi letak / lokasi cukup mudah dicari. Bangunan dan isi bagian di dalamnya menarik, apalagi ada taman kecil di dalamnya yang diisi juga dengan gentong yang airnya dibiatkan mengalir terus. Membuat suasananya jadi tambah romantis dan menyenangkan. Menu yang disajikan lumayan variatif dan dari segi rasa lumayan enak."
"Translate Javanese to Indonesian: Menu sushi kurang akeh, yen bisa ana menus sushi kanthi porsi cilik 2 tugelan. Kudune ana sing nglengkapi, wasabi, lombok bubuk. Dadi asline kurang istimewa.","Menu sushi kurang banyak, kalau bisa ada menu sushi dengan porsi kecil 2 potong. Harusnya ada pelengkap, wasabi, cabe bubuk. Jadi sebenarnya kurang istimewa."
Translate Javanese to Indonesian: Lagek pisan iki aku mangan ning warung iki. Uduk konsep kafe utawa resto nanging tampil karo warung mangan sing nyajikne panganan tradisional.,Baru pertama kali saya makan di warung ini. Bukan konsep kafe atau resto tapi tampil dengan warung makan yang menyajikan makanan tradisional.
"Translate Javanese to Indonesian: Aku teka marang maxi s resto karo kaluwarga, jebula nang kana ana ngantenan pesta ulang taun dadi panggonan dadi kebak banget. Pelayanane dadi ora apik. Kudune yen panggonane tenan kebak, pihak resto wenehi ngerti karo para tamu sakdurunge tamu markirake kendharaan pas kuwi udah gedhe, dadi jarak panggonan parkir marang resto lumayan adoh. Yen perlu ditutup sawetara sajrone pesta lagi dilaksanakake.","Saya datang ke maxi s resto bersama keluarga, ternyata di sana ada pesta pernikahan pesta ulang tahun sehingga tempat jadi penuh sekali. Pelayanannya jadi tidak baik. Seharusnya kalau tempat memang penuh, pihak resto memberitahukan kepada tamu sebelum tamu memarkirkan kendaraan saat itu hujan deras, jadi jarak tempat parkir ke resto lumayan jauh. Kalau perlu ditutup sementara selama pesta berlangsung."
Translate Javanese to Indonesian: Telkom hackathon yaiku sawijine program besutan telkom indonesia sing ndhuweni tujuan kanggo ngewadahi cah-cah enom sing ndhuweni katrampilan ing bidang teknologi informasi utawa pemrograman kanggo ngembangake perusahaan rintisan sing deknen ndhuweni.,Telkom hackathon merupakan sebuah program besutan telkom indonesia yang bertujuan untuk mewadahi para generasi muda yang memiliki keahlian di bidang teknologi informasi maupun pemrograman untuk mengembangkan perusahaan rintisan yang mereka miliki.
Translate Javanese to Indonesian: Ombeane aku ora ana sing seneng. Pithik gorengen biasa bae. Ana saus keju nanging aku ora seneng saus keju ing kene. Ora enak.,Minumannya saya tidak ada yang suka. Ayam gorengnya biasa saja. Ada saus keju tapi saya tidak suka saus keju di sini. Tidak enak.
"Translate Javanese to Indonesian: Resto kaluwarga sing direkomendasikne banget, pemandangan sakubenge resto sing apik banget, pondok-pondok sing nyaman panganan sing disajikne uga lumayan enak, apameneh yen bengi pemandangan resto apik banget","Resto keluarga yang sangat direkomendasikan, pemandangan sekeliling resto yang sangat bagus, pondok-pondok yang nyaman, makanan yang disajikan juga lumayan enak, apalagi jika malam hari ini pemandangan resto sangat bagus"
Translate Javanese to Indonesian: Aku mampir marang restoran iki kanggo mangan mbengi amarga ora sengaja lewat pas ana ing dalan marang hotelku nginep lan amarga wis ngelih lan aku lan kancaku akhire milih nggo mampir ing restoran iki. Rasa panganane biasa wae bahkan dhewe kudu mbayar ndhisik sanadyan dhewe hurung rampung mangan mung amarga jam uwis nyepaki wektu tutup.,Saya mampir ke restoran ini untuk makan malam karena kebetulan lewat dalam perjalanan menuju hotel saya menginap dan karena sudah kelaperan dan saya dan teman akhirnya memilih untuk mampir di restoran ini. Rasa makanannya biasa saja bahkan kami diharuskan membayar terlebih dahulu meskipun kami belum selesai makan hanya karena jam sudah mendekati waktu tutup.
"Translate Javanese to Indonesian: Kesan kapisan nginep ing kene, check in ora isa jam 2 awan amarga sing nginep sakdurunge telat check out, ora ana blas sing ditawakake pihak staf pas dhewe kudu ngenteni sak jam ngenteni kamar diresiki. Banjur dhewe uga diwenehi ngerti yen restoran tutup jam 5 sore dadi yen pengen mesen panganan kanggo mangan mbengi kudu sakdurunge jam 5 sore. Cukup njengkelake.","Kesan pertama menginap di sini, check in tidak bisa jam 2 siang karena yang menginap sebelumnya terlambat check out, tidak ada apa pun yang ditawarkan pihak staf saat kami harus selama satu jam menunggu kamar dibersihkan. Kemudian kami juga diberitahukan bahwa restoran tutup jam 5 sore sehingga jika ingin memesan makanan untuk makan malam harus sebelum jam 5 sore. Cukup menyebalkan."
"Translate Javanese to Indonesian: Nikmati kutha bandung tanpa kulineran, kurang seru, kafe halaman, nyajikake panganan indonesia, gado-gadone enak, pisang goreng kejune uga enak lan sacangkir kopi karo ngenteni kanca teka menarik banget","Menikmati kota bandung tanpa kuliner, kurang seru, kafe halaman, menyajikan makanan indonesia, gado gadonya enak, pisang goreng kejunya juga enak serta secangkir kopi sambil menunggu teman datang sangatlah menarik"
"Translate Javanese to Indonesian: Setuju saya munggah fase wajar yen tiket munggah. Nanging, rega dasar ing pas fase penyisihan uwis kelarangan. Coba bandingake rega nonton ing malaysia, thailand.","Setuju makin naik fase wajar kalau tiket naik. Tapi, harga dasar di saat fase penyisihan sudah kemahalan. Coba bandingkan harga menonton di malaysia, thailand."
"Translate Javanese to Indonesian: Aku karo bojoku kagodha kanggo dolan nang restoran iki pas dewe sakeluarga dolan nang pontianak minggu kepungkur, amarga adhedhasar biji trip advisor abang kepiting yaiku restoran paling populer nang pontianak. Mbengi kurang luwih jam 7 aku karo bojoku wis tekan lan ndelok suasanane restoran sek ora terlalu rame mung keisi kurang luwih 4 meja thok. amarga dhewe mung wong loro pengen omong-omongan.","Saya dan isteri tergoda untuk mengunjungi restoran ini saat kami sekeluarga berkunjung ke pontianak minggu lalu, karena berdasarkan penilaian trip advisor abang kepiting merupakan restoran terpopuler di pontianak. Malam sekitar jam 7 saya dan isteri sudah sampai dan mendapati suasana restoran yang tidak terlalu ramai terisi sekitar 4 meja saja, karena kami hanya berdua ingin berbincang."
Translate Javanese to Indonesian: Aku teka ning omah mangan iki pas arepe jam mangan awan. Awal aku teka omah mangan iki mung ana pirang-pirang pengunjung sing lagi mangan. Nanging pas teka jam mangan awan omah mangan iki kebeg karo wong-wong kutha makassar. Akehe wong kutha makassar sing teka dinggo mangan awan nggambarne lak panggon iki iku omah mangan favorit ning kutha makassar.,"Saya tiba di rumah makan ini pada saat menjelang jam makan siang. Awal saya tiba rumah makan ini hanya ada beberapa pengunjung yang sedang bersantap. Namun, ketika tiba jam makan siang rumah makan ini penuh dengan para warga kota makassar. Banyaknya warga kota makassar yang tiba untuk makan siang menggambarkan bahwa tempat ini merupakan rumah makan favorit di kota makassar."
Translate Javanese to Indonesian: Tiket waterboom PIK jakarta dikabarake munggah,Tiket waterboom PIK jakarta dikabarkan naik
Translate Javanese to Indonesian: Lokasine lumayan adoh saka kutha bandung lan saiki ana 2 gerbang pambayaran kanggo isa marang the peak kanthi total 5000 rupiah. Iki kaya maksakake kanggo pungutan liar amarga kowe ora bakal isa marang the peak tanpa ngelewati kaloro gerbang iki.,Lokasi agak jauh dari kota bandung dan sekarang ada 2 gerbang pembayaran untuk bisa ke the peak dengan total 5000 rupiah. Ini seperti pemaksaan untuk pungutan liar karena anda tidak akan bisa ke the peak tanpa melewati kedua gerbang ini.
"Translate Javanese to Indonesian: Datane lengkap, aja percaya kpk iki ngapusi. Kasus iki di audit 10 taun kepungkur lan wis lengkap. Merga bar iku ana audit aliran dana sing tujuane khusus. Lak sir kan njaluk audit maneh. Wislah. Kasus century iku skandal ngelindungi elit tertentu.","Data lengkap, jangan percaya kpk ini bohong. Kasus ini di audit 10 tahun lalu dan sudah lengkap. Karena habis itu ada audit aliran dana dengan tujuan khusus. Kalau mau kan minta audit lagi. Sudahlah. Kasus century itu skandal melindungi elit tertentu."
"Translate Javanese to Indonesian: Dianjurake tenan, panganane enak banget tenan-tenan! Dhewe njegok ing panggonan saung sing ing bagian ndhuwur pas jam-jam srengenge lingsut, mangan mbengi dikancani srengenge lingsut! Lan kuwi apiik tenan.","Sangat dianjurkan, masakan enak banget benar-benar! Kita duduk di tempat saung yang di bagian atas pas jam-jam matahari terbenam, makan malam ditemani sunset deh! Dan itu baguus banget."
"Translate Javanese to Indonesian: Rcti kakehan iklan ora jelas, ganggu tenan","Rcti terlalu banyak iklan tidak jelas, sangat menggangu"
"Translate Javanese to Indonesian: Apik, liyahe wisata wahana aku uga seneng wisata kuliner. Wiwit aku ing bandung kuliner sek paling aku golek yaiku siomay lan batagor. Bisa uga yen batagor aku wis akrab karo batagor kingsley sek rasane legendaris. Kanggo urusan siomay, rasane ora salah yen pelancong manjakake wetenge ana ing saung siomay iki. Kaya judhule. Teksture alus, bumbune uga pas kena tenan.","Baik, selain wisata wahana saya juga suka wisata kuliner. Sejak saya di bandung kuliner yang paling saya buru adalah siomay dan batagor. Mungkin kalau batagor saya sudah akrab dengan batagor kingsley yang rasanya melegenda. Untuk urusan siomay, rasanya tidak salah kalau traveler memanjakan perutnya di saung siomay ini. Seperti judulnya. Teksturnya lembut, bumbunya juga pas kena banget."
"Translate Javanese to Indonesian: Penyajiane lumayan cepet, pelayanane apik lan mestine masakane enak. Dingge rega relatif sesuai karo rasa masakane.","Penyajian cukup cepat, pelayanan baik dan pastinya masakan enak. Untuk harga relatif sesuai dengan rasa masakannya."
"Translate Javanese to Indonesian: Meh nesu karo indosat, wis rong dina sinyal ngene banget","Mau marah sama indosat, sudah dua hari sinyal begini banget"
"Translate Javanese to Indonesian: Wislah indosat bangkrut ae, ning panggen ku ae sinyal ujuk-ujuk arang kading ilang enek ilang enek. padahal wilayah kutha semarang","Sudah indosat bangkrut saja, di tmpt ku saja sinyal tb2 kdg hilang muncul hilang muncul, padahal daerah kota semarang"
Translate Javanese to Indonesian: Transaksi tuku pulsa PKN pra bayar lewat mandiri mobile dadi ora efisien amarga kudu telepon 14000 kanggo entuk orane token / ora otomatis.,Transaksi beli pulsa PLN pra bayar melalui mandiri mobile menjadi tidak efisien karena harus telepon 14000 untuk dapat tidak tokennya / tidak otomatis.
"Translate Javanese to Indonesian: Ora mesti ing papang katutup kanggo rapat, rapat ing resto iki uga asik. Aja lali mesen sega goreng dendeng karo teh tarik.","Tidak mesti di ruang tertutup buat pertemuan, pertemuan di resto ini juga asik. Jangan lupa memesan nasi goreng dendeng sama teh tarik."
Translate Javanese to Indonesian: Samsung galaxy s wis diluncurne mambengi. Aku gela desaine standar banget. Harapanku mung kewujud 70%. Percuma kegawa sampek ngipi.,Samsung galaxy s sudah diluncurkan semalam. Saya kecewa desainnya standar banget. Harapan saya cuma terwujud 70%. Percuma terbawa sampai mimpi.
Translate Javanese to Indonesian: Eman-eman restorane reged. Ndhelok coro cilik ing cepak piring-piring kluban resik sing dienggo kanggo nyajikake panganan. Lan uga ana coro cilik ing lungguhane. Pangarepe karesikane panggonan diapiki.,Sayang restorannya kotor. Lihat kecoa kecil di dekat piring-piring sayur bersih yang dipakai untuk menyajikan makanan. Dan ada kecoa kecil juga di tempat duduknya. Berharap kebersihan tempat diperbaiki.
Translate Javanese to Indonesian: Iya regane 120 ewu. Aku uga uwis ngecek tokopedia.,Iya harganya 120 ribu. Saya juga sudah cek tokopedia.
"Translate Javanese to Indonesian: Seneng rasane isa ngebarne lelungane adewe ning bandung karo kunjungan terakhire adewe mandek ning the valley pas tanggal 2 november. Dina iku acarane ngerayakne dina pisah karo kanca-kancane adewe sing lagek arep pindah nyang kantor anyar. Menune rena-rena tapi ribs langsung dadi pilihanku. Menurutku, regane sumbut karo rasa panganane. Top.","Senang rasanya dapat mengakhiri perjalanan kita di bandung dengan kunjungan terakhir kita berhenti di the valley pada tanggal 2 november. Hari itu adalah acara dalam menrayakan hari perpisahan bersama teman kita yang baru akan pindah ke kantor baru. Menunya sangat bervariatif tetapi ribs langsung menjadi pilihan saya. Menurut saya, harganya sebanding dengan rasa makanan. Top."
"Translate Javanese to Indonesian: Kapal km fungka permata v kobongan, paling sitik telung welas mati.","Kapal km fungka permata v terbakar, sedikitnya 13 tewas"
"Translate Javanese to Indonesian: Somasi sek dilayangake rohayani, wong kang candu karo rokok, kanggo pt gudang garam, tbk lan pt djarum akhir-akhir iki munculake isu liyane.","Somasi yang dilayangkan rohayani, seorang pecandu rokok, kepada pt gudang garam, tbk dan pt djarum belakangan memunculkan isu lain."
Translate Javanese to Indonesian: Nganggo kartu kredit bca ora untung malah rugi gedhe,Pakai kartu kredit bca tidak untung malah rugi besar
"Translate Javanese to Indonesian: Restoran iki udu mung panggonan mangan biasa, nanging bisa didadikake panggonan wisata. Lokasine anyes tenan, panggonane uga apik, nyaman, kanthi pemandangan sing penak didelhok mripat. Menu sing disediakake uga aneka warna kanthi rasa sing enak. Ora perlu ngenteni suwi kanggo penyajian panganane. Rega uga relatif kajangkau. Kanggo panggonan foto uga apik.","Restoran ini bukan sekadar tempat makan biasa, tapi juga bisa dijadikan tempat wisata. Lokasinya sangat dingin, tempatnya juga bagus, nyaman, dengan pemandangan yang eye catching. Menu yang disediakan juga beragam dengan rasa yang enak. Tidak perlu menunggu lama dalam penyajian makanannya. Harga juga relatif terjangkau. Untuk tempat berfoto juga bagus."
"Translate Javanese to Indonesian: Lokasi gampang kajangkau, tataane restoran rata-rata, menu panganane lumayan variatif lan rasa panganane enak, rega kajangkau","Lokasi mudah dijangkau, penataan restoran average, menu makanan lumayan variatif dan rasa masakannya enak, harga terjangkau"
"Translate Javanese to Indonesian: Ya kleru encene, macet ngresula, ora macet gumun.","Ya serba salah memang, macet mengeluh, tidak macet heran."
"Translate Javanese to Indonesian: Omah mangan iki dumunung ing dalan abdurahman saleh, panggonane kapenak lan resik, menu masakane akeh piliane. Rasane cukup enak lan regane uga pas  karo rasa masakane.","Rumah makan ini terletak di jalan abdurahman saleh, tempatnya nyaman dan bersih, menu masakannya banyak pilihannya. Rasanya cukup enak dan harganya juga sepadan dengan rasa masakannya."
Translate Javanese to Indonesian: Kadang mikir piye ya rasane dadi wong wedok ning gym. Akeh mas mas lan om om ndelok. Mesti risih lan ora nyaman.,Kadang mikir gimana ya rasanya jadi perempuan di gym. Banyak mas mas dan om om melihat. Pasti risih dan tidak nyaman.
"Translate Javanese to Indonesian: Awakdewe teka mangan ning restoran iku, ngejak kaluwarga dulur tuwaku. Dheweke kabeh seneng banget kuwalitas masakan ning kene. Awakdewe pesen urang goreng endog asin lan rasane enak banget lan ngeluwihi kuwalitas resto ning hotel lintang lima. Direkomendasikne banget.","Kami datang makan ke restoran itu, mengajak keluarga kakak saya. Mereka semua sangat menyukai kualitas masakan di sini. Kami pesan udang goreng telor asin dan rasanya sangat enak dan melebihi kualitas resto di hotel bintang lima. Sangat direkomendasikan."
Translate Javanese to Indonesian: Pelayanane solaria tenan ora maremake meh ing sakabehane cabang sing ana ing Jakarta. Ora rekomendasi banget.,Pelayanan solaria sungguh tidak memuaskan hampir di seluruh cabang yang ada di Jakarta. Tidak rekomendasi banget.
Translate Javanese to Indonesian: Kancaku nglamar kerja ning tokopedia,Temanku melamar pekerjaan di tokopedia
Translate Javanese to Indonesian: Ora mung bisnis keluarga. Nanging jogo urusan negoro lan wong-wong ora kudu nebrakne karo urusan wong akeh alias global.,Bukan cuma bisnis keluarga. Tetapi menjaga kepentingan negara dan masyarakat tanpa membenturkannya dengan kepentingan global.
"Translate Javanese to Indonesian: Manggon ing daerah bukit-bukit dadi hawane lan pemandangane kapenak tenan, kajaba iku ana akeh pilian menu panganan nusantra, stik utawa pasta uga ana.","Terletak di daerah perbukitan sehingga udara dan pemandangannya sangat nyaman, di samping itu terdapat berbagai pilihan menu makanan nusantara, steak maupun pasta juga ada."
"Translate Javanese to Indonesian: Apik, matur suwun kanggo wangsulan sing lengkap banget lan jelas ya","Baik, terima kasih atas jawaban yang begitu lengkap dan jelas ya"
"Translate Javanese to Indonesian: Iwak pitik gorenge enak, teronge goreng uga. Ning pas arep njajal jengkol gorenge wis entek. Oh ya jus kedondongne uga seger.","Ayam gorengnya enak, terong gorengnya juga. Sayang mau coba jengkol gorengnya sudah habis. Oh ya jus kefonfongnya juga segar."
"Translate Javanese to Indonesian: Senin isuk tenan mesthi ora kekancan, mulai saka nganggo kudhung ora rapi, dalanan macet, transjakarta arah senayan ramene astaghfirullah, absen telat punjul jam 8, ora melu donga isuk.","Senin pagi memang selalu tidak bersahabat, mulai dari pakai jilbab berantakan, jalanan macet, transjakarta arah senayan ramainya astaghfirullah, absen telat lewat jam 8, ga ikut doa pagi."
"Translate Javanese to Indonesian: Cemburu iku rasane ora enak. Cemburu kuwi mangan ati. Cemburu kuwi lara, lak ora diungkapne","Cemburu itu rasanya tidak enak. Cemburu itu makan hati. Cemburu itu sakit, kalau tidak diungkapkan"
"Translate Javanese to Indonesian: Kaunggulan holycow dibandhingake karo resto steak liyane yaiku wagyune sek mantap. Favoritku yaiku wagyu sirloin steak sek dinikmati karo saus jamur. Rasane mantap. Daginge kandel lan dinikmati karo pipilan jagung godhog, kluban bayem lan masih kentang. Enak lan mantap.","Keunggulan holycow dibanding resto steak lain adalah wagyunya yang mantap. Favorit saya adalah wagyu sirloin steak yang dinikmati dengan mushroom sauce. Rasanya mantap. Dagingnya tebal dan dinikmati dengan butiran jagung rebus, sayur bayam dan masih potatto. Enak dan mantap."
"Translate Javanese to Indonesian: Hai ditha, dhewe informasikake yen pembayaranmu uwis mlebu ning akun rekening dhewe nanging pesenane ora sukses.","Hai ditha, kami informasikan bahwa pembayaran kamu telah masuk ke akun rekening kami namun pemesanan tidak berhasil."
"Translate Javanese to Indonesian: Nanging lak sesuk sir golek, de'e ana ning rak sing cedek krim wardah, sebrangan karo rak losion citra, mbak.","Cuma kalau besok mau mencari, dia ada di rak yang dekat cream krim wardah bersebrangan sama rak lotion citra, sister."
"Translate Javanese to Indonesian: Resto kanthi konsep saung2 sing manggon ing njero komplek perumahan. Panganane sing disajikake macem-macem wiwit saka sunda, panganan kulon, lan liya-liyane. hawa cukup anyes ing dina mbengi utawa nalika udan dadi disaranake nggawa jaket. Dalan antar saung nganggo watu-watu dadi kadang-kadan lunyu yen udan","Resto dengan konsep saung2 yang terletak di dalam komplek perumahan. Makanan yang disajikan beragam mulai dari sundanese, makanan barat, dll. udara cukup dingin di malam hari atau ketika hujan jadi disarankan membawa jaket. Jalan antar saung menggunakan batu-batu sehingga kadang-kadang licin ketika hujan"
"Translate Javanese to Indonesian: Panggone nyaman sanget, panganane enak, kopine enak. Pas kanggo nangkring bareng kanca-kanca utawa mangan wengi.","Tempatnya nyaman banget, makanannya enak, kopinya enak. Pas buat nongkrong bareng teman-teman atau makan malam."
"Translate Javanese to Indonesian: Lak kuota ku sesuk ora mbalik, aku arep nesu-nesu nyang indosat","Kalau kuota saya besok tidak balik, saya mau marah-marah ke indosat"
"Translate Javanese to Indonesian: Panggonane kapenak, panganane lumayan enak. Kangggo sing arep mitro suwi-suwi cocok tenan ana akeh panggonan lesehan kapenak banget ditambah karo hawa kang sejuk.","Tempatnya nyaman, makanan lumayan enak. Buat yang mau ngobrol lama-lama cocok sekali ada banyak tempat lesehan nyaman banget plus udara yang sejuk."
Translate Javanese to Indonesian: Rasa panganane cukup enak. Lokasine cukup strategis cepak eskalator mudun lan munggah mal. Sakabehane apik mantep.,Rasa makanan cukup enak. Lokasi cukup strategis dekat eskalator turun dan naik mal. Secara keseluruhan baik mantap.
"Translate Javanese to Indonesian: Hai, ya, mangga kowe entuk njajal lakokna mbayar pdam ing bukalapak.","Hai, ya, silakan kamu dapat mencoba lakukan pembayaran pdam di bukalapak."
"Translate Javanese to Indonesian: Enkaolshop, paling kenek dipercaya, barange apik apik","Enkaolshop, terpercaya, barangnya bagus bagus"
"Translate Javanese to Indonesian: Asline iki basa ana ing dalan karapitan sakngertiku, saiki memenag wis kasebar ing sawetara panggonan ing bandung. Panganane uga ora mung bakso, nanging ana sawetara panganan tambahan sing liyane. Kanggo rasa uga ora pati spesial. Kanggo rega karo ukuran rega bakso ing bandung cukup larang. Ditambah pelayanane sing kurang apik ing ciwalk.","Aslinya ini basa berada di jalan karapitan setahu saya, sekarang memenag sudah tersebar di beberapa tempat di bandung. Makanannya juga tidak hanya bakso, tetapi ada beberapa makanan tambahan yang lain. Untuk rasa juga tidak terlalu spesial. Untuk harga dengan ukuran harga bakso di bandung cukup mahal. Ditambah pelayannannya yang kurang bagus di ciwalk."
"Translate Javanese to Indonesian: Kudune sik berhak entuk cashback 5 y uta nganggo cara langganan paket iplan 500ewu selama 24 sasi lur. Lan isa uga nyicil 0% nggawe cc bca, bni, mandiri, cimb niaga.","Seharusnya masih berhak mendapatkan cahsback 5 j uta dengan cara berlangganan paket iplan 500k selama 24 bulan kak. Dan bisa juga cicilan 0% menggunakan cc bca, bni, mandiri, cimb niaga."
Translate Javanese to Indonesian: Ora nyesel uga mangan ning solaria panggone resik lan cocok dinggo keluarga uga. Panganane cepet metu bar dipesen.,Tidak menyesal juga makan di solaria tempatnya bersih dan cocok buat keluarga juga. Makanan cepat keluar setelah dipesan.
Translate Javanese to Indonesian: Cepot saka anggota polisi ae. Timbangane dadi sing ngrusak jeneng apike korp.,Copot dari keanggotaan polisi saja. Daripada jadi perusak nama baik korp.
Translate Javanese to Indonesian: Nyesel maeng ora nyang toko kuwi. Malah tuku perkara-perkara sing ora bakal kangge. Mung merga luwe mripate dadi tuku:,Menyesal tadi ke toko itu. Malah beli hal-hal yang tidak akan terpakai. Cuma karena lapar mata jadi beli:
"Translate Javanese to Indonesian: Mangan ing pinggir dalan, panganane ora enak, pelayanane ora apik, rega larang.","Makan di pinggir jalan, makanannya tidak enak, pelayanan tidak bagus, harga mahal."
Translate Javanese to Indonesian: Kanggo ngajukne kerja bareng / sponsorship ibu elsa isa nelpon: Pt. Bank mandiri persero tbk corporate secretary,Untuk mengajukan kerjasama / sponsorship ibu elsa dpt menghubungi: Pt. Bank mandiri persero tbk corporate secretary
Translate Javanese to Indonesian: Produksi maneh to indomi goreng sate. Digolek-goleki wis ra ana. Rasane enak seje karo rasa sate merk liyane,Produksi lagi dong indomi goreng sate. Dicari-cari sudah tidak ada. Rasanya enak beda dngan rasa sate merk lain
Translate Javanese to Indonesian: Isuk-isuk pengen nesu karo sinyale telkomsel.,Pagi pagi ingin marah dengan sinyal telkomsel.
"Translate Javanese to Indonesian: Antreane suwi, panganane uga suwi lan rasa panganane biasa bae lan larang","Antriannya lama, makanannya juga lama dan rasa makanannya biasa saja dan mahal"
"Translate Javanese to Indonesian: Nemen banget xl wis saiki kayake, kudu ganti provider liyane mung larang tok kualitase elek","Parah banget xl deh sekarang sepertinya, harus ganti provider lain cuma mahal doang kualitas jelek"
"Translate Javanese to Indonesian: Sepur mutiara timur wengi, sby - bnywangi eksekutif nanging kursine nggilani lan reget banget. Ora sumbut karo regan sing larang banget, nggarai gela pol","Kereta mutiara timur malam, sby - bnywangi eksekutif tetapi kursi jorok dan kotor sekali. Tidak sesuai dengan harga yang sangat mahal, sangat mengecewakan"
"Translate Javanese to Indonesian: Aku milih panggon mangan ning omah-omahan sing pemandangane sawah pesen sega timbel komplet, srabi oncom lan colenak pesenane teko ora kudu ngenteni suwe. Mung aku gela karo srabine. Ora podo karo ekspektasiku. Ora enak.","Saya memilih tempat makan di saung dengan pemandangan sawah memesan nasi timbel komplit, surabi oncom dan colenak pesanan datang tidak harus menunggu lama. Hanya saja saya kecewa dengan serabinya. Di luar ekspektasi saya. Tidak enak."
Translate Javanese to Indonesian: Payah tenan pelayanan pos indonesia wektu iki,Payah sekali pelayanan pos indonesia saat ini
"Translate Javanese to Indonesian: Iki indihomeku gangguan maneh iki. Aku lagi ana garapan ujug-ujug pedot, abang kedip-kedip, lagek seminggu ya wifine, wis gangguan maneh. Indihome telkom saiki akeh gangguan ya, mbayar mesti larang, nggarai gela pol.","Ini indihome saya gangguan lagi ini. Saya lagi ada kerjaan tiba-tiba terputus, merah kedip-kedip, baru seminggu baik wifinya, sudah gangguan lagi. Indihome telkom sekarang banyak gangguan ya, bayar selalu mahal, mengecewakan sekali."
"Translate Javanese to Indonesian: Miturutku bebek garang iki ndhuwe varian menu bebek sing cukup akeh. Aku seneng gabungane bebek lan sambel, rasane pas. Kanggo rega sekitar 20 - 30 ewu lan miturutku cukup padha karo rasa saka panganan ing kene.","Menurut saya bebek garang ini punya varian menu bebek yang cukup banyak. Saya suka perpaduan antara bebek dan sambalnya, rasanya pas. Untuk harga berkisar 20 - 30 ribu dan menurut saya cukup sepadan dengan rasa dari makanan di sini."
"Translate Javanese to Indonesian: Cocok dingge pertemuan, acara kawinan, pemotretan. Suwasanane tentrem, santai, adem.","Cocok buat pertemuan, acara pernikahan, pemotretan. Suasananya tenang, santai, adem."
Translate Javanese to Indonesian: Saben mrene aku pengin suwe-suwe lan ora pengen muleh cepet. Pelayanan sing grapyak lan panggonan sing kapenak.,Setiap kali ke sini saya ingin berlama-lama dan tidak mau pulang cepat. Pelayanan yang ramah dan tempat yang nyaman.
Translate Javanese to Indonesian: Restoran iki nyajike masakan bali sing kebek modifikasi dadi terkesan disesuaine karo ilat konsumen sing nota bene uduk wong bali. Telung foto sing tak lampirne kuwi yaiku panganan sing awakdewe pesen.,Restoran ini menyajikan masakan bali yang sarat modifikasi sehingga terkesan disesuaikan dengan lidah konsumen yang nota bene bukan orang bali. Tiga photo yang saya lampirkan itu adalah makanan yang kami pesan.
"Translate Javanese to Indonesian: Lak ning akeh panggon steak butuh wektu suwi sakdurunge lak nyajikne, ning panggon iki menurutku luwih cepet lan sumbut karo ilat lan karo dompetku. Aku tau ngenteni kanca sampek 2 jam ning kene, nanging ora krasa merga panganane nggarai aku lali wektu. Hehe","Kalau di banyak tempat steak membutuhkan waktu lama sebelum penyajiannya, di tempat ini menurut saya cenderung cepat dan sesuai dengan lidah maupun dengan dompet saya. Saya pernah menunggu teman sampai 2 jam di sini, tapi tidak berasa karena makanannya membuat saya lupa waktu. Hehe"
Translate Javanese to Indonesian: Yen arep tuku obat lunga wae marang kimia farma sing ana ing pungkasane dalan kuwi,Kalau mau beli obat pergi saja ke kimia farma yang berada di ujung jalan itu
Translate Javanese to Indonesian: Pelajaran matematikan bocah sd siki engel engel,Pelajaran matematika anak sd sekarang sulit sulit
Translate Javanese to Indonesian: Restoran ing kene mesthi kebak amarga manggone sing strategis ing lawang mlebu mal. Rasa bubure cukup enak. Proses penyajiane saka mesen nganti dihidangake uga cukup cepet.,Restoran di sini selalu penuh karena letaknya yang strategis di pintu masuk mal. Rasa bubur cukup enak. Proses penyajian dari order sampai penghidangan juga cukup cepat.
Translate Javanese to Indonesian: Tibake aku lagi bingung mas mulane nggawe story kaya ngono,Habisnya aku lagi galau kak maka dari itu bikin story kayak begitu
"Translate Javanese to Indonesian: Kanggo sing lagi marang cirebon lan nggolek panggonan sing enak parkire lan panganane butuh cepet, luwih apik marang rene amarga parkirane amba lan suwasanane kapenak","Untuk yang sedang ke cirebon dan cari tempat yang enak parkirnya dan makanannya butuh cepat, lebih baik ke sini karena parkiran luas dan suasana nyaman"
Translate Javanese to Indonesian: Mm nelangsa yen mrene tansah ngenteni: Mine pedes banget. Hehe kursine uga ditambah lah ben ora ngenteni,Mm sedih deh kalau ke sini selalu menunggu: Mienya pedas banget. Hehe bangkunya juga tambahkan dong biar tidak menunggu
"Translate Javanese to Indonesian: Pancen faktane awakdewe nduwe akeh lemah ning kene, arep nyapo kowe?! makane nyambut gawe ben isa akeh duwit kaya awakdewe, aja mung isane ngelokne ae","Memang faktanya kami punya banyak tanah di sini, mau apa lo?! maka dari itu kerja biar bisa banyak duit kayak kami-kami, jangan cuma bisanya menghujat saja"
Translate Javanese to Indonesian: Restoran The Valley iki pemandangane nyang kutha ne nomer 1. Nikmati suwasana wengi karo lampu kedap-kedip apik banget.,Restoran The Valley ini pemandangan ke kota nya nomor 1. Menikmati suasana malam hari dengan lampu kedap-kedip indah sekali.
"Translate Javanese to Indonesian: Lak nyang semarang wajib mangan mie kocok iki, menurutku paling enak. Masiyo panggone ning pinggiran ruko, lan dinggo panganane mesti usaha dinggo entukne bangku, nanging layak banget lak dibandingne rasane. Kikile akeh, duduhe gurih banget lan miene amba lan tipis. Regane uga mirah. Teh paling sae mie kocok ning semarang.","Kalau ke semarang wajib makan mie kocok ini, menurut saya paling enak. Walaupun tempatnya dipinggiran ruko, dan untuk makannya mesti berusaha untuk dapatkan bangku, tapi layak banget kalau dibandingkan rasanya. Kikilnya banyak, kuahnya gurih banget dan mienya lebar dan tipis. Harganya juga terjangkau. Teh terbaik mie kocok di semarang."
Translate Javanese to Indonesian: Maling kang tenanan wis di pastikake jenenge lulung,Maling yang sebenarnya sudah di pastikan bernama lulung
"Translate Javanese to Indonesian: Mesthi ya kayane aku ora ditakdirake nikmati indomie goreng, sanadyan mung nggodhok mine lho. Isa-isane kaliwat lembek.","Memang ya sepertinya aku tidak ditakdirkan nikmatin indomie goreng, padahal cuma merebus minya lho. Bisa-bisanya terlalu lembek. "
Translate Javanese to Indonesian: Nike ngetokake produk sepatu paling anyare,Nike mengeluarkan produk sepatu terbarunya
"Translate Javanese to Indonesian: Wektu aku nyang restoran iku, pelayane marani aku lan takon dinggo wong pira.","Waktu saya ke restoran itu, pelayannya mendatangi saya dan bertanya untuk berapa orang."
Translate Javanese to Indonesian: Roti bakar duti iki uwsi ana kawit mbiyen ing kene. Rotine biasa bae sih. Mung menu pilihane akeh tenan. Apa wae ana. Nganti kadang bingung arep milih sing isi apa. Uga ana dodol bubur. Uga okelah.,Roti bakar duti ini sudah ada sejak dulu di sini. Rotinya biasa saja sih. Hanya menu pilihannya buanyak banget. Apa saja ada. Sampe kadang bingung mau pilih yang isi apa. Ada jual bubur juga. Oke jugalah.
"Translate Javanese to Indonesian: Kuota dadi entek resik kanggo ndelok foto-foto sing mung gawe aku srei, panganan enak-enak sing marai ngiler","Kuota jadi habis terkuras buat melihat foto-foto yang cuma bikin saya iri, makanan enak-enak yang bikin ngiler"
"Translate Javanese to Indonesian: Aku seneng banget mangan ning restoran iki, menu masakane rena-rena, rasane enak, regane ora tek larang.","Saya suka sekali makan di restoran ini, menu masakannya beragam, rasanya enak, harganya tidak terlalu mahal. "
Translate Javanese to Indonesian: Kurang pas yen teka menyang bandung tanpa nyicipi batagor. Batagor burangrang yaiku salah siji sing rasane enak lan saose uga gurih.,Kurang pas apabila berkunjung ke bandung tanpa mencicipi batagor. Batagor burangrang adalah salah satu yang rasanya enak dan sausnya pun gurih.
"Translate Javanese to Indonesian: Sing mangan rame, antri, menu panganan, panganane biasa koyo ning omah. Rasa biasa ae. Rega ora podo kualitas rasa.","Yang makan ramai, antre, menu masakan, masakan standar seperti di rumah. Rasa biasa saja. Harga tidak sesuai kualitas rasa."
"Translate Javanese to Indonesian: Aku iso kondo iki yaiku resto sing cocok kanggo kaluwarga. Sambi bojoku blonjo oleh-oleh, aku isa nikmati mangan awan ing resto iki. Anak-anakku isa dolanan ing panggonan dolanan nganggo tiket sing murah.","Saya bisa bilang ini adalah resto yang cocok untuk keluarga. Sambil istri saya belanja oleh-oleh, saya bisa menikmati makan siang di resto ini. Anak anak saya bisa bermain di tempat bermain dengan tiket yang murah. "
"Translate Javanese to Indonesian: Panggonane rame tenan, panganane macem-macem. Desain lan lingkungane kapenak. Hawane sejuk, akeh panggonan dolanan bocah.","Tempatnya ramai sekali, makanan bervariasi. Desain dan lingkungan nyaman. Udara sejuk, banyak tempat bermain anak."
"Translate Javanese to Indonesian: Baik mbak/mas, uwis gelem ngenteni kanggo kendala karo provider telkomsel bakal ditanggepi karo kancane dhewe.","Baik kak, berkenan menunggu untuk kendala pada provider telkomsel akan direspon oleh rekan kami."
Translate Javanese to Indonesian: Mesakna personil ungu sik sepi pagaweyan amarga ditinggal pasha,Kasihan personil ungu sekarang sepi job gara-gara ditinggal pasha
"Translate Javanese to Indonesian: Yen ana pulsa sakgudang, arep ngaktifake wifi kanggo kabeh uwong ben isa internetan","Kalau ada pulsa segudang, akan mengaktifkan wifi buat semua orang biar bisa internetan"
Translate Javanese to Indonesian: Menkeu ngomong lak lemahe rupiah luwih ngaruh nang defisit transaksi sing mlaku,Menkeu menyampaikan bahwa lemahnya rupiah lebih berpengaruh pada defisit transaksi berjalan
"Translate Javanese to Indonesian: Isuk isuk ing tol cipali wis macet tenan, nggawe mangkel wae iki","Pagi pagi di tol cipali sudah macet parah, bikin jengkel saja ini"
"Translate Javanese to Indonesian: Babagan pergantian rekening kanggo pembayaran autodebet BPJS, Bapak Luqman isa teka menyang kantor cabang Bank Mandiri ngajukne autodebet kasebut ya. Kanggo etuk dilakoni tutup rekening luwih dhisik. ","Perihal pergantian rekening untuk pembayaran autodebet BPJS, Bapak Luqman bisa datang ke kantor cabang Bank Mandiri pengajuan autodebet tersebut ya. Untuk dapat dilakukan tutup rekening terlebih dahulu."
Translate Javanese to Indonesian: Mobil sing sadina-dinane dienggo jeje yaiku merek toyota lan wernane krem.,Mobil yang sehari-hari dipakai jeje adalah merk toyota dan berwarna krem.
"Translate Javanese to Indonesian: Kahanan sawah lan nggunung, ana wine cellare. Nanging panganane larang, mestine kualitase isa luwih apik merga akeh restoran sakrupa ning bandung saiki uwis njamur","Suasana sawah dan pegunungan, ada wine cellarnya. Tapi makanannya mahal, mestinya kualitas bisa lebih baik karena banyak restoran serupa di bandung sekarang sudah menjamur"
Translate Javanese to Indonesian: Paling jengkel yen ana uwong ngoomong ing dalan karo motoran apa maneh yen dalane sempit,Paling kesal kalau ada orang mengobrol di jalan sambil motoran apalagi kalau jalannya sempit
"Translate Javanese to Indonesian: Pelayanane kurang aktif lan ora grapyak lan kurang isa njelasake menu panganan sing ana, dadi tamu ngrasa ora digagas lan dinengake bae.","Pelayanan kurang aktif dan tidak ramah serta kurang dapat menjelaskan menu makanan yang ada, sehingga tamu merasa tidak diacuhkan dan didiamkan saja."
"Translate Javanese to Indonesian: Restoran sing apik, pemandangane madep nyang kutha Bandar Lampung, dadi apik banget lak pas wengi. Kahanane tenang banget, dekorasi ruangane ayu banget. Aku seneng panggon iki.","Restoran sangat bagus, pemandangan menghadap ke kota Bandar Lampung, sehingga sangat indah pada malam hari. Suasana sangat tenang, dekorasi ruangan sangat cantik. Saya sangat suka tempat ini."
Translate Javanese to Indonesian: Calon pelamar cpns mung entuk ndaftar ing 1 instansi lan 1 formasi jabatan,Calon pelamar cpns hanya dapat mendaftar di 1 instansi dan 1 formasi jabatan
"Translate Javanese to Indonesian: Panganane lumayan, aku mesen spring roll patio akeh minyake, rega panganan utamane cukup larang. Panggonane unik nanging lokasine ora patio apik dadi panggonane tansah katon sepi. Pas order apike ngaturake luwih jelas, amarga sek kedadean karo dhewe, dhewe mesen 2 nanging nerima 3 barang. Pelayane sumeh tenan, nanging sikap kasire rodho aneh. Mbok menawa aku ora bakal mbalik maneh.","Makanan lumayan, saya order spring roll agak oily, harga hidangan utama cukup mahal. Bangunan unik tapi lokasi tidak terlalu bagus sehingga tempatnya selalu terlihat sepi. Saat order sebaiknya menyampaikannya lebih jelas, sebab yang terjadi pada kami, kami order 2 tapi menerima 3 item. Pelayan sangat ramah, tapi sikap kasirnya sedikit aneh. Mungkin saya tidak akan kembali lagi."
"Translate Javanese to Indonesian: Iwak grameh bakar lan oseng kakung sing disajekne ning red s dipo sing tak tuku pas wayah mangan awan sasi november 2021, rasane lumayan eco, mung lombok ning sambele lan godhongane kaya: Timun, tomat lan kangkunge uga jeruk ning es jeruke rasane kurang seger.","Ikan gurame bakar dan cah kangkung yang disajikan di red s dipo yang saya beli pada saat makan siang pada bulan november 2012, rasanya lumayan oke, hanya saja cabe pada sambalnya dan sayurannya seperti: Timun, tomat dan kangkungnya juga jeruk pada es jeruknya terasa kurang segar."
Translate Javanese to Indonesian: Karya bakti bca finance posisi relationship officer mbukak lowongan dingge manggon pekanbaru,Karya bakti bca finance posisi relationship officer membuka lowongan untuk penempatan pekanbaru
Translate Javanese to Indonesian: Mangan bakso karo ngomong karo kanca-kanca. Panggonane asik kanggo mangan. Regane ora patio larang.,Makan bakso sambil ngobrol sama teman teman. Tempatnya asik buat makan. Harganya tidak terlalu mahal.
"Translate Javanese to Indonesian: Ing tengah proses hukum, warga tamansari bandung ngadepi peksanan penggusuran","Di tengah proses hukum, warga tamansari bandung hadapi tekanan penggusuran"
Translate Javanese to Indonesian: Dina iki arep blanja ing toko kuwi ben isa etuk piranti masak apik ditambah kesempatan mlancong menyang Londo.,Hari ini mau belanja di toko itu supaya bisa dapatkan peralatan masak keren plus kesempatan liburan ke Belanda.
"Translate Javanese to Indonesian: Padakna 1 jam, muter stories sing mung pirang detik wae loadinge suwi tenan, indosat apik tenan.","Jangankan 1 jam, ngeplay stories yang cuma beberapa detik saja loadingnya lama sekali, indosat luar biasa."
Translate Javanese to Indonesian: Ora bosen lan gumun. Saben teka marang congo kafe. Panggonane tenang. Nyaman. Nyoboo teka dina mbengi. Luwih romantis. Yen nggawa pasangan,Tidak bosan dan terkesima. Setiap datang ke congo kafe. Tempatnya tenang. Nyaman. Coba deh datang malam hari. Lebih romantis. Kalau bawa pasangan
Translate Javanese to Indonesian: Regane kejangkau banget lan menu panganane cukup kekinian. Panggon mangane didekor kanthi apik lan unik.,Harganya sangat terjangkau dan menu makanannya cukup kekinian. Tempat makannya didekor dengan baik dan unik.
Translate Javanese to Indonesian: Panggonane kurang resik. Kanggo lunga mrana rada angel amarga rawan macet. Dadi mikir ping pindho yen meh mrana maneh.,Tempatnya kurang bersih. Untuk pergi ke sana agak susah karena rawan macet. Jadi berpikir dua kali kalau mau kembali lagi.
"Translate Javanese to Indonesian: Timku bakal nganakake mangan mbengi tema ing burgundy. Katimbang ilang, aku lan carikku njajal ngecek panggonane ndhisik sadina sakdurunge. Sisan uga tes panganane. Dalane adoh banget lan munggah medun bukit. Luwih nemen maneh pas dhewe mara mrana kuwi dina minggu sore dadi macet. Tekane ing kana sih pemandangane oke. Nanging model restorane biasa wae.","Tim saya akan mengadakan makan malam tema di burgundy. Daripada tersesat, saya dan sekretaris saya mencoba mengecek tempatnya dahulu sehari sebelumnya. Sekalian juga tes makanan. Perjalanannya jauh sekali dan naik turun bukit. Diperparah ketika kami ke sana itu hari minggu sore sehingga macet. Sesampainya di sana sih pemandangannya oke. Tapi layout restorannya biasa saja."
"Translate Javanese to Indonesian: Aku nganggo bb tipe 9210, aku entuk info kawit wingi, dikenani biaya gprs.","Saya gunaka bb tipe 9210, saya mendapat info sejak kemarin, dikenakan biaya gprs."
"Translate Javanese to Indonesian: Handphoneku lenovo, kecemplung ing got pas 2 minggu nembe tuku, gigal ing aspal pas ngebut numpak motor nganti isie nang ndi-nang ndi, teleponku tetep tahan, mantep memang lenovo","Handphone saya lenovo, kecemplung di comberan pas 2 minggu baru beli, jatuh di aspal pas ngebut naik motor sampai isinya ke mana-mana, telepon genggam saya masih bertahan, mantap memang lenovo."
Translate Javanese to Indonesian: Batagore gedi-gedi lan daginge krasa banget. Mantep wis. Bumbune rasane enak. Cocok lak didadikne menu dingge cemilan sore.,Batagornya besar-besar dan dagingnya terasa banget. Mantap deh. Bumbunya rasanya enak. Cocok kalau dijadikan menu untuk makanan ringan sore hari.
Translate Javanese to Indonesian: Tenan marakno kesel mbengi iki.,Sangat melelahkan malam ini.
Translate Javanese to Indonesian: Aku wis ngirim email komplen merga telepone ora mlebu terus,Saya sudah kirim email complaint karena telepon tidak masuk terus.
Translate Javanese to Indonesian: Porsine akeh yuyu sekitaran 100 ewe / porsi. Urang bakare enak. Enak bumbune pol akehe rempahe. Rega lan rasane iso dithandingake karo perahu seafood jalan sumatera.,Porsinya banyak kepiting kisaran 100 ribu / porsi. Udang bakarnya enak. Enak bumbunya penuh rempah. Harga dan rasanya bersaing dengan perahu seafood jalan sumatera.
Translate Javanese to Indonesian: Rizal ramli mbeberne carane nyetabilne rega beras,Rizal ramli beberkan cara stabilkan harga beras
Translate Javanese to Indonesian: Aku minangka warga jakarta isin mas karo oknum sek ora ndhuwe tanggung jawab sek gelem nyapu bobotoh,Saya sebagai warga jakarta malu kang sama oknum yang tidak bertanggung jawab yang mau sweeping bobotoh
Translate Javanese to Indonesian: Bali iku salah siji pulau sing dadi tujuan destinasi para turis.,Bali adalah salah satu pulau yang menjadi tujuan destinasi para turis.
"Translate Javanese to Indonesian: Lelungan kala iki kanggo urusan nggolek panggonan sing rekomendasi kanggo kliene dhewe. Jarak tempuh saka bandung kutha cukup adoh memang, nanging bab kuwi isa kabayar kanthi pemandangan sing sing apik ing wektu mbengi kanthi panganan lan pelayanan oke.","Perjalanan kali ini dalam rangka urusan mencari tempat yang rekomendasi untuk klien kami. Jarak tempuh dari bandung kota cukup jauh memang, tetapi hal tersebut bisa terbayar dengan pemandangan yang yang cantik di waktu malam dan makan malam dengan makanan dan pelayanan okay."
"Translate Javanese to Indonesian: Lokasine iku setithik ndelik ing sudut perumahan. Konsep panggonane apik, kaya omah ing ndesa eropa kanthi mester lan tembok kayu. Kajaba ing njero, pengunjung bisa nikmati panganan ing kursi-kursi ing area taman sing unik nganggo drum bekas.","Lokasinya memang sedikit tersembunyi di sudut sebuah perumahan. Konsep tempatnya bagus, seperti rumah di pedesaan eropa dengan lantai dan dinding kayu. Selain di dalam, pengunjung bisa menikmati makanannya di kursi-kursi di area taman yang unik menggunakan drum bekas."
Translate Javanese to Indonesian: Adewe ngedol kabel hdmi premium 1 meter beli 2 gratis 1 ning lapak Rich Com Store.,Kami menjual kabel hdmi premium 1 meter beli 2 gratis 1 di lapak Rich Com Store.
"Translate Javanese to Indonesian: Ora sir eruh, Balikno pulsaku. Iki jenenge perampokan. Paket nelpon awakmu uga perampokan. Lagek iki aku komplen.",Tidak mau tahu. Balikin pulsa saya. Ini namanya perampokan. Paket nelp kalian juga perampokan. Baru ini saya komplain.
Translate Javanese to Indonesian: Godhong ndhuweni aneka werna wujud.,Daun memiliki berbagai jenis bentuk.
"Translate Javanese to Indonesian: Aku lan kaluwarga njajal mangan ing karamba resto amarga sopir mobil sewa dhewe ngerekomendasikake. Dhewe emang tekan nang panggonan agak mbengi sekitar nganggo. 21 sanadyan restoran hurung tutup uwata siyap-siyap bakal tutup, nanging ora kabeh menu wis entek. Malah ibu lan bojoku mesen sega timbel sek jangan aseme wis entek lan diganti karo sup sayur karo pihak resto. Ora akeh pilian sek isa dhewe pilih. Kurang rekomendasi.","Saya dan keluarga mencoba bersantap di karamba resto karena sopir mobil sewa kami merekomendasikannya. Kami memang tiba di tempat agak malam sekitar pakai. 21 meskipun restoran belum tutup atau bersiap-siap akan tutup, namun beberapa menu telah habis. Bahkan ibu dan suami saya memesan nasi timbel yang sayur asemnya sudah habis dan diganti sup sayur oleh pihak resto. Tidak banyak pilihan yang bisa kami pilih. Kurang rekomendasi."
"Translate Javanese to Indonesian: Status ganti dadi universitas, bsi ngadakne seminar motivasi","Berubah status jadi universitas, bsi gelar seminar motivasi"
"Translate Javanese to Indonesian: Warung mangan jaman biyen tapi rasane panggah podo enake, iwak pitik karo sega kreceke enak banget, kadang aku sengaja tuku dingge mbungkus nyang omah","Rumah makan zaman dahulu namun rasa tetap sama enaknya, ayam dan nasi kreceknya enak sekali, kadang saya sengaja beli untuk bungkus ke rumah"
"Translate Javanese to Indonesian: Lumayan jengkel uga lak saben dina liwat kono terus. Sempit, rong arah, macet uwis dadi panganan sadina-dinane","Agak kesal juga kalau tiap hari lewat sana melulu. Sempit, dua arah, macet sudah jadi makanan sehari-hari"
Translate Javanese to Indonesian: Adikku ketampa ning teknik lingkungan ITB,Adikku diterima di teknik lingkungan ITB
"Translate Javanese to Indonesian: Tulung cepet tindaklanjuti sambatanku, sakdurunge korban ngeretas gopay dadi nambah,","Tolong cepat tindaklanjuti pengaduan saya, sebelum korban meretas gopay jadi bertambah."
Translate Javanese to Indonesian: Menu utama andalane deknen yaiku pithik betutu sing entuk dipilih variasi rasane mulai saka ora pedes nganti pedes banget. Kajaba pithik uga ana bebek betutu sing variasi rasa sing padha.,Menu utama andalan mereka adalah ayam betutu yang dapat dipilih variasi rasanya mulai dari tidak pedas hingga sangat pedas. Selain ayam juga ada bebek betutu dengan variasi rasa yang sama.
Translate Javanese to Indonesian: Ora tau isa ngomong kata-kata kasar nang pasangan sanajan tujuane guyonan / tenan lagi nesu tenan amarga saking hormate aku marang deknen,Tidak pernah bisa bicara kata-kata kasar ke pasangan walau tujuannya bercanda / memang lagi marah banget karena saking respeknya saya ke dia
Translate Javanese to Indonesian: Wingi deknen ndaftar beasiswa djarum,Kemarin mereka mendaftar beasiswa djarum
Translate Javanese to Indonesian: Mas adit aku pesen indomiene siji,Kak adit aku pesan indominya satu
"Translate Javanese to Indonesian: Oh iya nang keterangane kan note 3 pro, kok sek dikirim note 3, ya kuciwa juragan","Oh iya diketerangan kan note 3 pro, kok yang dikirim note 3 ya, kecewa juragan"
"Translate Javanese to Indonesian: Uwong lanang nabrak warga kanthi mobil ing prancis, 2 tatu","Pria tabrak warga dengan mobil di prancis, 2 terluka"
"Translate Javanese to Indonesian: Aku penasaran pengen mangan nang kene. Pas pesen, suara mas-mase cilik banget ampun tenan ora jelas aling ngomong apa blubup blubup kaya ngono kui haha. Aku mesen mi ayam 2baso ekstra, pacarku pesen bakso urat soun. Ora let suwi teka pesenane pacarku lan jebule ora sesuai karo apa sek mbok dhewe pengen.","Saya penasaran pingin makan di sini. Ketika pesan, suara mas-masnya kecil sekali ampun deh tidak jelas bicara apa blubup blubup begitu haha. Saya memesan mi ayam 2baso ekstra, pacar saya memesan bakso urat soun. Tidak lama datang pesanan pacar saya dan ternyata tidak sesuai ekspektasi."
Translate Javanese to Indonesian: Kancaku kerja ing gojek,Teman saya bekerja di gojek
"Translate Javanese to Indonesian: Ya, aku uwis ngubungi via halo bca. Nanging kapedhot terus lan pulsaku kapotong akeh yen telepon bola-bali!","Ya, saya sudah hubungi via halo bca. Namun terputus terus dan pulsa saya kepotong banyak kalau telepon berulang-ulang!"
"Translate Javanese to Indonesian: Suwasana seger, ijo, nyegerake lan cocok banget kanggo refreshing pas minggat saka rutinitas. Kanggo panganan sing larang miturutku ora masalah amarga lokasi sing apik luwih penting.","Suasana sejuk, hijau, menyegarkan dan sangat cocok untuk refreshing saat kabur dari rutinitas. Untuk makanan yang mahal menurut saya bukan masalah karena lokasi yang bagus lebih penting."
Translate Javanese to Indonesian: Bosen karo donya iki sing kebak karo kamunafikan,Bosan dengan dunia ini yang penuh dengan kemunafikan
Translate Javanese to Indonesian: Uwong saiki akeh sing engel ngregani uwong liya,Orang sekarang kebanyakan sulit menghargai orang lain
Translate Javanese to Indonesian: Panggonan iki ngiming-ngimingi panganan steak lan iwak kanthi rega murah. Nanging kasunyatane ora murah yen dibandingake karo kualitas iwake sing ora enak. Iwake atos lan rasane cemplang.,Tempat ini mengimingi makan steak dan daging dengan harga murah. Namun kenyataannya tidak murah jika dibandingkan dengan kualitas dagingnya yang tidak enak. Dagingnya keras dan rasanya hambar.
Translate Javanese to Indonesian: Isuk wis nesu-nesu merga pelayanan ning bank cabang sanur sing ora profesional lan nggelakne! Ora salah akeh penilaian pelanggan elek.,Pagi sudah marah-marah karena pelayanan di bank cabang sanur yang tidak professional dan mengecewakan! Tidak salah banyak penilaian customer jelek.
Translate Javanese to Indonesian: Metu karo mangan awan karo enem keluargo sing isine wong gede karo bocah-bocah. Awakdewe entuk saung sing adoh ning nduwur. Isa mbayangne lah mlaku munggah sing nggarai kesel banget. Panggone pancen apik tapi nggene saung sing adoh lan nggarakke kesel munggah. Tuturku lak arepe mrono ojo pas mangan awan merga mesti bek. Rega panganane lumayan misil. Tapi pemandangane apik banget.,Pergi untuk makan siang bersama 6 keluarga yang terdiri dari orang dewasa dan anak anak. Kami mendapatkan saung yang jauh di atas. Kebayang dong jalan ke atas yang sangat melelahkan. Tempatnya memang bagus tapi lokasi saung yang sangat jauh dan melelahkan menuju ke atas. Saran saya kalau mau ke situ jangan pas makan siang karena pasti penuh. Harga makanan lumayan misil. Tapi pemandangannya bagus sekali.
Translate Javanese to Indonesian: Stike lumayanlah enak. Warung iki cocok kanggo pelajar utawa mahasiswa hehehe amarga regane kajangkau. Kanggo panganane oke kok.,Steiknya lumayanlah enak. Warung ini cocok buat pelajar atau mahasiswa hehehe karena harganya terjangkau. Untuk makanannya oke kok.
"Translate Javanese to Indonesian: Miturutku mangan ana ing kene porsine akeh lan regane murah, banjur panganane cepet tekane maneh lan panggonane uga resik lan amba","Menurut saya makan di sini porsinya banyak dan harganya murah, terus makannya cepat datangnya lagi dan tempatnya juga bersih dan luas"
Translate Javanese to Indonesian: Wong indonesia iku butuh pemimpin sing visioner uduk tukang dagel.,"Orang indonesia itu butuh pemimpin visioner bukan penghibur,"
"Translate Javanese to Indonesian: Tong dji nyajikne rena-rena panganan lan omben, ora mung teh. Sing direkomendasikne: Teh poci gula watune lan sega goreng","Tong dji menyajikan aneka makan dan minuman, tidak hanya teh. Yang direkomendasikan: Teh poci gula batunya dan nasi goreng"
"Translate Javanese to Indonesian: Aku udu uwong sing seneng banget wedhus amarga ora betah karo ambune, nanging mangan ing kene, aku kaya ora lagi mangan wedhus! Iwake empuk, enak lan ora mambu. Suasana restone uga enak lan nyaman","Saya bukanlah penggemar berat kambing karena tidak tahan dengan baunya, tapi makan di tempat ini, saya seperti tidak sedang makan kambing! Dagingnya empuk, enak dan tidak berbau. Suasana restonya pun enak dan nyaman"
"Translate Javanese to Indonesian: Aku arep nutup kartu kredit saka sasi-sasi wingi, ki.","Saya mau tutup kartu kredit dari beberapa bulan lalu, nih."
Translate Javanese to Indonesian: Apa sek senyatane ora ana setelan,Yang benar-benar real tidak ada settingan
Translate Javanese to Indonesian: Duh indomaret nguciwakake. Aku arep ndaftar anyar kok malah kena tarif per kb? Pulsa ngurang drastis,Duh indosat mengecewakan. Aku mau daftar baru kok malah kena tarif per kb? Pulsa berkurang drastis
Translate Javanese to Indonesian: Aku mesen jaket gunung eiger,Aku memesan jaket gunung eiger
"Translate Javanese to Indonesian: Pelayanane sih memang cepet nanging masakane ngasal-ngasal wae, ngasal dadi ngasal mateng, pesen urang saos tiram, padha wae karo panganan yuyu saos padang, tang kanggo yuyu ora diwenehi yen ora dijaluk.","Pelayanan sih memang cepat tapi masakannya asal asalan saja, asal jadi asal matang saja, pesan udang saos tiram, sama saja dengan masakan kepiting saos padang, tang untuk kepiting tidak diberikan jika tidak diminta."
"Translate Javanese to Indonesian: Restoran nganggo konsep panggon mangan sing asri banget, apa meneh lak wengi kahanane apik banget karo lampu lampune, panganane uga enak rasane. Cocok dinggo panggon nglumpuk karo keluarga.","Restoran dengan konsep tempat makan yang sangat asri, apalagi kalau malam suasananya sangat indah dengan lampu lampunya, makanannya pun enak rasanya. Cocok untuk tempat kumpul keluarga."
Translate Javanese to Indonesian: Kapisan njajal amarga ulasan pirang-pirang uwong nanging jebule rasane biasa wae. Sakpiring 30 ewu. Engel nggolek panggonan njagong.,Pertama coba karena ulasan beberapa orang tapi ternyata rasanya biasa saja. Sepiring 30 ribu. Sulit cari tempat duduk.
"Translate Javanese to Indonesian: Nembe jarene dikon ngenteni wae nganti sms diterima, wis sedina uga ora ana!","Tadi katanya suruh tunggu saja sampai sms diterima, sudah seharian tidak ada juga!"
Translate Javanese to Indonesian: Wayahe nggawe karya visual 360 derajat nganggo samsung! Lakokna langkah gampang ing video iki.,Saatnya membuat karya visual 360 derajat dengan samsung! Ikuti langkah mudah di video ini.
"Translate Javanese to Indonesian: Jerene detil aroma chamomile, nanging kok ambune ora enak ngene sih","Katanya detil aroma chamomile, tapi kok baunya tidak enak begini sih"
Translate Javanese to Indonesian: Aku puas tenan karo spesifikasine laptop asus,Saya sangat puas dengan spesifikasi laptop asus
Translate Javanese to Indonesian: Entek e minggu sing nyenengna karo keluargo ning panggon sing fasilitase memadai lan regane murah. Preinan makin nyenengna merga ana kebon stroberi sing isa methil langsung saka kebonne.,Wekkend yang menyenangkan bersama keluarga di tempat yang fasilitasnya memadai dan harga terjangkau. Liburan makin menyenangkan dengan adanya kebun stroberi yang bisa memetik langsung dari kebunnya.
Translate Javanese to Indonesian: Tulung perhatiane admin. Jaringan ning cileungsi bogor elek banget kualitase. Padahal bayare larang.,Mohon perhatiannya admin. Jaringan di cileungsi bogor sangat buruk kualitasnya. Padahal bayarnya mahal.
"Translate Javanese to Indonesian: Panganane enak: pithik goreng, oseng terong, sup iwak, tempe goreng, sambel. Pelayanane uga apik.","Makanannya lezat: ayam goreng, tumis terong, sup ikan, tempe goreng, sambal. Pelayanannya juga bagus."
"Translate Javanese to Indonesian: Kaping pisan menyang panggon iki, reservasi lan entuk nomer 3. Njaluk panggon ning lantai ngisor dadi ora perlu munggah ondak-ondakan merga ana sing dengkule lagi lara. Ngenteni meh 40 menit ora ana kepastian. Tak batalne. Maune ora gelem ngeki rating 1 amarga pancet mungkin rame lan panjalukanku khusus, dadi angel. Eh mbaks malah ketus.","Pertama kali ke tempat ini, reservasi dan dapat nomor 3. Minta tempat di lantai bawah sehingga tidak perlu naik tangga karena ada yang lututnya sedang sakit. Menunggu hampir 40 menit tanpa kepastian. Saya batalkan. Tadinya tidak mau beri rating 1 karena memang mungkin ramai dan permintaan saya khusus, jadi sulit. Eh mbaknya malah ketus."
Translate Javanese to Indonesian: Hasile ngitung cepet ning pilkada barengan 2018 diwernani akeh kejutan.,Hasil quick count pilkada serentak 2018 diwarnai banyak kejutan.
Translate Javanese to Indonesian: Pemandangane apik kanggo nyantai bareng ing sore lan wengi. Panganane cukup variatif lan enak.,Pemandangan bagus untuk santai bersama di sore hari dan malam hari. Makanan cukup variatif dan enak.
Translate Javanese to Indonesian: Aku karo dulure bojoku lagi ngentekne wektu ning palembang. Aku golek panggon mangan lan ketemu bakmi jogja. Bar mlebu kaget merga aku kudu golek panggon lungguh lan golek panggon sing kosong aku mbambung sesuwi 35 menit. Bar pesen menu mi godok. Maneh aku ngenteni sejam lan iki nggarai aku ilang selera mangan kuwi ae ditakokne langsung nyang tukang masak.,Saya dan sodara istri saya sedang menghabiskan waktu di palembang. Saya mencari tempat makan dan bertemulah bakmi jogya. Setelah masuk terkejutlah karena saya harus mencari tempat duduk dan mencari tempat yang kosong saya terlantar selama 35 menit. Setelah memesan dengan menu mi godok. Lagi saya menunggunya sejam dan ini membuat saya hilang selera makan itu pun ditanyakan ke tukang masak.
"Translate Javanese to Indonesian: Panggon turune reget, bantale mambu kabeh... gawe awak dadi gatel koyo akeh kewane, dadi ora isa turu kanthi angler.","Tempat tidurnya kotor, bantalnya bau semua... buat badan jadi gatal kayak banyak hewannya, jadi tidak bisa tidur dengan nyenyak."
Translate Javanese to Indonesian: Lelungan wengi iki nyayahake banget.,Perjalanan malam ini sungguh melelahkan.
"Translate Javanese to Indonesian: Aku mrene bareng pirang-pirang kanca dinggo mangan awan. Dalan melbu nyang lokasi kafe iki sempit banget lan curam, malah pirang-pirang bagian amoh. Awakdewe pesen pirang-pirang menu panganan. Bar ngenteni lumayan suwi, pas panganan teka rasa lan tampilane nggarai gela. Tibake rasane uga nggarai gela.","Saya ke sini bersama beberapa teman untuk makan siang. Akses jalan menuju lokasi kafe ini sangat sempit dan terjal, bahkan beberapa bagian rusak. Kami memesan beberapa menu makanan. Setelah menunggu cukup lama, ketika makanan datang rasa dan tampilannya mengecewakan. Ternyata rasanya juga mengecewakan."
Translate Javanese to Indonesian: Padha karo jenenge creative space kafe dadi akeh karya senine sing isa dinikmati ing njerone lan ana pirang patung ing ngisor. Dene ing ndhuwur ana kafe kanthi desain sing menarik lan cocok ditekani ing dina sore. Panggonan sing ana ing lokasi dhuwur nggawe panggonan iki ndhuwe pemandangan sing apik.,Sesuai namanya creative space kafe sehingga banyak karya seni yang bisa dinikmati di dalamnya dan beberapa patung di bawah. Sedangkan di atas ada kafe dengan desain yang menarik dan cocok dikunjungi di sore hari. Tempatnya yang berada di lokasi tinggi membuat tempat ini punya pemandangan yang bagus.
Translate Javanese to Indonesian: Sugeng siyang uwong kere. Muga kalian cepet mati utawa tambah kere lan sengsara.,Selamat siang orang miskin. Semoga kalian cepat mati atau makin miskin dan sengsara.
Translate Javanese to Indonesian: Gojek bakal mulai mbuka layanane dheweke ing sawetara negara asia kidul wetan.,Gojek akan mulai membuka layanan mereka di beberapa negara asia tenggara.
Translate Javanese to Indonesian: Ngandel ora masyarakat indonesia karo pakaryane bapak polisi kang adiluhung iki? Sek jarene wis ketemu karo sek nunggang motor? Monggo panjenengan bijinen pakaryan ing ngisor iki. Entuk biji pira? ,Percayakah masyarakat indonesia dengan karangan bapak polisi yang terhormat ini? Yang katanya sudah bertemu dengan pemotornya? Silakan anda nilai mengarang di bawah ini. Dapat nilai berapa?
Translate Javanese to Indonesian: Bandung nang ndi wae macet. Jatinangor uga kaya tol brexit. Isa semaput njero mobil kesuwen ngenteni.,Bandung di-mana macet. Jatinangor juga seperti tol brexit. Bisa pingsan dalem mobil kelamaan menunggu.
"Translate Javanese to Indonesian: Wektu awakdewe teka nang daftar entenan, masiya akeh kursi sing kosong momplong, paling sawetara saka pelanggan ora seneng lan ngenteni karo ndelok akeh kursi sing kosong. Pesen pangaan ning mburi restoran, lan menune lumayan enak kanggo awakdewe. Iki dolane adewe sing kaping pindo, lan siji perkoro sing ngelegne awakdewe iku bakul balon.","Waktu kami datang kami dalam daftar tunggu, walau banyak tersedia kursi kosong, mungkin beberapa tidak terpakai, namun staf tetap ramah walau ada beberapa pelanggan yang tidak senang dengan menunggu sambil melihat banyak kursi yang kosong. Order makanan di belakang restoran, dan menunya lumayan enak bagi kami. Ini kunjungan kedua kami, dan satu hal yang mengingatkan kami adalah penjual balon."
"Translate Javanese to Indonesian: Kwetiauw goreng lan teh tarik isa dadi pilihan pangananku ning kene, masiyo ana pirang-pirang sing pesen mi yakim, sampeyan oleh jajal uga sega gorenge.","Kwetiauw goreng dan teh tarik menjadi pilihan makanan saya di sini, meskipun ada beberapa yang besan mi yamin, anda boleh coba juga nasi gorengnya"
Translate Javanese to Indonesian: Sasi iki saldo ning rekeningku nol.,Bulan ini saldo di rekening saya nol.
Translate Javanese to Indonesian: Hotel ibis tamarkan wahid hasyim nggarai gela pol dinggo pelayanane. Utamane masalah pesen panggen! Nemen pol!,Hotel ibis tamarkan wahid hasyim sangat mengecewakan untuk pelayanan. Terutama masalah reservation! Parah abiz!
Translate Javanese to Indonesian: Cengel banget wes karyawan indosat sing ing graha indosat,Jutek banget deh karyawan indosat yang di graha indosat
Translate Javanese to Indonesian: Aku ora tau nyesel nresnani kowe.,Aku tidak pernah menyesal mencintaimu.
Translate Javanese to Indonesian: Panganan ing kene enak loh. Luwih enak katimbang panggonan mangan sejenis ing balikpapan. Nanging ya regane uga luwih larang. Hhe / uwong tibane 100 ewuan luwih. Nanging marem amarga panganane enak. Kuwah tomyame. Mm. Enak.,Makanan di sini enak loh. Lebih enak ketimbang tempat makan sejenis di balikpapan. Tetapi ya harganya lebih mahal juga. Hhe / orang jatuhnya 100 ribuan lebih. Tapi puas karena rasa makanannya enak. Kuah tomyamnya. Mm. Enak.
"Translate Javanese to Indonesian: Masiyo porsine gede, nanging cara rasa, biasa ae. Rega ora sumbut karo porsi sih. Penyajiane uga ora tek rapi, ya ngono ae.","Walaupun porsinya besar, tapi secara rasa, biasa saja. Harga tidak sesuai dengan porsi sih. Penyajiannya juga tidak begitu rapi, ya begitu saja."
Translate Javanese to Indonesian: Iki kunjungan kapisan dhewe marang restoran cabang utama. Sakdurunge dhewe kerep pesen saka cabang sing liyane. Amarga dhewe nyana ing kene suwasanane luwih apik lan menune luwih akeh. Nanging aku kaget karo sikap pelayan sing ora grapyak. Dhewe arep njegong ing sofa njaba kanthi saran saka pelayan wedhok. Nanging pelayan lanang ora ngijinake kanthi alasan males ngeresiki.,Ini kunjungan pertama kami ke restoran cabang utama. Sebelumnya kami sering pesan dari cabang yang lain. Karena kami sangka di sini suasana lebih bagus dan menu lebih banyak. Tetapi saya terkejut dengan sikap pelayan yang tidak ramah. Kami akan duduk di sofa luar atas saran pelayan wanita. Tetapi pelayan pria tidak mengizinkan dengan alasan malas membersihkan.
Translate Javanese to Indonesian: Badan pemerintah siji iki kudu dibubarke amarga saksuwene iki gaweane ora ana teges blas.,Badan pemerintah satu ini harus dibubarkan karena selama ini kerjanya tidak ada arti sama sekali.
Translate Javanese to Indonesian: Bakpao iki wis terkenal saka jaman biyen nanging sampek saiki isih akeh disenengi merga rasane sing khas.,Bakpao ini sudah terkenal dari zaman dulu namun sampai sekarang masih banyak digemari karena rasanya yang khas.
Translate Javanese to Indonesian: Pelayan lan sing nduwe ing kasir ora komunikatif lan ora isa ngenehi rekomendasi kanggo porsi menu sing kudu dhewe pesen. Rasane standar. Parkire angel.,Pelayan dan pemilik yang duduk di kasir tidak komunikatif dan tidak bisa memberikan rekomendasi untuk porsi menu yang harus kami pesan. Rasanya standar. Parkir susah.
"Translate Javanese to Indonesian: Pas aku pingin golek rena-rena macem pilihan panganan, aku diomongi karo kanca kon mangan ning kene, ora mung murah, tapi uga eco panganane. Mung rodok suwe awakdewe ngenteni pesenane.","Saat saya ingin mencari makanan yang berbagai macam pilihan, saya pun di rekomendasikan oleh teman untuk makan di sini, selain murah juga nikmat makanannya. Hanya saja sedikit lama untuk kita menunggu pesanan."
"Translate Javanese to Indonesian: Ora bakal ana sing milih meneh, mbok pikir masyarakat saiki isih isa diapusi?","Tidak akan ada yang milih lagi, kamu pikir masyarakat sekarang masih bisa ditipu?"
Translate Javanese to Indonesian: Gela pol merga liga champions ora disiarne ning channel ngendi ae mbuh kuwi channel lokal utawa channel olahragne. Kudune sampeyan perjuangke hak siar iku merga pelanggan wis mbayar larang.,Sangat kecewa sekali karena liga champions tidak disiarkan di channel manapun baik channel lokal ataupun channel olahraganya. Seharusnya kalian perjuangkan hak siar itu karena pelanggan sudah bayar mahal.
Translate Javanese to Indonesian: Mahasiswa aja gagah-gagahan deh melu politik. Sinan wae mrono deh.,Mahasiswa jangan sok-sokan deh ikut politik. Belajar sana saja deh.
Translate Javanese to Indonesian: Ana akeh taman kutha ing malang.,Terdapat banyak taman kota di malang.
Translate Javanese to Indonesian: Warga nemokne 2.910 keping ktp-el ning suketan,Warga temukan 2.910 keping ktp-el di semak belukar
"Translate Javanese to Indonesian: Aku seneng karo aplikasi gojek, gawe gampang kanggo akeh aktivitas","Saya senang dengan aplikasi gojek, memudahkan dalam banyak aktivitas"
"Translate Javanese to Indonesian: Aku tau instal traveloka, nanging merga ora kangge akhire aku uninstal eneh","Aku pernah instal traveloka, tapi karena tidak terpakai akhirnya aku uninstal lagi"
"Translate Javanese to Indonesian: Panggone apik dingge poto-poto, lak andem pisan udarane, nanging ojo coba-coba mangan ning kono, wis regane larang, ora enak pisan, gela wis","Tempatnya bagus buat foto foto, dan sejuk lagi udaranya, tapi jangan coba coba makan di situ, sudah harganya mahal, tidak enak lagi, menyesal deh"
"Translate Javanese to Indonesian: Emane, handphone xiaomi apa wae ora isa yen mung tuku 16 gb amarga software gawanane kuwi gede banget","Sayangnya, handphone xiaomi apa pun tidak bisa kalau cuma beli 16 gb karena software bawaannya itu gede banget"
Translate Javanese to Indonesian: Iki ana urnag ning walike watu ben bocahe kuwi dipilih dadi wakil presiden.,Ini ada udang dibalik batu supaya anaknya itu dipilih jadi wakil presiden.
"Translate Javanese to Indonesian: Seneng banget karo menu kentang panggange. Dingge rega, standar steak lah. Rasane sebanding karo rega. Menurutku suwasanan panggone cukup nyaman lan ana taman ning bagian tengahe. Restoran sing wajib diparani lak nyang bandung maneh!:","Suka banget dengan menu kentang panggangnya. Untuk harga, standar steak lah. Rasa sebanding dengan harga. Menurut saya suasana tempatnya cukup nyaman dan ada taman di bagian tengahnya. Restoran yang wajib saya kunjungi kalau ke bandung lagi!:"
"Translate Javanese to Indonesian: Kafe iyup karo suwasana ndesa lan alas madu apik karo coban cilik sing apik dingge rasa cukup enak lan rega ora tek larang, direkomendasikne kanggo sakkabehe","Kafe rindang dengan suasana pedesaan dan hutan berpadu apik dengan air terjun kecil yang indah untuk rasa cukup enak dan harga yang tidak telalu mahal, direkomendasikan bagi semuanya"
Translate Javanese to Indonesian: Utekmu nyatane mung segede neker.,Otakmu nyatanya hanya sebesar kelereng.
Translate Javanese to Indonesian: Dadi bosen. Kabeh film uwis ditonton lan saiki mati gaya.,Jadi bosan. Semua film sudah ditonton dan sekarang mati gaya.
Translate Javanese to Indonesian: Bapak kumis kandel kuwi nyebrang nganggo zebra cross,Bapak berkumis lebat itu menyebrang menggunakan zebra cross
"Translate Javanese to Indonesian: Akeh komen ana ing tripadvisor kang nggawe aku penasaran, nganggo modal weteng kosong supaya isa mangan lontong padang kesenenganku jebule bener-bener nggawe kuciwa, akhire aku mung njaluk dibungkusna wae selera mangan dadi luntur. Egek mending mangan lontong padang sek ana ing itb, kanggo rasa isih adoh","Banyak komen di tripadvisor membuat saya penasaran, bermodalkan perut kosong supaya melahap lontong padang kesukaan saya ternyata benar-benar membuat kecewa, akhirnya saya cuma minta dibungkus saja selera makan pun menjadi luntur. Masih mending makan lontong padang yang di itb, untuk rasa masih jauh"
Translate Javanese to Indonesian: Kangelan tenan selfie kanggo si samsung galaxy. Sek penting usaha lan tetep nyanyi,Susah payah selfie demi si samsung galaxy. Yang penting usaha dan tetap bernyanyi
"Translate Javanese to Indonesian: Panganane enak, suwasanane asri tenan lan adem kanthi akeh wit-witan, lan suwara banyu kali sing mili kanggo nambah nyaman lan tentrem. Pelayanan sing cepet dadi dhewe ora ngenteni suwi. Ana panggonan kanggo solat sing nyaman. Menu panganane enak regane kajangkau","Makanan enak, suasana sangat asri dan sejuk dengan banyak pepohonan, dan suara air sungai yang mengalir buat tambah nyaman dan tenang. Pelayanan yang cepat sehingga kita tidak menunggu lama. Ada ruang salat yang nyaman. Menu makanan enak harga terjangkau"
"Translate Javanese to Indonesian: Ora tau bose! Saka tahun 1996 aku kapisan kenal pithik goreng suharti, aku langsung ngomong iki pithik paling top sing uwis tahu aku pangan. Resep rahasia lan bumbu kremese nambah cita rasa dhewek saka pithik goreng legendaris asli indonesia iki","Tidak pernah bosan! Dari tahun 1996 saya pertama kali kenal ayam goreng suharti, saya langsung katakan inilah ayam paling top yang pernah saya makan. Resep rahasia dan bumbu kremesnya menambah cita rasa tersendiri dari ayam goreng legendaris asli indonesia ini"
"Translate Javanese to Indonesian: Promone ngapusi apa piye ya. Dicek jerene ana promo 77 ewu tapi kuota 30 gb diskon 40% saka rega asline, pas aku ngisi pulsa kabehe 80 ewu urung di daftarne apa-apa wis ke kethok 5 ewu. Nyapo isa ngono ya? Gela seh.","Promonya menipu atau gimana ya. Dicek katanya ada promo 77 ribu dapat kuota 30 gb diskon 40% dari harga aslinya, pas saya isi pulsa sebesar 80 ribu belum di daftarkan apa-apa sudah banyak ke potong 5 ribu. Kenapa bisa begitu ya? Kecewa sih."
Translate Javanese to Indonesian: Alternatif jasa resik-resik ing jakarta. Aku uwes nyoba. Saksuwene iki hasile luwih oke saka sing liya,Alternatif jasa bersih-bersih di jakarta. Aku udah nyobain. Sejauh ini hasilnya lebih oke dari yang lain
"Translate Javanese to Indonesian: Bojoku tuku sawetara barang ing toko sing padha, lan abote hurung nganti 1 kilo, nganggo pengiriman via gosend, dikenakake ongkir 2x, kurang ngajar!","Istri saya beli beberapa produk di toko yang sama, dan beratnya belum sampai 1 kilo, menggunakan pengiriman via gosend, dikenakan ongkir 2x, kurang ajar!"
Translate Javanese to Indonesian: Ngapa aku maca pernyataan sikap para calon ketua umum iki kabehane mbosenake. Kaya embuhlah.,Kenapa aku baca pernyataan sikap para calon ketua umum ini semuanya membosankan. Macam entahlah.
"Translate Javanese to Indonesian: Dijeki kanca wektu isih kuliah, jarene satene enak... nanging sakwise njajal kurang mlebu karo seleraku... hehe mung opiniku.","Diajakin teman waktu masih kuliah, katanya satenya enak... tapi setelah dicoba kurang masuk sama selera saya... hehe hanya opini saya."
"Translate Javanese to Indonesian: Kesel ning perjalanan sing lumayan adoh saka kutha kebayar karo suwasanan lan lezate panganan, disempurnakne karo pelayanan sing grapyak lan cepet saka pramusaji. Aja lali milih desert buah stroberi seger dihidangne karo susu coklat, sampeyan bakale ketagihan.","Lelah dalam perjalanana yang lumayan jauh dari kota terbayar dengan suasana dan lezatnya hidangan, disempurnakan dengan pelayanan yang ramah serta cepat dari pramusaji. Jangan lupa pilih desert buah stroberi segar dihidangkan dengan susu coklat, anda akan ketagihan."
"Translate Javanese to Indonesian: Parkirane sabenere amba, nanging amarga pengunjung akeh, dhewe kudu parkir ing pinggir dalan. Nanging petugas keamanan tenan ngrewangi ngarahake. Kesan ora patia amba, saamba omah tuwa standar, nanging jebule ing njero ana ruang sing amba. Ana kursi lan sofa werna-werna jenise, meh ora kabeh padha, nanging kesane dadi nyenengake kanggo ngumpul.","Parkiran sebenarnya luas, tapi karena pengunjung banyak, kami harus parkir di pinggir jalan. Namun petugas keamanan sangat helpul mengarahkan. Kesan tidak terlalu luas, selebar rumah tua standar, namun ternyata di dalam terdapat ruang yang luas. Terdapat kursi dan sofa berbagai jenis, hampir tidak sama semua, namun kesannya jadi menyenangkan untuk kumpul."
"Translate Javanese to Indonesian: Panganan ing kene lumayan enak, nanging regane cukup dhuwur ngrumangsaku. Dhewe njupuk pondokan ing area kaya sawah-sawah, pas mangan teka cukup akeh laler. Sempet jengkel sediluk amarga sing takjaluk lilin rada suwi ditanggepi. Pelayan sing nggawa panganan suwi lagi wae naggepi pesenan, paling isih anyaran.","Makanan di sini cukup enak, tapi harganya cukup tinggi menurut saya. Kami mengambil pondokan di area seperti persawahan, saat makanan datang cukup banyak lalat. Sempat kesal sesaat karena permintaan lilin agak lambat direspons. Pelayan yang membawa makanan lama baru menanggapi pesanan, mungkin masih baru."
"Translate Javanese to Indonesian: Panggon mangan iki sebenere lumayan menarik merga rena-rena kuliner indonesia ana ning panggon iki. Nanging sayang, paling merga ora tek menarik, dadi jumlah pengunjung rasane ngeluwihi kapasitas panggon sing kasadia, dadi kesane sesek","Tempat makan ini sebetulnya cukup menarik karena berbagai kuliner indonesia tersedia di tempat ini. Namun sayang, mungkin karena terlalu menarik, jadi jumlah pengunjung rasanya melebihi kapasitas tempat yang tersedia, jadi terkesan sesak"
"Translate Javanese to Indonesian: Ora ana matine nyusuri kafe ing bandung. Kalebu panggonan iki, apik banget panggonane, kopi lattene uga pas kanggo ilatku. Rega? Unda-undi.","Tidak ada matinya menyusuri kafe di bandung. Termasuk tempat ini, bagus tempat banget deh, kopi lattenya juga pas dengan lidah saya. Harga? Setimpallah."
"Translate Javanese to Indonesian: Pengalaman sing cukup seru, mangan tanpa lambaran piring, nanging mung nganggo lambaran godhong, tambah nikmat. Panganan sunda sing akeh variasine lan cukup enak. Tipse: Aja kegawa emosi lan kakehan mesen lan milih kabeh panganan sing disediakake biasane kalap yen uwis ndhelok panganan macem-macem kaya kuwi. Milih sakperlune.","Pengalaman yang cukup seru, makan tanpa alas piring, tapi hanya dengan alas daun, makin nikmat. Makanan sunda yang sangat bervariatif dan cukup enak. Tipsnya: Jangan terbawa emosi dan kalap memesan dan memilih semua makanan yang disediakan biasanya kalap kalau sudah melihat makanan macam-macam begitu. Pilih seperlunya."
"Translate Javanese to Indonesian: Pemandangan sing luar biasa saka kafe iki, nyajikake sentuhan cemoro lan eksotise alam alas raya bandung. Kajaba iku pangananan lan ombean sing isa diomong murah banget. Keren!","Pemandangan yang luar biasa dari kafe ini, menyajikan sentuhan cemara dan eksotisnya alam hutan raya bandung. Selain itu makanan dan minuman yang terbilang murah banget. Keren!"
"Translate Javanese to Indonesian: Wektu pertama buka lumayan. Nanging saya rene kualitase saya medhuk. Mine kurang rasa, uga kuahe.","Waktu pertama buka lumayan. Tetapi makin ke sini kualitasnya menurun. Minya kurang rasa, juga kuahnya."
"Translate Javanese to Indonesian: Resto panggonan mangan wedhus bakar sing tak rekomendasikake sewektu kowe dolan marang kota iki. Wedhus bakare enak, gurih ditambah adoh saka sing jenenge mambu wedhus lan empuk. Sop buntute ora kalah sedepe. Panggonane uga asik banget, uga cocok sing pengen ngentekake wektu bareng kaluwarga utawa kanca.","Resto tempat makan kambing bakar yang saya rekomendasikan sewaktu anda berkunjung ke kota ini. Kambing bakarnya enak, gurih plus jauh dari yang namanya bau kambing serta empuk. Sop buntutnya pun tidak kalah sedapnya. Tempatnya pun asyik banget, cocok juga buat yang ingin menghabiskan waktu bareng keluarga atau teman."
"Translate Javanese to Indonesian: Penasaran karo ulasane uwong, spesial nggolek wektu marang warung sale. Wiwitane semangat. Nembus macet. Demilah. Nanging kuciwa karo dalane. Kajaba adoh, kondisi dalane sek elek nggawe semangate wiwit luntur. Phisik bangunane unik, ana musik lift. Kapasitas ruangane kabatas kayane. Menu cukup unik lan kreatif. Nanging hurung cukup ndhuwe rega ngobati kuciwane lelungane.","Penasaran dengan ulasan orang, spesial cari waktu ke warung sale. Awalnya semangat. Menembus macet. Demilah. Tapi kecewa dengan jalannya. Selain jauh, kondisi jalan yang buruk membuat semangat mulai luntur. Phisik bangunan unik, ada musik lift. Kapasitas ruangan terbatas kayaknya. Menu cukup unik dan kreatif. Tapi belum cukup berharga mengobati kecewanya perjalanan."
Translate Javanese to Indonesian: Minggu wingi ning kampungku sempet ana jaringan 4G,Minggu kemarin di kampung saya sempat ada jaringan 4G
"Translate Javanese to Indonesian: Yen marang rene nyiapake weteng kosong ya amarga ing kene konsepe bisa mangan saknemene. Puas banget mangan ning kene, pas kok karo regane. Aku senenge sego goreng, enak banget.","Kalau ke sini menyiapkan perut kosong ya karena di sini konsepnya bisa makan sepuasnya. Puas banget makan di sini, sesuai kok sama harganya. Aku sukanya nasi goreng, enak banget."
Translate Javanese to Indonesian: Kanggo nakokake kredit mandiri finance bisa uga ing kene.,Untuk menanyakan kredit mandiri finance bisa di sini juga.
"Translate Javanese to Indonesian: Saiki restorane uwis tingkat 2. Sayange nalika aku marang mrana acne mati dadi sumuk. Lan sing nggawe aku gumun, aku ora tau diwenehi struk.","Sekarang restorannya bertingkat 2. Sayangnya ketika saya ke sana acnya mati jadi gerah. Dan yang membuat saya heran, saya tidak pernah dikasih struk."
"Translate Javanese to Indonesian: Dhewe mara marang restoran iki ing dino mbengi. Wow, panggonane romantis tenan. Lilin, dalan munggah, konsep lesehan ing tengah suwara curug sing cukup cedhak nggawe suasana mangan saya luweh nikmat.","Kami berkunjung ke restoran ini pada malam hari. Wow, tempatnya sangat romantis. Lilin, jalan mendaki, konsep lesehan di tengah suara air terjun yang cukup dekat membuat suasana makan lebih nikmat."
"Translate Javanese to Indonesian: Panggonan iki nyediakake pirang-pirang panganan, nanging sing aku jajal mesthi wae batagore, panggonane uga resik.","Tempat ini menyediakan beberapa makanan, tapi yang saya coba tentu saja batagornya, tempatnya pun bersih."
Translate Javanese to Indonesian: Enak. Sing jelas sambel tysonne oke! Mangan nggawe menu apa ae cocok. Siap kepedesen lan timbangan mundak lak mangan ning kene!,Enak. Yang jelas sambal tysonnya oke! Makan pakai menu apa saja cocok. Siap kepedesan dan timbangan naik kalau makan di sini!
"Translate Javanese to Indonesian: Mangga marani tokone awakdewe dinggo sing dekwingi golek handphone advan, xiaomi redmi 4a lan nokia 150","Silakan kunjungi toko kita buat yang kemarin cari handphone advan, xiaomi redmi 4a dan nokia 150"
Translate Javanese to Indonesian: Mahasiswa jaman saiki kakehan sambat nanging kurang makarya,Mahasiswa zaman sekarang terlalu banyak mengeluh tapi kurang berkarya
"Translate Javanese to Indonesian: Menune simpel, pastane akeh pilihan rasane, panggone nyaman, ombene uga akeh pilihane, ana panganan penutupe uga. Tambah jadwal pertunjukan musik kudune ben makin top.","Menunya simpel, pastanya banyak pilihan rasa, tempatnya nyaman, minuman juga banyak pilihan, ada makanan penutup juga. Tambah jadwal live musik harusnya biar makin kece."
Translate Javanese to Indonesian: Tagihan internetku ora mlebu akal 250% luwih larang kang! Njaluk penjelasan.,Tagihan internet saya enggak masuk akal 250% lebih mahal kakak! Butuh penjelasan.
Translate Javanese to Indonesian: Kuciwa banget. Pesen lan mbayar tiket motor mabur dilaksanakake jam setengah 1 isuk kanggo penerbangan jam6 isuk. E - tiket ora dikirim. Dumadakan dihubungi via email yen tiket sing uwis dibayar uwis entek jam-jam isuk. Yen tikete entek ngapa egek isa dipesen.,Kecewa banget. Pesan dan bayar tiket pesawat dilakukan jam setengah 1 dini hari buat penerbangan jam6 pagi. E - tiket tidak dikirim. Tiba-tiba dihubungi via email kalau tiket yang sudah dibayar telah habis jam-jam pagi. Kalau tiketnya habis kenapa masih bisa dibooking.
"Translate Javanese to Indonesian: Miris bin ironis banget, sikape ora berkualitas! Ora layak dadi wakil rakyat 270 yuta populasi penduduk saka sabang sampek merauke!","Sangat miris bin ironis, sikap tidak berkualitas! Tidak layak jadi wakil rakyat 270 juta populasi penduduk dari sabang sampai merauke!"
"Translate Javanese to Indonesian: Kanggo panganan macem-macem iku mung minyak kakehan tenan, gurame gorenge ora enak amarga ora digoreng garing. Jus sek ditawakna kakehan banyu lan kurang seger","Untuk makanan beragam hanya saja minyak terlalu banyak, gurame goreng tidak enak karena tidak digoreng garing. Juice yang ditawarkan terlalu banyak air dan kurang segar"
"Translate Javanese to Indonesian: Muga-muga mesti setia ngancani rakyat indonesia saka sabang - merauke, saka kutha sampek pelosok desa.","Semoga selalu setia menemani rakyat indonesia dari sabang - merauke, dari kota sampai pelosok desa."
Translate Javanese to Indonesian: Toyota manggoni merek mobil sek paling bernilai.,Toyota menduduki peringkat pertama sebagai merek mobil yang paling bernilai.
Translate Javanese to Indonesian: Maklum padha-padha maling kudu nglindhungi siji liyane. Dadi sek dimasalahake yaiku soal prosedur lan udu substansi sing anggota dewan kecekel nerima sogokan.,Maklum sesama maling harus saling melindungi. Jadi yang dimasalahkan adalah soal prosedur dan bukan substansi bahwa anggota dewan tertangkap tangan terima sogokan.
"Translate Javanese to Indonesian: Rasane lumayan. Sambela uga enak. Apa meneh disajekne 3 macem model ngono. Terus akeh pilihane seh asline sir mangan apa ning kene. Sir grameh, sir kakap, bawal, kerang, cumi, urang. Rena-rena wes. Asal aja pesen iwak kembung ae. Ora ana ning kene.","Rasanya lumayan. Sambelnya juga enak. Apalagi disajikan 3 macam model begitu. Terus banyak pilihan sih sebenarnya mau makan apa di sini. Mau gurame, mau kakap, bawal, kerang, cumi, udang. Macem-macem deh. Asal jangan pesan ikan kembung saja. Tidak ada di sini."
Translate Javanese to Indonesian: Saiki aku uwis sengit banget online shop gawean asing kuwi,Sekarang saya sudah terlalu membenci online shop buatan asing itu
"Translate Javanese to Indonesian: Seko zaman kuliah nganti siki isih doyan wae mangan ing kuis butcher. Enak, kajangkau, panggonane uga kepenak.","Dari zaman kuliah sampai sekarang masih doyan saja makan di kuis butcher. Enak, terjangkau, tempatnya juga nyaman."
"Translate Javanese to Indonesian: Males mangan oreo, seneng nggawe untu ireng","Malas makan oreo, suka bikin gigi hitam"
"Translate Javanese to Indonesian: Menu favoritku yaiku sop daging lan ombeane es cincau ireng. Rasane enak, rekomendasi banget.","Menu favorit saya adalah sup daging dan minumannya es cingcau hitam. Rasanya enak, sangat rekomendasi."
Translate Javanese to Indonesian: Pemandangan surabaya wayah wengi ndak umum pangananane enak enak nanging regane ndak umum uga adohe ora tek adoh nanging pemandangane ndak umum lan kahanane asyik,Pemandangan surabaya malam luarbiasa makanannya enak enak tetapi harganya luarbiasa juga jarak tidak terlalu jauh tapi pemandangannya luarbiasa dan suasananya asyik
"Translate Javanese to Indonesian: Nyingkir saka kapadhatan, menhub ngimbau masyarakat ora mbalik nang jakarta barengan wektu 1 januari","Hindari kepadatan, menhub imbau masyarakat tidak kembali ke jakarta bersamaan pada 1 januari"
Translate Javanese to Indonesian: Restoran kanthi penampilan sek apik sanadyan kudu ngliwati kondisi sek cukup curam. Nanging kabayar karo panggonan lan rasa sek oke,Restoran dengan pemandangan yang menawan meskipun harus ditempuh dengan kondisi yang cukup curam. Namun terbayar dengan tempat dan rasa yang oke
Translate Javanese to Indonesian: Steak kang tenanan steak khususe chiken cordon bluene marakna nggawe kangen ditambah mangan sing diselimuti pemandangan bandung sing top markotop. Pas tenan tekane mbengi ya karo pasangan kepiye uga karo kaluwarga tetep asyik. Dalan marang lokasi ancene mbelak-mbelok perlu usaha lan kerja keras.,Steak sebenar-benarnya steak especially chiken cordon bulenya yang bikin kangen plus makan yang diselimuti pemandangan bandung yang top markotop. Pas banget datangnya malam ya dengan pasangan bagaimana pun dengan keluarga juga tetap asyik. Jalan menuju ke lokasi memang berli ku perlu usaha dan kerja keras.
Translate Javanese to Indonesian: Iki salah sijine panggonan sing panganane enak lan pemandangane adem ing mripat. Kanggo kumpul karo kaluwarga utawa kanca-kanca yaiku panggonan sing cocok.,Ini salah satu tempat yang makanannya enak dan pemandangannya sejuk dimata. Buat kumpul dengan keluarga atau teman-teman merupakan tempat yang cocok.
Translate Javanese to Indonesian: Njengkelake. Senin isuk karo macet parah lan banjir,Menyebalkan. Senin pagi beserta macet parah dan banjir
Translate Javanese to Indonesian: Ora ana sing kabanjur istimewa saka restoran sing nyajikake menu panganan khas sunda iki. Rasa sawetara panganan sing aku pesen padha wae karo rasa omah mangan sunda liyane. Ora isa nuwuhake rasa nikmat sing kuwat lan gawe aku kesengsem kanthi menjero. Mung pithik goreng sambel penyet pesenanku sing rasane sethithik nyedhaki nikmat.,Tidak ada yang terlalu istimewa dari restoran yang menyajikan menu makanan khas sunda ini. Rasa beberapa makanan yang saya pesan sama saja dengan rasa rumah makan sunda lainnya. Tidak mampu menumbuhkan rasa nikmat yang kuat dan membuat saya terkesan secara mendalam. Hanya ayam goreng sambel penyet pesanan saya yang rasanya sedikit mendekati nikmat.
"Translate Javanese to Indonesian: Iklan youtube ngapa ora bisa diskip, ngganggu banget","Iklan youtube kenapa tidak bisa diskip sih, ganggu banget"
Translate Javanese to Indonesian: Layanane pt-ne dhewe muasake banget,Pelayanan pt kami sangat memuaskan
"Translate Javanese to Indonesian: Kaping pisan teka marang eatalia, aku teka karo kancaku lan 1 uwong bocah. Ora muyengake nalika milih panganan kanggo bocah amarga ing kene nyediakake menu kanggo porsi anak. Dhewe mesen pizza karo roti warna ireng. Kanggo sakabehane menu sek aku pesen ora nguciwakake.","Pertama kalinya datang ke eatalia, saya datang bersama dengan teman dan 1 orang anak. Tidak memusingkan ketika memlilih makanan untuk anak karena di sini menyediakan menu dengan porsi anak. Kami memesan pizza dengan roti berwarna hitam. Untuk keseluruhan menu yang saya pesan tidak mengecewakan."
Translate Javanese to Indonesian: Menangne hadiah keren mek karo melu-melu foto kontes apik dingge wong lanang ning alfamart,Menangkan hadiah keren cukup dengan mengikuti foto kontes baik untuk men di alfamart.
Translate Javanese to Indonesian: Yen menyang Bukittinggi aja lali mampir ning Pasar Atas. Akeh pilian panganan enak. Aja lali nggawa kamera kanggo foto foto,Kalau ke Bukittinggi jangan lupa singgah di Pasar Atas. Banyak pilihan makanan enak. Jangan lupa bawa kamera buat foto foto
"Translate Javanese to Indonesian: Iki mitos sing nggawe taun anyar dadi seremonial lan artifisial, tanpa ndhuweni jerune makna","Inilah mitos yang membuat tahun baru menjadi seremonial dan artifisial, tanpa kedalaman makna"
Translate Javanese to Indonesian: India lagi nggawe superbike listrik kacepetan dhuwur,India sedang membuat superbike listrik berkecepatan tinggi
Translate Javanese to Indonesian: Wis suwi aku pengen lunga mlaku-mlaku marang luar negeri,Sudah lama saya ingin pergi jalan-jalan ke luar negeri
"Translate Javanese to Indonesian: Tenderloin steak ning suis butcher enak banget - ora alot, lan saos kuise pas ning ilat. Liyane kuwi regane pas ning kantong. Mergakno iku, siap-siap dinggi antri lak awakmu dolan ning akhir minggu lan pas wayahe jam mangan pisan.","Tenderloin steak di suis butcher sangat enak - juicy, dan saus kuisnya pas di lidah. Selain itu harganya pun pas di kantong. Oleh karena itu, bersiaplah untuk mengantre apabila anda berkunjung di akhir pekan dan pada saat jam makan pula."
Translate Javanese to Indonesian: Kancaku uga akeh sing kerja ing bukalapak,Temanku juga banyak yang bekerja di bukalapak
"Translate Javanese to Indonesian: Minimal ngapura, aku arep tuku tiket kita senen - yogyakarta nganggo promo bulan mei.","Minimal punten, saya mau beli tiket kami senen - yogyakarta pakai promo yang bulan mei."
Translate Javanese to Indonesian: Disaranke aja lunga marang mrana pas jam mangan amarga bakal rada angel kanggo golek panggonan lungguh.,Disarankan jangan pergi ke sana ketika jam makan karena akan agak sulit untuk mencari tempat duduk.
Translate Javanese to Indonesian: Nemen pesen bukalapak nanggo gosend dekwingi sampek saiki durung teka piye iki. Butuh barange banget,Parah pesan bukalapak pakai gosend kemarin sampai sekarang belum sampai bagaimana ini. Barangnya butuh sekali
Translate Javanese to Indonesian: Kamare mambu rokok. Sepreine ora diganti dinggo tamu anyar lan sik ana tipak awu rokoke.,Kamarnya bau rokok. Seprai tidak diganti untuk tamu baru dan msih ada bekas abu rokoknya.
Translate Javanese to Indonesian: Si A omonge tong kosong banter unine ngomong ora enek bobote,Si A omongnya tong kosong nyaring bunyinya bicara tidak berbobot
"Translate Javanese to Indonesian: Sambele ora bakal ana ing panggonan liya. Rasa terasine khas tenan, asin legine pas. Ruangane memang kelas warung nanging aja kaget wektu mbayar regane kelas resto nanging sabanding karo kualitas panganane","Sambalnya tidak akan ada di tempat lain. Rasa terasinya sangat khas, asin manisnya pas. Ruangannya memang kelas warung tapi jangan kaget waktu bayar harganya kelas resto tapi sebanding dengan kualitas makanannya"
"Translate Javanese to Indonesian: Miturutku stike cukup enak, mung luwah apik pesen sing paling gede wae, kuwi luwih empuk saka sing liyane. Yen marang rene, bisa nyebarake foto ing medis sosial lan entuk es krim gratis. Es krime enak loh: Yen segi panganane oke, saka pelayanane uga apik.","Menurut saya steaknya cukup enak, hanya lebih baik pesan yang paling gede aja, itu lebih empuk dari yang lain. Kalau ke sini, bisa sebarkan foto di media sosial dan mendapatkan es krim gratis. Es krimnya enak loh: Kalau segi makanan oke, dari pelayanan juga baik."
Translate Javanese to Indonesian: Dijaga ya mangane gus pancen lagi musime saiki iku. Iya seh aras-arasen iku malah nggarai lara,Dijaga ya makannya gus emang lagi musimnya sekarang itu. Iyasi jenuh itu malah bikin sakit
"Translate Javanese to Indonesian: Suwi-suwi ing kene aku bisa hipertensi ngadepi pasien bpjs, bayar ora sepira nanging geleme pelayanane eksekutif lan nesu-nesu, numpak kereta wae yen pengen sing eksekutif","Lama-lama di sini gua bisa hipertensi ngadepin pasien bpjs, bayar tidak seberapa tapi mau pelayanan eksekutif dan ngomel-ngomel, naik kereta saja kalau mau yang eksekutif"
Translate Sundanese to Indonesian: Nikmati angsuran 0% dugi ka 12 bulan kanggo mesen tiket pasawat air asia nganggo kartu kiridit BNI!,Nikmati cicilan 0% hingga 12 bulan untuk pemesanan tiket pesawat air asia dengan kartu kredit bni!
"Translate Sundanese to Indonesian: Kue anu disajikeun ngajantenkeun kuring nostalgia. Sadayana mangrupikeun khas tina zaman baheula, boh dina tampilan sareng rasa. Kuena ngeunah sareng hargina oge mirah.","Kue-kue yang disajikan bikin saya bernostalgia. Semuanya tipikal kue zaman dulu, baik dari penampilan maupun rasa. Kuenya enak dan harganya juga murah."
Translate Sundanese to Indonesian: Ibu kantos ngadamel di grab indonesia,Ibu pernah bekerja di grab indonesia
"Translate Sundanese to Indonesian: Pang resepna tuang beubeurangan di dieu hayam sareng sambelna raos pisan pangaosna luar biasa hemat, rasa hayamna nyerep ka tulangna, es lidah buayana oge seger nyieun patuangan adem saatos tuang sambel nu lada, palayanna oge sigap sareng someah, nu ngajieun abdi resep di tempat kasir aya tulisan 10% disumbangkeun kanggo amal, ngajieun tuangeun leuwih raos ka patuangan.","Paling suka banget makan siang di sini ayam sama sambalnya enak banget harganya luar biasa hemat, rasa ayamnya meresap sampai ketulangnya, es lidah buayanya juga segar bikin adem perut setelah makan sambal yang pedas, pelayannya sigap dan ramah, yang aku suka di tempat kasir ada tulisan 10% disumbangkan untuk beramal, buat makan jadi lebih enak ke perut"
Translate Sundanese to Indonesian: Palayanan beus DAMRI sae pisan,Pelayanan bus DAMRI sangat baik
Translate Sundanese to Indonesian: Rek nyieun postingan nu eusina ngajarkeun palanggan gojek.,Mau bikin postingan yang isinya mengedukasi customers gojek.
Translate Sundanese to Indonesian: Ratusan bumi di medan karendem banjir,Ratusan rumah di medan terendam banjir
"Translate Sundanese to Indonesian: Barangna lumayan, ngan nu ku abdi heran xiaomi redmi note 2 ieu tombol onna bener rada reksak? Teras baterai na bener enggal  low bat juragan?","Barangnya lumayan, cuma yang saya heran xiaomi redmi note 2 ini tombol onnya memang agak rusak? Terus baterai memang cepat low bat juragan?"
Translate Sundanese to Indonesian: Sesah pisan percanten ka jalmi nu tos kantos ngakhianat,Sulit sekali mempercayai orang yang sudah pernah berkhianat
"Translate Sundanese to Indonesian: Lokasina di Gombel nu pintonan semarang, datangna kedah weungi sabab lampu kota bakal katingali, kadaharan ngeunah na steak jeung teh haneut menu wajib di dieu, nyandak spot di luar sabab hawana tiis tur sejuk","Lokasi di gombel dengan pemandangan semarang, datanglah malam karena lampu kota akan terlihat, makanan enak steak dan teh hangat menu wajib di sini, ambil spot di luar karena udara dingin dan sejuk"
"Translate Sundanese to Indonesian: Sawaktos kadieu mesen nasi goreng jeung kentang goreng, nasi gorengna sadayana resep. Kentang goreng na raos pisan, jeung tampilanna sae. Kulawargi nyarios kopina ge raos. Anu sae pisan di dieu nyaeta tempat na lapang jeung anu di luar tiasa ningali pamandangan dusun bambu, ngan palayananana henteu gancang jadina abdi kudu tumaros sababaraha kali pesenan abdi. Pangaosna rada awis, ngan kusabab pituangeunna raos, sagala na jadi kabayar. Henteu kudu mikir dua kali mung hoyong ka dieu deui. ","Waktu itu ke sini pesan nasi goreng dan kentang goreng, nasi gorengnya semua suka. Kentang gorengnya enak banget, dan presentasinya bagus. Keluarga bilang kopinya enak. Hal yang sangat baik di sini adalah tempatnya luas dan yang di luar bisa lihat pemandangan dusun bambu, tapi pelayanannya tidak cepat sehingga saya harus bertanya beberapa kali tentang pesanan saya. Harganya cukup mahal, namun karena makanannya enak semua jadi terbayarkan. Tidak perlu pikir dua kali jika mau ke tempat ini lagi."
"Translate Sundanese to Indonesian: Sangu goreng thailand pangarosna ti 35 rebu, polos ngan aya suir hayam saalit. Seafoodna teu ayaan","Nasi goreng thailand di harga 35 ribu, polos, hanya ada suir ayam sedikit. Seafoodnya tidak ada."
"Translate Sundanese to Indonesian: Sakumaha nu urang terang, brownies nu asli ti Amerika nyaeta kueh bantat anu warnana coklat. Toko Amanda nyiptakeun brownies ku cara ngajieunna ngukus. Brownies kukus ieu henteu sae pisan. Malah teksturna sarua jeung bolu biasa. Janten dina pamanggih kuring, ieu sanes brownies.","Seperti yang kita tahu, brownies yang asli dari amerika adalah kue bantat yang memang berwarna cokelat. Toko amanda mengkreasikan brownies dengan memasaknya secara mengukus. Brownies kukus ini sama sekali nggak banget. Teksturnya malah sama dengan bolu biasa. Jadi menurut saya, ini bukan brownies."
"Translate Sundanese to Indonesian: Upami sumping ka restoran ieu cocog pisan dina sonten atawa wengi dinten, nyandak pasangan kanggo nganikmatan tuang wengi nu romantis sareng pamandangan nu menakjubkeun pisan","Jika datang ke restoran ini sangat cocok pada sore dan malam hari, membawa pasangan untuk menikmati makan malam yang romantis dan pemandangan yang sangat menakjubkan"
"Translate Sundanese to Indonesian: Pangalaman mimiti cekap ngesankeun kusabab cekap reuwas tetela saentos salse mesen tuangeun, salah sahiji staf masihan daun cau ka meja kuring sanes piring atawa sendok, janten upami tuang di dieu siap-siap kanggo tuang ngagunakeun panangan kusabab arurang bakal ngarasakeun sensasi nu unik ditambih alas tuangna daun cau.","Pengalaman pertama cukup mengesankan karena cukup kaget ternyata setelah selesai memesan makanan, salah satu staf memberikan daun pisang ke meja saya bukan piring atau sendok, jadi jika makan di sini bersiaplah untuk makan menggunakan tangan karena kita akan merasakan sensasi yang unik ditambah alas makannya daun pisang."
Translate Sundanese to Indonesian: Salah sahiji area kuliner nu cekap ngagugah salera. Mung janten bingung oge milihna. Ahirna abdi cobi kerak telor sareng mie kocok sabari ngadangukeun pertunjukan musik ku tembang-tembang nostalgia barat. Cekap disarankeun.,Salah satu area kuliner yang cukup menggugah selera. Namun jadi bingung juga milihnya. Akhirnya ku coba kerak telur dan mie kocok sembari mendengarkan pertunjukan musik dengan lagu-lagu nostalgia barat. Cukup direkomendasikan.
Translate Sundanese to Indonesian: Kanggo mastikeun ibu tiasa sumping ka kantor cab bank mandiri nu kasebat dina dinten sareng waktos damel kanggo nukeurkeun artos.,Untuk memastikannya ibu bisa datang ke kantor cab bank mandiri tersebut pada hari dan jam kerja untuk penukaran uang.
"Translate Sundanese to Indonesian: Numpak kareta jayabaya malang - jakarta eureun di gubeng, tiket 35 rebu ditambih asuransi 6 rebu liwat traveloka","Naik kereta jayabaya malang - jakarta berhenti di gubeng, tiket 35 ribu plus asuransi 6 ribu via traveloka"
Translate Sundanese to Indonesian: DPR masihan pangajen kana partisipasi istri dina Pilkada 2018.,Dpr memberi apresiasi atas keikutsertaan perempuan pada pilkada 2018.
"Translate Sundanese to Indonesian: Abdi sumping kanggo tuang wengi sareng kulawargi. Ieu kalli kahiji abdi ka dieu. Kondisi teu kitu rame. Kanggo interior, rada kotor nyumutkeun abdi. Ku aya remah-remah sesa tuangeun dina ubin sareng meja, sigana teu diberesihkeun sacara sampurna. Kanggo rasa tuangeun, standar, teu pati istimewa.","Saya datang untuk makan malam bersama keluarga. Ini pertama kali saya ke sini. Kondisi tidak terlalu ramai. Untuk interior, agak kotor menurut saya. Adanya remah-remah bekas makanan di lantai dan meja, sepertinya tidak dibersihkan secara sempurna. Untuk rasa makanan, standar, tidak terlalu istimewa."
Translate Sundanese to Indonesian: Punteun saurkeun ka anggota dewan tong hilap revisi perppu ormas sareung emutkeun jangjina upami perppu teu direvisi. Sababaraha elemen masarakat bade ngaluarkeun sikeup.,"Tolong bilang ke anggota dewan jangan lupa revisi perppu ormas dan ingatkan janjinya kalau perppu tidak direvisi, berbagai elemen masyarakat akan mengeluarkan sikap."
Translate Sundanese to Indonesian: Karipik sampeu eta leeutan alit pangraosna sareng pas kanggo ngarencangan waktos nugas,Keripik singkong itu makanan ringan terenak dan tepat buat menemani waktu tugas
"Translate Sundanese to Indonesian: Batagor jeung siomay kingsley henteu ngagaduhan cabang di tempat sanes. Dahareunna nikmat, utamina batator jeung siomay jeung basona teu nganggo pangawet. Sareng upami anjeun hoyong oleh-oleh aya paket anu tiasa anjeun bawa ka uih. Dijaga deui kualitasna nyak.","Batagor dan siomay kingsley ini tidak mempunyai cabang di tempat lain. Makanannya enak, terutama batator dan siomay serta basonya dan tidak pakai pengawet. Dan jika ingin buat oleh-oleh ada paket yang bisa dibawa pulang. Dipertahankan lagi kualitasnya."
"Translate Sundanese to Indonesian: Tong kantos mesen liwat layanan ieu nya rerencangan. Nguciwakeun! Villa-na kotor, sadaya parabotanna teu layak pake","Jangan pernah pesan melalui layanan ini ya teman-teman. Mengecewakan! Villa -nya kotor, semua peralatannya tidak layak pakai"
"Translate Sundanese to Indonesian: Pendaptaran dimimitian enjing, Kamentrian Kominfo muka beasiswa pelatihan digital pikeun 1.000 urang","Pendaftaran mulai esok, kementerian kominfo buka beasiswa pelatihan digital untuk 1.000 orang"
"Translate Sundanese to Indonesian: Salaku netijen nu nembe april kamari piknik ka toba, ngan hoyong nyarios upami leres seueur perkawis nu nguciwakeun ti sistem pariwisata di ditu. Parapat-na kotor, hese milarian akomodasi nu bener-bener alus, agen transportasi teu profesional, pokokna teu disarankeun indit ka parapat.","Sebagai netijen yang baru april lalu piknik ke toba, hanya mau bilang bahwa benar banyak hal yang mengecewakan dari sistem pariwisata di sana. Parapat -nya kotor, susah cari akomodasi yang benar-benar bagus, agen transportasi tidak profesional, pokoknya tidak direkomendasikan pergi ke parapat."
Translate Sundanese to Indonesian: Kotor pisan sareng teu diperhatoskeun ku palayan restoran. Nguciwakeun pisan palayananna!,Kotor banget dan tidak di hiraukan oleh pelayan restoran. Mengecewakan sekali pelayanannya!
"Translate Sundanese to Indonesian: Tempatna mah saur abdi biasa wae, kirang beresih. Dahareunna oge biasa wae.","Tempatnya menurut saya biasa saja, kurang bersih. Makanannya pun biasa saja."
"Translate Sundanese to Indonesian: Kanggo usaha nu dikaluarkeun ka tempat ieu hasilna biasa-biasa wae. Nu nguciwakeun nyaeta kualitas tuangeunnana. Tuangeunana ngan asak hungkul wae. Kanggo kelas kuliner bandung nu raos-raos, ieu nguciwakeun. Aya karcis lebet per jalmi 10.000 sareng mobil 15.000.","Untuk usaha yang dikeluarkan ke tempat ini hasilnya biasa-biasa saja. Yang mengecewakan adalah kualitas makanannya. Makanan hanya sekedar masak saja. Untuk kelas kuliner bandung yang enak-enak, ini mengecewakan. Ada karcis masuk per orang 10.000 dan mobil 15.000."
Translate Sundanese to Indonesian: Abdi sakulawargi nuju milarian tempat tuang saatos nongton. Arurang bosen tuang di resto / kafe di mal. Ngadadak katingali resto di katuhu jalan. Tos lami arurang teu tuang kari. Sumping arurang ka resto nu kaasup alit ngan 9 meja. Tetela raos tempat sareng tuangeunnana.,Saya sekeluarga sedang cari tempat makan habis nonton. Kami bosan makan di resto / kafe di mal. Tiba-tiba terlihat resto di kanan jalan. Sudah lama kami tidak makan kari. Mampirlah kami ke resto yang tergolong kecil hanya 9 meja. Ternyata enak tempat dan makanannya.
Translate Sundanese to Indonesian: Kopi starbucks kunaon tiasa raos pisan sih,Kopi starbucks kenapa bisa enak banget sih
"Translate Sundanese to Indonesian: Cenah di ditu bade diwangun transmart, di sabelah wangunan eta.","Katanya di sana akan dibangun transmart, di sebelah bangunan itu."
"Translate Sundanese to Indonesian: Bener pangalaman unik, tuang di tengah sawah di antawis pare nu ampir ngonengan. Ku pilihan menu nu rupi-rupi, panyajian nu menarik sareng ngagugah selera.","Sungguh pengalaman unik, makan di tengah sawah di antara padi yang hampir menguning. Dengan pilihan menu yang variatif, penyajian yang menarik dan menggugah selera."
"Translate Sundanese to Indonesian: Tuang sasarengan sareng sobat awewe sababaraha waktos ka pengker, tempatna merenah, enakeun keur nongkrong, palayananna sae. Parantos sababaraha kali tuang didieu.","Makan bersama dengan para sistah beberapa waktu yang lalu, tempat nyaman, enak buat nongkrong, pelayanan bagus. Dah beberapa kali makan di sini."
"Translate Sundanese to Indonesian: Tempat pikeun souvenir lengkep sareng rada raoseun, babari dijangkau, hargina meujeuhna, sareng layananna ramah","Tempat oleh-olehnya lengkap dan cukup nyaman, mudah dijangkau, harganya terjangkau, serta pelayanannya ramah"
"Translate Sundanese to Indonesian: Hai eviana, hapunten anu kirang merenah. Kanggo kontak ti Indosat, tiasa akses tautan ieu: Mangga parios. Hatur nuhun. Erf","Hai eviana, mohon maaf atas ketidaknyamanannya. Untuk kontak dari indosat dapat mengakses tautan ini: Silakan pengecekan ya. Terima kasih. Erf"
"Translate Sundanese to Indonesian: Menuna indomie sareng roti bakar. Kanggo tempat sami sapertos cabang nu lainna, rempes kanggo kempel.",Menunya indomie sama roti bakar. Untuk tempat sama seperti cabang yang lainnya nyaman buat kumpul. 
"Translate Sundanese to Indonesian: Sambeul jeung daun serawung, tomat, sareng cabe rawit. Rasa sambel ieu anu ngajantenkeun kota di garut namina cibiuk janten kawentar. Sambeul ieu tiasa dinikmati ku gurame goreng atanapi sareng hayam goreng. Rasana raos pisan. Salain ti lengkong cibiuk oge seueur cabangna","Sambal dengan daun serawung, tomat, dan cabe rawit. Rasa sambal ini yang membuat kota di garut yang namanya cibiuk jadi terkenal. Sambal ini bisa dinikmati dengan gurame goreng ataupun dengan ayam goreng. Rasanya sangat enak. Selain di lengkokng cibiuk juga memiliki banyak cabang"
Translate Sundanese to Indonesian: Abdi tos konfirmasi ka pihak gramedia mung dialung-alung teu aya kajelasan. Pihak gramed dugi spv di toko eta pa alung-alung bari nyebatkeun teu aya promo. Kuciwa dialung-alung kitu.,Saya sudah konfirmasi ke pihak gramedia tapi dilempar-lempar tak ada kejelasan. Pihak gramed sampai spv di outlet tersebut saling lempar dan menyebut tidak ada promo. Kecewa dilempar-lempar begitu
"Translate Sundanese to Indonesian: Wilujeng siang, upami aya hal nu bapak bade taroskeun tiasa nyebatkeun kami deui. Hatur nuhun zan","Selamat siang, jika ada hal lain yang bapak akan tanyakan dapat mention kami kembali. Terima kasih zan"
"Translate Sundanese to Indonesian: Ceuk arurang tempat ieu biasa wae teu aya atraksi atawa pamandangan nu menarik jeung harga tiket 10000 / jelema, lamun pamandangan gunung nya emang enggeus sakuduna kusabab di daerah luhur. Jang wisata kuliner ge teu pati loba pilihan jiga tempat nu hiji deui.","Menurut kami tempat ini biasa saja tidak ada atraksi atau pemandangan yang menarik dengan harga tiket 10000 / orang, kalau pemandangan gunung ya memang sudah seharusnya karena berada di daerah tinggi. Untuk wisata kuliner juga tidak terlalu banyak pilihan seperti tempat yang satu lagi."
"Translate Sundanese to Indonesian: Abdi tos jadi palanggan madtari ti taun 2002, pas eta keneh jiga warung tenda leutik nu rame pisan dinten wengi. Babaraha taun baheula nempatan wangunan nu permanen, ti waktos eta abdi ngarasa kualitasna rada nurun dibandingkeun ku sawaktos di warung tenda. Nu jelas, pangaos naek cekap signifikan, dibandingkeun warung nu sami, meureun leuwih awis.","Saya sudah menjadi pelanggan madtari sejak tahun 2002, saat itu masih berupa warung tenda kecil yang sangat ramai malam hari. Beberapa tahun silam menempati bangunan yang permanen, sejak itu saya merasa kualitasnya agak menurun dibandingkan dengan saat di warung tenda. Yang jelas, harga naik cukup signifikan, dibandingkan warung serupa, mungkin lebih mahal."
"Translate Sundanese to Indonesian: Komentar kahiji tos pasti tempatna nu sae, palayananna someah pisan, sareng kanggo menu nu dipilih nyaeta lauk bakar sareng sop buntutna abdi pasihan ponten 4 mung kanggo es buah eta abdi pasihan lonten 5 nya!","Komentar pertama sudah pasti venue yang kece, pelayanan ramah sekali, dan untuk menu yang dipilih adalah ikan bakar dan sop buntutnya yang aku kasih nilai 4 tapi buat es buah itu aku kasih nilai 5 ya!"
"Translate Sundanese to Indonesian: anu disayogikeun rupi-rupi sareng pangaosna kahontal, suasanana ngeunaheun sareng merenah","Di restoran ini makanan yang disediakan banyak sekali dan harga cukup terjangkau, suasana yang enak dan nyaman"
Translate Sundanese to Indonesian: Abdi iri ningali aranjeun nu tiasa nemu kabahagiaan.,Aku iri melihat kalian yang bisa menemukan kebahagiaan.
Translate Sundanese to Indonesian: Saatos meser pulsa hoyong ngadaptar pikeun paket internet tetep gagal wae sareng ngulang deui dina 363 jeung tetep henteu tiasa.,Habis beli pulsa mau daftar paket internet gagal terus dan suruh mengulang terus di 363 dan tetap tidak bisa
"Translate Sundanese to Indonesian: Tempatna sae pisan komo dinten wengi dihias ku lampu-lampu, romantis pisan. Cocog kanggo pasangan. Tebih tina nu rame. Udarana tiis pisan. Arurang tiasa ningali keindahan kota ti luhur.","Tempatnya sangat bagus apa lagi malam hari dihias dengan lampu-lampu, sangat romantis. Cocok buat pasangan. Jauh dari keramaian. Udaranya sangat dingin. Kita dapat melihat keindahan kota dari atas."
"Translate Sundanese to Indonesian: Tuangeunna raraos sareng eye catching pikeun difoto, resep. Mung minumanna oge raos sareng tempat na oge nyaman pikeun karempel sareng rerencangan.","Makanannya enak enak dan eye catching untuk di foto, suka. Tetapi minumannya juga enak dan tempatnya nyaman untuk kumpul kumpul dengan teman."
"Translate Sundanese to Indonesian: Ieu kunjungan kadua abdi. Kabeh dahareun nu kuring geus cobian ngarareunah, sarta tempat keneh menawan tibaheula. Can kantos kuciwa dahar di dieu.","Ini kali kedua kunjungan saya. Semua makanan yang saya coba enak-enak, dan tempatnya masih semenawan dulu. Tidak pernah menyesal makan di sini."
"Translate Sundanese to Indonesian: Tuangeunna smoked chicken sareng cheese sandwich, inumanna jus. Lumayan pas sareng raos. Tempatna saleresna raos kanggo nu hoyong suasana jempling nyalse tebih tina kagandengan.","Makanannya smoked chicken dan cheese sandwich, minumannya jus. Lumayan pas dan enak. Tempatnya memang enak buat yang ingin suasana hening santai jauh dari kebisingan."
Translate Sundanese to Indonesian: Obat tanpa resep saena dijauhan ku ibu nu nyusuan.,Obat tanpa resep sebaiknya dihindari ibu menyusui
"Translate Sundanese to Indonesian: Beuki loba nyanyaho, beuki sirik.","Semakin banyak tahu, semakin cemburu."
Translate Sundanese to Indonesian: Karyawan kedul keur naon dibere cuti. Bisnis keur goreng kalahka hayang foya foya. Mikir atuh!,Karyawan malas untuk apa kasih cuti. Bisnis lagi jelek malah mau foya foya. Mikir dong!
"Translate Sundanese to Indonesian: Tempat nu sawelahan sareng cai kali sareng leubeutna tatangkalan sareng tuangeun nu raos ngajieun betah sareng cocog kanggo reureuh, rupi-rupi jajaneun oge disayogikeun di tempat ieu, hawana oge tiis.","Tempat yang berdampingan dengan air sungai dan rimbunnya pepohonan dan makanan yang lezat membuat betah dan cocok untuk beristirahat, berbagai jajanan juga tersedia di tempat ini, hawanya juga sejuk."
"Translate Sundanese to Indonesian: Tulung nya minimal, ku ngamudahan nasabah supados di lebet stasiun tigaraksa dipasihan mesin atm bni","Tolong ya minimal, demi kemudahan nasabah agar di dalam stasiun tigaraksa diberikan mesin atm bni"
"Translate Sundanese to Indonesian: Kupat tahu gempol teh salah sahiji kupat tahu legendaris. Tempatna teu pati gede tapi rada mencolok ku warna beureumna di pertigaan pasar gempol. Porsina pas pisan jang ngaleungitkeun lapar. Ciri khas ti kupat tahu ieu nyaeta tahuna nu hipu jeung kenyel jeung kuah kacangna pas di letah, dipadu jeung lontong, toge, jeung kurupuk beureum. Ngeunah pisan.","Kupat tahu gempol merupakan salah satu kupat tahu legendaris. Tempatnya tidak terlalu besar tetapi cukup mencolok dengan warna merahnya di pertigaan pasar gempol. Porsinya pas banget untuk menghilangkan lapar. Ciri khas dari kupat tahu ini adalah tahunya yang lembut dan kenyal serta kuah kacangnya pas di lidah, dipadu dengan lontong, tauge dan kerupuk merah. Enak sekali."
"Translate Sundanese to Indonesian: Euleuh sami sapertos abdi ieu mas nembe, paket freedom I abdi teu acan seep mung toas dibebankeun tarif internet, disedot ku maling","Wah sama seperti saya ini mas barusan, paket freedom l saya belum habis tapi sudah dibebankan tarif internet perlu sampai pulsa sekitar 40 ribu saya disedot perampok"
Translate Sundanese to Indonesian: Rumah makan ieu tangtua kagolong mirah mung dibandikeun kanu rumah makan nu sanesna. Mun tuangeun nu disayogikeun biasa wae teu aya nu istimewa. Seseurna mah tuangeunna ngan lauk atawa hayam nu cara masak digoreng. Tiasa disebat menu tuangeunna teu aya rupi-rupi sama sekali.,Rumah makan ini memang tergolong murah bila dibandingkan dengan rumah makan sejenisnya. Namun makanan yang disediakan biasa saja tidak ada yang istimewa. Sebagian besar makanannya hanya ikan atau ayam dengan cara masak digoreng. Bisa dibilang menu makanannya tidak ada variasi sama sekali.
"Translate Sundanese to Indonesian: Kamar cai tebih ti layak, kanggo ngawasuh leungeun ge teu disayogikeun sabun.","Kamar mandi jauh dari layak, untuk cuci tangan tidak disediakan sabun."
"Translate Sundanese to Indonesian: Suasanana cocog pikeun saha wae, kalayan anjeun hoyong nyalira, sareng kulawarga, atanapi sareng babaturan caket pikeun silih tukeur carita","Suasananya cocok bagi semua orang, baik anda yang ingin menyendiri, bersama keluarga, maupun dengan teman-teman dekat bertukar cerita"
Translate Sundanese to Indonesian: Baso karesep arurang sakulawargi. Rasana gurih sareng raos pisan. Direncangan ku es jeruk sareng kerupuk putih. Super yummy deh. Pangaosna ge kahontal pisan. Lokasi lebet gang kecil mung gampil dipilarian kumargi seueur jalmi nu uningan dina lokasina.,Bakso favorit kami sekeluarga. Rasanya gurih dan super enak. Ditemani dengan es jeruk dan kerupuk putih. Super yummy deh. Harga sangat terjangkau. Lokasi masuk gang kecil tapi mudah ditemukan karena banyak orang yang tahu di lokasinya. 
"Translate Sundanese to Indonesian: Teu raos tuang di restoran, teu tiasa nyuhunkeun kuah opor hayam saalit sapertos di warteg.","Tidak enak makan di restoran, tidak bisa minta kuah opor ayam dikit seperti di warteg."
Translate Sundanese to Indonesian: Paningkatan Persentase paminat ride sharing parantos ngajantenkeun Toyota nekad ngaluarkeun acis dugi ka $ 1 milyar dina Grab pikeun nyalametkeun bisnis otomotifna.,Meningkatnya presentase peminat ride sharing membuat toyota nekad menggelontorkan uang hingga $1 miliar pada grab demi menyelamatkan bisnis otomotifnya.
"Translate Sundanese to Indonesian: Pamandangan kota bandung anu endah tiasa ditingali ti sierra cafe lounge. Aya dua pilihan tempat, boh dijero rohangan atanapi diluar rohangan. Tempat anu romantis cocog pikeun duduaan jeung oge cocog pikeun ngumpul sareng rerencangan bari santai, kusabab hawana tiis jeung seger. Kadaharan anu disayogikeun oge raoseun sareng seueur pilihan. Aya kadaharan indonesia, asia, eropa / barat oge aya.","Pemandangan kota bandung yang indah dapat disaksikan dari sierra kafe lounge. Ada dua pilihan tempat, bisa dalam ruangan maupun di luar. Tempat yang romantis cocok untuk berduaan dan cocok juga buat kumpul bersama teman-teman sambil melepas lelah, karena udaranya sejuk dan menyegarkan. Makanan yang disediakan juga lezat dan banyak pilihan. Ada masakan indonesia, asia, bahkan eropa / makanan barat."
Translate Sundanese to Indonesian: Bumi eta gaduh pager ageung warna hideung.,Rumah itu memiliki pagar besar berwarna hitam.
"Translate Sundanese to Indonesian: Restoran na unik, dina teu disayogikeun piring, kanggo tuang nganggo alas daun cau. Tuangeun lumayan raos.","Restoran unik, di mana tidak disediakan piring, untuk makan menggunakan alas daun pisang. Makanan cukup enak."
Translate Sundanese to Indonesian: Bapa abdi nyaeta pegawai net tv,Ayah saya merupakan seorang pegawai net tv
Translate Sundanese to Indonesian: Indomie seeur kapendak dina warung-warung nu caket.,Indomie banyak ditemukan di warung-warung terdekat.
Translate Sundanese to Indonesian: Hese ngartos jalma anu ngarasa osok bener,Sulit sekali mengerti orang yang merasa selalu benar
Translate Sundanese to Indonesian: Ngimpi dipiwarang milari coklat ku gordon ramsay eh kalakah kacampur jeung kuah indomie,Mimpi disuruh mencari coklat sama gordon ramsay eh malah kecampur sama kuah indomie
"Translate Sundanese to Indonesian: Emang sih mi sedap eusina leuwih loba, namung rasana mah eleh ku nu sanesna","Iya sih mi sedap isinya lebih banyak, tapi soal rasa kalah jauh sama yang lain"
"Translate Sundanese to Indonesian: Wah, raos pisan, sate nu nikmat bumbu nu pas, rasa nu pas sareng daging nu seger, nepi ngajieun sate nu bener bener mantep. Palayanan nu ramah.","Wah enak banget, sate yang nikmat bumbu yang pas, rasa yang pas dan daging yang segar, hingga menghasilkan sate yang benar benar mantap. Pelayanan yang ramah. "
Translate Sundanese to Indonesian: Sawaktos sumping ka dieu nuju lain musim stoberi jadi aralit sareng teu sae. Jadi ngan nyandak saayana wae. __sedih__,Waktu datang ke sini sedang bukan musim stroberi jadi pada kecil-kecil dan tidak bagus. Jadi cuma ambil seadanya saja. __sad__.
"Translate Sundanese to Indonesian: Peresmian operasi kareta api bandara ku presiden ri sacara simbolis, neken tombol sirine nu nyuarakeun genta, direncangan ku menteri perhubungan, menteri bumn, gubernur banten, dirjen perkeretaapian kemhub, dirut ap2, dirut pt kan, sareng dirut railink.","Peresmian pengoperasian kereta api bandara oleh presiden ri dengan simbolis, penekanan tombol sirine yang menyuarakan genta, didampingi oleh menteri perhubungan, menteri bumn, gubernur banten, dirjen perkeretaapian kemhub, dirut ap2, dirut pt kan, dan dirut railink"
Translate Sundanese to Indonesian: Masakan restoran ieu rata-rata teu ngeunah.,Masakan restoran ini rata-rata tidak enak.
"Translate Sundanese to Indonesian: Cocog pikeun pituangeun romantis sareng kabogoh sawaktos ngarayakeun momen duaan, tuanganana raos sareng berkelas. ","Cocok untuk makan malam romantis dengan pasangan ketika merayakan momen berdua, makanannya enak dan berkelas."
"Translate Sundanese to Indonesian: Batagorna raos, mi na raos. Aya rupi-rupi tuangeun nu tiasa dicicip di hiji tempat, komo ayeuna tokona tos direnovasi janten sae. Aya musola. Area oleh-oleh seueur pilihan.","Batagornya enak, mi nya enak. Ada aneka makanan yang bisa dicicip di satu tempat, apalagi sekarang tokonya sudah direnovasi jadi bagus. Ada musala. Area oleh-oleh banyak pilihan. "
"Translate Sundanese to Indonesian: Nembe nganggo sababaraha dinten langsung hang, power bank teu tiasa dianggo nanaon. Kudu dicandak ka tempat servis.","Baru pakai berapa hari langsung hang, power bank tidak bisa di pake apa-apa. Harus bawa ke tempat servis."
"Translate Sundanese to Indonesian: Restoran nu gaduh pamandangan anu sae, upami anjeun sumping ka dieu wengi milarian korsi di luar, teras anjeun bakal ningali unggal meja lampu lampu nu harurung, tuangeun anu urang pesen nyaeta sup krim sareng coklat haneut anu ngeunah pisan jeung ngeunahna pas sareng kalawan hawa nu tiis","Restoran yang memiliki pemandangan yang bagus, jika ke sini pada malam hari carilah tempat duduk di luar ruangan, maka kalian akan melihat disetiap meja lampu lampu yang menyala, makanan yang kami pesan adalah sup krim dan coklat hangat sangatlah enak dan lezat pas dengan cuacanya yang dingin"
Translate Sundanese to Indonesian: Tempatna romantis pisan sareng merenah. Kalayan suasana anu merenah pisan sareng palayanan anu sae. Tuangeunana raos pisan ku harga anu wajar. Hoyong uih deui ka dieu pikeun ngaraosan suasana sonten. Kasaluruhan alus sareng sae pisan!,Tempatnya sangat romantis dan nyaman. Dengan suasana yang sangat nyaman dan pelayanan yang baik. Makanan sangat enak dengan harga yang reasonable. Sangat ingin kembali ke sini menikmati suasana sorenya. Secara keseluruhan baik sangat bagus!
"Translate Sundanese to Indonesian: Tuangan court nu seueur ku nu nyewa, seueur pilihan. Cocog piken budak ngora nu hoyong nongkrong raramean sabari tuang jeung inum, sesuai salera anjeunna. Parkir lega pisan. ","Makanan court dengan banyak penyewa, banyak pilihan. Cocok untuk anak muda yang ingin nongkrong berkelompok sambil makan - minum sesuai selera masing-masing. Parkir sangat luas."
Translate Sundanese to Indonesian: Hatur nuhun kang kanggo apresiasina. Mugia anjeun enggal patepang wakil arurang korban phk sepihak freeport.,"Terima kasih bang atas apresiasinya. Semoga beliau segera menemui wakil kami, korban phk sepihak freeport. "
"Translate Sundanese to Indonesian: Parantos leuwih 5 kali abdi kadie . Dim sumna yahud sareng hargina kajangkau pisan. Tempatna pikaresepeun sareng raoseun. Palayanna ramah bari sanaos urang ngan duaan sareng tuangeunna teu seueur jenisna. Pokokna mah nyarankeun pisan, upami milari dim sum atanapi shabu di balikpapan.","Hampir lebih 5 kali saya ke sini. Dim sumnya yahud dan harganya terjangkau banget. Tempatnya asyik dan sangat nyaman. Pelayannya ramah walaupun kita cuma berdua dan makan tidak banyak jenisnya. Pokoknya rekomendasi banget, bila mencari dim sum atau shabu di balikpapan."
"Translate Sundanese to Indonesian: Tempatna merenah, santai, sareng gampang pisan dipilarian, kumargi caket sareng supermarket lotte mart","Tempatnya menyenangkan, santai, dan sangat mudah ditemui, karena bersebelahan dengan swalayan lotte mart"
Translate Sundanese to Indonesian: KIPP nampi seueur laporan perkawis ayana palanggaran dina pilkada 2018.,KIPP menerima banyak laporan terkait adanya pelanggaran pada pilkada 2018.
"Translate Sundanese to Indonesian: Tos sababaraha kali ka dieu, tuangeun lumayan raos, saung-saungna oge ngajieun suasana tuang sareng nyaralse beuki nikmat, ditambih ku sora kali alit nambihan suasana beuki nambih alami. Dianjurkeun sumping ka dieu dinten wengi kusabab leuwih indah.","Sudah beberapa kali ke sini, makanan lumayan enak, saung-saungnya juga membuat suasana makan dan bersantai jadi nikmat, ditambah dengan suara sungai kecil menambah suasana jadi bertambah alami. Dianjurkan datang ke sini malam hari karena lebih indah."
Translate Sundanese to Indonesian: Kadaharan di dieu raos pisan. Cocog pikeun rapat kantor atanapi sareng kulawarga ageung kalayan pangaos anu kahontal,Makanan di sini sangat enak. Cocok untuk pertemuan kantor atau bersama keluarga besar harga terjangkau
Translate Sundanese to Indonesian: DHL keur mula lowongan padamelan kanggo customer service,DHL sedang membuka lowongan pekerjaan untuk customer service
Translate Sundanese to Indonesian: Kuring nyobian nu deukeut kantor walikota. Kuring peseun bakso malang super lengkep. Rasana raos. Wareg. Pangaos oge abus dina akal.,Saya coba yang di dekat kantor walikota. Saya pesan bakso malang super komplet. Rasanya enak. Kenyang. Harga juga masuk akal.
"Translate Sundanese to Indonesian: Tempat tuang di luar nu lega nyajikeun sagala tuangeun ti nu tradisional dugi ka pang modernna, ti nu pangaos na mirah meriah dugi ka nu awis. Panataan dekorasi nu sae bade midamel betah.","Tempat makan di luar yang luas menyajikan segala makanan dari tradisional hingga yang termodern, dari harga yang murah meriah hingga yang mahal. Penataan dekorasi yang apik akan membuat betah. "
Translate Sundanese to Indonesian: Nu wajib pisan dicobian di resto ieu aya jus stroberi tanpa susu atawa gula. Asli raos pisan. Jigana 1 gelas ge kirang deh.,Yang wajib banget dicoba di resto ini ada jus stroberi tanpa susu atau gula. Asli enak banget. Kayaknya 1 gelas saja kurang deh.
"Translate Sundanese to Indonesian: Resto tuangeun kulon ku pangaos kaki lima, ditambih pamandangan alam nu sae, suasana nu romantis, asal tong hujan, kusabab di teras diantepkeun kabuka. Resto favorit kulawargi abdi.","Resto makanan barat dengan harga kaki lima, ditambah pemandangan alam yang indah, suasana yang romantis, asal jangan hujan, karena di teras dibiarkan terbuka. Resto favorit keluarga saya."
"Translate Sundanese to Indonesian: Hayam gorengna raos di dieu. Cocog kanggo nu tos parjalanan tebih. Abdi ka dieu uih ti luar kota, janten tuangna pas lapar kitu deh. Janten patuangan wareg, tuangeunna raos teras palayananna mantap. Kasirna gareulis","Ayam gorengnya enak di sini. Cocok buat yang habis perjalanan jauh. Saya ke sini pulang dari luar kota, jadi makannya pas lapar gitu deh. Bikin perut kenyang, makanannya enak terus pelayanannya mantap. Kasirnya cantik cantik"
"Translate Sundanese to Indonesian: Paket abdi oge teu dugi-dugi nepi kaayeuna parantos 5 dinten statusna keneh kiriman kurir jakarta, goreng ayeuna mah jne","Paket saya juga sampai sekarang tidak sampai sampai sudah 5 hari statusnya dengan pengiriman courier jakarta, parah sekarang jne"
"Translate Sundanese to Indonesian: Jual hayam bakar Taliwang tapi hayam anu disuguhkeun siga karet jeung teu nyugemakeun, rasana hambar, sambelna oge alakadarna. Sadayana pisan nguciwakeun sareng kuring moal bakal ka ditu deui pikeun kadua kalina","Jual ayam bakar taliwang tapi ayam yang disajikan seperti karet dan tidak memuaskan, dan rasanya hambar, sambalnya juga alakadarnya. Dari keseluruhan sangat mengecewakan dan saya tidak akan ke dua kalinya ke sana lagi"
Translate Sundanese to Indonesian: Jalan. Sukajadi upami weungi sok aya warga anu miceun sampah di sisi jalan! Jalma sapertos kitu kedah dibasmi,Jalan. Sukajadi kalau malam suka ada warga yang buang sampah di pinggir jalan! orang-orang kayak gitu harus dimusnahkan
Translate Sundanese to Indonesian: Pang resepna di resto ieu nyaeta bubur 3 rasa. 1 mangkok ageung tiasa kanggo berdua sareng caroge. Teras seueur menuna kanggo tambahan tuang sareng bubur. Pangaos sareng rasa cocog. Sareng nu pasti rencang tuang bubur nyaeta teh haneut hmmm. Enak!,Paling favorit di resto ini adalah bubur 3 rasa. 1 mangkok besar bisa untuk berdua sama suami. Lalu banyak menunya untuk tambahan makan sama bubur. Harga dan rasa sesuai. Dan yang pasti teman makan bubur adalah teh hangat hmmm. Enak!
Translate Sundanese to Indonesian: Indosat nyaeta nu nyebabkeun abdi ambek unggal dinten,Indosat adalah penyebab gue marah tiap hari
Translate Sundanese to Indonesian: Restoran ieu mangrupa tempat nu cocog kanggo tuang wengi sareng pasangan jeung kulawargi ku tuangeun nu cekap raos sareng pamandangan nu sae. Suasanana oge sae ku hiasan klasik di pojok nepi panto kalebetna.,Restoran ini merupakan tempat yang cocok untuk makan malam bersama pasangan dan keluarga dengan makanan yang cukup enak dan pemandangan yang bagus. Suasananya juga baik dengan hiasan klasik dari pojok sampai pintu masuknya. 
"Translate Sundanese to Indonesian: Konsep restoran na biasa wae, tapi hargi inumanna awis pisan. Mirahkeun atuh lah sakedik sanaos di daerah wisata hehe. Janten pikir dua kali sateuacan meser.","Konsep restoran biasa saja, tapi harga minumannya kok mahal banget. Dimurahinlah dikit meskipun di daerah wisata hehe. Jadi mikir berkali-kali buat beli."
Translate Sundanese to Indonesian: Susuna seger ku sayuran nu mantap sareng rasa kuah nu raos sareng palayanan nu super darehdeh pisan.,Susunya segar dengan sayuran yang mantap dan rasa kuah yang enak dan pelayanan yang sangat super ramah.
"Translate Sundanese to Indonesian: Nyesel yeuh urang mere nyaho maneh, Farrel","Menyesal nih gue kasih tahu loe, Farrel"
"Translate Sundanese to Indonesian: Keuheul lah, nya parkir teu baleg, nyieun jalanan sempit hungkul deui, giliran mobilna baret misuh-misuh nuduh sembarang jelema","Kesel lah, mana parkir tidak benar, bikin jalanan sempit doang lagi, giliran mobilnya baret misuh-misuh menuduh sembarang orang"
"Translate Sundanese to Indonesian: Resto ieu abdi sarankeun kanggo anjeun sumpingan mung anjeun hoyong tuang sabari nganikmatan sunset. Kusabab letakna nu aya di dataran tinggi, anjeun tiasa nganikmatan kaendahan alam pagunungan sareng suasana kota. Kanggo tuangeunnana ge aya sababaraha cita rasa, ti masakan daerah, Indonesia, nepi internasional.","Resto ini saya rekomendasikan untuk anda singgahi jika anda ingin bersantap sambil menikmati sunset. Karena letaknya yang berada di dataran tinggi, anda dapat menikmati keindahan alam pegunungan dan suasana kota. Untuk makananannya sendiri ada beberapa cita rasa, dari masakan daerah, indonesia hingga internasional."
"Translate Sundanese to Indonesian: Ngacapekeun pisan, mulih angkat ka kampus sonten pisan ditambih damel kalompok nu teu aya seepna, deadline tugas ge mepet pisan","Sangat melelahkan, balik pergi ke kampus sore sekali ditambah kerja kelompok yang tidak ada abisnya, deadline tugas juga mepet sekali"
Translate Sundanese to Indonesian: Bali gaduh seueur pulau nu tiasa dianjangan.,Bali punya banyak pulau yang bisa dikunjungi.
"Translate Sundanese to Indonesian: Abdi sasarap di restoran lantai 18 ieu sareng kaleresan kengingkeun korsi di luar atanapi balkon. Bantal tempat diukna katingali seueur noda kotoran. Anginna kuat pisan yen sarapan henteu raoseun. Kuring nyarankeun upami anjeun tuang di restoran ieu, pilih korsi di jero pikeun kanyamanan.","Saya makan pagi di restoran lantai 18 ini dan kebetulan saya mendapatkan tempat duduk di luar atau balkon. Bantalan tempat duduknya terlihat banyak noda kotoran. Angin sangat kencang bertiup sehingga makan pagi tidak nyaman. Saya sarankan apabila anda makan di restoran ini, pilih tempat duduk di dalam untuk kenyamanan."
Translate Sundanese to Indonesian: perluasan kilang minyak pt pertamina nyerep langkung ti 20 rebu padamel,Perluasan kilang minyak pt pertamina serap 20 ribu lebih tenaga kerja
"Translate Sundanese to Indonesian: Restoran di Padma Hotel mangrupikeun salah sahiji tempat anu raoseun sareng endah kalayan pamandangan bukit, lebak sareng tangkal hararejo. Janten tiasa ngaraosan tuangeun kalayan suasana anu beda. Dahareun di dieu lumayan rupa-rupa sareng seueur pilihan henteu benten jauh sareng restoran sanes di Bandung, tapi di dieu aya menu pilihan tradisional anu ngamungkinkeun anjeun ngalaman sababaraha khas tuangeun nu rupi-rupi bari mikaresep alam.","Restoran di padma hotel termasuk salah satu tempat yang nyaman dan indah dengan pemandangan bukit, lembah dan pepohonan yang hijau. Sehingga bisa menikmati makanan dengan suasana yang berbeda. Makanan di sini cukup bervariasi dan banyak pilihan tidak beda jauh dengan restoran-restoran lain di bandung, tapi di sini ada menu pilihan tradisional yang membuat anda bisa merasakan khas makanan yang berbeda sambil menikmati alam."
Translate Sundanese to Indonesian: Ayeuna lain jaman janji. Kusabab rakyat tos bosen alias muak,Sekarang bukan zaman janji. Km rakyat sudah bosan alias muak
Translate Sundanese to Indonesian: Abdi sareng salaki biasana ngendong di Jimbaran lamun nganjang ka Bali,Aku dan suami biasanya menginap di jimbaran saat berkunjung ke bali
"Translate Sundanese to Indonesian: Bingung lah, sok teu bisa wae miluan nongkrong sabab rame pisan. Nya geus lah sigana mah langkung sae upami sim kuring drive thru wae kahubung di pusat kota posisina sumpah ieu mcd pang ramena.","Bingung deh, selalu saja tidak bisa ikutan nongkrong karena memang ramai sekali. Yasudahlah ya sepertinya memang lebih enak aku drive thru saja berhubung di pusat kota posisinya sumpah ini mcd paling ramai. "
"Translate Sundanese to Indonesian: Borangan mung sok teu sieun, diajak nongton film horror oke hayu, saparantos nongton teu wanton ka cai","Penakut tapi soksikan tidak takut, diajak nonton film horror oke ayok, selesai menonton tidak berani ke kamar mandi"
"Translate Sundanese to Indonesian: Kualitas lounge nguciwakeun pisan. Tebih ti eskalator, ngaliwat lorong-lorong kotor. Desainna heurin manjang.","Kualitas lounge amat mengecewakan. Jauh dari eskalator, melalui lorong-lorong kotor. Desain sempit memanjang."
"Translate Sundanese to Indonesian: Sanajan teu kantos nampi gubug tepi sawah, mung pesona sareng merenahna tuang di gubug sanes teu janten nilai minus kanggo tempat tuang ieu. Seueur gubug nu merenah kanggo dijantenkeun tempat tuang, kualitas tuangeunna ge super sareng raos. Cobian lauk bakar daun, wangi, lada sareng raos pisan.","Meski tidak pernah mendapatkan gubug tepi sawah, namun pesona dan kenyamanan makan di gubug lain tak menjadi nilai minus bagi tempat makan ini. Banyak gubug yang nyaman untuk dijadikan tempat bersantap, kualitas makanannya pun super dan enak. Coba ikan bakar daun, wangi, pedas dan sedap sekali."
Translate Sundanese to Indonesian: Mung perkawis tuangeun nu raos-raos sigana ieu rajana. Teu tuangeun nu mantap hungkul mung suasana ge haneut pisan komo sareng kulawargi atawa rerencangan. Lagu-laguna oge ngahibur pisan.,Kalau urusan makanan yang enak-enak sepertinya inilah rajanya. Bukan hanya makanan yang mantap tapi suasananya pun semakin hangat apalagi bersama keluarga atau teman. Lagu-lagunya juga menghibur banget.
"Translate Sundanese to Indonesian: Tos sababaraha kali tuang di tempat ieu. Menu nyaeta menu khas sunda, utamana disayogikeun menu nu atos jarang kapanggih di rumah makan nu sanes di bandung. Rasa tuangeunna, raos pisan.","Sudah beberapa kali makan di tempat ini. Menu merupakan menu khas sunda, terutama tersedia menu yang sudah jarang ditemukan di rumah makan lainnya di bandung. Rasa makanan, sungguh lezat"
Translate Sundanese to Indonesian: Masyarakat tos bosen ngadangu obrolan politikus upami sae naha henteu nyarios alus. Naha sagala anu dilakukeun pamarentah. Sadayana teu aya alusna.,Rakyat sudah jenuh mendengar ocehan politikus jika baik kenapa tidak katakan baik. Kenapa semua yang dilakukan pemerintah. Semuanya tidak ada baiknya.
"Translate Sundanese to Indonesian: Ngantosan mal istana plaza buka dina enjing dinten, saena mah mampir di mangkok ayam di pelataran lantai 1 istana plaza, rupi-rupi menu pilihan tuangeun indonesia, chinese food, aya. Saena dicobi mi ayam rica puas pisan sabari inum kopi dina enjing dinten.","Menunggu mal istana plaza buka di pagi hari, sebaiknya mampir di mangkok ayam di pelataran lantai 1 istana plaza, berbagai macam menu pilihan indonesia food, chinese food tersedia. Sebaiknya dicoba mi ayam rica sungguh sangat puas sembari minum kopi di pagi hari."
"Translate Sundanese to Indonesian: Tuang di dieu cekap nikmat kusabab menuna rupi-rupi, ti mimiti menu indonesia, asia, nepi tiongkok. Ku kituna tiasa nyobian rasa nu rupi-rupi. Rasana oge teu kawon raos. Tempatna cekap merenah, pelayananna ge enggal. ","Makan di sini cukup nikmat karena menunya beragam, dari mulai menu indonesia, asia, hingga tiongkok. Sehingga bisa mencoba rasa yang beragam. Rasanya juga tidak kalah enak. Tempatnya cukup nyaman, pelayanannya pun cepat"
Translate Sundanese to Indonesian: Dahar di luhureun gunung sareng pamandangan lampu kota ti wengi teh endah pisan. Dahareunana oge raoseun hargina standar sapertos kafe nu sanesna.,Makan di atas gunung degan pemandangan lampu kota kalau malam sangat indah. Makanannya juga enak harga standar seperti kafe yang lain.
"Translate Sundanese to Indonesian: Saleresna rada lucu oge sih ka bandung, mung ning tuang pizza hut. Ngan kusabab nuju hoyong pizza. Rasana teu benten sareng nu di Jakarta.","Sebenarnya agak lucu juga sih ke bandung, tapi kok makan pizza hut. Hanya karena lagi ingin pizza. Rasanya tidak berbeda dengan yang di Jakarta."
"Translate Sundanese to Indonesian: baheula resep pisan tuang di dieu dina sami waktosna di Jakarta, nembe terang yen aya oge di Bandung. Tempatna sae pisan. Aya seueur pilihan suasana anu tiasa dipilih, naha di luar, di jero rohangan, ngaroko atanapi henteu, aya tempat pikeun sadaya jinis tamu. Dahareunana oge raos. Siga pasta-pasta ala urang Indonesia.","Dulu suka banget makan di sini waktu sama di jakarta, baru tahu kalau di bandung juga ada. Tempatnya enak banget. Banyak pilihan suasana yang bisa dipilih, mau di luar, indoor, merokok atau ngge tidak, ada tempat buat segala jenis pengunjung. Makanannya juga enak sih. Ya pasta-pasta ala orang indonesia."
Translate Sundanese to Indonesian: Keur naon maneh sakola luhur-luhur mung nyarios kawas anying ngagonggong,Untuk apa kau sekolah tinggi-tinggi tapi ngomong macam anjing menggonggong.
"Translate Sundanese to Indonesian: Sae sareng merenah tempat, tempatna direkomendasikeun pisan kanggo tuang wengi. Sumping sareng pasangan dilayanan ku mbak dela, dijelaskeun ditel sareng darehdeh pisan. Menuna rupi-rupi sareng raos, sawaktos sumping abdi sareng pasangan nyobian menu lokal sareng asingna, duanana sami-sami raos. Kanggo saran hungkul, tong sumping ka tempat ieu, tiasa-tiasa kalahka bolak-balik sumping, hehehehe. Pamandanganna luar biasa.","Bagus dan nyaman tempat, tempatnya rekomendasi banget buat makan malam. Datang sama pasangan dilayani sama mbak dela, dijelaskan detail dan ramah banget. Menunya variatif dan enak, pas datang saya sama pasangan nyobain menu lokal dan asingnya, keduanya sama-sama enak. Buat saran saja, jangan datang ke tempat ini, bisa-bisa malah bolak balik datang, hehehehe. Pemandangannya luar biasa."
"Translate Sundanese to Indonesian: Kanggo nu resep amis, cobi sangu hayam supana. Upami teu resep, cobi pilih sangu lauk asin. Nu kakoncara satena, disajikeun di luhur piring panas. Pilihan sanes nu seueur dipesen nyaeta tahu goreng.","Buat yang suka manis, coba nasi ayam jamurnya. Kalau tidak suka, coba pilih nasi ikan asin. Yang terkenal satenya, disajikan di atas piring panas. Pilihan lain yang banyak dipesan adalah tahu goreng."
Translate Sundanese to Indonesian: Abdi resep pisan tuang di dieu. Pangaosna teu awis teuing sareng rasana raos. Nu pang resepna abdi jamur panggangna. Kejuna seueur sareng lembut. Unggal kali ka dieu tangtu mesen ieu.,Saya suka sekali makan di sini. Harganya tidak terlalu mahal dan rasanya enak. Yang paling saya suka jamur panggangnya. Banyak kejunya dan lembut. Tiap kali ke sini pasti order ini.
"Translate Sundanese to Indonesian: Dina restoran eta aya seeur pilihan tuangeun, mimiti ti nu mirah nepi nu awis","Di restoran itu tersedia banyak pilihan makanan, mulai dari yang murah hingga yang mahal"
Translate Sundanese to Indonesian: Tempat nu merenah sareng alami kanggo nyandak kulawargi relaks suasana pedesaan alami. Ngeunalkeun murangkalih ka alam,Tempat yang nyaman dan alami untuk membawa keluarga relaks suasana pedesaan alami. Mengenalkan anak pda alam
"Translate Sundanese to Indonesian: Tos samiwon ieu pdam di daerah arurang teu ngalir, kunaon stok cai pdam seep. Tanggung jawab atuh","Sudah seminggu ini pdam di daerah kami tidak mengalir, apa stok air pdam habis. Tanggung jawab dong"
Translate Sundanese to Indonesian: Gawe ti isuk nika isuk deui teh ngan bakal nyiksa diri sorangan. Jadi teu kudu leuleuwihan lamun soal pagawean.,Kerja dari pagi sampai pagi lagi itu cuma bakal menyiksa diri sendiri. Jadi tidak usah berlebihan kalau soal kerjaan.
"Translate Sundanese to Indonesian: Rasa kadaharanana teu saawis pangaosna. Kaawisan pikeun pangunjung kulawarga, grup babaturan atawa bisnis.","Rasa makanan tidak semewah harganya. Overpriced untuk pengunjung keluarga, grup teman atau bisnis."
"Translate Sundanese to Indonesian: Upami mampir ka Sukabumi, tong hilap ngaraosan bubur hayam hamid. Asli, ngeunah pisan, beda jeung bubur hayam di tempat sejen. Suwiran hayamna lumayan seeur, bumbuna oge karaos pisan, komo lamun dituang ditambihan ku sate ampela atawa peujit. Dijamin katagihan!","Kalau mampir ke sukabumi, jangan lupa nyicip bubur ayam hamid. Asli, enak banget, beda dengan bubur ayam di tempat lain. Suiran ayamnya lumayan banyak, bumbunya juga terasa banget, apalagi jika kita makannya ditambah sate ampela atau usus. Dijamin bakal ketagihan!"
Translate Sundanese to Indonesian: Tulunglah pihak telkomsel dibenerkeun pangaos-pangaos paket internetna pangaosna salangit.,Tolonglah pihak telkomsel di revisi harga-harga paket internetnya harganya selangit.
Translate Sundanese to Indonesian: Nu dipikahormat hapunteun respon pesen abdi. Haturnuhun,Yang terhormat tolong dong respon pesan saya. Terima kasih
Translate Sundanese to Indonesian: Lain ngan saukur namina swike waled. Rasana sami raosna sareng anu di kampung waled cirebon kuah taucona asinna pas. Swieke gorengna oge raos. Ngan hargana rada mahal dibandingkeun sareng swike di cirebon.,Bukan hanya namanya saja swike waled. Rasanya sama enaknya dengan yang di desa waled cirebon kuahnya tauconya asinnya pas. Swieke gorengnya juga enak. Cuma harganya agak mahal dibanding swike di cirebon.
Translate Sundanese to Indonesian: Kengingkeun hardisk ku harga promo pikeun unggal order jasa ngeusian hardisk 1 TB pinuh,Dapatkan hardisk dengan harga promo untuk setiap pemesanan jasa isi hardisk penuh 1 tb
"Translate Sundanese to Indonesian: Restoran unik kalayan menu nasi gorengna nu unik oge. Nasi gorengna disajikeun tingkat lada anu bareda. Upami anjeun resep kana tuangeun lada kedah nyobian nasi goreng di dieu. Salaku tambahan, nasi gorengna disayogikeun kalayan sababaraha jinis resep sapertos ebi, kemangi, kecap amis, rempah-rempah rahasia sareung campuran kencur. Unggal porsi dilayanan kalayan takaran anu leres. Harga per porsina dimimitian ti rp 13,000 - rp 21,000. Palayananna ngeunaheun pisan.","Restoran unik dengan menu nasi goreng yang unik pula. Nasi goreng disajikan dengan level kepedasan yang berbeda-beda. Anda penggemar pedas harus mencoba nasi goreng di sini. Selain itu, nasi goreng disajikan dengan berbagai resep seperti dengan ebi, kemangi, kecap manis, bumbu rahasia sampai dengan campuran kencur. Per porsi disajikan dengan takaran yang pas. Harga per porsinya mulai rp 13. 000 - rp 21. 000. Pelayanan sangat menyenangkan."
Translate Sundanese to Indonesian: Nganggo telkomsel hoyong ambek wae babagi capture kirang ti 100 kb muter wae teras kalahka gagal. Mung dipompakan nyariosna jaringan teu aya masalah.,Pakek telkomsel pengin marah terus hanya berbagi capture kurang dari 100 kb muteer terus berujung gagal. Tetapi kalau dipompakan bilangnya jaringan tidak bermasalah.
"Translate Sundanese to Indonesian: Dagoan weh, pasti dipasihan. Biasana ge maksimal saminggon","Ditunggu saja, pasti dikasih. Biasa maksimal seminggu kok"
"Translate Sundanese to Indonesian: Raos, tempatna bersih merenah, sareng tuangeun nu disayogikeun ge rupi-rupi. Salian eta, tempatna nu aya di kota ngajadikeun tempat reureuh jalmi-jalmi nu balanja sareng didamel kantoran. Hargina kintun awis mung setara ku raosna.","Enak, tempatnya bersih nyaman, dan makanan yang disajikan pun bervariasi. Selain itu tempatnya yang berada di kota menjadikan tempat istirahat orang-orang yang berbelanja dan pekerja kantoran. Harganya memang mahal tapi setara dengan rasanya"
"Translate Sundanese to Indonesian: Pilarian we di bukalapak. Mung kepepet, tiasa nganggo nu gaduh redmi 4a.","Cari di bukalapak saja. Kalau kepepet, sementara bisa gunakan punya redmi 4a."
"Translate Sundanese to Indonesian: Tuangeunna lumayan, mung aya palayan nu rada jorok we janteun kirang merenah. Kanggo tuangeun rada enggal nya supados teu kalaparan konsumen. Keneh seueur nu kudu ditingkatkeun.","Makannya lumayan, tapi ada pelayan yang agak jorok saja jadi kurang nyaman. Untuk makanan agak cepat ya agar tidak kelaparan konsumen. Masih banyak yang harus ditingkatkan."
"Translate Sundanese to Indonesian: Panginten nembe tabuh 4 sonten dina dinten kemis. Abdi sareng rerencangan abdi hoyong coffe break. Abdi hilap arurang mesen inuman naon wae waktos eta, ngan nu abdi emut nyaeta dina sawaktos milih menu a, disauran ku palayanna tos seep. Tuluy arurang milih menu b,. Eh tos seep oge. Ahirna kapaksa milih menu nu sanes. Cekap ngeheulkeun.","Padahal baru jam 4 sore di hari kamis. Saya dan teman saya mau coffe break. Saya lupa kami pesan minuman apa waktu itu, hanya yang saya ingat adalah pada saat pilih menu a, dibilang dengan pelayannya sudah habis. Lalu kami pilih menu b,. Eh sudah habis juga. Akhirnya terpaksa memilih menu lain. Cukup menyebalkan."
"Translate Sundanese to Indonesian: Upami di dieu dagingna langkung raos, bumbuna ge langkung karaos ti nu di ditu,  pangaosna oge teu langkung teuing.","Kalau di sini dagingnya lebih enak, bumbunya sih lebih berasa yang di sana, harganya juga tidak beda jauh."
"Translate Sundanese to Indonesian: Tempat nu endah tur romatis ku pamandangan kota bandung ku kelap-kelip lampuna nu mirip sareng rebuan cahaya lilin ti peuting jeung hawa tiis pagunungan,. Sumawonten tuangeun nu raos haneut sareng tampilan nu ngagoda pisan. Wah lebar pisan upami kaliwat. ","Tempat yang indah dan romantis dengan pemandangan kota bandung dengan kerlip lampunya yang mirip dengan ribuan cahaya lilin di malam hari serta hawa dingin pegunungan,. Apalagi hidangan yang lezat hangat dan penampilan yang sangat menggoda. Wah sangat sayang jika dilewatkan."
Translate Sundanese to Indonesian: Panasaran ka dieu teh kumargi unggal ngalangkung tol osok ningali iklanna di jalan. Sawaktos ka ditu nyatana tempatna teh condong kana biasa wae. Ka ditu nuju wengi-wengi ditambih hujan deuih janteun sok rada becek.,Penasaran ke sini karena tiap melewati tol selalu melihat iklannya di jalan. Pas ke sana ternyata tempatnya cenderung biasa saja. Ke sana pas malam-malam plus hujan juga jadi agak becek.
"Translate Sundanese to Indonesian: Resto ieu cekap lega, suasanana nyenengkeun pisan, pangunjung tiasa ningali pamandangan kota bandung. Menu tuangeun barat sareng tuangeun indonesia. Pangaosna cocog ka kualitas sareng palayanan.","Resto ini cukup luas, suasana sangat menyenangkan, pengunjung dapat melihat pemandangan kota bandung. Menu makanan barat dan indonesian makanan. Harga sesuai kualitas dan pelayanan."
Translate Sundanese to Indonesian: Bogor bade dipimpin deui ku bima arya.,Bogor akan dipimpin kembali oleh bima arya.
"Translate Sundanese to Indonesian: Sasih Januari abdi atos ka galeri Indosat pikeun ngadaptar kartu, saur mbakna anu kagungan kantong eta, parantos didaptarkeun saurna, naha kamari kuring henteu tiasa nelepon sareng sms sabab diblokir jeung henteu didaptarkeun. Naon atuh kahayangna? Hatur nuhun kana layanan anu excellent pisan.","Bulan januari saya sudah ke galeri indosat untuk registrasi kartu, kata mbaknya yang tas, sudah teregistrasi kok, tapi kemarin tidak bisa telepon dan sms karena diblokir belum registrasi. Maunya apa coba? Terima kasih atas layanannya yang excellent sekali."
"Translate Sundanese to Indonesian: Abdi nyobian suis butcher di suis butcher stiabudhi, abdi oge nyobian suis butcher di jalan. Riau. Abdi leuwih resep suasana di suis butcher setiabudi anu henteu rame teuing, sareng tempatna oge ngeunaheun keur ngobrol. Kadaharan anu kuring resep tenderloin, salad, frencfries, sareng tiramisuna. Pangaos  sareng rasana sabanding, wajar deui sareng palayanan na lumayan gancang.","Saya mencoba suis butcher di selai di suis butcehr di stiabudhi, saya juga mencoba suis butcher di jalan. Riau. Saya lebih menyukai suasanan di suis butcher di setiabudi yang tidak terlalu ramai, dan enak tempatnya buat ngobrol. Makanannya saya suka tenderloin, salad, frencfries, dan tiramisunya. Harga dan rasa sebanding kok, so setimpal sekali pelayanannya juga lumayan cepat."
"Translate Sundanese to Indonesian: Wifi di dieu eror wae, tuangeun sareng inuman cekap awis, lumpiah goreng asin pisan, teh susu sakedik raos hungkul, lami pisan kanggo pesenan","Wifi di sini selalu eror, makanan dan minuman agak mahal, lumpiah goreng asin sekali, teh susu hanya sedikit enak, lama sekali untuk pesanan"
"Translate Sundanese to Indonesian: Hayang ka hotel nu di mongkok Hongkong, teu aya! Sasih Juni kamari, kuring pesen sareng parantos mayar 2 kamar. Tapi hotelna teu kapanggih.","Mau ke hotel yang di mongkok hongkong, tidak ada! Bulan juni lalu, saya booked dan sudah bayar untuk 2 kamar. Tapi hotel tidak ditemukan."
Translate Sundanese to Indonesian: Tibatan raribut ngeunaan barang flash sale leuwih alus maen poker online.,Daripada ribut-ribut soal barang flash sale mending main poker online.
"Translate Sundanese to Indonesian: Roti Unyil, toko kue nu nyayogikeun rupi-rupi jinis roti / kue ku ukuran alit, kasohor pisan di Bogor sareng Bandung.","Roti Unyil, toko kue yang menyediakan berbagai macam roti / kue dengan ukuran kecil, sangat dikenal di Bogor dan Bandung."
"Translate Sundanese to Indonesian: Hoyong ngabantosan masihan infona, mung kuota internet abdi kawatas.","Ingin bantu kasih hubungan infonya, tapi kuota internet saya terbatas."
"Translate Sundanese to Indonesian: Abdi sapamadegan, acara eta kudu dileungitkeun, seueur acara nu teu aya guna. Jalmi-jalmi anu dilebet acarana ge tingkahna sapertos jalmi nu teu sakola wae.","Saya sependapat, acara tersebut harus dihilangkan, banyak acara yang tidak berguna. Orang-orang dalam acaranya pun bertingkah seperti orang tidak sekolah saja."
"Translate Sundanese to Indonesian: Resto nostalgia kedah disumpingan, tempat anu nyaman pikeun kulawarga, parkir anu lega. Masakan ampir sadayana raos, hususna steak, saslick sareng es krim.","Resto nostalgia yang wajib dikunjungi, tempat yang nyaman buat keluarga, parkir yang luas. Hidangannya hampir semua enak, terutama steak, saslick dan es krim."
"Translate Sundanese to Indonesian: Ajakan kulawarga, rencang sakantor, sobat perjalanan, kabogoh, kabogoh batur, atanapi mantan kabogoh, pikeun milih panghargaan ieu.","Ajak keluarga, kawan satu kantor, kawan jalan, pacar, kawan pacar, atau bahkan mantan pacar, buat suara award ini."
"Translate Sundanese to Indonesian: Tempatna merenah, kalayan konsep anu pabrik pisan. Hanjakalna hampir sadaya menuna henteu halal.","Tempatnya menarik, dengan konsep yang sangat pabrik. Sayangnya hampir seluruh menunya non halal."
Translate Sundanese to Indonesian: Keur urang Jogja mah haroream puguh 2 kali kadinya. Ceukap sakali. Abus kudu mayar. Dahareun awis.,Untuk orang jogja sih malas kembali ke sana 2 kali. Cukup sekali. Masuk harus bayar. Makanan mahal.
Translate Sundanese to Indonesian: Seueur kulawargi abdi nu didamel jadi pegawai negeri,Banyak keluarga saya yang bekerja sebagai pegawai negeri
"Translate Sundanese to Indonesian: Arurang tuang di restoran eta sareng palayananana lumayan hade. Tempatna lega, aya nu di lebet rohang, aya nu di teras. Tuangeun langsung dipilih tina meja saji nu aya di lebet restoran. Aya pilihan menu anu seger, anu nembe digoreng sawaktos dipesen sareng hampir sadayana nyaeta menu tradisional. Ngantosan pesenan teu lami. Panyajian na unik kusabab teu nganggo pirin ngan nganggo daun. ","Kami makan malam di restoran itu dan pelayanannya cukup memuaskan. Tempatnya luas, ada yang berada di dalam ruangan, ada yang diteras. Makanan langsung dipilih dari meja saji di dalam restoran. Ada pilihan menu segar yang baru digoreng pada saat dipesan dan sebagian besar menu tradisional. Waktu tunggu tidak lama. Penyajian unik karena tidak menggunakan piring melainkan memakai daun."
Translate Sundanese to Indonesian: Kirimanna rada telat 1 dinteun nganggo kurir eta. Langkung responsif atuh.,Kiriman agak terlambat 1 hari pakai kurir itu. Lebih responsif dong
"Translate Sundanese to Indonesian: Sawaktos hoyong tuang rupi-rupi tuangeun, pilihanna Hanamasa wae. Lokasi tempatna cekap sae. Pilihan tuangeunna seueur, ti mimiti makanan ringan, babakaran, rebusan nepi makanan panutup. Teu nguciwakeun pisan.","Ketika ingin menyantap variasi makanan, pilihannya selalu Hanamasa. Lokasi tempatnya cukup enak. Pilihan makanannya banyak, dari mulai makanan ringan, bakar-bakaran, rebusan hingga makanan penutup. Sangat tidak mengecewakan."
"Translate Sundanese to Indonesian: Kengingkeun voucher pulsa rp 25.000, - pikeun dua jalma anu untung unggal dinten ngan ku nga-retweet bniquotes","Dapatkan voucher pulsa rp 25.000, - untuk dua orang yang beruntung setiap harinya hanya dengan retweet bniquotes"
"Translate Sundanese to Indonesian: Tuang di resto mewah, pangaos tangtos we awis, mung rasana payah, bener-bener pikakeuheuleun.","Makan di resto mewah, harga tentu saja mahal, tapi rasanya payah, sungguh menjengkelkan."
Translate Sundanese to Indonesian: Gunana shazam: ngarah nyaho lagu-lagu ajaib anu dimaenkeun ku supir gocar,Gunanya shazam: Biar tahu lagu-lagu ajaib yang diputer sopir gocar
"Translate Sundanese to Indonesian: Resepna tuang di redsdifo, nembe ayeuna ieu abdi resep pisan tuang lauk. Laukna seger, raos, sareng teu aya bau anyir deui. Pokokna mah lauk bawal raos. Sareng kopi robusta susu mantap. Pokok. A katagihan deuh, Redsdipo jadi tempat karesepan abdi. Raos pokokna mah.","Enaknya makan di redsdifo, baru kali ini dah saya suka banget makan ikan. Ikannya segar, enak, dan tidak ada bau amis lagi. Pokoknya ikan bawal enak. Dan kopi robusta susu mantap. Pokok. A ketagihan dah. Redsdipo jadi tempat favorit saya. Enak pokoknya mah."
Translate Sundanese to Indonesian: Ieu kunaon sih astaga telkomsel rek indihome duanana pimasalaheun wae! Awis hungkul woy!,Ini kenapa sih astaga telkomsel maupun indihome dua-duanya sering bermasalah! Mahal doang woy!
Translate Sundanese to Indonesian: Kuring indit ka dieu ngan milarian saeutik hiburan bari liburan jeung kulawarga kuring. Kuring ukur nginum sareng tuang tuangeun sakedik. Inuman di dieu mirah pisan dibandingkeun sareng Jakarta.,Saya pergi ke sini hanya untuk mencari sedikit hiburan di kala berlibur bersama keluarga. Saya hanya minum dan makan makanan kecil. Minuman di sini harganya murah banget dibandingkan dengan jakarta. 
Translate Sundanese to Indonesian: Tagihan indihome kuring sasih oktober ieu benten sareng sasih September. Kaawis mahal. Naha kumaha? Jangjina keur awal masang moal aya biaya anu sanes sareung biaya flat. Ieu kalahkah naik turun kumaha sih? Konsisten atuh,Tagihan indihome saya bulan oktober ini beda dengan bulan september. Jatuhnya lebih mahal. Kenapa bisa begitu? Janjinya waktu awal pasang tidak ada biaya lain dan biaya flat. Ini kok naik turun bagaimana? Konsisten dong
"Translate Sundanese to Indonesian: Hanjakal pisan emam indomie salted egg. Emana tadi tabuh 8 enjing, dugi ka ayeuna after tastena masih aya keneh! Teu raos pisan ya allah","Ini menyesal sekali makan indomie salted egg. Makannya tadi pagi jam 8, sampai sekarang after tastenya masih ada! Gaenak banget lagi ya allah"
"Translate Sundanese to Indonesian: Bakso nu unik. Bakso ku jenis eusian nu beda-beda. Aya nu eusi na keju, daging cincang pedes sareng urat. Abdi milih cincang daging pedas ehmmm rasa na sesuai sareng namina. Pangaos na mirah, tempat na beresih.","Bakso yang unik. Bakso dengan jenis jenis isian yang berbeda. Ada yang isi keju, daging cincang pedas dan urat. Saya memilih cincang daging pedas ehmmmm rasanya sesuai dengan namanya. Harganya murah, tempat bersih."
Translate Sundanese to Indonesian: Nyieun macet jalan wae yeuh jalmi,Bikin macet jalan saja nih orang
Translate Sundanese to Indonesian: BNI ningkatkeun merek liwat stasiun BNI City,Bni tingkatkan branding melalui stasiun bni city
Translate Sundanese to Indonesian: #ERROR!,"Sensasi makan dengan alas daun pisang, dengan enaknya cumi bakar dan tempe tepung yang gurih, serta sambal yang menggugah selera. Memang mantap"
"Translate Sundanese to Indonesian: Mie mewek perenah di jalan pajajaran. Dekeut ka area BEC, pusat icalan gadget. Di dieu arurang tiasa nganikmatan kuliner khas mangrupi tuangeun sareng cita rasa lada. Mie nangis bade ngajieun arurang nu panikmatna bener-bener ceurik, kusabab kaladaan sakaligus katagihan kanggo sumping sareng tuang deui. Mieuna kandel sareng kenyel. Raos.","Mie mewek terletak di jalan pajajaran. Dekat dengan area BEC, pusat penjualan gadget. Di sini kita bisa menikmati kuliner khas berupa makanan dengan cita rasa pedas. Mie nangis akan membuat kita sebagai penikmatnya benar-benar menangis, karena kepedesan sekaligus ketagihan untuk datang dan makan lagi. Mienya tebal dan kenyal. Enak."
Translate Sundanese to Indonesian: Anjeunna tuang indomilk dijero kulkas,Dia memakan susu indomilk di dalam kulkas
Translate Sundanese to Indonesian: Kuheul pisan ti tatadi icalan yakult teu untung wae,Kesal banget dari tadi jualan yakult tidak untung terus
Translate Sundanese to Indonesian: Ramayana muka deui cabangna di samarinda,Ramayana kembali membuka cabangnya di samarinda
"Translate Sundanese to Indonesian: Tempat ieu kasohor pisan di kalangan mahasisswa. Kusabab ngeunaheun, pangaosna oge mirah ceuk kuring mah. Sae pisan.",Tempat ini terkenal banget di kalangan mahasiswa. Karena selain enak harganya juga termasuk murah kalau menurut saya. Top deh.
"Translate Sundanese to Indonesian: Rupi-rupi macem karya seni nu ditampilkeun di lantai dasar sareng kadua bener-bener menarik perhatosan. Salian eta di halaman luar oge seueur karya seni nu tiasa ditingali. Pamandangan nu nyerukeun panon, sareng cuaca nu adem midamel tempat ieu diresepan pisan ku seueur jalmi. ","Beragam macam karya seni yang ditampilkan di lantai dasar dan kedua sungguh menarik perhatian. Selain itu di halaman luar juga banyak karya seni yang bisa diamati. Pemandangan yang menyerukan mata, serta cuaca yang adem membuat tempat ini sangat disukai banyak orang."
"Translate Sundanese to Indonesian: Abdi teu resep kanu palatih nu ayeuna, strategi na didamel teu tiasa dianggo kanggo ngelehkeun lawan.","Gue enggak suka sama pelatih yang sekarang, strategi yang dibikinnya tidak bisa dipakai buat mengalahkan lawan."
Translate Sundanese to Indonesian: Ieu mangrupikeun tempat makan pikeun jalma anu ngantosan kulawargana anu sibuk balanja. Tapi sanes pikeun jalma anu resep kana tuangeun anu ngeunah. Di Jakarta seueur tempat dahar anu langkung raoseun sareng pangaosna langkung leuwih mirah.,Ini adalah tempat makan untuk orang yang menunggu keluarganya yang sedang asyik berbelanja. Tetapi tidak untuk orang orang yang senang makanan yang enak. Di jakarta banyak sekali tempat makan yang jauh lebih enak dan harganya jauh lebih murah.
"Translate Sundanese to Indonesian: Upami anjeun tos rengse transaksi ngirim, pastikeun cek deui alamat dina resi saacan ninggalkeun conter jne pondok timur ya","Bila kamu selesai transaksi mengirim, pastikan cek kembali alamat di resi sebelum meninggalkan counter jne pondok timur ya"
"Translate Sundanese to Indonesian: Tajong kaditu tajong kadieu teunggeulan diditu teunggeulan didieu, tetela masing-masing gaduh agenda anu disumputkeun! Keuhel!","Tendang sana tendang sini hajar sana hajar sini, ternyata masing-masing punya agenda tersembunyi! Menyebalkan!"
Translate Sundanese to Indonesian: Keuheul lain kusabab anjeun. Mung persis dielehkeun pssm. Teu ngeunah hate teu ngeunah sare teu ngeunah dahar. Sagala kusabab pssm!,Kesal bukan karena mu. Tetapi persis dikalahkan pssm. Tidak enak hati tidak enak tidur tidak enak makan. Semua gara-gara pssm!
"Translate Sundanese to Indonesian: Ngeusian pulsa via atm bca tadi tabuh 17.48 nepi ayeuna teu kantos lebet, punten tulung diparios? Hatur nuhun.","Isi pulsa via atm bca tadi jam 17.48 sampai sekarang belum masuk, boleh tolong dicek? Terima kasih"
"Translate Sundanese to Indonesian: Senen isuk abdi dieusian ku kagiatan wawancara, saacan sumping ka lokasi, abdi kudu mesen gojek jeung kaayaan masih keneh hujan. ","Senin pagi gue diisi dengan kegiatan wawancara, sebelum jalan ke lokasi gue harus memesan gojek dan suasana masih hujan."
"Translate Sundanese to Indonesian: Tempat anu paling cocog pikeun milarian tuangeun upami anggaran terbatas tapi nyugemakeun, di dieu aya seueur pilihan mimitian ti kadaharan khas ti daerah Indonesia dugi ka masakan modern.","Tempat yang paling cocok untuk mencari makanan kalau budget terbatas tetapi memuaskan, di sini banyak sekali pilihannya dari mulai masakan khas dari daerah di indonesia sampai masakan modern."
Translate Sundanese to Indonesian: Abdi ningali seeur panganggo indosat keuna pamotongan pulsa. watir.,"Saya lihat banyak pengguna indosat terkena pemotongan pulsa, kasihan."
"Translate Sundanese to Indonesian: Tempat nu alami pisan, sareng menu nu rupi-rupi, sareng rasana nu pas. Abdi resep ka bandrek jagongna, jagong nu amis disajikeun haneut pisan. Aya rupi-rupi jajanan tradisional nu tos jarang dipilarian.","Tempat yang sangat alami, dengan menu yang variatif, dengan rasa yang pas. Saya suka dengan bandrek jagungnya,  jagung yang manis disajikan sangat hangat. Ada aneka jajanan tradisional yang sudah jarang ditemui."
Translate Sundanese to Indonesian: Bapak ieu nyariosna teu leubeut kana akal! Jalmi diculik naha kalahkah mikiran nu nyulik. Teori ti mana tah eta?,Bapak ini ngomongnya tidak masuk akal! Orang diculik kok malah memikirkan penculiknya. Teori dari mana itu?
"Translate Sundanese to Indonesian: Tempat na ageung. Muka 24 dinten. Cocog pikeun nyemil. Sofa na merenah. Ngan hanjakal seueur mahasiswa nu ngadamel tugas di dinya, jadi na jarang lowong tempat na upami wengi. Hehehehe","Tempatnya besar. Open 24 hari. Cocok buat ngemil. Tempat duduk sofanya nyaman. Sayang banyak mahasiswa yang mengerjakan tugas di sana, jadi jarang kosong tempatnya kalau malam. Hehehe"
Translate Sundanese to Indonesian: Teu untung abdi ngiring rombongan kanggo angkat ka bali ngabosenkeun pisan,Tidak untung saya ikut rombongan untuk pergi ke bali sangat membosankan
"Translate Sundanese to Indonesian: Sanaos rada berliku-liku dugi ka tempat ieu mung kabayarkeun ku suasana anu sepi, tenang, sareng oge suasana hawa dataran tinggi na, nu kaleresan abdi biasa mung tuang di luar pasti pas dinten damel ngarah teu rame teuing mung ya minuna teu aya lift musik. Kanggo tuangeunna cekap raos jeung kulawargi abdi ge cekap resep.","Walaupun cukup berliku untuk sampai ke tempat ini tapi terbayarkan dengan suasana sepi, tenang dan juga suasana udara dataran tingginya, yang kebetulan saya biasanya kalau makan di luar pasti pas hari kerja karena biar tidak terlalu ramai tapi ya minusnya tidak ada lift musik. Untuk makanannya cukup enak dan keluarga saya pun cukup menikmatinya."
Translate Sundanese to Indonesian: Cocog pisan pikeun tuang sareng kulawarga ngaraosan tuangeun anu lezat bari ngobrol lepaskeun cape saatos sadidinten kagiatan pokokna pangalusna lah,Sangat cocok untuk bersantap bersama keluarga menikmati hidangan yang lezat sambil mengobrol melepas penat setelah seharian beraktivitas pokoknya terbaik deh
"Translate Sundanese to Indonesian: Sumping ka restoran ieu teu aya bosenna, komo dina dinten wengi arurang sakulawargi resep pisan tempat ieu kumargi aya live musikna. Suasanana teu gentos ti tahun ka tahun. Menu nu disayogikeun ge keneh teteup sami, ti mimiti menu eropa nepi menu khas indonesia keneh memikat. Porsina ge teu eleuh seueur.","Datang ke restoran ini tidak ada bosannya, apalagi di malam minggu kami sekeluarga sangat menyukai tempat ini karena ada live musiknya. Suasananya tidak berubah dari tahun ke tahun. Menu yang disajikan pun masih tetap sama, dari mulai menu eropa sampai menu khas indonesia tetap memikat. Porsinya juga tak kalah banyak."
Translate Sundanese to Indonesian: Mung ningali bengeut jelema ieu bawaan na emosi tingkat dewa,Kalau melihat muka orang ini bawaan emosi tingkat dewa
Translate Sundanese to Indonesian: Tuangeun india numutkeun abdi teu raos. Seueur teuing rempah,Masakan india menurut ku tidak enak. Terlalu banyak rempah
"Translate Sundanese to Indonesian: Abdi sakulawargi sumping ka tempat ieu kusabab tos wengi sareng teu aya resto nu muka. Tos tabuh 10 wengi ge tempat ieu masih keneh macet, parkiran pinuh, jeung korsi anu di lebet resto pinuh. Patugas nu katingalina cape ngalayananana teu someah. Ampun. Jadina pesenan abdi dicandak ka hotel. ","Kami sekeluarga ke tempat ini karena hari sudah larut malam dan tidak ada resto lain yang buka. Ternyata jam 10 malam pun tempat ini masih macet, parkir penuh dan tempat duduk di dalam resto penuh. Petugas yang tampak kelelahan melayani dengan masam. Ampun. Akhirnya makanan kami bawa ke hotel."
Translate Sundanese to Indonesian: Oh muhun abdi hoyong fitur cetak resi otomatis dilereskeun.,Oh iya saya mau fitur cetak resi otomatis diperbaiki.
Translate Sundanese to Indonesian: Mimiti taun ieu bakti budaya djarum foundation digawe bareng jeung bengkel garin,Awal tahun ini bakti budaya djarum foundation bekerjasama dengan dan garin workshop
"Translate Sundanese to Indonesian: Ku meser morinaga chil kid sareng chil school saharga rp 500. 000, bunda bakal nampi voucher gopay rp 50. 000. ","Dengan membeli morinaga chil kid dan chil school senilai rp 500. 000, bunda akan mendapatkan voucher gopay rp 50. 000."
Translate Sundanese to Indonesian: Ayeuna para wisatawan anu mikareuseup diving teh kuciwa pisan kana kayaan teluk ambon nu katingalina endah mung kotor pisan.,Saat ini para wisatawan pecinta diving sangat kecewa dengan kondisi teluk ambon yang nampak indah namun sangat kotor
"Translate Sundanese to Indonesian: Rekomendasi kanggo tuang siang ala indonesia, pilihan tuangeun seueur pisan tinggal tunjuk we. Pangseueurna nu bentuk gorengan, misalkeun empal, hayam goreng, tahu goreng dll. parabot tuangeun nu dianggo nu ala model jaman baheula, sapertos piring seng, gelas seng, ngingetkeun tuang dina jaman baheula. Palayanan enggal. Mantap","Rekomendasi untuk makan siang ala indonesia, pilihan makanannya banyak sekali tinggal tunjuk saja. Terbanyak yang bentuk gorengan, misalnya empal, ayam goreng, tahu goreng dll. peralatan makan yang dipakai yang ala model zaman dulu, seperti piring seng, gelas seng, mengingatkan makan di zaman dahulu. Pelayanan cepat. Mantap"
"Translate Sundanese to Indonesian: Tempatna merenah, anginan pisan mung tiis oge. Konsep tempatna sae, vip roomna keren pisan. Instagramable pisan deuh tempatna. Cocog kanggo nongkrong-nongkrong sareng rerencangan, kulawargi, kabogoh. Tuangeunna oge teu awon, sareng pangaosna oge kahontal. Mbak kasirna sawaktos eta darehdeh pisan.","Tempatnya nyaman, sangat windy tapi sejuk juga. Konsep tempatnya bagus, vip roomnya keren sekali. Instagramable banget deh tempatnya. Cocok untuk nongkrong-nongkrong bareng teman, keluarga, pacar. Makanannya juga not bad, dan harganya juga terjangkau. Mbak kasirnya waktu itu ramah sekali."
Translate Sundanese to Indonesian: Ieu tua bangka geus bau taneuh naha teu eling-eling nya. manusa panggoreng na nu pangbusukna.,Ini tua bangka sudah bau tanah kok tidak sadar-sadar ya. manusia terburuk yang paling busuk.
"Translate Sundanese to Indonesian: Teu aya sunlight sareng mama lemon, garnier men turbo oil control oge sae pikeun ngumbah leungeun saatos masak alias leueur saatos kakeunaan minyak.","Tak ada sunlight dan mama lemon, garnier men turbo oil control pun jadi buat cuci tangan setelah masak alias licin cuy setelah kena minyak."
"Translate Sundanese to Indonesian: Batagor kingsley raos pisan sareng dipikaresep ku kulawargi sareng wargi jakarta. Unggal sumping ka bandung, kulawargi sareng rerencangan nyuhunkeun wae dipangmeserkeun batagor kingsley.","Batagor kingsley sangat lezat dan disukai oleh keluarga dan warga jakarta. Setiap kali pergi ke bandung, keluarga dan teman-teman selalu minta dibelikan batagor kingsley."
"Translate Sundanese to Indonesian: Kopi nu paling raos di dieu nyaeta kopi alpuket sareng kopi cau. Kopi nyampur alpuket teu midamel rasa kopi ieu mudar, cocog pisan di ilat abdi salaku pecinta kopi campuran. Jenis tuangeun nu disajikeun ge lumayan raos, karesep abdi nyaeta kentang gorengna kanggo pangaos kahontal.","Kopi yang paling enak di sini adalah kopi alpukat dan kopi pisang. Kopi bercampur alpukat tidak membuat rasa kopi ini memudar, sangat cocok di lidah saya sebagai pecinta kopi campuran. Jenis makanan yang disajikan pun lumayan enak, favorit saya adalah kentang gorengnya untuk harga terjangkau."
Translate Sundanese to Indonesian: Manehna kanyahoan nyieun indomie goreng jumbo sanajan pan mung hiji mah teu wareg.,Dia ketahuan bikin indomie goreng jumbo padahal kan kalau 1 itu tidak kenyang.
"Translate Sundanese to Indonesian: Nalika kuring ngadatangan restoran ieu kusabab rencang bisnis kuring ngajak. Nalika kuring ngarasakeun mie ieu asa gaduh citarasa nikmat pisan. Hanjakalna dina waktos eta, mie kuring asin teuing. Jadina mie anu kedah ngeunah pisan teu tiasa abi raosan. Pikeun tempat mah biasa wae. Pikeun hargina awis pisan. 2 mangkok mie hargina Rp. 95.000.","Saat mengunjungi rumah makan ini karena diajak rekan bisnis saya. Saat saya menikmati mie ini terasa memiliki citarasa yang nikmat sekali. Sayang saat itu, mi saya terlalu asin. Sehingga mi yang seharusnya sangat nikmat tidak bisa saya rasakan. Untuk suasana tempat tergolong biasa-biasa saja. Untuk harga tergolong sangat mahal. 2 mangkok mie harganya rp. 95.000."
Translate Sundanese to Indonesian: Ieu supir embungeun nyokot barang ti beurang. Mangga langkung ditindak.,Driver ini tidak mau pickup barang dari tadi siang. Mohon ditindaklanjuti.
Translate Sundanese to Indonesian: Enjing nu nyapekeun rasana hoyong cicing hungkul,Pagi yang melelahkan rasanya ingin diam saja
Translate Sundanese to Indonesian: Widang maneh lain dina dunya politik oon!,Bidang lo bukan di dunia politik oon!
"Translate Sundanese to Indonesian: Panasaran hoyong nyobian hayam nu cekap kasohor eta. Beurang eta tiiseun, mesen hayam bakar. Epekteh hayam bakarna lada. Barudak teu tiasa emam. Kuduna palayan naroskeun bade lada atawa henteu soalna aya 2 pilihan. Satuluyna abdi menta 2 hayam bakar nu teu lada. Ampun! Hayamna ngan sapertos digoreng hungkul teras dibaluran kecap. Arurang tos ical napsu tuang.","Penasaran ingin dicoba ayam yang cukup terkenal itu. Siang itu sepi, pesan ayam bakar. Ternyata ayam bakarnya pedas. Anak-anak tidak bisa makan. Harusnya pelayan menanyakan mau pedas atau tidak karena ada 2 pilihan. Kemudian saya minta 2 ayam bakar yang tidak pedas. Ampun! Ayamnya cuma seperti digoreng terus dilumuri kecap. Kami sudah hilang napsu makan."
"Translate Sundanese to Indonesian: Mimitina ragu sareng kaenggalan palayanan di dieu tapi lumayan lah, tepat waktos ning, kuring hilap mesen jus naon sapertosna jus campuran kitu, oke sih. Tur tuangeunna ge ok. Oh enya ieu aranjeunna masihan gratis es krim. Tiasa dicobi taros sareng palayanna. Resep.","Awalnya ragu dengan kecepatan pelayanan di sini tapi lumayan lah, tepat waktu kok. aku lupa pesan jus apa sepertinya jus campuran begitu, oke sih. Dan makanannya juga ok. Ohya ini mereka kasi gratis es krim. Bisa dicoba tanya dengan pelayannya. Suka."
"Translate Sundanese to Indonesian: Abdi ka bandung nembe kamari nembe kalaksanakeun tuang di dieu. Urang tuang di the valley suki. Wareug, ngeunah, palayan ramah sareng pandanganana hade upami urang diuk cakeut jandela. Leres kalayan harga Rp. 190.000, - / jalma kalebet pajak urang tiasa tuang sakumaha anu anjeun pikahoyong, sistemna sapertos hanamasa tapi eta tempat anu langkung pikaresepeun.","Saya ke bandung baru kemarin baru kesampaian makan di sini. Kami makan di the valley suki. Kenyang, enak, pelayan ramah, dan pemandangannya keren kalau kita duduk dekat jendela. Ya dengan harga rp. 190.000, - / orang sudah termasuk pajak kita bisa makan sepuasnya, sistemnya seperti hanamasa tapi lebih asyik tempatnya."
"Translate Sundanese to Indonesian: Bingung bade tuang dimana nu tempatna raoseun, tuangeun ngeunah sareng hargina terjangkau? Kadieu wae. Abdi sareng pasangan resep ngaraoskeunna. Anu datang kalolobaanana barudak ngora jadi asa ngora deui.","Bingung mau makan ke mana yang tempatnya asik, makanan enak dan harga terjangkau? Ke sini saja. Saya dan pasangan sangat menikmati. Pengunjung kebanyakan anak muda jadi ikutan merasa muda lagi."
"Translate Sundanese to Indonesian: Tina segi letak / lokasi mah gampil dipilarianana. Bangunan jeung eusina sae, komo aya taman alit di lebetna nu dieusian ku gentong nu caina ngocor. Nyieun suasana na tambih romantis jeung pikaresepeun. Menu nu disadiakeun lumayan variatif jeung tina segi rasa lumayan raos. ","Dari segi letak / lokasi cukup mudah dicari. Bangunan dan isi bagian di dalamnya menarik, apalagi ada taman kecil di dalamnya yang diisi juga dengan gentong yang airnya dibiatkan mengalir terus. Membuat suasananya jadi tambah romantis dan menyenangkan. Menu yang disajikan lumayan variatif dan dari segi rasa lumayan enak."
"Translate Sundanese to Indonesian: Menu sushina kirang seueur, mung tiasa aya menu sushi ku porsi saeutik 2 potong. Kedahna aya palengkap, wasabi, cabe bubuk. Janten saleresna kirang istimewa.","Menu sushi kurang banyak, kalau bisa ada menu sushi dengan porsi kecil 2 potong. Harusnya ada pelengkap, wasabi, cabe bubuk. Jadi sebenarnya kurang istimewa."
Translate Sundanese to Indonesian: Karak mimiti kuring tuang di warung ieu. Sanes konsep atawa resto mung tampil sareng warung tuang nu nyajikeun tuangeun tradisional.,Baru pertama kali saya makan di warung ini. Bukan konsep kafe atau resto tapi tampil dengan warung makan yang menyajikan makanan tradisional.
"Translate Sundanese to Indonesian: Abdi sumping ka maxi s resto sareng kulawargi, geuningan di ditu aya uleman nikahan pesta ulang tahun ku kitu na tempat na jadi pinuh pisan. Palayananana jadi teu sae. Kedah na upami tempat na nuju pinuh, pihak resto masihan bewara ka tamu, sateuacan tamu markir kendaraan sawaktos eta hujan gede, jadi jarak lokasi parkir ka resto lmayan tebih. Upami perli ditutup sementara sawaktos pesta na lumangsung. ","Saya datang ke maxi s resto bersama keluarga, ternyata di sana ada pesta pernikahan pesta ulang tahun sehingga tempat jadi penuh sekali. Pelayanannya jadi tidak baik. Seharusnya kalau tempat memang penuh, pihak resto memberitahukan kepada tamu sebelum tamu memarkirkan kendaraan saat itu hujan deras, jadi jarak tempat parkir ke resto lumayan jauh. Kalau perlu ditutup sementara selama pesta berlangsung."
Translate Sundanese to Indonesian: Telkom hackathon nyaeta sahiji program besutan telkom indonesia nu tujuanna kanggo ngawadahan generasi ngora nu gaduh kaahlian dina bidang teknologi informasi sareng pamrograman kanggo ngembangkeun parusahaan rintisan nu aranjeunna gaduh.,Telkom hackathon merupakan sebuah program besutan telkom indonesia yang bertujuan untuk mewadahi para generasi muda yang memiliki keahlian di bidang teknologi informasi maupun pemrograman untuk mengembangkan perusahaan rintisan yang mereka miliki.
"Translate Sundanese to Indonesian: Kaleueutanna teu aya anu abdi resep, Hayam gorengna biasa wae. Aya saos keju mung atanapi abdi teu resep saos keju di dieu. Teu raos.",Minumannya saya tidak ada yang suka. Ayam gorengnya biasa saja. Ada saus keju tapi saya tidak suka saus keju di sini. Tidak enak.
"Translate Sundanese to Indonesian: Resto kulawargi nu disarankeun pisan, pamandangan sakuriling resto nu sae pisan, pondok-pondok nu merenah, tuangeun nu disajikeun oge lumayan raos, komo deui upami dinten wengi ieu pamandangan resto sae pisan.","Resto keluarga yang sangat direkomendasikan, pemandangan sekeliling resto yang sangat bagus, pondok-pondok yang nyaman, makanan yang disajikan juga lumayan enak, apalagi jika malam hari ini pemandangan resto sangat bagus"
Translate Sundanese to Indonesian: Abdi sumping ka restoran ieu kanggo tuang wengi kusabab kabeneran ngaliwat dina perjalanan ka hotel abdi mondok sareng kusabab tos kalaparan sareng abdi sareng rerencangan ahirna milih kanggo sumping di restoran ieu. Rasa tuangeunna biasa wae sumawonten arurang kudu mayar leuwih heula sanaos arurang teu acan rengse tuang ngan kusabab tabuh tos caket waktos tutup.,Saya mampir ke restoran ini untuk makan malam karena kebetulan lewat dalam perjalanan menuju hotel saya menginap dan karena sudah kelaperan dan saya dan teman akhirnya memilih untuk mampir di restoran ini. Rasa makanannya biasa saja bahkan kami diharuskan membayar terlebih dahulu meskipun kami belum selesai makan hanya karena jam sudah mendekati waktu tutup.
"Translate Sundanese to Indonesian: Kesan mimiti mondok di dieu, check in teu tiasa tabuh 2 siang kusabab nu mondok kawitna telat check out, teu aya nu ditawis ku pihak staf sawaktos abdi kudu salila hiji jam ngantosan kamar diberesihan. Janten abdi oge disauran restoran tutup tabuh 5 sonten ku kituna upami bade mesen tuangeun kanggo tuang wengi kudu saacan tabuh 5 sonten. Cekap pikakeuheuleun.","Kesan pertama menginap di sini, check in tidak bisa jam 2 siang karena yang menginap sebelumnya terlambat check out, tidak ada apa pun yang ditawarkan pihak staf saat kami harus selama satu jam menunggu kamar dibersihkan. Kemudian kami juga diberitahukan bahwa restoran tutup jam 5 sore sehingga jika ingin memesan makanan untuk makan malam harus sebelum jam 5 sore. Cukup menyebalkan."
"Translate Sundanese to Indonesian: Ngarasakeun kota Bandung tanpa kuliner, kirang pikabungaheun, kafe halaman, nyayogikeun katuangan Indonesia, gado gadona ngeunah, pisang goreng kejuna ngeunah pisan bari sacangkir kopi ngantosan rerencangan sumping pikaresepeun pisan","Menikmati kota bandung tanpa kuliner, kurang seru, kafe halaman, menyajikan makanan indonesia, gado gadonya enak, pisang goreng kejunya juga enak serta secangkir kopi sambil menunggu teman datang sangatlah menarik"
"Translate Sundanese to Indonesian: Satuju beuki naek fase wajar upami tiket naek. Mung, pangaos dasar sawaktos fase panyisihan tos kaawisan. Cobi bandingkeun pangaos lalajo di malaysia, thailand.","Setuju makin naik fase wajar kalau tiket naik. Tapi, harga dasar di saat fase penyisihan sudah kemahalan. Coba bandingkan harga menonton di malaysia, thailand."
"Translate Sundanese to Indonesian: Abdi sareng pamajikan kagoda ngunjungan restoran ieu basa keur sakulawargi nganjang ka pontianak minggon kamari, kusabab komentar trip advisor abang kepiting teh nyaeta restoran nu kasohor di pontianak. Wengi kira-kira tabuh 7, abdi sareng pamajikan tos dugi, jeung ningali suasana restoran teu kitu rame ngan kaisi sakitar opat meja hungkul, kusabab abdi ngan duaan hoyong ngobrol. ","Saya dan isteri tergoda untuk mengunjungi restoran ini saat kami sekeluarga berkunjung ke pontianak minggu lalu, karena berdasarkan penilaian trip advisor abang kepiting merupakan restoran terpopuler di pontianak. Malam sekitar jam 7 saya dan isteri sudah sampai dan mendapati suasana restoran yang tidak terlalu ramai terisi sekitar 4 meja saja, karena kami hanya berdua ingin berbincang."
"Translate Sundanese to Indonesian: Kuring dugi ka rumah makan ieu pas waktosna tuang siang. Nalika kuring mimiti sumping ka rumah makan ieu ngan ukur sababaraha anu tuang. Sanajan kitu, nalika waktu dahar beurang rumah makan ieu pinuh ku warga kota Makassar. Lobana warga kota Makassar anu sarumping pikeun dahar beurang ngagambarkeun yen ieu tempat teh mangrupa rumah makan favorit di kota Makassar.","Saya tiba di rumah makan ini pada saat menjelang jam makan siang. Awal saya tiba rumah makan ini hanya ada beberapa pengunjung yang sedang bersantap. Namun, ketika tiba jam makan siang rumah makan ini penuh dengan para warga kota makassar. Banyaknya warga kota makassar yang tiba untuk makan siang menggambarkan bahwa tempat ini merupakan rumah makan favorit di kota makassar."
Translate Sundanese to Indonesian: Tiket waterboom PIK jakarta saurna beuki awis,Tiket waterboom PIK jakarta dikabarkan naik
Translate Sundanese to Indonesian: Lokasi na cekap tebih ti kota bandung sareng ayeuna aya 2 gerbang pamayaran kanggo tiasa ka the peak ku totalna 5000 rupiah. Ieu sapertos pemaksaan kanggo pungutan liar kusabab anjeun moal waka tiasa ka the peak mung teu ngaliwatan dua gerbang ieu.,Lokasi agak jauh dari kota bandung dan sekarang ada 2 gerbang pembayaran untuk bisa ke the peak dengan total 5000 rupiah. Ini seperti pemaksaan untuk pungutan liar karena anda tidak akan bisa ke the peak tanpa melewati kedua gerbang ini.
"Translate Sundanese to Indonesian: Data lengkep, tong percanten kpk ieu bohong. Kasusna ieu diaudit 10 taun ka pengker sareng atos lengkep. Saberes eta aya audit aliran dana kalayan tujuan khusus. Upami hoyong deui nyungkeun audit deui weh. Geuslah. Kasus century ieu mangrupikeun skandal anu mayungan elit anu tangtu.","Data lengkap, jangan percaya kpk ini bohong. Kasus ini di audit 10 tahun lalu dan sudah lengkap. Karena habis itu ada audit aliran dana dengan tujuan khusus. Kalau mau kan minta audit lagi. Sudahlah. Kasus century itu skandal melindungi elit tertentu."
"Translate Sundanese to Indonesian: Dianjurkeun pisan, tuangeun raos pisan bener-bener! Arurang caralik dina tempat saung nu di bagian luhur sawaktos tabuh panonpoe titeleum, tuang dinten wengi direncangan sunset deh! Sareng eta saee pisan.","Sangat dianjurkan, masakan enak banget benar-benar! Kita duduk di tempat saung yang di bagian atas pas jam-jam matahari terbenam, makan malam ditemani sunset deh! Dan itu baguus banget."
"Translate Sundanese to Indonesian: Rcti seueur teuing iklan nu teu jentre, ngaganggu pisan","Rcti terlalu banyak iklan tidak jelas, sangat menggangu"
"Translate Sundanese to Indonesian: Sae, salian ti wisata wahana, abdi oge resep wisata kuliner. Ti saprak abdi di bandung, kuliner nu dipiliarian pisan nyaeta siomay sareng batagor. Mung batagor mah, abdi tos akrab sareng batagor kingsley nu rasana kasohor. Pikeun somay, rasana moal salah upami traveler nyobian di saung siomay ieu. Sapertos judulna. Tekstur na alus, bungbuna oge pas pisan. ","Baik, selain wisata wahana saya juga suka wisata kuliner. Sejak saya di bandung kuliner yang paling saya buru adalah siomay dan batagor. Mungkin kalau batagor saya sudah akrab dengan batagor kingsley yang rasanya melegenda. Untuk urusan siomay, rasanya tidak salah kalau traveler memanjakan perutnya di saung siomay ini. Seperti judulnya. Teksturnya lembut, bumbunya juga pas kena banget."
"Translate Sundanese to Indonesian: Panyajian cekap enggal, palayanan sae tur pastina masakan raos. Kanggo pangaos relatif saluyu sareng rasa masakanna.","Penyajian cukup cepat, pelayanan baik dan pastinya masakan enak. Untuk harga relatif sesuai dengan rasa masakannya."
"Translate Sundanese to Indonesian: Hoyong ngambek ka indosat, tos dua dinten sinyal kieu pisan","Mau marah sama indosat, sudah dua hari sinyal begini banget"
"Translate Sundanese to Indonesian: Ges bangkrut we indosat mah, di tempat kuring oge sinyal sok aya leungit aya leungit, sanaos daerah kota semarang","Sudah indosat bangkrut saja, di tmpt ku saja sinyal tb2 kdg hilang muncul hilang muncul, padahal daerah kota semarang"
Translate Sundanese to Indonesian: Transaksi ngagaleuh pulsa PLN pra mayar liwat mandiri mobile jadi teu efisien kusabab kudu nelepon 14000 kanggo aya teu ayana tokenna / henteu otomatis. ,Transaksi beli pulsa PLN pra bayar melalui mandiri mobile menjadi tidak efisien karena harus telepon 14000 untuk dapat tidak tokennya / tidak otomatis.
"Translate Sundanese to Indonesian: Teu kudu di ruang tertutup kanggo ngarempel, ngarempel di resto ieu oge asik. Tong hilap mesen sangu goreng dendeng sareng teh tarik.","Tidak mesti di ruang tertutup buat pertemuan, pertemuan di resto ini juga asik. Jangan lupa memesan nasi goreng dendeng sama teh tarik."
Translate Sundanese to Indonesian: Samsung galaxy s geus diluncurkeun peuting. Abdi kuciwa desainna standar pisan. Harepan abdi ngan kawujud 70%. Percuma kabawa nika mimpi.,Samsung galaxy s sudah diluncurkan semalam. Saya kecewa desainnya standar banget. Harapan saya cuma terwujud 70%. Percuma terbawa sampai mimpi.
Translate Sundanese to Indonesian: Hanas restoranna kotor. Tingali kecoa leutik di deukeut piring-piring sayur beresih nu dianggo pikeun nyayogikeun tuangeun. Sareng aya kecoa leutik oge di tempat calikna. Ngahareupkeun kaberesihan tempat dibenerkeun.,Sayang restorannya kotor. Lihat kecoa kecil di dekat piring-piring sayur bersih yang dipakai untuk menyajikan makanan. Dan ada kecoa kecil juga di tempat duduknya. Berharap kebersihan tempat diperbaiki.
Translate Sundanese to Indonesian: Leres pangaosna 120 rebu. Abdi oge tos cek tokopedia.,Iya harganya 120 ribu. Saya juga sudah cek tokopedia.
"Translate Sundanese to Indonesian: Pikaresepeun pikeun tiasa mereskeun perjalanan urang di Bandung kalayan nganjang terakhir di The Valley kaping 2 Nopember. Poe eta mangrupikeun acara pikeun ngarayakeun perpisahan rerencangan anu bade ngalih kakantor anyar. Menuna variatif pisan tapi ribs kersa janten pilihan kuring. Numutkeun kuring, hargina sabanding sareng raos tuangeunna. Hade.","Senang rasanya dapat mengakhiri perjalanan kita di bandung dengan kunjungan terakhir kita berhenti di the valley pada tanggal 2 november. Hari itu adalah acara dalam menrayakan hari perpisahan bersama teman kita yang baru akan pindah ke kantor baru. Menunya sangat bervariatif tetapi ribs langsung menjadi pilihan saya. Menurut saya, harganya sebanding dengan rasa makanan. Top."
"Translate Sundanese to Indonesian: Kapal km fungka permata v kahuruan, sahenteuna 13 urang ngantunkeun","Kapal km fungka permata v terbakar, sedikitnya 13 tewas"
"Translate Sundanese to Indonesian: Somasi nu dilayangkeun rohayani, salah sahiji pacandu roko, ka pt gudang garam, tbk sareng pt djarum kiwari ngamunculkeun isu anu sanesna. ","Somasi yang dilayangkan rohayani, seorang pecandu rokok, kepada pt gudang garam, tbk dan pt djarum belakangan memunculkan isu lain."
Translate Sundanese to Indonesian: Nganggo kartu keredit bca teu untung malihan rugi ageung,Pakai kartu kredit bca tidak untung malah rugi besar
"Translate Sundanese to Indonesian: Restoran ieu lain tempat tuang biasa hungkul, mung oge tiasa dijadikeun tempat wisata. Lokasina tiis pisan, tempatna oge sae, merenah, sareng pamandanganna nu eye catching. Menu nu disayogikeun oge rupi-rupi ku rasana nu raos. Teu kudu ngantosan lami dina nyayogikeun tuangeunana. Pangaosna ge cekap kahontal. Kanggo tempat berpoto oge sae.","Restoran ini bukan sekadar tempat makan biasa, tapi juga bisa dijadikan tempat wisata. Lokasinya sangat dingin, tempatnya juga bagus, nyaman, dengan pemandangan yang eye catching. Menu yang disediakan juga beragam dengan rasa yang enak. Tidak perlu menunggu lama dalam penyajian makanannya. Harga juga relatif terjangkau. Untuk tempat berfoto juga bagus."
"Translate Sundanese to Indonesian: Lokasi gampil dijangkau, penataan restoran biasa, menu tuangeun cekap rupi-rupi sareng rasa tuangeunna raos, pangaos kahontal","Lokasi mudah dijangkau, penataan restoran average, menu makanan lumayan variatif dan rasa masakannya enak, harga terjangkau"
"Translate Sundanese to Indonesian: Nya serba salah heeuh, macet ngeluh, teu macet heran.","Ya serba salah memang, macet mengeluh, tidak macet heran."
"Translate Sundanese to Indonesian: Rumah makan ieu perenahna di jalan abdurahman saleh, tempatna merenah sareng beresih, menu tuangeunna seueur pilihanna. Rasana cekap raos sareng pangaosna oge cocog ka rasa masakanna.","Rumah makan ini terletak di jalan abdurahman saleh, tempatnya nyaman dan bersih, menu masakannya banyak pilihannya. Rasanya cukup enak dan harganya juga sepadan dengan rasa masakannya."
Translate Sundanese to Indonesian: Kadang mikir kumaha nya rasana jadi awewe di gym. Loba aa-aa jeung mamang-mamang nu nempokeun. Pasti risi jeung teu merenah.,Kadang mikir gimana ya rasanya jadi perempuan di gym. Banyak mas mas dan om om melihat. Pasti risih dan tidak nyaman.
"Translate Sundanese to Indonesian: Arurang datang tuang ka restoran eta, ngajakan kulawargi raka kuring. Aranjeunna sadayana resep pisan kualitas masakan di dieu. Arurang mesen udang goreng endog asin tur rasana raos pisan sareng nebihan kualitas resto di hotel bintang lima. Disarankeun pisan.","Kami datang makan ke restoran itu, mengajak keluarga kakak saya. Mereka semua sangat menyukai kualitas masakan di sini. Kami pesan udang goreng telor asin dan rasanya sangat enak dan melebihi kualitas resto di hotel bintang lima. Sangat direkomendasikan."
Translate Sundanese to Indonesian: Palayanan solaria meuni henteu memuaskan hampir di sakabeh cabang nu aya di Jakarta. teu disarankeun pisan.,Pelayanan solaria sungguh tidak memuaskan hampir di seluruh cabang yang ada di Jakarta. Tidak rekomendasi banget.
Translate Sundanese to Indonesian: Baturan kuring ngalamar padamelan di Tokopedia,Temanku melamar pekerjaan di tokopedia
Translate Sundanese to Indonesian: Sanes ngan saukur bisnis kulawarga. Namung ngajagi kapentingan nagara sareng masarakat tanpa ngabenturkeun kana kapentingan global.,Bukan cuma bisnis keluarga. Tetapi menjaga kepentingan negara dan masyarakat tanpa membenturkannya dengan kepentingan global.
"Translate Sundanese to Indonesian: Perenah di daerah perbukitan kumargi udara sareng pamandanganna merenah pisan, sanes ti eta aya rupi-rupi pilihan menu tuangeun nusantara, steak sareng pasta oge aya.","Terletak di daerah perbukitan sehingga udara dan pemandangannya sangat nyaman, di samping itu terdapat berbagai pilihan menu makanan nusantara, steak maupun pasta juga ada."
"Translate Sundanese to Indonesian: Enya, hatur nuhun kanggo jawaban nu lengkep kitu sareng jelas nya","Baik, terima kasih atas jawaban yang begitu lengkap dan jelas ya"
"Translate Sundanese to Indonesian: Hayam gorengna ngeunah, terong gorengna oge. Hanyakal kuring hoyong nyobian jengkol gorengna tos seep. Oh enya jus kefonfongna seger oge.","Ayam gorengnya enak, terong gorengnya juga. Sayang mau coba jengkol gorengnya sudah habis. Oh ya jus kefonfongnya juga segar."
"Translate Sundanese to Indonesian: Senen enjing tangtu teu ramah wae, mimiti ti nganggo jilbab berantakan, jalanan macet, transjakarta arah snayan rame na astaghfirullah, absen telat liwat tabuh 8, teu ngiringan doa enjing-enjing.","Senin pagi memang selalu tidak bersahabat, mulai dari pakai jilbab berantakan, jalanan macet, transjakarta arah senayan ramainya astaghfirullah, absen telat lewat jam 8, ga ikut doa pagi."
"Translate Sundanese to Indonesian: Timburu teh rasana teu genah. Timburu teh ngadahar hate. Timburu teh nyeri, lamun teu diungkapkeun","Cemburu itu rasanya tidak enak. Cemburu itu makan hati. Cemburu itu sakit, kalau tidak diungkapkan"
"Translate Sundanese to Indonesian: Kaunggulan holy cow dibandingkeun resto steak nu sanes nyaeta wagyu na mantap. Karesep abdi nyaeta wagyu sirloin steak nu diasaan ku mushroom sauce. Rasana mantap. Dagingna kandel sareng tiasa diasaan jeung butiran jagong rebus, sayur bayem, sareng kentang. Raos sareng mantep. ","Keunggulan holycow dibanding resto steak lain adalah wagyunya yang mantap. Favorit saya adalah wagyu sirloin steak yang dinikmati dengan mushroom sauce. Rasanya mantap. Dagingnya tebal dan dinikmati dengan butiran jagung rebus, sayur bayam dan masih potatto. Enak dan mantap."
"Translate Sundanese to Indonesian: Hai ditha, abdi sadayana informasikeun yen pamayaran salira atos leubeut ka akun rekening abdi sadayana namung  pesenan teu berhasil.","Hai ditha, kami informasikan bahwa pembayaran kamu telah masuk ke akun rekening kami namun pemesanan tidak berhasil."
"Translate Sundanese to Indonesian: Upami enjing bade milarian, aya dina rak caket krim wardah sebrang-sebrangan jeung rak losion citra, neng.","Cuma kalau besok mau mencari, dia ada di rak yang dekat cream krim wardah bersebrangan sama rak lotion citra, sister."
"Translate Sundanese to Indonesian: Resto ku konsep saung2 nu aya di lebet komplek parumahan. Tuangeun nu disayogikeun rupi-rupi ti sunda, tuangeun barat, jst.. udara cekap tiis mung wengi atawa pas hujan jadi disarankeun nyandak jaket. Jalan antar saung nganggo batu-batu ku kituna kadang-kadang leueur mung hujan","Resto dengan konsep saung2 yang terletak di dalam komplek perumahan. Makanan yang disajikan beragam mulai dari sundanese, makanan barat, dll. udara cukup dingin di malam hari atau ketika hujan jadi disarankan membawa jaket. Jalan antar saung menggunakan batu-batu sehingga kadang-kadang licin ketika hujan"
"Translate Sundanese to Indonesian: Tempatna raos pisan, tuangeun ngeunah, kopina sami. Sampurna pikeun nongkrong sareng rerencangan atanapi tuang weungi.","Tempatnya nyaman banget, makanannya enak, kopinya enak. Pas buat nongkrong bareng teman-teman atau makan malam."
"Translate Sundanese to Indonesian: Upami kuota kuring enjing henteu balik deui, abdi hoyong ambek ka Indosat","Kalau kuota saya besok tidak balik, saya mau marah-marah ke indosat"
"Translate Sundanese to Indonesian: Tempatna nyaman, tuangeunna cekap raos. Kanggo nu bade ngarobrol lami-lami cocog pisan aya seeur tempat lesehan nu rengse pisan ditambihan udara nu sejuk.","Tempatnya nyaman, makanan lumayan enak. Buat yang mau ngobrol lama-lama cocok sekali ada banyak tempat lesehan nyaman banget plus udara yang sejuk."
Translate Sundanese to Indonesian: Rasa tuangeunana ceukap raos. Lokasina ceukap strategis cakeut eskalator turun sareung naek mal. Sacara kaseluruhan sae mantap.,Rasa makanan cukup enak. Lokasi cukup strategis dekat eskalator turun dan naik mal. Secara keseluruhan baik mantap.
"Translate Sundanese to Indonesian: Hai, ya, mangga anjeun tiasa nyobian ngalakukeun pamayaran pdam di bukalapak.","Hai, ya, silakan kamu dapat mencoba lakukan pembayaran pdam di bukalapak."
"Translate Sundanese to Indonesian: Enkaolshop, dipercaya, barangna aralus","Enkaolshop, terpercaya, barangnya bagus bagus"
"Translate Sundanese to Indonesian: Aslina ieu basa aya di jalan karapitan sauninga abdi, ayeuna memenag tos kasebar di sababaraha tempat di bandung. Tuangeunna oge teu bakso hungkul, mung aya sababaraha tuangeun tambahan nu sanes. Perkawis rasa oge henteu kitu spesial. Pikeun hargi ku ukuran hargi bakso di bandung rada awis. Ditambih palayananna nu kirang sae di ciwalk.","Aslinya ini basa berada di jalan karapitan setahu saya, sekarang memenag sudah tersebar di beberapa tempat di bandung. Makanannya juga tidak hanya bakso, tetapi ada beberapa makanan tambahan yang lain. Untuk rasa juga tidak terlalu spesial. Untuk harga dengan ukuran harga bakso di bandung cukup mahal. Ditambah pelayannannya yang kurang bagus di ciwalk."
"Translate Sundanese to Indonesian: Kedahna keneh berhak nampi cashback 5 juta ku cara ngalanggan paket iplan 500k salami 24 bulan kang. Sareng tiasa oge angsuran 0% nganggo cc BCA, BNI, Mandiri, CIMB Niaga.","Seharusnya masih berhak mendapatkan cahsback 5 j uta dengan cara berlangganan paket iplan 500k selama 24 bulan kak. Dan bisa juga cicilan 0% menggunakan cc bca, bni, mandiri, cimb niaga."
Translate Sundanese to Indonesian: Teu nyesel oge tuang di solaria tempatna beresih tur cocog kanggo kulawargi oge. Tuangeun enggal kaluar saatos dipesen.,Tidak menyesal juga makan di solaria tempatnya bersih dan cocok buat keluarga juga. Makanan cepat keluar setelah dipesan.
Translate Sundanese to Indonesian: Kaluarkeun tina kaanggotaan polisi wae. Tibatan ngaruksak ngaran baik korp.,Copot dari keanggotaan polisi saja. Daripada jadi perusak nama baik korp.
Translate Sundanese to Indonesian: Nyesel tadi ka toko eta. Kalakah meuli hal-hal nu moal kapake. Ngan kusabab lapar panon jadi meuli:,Menyesal tadi ke toko itu. Malah beli hal-hal yang tidak akan terpakai. Cuma karena lapar mata jadi beli:
"Translate Sundanese to Indonesian: Tuang di sisi jalan, tuangeunna teu raos, palayananna henteu sae, pangaosna awis.","Makan di pinggir jalan, makanannya tidak enak, pelayanan tidak bagus, harga mahal."
Translate Sundanese to Indonesian: Pikeun ngajukeun kerjasama / sponsorship ibu elsa tiasa ngahubungi: Pt. Bank mandiri persero tbk corporate secretary.,Untuk mengajukan kerjasama / sponsorship ibu elsa dpt menghubungi: Pt. Bank mandiri persero tbk corporate secretary
Translate Sundanese to Indonesian: Produksi deui atuh indomi goreng satena. Dipilarian tos teu aya. Rasana ngeunah beda jeung rasa sate merek nu sejen,Produksi lagi dong indomi goreng sate. Dicari-cari sudah tidak ada. Rasanya enak beda dngan rasa sate merk lain
Translate Sundanese to Indonesian: Isuk-isuk hoyong ambek ku sinyal telkomsel,Pagi pagi ingin marah dengan sinyal telkomsel.
"Translate Sundanese to Indonesian: Antrianna lami, tuangeunna oge lami sareng rasa tuangeunna biasa wae sareng awis","Antriannya lama, makanannya juga lama dan rasa makanannya biasa saja dan mahal"
"Translate Sundanese to Indonesian: Parah pisan xl ayeuna mah sigana, kedah ngarobih kana panyadia sanes ngan ukur awis we kualitas na goreng","Parah banget xl deh sekarang sepertinya, harus ganti provider lain cuma mahal doang kualitas jelek"
"Translate Sundanese to Indonesian: Kareta Mutiara Timur wengi, sby - banyuwangi eksekutif tapi korsina jorok sareng kotor pisan. Teu saluyu sareng hargi anu awis pisan, nguciwakeun pisan","Kereta mutiara timur malam, sby - bnywangi eksekutif tetapi kursi jorok dan kotor sekali. Tidak sesuai dengan harga yang sangat mahal, sangat mengecewakan"
"Translate Sundanese to Indonesian: Kuring milih tempat kadaharan di saung nu pamandanganna sawah mesen nasi timbel komplit, surabi oncom jeung colenak sareng henteu kedah ngantosan lami. Ngan eta kuring kuciwa ku surabina. Di luar ekspektasi kuring. Henteu raos.","Saya memilih tempat makan di saung dengan pemandangan sawah memesan nasi timbel komplit, surabi oncom dan colenak pesanan datang tidak harus menunggu lama. Hanya saja saya kecewa dengan serabinya. Di luar ekspektasi saya. Tidak enak."
Translate Sundanese to Indonesian: Payah pisan palayanan pos indonesia ayeuna ieu,Payah sekali pelayanan pos indonesia saat ini
"Translate Sundanese to Indonesian: Ieu indihome urang gangguan deui yeuh. Kuring keur di gawe ujug-ujug pegat, beureum kedap-kedip, karek saminggu wifina alus, geus gangguan deui. Indihome telkom ayeuna loba gangguanna nyak, mayarna awis wae, kuciwa pisan.","Ini indihome saya gangguan lagi ini. Saya lagi ada kerjaan tiba-tiba terputus, merah kedip-kedip, baru seminggu baik wifinya, sudah gangguan lagi. Indihome telkom sekarang banyak gangguan ya, bayar selalu mahal, mengecewakan sekali."
"Translate Sundanese to Indonesian: Numutkeun abdi bebek garang ieu gaduh varian menu bebek nu cekap seueur. Abdi resep paduan antara bebek sareng sambelna, rasana pas. Kanggo hargi kisaran 20 - 30 rebu sareng numut abdi mah cekap sapadan sareng rasa ti tuangeun di dieu.","Menurut saya bebek garang ini punya varian menu bebek yang cukup banyak. Saya suka perpaduan antara bebek dan sambalnya, rasanya pas. Untuk harga berkisar 20 - 30 ribu dan menurut saya cukup sepadan dengan rasa dari makanan di sini."
"Translate Sundanese to Indonesian: Cocog kanggo ngarempel, acara kawinan, pamotretan. Suasana kalem, salse, tiis.","Cocok buat pertemuan, acara pernikahan, pemotretan. Suasananya tenang, santai, adem."
Translate Sundanese to Indonesian: Unggal kali ka dieu abdi hoyong lami-lami sareng teu hoyong enggal uih. Palayanan nu ramah sareng tempat nu merenah.,Setiap kali ke sini saya ingin berlama-lama dan tidak mau pulang cepat. Pelayanan yang ramah dan tempat yang nyaman.
Translate Sundanese to Indonesian: Restoran ieu nyayogikeun pasakan Bali anu pinuh ku modifikasi janten sigana diluyukeun sareng letah konsumen anu sanes urang Bali. Tilu poto anu kuring lampirkeun nyaeta kadaharan anu dipesen arurang.,Restoran ini menyajikan masakan bali yang sarat modifikasi sehingga terkesan disesuaikan dengan lidah konsumen yang nota bene bukan orang bali. Tiga photo yang saya lampirkan itu adalah makanan yang kami pesan.
"Translate Sundanese to Indonesian: Lamun di loba tempat steak meryogikeun waktu lami samemeh disayagikeun, di tempat ieu saur abdi condong jadi gancang tur cocog sareng letah jeung dompet kuring. Kuring kungsi ngadagoan babaturan nepi ka 2 jam di dieu, tapi teu karaos sabab dahareunna nyieun kuring poho waktu. Hehe","Kalau di banyak tempat steak membutuhkan waktu lama sebelum penyajiannya, di tempat ini menurut saya cenderung cepat dan sesuai dengan lidah maupun dengan dompet saya. Saya pernah menunggu teman sampai 2 jam di sini, tapi tidak berasa karena makanannya membuat saya lupa waktu. Hehe"
Translate Sundanese to Indonesian: Upami bade meser obat indit we ka kimia farma nu aya di tungtung jalan eta,Kalau mau beli obat pergi saja ke kimia farma yang berada di ujung jalan itu
Translate Sundanese to Indonesian: Palajaran matematika budak sd ayeuna hararese,Pelajaran matematika anak sd sekarang sulit sulit
Translate Sundanese to Indonesian: Restoran di dieu pinuh wae kusabab letakna nu strategis dina panto lebet mal. Rasa bubur cekap raos. Proses panyajian ti mesen nepi disayogikeun oge cekap enggal.,Restoran di sini selalu penuh karena letaknya yang strategis di pintu masuk mal. Rasa bubur cukup enak. Proses penyajian dari order sampai penghidangan juga cukup cepat.
Translate Sundanese to Indonesian: Atosan abdi nuju galau kak ku sabab kitu ngadameul story nu sapertos kitu,Habisnya aku lagi galau kak maka dari itu bikin story kayak begitu
"Translate Sundanese to Indonesian: Kanggo nu nuju ka cirebon sareng milarian tempat nu raos parkirna sareng tuangeunna peryogi enggal, leuwih sae ka dieu kusabab parkiranna lega sareng suasanana rempes","Untuk yang sedang ke cirebon dan cari tempat yang enak parkirnya dan makanannya butuh cepat, lebih baik ke sini karena parkiran luas dan suasana nyaman"
Translate Sundanese to Indonesian: Mm sedih euy mung ka dieu sok nungguan: Emina lada pisan. hehe bangkuna oge ditambihan atuh meh henteu nunggu,Mm sedih deh kalau ke sini selalu menunggu: Mienya pedas banget. Hehe bangkunya juga tambahkan dong biar tidak menunggu
"Translate Sundanese to Indonesian: Kanyataan yen urang gaduh seueur lahan di dieu, naon anu anjeun pikahoyong ?! Kusabab kitu damel supados anjeun tiasa kengingkeun seueur artos sapertos kami, ulah ngan saukur ngahujat","Memang faktanya kami punya banyak tanah di sini, mau apa lo?! maka dari itu kerja biar bisa banyak duit kayak kami-kami, jangan cuma bisanya menghujat saja"
Translate Sundanese to Indonesian: Restoran The Valley ieu pamandangan ka kota na nomor 1. Nganikmatan suasana dinten wengi ku lampu kedap-kedip endah pisan.,Restoran The Valley ini pemandangan ke kota nya nomor 1. Menikmati suasana malam hari dengan lampu kedap-kedip indah sekali.
"Translate Sundanese to Indonesian: Lamun ka Semarang kedah tuang mie kocok ieu, numutkeun kuring pang ngeunahna. Sanaos tempatna aya di sisi ruko, sareng kanggo tuangna kedah usaha heula keur kengingkeun korsi, tapi eta sae pisan upami dibandingkeun sareng raos na. Kikilna seueur, kuahna gurih pisan jeung miena lebar sareng ipis. Hargina oge kajangkau. Teh pangsaena mie kocok Semarang.","Kalau ke semarang wajib makan mie kocok ini, menurut saya paling enak. Walaupun tempatnya dipinggiran ruko, dan untuk makannya mesti berusaha untuk dapatkan bangku, tapi layak banget kalau dibandingkan rasanya. Kikilnya banyak, kuahnya gurih banget dan mienya lebar dan tipis. Harganya juga terjangkau. Teh terbaik mie kocok di semarang."
Translate Sundanese to Indonesian: Maling nu sebenerna tos pasti namina lulung,Maling yang sebenarnya sudah di pastikan bernama lulung
"Translate Sundanese to Indonesian: Saleresna nya sapertosna abdi teu ditakdirkeun nikmatan indomie goreng, padahal ngan ngulub miena lho. Tiasa-tiasana leuleus teuing.","Memang ya sepertinya aku tidak ditakdirkan nikmatin indomie goreng, padahal cuma merebus minya lho. Bisa-bisanya terlalu lembek. "
Translate Sundanese to Indonesian: Nike ngaluarkeun produk sapatu anyarna.,Nike mengeluarkan produk sepatu terbarunya
"Translate Sundanese to Indonesian: Nalika kuring angkat ka restoran eta, palayan sumping ka kuring sareng naroskeun kanggo sabaraha jalmi.","Waktu saya ke restoran itu, pelayannya mendatangi saya dan bertanya untuk berapa orang."
Translate Sundanese to Indonesian: Roti bakar duti ieu tos aya ti baheula didieu. Rotina biasa wae. Ngan pilihan menuna anu seueur pisan. Naon wae aya. Kuatka kadang bingung hoyong milih nu euisina naon. Aya ngajual bubur oge. Hade lah.,Roti bakar duti ini sudah ada sejak dulu di sini. Rotinya biasa saja sih. Hanya menu pilihannya buanyak banget. Apa saja ada. Sampe kadang bingung mau pilih yang isi apa. Ada jual bubur juga. Oke jugalah.
"Translate Sundanese to Indonesian: Kuota janteun seep kakuras kanggo ningali foto-foto anu janteun abdi sirik hungkul, tuangeunna raraos nu janteun ngadameul ngelay.","Kuota jadi habis terkuras buat melihat foto-foto yang cuma bikin saya iri, makanan enak-enak yang bikin ngiler"
"Translate Sundanese to Indonesian: Abdi resep pisan tuang di restoran ieu, menu tuangeunna rupa-rupa, raosna sae, hargana henteu awis teuing.","Saya suka sekali makan di restoran ini, menu masakannya beragam, rasanya enak, harganya tidak terlalu mahal. "
Translate Sundanese to Indonesian: Kirang pas mung nganjang ka Bandung teu nyicip batagor. Batagor burangrang yaeta salah sahiji nu rasana raos sareng saosna ge gurih.,Kurang pas apabila berkunjung ke bandung tanpa mencicipi batagor. Batagor burangrang adalah salah satu yang rasanya enak dan sausnya pun gurih.
"Translate Sundanese to Indonesian: Anu ruang rame, antre, menu masakan, masakan standar sapertos di bumi. Rasana oge biasa. Pangaos teu cocog jeung kualitas rasa.","Yang makan ramai, antre, menu masakan, masakan standar seperti di rumah. Rasa biasa saja. Harga tidak sesuai kualitas rasa."
"Translate Sundanese to Indonesian: Abdi tiasa nyarios ieu nyaeta restoran nu cocog kanggo kulawargi. Sabari pamajikan abdi balanja oleh-oleh, abdi tiasa nganikmatan tuang siang di resto ieu. Murangkalih abdi tiasa ameng di tempat ameng nu tiketna mirah.","Saya bisa bilang ini adalah resto yang cocok untuk keluarga. Sambil istri saya belanja oleh-oleh, saya bisa menikmati makan siang di resto ini. Anak anak saya bisa bermain di tempat bermain dengan tiket yang murah. "
"Translate Sundanese to Indonesian: Tempatna rame pisan, tuangeun rupi-rupi. Desain sareng lingkungan merenah. Udara tiis, seueur tempat ulin barudak.","Tempatnya ramai sekali, makanan bervariasi. Desain dan lingkungan nyaman. Udara sejuk, banyak tempat bermain anak."
"Translate Sundanese to Indonesian: Muhun kak, perkawis ngantosan kanggo kendala dina provider telkomsel enggal direspon ku rerencangan abdi.","Baik kak, berkenan menunggu untuk kendala pada provider telkomsel akan direspon oleh rekan kami."
"Translate Sundanese to Indonesian: Watir personil ungu ayeuna, teu aya pagawean kusabab ditinggalkeun ku pasha",Kasihan personil ungu sekarang sepi job gara-gara ditinggal pasha
"Translate Sundanese to Indonesian: Upami aya pulsa sagudang, bakal ngaktifkeun wifi sadaya jalmi ambeh tiasa internetan","Kalau ada pulsa segudang, akan mengaktifkan wifi buat semua orang biar bisa internetan"
Translate Sundanese to Indonesian: Menkeu nuturkeun nyaeta lemahna rupiah mangaruhan kana defisit transaksi anu keur jalan,Menkeu menyampaikan bahwa lemahnya rupiah lebih berpengaruh pada defisit transaksi berjalan
"Translate Sundanese to Indonesian: Enjing enjing di tol cipali tos macet parah, jieun jengkel wae ieu","Pagi pagi di tol cipali sudah macet parah, bikin jengkel saja ini"
"Translate Sundanese to Indonesian: Perkawis ngagentos rekening kanggo pembayaran autodebet BPJS, Bapak Luqman tiasa sumping ka kantor cabang Bank Mandiri pangajuan autodebet nu kasebat nya. Kanggo tiasa ditutup rekeningna langkung ti payun.","Perihal pergantian rekening untuk pembayaran autodebet BPJS, Bapak Luqman bisa datang ke kantor cabang Bank Mandiri pengajuan autodebet tersebut ya. Untuk dapat dilakukan tutup rekening terlebih dahulu."
Translate Sundanese to Indonesian: Mobil nu unggal dinten dianggo jeje nyaeta merk toyota sareng warnana krem.,Mobil yang sehari-hari dipakai jeje adalah merk toyota dan berwarna krem.
"Translate Sundanese to Indonesian: Suasana sawah sareng gunung, aya wine cellarna. Tapi tuangeunana awis, kedahna kualitasna langkung sae kusabab seueur restoran anu sami di Bandung ayeuna tos dimana-mana","Suasana sawah dan pegunungan, ada wine cellarnya. Tapi makanannya mahal, mestinya kualitas bisa lebih baik karena banyak restoran serupa di bandung sekarang sudah menjamur"
Translate Sundanese to Indonesian: Pang keuheulna mung aya nu ngarobrol di jalan sabari motoran komo mung jalanna sempit,Paling kesal kalau ada orang mengobrol di jalan sambil motoran apalagi kalau jalannya sempit
"Translate Sundanese to Indonesian: Palayanan kirang aktif sareng teu someah sareng kirang tiasa ngajentrekeun menu tuangeun nu aya, ku kituna tamu ngarasa teu diacuhkeun sareng dicicingkeun wae.","Pelayanan kurang aktif dan tidak ramah serta kurang dapat menjelaskan menu makanan yang ada, sehingga tamu merasa tidak diacuhkan dan didiamkan saja."
"Translate Sundanese to Indonesian: Restoranna sae pisan, pamandanganna ngadep kota Bandar Lampung, janten endah lamun ti wengi. Suasanana tenang pisan, hiasan ruanganna geulis pisan. Abdi resep pisan tempat ieu.","Restoran sangat bagus, pemandangan menghadap ke kota Bandar Lampung, sehingga sangat indah pada malam hari. Suasana sangat tenang, dekorasi ruangan sangat cantik. Saya sangat suka tempat ini."
Translate Sundanese to Indonesian: Calon pelamar cpns tiasa ngadaftar di 1 instansi sareng 1 formasi jabatan hungkul,Calon pelamar cpns hanya dapat mendaftar di 1 instansi dan 1 formasi jabatan
"Translate Sundanese to Indonesian: Tuangeunna lumayan, abdi mesen spring roll lumayan minyakan, pangaos tuangenna nu utami lumayan awis. Bangunan unik mung lokasi teu kitu sae, ku kitu tempat na katingali sepi. Sawaktos mesen kedah nyarios leuwih jelas, kusabab ku kajadian ka arurang, arurang mesen 2 mung narima 3 item. Palayan na darehdeh, mung sikap kasir na rada aneh. Jiga na urang moal balik deui. ","Makanan lumayan, saya order spring roll agak oily, harga hidangan utama cukup mahal. Bangunan unik tapi lokasi tidak terlalu bagus sehingga tempatnya selalu terlihat sepi. Saat order sebaiknya menyampaikannya lebih jelas, sebab yang terjadi pada kami, kami order 2 tapi menerima 3 item. Pelayan sangat ramah, tapi sikap kasirnya sedikit aneh. Mungkin saya tidak akan kembali lagi."
"Translate Sundanese to Indonesian: Ikan gurame bakar sareng cah kangkung anu disajikeun di red s dipo anu kuring peser sawaktos makan siang dina sasih nopember 2012, rasana mayan raoseun, ngan cabe dina sambelna jeung sayurannana sapertos: Bonteng, tomat, jeung kangkungna sareng es jerukna teu karasa seger.","Ikan gurame bakar dan cah kangkung yang disajikan di red s dipo yang saya beli pada saat makan siang pada bulan november 2012, rasanya lumayan oke, hanya saja cabe pada sambalnya dan sayurannya seperti: Timun, tomat dan kangkungnya juga jeruk pada es jeruknya terasa kurang segar."
Translate Sundanese to Indonesian: Karya bakti bca finance posisi relationship officer muka lowongan kanggo panempatan Pekanbaru,Karya bakti bca finance posisi relationship officer membuka lowongan untuk penempatan pekanbaru
Translate Sundanese to Indonesian: Tuang bakso sabari ngobrol sareng rerencangan. Tempatna asik kanggo tuang. Pangaosna oge henteu awis teuing.,Makan bakso sambil ngobrol sama teman teman. Tempatnya asik buat makan. Harganya tidak terlalu mahal.
"Translate Sundanese to Indonesian: Di tengah proses hukum, wargi tamansari bandung nyanghareupan tekanan penggusuran","Di tengah proses hukum, warga tamansari bandung hadapi tekanan penggusuran"
Translate Sundanese to Indonesian: Dinteun ayeuna bade balanja di toko eta supados tiasa nampi paralatan masak anu sae tambih kasempetan liburan ka Walanda.,Hari ini mau belanja di toko itu supaya bisa dapatkan peralatan masak keren plus kesempatan liburan ke Belanda.
"Translate Sundanese to Indonesian: Tong oge 1 jam, nyoo stories nu ngan sababaraha detik oge loadingna lami pisan, indosat luar biasa.","Jangankan 1 jam, ngeplay stories yang cuma beberapa detik saja loadingnya lama sekali, indosat luar biasa."
Translate Sundanese to Indonesian: Teu bosan jeung kataji. Unggal ka congo kafe. Tempatna kalem. Merenah. Cobian deh sumping dinten wengi. Leuwih romantis. Upami nyandak pasangan,Tidak bosan dan terkesima. Setiap datang ke congo kafe. Tempatnya tenang. Nyaman. Coba deh datang malam hari. Lebih romantis. Kalau bawa pasangan
Translate Sundanese to Indonesian: Pangaosna kahontal pisan tur menu tuangeunna cekap kakiwarian. Tempat tuangna didekor sae tur unik.,Harganya sangat terjangkau dan menu makanannya cukup kekinian. Tempat makannya didekor dengan baik dan unik.
Translate Sundanese to Indonesian: Tempatna kirang beresih. Kanggo sumping ka ditu rada hese kusabab rawan macet. Janten mikir dua kali mung hoyong ka ditu deui.,Tempatnya kurang bersih. Untuk pergi ke sana agak susah karena rawan macet. Jadi berpikir dua kali kalau mau kembali lagi.
"Translate Sundanese to Indonesian: Tim kuring bade ngayakeun tuangeun tema di burgundy. Tibatan nyasab, kuring sareng sekretaris nyobian ngariksa tempatna sapoe sateuacanna. Bari jeung pas dinten minggon sore janten macet. Atos dugi mah pamandangananana alus. Ngan tata layout restoran biasa wae.","Tim saya akan mengadakan makan malam tema di burgundy. Daripada tersesat, saya dan sekretaris saya mencoba mengecek tempatnya dahulu sehari sebelumnya. Sekalian juga tes makanan. Perjalanannya jauh sekali dan naik turun bukit. Diperparah ketika kami ke sana itu hari minggu sore sehingga macet. Sesampainya di sana sih pemandangannya oke. Tapi layout restorannya biasa saja."
"Translate Sundanese to Indonesian: Abdi nganggo bb tipe 9210, abdi narima info ti kamari, keuna biaya gprs.","Saya gunaka bb tipe 9210, saya mendapat info sejak kemarin, dikenakan biaya gprs."
"Translate Sundanese to Indonesian: Handphone abdi lenovo, kacemplung di comeran sawaktos 2 minggon nembe ngagaleuh, jatoh di aspal nuju ngebut momotoran nepi ka eusi na ka mana-mana, hape abdi masih keneh kuat, hade pisan emang lenovo. ","Handphone saya lenovo, kecemplung di comberan pas 2 minggu baru beli, jatuh di aspal pas ngebut naik motor sampai isinya ke mana-mana, telepon genggam saya masih bertahan, mantap memang lenovo."
Translate Sundanese to Indonesian: Batagorna arageung tur dagingna karasa pisan. Mantap lah. Bumbuna rasana raos. Cocog upami dijantenkeun menu kanggo camilan dinten sonten.,Batagornya besar-besar dan dagingnya terasa banget. Mantap deh. Bumbunya rasanya enak. Cocok kalau dijadikan menu untuk makanan ringan sore hari.
Translate Sundanese to Indonesian: meuni carapek wengi ieu.,Sangat melelahkan malam ini.
Translate Sundanese to Indonesian: Kuring parantos ngirim email keluhan sabab teleponna teu lebeut wae.,Saya sudah kirim email complaint karena telepon tidak masuk terus.
Translate Sundanese to Indonesian: Porsina seueur kapiting saharga 100 / porsi. Udang bakarna raoseun. Raos bungbuna pinuh ku rempah. Pangaos jeung rasana saingan jeung perahu seafood jalan sumatera,Porsinya banyak kepiting kisaran 100 ribu / porsi. Udang bakarnya enak. Enak bumbunya penuh rempah. Harga dan rasanya bersaing dengan perahu seafood jalan sumatera.
Translate Sundanese to Indonesian: Rizal ramli ngajelaskeun carana ngestabilkeun pangaos beas,Rizal ramli beberkan cara stabilkan harga beras
Translate Sundanese to Indonesian: Abdi salaku wargi jakarta isin kang ka oknum nu teu bertanggung jawab nu hoyong sweeping bobotoh,Saya sebagai warga jakarta malu kang sama oknum yang tidak bertanggung jawab yang mau sweeping bobotoh
Translate Sundanese to Indonesian: Bali teh salah sahiji pulau nu jadi tujuan destinasi para turis.,Bali adalah salah satu pulau yang menjadi tujuan destinasi para turis.
"Translate Sundanese to Indonesian: Perjalanan sawaktos ieu dina rangka perkawis milarian tempat nu disarankeun kanggo klien arurang. Jaral timpuh ti bandung kota cekap tebih emang, mung perkawis eta tiasa kabayar ku pamandangan nu sae di waktos wengi sareng tuang wengi ku tuangeun sareng palayanan okay.","Perjalanan kali ini dalam rangka urusan mencari tempat yang rekomendasi untuk klien kami. Jarak tempuh dari bandung kota cukup jauh memang, tetapi hal tersebut bisa terbayar dengan pemandangan yang yang cantik di waktu malam dan makan malam dengan makanan dan pelayanan okay."
"Translate Sundanese to Indonesian: Lokasina bener saeutik nyumput di sudut sahiji parumahan. Konsep tempatna sae, sapertos bumi di padesaan eropa ku lantai sareng dinding kai. Sanes di lebeut, pangunjung tiasa nikmatan tuangeunna dina kursi-kursi di area taman nu unik nganggo drum tilas.","Lokasinya memang sedikit tersembunyi di sudut sebuah perumahan. Konsep tempatnya bagus, seperti rumah di pedesaan eropa dengan lantai dan dinding kayu. Selain di dalam, pengunjung bisa menikmati makanannya di kursi-kursi di area taman yang unik menggunakan drum bekas."
Translate Sundanese to Indonesian: Arurang ngicalan kabel hdmi premium 1 meter meser 2 gratis 1 di lapak Rich Com Store.,Kami menjual kabel hdmi premium 1 meter beli 2 gratis 1 di lapak Rich Com Store.
Translate Sundanese to Indonesian: Teu hayang nyaho. Balikeun pulsa abdi. Ieu ngarana parampokan. Paket telepon anjeun oge parampokan. Nembe ieu abdi komplain.,Tidak mau tahu. Balikin pulsa saya. Ini namanya perampokan. Paket nelp kalian juga perampokan. Baru ini saya komplain.
Translate Sundanese to Indonesian: Daun gaduh rupi-rupi jenis bentuk,Daun memiliki berbagai jenis bentuk.
"Translate Sundanese to Indonesian: Abdi sareng kulawargi nyobian emam di karamba resto kusabab sopir mobil sewaan abdi ngarekomen. Arurang sih sumping di lokasi rada wengian, sakitaran tabuh 21 sanajan restoran teu acan nutup atawa siap-siap nutup, ngan aya sababaraha menu anu tos seep. Malah, emak sareng caroge abdi mesen nasi timbel nu sayur haseumna tos seep, digentos ku sup sayur ku pihak resto. Teu seueur pilihan nu tiasa urang pilih. Kirang rekomendasi. ","Saya dan keluarga mencoba bersantap di karamba resto karena sopir mobil sewa kami merekomendasikannya. Kami memang tiba di tempat agak malam sekitar pakai. 21 meskipun restoran belum tutup atau bersiap-siap akan tutup, namun beberapa menu telah habis. Bahkan ibu dan suami saya memesan nasi timbel yang sayur asemnya sudah habis dan diganti sup sayur oleh pihak resto. Tidak banyak pilihan yang bisa kami pilih. Kurang rekomendasi."
"Translate Sundanese to Indonesian: Parobihan status janten universitas, bsi ngayakeun seminar motivasi","Berubah status jadi universitas, bsi gelar seminar motivasi"
"Translate Sundanese to Indonesian: Rumah makan jaman kiwari mung rasa keneh sami raosna, hayam sareng nasi krecek na raos pisan, sakapeung abdi ngahaja meser dibungkus kanggo ka bumi.","Rumah makan zaman dahulu namun rasa tetap sama enaknya, ayam dan nasi kreceknya enak sekali, kadang saya sengaja beli untuk bungkus ke rumah"
"Translate Sundanese to Indonesian: Rada jengkel oge lamun unggal poe liwat dinya wae. Heureut, dua arah, macet geus jadi kadaharan sapopoe.","Agak kesal juga kalau tiap hari lewat sana melulu. Sempit, dua arah, macet sudah jadi makanan sehari-hari"
Translate Sundanese to Indonesian: Adi abdi ditarima di Teknik Lingkungan ITB,Adikku diterima di teknik lingkungan ITB
"Translate Sundanese to Indonesian: Punten enggal tindak lanjut ngeunaan keluhan kuring, sateuacan korban peretas GoPay janten nambihan.","Tolong cepat tindaklanjuti pengaduan saya, sebelum korban meretas gopay jadi bertambah."
Translate Sundanese to Indonesian: Menu utama andalan aranjeunna nyaeta hayam betutu nu tiasa dipilih variasi rasana mimiti ti nu teu lada nepi lada pisan. Sanes ti hayam aya oge bebek betutu sareng variasi rasa nu sami.,Menu utama andalan mereka adalah ayam betutu yang dapat dipilih variasi rasanya mulai dari tidak pedas hingga sangat pedas. Selain ayam juga ada bebek betutu dengan variasi rasa yang sama.
Translate Sundanese to Indonesian: Teu acan kantos tiasa nyarios kata-kata kasar ka pasangan sanajang bercanda hungkul / nuju ambek pisan kusabab saking hormatna abdi ka anjeunna,Tidak pernah bisa bicara kata-kata kasar ke pasangan walau tujuannya bercanda / memang lagi marah banget karena saking respeknya saya ke dia
Translate Sundanese to Indonesian: Kamari maranehna ngadaftar beasiswa djarum,Kemarin mereka mendaftar beasiswa djarum
Translate Sundanese to Indonesian: A adit kuring mesen indomiena hiji,Kak adit aku pesan indominya satu
"Translate Sundanese to Indonesian: Oh heeuh dina katerangan na ge note 3 pro, mung nu dikirimna note 3 nya, kuciwa juragan","Oh iya diketerangan kan note 3 pro, kok yang dikirim note 3 ya, kecewa juragan"
"Translate Sundanese to Indonesian: Lalaki nabrak warga ku mobil di prancis, 2 laluka","Pria tabrak warga dengan mobil di prancis, 2 terluka"
"Translate Sundanese to Indonesian: Abdi panasaran hoyong tuang di dieu. Sawaktos mesen, sora mas-mas na alit pisan, euleuh-euleuh teu tangtos nyarios naon blubup blubup kitu haha. Abdi mesen mi ayam 2baso ekstra, kabogoh abdi mesen bakso urat soun. Teu lami, pesenan kabogoh abdi datang, geuningan teu sesuai nu dipakaharap. ","Saya penasaran pingin makan di sini. Ketika pesan, suara mas-masnya kecil sekali ampun deh tidak jelas bicara apa blubup blubup begitu haha. Saya memesan mi ayam 2baso ekstra, pacar saya memesan bakso urat soun. Tidak lama datang pesanan pacar saya dan ternyata tidak sesuai ekspektasi."
Translate Sundanese to Indonesian: Rerencangan abdi didamel di gojek,Teman saya bekerja di gojek
"Translate Sundanese to Indonesian: Ya, abdi tos ngahubungan liwat halo bca. Ngan kaputus wae sareng pulsa abdi kapotong seueur mung telepon sababaraha kali!","Ya, saya sudah hubungi via halo bca. Namun terputus terus dan pulsa saya kepotong banyak kalau telepon berulang-ulang!"
"Translate Sundanese to Indonesian: Suasana sejuk, hejo, nyegerkeun sareng cocog pisan kanggo refreshing sawaktos lumpat ti rutinitas. Kanggo tuangeun nu awis numutkeun abdi lain masalah kusabab lokasi na nu sae leuwih penting.","Suasana sejuk, hijau, menyegarkan dan sangat cocok untuk refreshing saat kabur dari rutinitas. Untuk makanan yang mahal menurut saya bukan masalah karena lokasi yang bagus lebih penting."
Translate Sundanese to Indonesian: Bosen ka dunya ieu nu pinuh ku kamunafikan,Bosan dengan dunia ini yang penuh dengan kemunafikan
Translate Sundanese to Indonesian: Jalmi ayeuna lolobana hese ngahargaan batur,Orang sekarang kebanyakan sulit menghargai orang lain
Translate Sundanese to Indonesian: Tempat ieu ngiming-ngiming tuang steak sareng daging nu hargina mirah. Mung nyatana teu mirah upami dibandingkeun jeung kualitas dagingna nu teu raos. Dagingna heuras tur rasana hambar.,Tempat ini mengimingi makan steak dan daging dengan harga murah. Namun kenyataannya tidak murah jika dibandingkan dengan kualitas dagingnya yang tidak enak. Dagingnya keras dan rasanya hambar.
Translate Sundanese to Indonesian: Isuk geus ambek-ambeukan kusabab pelayanan di bank cabang sanur nu teu profesional jeung nguciwakeun! Teu salah loba penilaian pelanggan goreng.,Pagi sudah marah-marah karena pelayanan di bank cabang sanur yang tidak professional dan mengecewakan! Tidak salah banyak penilaian customer jelek.
Translate Sundanese to Indonesian: Angkat kanggo tuangeun sareng 6 kulawarga nu dewasa sareng murangkalih. Urang kenging saung anu tebih diluhur. Bayangkeun we jalanna kedah kaluhur pasti cape pisan. Tempatna mah alus tapi lokasi saungna tebih jeung cape deui kaluhurna. Saran ti simkuring upami anjeun bade kaditu tong sumping waktos siang kusabab bakal pinuh. Pangaos tuangeunana rada misil. Tapi pamandanganna alus pisan.,Pergi untuk makan siang bersama 6 keluarga yang terdiri dari orang dewasa dan anak anak. Kami mendapatkan saung yang jauh di atas. Kebayang dong jalan ke atas yang sangat melelahkan. Tempatnya memang bagus tapi lokasi saung yang sangat jauh dan melelahkan menuju ke atas. Saran saya kalau mau ke situ jangan pas makan siang karena pasti penuh. Harga makanan lumayan misil. Tapi pemandangannya bagus sekali.
Translate Sundanese to Indonesian: Steikna lumayanlah raos. Warung ieu cocog kanggo palajar atawa mahasiswa hehehe kusabab pangaosna kahontal. Kanggo tuangeunna oke kok.,Steiknya lumayanlah enak. Warung ini cocok buat pelajar atau mahasiswa hehehe karena harganya terjangkau. Untuk makanannya oke kok.
"Translate Sundanese to Indonesian: Numutkeun abdi tuang di dieu porsina seueur bari hargina mirah, teras tuangeunna enggal datangna deuih bari tempatna oge bersih jeung lega.","Menurut saya makan di sini porsinya banyak dan harganya murah, terus makannya cepat datangnya lagi dan tempatnya juga bersih dan luas"
"Translate Sundanese to Indonesian: Urang Indonesia peryogi pamingpin anu visioner, sanes tukang ngahibur,","Orang indonesia itu butuh pemimpin visioner bukan penghibur,"
"Translate Sundanese to Indonesian: Tong dji nyuguhkeun rupa-rupa kadaharan jeung inuman, lain ukur teh. Nu disarankeun: teh Poci gula batuna sareng sangu goreng","Tong dji menyajikan aneka makan dan minuman, tidak hanya teh. Yang direkomendasikan: Teh poci gula batunya dan nasi goreng"
"Translate Sundanese to Indonesian: Abdi sanes nu resep embe kusabab teu tahan kana bauna, mung tuang di tempat ieu, abdi sapertos teu nuju tuang embe! Dagingna hipu, raos, sareng teu aya bauna. Suasana restona ge raos sareng merenah.","Saya bukanlah penggemar berat kambing karena tidak tahan dengan baunya, tapi makan di tempat ini, saya seperti tidak sedang makan kambing! Dagingnya empuk, enak dan tidak berbau. Suasana restonya pun enak dan nyaman"
"Translate Sundanese to Indonesian: Abdi hoyong nutup kartu kiridit ti sababaraha sasih ka pengker, yeuh.","Saya mau tutup kartu kredit dari beberapa bulan lalu, nih."
Translate Sundanese to Indonesian: Nu bener-bener asli teu aya settingan,Yang benar-benar real tidak ada settingan
Translate Sundanese to Indonesian: Duh indosat nguciwakeun. Abdi bade nembean daftar kalahka keuna tarif per kb? Pulsa ngurangan drastis,Duh indosat mengecewakan. Aku mau daftar baru kok malah kena tarif per kb? Pulsa berkurang drastis
Translate Sundanese to Indonesian: Abdi mesen jaket gunung eiger,Aku memesan jaket gunung eiger
"Translate Sundanese to Indonesian: Palayan na sih heeuh enggal mung tuangeunna asal-asalan we, asal jadi asal asak we, mesen udang saos tiram, sami wae sareng masakan kepiting saos padang, tang kanggo kepiting teu dipasihan upami teu dipenta.","Pelayanan sih memang cepat tapi masakannya asal asalan saja, asal jadi asal matang saja, pesan udang saos tiram, sama saja dengan masakan kepiting saos padang, tang untuk kepiting tidak diberikan jika tidak diminta."
"Translate Sundanese to Indonesian: Restoran anu konsep tempat tuangna asri pisan, hususna wengi suasana anu endah kalayan lampu-lampuna, tuangeunana oge ngeunah rasana. Cocog pikeun tempat kempel kulawarga.","Restoran dengan konsep tempat makan yang sangat asri, apalagi kalau malam suasananya sangat indah dengan lampu lampunya, makanannya pun enak rasanya. Cocok untuk tempat kumpul keluarga."
Translate Sundanese to Indonesian: Kahiji cobi kusabab ulasan sababaraha jalmi mung nyatana rasana biasa wae. Sapiring 30 rebu. Hese milarian tempat diuk.,Pertama coba karena ulasan beberapa orang tapi ternyata rasanya biasa saja. Sepiring 30 ribu. Sulit cari tempat duduk.
"Translate Sundanese to Indonesian: Nembe saurna dipiwarang nunggu wae dugi sms ditampi, tos sadinten teu aya wae!","Tadi katanya suruh tunggu saja sampai sms diterima, sudah seharian tidak ada juga!"
Translate Sundanese to Indonesian: Waktosna ngadamel karya visual 360 derajat ku samsung! Ngiring langkah gampil dina video ieu.,Saatnya membuat karya visual 360 derajat dengan samsung! Ikuti langkah mudah di video ini.
"Translate Sundanese to Indonesian: Ceunah detil aroma chamomile, tapi naha bau na teu ngeunah kieu sih","Katanya detil aroma chamomile, tapi kok baunya tidak enak begini sih"
Translate Sundanese to Indonesian: Abdi puas pisan ku spesifikasi laptop asus,Saya sangat puas dengan spesifikasi laptop asus
Translate Sundanese to Indonesian: Ahir minggu anu gumbira sareng kulawarga di tempat anu fasilitas na cekap sareng pangaosna kahontal. Liburan langkung gumbira ku ayana kebon stroberi anu tiasa dipeting langsung ti kebonna.,Wekkend yang menyenangkan bersama keluarga di tempat yang fasilitasnya memadai dan harga terjangkau. Liburan makin menyenangkan dengan adanya kebun stroberi yang bisa memetik langsung dari kebunnya.
Translate Sundanese to Indonesian: Punten perhatosanna admin. Jaringan di cileungsi bogor awon pisan kualitasna. Padahal mayarna awis.,Mohon perhatiannya admin. Jaringan di cileungsi bogor sangat buruk kualitasnya. Padahal bayarnya mahal.
"Translate Sundanese to Indonesian: Tuangeunna raos: hayam goreng, tumis terong, sop lauk, tempe goreng, sambel, Palayananna oge sae.","Makanannya lezat: ayam goreng, tumis terong, sup ikan, tempe goreng, sambal. Pelayanannya juga bagus."
"Translate Sundanese to Indonesian: Mimiti ka tempat ieu, reservasi jeung meunang nomor 3. Menta tempat di lantai handap jadi teu kudu naek tangga kusabab aya nu tuurna keur nyeri. Ngadagoan ampir 40 menit tanpa kapastian. Abdi batalkeun. Tadina teu hayang mere rating 1 kusabab emang meren ramai jeung kahayang abdi khusus, janten hese. Eh tetehna kalahka judes.","Pertama kali ke tempat ini, reservasi dan dapat nomor 3. Minta tempat di lantai bawah sehingga tidak perlu naik tangga karena ada yang lututnya sedang sakit. Menunggu hampir 40 menit tanpa kepastian. Saya batalkan. Tadinya tidak mau beri rating 1 karena memang mungkin ramai dan permintaan saya khusus, jadi sulit. Eh mbaknya malah ketus."
Translate Sundanese to Indonesian: Hasil quick count pilkada 2018 sarentak 2018 diwarnaan ku seueur kejutan.,Hasil quick count pilkada serentak 2018 diwarnai banyak kejutan.
Translate Sundanese to Indonesian: Pamandangan sae kanggo nyalse sarengan dina dinten sonten atawa dinten wengi. Tuangeun cekap rupi-rupi sareng raos.,Pemandangan bagus untuk santai bersama di sore hari dan malam hari. Makanan cukup variatif dan enak.
Translate Sundanese to Indonesian: Abdi sareng dulur pamajikan nuju nyeepkeun waktos di Palembang. Abdi milarian tempat tuang tepang sareng bakmi jogya. Pas lebet reuwas sabab kuring kedah milarian tempat calik sareng milarian tempat kosong nepika terlantar salami 35 menit. Saatos mesen menu Mi Godok. Kuring ngantosan deui sajam jeung geus ngajantenkeun kuring leungit napsu tuangna nepi nanyakeun ka anu masakna.,Saya dan sodara istri saya sedang menghabiskan waktu di palembang. Saya mencari tempat makan dan bertemulah bakmi jogya. Setelah masuk terkejutlah karena saya harus mencari tempat duduk dan mencari tempat yang kosong saya terlantar selama 35 menit. Setelah memesan dengan menu mi godok. Lagi saya menunggunya sejam dan ini membuat saya hilang selera makan itu pun ditanyakan ke tukang masak.
"Translate Sundanese to Indonesian: Tempat sarena kotor, bantalna bau kabeh... nyieun awak janten ateul jiga loba satona, janten teu tiasa sare nu tibra.","Tempat tidurnya kotor, bantalnya bau semua... buat badan jadi gatal kayak banyak hewannya, jadi tidak bisa tidur dengan nyenyak."
Translate Sundanese to Indonesian: Lalampahan wengi ieu matak cape pisan.,Perjalanan malam ini sungguh melelahkan.
"Translate Sundanese to Indonesian: Kuring ka dieu sareng jeung sababaraha babaturan keur dahar beurang. Akses jalan ka lokasi kafe ieu kacida heureut jeung lungkawing, malah sababaraha bagian ruksak. Urang mesen sababaraha menu tuangen. Sanggeus ngadagoan rada lila, nalika kadaharan datang rasa jeung penampilan anu nguciwakeun. Tetela rasana oge nguciwakeun.","Saya ke sini bersama beberapa teman untuk makan siang. Akses jalan menuju lokasi kafe ini sangat sempit dan terjal, bahkan beberapa bagian rusak. Kami memesan beberapa menu makanan. Setelah menunggu cukup lama, ketika makanan datang rasa dan tampilannya mengecewakan. Ternyata rasanya juga mengecewakan."
Translate Sundanese to Indonesian: Saluyu namina creative space kafe ku kituna seueur karya seni nu tiasa dinikmatan di lebetna sareng sababaraha patung di handap. Upami di luhur aya kafe ku desain nu menarik sareng cocog disumpingan dina dinten sonten. Tempatna aya di lokasi nu luhur ngajieun tempat ieu gaduh pamandangan anu sae.,Sesuai namanya creative space kafe sehingga banyak karya seni yang bisa dinikmati di dalamnya dan beberapa patung di bawah. Sedangkan di atas ada kafe dengan desain yang menarik dan cocok dikunjungi di sore hari. Tempatnya yang berada di lokasi tinggi membuat tempat ini punya pemandangan yang bagus.
Translate Sundanese to Indonesian: Wilujeng siang jalmi miskin. Mugia aranjeun enggal ngantunkeun atawa beuki miskin sareng samsara.,Selamat siang orang miskin. Semoga kalian cepat mati atau makin miskin dan sengsara.
Translate Sundanese to Indonesian: Gojek bade mulai ngabuka layanan aranjeunna di sababaraha negara asia tenggara.,Gojek akan mulai membuka layanan mereka di beberapa negara asia tenggara.
Translate Sundanese to Indonesian: Masarakat indonesia percaya teu ka bapak pulisi anu dipihormat ieu? Nu saurna mah tos tepang sareng kanu make motorna? Mangga ku anjeun dipeunteun karangan di handap ieu. Kira-kira meunang peunteun sabaraha?,Percayakah masyarakat indonesia dengan karangan bapak polisi yang terhormat ini? Yang katanya sudah bertemu dengan pemotornya? Silakan anda nilai mengarang di bawah ini. Dapat nilai berapa?
Translate Sundanese to Indonesian: Bandung di-mana macet. Jatinagor oge sapertos tol brexit. Tiasa pingsan lebet mobil lami teuing ngantosan.,Bandung di-mana macet. Jatinangor juga seperti tol brexit. Bisa pingsan dalem mobil kelamaan menunggu.
"Translate Sundanese to Indonesian: Basa urang sumping urang tos aya dina daptar ngantosan, sanaos seueur korsi kosong, panginten sabagian henteu dianggo, sanaos stafna ramah mung aya sababaraha palanggan anu henteu resep ngantosan bari ningali seueur korsi anu kosong. Mesen kadaharan di tukangeun restoran, sareng menuna lumayan raos kanggo arurang. Ieu kadatangan arurang nu kadua, sareng salah sahiji anu ngingetkeun urang nyaeta tukang icalan balon.","Waktu kami datang kami dalam daftar tunggu, walau banyak tersedia kursi kosong, mungkin beberapa tidak terpakai, namun staf tetap ramah walau ada beberapa pelanggan yang tidak senang dengan menunggu sambil melihat banyak kursi yang kosong. Order makanan di belakang restoran, dan menunya lumayan enak bagi kami. Ini kunjungan kedua kami, dan satu hal yang mengingatkan kami adalah penjual balon."
"Translate Sundanese to Indonesian: Kwetiauw goreng sareng teh tarik jadi pilihan tuangeun kuring di dieu, sanaos aya anu pesan mi yamin, anjeun oge tiasa nyobian nasi gorengna","Kwetiauw goreng dan teh tarik menjadi pilihan makanan saya di sini, meskipun ada beberapa yang besan mi yamin, anda boleh coba juga nasi gorengnya"
Translate Sundanese to Indonesian: Sasih ieu saldo dina rekening abdi nol.,Bulan ini saldo di rekening saya nol.
Translate Sundanese to Indonesian: Hotel Ibis Tamarkan Wahid Hasyim nguciwakeun pisan pikeun layananna. Utamina masalah reservation! Goreng pisan!,Hotel ibis tamarkan wahid hasyim sangat mengecewakan untuk pelayanan. Terutama masalah reservation! Parah abiz!
Translate Sundanese to Indonesian: Jutek pisan pagawe Indosat anu di Graha Indosat,Jutek banget deh karyawan indosat yang di graha indosat
Translate Sundanese to Indonesian: Abdi teu kantos hanjakal bogoh ka anjeun,Aku tidak pernah menyesal mencintaimu.
Translate Sundanese to Indonesian: Tuangeun di dieu raos yeuh. Leuwih raos tibatan tempat tuangeun sajenis di balikpapan. Ngan nya pangaosna ge leuwih awis oge. Hhe / jalmi jatohna 100 rebuan leuwih. Ngan puas kusabab rasa tuangeunna raos. Kuah tomnyamna. Mm. Raos.,Makanan di sini enak loh. Lebih enak ketimbang tempat makan sejenis di balikpapan. Tetapi ya harganya lebih mahal juga. Hhe / orang jatuhnya 100 ribuan lebih. Tapi puas karena rasa makanannya enak. Kuah tomyamnya. Mm. Enak.
"Translate Sundanese to Indonesian: Sanaos porsina ageung, mung sacara rasa, biasa wae. Pangaos teu saluyu sareng porsi sih. Panyajianna ge teu kitu rapi, nya kitu wae.","Walaupun porsinya besar, tapi secara rasa, biasa saja. Harga tidak sesuai dengan porsi sih. Penyajiannya juga tidak begitu rapi, ya begitu saja."
Translate Sundanese to Indonesian: Ieu kunjungan kahiji arurang ka restoran cabang utami. Saacanna arurang serina mesen ti cabang nu sanes. Kusabab arurang nyangka di dieu suasanana leuwih sae sareng menuna leuwih seueur. Mung abdi reuwas ku sikap palayan nu teu ramah. Arurang bade duduk di sofa luar ku saran palayan istri. Mung palayan pameget teu ngizinan ku lantaran alasan hoream ngaberesihan.,Ini kunjungan pertama kami ke restoran cabang utama. Sebelumnya kami sering pesan dari cabang yang lain. Karena kami sangka di sini suasana lebih bagus dan menu lebih banyak. Tetapi saya terkejut dengan sikap pelayan yang tidak ramah. Kami akan duduk di sofa luar atas saran pelayan wanita. Tetapi pelayan pria tidak mengizinkan dengan alasan malas membersihkan.
Translate Sundanese to Indonesian: Badan pemerintah hiji ieu kudu dibubarkeun kusabab salami ieu pisamelna teh teu aya harti pisan.,Badan pemerintah satu ini harus dibubarkan karena selama ini kerjanya tidak ada arti sama sekali.
Translate Sundanese to Indonesian: Bakpao ieu tos kakoncara ti jaman baheula nanging dugi ayeuna masih seeur diresepan kusabab rasana nu khas.,Bakpao ini sudah terkenal dari zaman dulu namun sampai sekarang masih banyak digemari karena rasanya yang khas.
Translate Sundanese to Indonesian: Pelayan sareng pamilik anu calik di kasir henteu komunikatif sareng henteu tiasa masihan saran pikeun bagian tina menu anu urang kedah dipesen. Rasana standar. Parkirna sesah.,Pelayan dan pemilik yang duduk di kasir tidak komunikatif dan tidak bisa memberikan rekomendasi untuk porsi menu yang harus kami pesan. Rasanya standar. Parkir susah.
"Translate Sundanese to Indonesian: Nalika abdi keur hoyong milarian rurupa kadaharan, abdi disarankeun ku rerencangan kanggo tuang di dieu, lian ti mirah tuangeunnana oge raoseun. Ngan rada lami abdi ngantosan pesenanana.","Saat saya ingin mencari makanan yang berbagai macam pilihan, saya pun di rekomendasikan oleh teman untuk makan di sini, selain murah juga nikmat makanannya. Hanya saja sedikit lama untuk kita menunggu pesanan."
"Translate Sundanese to Indonesian: Moal aya deui anu milih, anjeun mikir masarakat ayeuna tiasa keneh dibobodo?","Tidak akan ada yang milih lagi, kamu pikir masyarakat sekarang masih bisa ditipu?"
Translate Sundanese to Indonesian: Kuciwa pisan kusabab liga champions teu disiarkeun di channel mana ge arek channel lokal atawa channel olahragana. Sakuduna aranjeun perjuangkeun hak siar eta kusabab palanggan tos mayar awis.,Sangat kecewa sekali karena liga champions tidak disiarkan di channel manapun baik channel lokal ataupun channel olahraganya. Seharusnya kalian perjuangkan hak siar itu karena pelanggan sudah bayar mahal.
Translate Sundanese to Indonesian: Mahasiswa tong sok-sokan deh milu politik. Diajar ditu wae deh.,Mahasiswa jangan sok-sokan deh ikut politik. Belajar sana saja deh.
Translate Sundanese to Indonesian: Aya seueur taman kota di malang.,Terdapat banyak taman kota di malang.
Translate Sundanese to Indonesian: Warga manggihan 2.910 e-KTP dina rungkun,Warga temukan 2.910 keping ktp-el di semak belukar
"Translate Sundanese to Indonesian: Abdi resep ku aplikasi gojek, ngagampilkeun dina seueur kagiatan","Saya senang dengan aplikasi gojek, memudahkan dalam banyak aktivitas"
"Translate Sundanese to Indonesian: Abdi kantos instal traveloka, mung kusabab teu kapake ahirna abdi uninstal deui","Aku pernah instal traveloka, tapi karena tidak terpakai akhirnya aku uninstal lagi"
"Translate Sundanese to Indonesian: Tempatna alus kanggo popotoan, sareng hawa na deui tiis, tapi tong nyobian tuang didinya, geus awis, henteu ngeunah deui, keheul deui.","Tempatnya bagus buat foto foto, dan sejuk lagi udaranya, tapi jangan coba coba makan di situ, sudah harganya mahal, tidak enak lagi, menyesal deh"
"Translate Sundanese to Indonesian: Hanjakalna, handphone xiaomi naon oge teu tiasa upami meser 16 gb kusabab software bawaanna eta ageung pisan","Sayangnya, handphone xiaomi apa pun tidak bisa kalau cuma beli 16 gb karena software bawaannya itu gede banget"
Translate Sundanese to Indonesian: Aya hurang ditukangeun batu meh putrana kapilih janten wakil presiden.,Ini ada udang dibalik batu supaya anaknya itu dipilih jadi wakil presiden.
"Translate Sundanese to Indonesian: Resep pisan sareng menu kentang panggangna. Kanggo pangaos, standar steak lah. Rasa saluyu sareng pangaos. Ceuk abdi suasana tempatna cekap merenah tur aya taman di bagian tengahna. Restoran nu wajib abdi sumpingan upami ka bandung deui!:","Suka banget dengan menu kentang panggangnya. Untuk harga, standar steak lah. Rasa sebanding dengan harga. Menurut saya suasana tempatnya cukup nyaman dan ada taman di bagian tengahnya. Restoran yang wajib saya kunjungi kalau ke bandung lagi!:"
"Translate Sundanese to Indonesian: Kafe nu rindang ku suasana padesaan sareng leuweung sae ngahiji sareng curug leutik nu endah kanggo rasa cekap raos sareng pangaos nu teu awis teuing, disarankeun ka sadayana","Kafe rindang dengan suasana pedesaan dan hutan berpadu apik dengan air terjun kecil yang indah untuk rasa cukup enak dan harga yang tidak telalu mahal, direkomendasikan bagi semuanya"
Translate Sundanese to Indonesian: Otak maneh nyatana ngan sagede kaleci.,Otakmu nyatanya hanya sebesar kelereng.
Translate Sundanese to Indonesian: Janten bosen. Sadaya film tos ditongton sareng ayeuna mati gaya.,Jadi bosan. Semua film sudah ditonton dan sekarang mati gaya.
Translate Sundanese to Indonesian: Bapak nu kumisan leubeut eta mentas nganggo zebra cross,Bapak berkumis lebat itu menyebrang menggunakan zebra cross
"Translate Sundanese to Indonesian: Seueur komen di tripadvisor nu matak abdi panasaran, ngamodal patuangan kosong ngarah ngalep lontong padang karesep abdi nyaeta bener-bener nguciwakeun, ahirna abdi ngan nyuhunkeun dibungkus wae, salera tuang atos teu aya. Leuwih alus tuang lontong padang nu di itb, keur rasa mah masih keneh jauh ","Banyak komen di tripadvisor membuat saya penasaran, bermodalkan perut kosong supaya melahap lontong padang kesukaan saya ternyata benar-benar membuat kecewa, akhirnya saya cuma minta dibungkus saja selera makan pun menjadi luntur. Masih mending makan lontong padang yang di itb, untuk rasa masih jauh"
Translate Sundanese to Indonesian: Kalawan hese selpi demi si samsung galaxy. Anu penting nyobaan sareng tetep nyanyi,Susah payah selfie demi si samsung galaxy. Yang penting usaha dan tetap bernyanyi
"Translate Sundanese to Indonesian: Tuangeun raos, suasanana asri pisan sareng sejuk ku seueur tatangkalan, sareng sora cai walungan nu ngalir nyieun nambihan merenah jeung tenang. Palayanan nu enggal janten arurang henteu nungguan lami. Aya ruangan solat nu merenah. Menu tuangeun raos pangaos kahontal","Makanan enak, suasana sangat asri dan sejuk dengan banyak pepohonan, dan suara air sungai yang mengalir buat tambah nyaman dan tenang. Pelayanan yang cepat sehingga kita tidak menunggu lama. Ada ruang salat yang nyaman. Menu makanan enak harga terjangkau"
"Translate Sundanese to Indonesian: Teu kantos bosen! Ti tahun 1996 abdi kali kahiji kenal hayam goreng suharti, abdi langsung nyarios ieu hayam pang top nu kantos abdi tuang. Resep rahasia sareng bumbu kremesna nambihan cita rasa nyalira ti hayam goreng legendaris asli indonesia ieu","Tidak pernah bosan! Dari tahun 1996 saya pertama kali kenal ayam goreng suharti, saya langsung katakan inilah ayam paling top yang pernah saya makan. Resep rahasia dan bumbu kremesnya menambah cita rasa tersendiri dari ayam goreng legendaris asli indonesia ini"
"Translate Sundanese to Indonesian: Promona nipu atanapi kunaon. Diparios nyarios aya promo 77 rebu nampi kuota 30 GB diskon 40% tina harga aslina, nalika kuring nambihan pulsa 80 rebu teu acan didaptarkeun parantos kapotong 5 rebu. Naha kunaon kitu? Kuciwa duh.","Promonya menipu atau gimana ya. Dicek katanya ada promo 77 ribu dapat kuota 30 gb diskon 40% dari harga aslinya, pas saya isi pulsa sebesar 80 ribu belum di daftarkan apa-apa sudah banyak ke potong 5 ribu. Kenapa bisa begitu ya? Kecewa sih."
Translate Sundanese to Indonesian: Pilihan jasa beberesih di Jakarta. Abdi tos nyobian . Dugika ayeuna hasilna langkung sae tibatan anu sanes.,Alternatif jasa bersih-bersih di jakarta. Aku udah nyobain. Sejauh ini hasilnya lebih oke dari yang lain
"Translate Sundanese to Indonesian: Pun istri abdi ngagaleuh sababaraha produk dina toko nu sami, sareng beuratna oge teu acan nepi 1 kilo, nganggo pengiriman via gosend, keuna ongkir 2x, teu baleg!","Istri saya beli beberapa produk di toko yang sama, dan beratnya belum sampai 1 kilo, menggunakan pengiriman via gosend, dikenakan ongkir 2x, kurang ajar!"
Translate Sundanese to Indonesian: Kunaon abdi maca parnyataan sikap para calon pupuhu umum ieu sadayana ngabosenkeun. Siga teuing.,Kenapa aku baca pernyataan sikap para calon ketua umum ini semuanya membosankan. Macam entahlah.
"Translate Sundanese to Indonesian: Diajakan rerencangan sawaktos keneh kuliah, saurna satena raos... mung tos dicobi kirang asup kanu salera abdi... hehe opini abdi hungkul.","Diajakin teman waktu masih kuliah, katanya satenya enak... tapi setelah dicoba kurang masuk sama selera saya... hehe hanya opini saya."
"Translate Sundanese to Indonesian: Lungse dina perjalanan nu lumayan tebih ti kota kabayar ku suasana tur raosna tuangeun, disampurnakeun ku palayanan nu someah tur enggal ti pramusaji. Tong hilap milih desert buah stroberi seger dihidangkeun sareng susu coklat, anjeun bakal katagihan.","Lelah dalam perjalanana yang lumayan jauh dari kota terbayar dengan suasana dan lezatnya hidangan, disempurnakan dengan pelayanan yang ramah serta cepat dari pramusaji. Jangan lupa pilih desert buah stroberi segar dihidangkan dengan susu coklat, anda akan ketagihan."
"Translate Sundanese to Indonesian: Parkiran saleresna lega, mung kusabab nu nganjangan seueur, arurang kudu parkir di sisi jalan. Mung patugas kaamanan ngabantu pisan ngarahkeun. Kesan teu lega teuing, salebar bumi sepuh nu standar, mung tetela di lebet aya ruang nu lega. Aya korsi sareng sofa rupi-rupi jenis, ampi teu sami sadayana, mung kesanna janten ngabingahan kanggo kempel.","Parkiran sebenarnya luas, tapi karena pengunjung banyak, kami harus parkir di pinggir jalan. Namun petugas keamanan sangat helpul mengarahkan. Kesan tidak terlalu luas, selebar rumah tua standar, namun ternyata di dalam terdapat ruang yang luas. Terdapat kursi dan sofa berbagai jenis, hampir tidak sama semua, namun kesannya jadi menyenangkan untuk kumpul."
"Translate Sundanese to Indonesian: Kadahareun di dieu lumayan ngeunah, tapi hargina lumayan awis saur kuring mah. Urang nyumpingan pondokan di area pasawahan, nalika pas tuangeun sumping seueur laleur. Keseul sih sabab pamenta lilin rada lambat responna. Pelayan anu nyandak katuanganna lami nanggep pesenanna, panginten keneh nembean.","Makanan di sini cukup enak, tapi harganya cukup tinggi menurut saya. Kami mengambil pondokan di area seperti persawahan, saat makanan datang cukup banyak lalat. Sempat kesal sesaat karena permintaan lilin agak lambat direspons. Pelayan yang membawa makanan lama baru menanggapi pesanan, mungkin masih baru."
"Translate Sundanese to Indonesian: Tempat tuang ieu saleresna cekap menarik kusabab rupi-rupi kuliner indonesia disayogikeun di tempat ieu. Nanging nyaah, meureun kusabab menarik teuing, janten jumlah pangunjung rasana nebihan kapasitas tempat nu disayogikeun, janten kesanna sesek","Tempat makan ini sebetulnya cukup menarik karena berbagai kuliner indonesia tersedia di tempat ini. Namun sayang, mungkin karena terlalu menarik, jadi jumlah pengunjung rasanya melebihi kapasitas tempat yang tersedia, jadi terkesan sesak"
"Translate Sundanese to Indonesian: Teu aya maotna nyusuran kafe di bandung. Kaasup tempat ieu, sae tempatna pisan deh, kopi lattena oge pas sareng ilat abdi. Pangaos? Satimpal lah","Tidak ada matinya menyusuri kafe di bandung. Termasuk tempat ini, bagus tempat banget deh, kopi lattenya juga pas dengan lidah saya. Harga? Setimpallah."
"Translate Sundanese to Indonesian: Pangalamannu cekap seru, tuang teu aya alah piring, mung ku alas daun hungkul, beuki nikmat. Tuangeun sunda nu rupi-rupi pisan sareng cekap raos. Tipsna: Ulah kabawa emosi sareng kalap mesen jeung milih sadaya tuangeun nu disayogikeun biasana kalap mung tos ningali tuangeun rupi-rupi kitu. Pilih saperluna.","Pengalaman yang cukup seru, makan tanpa alas piring, tapi hanya dengan alas daun, makin nikmat. Makanan sunda yang sangat bervariatif dan cukup enak. Tipsnya: Jangan terbawa emosi dan kalap memesan dan memilih semua makanan yang disediakan biasanya kalap kalau sudah melihat makanan macam-macam begitu. Pilih seperlunya."
"Translate Sundanese to Indonesian: Pamandangan nu luar biasa ti kafe ieu, nyayogikeun sentuhan cemara sareng eksotisna alam hutan raya bandung. Salian ti eta tuangeun sareng inumanna kaasup mirah pisan. Keren!","Pemandangan yang luar biasa dari kafe ini, menyajikan sentuhan cemara dan eksotisnya alam hutan raya bandung. Selain itu makanan dan minuman yang terbilang murah banget. Keren!"
"Translate Sundanese to Indonesian: Waktos mimiti buka lumayan. Mung beuki kadieu kualitasna nurun. Mina kirang rasa, kuahna oge.","Waktu pertama buka lumayan. Tetapi makin ke sini kualitasnya menurun. Minya kurang rasa, juga kuahnya."
"Translate Sundanese to Indonesian: Resto tempat tuang embe bakar nu abdi sarankeun sawaktos abdi sumping ka kota ieu. Embe bakarna raos, gurih ditambih tebih tina nu namina bau embe sareng hipu. Sop buntutna oge teu kawon raosna. Tempatna asyik pisan, cocog sareng nu hoyong nyeepkeun waktos sareng kulawargi atawa rerencangan.","Resto tempat makan kambing bakar yang saya rekomendasikan sewaktu anda berkunjung ke kota ini. Kambing bakarnya enak, gurih plus jauh dari yang namanya bau kambing serta empuk. Sop buntutnya pun tidak kalah sedapnya. Tempatnya pun asyik banget, cocok juga buat yang ingin menghabiskan waktu bareng keluarga atau teman."
"Translate Sundanese to Indonesian: Panasaran ku komentar nu sanes, spesial milarian waktos ka warung sale. Awan na sumanget. Nembus macet. Demilah. Ngan kuciwa ku jalan na. Nya jauh, kondisi jalan na nu awon nyieun luntur sumanget. Pisik bangunan na unik, aya musik dina lift. Kapasitas ruangan sigana diwatesan. Menu na cukup unik jeung kreatif. Ngan teu cekap keur ngubaran kuciwana di jalan. ","Penasaran dengan ulasan orang, spesial cari waktu ke warung sale. Awalnya semangat. Menembus macet. Demilah. Tapi kecewa dengan jalannya. Selain jauh, kondisi jalan yang buruk membuat semangat mulai luntur. Phisik bangunan unik, ada musik lift. Kapasitas ruangan terbatas kayaknya. Menu cukup unik dan kreatif. Tapi belum cukup berharga mengobati kecewanya perjalanan."
Translate Sundanese to Indonesian: Mingon kamari di kampung abdi sempet aya jaringan 4G,Minggu kemarin di kampung saya sempat ada jaringan 4G
"Translate Sundanese to Indonesian: Mung ka dieu nyiapkeun patuangan kosong nya ku sabab di dieu konsepna tiasa tuang sapuasna. Puas pisan tuang di dieu, cocoh kok ka pangaosna. Abdi resepna nasi goreng, raos pisan.","Kalau ke sini menyiapkan perut kosong ya karena di sini konsepnya bisa makan sepuasnya. Puas banget makan di sini, sesuai kok sama harganya. Aku sukanya nasi goreng, enak banget."
Translate Sundanese to Indonesian: Kanggo naroskeun kredit mandiri finance tiasa di dieu oge.,Untuk menanyakan kredit mandiri finance bisa di sini juga.
"Translate Sundanese to Indonesian: Ayeuna restoranna tingkat 2. Ngan hanjakal sawaktos abdi ka ditu ac na pareum jadi hareudang. Sareng nu ngajieun abdi heran, abdi teu kantos dipasihan struk.","Sekarang restorannya bertingkat 2. Sayangnya ketika saya ke sana acnya mati jadi gerah. Dan yang membuat saya heran, saya tidak pernah dikasih struk."
"Translate Sundanese to Indonesian: Arurang nyumpingan ka restoran ieu di dinten wengi. Wow, tempatna romantis pisan. Lilin, mapay ngadaki, konsep lesehan di tengah sora curug nu cekap caket ngajieun suasana tuang leuwih nikmat.","Kami berkunjung ke restoran ini pada malam hari. Wow, tempatnya sangat romantis. Lilin, jalan mendaki, konsep lesehan di tengah suara air terjun yang cukup dekat membuat suasana makan lebih nikmat."
"Translate Sundanese to Indonesian: Tempat ieu nyayogikeun sababaraha tuangeun, mung nu abdi cobian pasti na batagorna, tempatna oge beresih.","Tempat ini menyediakan beberapa makanan, tapi yang saya coba tentu saja batagornya, tempatnya pun bersih."
Translate Sundanese to Indonesian: Ngeunah. Anu leures sambeul tysonna oke! Dahar nganggo menu naon wae cocog. Siap kaladaan jeung naek timbangan lamun dahar di dieu!,Enak. Yang jelas sambal tysonnya oke! Makan pakai menu apa saja cocok. Siap kepedesan dan timbangan naik kalau makan di sini!
"Translate Sundanese to Indonesian: Mangga anjangan toko urang kanggo nu kamari anu milarian handphone advan, xiaomi redmi 4a sareng nokia 150","Silakan kunjungi toko kita buat yang kemarin cari handphone advan, xiaomi redmi 4a dan nokia 150"
Translate Sundanese to Indonesian: Mahasiswa jaman ayeuna seueur teuing ngeluh mung kirang berkarya,Mahasiswa zaman sekarang terlalu banyak mengeluh tapi kurang berkarya
"Translate Sundanese to Indonesian: Menuna sederhana, pastana seueur pilihan rasa, tempatna nyaman, inumanna oge seueur pilihan, aya kadaharan penutup oge. Tambihan jadwal live musik supados langkung keren.","Menunya simpel, pastanya banyak pilihan rasa, tempatnya nyaman, minuman juga banyak pilihan, ada makanan penutup juga. Tambah jadwal live musik harusnya biar makin kece."
Translate Sundanese to Indonesian: Tagihan internet abdi teu lebet kanu akal 250% leuwih awis kakak! Peryogi penjelasan.,Tagihan internet saya enggak masuk akal 250% lebih mahal kakak! Butuh penjelasan.
Translate Sundanese to Indonesian: Kuciwa pisan. Pesen sareng mayar tiket pesawat dienggalkeun tabuh satengah 1 enjing kanggo penerbangan jam 6 enjing. E - tiket henteu dikirim. Ngadadak dihubungi liwat email upami tiket nu tos dibayar tos seep dina waktos-waktos enjing. Mung tiketna seep naha keneh bisa dibooking.,Kecewa banget. Pesan dan bayar tiket pesawat dilakukan jam setengah 1 dini hari buat penerbangan jam6 pagi. E - tiket tidak dikirim. Tiba-tiba dihubungi via email kalau tiket yang sudah dibayar telah habis jam-jam pagi. Kalau tiketnya habis kenapa masih bisa dibooking.
"Translate Sundanese to Indonesian: Meuni karunya bin ironis, sikep teu mumpuni! Teu pantes jadi wawakil rahayat 270 juta penduduk ti Sabang nepi ka Merauke!","Sangat miris bin ironis, sikap tidak berkualitas! Tidak layak jadi wakil rakyat 270 juta populasi penduduk dari sabang sampai merauke!"
"Translate Sundanese to Indonesian: Keur tuangeunna rupi-rupi ngan minyakna seueur teuing, gurame gorengna teu raos kusabab teu digoreng garing. Jus anu dipasihan ge seueur teuing cai na jeung teu seger. ","Untuk makanan beragam hanya saja minyak terlalu banyak, gurame goreng tidak enak karena tidak digoreng garing. Juice yang ditawarkan terlalu banyak air dan kurang segar"
"Translate Sundanese to Indonesian: Mugia salawasna satia ngiringan urang Indonesia ti Sabang - Merauke, ti kota dugi ka desa terpencil.","Semoga selalu setia menemani rakyat indonesia dari sabang - merauke, dari kota sampai pelosok desa."
Translate Sundanese to Indonesian: Toyota aya dina paringkat kahiji minangka merek mobil anu pangsaena.,Toyota menduduki peringkat pertama sebagai merek mobil yang paling bernilai.
"Translate Sundanese to Indonesian: Maklum sesama maling kudu silih nangtayunan. Anu dipimasalahkeun nyaeta soal prosedur, sanes substansi yen anggota dewan katangkep narima sogokan. ",Maklum sesama maling harus saling melindungi. Jadi yang dimasalahkan adalah soal prosedur dan bukan substansi bahwa anggota dewan tertangkap tangan terima sogokan.
"Translate Sundanese to Indonesian: Rasana lumayan. Sambeulna oge ngeunah. Sumawon disayogikeun 3 jinis model sapertos kitu. Teras aya seueur pilihan naon anu saleresna hoyong tuang naon di dieu. Hoyong gurame, hoyong kakap, bawal, kerang, cumi, hurang. Sagala jinis hal pokonamah. Ngan ulah mesen lauk kembung. Teu aya didieu.","Rasanya lumayan. Sambelnya juga enak. Apalagi disajikan 3 macam model begitu. Terus banyak pilihan sih sebenarnya mau makan apa di sini. Mau gurame, mau kakap, bawal, kerang, cumi, udang. Macem-macem deh. Asal jangan pesan ikan kembung saja. Tidak ada di sini."
Translate Sundanese to Indonesian: Ayeuna abdi tos ceceub teuing online shop padamelan asing eta,Sekarang saya sudah terlalu membenci online shop buatan asing itu
"Translate Sundanese to Indonesian: Ti jaman kuliah nepi ayeuna keneh beuki emam di kuis butcher. Raos, mirah, tempat na oge nyaman.","Dari zaman kuliah sampai sekarang masih doyan saja makan di kuis butcher. Enak, terjangkau, tempatnya juga nyaman."
"Translate Sundanese to Indonesian: Hoream emam oreo, sok ngajieun huntu hideung","Malas makan oreo, suka bikin gigi hitam"
"Translate Sundanese to Indonesian: Menu karesep abdi nyaeta sop daging sareng inumanna es cingcau hideung. Rasana raos, disarankeun pisan.","Menu favorit saya adalah sup daging dan minumannya es cingcau hitam. Rasanya enak, sangat rekomendasi."
Translate Sundanese to Indonesian: Pamandangan surabaya peuting-peuting endah kadaharanna raraos namung pangaosna luarbiasa sareng jarakna henteu tebih teuing tapi pamadanganna luarbiasa sareng suasanana merenah,Pemandangan surabaya malam luarbiasa makanannya enak enak tetapi harganya luarbiasa juga jarak tidak terlalu jauh tapi pemandangannya luarbiasa dan suasananya asyik
"Translate Sundanese to Indonesian: Ngahindar kapadetan, menhub ngahimbau masyarakat teu uih ka jakarta bangbarengan dina 1 januari","Hindari kepadatan, menhub imbau masyarakat tidak kembali ke jakarta bersamaan pada 1 januari"
"Translate Sundanese to Indonesian: Restoran anu resik, sanajan kudu diliwatan ku kondisi nu curam. Namung, kabayar ku tempat nu pikabetahun jeung rasa nu oke. ",Restoran dengan pemandangan yang menawan meskipun harus ditempuh dengan kondisi yang cukup curam. Namun terbayar dengan tempat dan rasa yang oke
Translate Sundanese to Indonesian: Steak nu sabener-benerna steak hususna chiken cordon bluena nu matak nyieun sono ditambih tuang nu disimbutan pamandangan bandung nu top markotop. Pas pisan sumpingna wengi sareng pasangan kumaha oge sareng kulawargi oge teuteup asik. Jalan ka lokasi saleresna berliku kedah usaha jeung kerja keras. ,Steak sebenar-benarnya steak especially chiken cordon bulenya yang bikin kangen plus makan yang diselimuti pemandangan bandung yang top markotop. Pas banget datangnya malam ya dengan pasangan bagaimana pun dengan keluarga juga tetap asyik. Jalan menuju ke lokasi memang berli ku perlu usaha dan kerja keras.
Translate Sundanese to Indonesian: Ieu salah sahiji tempat nu tuangeunna raos sareng pemandanganna sejuk di panon. Kanggo kempel sareng kulawargi atau rerencangan nyaeta tempat nu cocog.,Ini salah satu tempat yang makanannya enak dan pemandangannya sejuk dimata. Buat kumpul dengan keluarga atau teman-teman merupakan tempat yang cocok.
Translate Sundanese to Indonesian: Ngeheulkeun. Senen isuk sareng macet parah jeung banjir,Menyebalkan. Senin pagi beserta macet parah dan banjir
Translate Sundanese to Indonesian: Teu aya nu istimewa teuing tina restoran nu nyayogikeun menu tuangeun khas sunda ieu. Rasa sababaraha tuangeun nu abdi pesen sami wae sareng rasa rumah makan sunda nu sanes. Teu mampu nuwuhkeun rasa nikmat nu kiat sareng ngadamel abdi terkesan nu dalem. Hayam goreng sambel penyetna hungkul pesenen abdi nu rasana saeutik rada nikmat.,Tidak ada yang terlalu istimewa dari restoran yang menyajikan menu makanan khas sunda ini. Rasa beberapa makanan yang saya pesan sama saja dengan rasa rumah makan sunda lainnya. Tidak mampu menumbuhkan rasa nikmat yang kuat dan membuat saya terkesan secara mendalam. Hanya ayam goreng sambel penyet pesanan saya yang rasanya sedikit mendekati nikmat.
"Translate Sundanese to Indonesian: Iklan youtube teh naha teu tiasa diskip sih,  ngaganggu pisan.","Iklan youtube kenapa tidak bisa diskip sih, ganggu banget"
Translate Sundanese to Indonesian: Palayanan pt kami hade pisan,Pelayanan pt kami sangat memuaskan
"Translate Sundanese to Indonesian: Mimiti sumping ka eatalia, abdi sumping sareng rerencangan sareng hiji budak alit. Teu rungsing waktos milih patuangan pikeun barudak kusabab di dieu aya menu keur porsi barudak. Arurang mesen pizza sareng roti hideung. Ngeunaan menu nu ku abdi dipesen teu nguciwakeun.","Pertama kalinya datang ke eatalia, saya datang bersama dengan teman dan 1 orang anak. Tidak memusingkan ketika memlilih makanan untuk anak karena di sini menyediakan menu dengan porsi anak. Kami memesan pizza dengan roti berwarna hitam. Untuk keseluruhan menu yang saya pesan tidak mengecewakan."
Translate Sundanese to Indonesian: Menangkeun hadiah hebat cekap ku ilubiung dina kontes poto anu hade pikeun lalaki di Alfamart.,Menangkan hadiah keren cukup dengan mengikuti foto kontes baik untuk men di alfamart.
Translate Sundanese to Indonesian: Mung ka Bukittingi tong hilap sumping di Pasar Atas. Seueur pilihan tunageun nu raos. Tong hilap nyandak kamera kanggo popotoan,Kalau ke Bukittinggi jangan lupa singgah di Pasar Atas. Banyak pilihan makanan enak. Jangan lupa bawa kamera buat foto foto
"Translate Sundanese to Indonesian: Ieu mitos nu ngajieun tahun anyar jadi seremonial jeung artifisial, teu aya kajeroan makna","Inilah mitos yang membuat tahun baru menjadi seremonial dan artifisial, tanpa kedalaman makna"
Translate Sundanese to Indonesian: India nuju ngadamel superbike listrik nu gancang,India sedang membuat superbike listrik berkecepatan tinggi
Translate Sundanese to Indonesian: Tos lami abdi hoyong jalan-jalan ka luar negeri,Sudah lama saya ingin pergi jalan-jalan ke luar negeri
"Translate Sundanese to Indonesian: Steak tenderloin di suis butcher raos pisan sareng loba kuahna, teras saos kuisna pas dina letah. Sanes ti eta hargina pas di saku. Ku alatan eta, kudu siap ngantri upami anjeun sumping dina akhir minggu sareng pas jam tuang oge.","Tenderloin steak di suis butcher sangat enak - juicy, dan saus kuisnya pas di lidah. Selain itu harganya pun pas di kantong. Oleh karena itu, bersiaplah untuk mengantre apabila anda berkunjung di akhir pekan dan pada saat jam makan pula."
Translate Sundanese to Indonesian: Rerencangan abdi oge seueur nu ngadamel di bukalapak,Temanku juga banyak yang bekerja di bukalapak
"Translate Sundanese to Indonesian: Minimal punten, abdi bade meser tiket arurang senen - yogyakarta nganggo promo nu sasih mei.","Minimal punten, saya mau beli tiket kami senen - yogyakarta pakai promo yang bulan mei."
Translate Sundanese to Indonesian: Disarankeun tong sumping ka ditu sawaktos waktosna tuang kusabab bakal rada hese kanggo milarian tempat diuk. ,Disarankan jangan pergi ke sana ketika jam makan karena akan agak sulit untuk mencari tempat duduk.
Translate Sundanese to Indonesian: Parah pisan kuring mesen di bukalapak nganggo gosend kamari nepi ayeuna teu acan sumping kumaha ieu. Barangna peryogi pisan,Parah pesan bukalapak pakai gosend kemarin sampai sekarang belum sampai bagaimana ini. Barangnya butuh sekali
Translate Sundanese to Indonesian: Kamarna bau rokok. Sepre teu digentos jang tamu anyar jeung keneh aya urut sakar rokokna.,Kamarnya bau rokok. Seprai tidak diganti untuk tamu baru dan msih ada bekas abu rokoknya.
Translate Sundanese to Indonesian: Si A nyarita tong kosong heuras bunyina bicara euwuh bobotna,Si A omongnya tong kosong nyaring bunyinya bicara tidak berbobot
"Translate Sundanese to Indonesian: Sambelna moal aya di tempat nu sanes. Rasa tarasina khas pisan, asin amisna pas. Ruanganna emang kelas warung mung tong reuwas sawaktos mayar pangaosna kelas resto mung saluyu ku kualitas tuangeunna","Sambalnya tidak akan ada di tempat lain. Rasa terasinya sangat khas, asin manisnya pas. Ruangannya memang kelas warung tapi jangan kaget waktu bayar harganya kelas resto tapi sebanding dengan kualitas makanannya"
"Translate Sundanese to Indonesian: Numutkeun abdi steakna cekap raos, mung leuwih sae pesen nu pang ageungna we eta leuwih hipu ti nu sanes. Mung ka dieu, tiasa nyebarkeun foto dina media sosial sareng nampi es krim haratis. Es krimna raos loh; Mung tina tuangeun sae, ti palayanan oge sae.","Menurut saya steaknya cukup enak, hanya lebih baik pesan yang paling gede aja, itu lebih empuk dari yang lain. Kalau ke sini, bisa sebarkan foto di media sosial dan mendapatkan es krim gratis. Es krimnya enak loh: Kalau segi makanan oke, dari pelayanan juga baik."
Translate Sundanese to Indonesian: Dijaganya gus tuangeunna nuju usumna ayeuna mah. Leres bosen ngajantenkeun anjeun gering,Dijaga ya makannya gus emang lagi musimnya sekarang itu. Iyasi jenuh itu malah bikin sakit
"Translate Sundanese to Indonesian: Lami-lami di dieu abdi tiasa hipertensi mayunan pasien bpjs, maos henteu sabaraha mung hoyong pelayanan eksekutif sareung nguntruk-nguntruk, numpang kareta weh upami hoyong nu eksekutif.","Lama-lama di sini gua bisa hipertensi ngadepin pasien bpjs, bayar tidak seberapa tapi mau pelayanan eksekutif dan ngomel-ngomel, naik kereta saja kalau mau yang eksekutif"
